code,company_name,analysis_as_of_jst,disclosed_date_rule,fiscal_year_end,quarter,source_quarter,selection_status,cumulative_sales_million_yen,cumulative_operating_profit_million_yen,cumulative_ordinary_profit_million_yen,cumulative_net_income_million_yen,cumulative_eps,standalone_sales_million_yen,standalone_operating_profit_million_yen,standalone_ordinary_profit_million_yen,standalone_net_income_million_yen,standalone_eps,standalone_operating_margin,q_sales_to_fy_sales,q_operating_profit_to_fy_operating_profit,source_observation_id,source_local_code,source_disclosed_date,source_fetched_at,source_type_of_document,source_raw_json_sha256,source_raw_json_identifiers,filing_id,source_doc_id,canonical_id,lineage_id,correction_flag,quality_reason
1418,インターライフ,2026-07-15T15:20:00+09:00,< 2026-07-15,2021-02-28,1Q,1Q,incomplete_year,,,,,,,,,,,,,,,,,,,,,,,,,,missing_sales_or_operating_profit_for_required_cumulative_quarter
1418,インターライフ,2026-07-15T15:20:00+09:00,< 2026-07-15,2021-02-28,2Q,2Q,incomplete_year,,,,,,,,,,,,,,,,,,,,,,,,,,missing_sales_or_operating_profit_for_required_cumulative_quarter
1418,インターライフ,2026-07-15T15:20:00+09:00,< 2026-07-15,2021-02-28,3Q,3Q,incomplete_year,,,,,,,,,,,,,,,,,,,,,,,,,,missing_sales_or_operating_profit_for_required_cumulative_quarter
1418,インターライフ,2026-07-15T15:20:00+09:00,< 2026-07-15,2021-02-28,4Q,FY,incomplete_year,14823.0,183.0,,,,,,,,,,,,467,14180,2021-04-13,2026-03-02 12:46:55,FYFinancialStatements_Consolidated_JP,388c886097997dbf61d4e1135178129ad8dc88bc3defdcc705fd0dac5ad1cba0,"{""local_code"":""14180"",""type_of_document"":""FYFinancialStatements_Consolidated_JP""}",,,,,,missing_sales_or_operating_profit_for_required_cumulative_quarter
1418,インターライフ,2026-07-15T15:20:00+09:00,< 2026-07-15,2022-02-28,1Q,1Q,complete_not_latest_three,2719.0,-69.0,,,,2719.0,-69.0,,,,-0.025377,0.230541,-1.533333,468,14180,2021-07-13,2026-03-02 12:46:55,1QFinancialStatements_Consolidated_JP,615f4d92faea1202f632f942b1e01a09773c978195095893eb1cd64f8b09e0d4,"{""local_code"":""14180"",""type_of_document"":""1QFinancialStatements_Consolidated_JP""}",,,,,,complete_cumulative_pl
1418,インターライフ,2026-07-15T15:20:00+09:00,< 2026-07-15,2022-02-28,2Q,2Q,complete_not_latest_three,5620.0,-50.0,,,,2901.0,19.0,,,,0.006549,0.245973,0.422222,469,14180,2021-10-13,2026-03-02 12:46:55,2QFinancialStatements_Consolidated_JP,202cf3529158e38d9e0867de478468a61a9a344cd9a965dc07ac7e74c170c023,"{""local_code"":""14180"",""type_of_document"":""2QFinancialStatements_Consolidated_JP""}",,,,,,complete_cumulative_pl
1418,インターライフ,2026-07-15T15:20:00+09:00,< 2026-07-15,2022-02-28,3Q,3Q,complete_not_latest_three,8072.0,-210.0,,,,2452.0,-160.0,,,,-0.065253,0.207902,-3.555556,471,14180,2022-01-13,2026-03-02 12:46:55,3QFinancialStatements_Consolidated_JP,0967c7f9c4161b341cce8ec81110ddca887ec1b386081ce90ea6c9b93fef8e4b,"{""local_code"":""14180"",""type_of_document"":""3QFinancialStatements_Consolidated_JP""}",,,,,,complete_cumulative_pl
1418,インターライフ,2026-07-15T15:20:00+09:00,< 2026-07-15,2022-02-28,4Q,FY,complete_not_latest_three,11794.0,45.0,,,,3722.0,255.0,,,,0.068512,0.315584,5.666667,473,14180,2022-04-13,2026-03-02 12:46:55,FYFinancialStatements_Consolidated_JP,b3f6038c87372c7394f8bf5e1450edaf8a8f03f5f6fde6515ea4094884870be1,"{""local_code"":""14180"",""type_of_document"":""FYFinancialStatements_Consolidated_JP""}",,,,,,complete_cumulative_pl
1418,インターライフ,2026-07-15T15:20:00+09:00,< 2026-07-15,2023-02-28,1Q,1Q,complete_not_latest_three,3229.0,135.0,,,,3229.0,135.0,,,,0.041809,0.281763,0.803571,474,14180,2022-07-13,2026-03-02 12:46:55,1QFinancialStatements_Consolidated_JP,53d6ae55f688df2fe912d1b66743f9950e1be46d1eab75aec7cd93eef6bf3221,"{""local_code"":""14180"",""type_of_document"":""1QFinancialStatements_Consolidated_JP""}",,,,,,complete_cumulative_pl
1418,インターライフ,2026-07-15T15:20:00+09:00,< 2026-07-15,2023-02-28,2Q,2Q,complete_not_latest_three,5635.0,62.0,,,,2406.0,-73.0,,,,-0.030341,0.209948,-0.434524,475,14180,2022-10-13,2026-03-02 12:46:55,2QFinancialStatements_Consolidated_JP,75f1a15b91b947b84235d7221205eb115878c6c284948d526308532623a05369,"{""local_code"":""14180"",""type_of_document"":""2QFinancialStatements_Consolidated_JP""}",,,,,,complete_cumulative_pl
1418,インターライフ,2026-07-15T15:20:00+09:00,< 2026-07-15,2023-02-28,3Q,3Q,complete_not_latest_three,7958.0,-35.0,,,,2323.0,-97.0,,,,-0.041756,0.202705,-0.577381,476,14180,2023-01-13,2026-03-02 12:46:55,3QFinancialStatements_Consolidated_JP,63c65d28c382c1ea7a4ba6d0e42837e29427310838d42fc409f96961b2221142,"{""local_code"":""14180"",""type_of_document"":""3QFinancialStatements_Consolidated_JP""}",,,,,,complete_cumulative_pl
1418,インターライフ,2026-07-15T15:20:00+09:00,< 2026-07-15,2023-02-28,4Q,FY,complete_not_latest_three,11460.0,168.0,,,,3502.0,203.0,,,,0.057967,0.305585,1.208333,479,14180,2023-04-13,2026-03-02 12:46:55,FYFinancialStatements_Consolidated_JP,10b25b95ace54b72026214c317368e4c2715fc84ac0d7ce9d8c8001e048090d7,"{""local_code"":""14180"",""type_of_document"":""FYFinancialStatements_Consolidated_JP""}",,,,,,complete_cumulative_pl
1418,インターライフ,2026-07-15T15:20:00+09:00,< 2026-07-15,2024-02-29,1Q,1Q,selected_for_statistics,2993.0,69.0,,,,2993.0,69.0,,,,0.023054,0.237051,0.255556,480,14180,2023-07-13,2026-03-02 12:46:55,1QFinancialStatements_Consolidated_JP,66f1aff9da357f73d19c8fe7300b5355ee71a96c9028603a7177b8d0ed9dfd0d,"{""local_code"":""14180"",""type_of_document"":""1QFinancialStatements_Consolidated_JP""}",,,,,,complete_cumulative_pl
1418,インターライフ,2026-07-15T15:20:00+09:00,< 2026-07-15,2024-02-29,2Q,2Q,selected_for_statistics,5916.0,138.0,,,,2923.0,69.0,,,,0.023606,0.231506,0.255556,481,14180,2023-10-12,2026-03-02 12:46:55,2QFinancialStatements_Consolidated_JP,131f3d09e79d9cb98e47f9090d47a77d72017b5f93c968134eaf9c4992eae06a,"{""local_code"":""14180"",""type_of_document"":""2QFinancialStatements_Consolidated_JP""}",,,,,,complete_cumulative_pl
1418,インターライフ,2026-07-15T15:20:00+09:00,< 2026-07-15,2024-02-29,3Q,3Q,selected_for_statistics,8902.0,75.0,,,,2986.0,-63.0,,,,-0.021098,0.236496,-0.233333,483,14180,2024-01-12,2026-03-02 12:46:55,3QFinancialStatements_Consolidated_JP,01d97b79d30ba01047083d9bc300b5b84eb1eef05be85a764a53c835a4d4c8f5,"{""local_code"":""14180"",""type_of_document"":""3QFinancialStatements_Consolidated_JP""}",,,,,,complete_cumulative_pl
1418,インターライフ,2026-07-15T15:20:00+09:00,< 2026-07-15,2024-02-29,4Q,FY,selected_for_statistics,12626.0,270.0,,,,3724.0,195.0,,,,0.052363,0.294947,0.722222,484,14180,2024-04-12,2026-03-02 12:46:55,FYFinancialStatements_Consolidated_JP,540de24bbfd0ef21dbe6a560e99b02026251a457aba902799c2f2975d4003e13,"{""local_code"":""14180"",""type_of_document"":""FYFinancialStatements_Consolidated_JP""}",,,,,,complete_cumulative_pl
1418,インターライフ,2026-07-15T15:20:00+09:00,< 2026-07-15,2025-02-28,1Q,1Q,selected_for_statistics,4257.0,385.0,,,,4257.0,385.0,,,,0.090439,0.251299,0.44,485,14180,2024-07-12,2026-03-02 12:46:55,1QFinancialStatements_Consolidated_JP,6db23757b16cfb8ec1d76b947bdbed56edddf5d829b38d8f2b8ea3142d4b0c5b,"{""local_code"":""14180"",""type_of_document"":""1QFinancialStatements_Consolidated_JP""}",,,,,,complete_cumulative_pl
1418,インターライフ,2026-07-15T15:20:00+09:00,< 2026-07-15,2025-02-28,2Q,2Q,selected_for_statistics,8160.0,448.0,,,,3903.0,63.0,,,,0.016141,0.230401,0.072,487,14180,2024-10-15,2026-03-02 12:46:55,2QFinancialStatements_Consolidated_JP,d7facfb5b462a536bcd72c6343419bf0e9f05d6a7e08ec86216526a7ab137b8c,"{""local_code"":""14180"",""type_of_document"":""2QFinancialStatements_Consolidated_JP""}",,,,,,complete_cumulative_pl
1418,インターライフ,2026-07-15T15:20:00+09:00,< 2026-07-15,2025-02-28,3Q,3Q,selected_for_statistics,13083.0,757.0,,,,4923.0,309.0,,,,0.062767,0.290614,0.353143,488,14180,2025-01-14,2026-03-02 12:46:55,3QFinancialStatements_Consolidated_JP,0b29ca6f1480758e150fb8969b7caafc6d097e62af1980886150cf44625be03a,"{""local_code"":""14180"",""type_of_document"":""3QFinancialStatements_Consolidated_JP""}",,,,,,complete_cumulative_pl
1418,インターライフ,2026-07-15T15:20:00+09:00,< 2026-07-15,2025-02-28,4Q,FY,selected_for_statistics,16940.0,875.0,,,,3857.0,118.0,,,,0.030594,0.227686,0.134857,490,14180,2025-04-14,2026-03-02 12:46:55,FYFinancialStatements_Consolidated_JP,10de4f7b51e760e604cb031b44c54d31e69c0a426ebb1a188ff4acec093fe033,"{""local_code"":""14180"",""type_of_document"":""FYFinancialStatements_Consolidated_JP""}",,,,,,complete_cumulative_pl
1418,インターライフ,2026-07-15T15:20:00+09:00,< 2026-07-15,2026-02-28,1Q,1Q,selected_for_statistics,4976.0,532.0,,,,4976.0,532.0,,,,0.106913,0.304603,0.456261,491,14180,2025-07-15,2026-06-14T18:00:31.483305+09:00,1QFinancialStatements_Consolidated_JP,da899f40a1c146dae7504aad6e7f4d50ae908981573684a46044f53864451fbf,"{""local_code"":""14180"",""type_of_document"":""1QFinancialStatements_Consolidated_JP""}",,,,,,complete_cumulative_pl
1418,インターライフ,2026-07-15T15:20:00+09:00,< 2026-07-15,2026-02-28,2Q,2Q,selected_for_statistics,8917.0,914.0,,,,3941.0,382.0,,,,0.09693,0.241246,0.327616,492,14180,2025-10-15,2026-06-14T18:02:13.776900+09:00,2QFinancialStatements_Consolidated_JP,ceaf5391ef272b77f205cbbd8f3230e54849e690b65789b341ac50a0ad512084,"{""local_code"":""14180"",""type_of_document"":""2QFinancialStatements_Consolidated_JP""}",,,,,,complete_cumulative_pl
1418,インターライフ,2026-07-15T15:20:00+09:00,< 2026-07-15,2026-02-28,3Q,3Q,selected_for_statistics,12397.0,1062.0,,,,3480.0,148.0,,,,0.042529,0.213026,0.12693,494,14180,2026-01-27,2026-06-14T18:05:00.744954+09:00,3QFinancialStatements_Consolidated_JP,e86d0dd814e1f4c5c3c82e5e3870aec578a120e2d258c4509ed7e9371eed8da9,"{""local_code"":""14180"",""type_of_document"":""3QFinancialStatements_Consolidated_JP""}",,,,,,complete_cumulative_pl
1418,インターライフ,2026-07-15T15:20:00+09:00,< 2026-07-15,2026-02-28,4Q,FY,selected_for_statistics,16336.0,1166.0,,,,3939.0,104.0,,,,0.026403,0.241124,0.089194,87554,14180,2026-04-14,2026-06-14T18:07:38.334262+09:00,FYFinancialStatements_Consolidated_JP,4ce39703f6f188e38d5eb287e0c313ebd7f4176f2acb5261a890959bd4ed1c80,"{""local_code"":""14180"",""type_of_document"":""FYFinancialStatements_Consolidated_JP""}",,,,,,complete_cumulative_pl
205A,ロゴスHD,2026-07-15T15:20:00+09:00,< 2026-07-15,2024-05-31,1Q,1Q,incomplete_year,,,,,,,,,,,,,,,,,,,,,,,,,,missing_sales_or_operating_profit_for_required_cumulative_quarter
205A,ロゴスHD,2026-07-15T15:20:00+09:00,< 2026-07-15,2024-05-31,2Q,2Q,incomplete_year,,,,,,,,,,,,,,,,,,,,,,,,,,missing_sales_or_operating_profit_for_required_cumulative_quarter
205A,ロゴスHD,2026-07-15T15:20:00+09:00,< 2026-07-15,2024-05-31,3Q,3Q,incomplete_year,,,,,,,,,,,,,,,,,,,,,,,,,,missing_sales_or_operating_profit_for_required_cumulative_quarter
205A,ロゴスHD,2026-07-15T15:20:00+09:00,< 2026-07-15,2024-05-31,4Q,FY,incomplete_year,31714.0,1391.0,,,,,,,,,,,,4447,205A0,2024-07-12,2026-03-02 12:04:13,FYFinancialStatements_Consolidated_JP,fe3e392f9130d7f3fc98ec1f8d2392351ebe4dc2efca1043c65bc1b89b926610,"{""local_code"":""205A0"",""type_of_document"":""FYFinancialStatements_Consolidated_JP""}",,,,,,missing_sales_or_operating_profit_for_required_cumulative_quarter
205A,ロゴスHD,2026-07-15T15:20:00+09:00,< 2026-07-15,2025-05-31,1Q,1Q,selected_for_statistics,2890.0,-776.0,,,,2890.0,-776.0,,,,-0.268512,0.079682,-1.593429,4448,205A0,2024-10-15,2026-03-02 12:04:13,1QFinancialStatements_Consolidated_JP,e8df567ec32be71450774c10b8df947c34a52f91e20c1ffb664d619a2bbbac8a,"{""local_code"":""205A0"",""type_of_document"":""1QFinancialStatements_Consolidated_JP""}",,,,,,complete_cumulative_pl
205A,ロゴスHD,2026-07-15T15:20:00+09:00,< 2026-07-15,2025-05-31,2Q,2Q,selected_for_statistics,12854.0,-583.0,,,,9964.0,193.0,,,,0.01937,0.274725,0.396304,4449,205A0,2025-01-14,2026-03-02 12:04:13,2QFinancialStatements_Consolidated_JP,57266edcbf9b53b6016f9e909e0a201e2a24d22585504a81498d77410d6c98ec,"{""local_code"":""205A0"",""type_of_document"":""2QFinancialStatements_Consolidated_JP""}",,,,,,complete_cumulative_pl
205A,ロゴスHD,2026-07-15T15:20:00+09:00,< 2026-07-15,2025-05-31,3Q,3Q,selected_for_statistics,20517.0,-511.0,,,,7663.0,72.0,,,,0.009396,0.211282,0.147844,4450,205A0,2025-04-14,2026-03-02 12:04:13,3QFinancialStatements_Consolidated_JP,691b7d390b92d5282774fff06faf1820c7bab3c3a19c10d5b78544b5b37f5c93,"{""local_code"":""205A0"",""type_of_document"":""3QFinancialStatements_Consolidated_JP""}",,,,,,complete_cumulative_pl
205A,ロゴスHD,2026-07-15T15:20:00+09:00,< 2026-07-15,2025-05-31,4Q,FY,selected_for_statistics,36269.0,487.0,,,,15752.0,998.0,,,,0.063357,0.43431,2.049281,4452,205A0,2025-07-15,2026-06-14T18:00:31.483832+09:00,FYFinancialStatements_Consolidated_JP,ce70cc50085dea5f673abbd3b81ad2dd9474073ce5d67d8873be36924a101336,"{""local_code"":""205A0"",""type_of_document"":""FYFinancialStatements_Consolidated_JP""}",,,,,,complete_cumulative_pl
205A,ロゴスHD,2026-07-15T15:20:00+09:00,< 2026-07-15,2026-05-31,1Q,1Q,incomplete_year,7224.0,-711.0,,,,,,,,,,,,4453,205A0,2025-10-15,2026-06-14T18:02:13.776900+09:00,1QFinancialStatements_Consolidated_JP,82ebe2ea1cd72f228bab3c18ffb72546294542b973eb7fbfadecb54a941ca7a5,"{""local_code"":""205A0"",""type_of_document"":""1QFinancialStatements_Consolidated_JP""}",,,,,,missing_sales_or_operating_profit_for_required_cumulative_quarter
205A,ロゴスHD,2026-07-15T15:20:00+09:00,< 2026-07-15,2026-05-31,2Q,2Q,incomplete_year,20292.0,-122.0,,,,,,,,,,,,4454,205A0,2026-01-14,2026-06-14T18:04:55.594603+09:00,2QFinancialStatements_Consolidated_JP,bc89562e2821b14e1838ec2796c03d9bb8519ca9a9abb6096be1d51a7fa922fa,"{""local_code"":""205A0"",""type_of_document"":""2QFinancialStatements_Consolidated_JP""}",,,,,,missing_sales_or_operating_profit_for_required_cumulative_quarter
205A,ロゴスHD,2026-07-15T15:20:00+09:00,< 2026-07-15,2026-05-31,3Q,3Q,incomplete_year,31497.0,181.0,,,,,,,,,,,,87500,205A0,2026-04-14,2026-06-14T18:07:38.333759+09:00,3QFinancialStatements_Consolidated_JP,5275fc03927f4710a8433197c5cd2eb2ace7f28a45ed75258798284b9666e81d,"{""local_code"":""205A0"",""type_of_document"":""3QFinancialStatements_Consolidated_JP""}",,,,,,missing_sales_or_operating_profit_for_required_cumulative_quarter
205A,ロゴスHD,2026-07-15T15:20:00+09:00,< 2026-07-15,2026-05-31,4Q,FY,incomplete_year,,,,,,,,,,,,,,,,,,,,,,,,,,missing_sales_or_operating_profit_for_required_cumulative_quarter
3547,ユニシアHD,2026-07-15T15:20:00+09:00,< 2026-07-15,2021-11-30,1Q,1Q,complete_not_latest_three,1108.0,-594.0,,,,1108.0,-594.0,,,,-0.536101,0.222356,0.230054,19086,35470,2021-04-14,2026-03-02 12:14:44,1QFinancialStatements_Consolidated_JP,b7ee0f637d15149e485bec4a36220ca16cc228a969dfafbeb078a691ef0d0687,"{""local_code"":""35470"",""type_of_document"":""1QFinancialStatements_Consolidated_JP""}",,,,,,complete_cumulative_pl
3547,ユニシアHD,2026-07-15T15:20:00+09:00,< 2026-07-15,2021-11-30,2Q,2Q,complete_not_latest_three,2328.0,-1233.0,,,,1220.0,-639.0,,,,-0.52377,0.244832,0.247483,19089,35470,2021-08-02,2026-05-03T19:02:43.706320+09:00,2QFinancialStatements_Consolidated_JP,7b90b453804180ba0bca691321a0bda92c81695b45943a7016a75d59bdd9c03a,"{""local_code"":""35470"",""type_of_document"":""2QFinancialStatements_Consolidated_JP""}",,,,,,complete_cumulative_pl
3547,ユニシアHD,2026-07-15T15:20:00+09:00,< 2026-07-15,2021-11-30,3Q,3Q,complete_not_latest_three,3176.0,-2021.0,,,,848.0,-788.0,,,,-0.929245,0.170179,0.30519,19090,35470,2021-10-15,2026-03-02 12:14:44,3QFinancialStatements_Consolidated_JP,5faf6e4801b4a37c871c88964ea4d28ec4b755c724718a24d3c684ade5c4bc27,"{""local_code"":""35470"",""type_of_document"":""3QFinancialStatements_Consolidated_JP""}",,,,,,complete_cumulative_pl
3547,ユニシアHD,2026-07-15T15:20:00+09:00,< 2026-07-15,2021-11-30,4Q,FY,complete_not_latest_three,4983.0,-2582.0,,,,1807.0,-561.0,,,,-0.310459,0.362633,0.217273,19092,35470,2022-01-14,2026-03-02 12:14:44,FYFinancialStatements_Consolidated_JP,fc671af92b1bd218f36bcbf11264ebaa0dbe9636b13d9c77a9899c498f7900a7,"{""local_code"":""35470"",""type_of_document"":""FYFinancialStatements_Consolidated_JP""}",,,,,,complete_cumulative_pl
3547,ユニシアHD,2026-07-15T15:20:00+09:00,< 2026-07-15,2022-11-30,1Q,1Q,complete_not_latest_three,2238.0,-248.0,,,,2238.0,-248.0,,,,-0.110813,0.204964,1.467456,19093,35470,2022-04-14,2026-03-02 12:14:44,1QFinancialStatements_Consolidated_JP,32bcf86c4f061191873b3bc473f46787457f654d14c6bf0283fda789c00dfebf,"{""local_code"":""35470"",""type_of_document"":""1QFinancialStatements_Consolidated_JP""}",,,,,,complete_cumulative_pl
3547,ユニシアHD,2026-07-15T15:20:00+09:00,< 2026-07-15,2022-11-30,2Q,2Q,complete_not_latest_three,4879.0,-276.0,,,,2641.0,-28.0,,,,-0.010602,0.241872,0.16568,19094,35470,2022-07-15,2026-03-02 12:14:44,2QFinancialStatements_Consolidated_JP,7e1ad1c76b2394a6703f9db2a114898a4833b99ff00cfda665b828dcae9bc752,"{""local_code"":""35470"",""type_of_document"":""2QFinancialStatements_Consolidated_JP""}",,,,,,complete_cumulative_pl
3547,ユニシアHD,2026-07-15T15:20:00+09:00,< 2026-07-15,2022-11-30,3Q,3Q,complete_not_latest_three,7879.0,-181.0,,,,3000.0,95.0,,,,0.031667,0.27475,-0.56213,19096,35470,2022-10-14,2026-03-02 12:14:44,3QFinancialStatements_Consolidated_JP,dc3bf4f9b0e7361097b177d23b7c67ce05e3846c1ec0e08b2ecc737a419b58e8,"{""local_code"":""35470"",""type_of_document"":""3QFinancialStatements_Consolidated_JP""}",,,,,,complete_cumulative_pl
3547,ユニシアHD,2026-07-15T15:20:00+09:00,< 2026-07-15,2022-11-30,4Q,FY,complete_not_latest_three,10919.0,-169.0,,,,3040.0,12.0,,,,0.003947,0.278414,-0.071006,19099,35470,2023-02-10,2026-03-02 12:14:44,FYFinancialStatements_Consolidated_JP,0cbd0aab000f759b0993106f59e156ed2aae8029c24e893e3c2fa306e75e6988,"{""local_code"":""35470"",""type_of_document"":""FYFinancialStatements_Consolidated_JP""}",,,,,,complete_cumulative_pl
3547,ユニシアHD,2026-07-15T15:20:00+09:00,< 2026-07-15,2023-11-30,1Q,1Q,selected_for_statistics,3332.0,191.0,,,,3332.0,191.0,,,,0.057323,0.236782,0.250328,19100,35470,2023-04-14,2026-03-02 12:14:44,1QFinancialStatements_Consolidated_JP,acebd4b86fd1d370b026d9cb1c499433c66a8ae3552a5b1c07021ec05293ed72,"{""local_code"":""35470"",""type_of_document"":""1QFinancialStatements_Consolidated_JP""}",,,,,,complete_cumulative_pl
3547,ユニシアHD,2026-07-15T15:20:00+09:00,< 2026-07-15,2023-11-30,2Q,2Q,selected_for_statistics,6700.0,328.0,,,,3368.0,137.0,,,,0.040677,0.239341,0.179554,19101,35470,2023-07-14,2026-03-02 12:14:44,2QFinancialStatements_Consolidated_JP,621035e1a8b6b4b4cf8602b3d9bf85aa35c84d2a8f2220777279c4f2c9d490ce,"{""local_code"":""35470"",""type_of_document"":""2QFinancialStatements_Consolidated_JP""}",,,,,,complete_cumulative_pl
3547,ユニシアHD,2026-07-15T15:20:00+09:00,< 2026-07-15,2023-11-30,3Q,3Q,selected_for_statistics,10337.0,561.0,,,,3637.0,233.0,,,,0.064064,0.258457,0.305374,19102,35470,2023-10-13,2026-03-02 12:14:44,3QFinancialStatements_Consolidated_JP,3473f083bae430d7770f50dac40ae6690109745109a850236eddbc61698168a8,"{""local_code"":""35470"",""type_of_document"":""3QFinancialStatements_Consolidated_JP""}",,,,,,complete_cumulative_pl
3547,ユニシアHD,2026-07-15T15:20:00+09:00,< 2026-07-15,2023-11-30,4Q,FY,selected_for_statistics,14072.0,763.0,,,,3735.0,202.0,,,,0.054083,0.265421,0.264744,19105,35470,2024-01-26,2026-03-02 12:14:44,FYFinancialStatements_Consolidated_JP,e3a8cfa4d1fd2fce28ceecb17e9a8cbb3c945dbde449f739648031e700be9801,"{""local_code"":""35470"",""type_of_document"":""FYFinancialStatements_Consolidated_JP""}",,,,,,complete_cumulative_pl
3547,ユニシアHD,2026-07-15T15:20:00+09:00,< 2026-07-15,2024-11-30,1Q,1Q,selected_for_statistics,3821.0,239.0,,,,3821.0,239.0,,,,0.062549,0.226577,0.282172,19106,35470,2024-04-15,2026-03-02 12:14:44,1QFinancialStatements_Consolidated_JP,1e08a83bc9da900f8a5b5ec0f5efe429adff96779988b5ec9d4100fcde6bc1be,"{""local_code"":""35470"",""type_of_document"":""1QFinancialStatements_Consolidated_JP""}",,,,,,complete_cumulative_pl
3547,ユニシアHD,2026-07-15T15:20:00+09:00,< 2026-07-15,2024-11-30,2Q,2Q,selected_for_statistics,8043.0,451.0,,,,4222.0,212.0,,,,0.050213,0.250356,0.250295,19107,35470,2024-07-12,2026-03-02 12:14:44,2QFinancialStatements_Consolidated_JP,6b5700a87173ab9952bf52e17d6aa20f8e56a3710076889222e7f51471cb52f8,"{""local_code"":""35470"",""type_of_document"":""2QFinancialStatements_Consolidated_JP""}",,,,,,complete_cumulative_pl
3547,ユニシアHD,2026-07-15T15:20:00+09:00,< 2026-07-15,2024-11-30,3Q,3Q,selected_for_statistics,12339.0,694.0,,,,4296.0,243.0,,,,0.056564,0.254744,0.286895,19108,35470,2024-10-15,2026-03-02 12:14:44,3QFinancialStatements_Consolidated_JP,9515783bebd71eb995ca29c92742f8a716396deef63c107b4627ce99203d2b0e,"{""local_code"":""35470"",""type_of_document"":""3QFinancialStatements_Consolidated_JP""}",,,,,,complete_cumulative_pl
3547,ユニシアHD,2026-07-15T15:20:00+09:00,< 2026-07-15,2024-11-30,4Q,FY,selected_for_statistics,16864.0,847.0,,,,4525.0,153.0,,,,0.033812,0.268323,0.180638,19110,35470,2025-01-14,2026-03-02 12:14:44,FYFinancialStatements_Consolidated_JP,2e99efe8bcc4996a9b6a021407b31c9a7cd83c22b8287e5b05bed3895e4ed088,"{""local_code"":""35470"",""type_of_document"":""FYFinancialStatements_Consolidated_JP""}",,,,,,complete_cumulative_pl
3547,ユニシアHD,2026-07-15T15:20:00+09:00,< 2026-07-15,2025-11-30,1Q,1Q,selected_for_statistics,4578.0,248.0,,,,4578.0,248.0,,,,0.054172,0.217059,0.209283,19111,35470,2025-04-14,2026-03-02 12:14:44,1QFinancialStatements_Consolidated_JP,11f5f4e16b110c12ec781da7b98e814a401740f0f62d78428e9a8aeea1b7a343,"{""local_code"":""35470"",""type_of_document"":""1QFinancialStatements_Consolidated_JP""}",,,,,,complete_cumulative_pl
3547,ユニシアHD,2026-07-15T15:20:00+09:00,< 2026-07-15,2025-11-30,2Q,2Q,selected_for_statistics,10299.0,676.0,,,,5721.0,428.0,,,,0.074812,0.271253,0.361181,19112,35470,2025-07-15,2026-06-14T18:00:31.484444+09:00,2QFinancialStatements_Consolidated_JP,ad2405ccecc3f5a4f5d7ca9b6ae144c0a7f905dcb1abdc9f72293b3f5b25c10c,"{""local_code"":""35470"",""type_of_document"":""2QFinancialStatements_Consolidated_JP""}",,,,,,complete_cumulative_pl
3547,ユニシアHD,2026-07-15T15:20:00+09:00,< 2026-07-15,2025-11-30,3Q,3Q,selected_for_statistics,15635.0,1032.0,,,,5336.0,356.0,,,,0.066717,0.252999,0.300422,19113,35470,2025-10-15,2026-06-14T18:02:13.778456+09:00,3QFinancialStatements_Consolidated_JP,27140e3c806a635e42d1394c49277994fce37abaaa9a343094573d84385bb862,"{""local_code"":""35470"",""type_of_document"":""3QFinancialStatements_Consolidated_JP""}",,,,,,complete_cumulative_pl
3547,ユニシアHD,2026-07-15T15:20:00+09:00,< 2026-07-15,2025-11-30,4Q,FY,selected_for_statistics,21091.0,1185.0,,,,5456.0,153.0,,,,0.028043,0.258689,0.129114,19115,35470,2026-01-14,2026-06-14T18:04:55.597279+09:00,FYFinancialStatements_Consolidated_JP,84e11efca9a6d836f27413195d25f7a055aaa63cc1395bd0180212daa3388cf7,"{""local_code"":""35470"",""type_of_document"":""FYFinancialStatements_Consolidated_JP""}",,,,,,complete_cumulative_pl
3547,ユニシアHD,2026-07-15T15:20:00+09:00,< 2026-07-15,2026-11-30,1Q,1Q,incomplete_year,8597.0,235.0,,,,,,,,,,,,87663,35470,2026-04-14,2026-06-14T18:07:38.336353+09:00,1QFinancialStatements_Consolidated_JP,c01e676665b57ef68c488ab7898d2dbce63167accc36570ab5680c5eafdff42d,"{""local_code"":""35470"",""type_of_document"":""1QFinancialStatements_Consolidated_JP""}",,,,,,missing_sales_or_operating_profit_for_required_cumulative_quarter
3547,ユニシアHD,2026-07-15T15:20:00+09:00,< 2026-07-15,2026-11-30,2Q,2Q,incomplete_year,,,,,,,,,,,,,,,,,,,,,,,,,,missing_sales_or_operating_profit_for_required_cumulative_quarter
3547,ユニシアHD,2026-07-15T15:20:00+09:00,< 2026-07-15,2026-11-30,3Q,3Q,incomplete_year,,,,,,,,,,,,,,,,,,,,,,,,,,missing_sales_or_operating_profit_for_required_cumulative_quarter
3547,ユニシアHD,2026-07-15T15:20:00+09:00,< 2026-07-15,2026-11-30,4Q,FY,incomplete_year,,,,,,,,,,,,,,,,,,,,,,,,,,missing_sales_or_operating_profit_for_required_cumulative_quarter
3558,ジェイドグループ,2026-07-15T15:20:00+09:00,< 2026-07-15,2021-02-28,1Q,1Q,incomplete_year,,,,,,,,,,,,,,,,,,,,,,,,,,missing_sales_or_operating_profit_for_required_cumulative_quarter
3558,ジェイドグループ,2026-07-15T15:20:00+09:00,< 2026-07-15,2021-02-28,2Q,2Q,incomplete_year,,,,,,,,,,,,,,,,,,,,,,,,,,missing_sales_or_operating_profit_for_required_cumulative_quarter
3558,ジェイドグループ,2026-07-15T15:20:00+09:00,< 2026-07-15,2021-02-28,3Q,3Q,incomplete_year,,,,,,,,,,,,,,,,,,,,,,,,,,missing_sales_or_operating_profit_for_required_cumulative_quarter
3558,ジェイドグループ,2026-07-15T15:20:00+09:00,< 2026-07-15,2021-02-28,4Q,FY,incomplete_year,10275.0,1438.0,,,,,,,,,,,,19280,35580,2021-04-14,2026-03-02 12:14:51,FYFinancialStatements_Consolidated_JP,29755182d38b1b0b4c1c20eb5d80914e520b7ae847b388a4ca5c5a1b7d5a32dc,"{""local_code"":""35580"",""type_of_document"":""FYFinancialStatements_Consolidated_JP""}",,,,,,missing_sales_or_operating_profit_for_required_cumulative_quarter
3558,ジェイドグループ,2026-07-15T15:20:00+09:00,< 2026-07-15,2022-02-28,1Q,1Q,complete_not_latest_three,2310.0,319.0,,,,2310.0,319.0,,,,0.138095,0.108875,0.361268,19281,35580,2021-07-14,2026-03-02 12:14:51,1QFinancialStatements_NonConsolidated_JP,80cb97f8fb9d476c7b719a839624e67ceef70b6578dfd2513ef99de4b2b43f69,"{""local_code"":""35580"",""type_of_document"":""1QFinancialStatements_NonConsolidated_JP""}",,,,,,complete_cumulative_pl
3558,ジェイドグループ,2026-07-15T15:20:00+09:00,< 2026-07-15,2022-02-28,2Q,2Q,complete_not_latest_three,4687.0,406.0,,,,2377.0,87.0,,,,0.036601,0.112033,0.098528,19282,35580,2021-10-14,2026-03-02 12:14:51,2QFinancialStatements_NonConsolidated_JP,368a647ce08f3527dba10fc2ad41922561db869fc2a42abe72566547f532924e,"{""local_code"":""35580"",""type_of_document"":""2QFinancialStatements_NonConsolidated_JP""}",,,,,,complete_cumulative_pl
3558,ジェイドグループ,2026-07-15T15:20:00+09:00,< 2026-07-15,2022-02-28,3Q,3Q,complete_not_latest_three,7277.0,710.0,,,,2590.0,304.0,,,,0.117375,0.122072,0.344281,19283,35580,2022-01-14,2026-03-02 12:14:51,3QFinancialStatements_NonConsolidated_JP,e813c713a9aeba46b152baa4360232d08319067f5d291225a4d639084cc43e43,"{""local_code"":""35580"",""type_of_document"":""3QFinancialStatements_NonConsolidated_JP""}",,,,,,complete_cumulative_pl
3558,ジェイドグループ,2026-07-15T15:20:00+09:00,< 2026-07-15,2022-02-28,4Q,FY,complete_not_latest_three,21217.0,883.0,,,,13940.0,173.0,,,,0.01241,0.65702,0.195923,19284,35580,2022-04-14,2026-03-02 12:14:51,FYFinancialStatements_NonConsolidated_JP,0ec51f3f2cb22a54e24f21ecff8e4798349878a5fdc721b71631ce4589f81a54,"{""local_code"":""35580"",""type_of_document"":""FYFinancialStatements_NonConsolidated_JP""}",,,,,,complete_cumulative_pl
3558,ジェイドグループ,2026-07-15T15:20:00+09:00,< 2026-07-15,2023-02-28,1Q,1Q,complete_not_latest_three,5571.0,350.0,,,,5571.0,350.0,,,,0.062825,0.532397,0.353179,19286,35580,2022-07-15,2026-03-02 12:14:51,1QFinancialStatements_NonConsolidated_JP,483ba13b60d25196e26e3df52785c94e167284e10b371737b3592d50269eac55,"{""local_code"":""35580"",""type_of_document"":""1QFinancialStatements_NonConsolidated_JP""}",,,,,,complete_cumulative_pl
3558,ジェイドグループ,2026-07-15T15:20:00+09:00,< 2026-07-15,2023-02-28,2Q,2Q,complete_not_latest_three,4450.0,407.0,,,,-1121.0,57.0,,,,-0.050847,-0.107129,0.057518,19287,35580,2022-10-14,2026-03-02 12:14:51,2QFinancialStatements_NonConsolidated_JP,3b41f44051a8d87a6c9472e90dd311514223575e694d7df80347fbb584603eeb,"{""local_code"":""35580"",""type_of_document"":""2QFinancialStatements_NonConsolidated_JP""}",,,,,,complete_cumulative_pl
3558,ジェイドグループ,2026-07-15T15:20:00+09:00,< 2026-07-15,2023-02-28,3Q,3Q,complete_not_latest_three,7262.0,785.0,,,,2812.0,378.0,,,,0.134424,0.268731,0.381433,19288,35580,2023-01-13,2026-03-02 12:14:51,3QFinancialStatements_Consolidated_JP,dccd3cbef41f52702f8e7af79cb1fde9b9d30fa6b52bd334ef6a75829fd4c862,"{""local_code"":""35580"",""type_of_document"":""3QFinancialStatements_Consolidated_JP""}",,,,,,complete_cumulative_pl
3558,ジェイドグループ,2026-07-15T15:20:00+09:00,< 2026-07-15,2023-02-28,4Q,FY,complete_not_latest_three,10464.0,991.0,,,,3202.0,206.0,,,,0.064335,0.306002,0.207871,19294,35580,2024-04-16,2026-03-02 12:14:51,FYFinancialStatements_Consolidated_JP,8eaf0c537d78ab10684ef753d69df521bc917b3ac24a3e680acc79b352725806,"{""local_code"":""35580"",""type_of_document"":""FYFinancialStatements_Consolidated_JP""}",,,,,,complete_cumulative_pl
3558,ジェイドグループ,2026-07-15T15:20:00+09:00,< 2026-07-15,2024-02-29,1Q,1Q,selected_for_statistics,3423.0,538.0,,,,3423.0,538.0,,,,0.157172,0.256289,0.319288,19290,35580,2023-07-14,2026-03-02 12:14:51,1QFinancialStatements_Consolidated_JP,5b68b61fda64ecfc1d56b9c6a5a8b00ca7aa31957f207b663f60935871e18acc,"{""local_code"":""35580"",""type_of_document"":""1QFinancialStatements_Consolidated_JP""}",,,,,,complete_cumulative_pl
3558,ジェイドグループ,2026-07-15T15:20:00+09:00,< 2026-07-15,2024-02-29,2Q,2Q,selected_for_statistics,6584.0,798.0,,,,3161.0,260.0,,,,0.082252,0.236673,0.154303,19291,35580,2023-10-13,2026-03-02 12:14:51,2QFinancialStatements_Consolidated_JP,04f5bc5818a8914dc4e108119e7a1e23c6481ca3c66a6d667b4e2dabe01efe41,"{""local_code"":""35580"",""type_of_document"":""2QFinancialStatements_Consolidated_JP""}",,,,,,complete_cumulative_pl
3558,ジェイドグループ,2026-07-15T15:20:00+09:00,< 2026-07-15,2024-02-29,3Q,3Q,selected_for_statistics,10234.0,1570.0,,,,3650.0,772.0,,,,0.211507,0.273285,0.45816,19292,35580,2024-01-15,2026-03-02 12:14:51,3QFinancialStatements_Consolidated_JP,1bfc1e77ffd405541c423dbbb9e89e9c807a539856ebee8a394f8ccf6478d776,"{""local_code"":""35580"",""type_of_document"":""3QFinancialStatements_Consolidated_JP""}",,,,,,complete_cumulative_pl
3558,ジェイドグループ,2026-07-15T15:20:00+09:00,< 2026-07-15,2024-02-29,4Q,FY,selected_for_statistics,13356.0,1685.0,,,,3122.0,115.0,,,,0.036835,0.233753,0.068249,19293,35580,2024-04-15,2026-03-02 12:14:51,FYFinancialStatements_Consolidated_JP,8e6906a6448bfc60b13a0c58260894fa0b32b3573b60ed2269f8d92d2030a1d2,"{""local_code"":""35580"",""type_of_document"":""FYFinancialStatements_Consolidated_JP""}",,,,,,complete_cumulative_pl
3558,ジェイドグループ,2026-07-15T15:20:00+09:00,< 2026-07-15,2025-02-28,1Q,1Q,selected_for_statistics,4693.0,482.0,,,,4693.0,482.0,,,,0.102706,0.244033,0.314007,19295,35580,2024-07-12,2026-03-02 12:14:51,1QFinancialStatements_Consolidated_JP,63ee3968932e0d2852d79a78674665274aa50f1fb9286c9bcc1426feccd15402,"{""local_code"":""35580"",""type_of_document"":""1QFinancialStatements_Consolidated_JP""}",,,,,,complete_cumulative_pl
3558,ジェイドグループ,2026-07-15T15:20:00+09:00,< 2026-07-15,2025-02-28,2Q,2Q,selected_for_statistics,9511.0,513.0,,,,4818.0,31.0,,,,0.006434,0.250533,0.020195,19296,35580,2024-10-15,2026-03-02 12:14:51,2QFinancialStatements_Consolidated_JP,1520b40bac06039568f65af5acbc61ad0f6f39991be513d4ba69359b76d813f2,"{""local_code"":""35580"",""type_of_document"":""2QFinancialStatements_Consolidated_JP""}",,,,,,complete_cumulative_pl
3558,ジェイドグループ,2026-07-15T15:20:00+09:00,< 2026-07-15,2025-02-28,3Q,3Q,selected_for_statistics,14251.0,1029.0,,,,4740.0,516.0,,,,0.108861,0.246477,0.336156,19297,35580,2025-01-14,2026-03-02 12:14:51,3QFinancialStatements_Consolidated_JP,3832538c081e3f4af7778cfccd3879b1341cf15dccb4ec9e45af96db6c8b29d4,"{""local_code"":""35580"",""type_of_document"":""3QFinancialStatements_Consolidated_JP""}",,,,,,complete_cumulative_pl
3558,ジェイドグループ,2026-07-15T15:20:00+09:00,< 2026-07-15,2025-02-28,4Q,FY,selected_for_statistics,19231.0,1535.0,,,,4980.0,506.0,,,,0.101606,0.258957,0.329642,19299,35580,2025-05-07,2026-03-02 12:14:51,FYFinancialStatements_Consolidated_JP,0aebd4045e7b9e8141024ee4d76d455ba4f643d489cee33576bd763e5dc3fc8d,"{""local_code"":""35580"",""type_of_document"":""FYFinancialStatements_Consolidated_JP""}",,,,,,complete_cumulative_pl
3558,ジェイドグループ,2026-07-15T15:20:00+09:00,< 2026-07-15,2026-02-28,1Q,1Q,selected_for_statistics,4548.0,557.0,,,,4548.0,557.0,,,,0.122471,0.233939,0.231794,19300,35580,2025-07-15,2026-06-14T18:00:31.482774+09:00,1QFinancialStatements_Consolidated_JP,0277be2c8903b1a7282d82ed19f6a19aa9602da957b971671f1915be86118492,"{""local_code"":""35580"",""type_of_document"":""1QFinancialStatements_Consolidated_JP""}",,,,,,complete_cumulative_pl
3558,ジェイドグループ,2026-07-15T15:20:00+09:00,< 2026-07-15,2026-02-28,2Q,2Q,selected_for_statistics,8914.0,1009.0,,,,4366.0,452.0,,,,0.103527,0.224577,0.188098,19301,35580,2025-10-15,2026-06-14T18:02:13.778456+09:00,2QFinancialStatements_Consolidated_JP,aec363949ccbf8ab8ab1a64781dd60686c87d74567a6df9d85e15018b29fab28,"{""local_code"":""35580"",""type_of_document"":""2QFinancialStatements_Consolidated_JP""}",,,,,,complete_cumulative_pl
3558,ジェイドグループ,2026-07-15T15:20:00+09:00,< 2026-07-15,2026-02-28,3Q,3Q,selected_for_statistics,13333.0,1476.0,,,,4419.0,467.0,,,,0.10568,0.227303,0.19434,19302,35580,2026-01-14,2026-06-14T18:04:55.596769+09:00,3QFinancialStatements_Consolidated_JP,849281cb103947b529569a8fdb2102bcf54c34b479505033bd9494a923756db2,"{""local_code"":""35580"",""type_of_document"":""3QFinancialStatements_Consolidated_JP""}",,,,,,complete_cumulative_pl
3558,ジェイドグループ,2026-07-15T15:20:00+09:00,< 2026-07-15,2026-02-28,4Q,FY,selected_for_statistics,19441.0,2403.0,,,,6108.0,927.0,,,,0.151768,0.314181,0.385768,87619,35580,2026-04-14,2026-06-14T18:07:38.335321+09:00,FYFinancialStatements_Consolidated_JP,51a47eda1f318d4e2b5b1a7d4749d841b2fbdc9a4d3fd3bf1e2e1a8fbaead6a9,"{""local_code"":""35580"",""type_of_document"":""FYFinancialStatements_Consolidated_JP""}",,,,,,complete_cumulative_pl
3697,SHIFT,2026-07-15T15:20:00+09:00,< 2026-07-15,2021-08-31,1Q,1Q,incomplete_year,,,,,,,,,,,,,,,,,,,,,,,,,,missing_sales_or_operating_profit_for_required_cumulative_quarter
3697,SHIFT,2026-07-15T15:20:00+09:00,< 2026-07-15,2021-08-31,2Q,2Q,incomplete_year,20287.0,1488.0,,,,,,,,,,,,21113,36970,2021-04-08,2026-03-02 12:15:57,2QFinancialStatements_Consolidated_JP,0cbec21e54ee9f75b1635723c29f2e6fde808046bac09d6fa1c274240e09a0a5,"{""local_code"":""36970"",""type_of_document"":""2QFinancialStatements_Consolidated_JP""}",,,,,,missing_sales_or_operating_profit_for_required_cumulative_quarter
3697,SHIFT,2026-07-15T15:20:00+09:00,< 2026-07-15,2021-08-31,3Q,3Q,incomplete_year,32888.0,2642.0,,,,,,,,,,,,21114,36970,2021-07-08,2026-03-02 12:15:57,3QFinancialStatements_Consolidated_JP,2f53730761f6cb98b9f54cdf1b21c57ebf8de060dd198c759501652ea7c93782,"{""local_code"":""36970"",""type_of_document"":""3QFinancialStatements_Consolidated_JP""}",,,,,,missing_sales_or_operating_profit_for_required_cumulative_quarter
3697,SHIFT,2026-07-15T15:20:00+09:00,< 2026-07-15,2021-08-31,4Q,FY,incomplete_year,46004.0,3994.0,,,,,,,,,,,,21116,36970,2021-11-22,2026-03-02 12:15:57,FYFinancialStatements_Consolidated_JP,ce546c9b2bba829757e55fd94aef2454a86f5a26b3e4482a57cf9682e4bd9176,"{""local_code"":""36970"",""type_of_document"":""FYFinancialStatements_Consolidated_JP""}",,,,,,missing_sales_or_operating_profit_for_required_cumulative_quarter
3697,SHIFT,2026-07-15T15:20:00+09:00,< 2026-07-15,2022-08-31,1Q,1Q,complete_not_latest_three,14270.0,1953.0,,,,14270.0,1953.0,,,,0.136861,0.219968,0.282511,21117,36970,2022-01-14,2026-03-02 12:15:57,1QFinancialStatements_Consolidated_JP,02e8b99ed63c02e659cb4cf65ce56a02b44ce3be2e737caabd403eff29b10d05,"{""local_code"":""36970"",""type_of_document"":""1QFinancialStatements_Consolidated_JP""}",,,,,,complete_cumulative_pl
3697,SHIFT,2026-07-15T15:20:00+09:00,< 2026-07-15,2022-08-31,2Q,2Q,complete_not_latest_three,29858.0,3826.0,,,,15588.0,1873.0,,,,0.120157,0.240285,0.270939,21118,36970,2022-04-07,2026-03-02 12:15:57,2QFinancialStatements_Consolidated_JP,830e7f6024610932fa55592f74060cf729d0d08952ae9b9e91690c3e07e8dbf5,"{""local_code"":""36970"",""type_of_document"":""2QFinancialStatements_Consolidated_JP""}",,,,,,complete_cumulative_pl
3697,SHIFT,2026-07-15T15:20:00+09:00,< 2026-07-15,2022-08-31,3Q,3Q,complete_not_latest_three,47004.0,5276.0,,,,17146.0,1450.0,,,,0.084568,0.264301,0.20975,21119,36970,2022-07-07,2026-03-02 12:15:57,3QFinancialStatements_Consolidated_JP,825c1d62558477ae312742533d043abf7e35e12bf923106f70e51d379263fad9,"{""local_code"":""36970"",""type_of_document"":""3QFinancialStatements_Consolidated_JP""}",,,,,,complete_cumulative_pl
3697,SHIFT,2026-07-15T15:20:00+09:00,< 2026-07-15,2022-08-31,4Q,FY,complete_not_latest_three,64873.0,6913.0,,,,17869.0,1637.0,,,,0.091611,0.275446,0.2368,21120,36970,2022-10-14,2026-03-02 12:15:57,FYFinancialStatements_Consolidated_JP,a2aa1f1008e043973e12c397e974d082732fcc65805cf52f810d8a10376ca96f,"{""local_code"":""36970"",""type_of_document"":""FYFinancialStatements_Consolidated_JP""}",,,,,,complete_cumulative_pl
3697,SHIFT,2026-07-15T15:20:00+09:00,< 2026-07-15,2023-08-31,1Q,1Q,selected_for_statistics,19354.0,1808.0,,,,19354.0,1808.0,,,,0.093417,0.219857,0.156334,21121,36970,2023-01-12,2026-03-02 12:15:57,1QFinancialStatements_Consolidated_JP,9d0ca63f6cce225fc53d58d855dfe0cc978b99c3c66cdde0d6ae1df46aabf947,"{""local_code"":""36970"",""type_of_document"":""1QFinancialStatements_Consolidated_JP""}",,,,,,complete_cumulative_pl
3697,SHIFT,2026-07-15T15:20:00+09:00,< 2026-07-15,2023-08-31,2Q,2Q,selected_for_statistics,40343.0,5082.0,,,,20989.0,3274.0,,,,0.155986,0.23843,0.283096,21122,36970,2023-04-10,2026-03-02 12:15:57,2QFinancialStatements_Consolidated_JP,38ed93c3120458adf864f36203b137142ff2099a9c4979ea62a9b50a73ed0866,"{""local_code"":""36970"",""type_of_document"":""2QFinancialStatements_Consolidated_JP""}",,,,,,complete_cumulative_pl
3697,SHIFT,2026-07-15T15:20:00+09:00,< 2026-07-15,2023-08-31,3Q,3Q,selected_for_statistics,63355.0,8232.0,,,,23012.0,3150.0,,,,0.136885,0.261411,0.272374,21123,36970,2023-07-13,2026-03-02 12:15:57,3QFinancialStatements_Consolidated_JP,d5ceac48325784b1659cf17e37c46185289dc23e766f01e4837d7cb41777cc7e,"{""local_code"":""36970"",""type_of_document"":""3QFinancialStatements_Consolidated_JP""}",,,,,,complete_cumulative_pl
3697,SHIFT,2026-07-15T15:20:00+09:00,< 2026-07-15,2023-08-31,4Q,FY,selected_for_statistics,88030.0,11565.0,,,,24675.0,3333.0,,,,0.135076,0.280302,0.288197,21125,36970,2023-10-24,2026-03-02 12:15:57,FYFinancialStatements_Consolidated_JP,a594bd3610cb4b81e3f676cfc0cdc921955dd65173b3a707024ba2bcc459b473,"{""local_code"":""36970"",""type_of_document"":""FYFinancialStatements_Consolidated_JP""}",,,,,,complete_cumulative_pl
3697,SHIFT,2026-07-15T15:20:00+09:00,< 2026-07-15,2024-08-31,1Q,1Q,selected_for_statistics,25073.0,1815.0,,,,25073.0,1815.0,,,,0.072389,0.226644,0.17225,21126,36970,2024-01-12,2026-03-02 12:15:57,1QFinancialStatements_Consolidated_JP,80d2516ec660fcc204319f25b15c2dc59562ea2c3ca0036e11f97c1fb15b1237,"{""local_code"":""36970"",""type_of_document"":""1QFinancialStatements_Consolidated_JP""}",,,,,,complete_cumulative_pl
3697,SHIFT,2026-07-15T15:20:00+09:00,< 2026-07-15,2024-08-31,2Q,2Q,selected_for_statistics,52305.0,4685.0,,,,27232.0,2870.0,,,,0.105391,0.246161,0.272374,21127,36970,2024-04-11,2026-03-02 12:15:57,2QFinancialStatements_Consolidated_JP,c414f0b6efdd82bd5c82c93cd3cdf525559a2d54b6325eedd483e8721cdb5bcb,"{""local_code"":""36970"",""type_of_document"":""2QFinancialStatements_Consolidated_JP""}",,,,,,complete_cumulative_pl
3697,SHIFT,2026-07-15T15:20:00+09:00,< 2026-07-15,2024-08-31,3Q,3Q,selected_for_statistics,81143.0,7063.0,,,,28838.0,2378.0,,,,0.082461,0.260678,0.225681,21128,36970,2024-07-10,2026-03-02 12:15:57,3QFinancialStatements_Consolidated_JP,81804412dafab430a2e875a908d6373c51c6dea1ad7a8b44c6c33e8ece96a2cd,"{""local_code"":""36970"",""type_of_document"":""3QFinancialStatements_Consolidated_JP""}",,,,,,complete_cumulative_pl
3697,SHIFT,2026-07-15T15:20:00+09:00,< 2026-07-15,2024-08-31,4Q,FY,selected_for_statistics,110627.0,10537.0,,,,29484.0,3474.0,,,,0.117827,0.266517,0.329695,21130,36970,2024-10-30,2026-03-02 12:15:57,FYFinancialStatements_Consolidated_JP,0f2b87ce19da6cb0a1465ee79062b108f57710940f56fcd7873af3bce5ca2b2f,"{""local_code"":""36970"",""type_of_document"":""FYFinancialStatements_Consolidated_JP""}",,,,,,complete_cumulative_pl
3697,SHIFT,2026-07-15T15:20:00+09:00,< 2026-07-15,2025-08-31,1Q,1Q,selected_for_statistics,30174.0,3517.0,,,,30174.0,3517.0,,,,0.116557,0.232431,0.225045,21131,36970,2025-01-14,2026-03-02 12:15:57,1QFinancialStatements_Consolidated_JP,6c82a66db069cad129192e4e3b6f8bbdd99e6c267e9fe6fc32d26958bd480d12,"{""local_code"":""36970"",""type_of_document"":""1QFinancialStatements_Consolidated_JP""}",,,,,,complete_cumulative_pl
3697,SHIFT,2026-07-15T15:20:00+09:00,< 2026-07-15,2025-08-31,2Q,2Q,selected_for_statistics,61688.0,8058.0,,,,31514.0,4541.0,,,,0.144095,0.242753,0.290568,21132,36970,2025-04-10,2026-03-02 12:15:57,2QFinancialStatements_Consolidated_JP,5758dcd44b192cb51ff1c6908cabcbbf842d5ebf62e3e1cddb8454430b9d4d3d,"{""local_code"":""36970"",""type_of_document"":""2QFinancialStatements_Consolidated_JP""}",,,,,,complete_cumulative_pl
3697,SHIFT,2026-07-15T15:20:00+09:00,< 2026-07-15,2025-08-31,3Q,3Q,selected_for_statistics,95412.0,11906.0,,,,33724.0,3848.0,,,,0.114103,0.259777,0.246225,21133,36970,2025-07-09,2026-06-14T18:00:28.536036+09:00,3QFinancialStatements_Consolidated_JP,018fc7d2709fec7302b034be1b10257222db62a2527e268f6af28385d9484f86,"{""local_code"":""36970"",""type_of_document"":""3QFinancialStatements_Consolidated_JP""}",,,,,,complete_cumulative_pl
3697,SHIFT,2026-07-15T15:20:00+09:00,< 2026-07-15,2025-08-31,4Q,FY,selected_for_statistics,129819.0,15628.0,,,,34407.0,3722.0,,,,0.108176,0.265038,0.238162,21134,36970,2025-10-14,2026-06-14T18:02:13.181806+09:00,FYFinancialStatements_Consolidated_JP,5680c56d4008e6d6861814ab6132883af98d1a2f8c8ee4d3644e983e017096e1,"{""local_code"":""36970"",""type_of_document"":""FYFinancialStatements_Consolidated_JP""}",,,,,,complete_cumulative_pl
3697,SHIFT,2026-07-15T15:20:00+09:00,< 2026-07-15,2026-08-31,1Q,1Q,incomplete_year,34845.0,2817.0,,,,,,,,,,,,21135,36970,2026-01-14,2026-06-14T18:04:55.596769+09:00,1QFinancialStatements_Consolidated_JP,c58b0946f88d532aba08b2d8c160e8b71267bd4719b8116083da736d04bbd64f,"{""local_code"":""36970"",""type_of_document"":""1QFinancialStatements_Consolidated_JP""}",,,,,,missing_sales_or_operating_profit_for_required_cumulative_quarter
3697,SHIFT,2026-07-15T15:20:00+09:00,< 2026-07-15,2026-08-31,2Q,2Q,incomplete_year,72035.0,6907.0,,,,,,,,,,,,87622,36970,2026-04-14,2026-06-14T18:07:38.335321+09:00,2QFinancialStatements_Consolidated_JP,f4f89bd22d2222afc38ec0879ae8f2ad39231050533e5dcb147334b67c26e8a7,"{""local_code"":""36970"",""type_of_document"":""2QFinancialStatements_Consolidated_JP""}",,,,,,missing_sales_or_operating_profit_for_required_cumulative_quarter
3697,SHIFT,2026-07-15T15:20:00+09:00,< 2026-07-15,2026-08-31,3Q,3Q,incomplete_year,,,,,,,,,,,,,,,,,,,,,,,,,,missing_sales_or_operating_profit_for_required_cumulative_quarter
3697,SHIFT,2026-07-15T15:20:00+09:00,< 2026-07-15,2026-08-31,4Q,FY,incomplete_year,,,,,,,,,,,,,,,,,,,,,,,,,,missing_sales_or_operating_profit_for_required_cumulative_quarter
2164,地域新聞社,2026-07-15T15:20:00+09:00,< 2026-07-15,2021-08-31,1Q,1Q,incomplete_year,,,,,,,,,,,,,,,,,,,,,,,,,,missing_sales_or_operating_profit_for_required_cumulative_quarter
2164,地域新聞社,2026-07-15T15:20:00+09:00,< 2026-07-15,2021-08-31,2Q,2Q,incomplete_year,1583.0,-67.0,,,,,,,,,,,,5144,21640,2021-04-01,2026-03-02 12:04:54,2QFinancialStatements_Consolidated_JP,7785bc6a86bca061f4ee32ac6bd889996075a188d2910308c8272018ca358e7f,"{""local_code"":""21640"",""type_of_document"":""2QFinancialStatements_Consolidated_JP""}",,,,,,missing_sales_or_operating_profit_for_required_cumulative_quarter
2164,地域新聞社,2026-07-15T15:20:00+09:00,< 2026-07-15,2021-08-31,3Q,3Q,incomplete_year,2360.0,-97.0,,,,,,,,,,,,5146,21640,2021-07-01,2026-03-02 12:04:54,3QFinancialStatements_Consolidated_JP,22f718ba8cd6db7bda81653a60ac0514289d40bdc6aca623015ffcb8f108a953,"{""local_code"":""21640"",""type_of_document"":""3QFinancialStatements_Consolidated_JP""}",,,,,,missing_sales_or_operating_profit_for_required_cumulative_quarter
2164,地域新聞社,2026-07-15T15:20:00+09:00,< 2026-07-15,2021-08-31,4Q,FY,incomplete_year,2788.0,-51.0,,,,,,,,,,,,5148,21640,2021-10-13,2026-03-02 12:04:54,FYFinancialStatements_NonConsolidated_JP,07e5a8f017b3905bd1f78b332b33ee3e95ff959d14ecd64e55617a3bc5dc1ade,"{""local_code"":""21640"",""type_of_document"":""FYFinancialStatements_NonConsolidated_JP""}",,,,,,missing_sales_or_operating_profit_for_required_cumulative_quarter
2164,地域新聞社,2026-07-15T15:20:00+09:00,< 2026-07-15,2022-08-31,1Q,1Q,complete_not_latest_three,743.0,11.0,,,,743.0,11.0,,,,0.014805,0.257361,1.222222,5149,21640,2022-01-12,2026-03-02 12:04:54,1QFinancialStatements_NonConsolidated_JP,48b56333b01ced8440e58137901f5e2df4cacc3d3c092093993a20e6830f82f6,"{""local_code"":""21640"",""type_of_document"":""1QFinancialStatements_NonConsolidated_JP""}",,,,,,complete_cumulative_pl
2164,地域新聞社,2026-07-15T15:20:00+09:00,< 2026-07-15,2022-08-31,2Q,2Q,complete_not_latest_three,1440.0,12.0,,,,697.0,1.0,,,,0.001435,0.241427,0.111111,5150,21640,2022-04-01,2026-03-02 12:04:54,2QFinancialStatements_NonConsolidated_JP,e9371df7956ba25465a358cb48416f7d1184918d0e5393b306ff741c71bfbd99,"{""local_code"":""21640"",""type_of_document"":""2QFinancialStatements_NonConsolidated_JP""}",,,,,,complete_cumulative_pl
2164,地域新聞社,2026-07-15T15:20:00+09:00,< 2026-07-15,2022-08-31,3Q,3Q,complete_not_latest_three,2174.0,15.0,,,,734.0,3.0,,,,0.004087,0.254243,0.333333,5151,21640,2022-06-30,2026-03-02 12:04:54,3QFinancialStatements_NonConsolidated_JP,2037a7d5f819b327bcfe36b4fcea40dcb992b6c85adfdb43ffe513088e80fbcf,"{""local_code"":""21640"",""type_of_document"":""3QFinancialStatements_NonConsolidated_JP""}",,,,,,complete_cumulative_pl
2164,地域新聞社,2026-07-15T15:20:00+09:00,< 2026-07-15,2022-08-31,4Q,FY,complete_not_latest_three,2887.0,9.0,,,,713.0,-6.0,,,,-0.008415,0.246969,-0.666667,5152,21640,2022-10-12,2026-03-02 12:04:54,FYFinancialStatements_NonConsolidated_JP,fb8b000c7cfbce47e1b6653e37d79d1cc5a8a07c609a1f3524bf04ce37ad87dd,"{""local_code"":""21640"",""type_of_document"":""FYFinancialStatements_NonConsolidated_JP""}",,,,,,complete_cumulative_pl
2164,地域新聞社,2026-07-15T15:20:00+09:00,< 2026-07-15,2023-08-31,1Q,1Q,selected_for_statistics,726.0,-12.0,,,,726.0,-12.0,,,,-0.016529,0.24812,0.6,5153,21640,2022-12-27,2026-03-02 12:04:54,1QFinancialStatements_NonConsolidated_JP,0f31f3277d9fb6dbe6701f98187b2fdd88c7e0908f4e1aaca9870e7e87d3c112,"{""local_code"":""21640"",""type_of_document"":""1QFinancialStatements_NonConsolidated_JP""}",,,,,,complete_cumulative_pl
2164,地域新聞社,2026-07-15T15:20:00+09:00,< 2026-07-15,2023-08-31,2Q,2Q,selected_for_statistics,1449.0,-32.0,,,,723.0,-20.0,,,,-0.027663,0.247095,1.0,5155,21640,2023-03-31,2026-03-02 12:04:54,2QFinancialStatements_NonConsolidated_JP,e16b01ce556b21bdbdc5bab7fcb7730e7a5e6e3b602cda4981933be0ea1b24cf,"{""local_code"":""21640"",""type_of_document"":""2QFinancialStatements_NonConsolidated_JP""}",,,,,,complete_cumulative_pl
2164,地域新聞社,2026-07-15T15:20:00+09:00,< 2026-07-15,2023-08-31,3Q,3Q,selected_for_statistics,2239.0,-18.0,,,,790.0,14.0,,,,0.017722,0.269993,-0.7,5156,21640,2023-06-30,2026-03-02 12:04:54,3QFinancialStatements_NonConsolidated_JP,cc1e4cbdfd223ac57d5cfedbcca12d3a06b0b846bce44328f27654755056759e,"{""local_code"":""21640"",""type_of_document"":""3QFinancialStatements_NonConsolidated_JP""}",,,,,,complete_cumulative_pl
2164,地域新聞社,2026-07-15T15:20:00+09:00,< 2026-07-15,2023-08-31,4Q,FY,selected_for_statistics,2926.0,-20.0,,,,687.0,-2.0,,,,-0.002911,0.234792,0.1,5157,21640,2023-10-11,2026-03-02 12:04:54,FYFinancialStatements_NonConsolidated_JP,23d82ed46dcf6d45b11b4b7f79c032d68b5a009c858564a13945586147b8c51a,"{""local_code"":""21640"",""type_of_document"":""FYFinancialStatements_NonConsolidated_JP""}",,,,,,complete_cumulative_pl
2164,地域新聞社,2026-07-15T15:20:00+09:00,< 2026-07-15,2024-08-31,1Q,1Q,selected_for_statistics,754.0,12.0,,,,754.0,12.0,,,,0.015915,0.253275,0.352941,5158,21640,2023-12-27,2026-03-02 12:04:54,1QFinancialStatements_NonConsolidated_JP,953f353f771b41fb6ff354ecb902059adbeee00aa323e467a1b90f3cdf9ae07a,"{""local_code"":""21640"",""type_of_document"":""1QFinancialStatements_NonConsolidated_JP""}",,,,,,complete_cumulative_pl
2164,地域新聞社,2026-07-15T15:20:00+09:00,< 2026-07-15,2024-08-31,2Q,2Q,selected_for_statistics,1504.0,30.0,,,,750.0,18.0,,,,0.024,0.251931,0.529412,5159,21640,2024-03-29,2026-03-02 12:04:54,2QFinancialStatements_NonConsolidated_JP,d73c695f2ad5eb0c22151068240754f3430981d1786933e5d44bbef67520a036,"{""local_code"":""21640"",""type_of_document"":""2QFinancialStatements_NonConsolidated_JP""}",,,,,,complete_cumulative_pl
2164,地域新聞社,2026-07-15T15:20:00+09:00,< 2026-07-15,2024-08-31,3Q,3Q,selected_for_statistics,2302.0,63.0,,,,798.0,33.0,,,,0.041353,0.268055,0.970588,5161,21640,2024-06-28,2026-03-02 12:04:54,3QFinancialStatements_NonConsolidated_JP,eb1caf03c3d0c02d83bac851507c09b84fefbaa5673bb7887280ea83107df4fa,"{""local_code"":""21640"",""type_of_document"":""3QFinancialStatements_NonConsolidated_JP""}",,,,,,complete_cumulative_pl
2164,地域新聞社,2026-07-15T15:20:00+09:00,< 2026-07-15,2024-08-31,4Q,FY,selected_for_statistics,2977.0,34.0,,,,675.0,-29.0,,,,-0.042963,0.226738,-0.852941,5162,21640,2024-10-11,2026-03-02 12:04:54,FYFinancialStatements_NonConsolidated_JP,c35e833258d50a0319eda4383d740ec268103f8704809a0df8eef2bed789b0ae,"{""local_code"":""21640"",""type_of_document"":""FYFinancialStatements_NonConsolidated_JP""}",,,,,,complete_cumulative_pl
2164,地域新聞社,2026-07-15T15:20:00+09:00,< 2026-07-15,2025-08-31,1Q,1Q,selected_for_statistics,788.0,11.0,,,,788.0,11.0,,,,0.013959,0.249921,0.244444,5163,21640,2024-12-27,2026-03-02 12:04:54,1QFinancialStatements_NonConsolidated_JP,e89fe1435682878591157156c97cfdf46ce818a34bfa3eee0bea880b827be950,"{""local_code"":""21640"",""type_of_document"":""1QFinancialStatements_NonConsolidated_JP""}",,,,,,complete_cumulative_pl
2164,地域新聞社,2026-07-15T15:20:00+09:00,< 2026-07-15,2025-08-31,2Q,2Q,selected_for_statistics,1526.0,13.0,,,,738.0,2.0,,,,0.00271,0.234063,0.044444,5164,21640,2025-04-10,2026-03-02 12:04:54,2QFinancialStatements_NonConsolidated_JP,8404b17a807e62baaef306461644efdc5483adf8ecc0c4096ff01cf5a1892d1e,"{""local_code"":""21640"",""type_of_document"":""2QFinancialStatements_NonConsolidated_JP""}",,,,,,complete_cumulative_pl
2164,地域新聞社,2026-07-15T15:20:00+09:00,< 2026-07-15,2025-08-31,3Q,3Q,selected_for_statistics,2339.0,31.0,,,,813.0,18.0,,,,0.02214,0.25785,0.4,5166,21640,2025-07-10,2026-06-14T18:00:29.018426+09:00,3QFinancialStatements_NonConsolidated_JP,a7edc2a1664b064b5629382ddfbd2c547f33ad5b77c8f9584b13361d39402c51,"{""local_code"":""21640"",""type_of_document"":""3QFinancialStatements_NonConsolidated_JP""}",,,,,,complete_cumulative_pl
2164,地域新聞社,2026-07-15T15:20:00+09:00,< 2026-07-15,2025-08-31,4Q,FY,selected_for_statistics,3153.0,45.0,,,,814.0,14.0,,,,0.017199,0.258167,0.311111,5167,21640,2025-10-10,2026-06-14T18:02:11.415079+09:00,FYFinancialStatements_NonConsolidated_JP,f7c97a3fece5d34ad855737cbb146425ea7170f8250607c0190e8d6f66594338,"{""local_code"":""21640"",""type_of_document"":""FYFinancialStatements_NonConsolidated_JP""}",,,,,,complete_cumulative_pl
2164,地域新聞社,2026-07-15T15:20:00+09:00,< 2026-07-15,2026-08-31,1Q,1Q,incomplete_year,819.0,-52.0,,,,,,,,,,,,5168,21640,2026-01-14,2026-06-14T18:04:55.596257+09:00,1QFinancialStatements_NonConsolidated_JP,0736ec822657e41661c7f42c9f8eb39963769e4170cf49975e6a81d8a2e3a330,"{""local_code"":""21640"",""type_of_document"":""1QFinancialStatements_NonConsolidated_JP""}",,,,,,missing_sales_or_operating_profit_for_required_cumulative_quarter
2164,地域新聞社,2026-07-15T15:20:00+09:00,< 2026-07-15,2026-08-31,2Q,2Q,incomplete_year,1635.0,2.0,,,,,,,,,,,,87351,21640,2026-04-10,2026-06-14T18:07:36.339677+09:00,2QFinancialStatements_NonConsolidated_JP,e0c3346c330388261e2172fb04695abc91d01162c84786cab27260482fc0f7de,"{""local_code"":""21640"",""type_of_document"":""2QFinancialStatements_NonConsolidated_JP""}",,,,,,missing_sales_or_operating_profit_for_required_cumulative_quarter
2164,地域新聞社,2026-07-15T15:20:00+09:00,< 2026-07-15,2026-08-31,3Q,3Q,incomplete_year,,,,,,,,,,,,,,,,,,,,,,,,,,missing_sales_or_operating_profit_for_required_cumulative_quarter
2164,地域新聞社,2026-07-15T15:20:00+09:00,< 2026-07-15,2026-08-31,4Q,FY,incomplete_year,,,,,,,,,,,,,,,,,,,,,,,,,,missing_sales_or_operating_profit_for_required_cumulative_quarter
2168,パソナグループ,2026-07-15T15:20:00+09:00,< 2026-07-15,2021-05-31,1Q,1Q,incomplete_year,,,,,,,,,,,,,,,,,,,,,,,,,,missing_sales_or_operating_profit_for_required_cumulative_quarter
2168,パソナグループ,2026-07-15T15:20:00+09:00,< 2026-07-15,2021-05-31,2Q,2Q,incomplete_year,,,,,,,,,,,,,,,,,,,,,,,,,,missing_sales_or_operating_profit_for_required_cumulative_quarter
2168,パソナグループ,2026-07-15T15:20:00+09:00,< 2026-07-15,2021-05-31,3Q,3Q,incomplete_year,244670.0,14512.0,,,,,,,,,,,,5169,21680,2021-04-13,2026-03-02 12:04:55,3QFinancialStatements_Consolidated_JP,9364a2409994a0baedfcb9dabf6874b5dfe083b01e72391c5cebda306fb51305,"{""local_code"":""21680"",""type_of_document"":""3QFinancialStatements_Consolidated_JP""}",,,,,,missing_sales_or_operating_profit_for_required_cumulative_quarter
2168,パソナグループ,2026-07-15T15:20:00+09:00,< 2026-07-15,2021-05-31,4Q,FY,incomplete_year,334540.0,19940.0,,,,,,,,,,,,5173,21680,2021-08-11,2026-03-02 12:04:55,FYFinancialStatements_Consolidated_JP,c2890f34c665dd71b779c08f934b27d4bb9b62629fadf3e9d4b577ab52307e3c,"{""local_code"":""21680"",""type_of_document"":""FYFinancialStatements_Consolidated_JP""}",,,,,,missing_sales_or_operating_profit_for_required_cumulative_quarter
2168,パソナグループ,2026-07-15T15:20:00+09:00,< 2026-07-15,2022-05-31,1Q,1Q,complete_not_latest_three,91927.0,5700.0,,,,91927.0,5700.0,,,,0.062006,0.251101,0.258117,5174,21680,2021-10-15,2026-03-02 12:04:55,1QFinancialStatements_Consolidated_JP,cb14cdaba8f462d57b3eb7a8678f20ad8894a165a066a90ed1e5bb72cb4f84b8,"{""local_code"":""21680"",""type_of_document"":""1QFinancialStatements_Consolidated_JP""}",,,,,,complete_cumulative_pl
2168,パソナグループ,2026-07-15T15:20:00+09:00,< 2026-07-15,2022-05-31,2Q,2Q,complete_not_latest_three,182486.0,11996.0,,,,90559.0,6296.0,,,,0.069524,0.247364,0.285106,5176,21680,2022-01-14,2026-03-02 12:04:55,2QFinancialStatements_Consolidated_JP,69fc0399f8e6a00201946b5cc474ab6b5e293330c1d8b05dc8626d70d42daac8,"{""local_code"":""21680"",""type_of_document"":""2QFinancialStatements_Consolidated_JP""}",,,,,,complete_cumulative_pl
2168,パソナグループ,2026-07-15T15:20:00+09:00,< 2026-07-15,2022-05-31,3Q,3Q,complete_not_latest_three,270875.0,17348.0,,,,88389.0,5352.0,,,,0.060551,0.241437,0.242358,5177,21680,2022-04-14,2026-03-02 12:04:55,3QFinancialStatements_Consolidated_JP,33431aaab65034280ad906dc9a890c1ebdd9d359e2946740fda93e30120c1eec,"{""local_code"":""21680"",""type_of_document"":""3QFinancialStatements_Consolidated_JP""}",,,,,,complete_cumulative_pl
2168,パソナグループ,2026-07-15T15:20:00+09:00,< 2026-07-15,2022-05-31,4Q,FY,complete_not_latest_three,366096.0,22083.0,,,,95221.0,4735.0,,,,0.049726,0.260098,0.214418,5179,21680,2022-07-15,2026-03-02 12:04:55,FYFinancialStatements_Consolidated_JP,4e91890d6905ce6de0ee22473f79aaaa96d5e6510648ae7b210fae1c8124db5f,"{""local_code"":""21680"",""type_of_document"":""FYFinancialStatements_Consolidated_JP""}",,,,,,complete_cumulative_pl
2168,パソナグループ,2026-07-15T15:20:00+09:00,< 2026-07-15,2023-05-31,1Q,1Q,selected_for_statistics,92066.0,3330.0,,,,92066.0,3330.0,,,,0.03617,0.247105,0.23162,5180,21680,2022-10-14,2026-03-02 12:04:55,1QFinancialStatements_Consolidated_JP,7a1c2364a828759c3b4ade121cec4eda06525233377199cc1addd5a2c23c12ff,"{""local_code"":""21680"",""type_of_document"":""1QFinancialStatements_Consolidated_JP""}",,,,,,complete_cumulative_pl
2168,パソナグループ,2026-07-15T15:20:00+09:00,< 2026-07-15,2023-05-31,2Q,2Q,selected_for_statistics,183973.0,6733.0,,,,91907.0,3403.0,,,,0.037027,0.246678,0.236698,5181,21680,2023-01-13,2026-03-02 12:04:55,2QFinancialStatements_Consolidated_JP,6e82dce4530a8aa0bc62e6564c634c8c42c722509a2a0d29f895e33449f7dabc,"{""local_code"":""21680"",""type_of_document"":""2QFinancialStatements_Consolidated_JP""}",,,,,,complete_cumulative_pl
2168,パソナグループ,2026-07-15T15:20:00+09:00,< 2026-07-15,2023-05-31,3Q,3Q,selected_for_statistics,277280.0,10664.0,,,,93307.0,3931.0,,,,0.04213,0.250435,0.273423,5182,21680,2023-04-14,2026-03-02 12:04:55,3QFinancialStatements_Consolidated_JP,dd3fa5f13ab5911f9c2708786c4e096ec91c84de41489bf8e08589839b935b5e,"{""local_code"":""21680"",""type_of_document"":""3QFinancialStatements_Consolidated_JP""}",,,,,,complete_cumulative_pl
2168,パソナグループ,2026-07-15T15:20:00+09:00,< 2026-07-15,2023-05-31,4Q,FY,selected_for_statistics,372579.0,14377.0,,,,95299.0,3713.0,,,,0.038962,0.255782,0.25826,5183,21680,2023-07-14,2026-03-02 12:04:55,FYFinancialStatements_Consolidated_JP,d35afeee2bd3bcab0ebfbf5d8229492bd3ca908cf7568daac1c98a8c6bbfb831,"{""local_code"":""21680"",""type_of_document"":""FYFinancialStatements_Consolidated_JP""}",,,,,,complete_cumulative_pl
2168,パソナグループ,2026-07-15T15:20:00+09:00,< 2026-07-15,2024-05-31,1Q,1Q,selected_for_statistics,89881.0,2228.0,,,,89881.0,2228.0,,,,0.024788,0.251956,0.327936,5184,21680,2023-10-13,2026-03-02 12:04:55,1QFinancialStatements_Consolidated_JP,67b2ad74badb5ee77f0a77957af9b4d32005f2b8698e5d791a8ed90f246b6b87,"{""local_code"":""21680"",""type_of_document"":""1QFinancialStatements_Consolidated_JP""}",,,,,,complete_cumulative_pl
2168,パソナグループ,2026-07-15T15:20:00+09:00,< 2026-07-15,2024-05-31,2Q,2Q,selected_for_statistics,179316.0,3980.0,,,,89435.0,1752.0,,,,0.01959,0.250706,0.257875,5185,21680,2024-01-12,2026-03-02 12:04:55,2QFinancialStatements_Consolidated_JP,8c9d8cba894e1d47f0addfce9f9766aef6c192ec921b4b52c22a94af47c01620,"{""local_code"":""21680"",""type_of_document"":""2QFinancialStatements_Consolidated_JP""}",,,,,,complete_cumulative_pl
2168,パソナグループ,2026-07-15T15:20:00+09:00,< 2026-07-15,2024-05-31,3Q,3Q,selected_for_statistics,265558.0,4674.0,,,,86242.0,694.0,,,,0.008047,0.241755,0.102149,5187,21680,2024-04-12,2026-03-02 12:04:55,3QFinancialStatements_Consolidated_JP,b0932d289f69d5bdd3ac39082ce60844913ee61e3e4c9e9869ee78ee8cf0139b,"{""local_code"":""21680"",""type_of_document"":""3QFinancialStatements_Consolidated_JP""}",,,,,,complete_cumulative_pl
2168,パソナグループ,2026-07-15T15:20:00+09:00,< 2026-07-15,2024-05-31,4Q,FY,selected_for_statistics,356733.0,6794.0,,,,91175.0,2120.0,,,,0.023252,0.255583,0.31204,5188,21680,2024-07-12,2026-03-02 12:04:55,FYFinancialStatements_Consolidated_JP,a093c43b663edc64467f1b35ff2dfc112e0aaeaaa2aee55f7dd3ac42c4b6f378,"{""local_code"":""21680"",""type_of_document"":""FYFinancialStatements_Consolidated_JP""}",,,,,,complete_cumulative_pl
2168,パソナグループ,2026-07-15T15:20:00+09:00,< 2026-07-15,2025-05-31,1Q,1Q,selected_for_statistics,76323.0,-436.0,,,,76323.0,-436.0,,,,-0.005713,0.246808,0.352466,5189,21680,2024-10-15,2026-03-02 12:04:55,1QFinancialStatements_Consolidated_JP,292402a930f5adc675911e9616128194fbb5ed015e0018805f9d9d9707ecfd0d,"{""local_code"":""21680"",""type_of_document"":""1QFinancialStatements_Consolidated_JP""}",,,,,,complete_cumulative_pl
2168,パソナグループ,2026-07-15T15:20:00+09:00,< 2026-07-15,2025-05-31,2Q,2Q,selected_for_statistics,153934.0,44.0,,,,77611.0,480.0,,,,0.006185,0.250973,-0.388036,5190,21680,2025-01-14,2026-03-02 12:04:55,2QFinancialStatements_Consolidated_JP,f8faf2d460326187bb6c2e24f0abbee79514fac19cba3858b8f5878fe09f9938,"{""local_code"":""21680"",""type_of_document"":""2QFinancialStatements_Consolidated_JP""}",,,,,,complete_cumulative_pl
2168,パソナグループ,2026-07-15T15:20:00+09:00,< 2026-07-15,2025-05-31,3Q,3Q,selected_for_statistics,228911.0,-1280.0,,,,74977.0,-1324.0,,,,-0.017659,0.242456,1.070331,5191,21680,2025-04-14,2026-03-02 12:04:55,3QFinancialStatements_Consolidated_JP,876d3827325f5de9ebcf4df2d177ccdaf4851a67dfbe9113576ef233c1e84df4,"{""local_code"":""21680"",""type_of_document"":""3QFinancialStatements_Consolidated_JP""}",,,,,,complete_cumulative_pl
2168,パソナグループ,2026-07-15T15:20:00+09:00,< 2026-07-15,2025-05-31,4Q,FY,selected_for_statistics,309240.0,-1237.0,,,,80329.0,43.0,,,,0.000535,0.259763,-0.034762,5193,21680,2025-07-15,2026-06-14T18:00:31.483832+09:00,FYFinancialStatements_Consolidated_JP,6c4bc2a3ad1a62f9db4b2b7be6ac91e80cd22f49713565ab6577e04dc8094aad,"{""local_code"":""21680"",""type_of_document"":""FYFinancialStatements_Consolidated_JP""}",,,,,,complete_cumulative_pl
2168,パソナグループ,2026-07-15T15:20:00+09:00,< 2026-07-15,2026-05-31,1Q,1Q,incomplete_year,76965.0,-568.0,,,,,,,,,,,,5194,21680,2025-10-15,2026-06-14T18:02:13.776900+09:00,1QFinancialStatements_Consolidated_JP,7af94f236ffd85507e97aa7c47e0f76d9fb2d6a1d12aaed9b7070802bf8a3c00,"{""local_code"":""21680"",""type_of_document"":""1QFinancialStatements_Consolidated_JP""}",,,,,,missing_sales_or_operating_profit_for_required_cumulative_quarter
2168,パソナグループ,2026-07-15T15:20:00+09:00,< 2026-07-15,2026-05-31,2Q,2Q,incomplete_year,154527.0,-204.0,,,,,,,,,,,,5195,21680,2026-01-14,2026-06-14T18:04:55.595229+09:00,2QFinancialStatements_Consolidated_JP,459f57fd403e0bdccc9a65e4f6603775635344977532040b386edd0a766e6646,"{""local_code"":""21680"",""type_of_document"":""2QFinancialStatements_Consolidated_JP""}",,,,,,missing_sales_or_operating_profit_for_required_cumulative_quarter
2168,パソナグループ,2026-07-15T15:20:00+09:00,< 2026-07-15,2026-05-31,3Q,3Q,incomplete_year,229470.0,-1329.0,,,,,,,,,,,,87492,21680,2026-04-14,2026-06-14T18:07:38.333759+09:00,3QFinancialStatements_Consolidated_JP,8c3240a9e676d092e2bd11614ad0779cbf3ffb7ee298bc1d049b098f8241768c,"{""local_code"":""21680"",""type_of_document"":""3QFinancialStatements_Consolidated_JP""}",,,,,,missing_sales_or_operating_profit_for_required_cumulative_quarter
2168,パソナグループ,2026-07-15T15:20:00+09:00,< 2026-07-15,2026-05-31,4Q,FY,incomplete_year,,,,,,,,,,,,,,,,,,,,,,,,,,missing_sales_or_operating_profit_for_required_cumulative_quarter
2449,プラップジャパン,2026-07-15T15:20:00+09:00,< 2026-07-15,2021-08-31,1Q,1Q,incomplete_year,,,,,,,,,,,,,,,,,,,,,,,,,,missing_sales_or_operating_profit_for_required_cumulative_quarter
2449,プラップジャパン,2026-07-15T15:20:00+09:00,< 2026-07-15,2021-08-31,2Q,2Q,incomplete_year,3956.0,164.0,,,,,,,,,,,,7937,24490,2021-04-14,2026-03-02 12:06:52,2QFinancialStatements_Consolidated_JP,053e6a6b78673ee843187a1483e4669f04fb63da2fc39ba41424424c81c7a8ac,"{""local_code"":""24490"",""type_of_document"":""2QFinancialStatements_Consolidated_JP""}",,,,,,missing_sales_or_operating_profit_for_required_cumulative_quarter
2449,プラップジャパン,2026-07-15T15:20:00+09:00,< 2026-07-15,2021-08-31,3Q,3Q,incomplete_year,6121.0,245.0,,,,,,,,,,,,7938,24490,2021-07-14,2026-03-02 12:06:52,3QFinancialStatements_Consolidated_JP,6d4b1e766f4dc8d0459f02bfcd34b2edc702df2d17be3c8442ec007d058835f2,"{""local_code"":""24490"",""type_of_document"":""3QFinancialStatements_Consolidated_JP""}",,,,,,missing_sales_or_operating_profit_for_required_cumulative_quarter
2449,プラップジャパン,2026-07-15T15:20:00+09:00,< 2026-07-15,2021-08-31,4Q,FY,incomplete_year,8211.0,312.0,,,,,,,,,,,,7940,24490,2021-10-27,2026-03-02 12:06:52,FYFinancialStatements_Consolidated_JP,d6a6102d2e4f7821ad7614349d56361e1dee946fe9b8ea93aa2e0e0d11f4c682,"{""local_code"":""24490"",""type_of_document"":""FYFinancialStatements_Consolidated_JP""}",,,,,,missing_sales_or_operating_profit_for_required_cumulative_quarter
2449,プラップジャパン,2026-07-15T15:20:00+09:00,< 2026-07-15,2022-08-31,1Q,1Q,complete_not_latest_three,1302.0,49.0,,,,1302.0,49.0,,,,0.037634,0.207523,0.111617,7941,24490,2022-01-14,2026-03-02 12:06:52,1QFinancialStatements_Consolidated_JP,4cf92f02c05dbab71105a7db0f71671420cc25c2c684d98d6b47f0532de79d01,"{""local_code"":""24490"",""type_of_document"":""1QFinancialStatements_Consolidated_JP""}",,,,,,complete_cumulative_pl
2449,プラップジャパン,2026-07-15T15:20:00+09:00,< 2026-07-15,2022-08-31,2Q,2Q,complete_not_latest_three,3133.0,201.0,,,,1831.0,152.0,,,,0.083015,0.291839,0.346241,7942,24490,2022-04-14,2026-03-02 12:06:52,2QFinancialStatements_Consolidated_JP,8521a1659e343e4469620c024235ccaddf8a07560546a1942aa387f4768e3858,"{""local_code"":""24490"",""type_of_document"":""2QFinancialStatements_Consolidated_JP""}",,,,,,complete_cumulative_pl
2449,プラップジャパン,2026-07-15T15:20:00+09:00,< 2026-07-15,2022-08-31,3Q,3Q,complete_not_latest_three,4783.0,318.0,,,,1650.0,117.0,,,,0.070909,0.26299,0.266515,7943,24490,2022-07-14,2026-03-02 12:06:52,3QFinancialStatements_Consolidated_JP,34f0807df1fa66cc27548d35ffc0d56465d6a2dca77373fd41b8ae0212e79383,"{""local_code"":""24490"",""type_of_document"":""3QFinancialStatements_Consolidated_JP""}",,,,,,complete_cumulative_pl
2449,プラップジャパン,2026-07-15T15:20:00+09:00,< 2026-07-15,2022-08-31,4Q,FY,complete_not_latest_three,6274.0,439.0,,,,1491.0,121.0,,,,0.081154,0.237647,0.275626,7945,24490,2022-10-14,2026-03-02 12:06:52,FYFinancialStatements_Consolidated_JP,bee579a58844222d00cd86db0446ce06f433459b2afe163e565e18f58bb5cefa,"{""local_code"":""24490"",""type_of_document"":""FYFinancialStatements_Consolidated_JP""}",,,,,,complete_cumulative_pl
2449,プラップジャパン,2026-07-15T15:20:00+09:00,< 2026-07-15,2023-08-31,1Q,1Q,selected_for_statistics,1606.0,169.0,,,,1606.0,169.0,,,,0.10523,0.24205,0.231507,7946,24490,2023-01-13,2026-03-02 12:06:52,1QFinancialStatements_Consolidated_JP,87e59705fb8da718296f111aa9e75bb1348d4283afdcf4482a046ea063d4179e,"{""local_code"":""24490"",""type_of_document"":""1QFinancialStatements_Consolidated_JP""}",,,,,,complete_cumulative_pl
2449,プラップジャパン,2026-07-15T15:20:00+09:00,< 2026-07-15,2023-08-31,2Q,2Q,selected_for_statistics,3423.0,387.0,,,,1817.0,218.0,,,,0.119978,0.273851,0.29863,7947,24490,2023-04-14,2026-03-02 12:06:52,2QFinancialStatements_Consolidated_JP,8102644b84e438a2ca2a12e8dee17c037cc44e1c3edfc4e244935ecc64488db7,"{""local_code"":""24490"",""type_of_document"":""2QFinancialStatements_Consolidated_JP""}",,,,,,complete_cumulative_pl
2449,プラップジャパン,2026-07-15T15:20:00+09:00,< 2026-07-15,2023-08-31,3Q,3Q,selected_for_statistics,5009.0,597.0,,,,1586.0,210.0,,,,0.132409,0.239035,0.287671,7948,24490,2023-07-14,2026-03-02 12:06:52,3QFinancialStatements_Consolidated_JP,7c7397780039a203ba5f5aa171df1b61d67e69255c480ffdd6f6c3a90826c261,"{""local_code"":""24490"",""type_of_document"":""3QFinancialStatements_Consolidated_JP""}",,,,,,complete_cumulative_pl
2449,プラップジャパン,2026-07-15T15:20:00+09:00,< 2026-07-15,2023-08-31,4Q,FY,selected_for_statistics,6635.0,730.0,,,,1626.0,133.0,,,,0.081796,0.245064,0.182192,7949,24490,2023-10-13,2026-03-02 12:06:52,FYFinancialStatements_Consolidated_JP,008466069a9a014ca9680ded8835f5acd789efb7207bff931e23261e2e31a918,"{""local_code"":""24490"",""type_of_document"":""FYFinancialStatements_Consolidated_JP""}",,,,,,complete_cumulative_pl
2449,プラップジャパン,2026-07-15T15:20:00+09:00,< 2026-07-15,2024-08-31,1Q,1Q,selected_for_statistics,1476.0,109.0,,,,1476.0,109.0,,,,0.073848,0.214379,0.190559,7951,24490,2024-01-12,2026-03-02 12:06:52,1QFinancialStatements_Consolidated_JP,c75874396e860c590ad4d0a333d640294ea0b74fa122407032e752b379f5cd61,"{""local_code"":""24490"",""type_of_document"":""1QFinancialStatements_Consolidated_JP""}",,,,,,complete_cumulative_pl
2449,プラップジャパン,2026-07-15T15:20:00+09:00,< 2026-07-15,2024-08-31,2Q,2Q,selected_for_statistics,3383.0,242.0,,,,1907.0,133.0,,,,0.069743,0.276979,0.232517,7952,24490,2024-04-12,2026-03-02 12:06:52,2QFinancialStatements_Consolidated_JP,b62b2882813f9ddf1c2b768b2410b4dc9bcb35577a78d314832fcf4f2b2a854e,"{""local_code"":""24490"",""type_of_document"":""2QFinancialStatements_Consolidated_JP""}",,,,,,complete_cumulative_pl
2449,プラップジャパン,2026-07-15T15:20:00+09:00,< 2026-07-15,2024-08-31,3Q,3Q,selected_for_statistics,5038.0,412.0,,,,1655.0,170.0,,,,0.102719,0.240378,0.297203,7953,24490,2024-07-12,2026-03-02 12:06:52,3QFinancialStatements_Consolidated_JP,c7d29ecdb278c24e68d372c95ba345be44b02e9f92101940ab60cf30e1c00e47,"{""local_code"":""24490"",""type_of_document"":""3QFinancialStatements_Consolidated_JP""}",,,,,,complete_cumulative_pl
2449,プラップジャパン,2026-07-15T15:20:00+09:00,< 2026-07-15,2024-08-31,4Q,FY,selected_for_statistics,6885.0,572.0,,,,1847.0,160.0,,,,0.086627,0.268264,0.27972,7954,24490,2024-10-15,2026-03-02 12:06:52,FYFinancialStatements_Consolidated_JP,be124fc94ee9fd4991062abb7b4dc56ac6d2e49b4304460f4487f8302633fb1e,"{""local_code"":""24490"",""type_of_document"":""FYFinancialStatements_Consolidated_JP""}",,,,,,complete_cumulative_pl
2449,プラップジャパン,2026-07-15T15:20:00+09:00,< 2026-07-15,2025-08-31,1Q,1Q,selected_for_statistics,1579.0,101.0,,,,1579.0,101.0,,,,0.063965,0.213725,0.140669,7955,24490,2025-01-14,2026-03-02 12:06:52,1QFinancialStatements_Consolidated_JP,ab3c14bfc21fa0791efaeeb3e3c5f811fc715465c9865fd6168132ba7de92b47,"{""local_code"":""24490"",""type_of_document"":""1QFinancialStatements_Consolidated_JP""}",,,,,,complete_cumulative_pl
2449,プラップジャパン,2026-07-15T15:20:00+09:00,< 2026-07-15,2025-08-31,2Q,2Q,selected_for_statistics,3566.0,307.0,,,,1987.0,206.0,,,,0.103674,0.26895,0.286908,7956,24490,2025-04-11,2026-03-02 12:06:52,2QFinancialStatements_Consolidated_JP,f9a0ab04be5199785c06aacdb0c9d83b85e64335957ef33a42c4d384c92e4415,"{""local_code"":""24490"",""type_of_document"":""2QFinancialStatements_Consolidated_JP""}",,,,,,complete_cumulative_pl
2449,プラップジャパン,2026-07-15T15:20:00+09:00,< 2026-07-15,2025-08-31,3Q,3Q,selected_for_statistics,5312.0,511.0,,,,1746.0,204.0,,,,0.116838,0.236329,0.284123,7957,24490,2025-07-15,2026-06-14T18:00:31.483832+09:00,3QFinancialStatements_Consolidated_JP,ea77c3bb2b05e4ebd2bbe7e8224f23c06bb5f88b02747cc531031213fa075cc7,"{""local_code"":""24490"",""type_of_document"":""3QFinancialStatements_Consolidated_JP""}",,,,,,complete_cumulative_pl
2449,プラップジャパン,2026-07-15T15:20:00+09:00,< 2026-07-15,2025-08-31,4Q,FY,selected_for_statistics,7388.0,718.0,,,,2076.0,207.0,,,,0.099711,0.280996,0.288301,7958,24490,2025-10-15,2026-06-14T18:02:13.777942+09:00,FYFinancialStatements_Consolidated_JP,ae37bb79ef2d8a0ac1f7c418aad2dc165ec7acbc0fd9f0b6c0980acad6268329,"{""local_code"":""24490"",""type_of_document"":""FYFinancialStatements_Consolidated_JP""}",,,,,,complete_cumulative_pl
2449,プラップジャパン,2026-07-15T15:20:00+09:00,< 2026-07-15,2026-08-31,1Q,1Q,incomplete_year,1651.0,97.0,,,,,,,,,,,,7959,24490,2026-01-14,2026-06-14T18:04:55.595229+09:00,1QFinancialStatements_Consolidated_JP,fafb2d77f5ee3bd32deb8210326a4a1c1c3c6c94157664d222f789907f9c2e23,"{""local_code"":""24490"",""type_of_document"":""1QFinancialStatements_Consolidated_JP""}",,,,,,missing_sales_or_operating_profit_for_required_cumulative_quarter
2449,プラップジャパン,2026-07-15T15:20:00+09:00,< 2026-07-15,2026-08-31,2Q,2Q,incomplete_year,3568.0,259.0,,,,,,,,,,,,87598,24490,2026-04-14,2026-06-14T18:07:38.335321+09:00,2QFinancialStatements_Consolidated_JP,de6c6eb4e0789d96793d54b10d86ef5ce3854a4e679c911dd3195a2061419042,"{""local_code"":""24490"",""type_of_document"":""2QFinancialStatements_Consolidated_JP""}",,,,,,missing_sales_or_operating_profit_for_required_cumulative_quarter
2449,プラップジャパン,2026-07-15T15:20:00+09:00,< 2026-07-15,2026-08-31,3Q,3Q,incomplete_year,,,,,,,,,,,,,,,,,,,,,,,,,,missing_sales_or_operating_profit_for_required_cumulative_quarter
2449,プラップジャパン,2026-07-15T15:20:00+09:00,< 2026-07-15,2026-08-31,4Q,FY,incomplete_year,,,,,,,,,,,,,,,,,,,,,,,,,,missing_sales_or_operating_profit_for_required_cumulative_quarter
4197,アスマーク,2026-07-15T15:20:00+09:00,< 2026-07-15,2023-11-30,1Q,1Q,incomplete_year,,,,,,,,,,,,,,,,,,,,,,,,,,missing_sales_or_operating_profit_for_required_cumulative_quarter
4197,アスマーク,2026-07-15T15:20:00+09:00,< 2026-07-15,2023-11-30,2Q,2Q,incomplete_year,,,,,,,,,,,,,,,,,,,,,,,,,,missing_sales_or_operating_profit_for_required_cumulative_quarter
4197,アスマーク,2026-07-15T15:20:00+09:00,< 2026-07-15,2023-11-30,3Q,3Q,incomplete_year,,,,,,,,,,,,,,,,,,,,,,,,,,missing_sales_or_operating_profit_for_required_cumulative_quarter
4197,アスマーク,2026-07-15T15:20:00+09:00,< 2026-07-15,2023-11-30,4Q,FY,incomplete_year,4282.0,317.0,,,,,,,,,,,,27193,41970,2024-01-15,2026-03-02 12:19:38,FYFinancialStatements_NonConsolidated_JP,0fd0c59b87c7c252a0f5447b6f30e8375097fc2ffdd2d39dd0a2e525ce9fbf73,"{""local_code"":""41970"",""type_of_document"":""FYFinancialStatements_NonConsolidated_JP""}",,,,,,missing_sales_or_operating_profit_for_required_cumulative_quarter
4197,アスマーク,2026-07-15T15:20:00+09:00,< 2026-07-15,2024-11-30,1Q,1Q,selected_for_statistics,1192.0,165.0,,,,1192.0,165.0,,,,0.138423,0.273207,0.458333,27194,41970,2024-04-15,2026-03-02 12:19:38,1QFinancialStatements_NonConsolidated_JP,ba689709d2b25415d351e1f74e0c01a7e2c1b7213f2bf0d72eb988aeb86843c9,"{""local_code"":""41970"",""type_of_document"":""1QFinancialStatements_NonConsolidated_JP""}",,,,,,complete_cumulative_pl
4197,アスマーク,2026-07-15T15:20:00+09:00,< 2026-07-15,2024-11-30,2Q,2Q,selected_for_statistics,2401.0,318.0,,,,1209.0,153.0,,,,0.126551,0.277103,0.425,27195,41970,2024-07-16,2026-03-02 12:19:38,2QFinancialStatements_NonConsolidated_JP,5ac6d986a41ab41ad155d3a71d87c156b4710de3b3b3995ef9888d4093ff0356,"{""local_code"":""41970"",""type_of_document"":""2QFinancialStatements_NonConsolidated_JP""}",,,,,,complete_cumulative_pl
4197,アスマーク,2026-07-15T15:20:00+09:00,< 2026-07-15,2024-11-30,3Q,3Q,selected_for_statistics,3352.0,336.0,,,,951.0,18.0,,,,0.018927,0.217969,0.05,27196,41970,2024-10-15,2026-03-02 12:19:38,3QFinancialStatements_NonConsolidated_JP,9ed44c8d7427cf16fe468c3274f7c97d9dd42187e224e1a10ff6a57bbdefbdc4,"{""local_code"":""41970"",""type_of_document"":""3QFinancialStatements_NonConsolidated_JP""}",,,,,,complete_cumulative_pl
4197,アスマーク,2026-07-15T15:20:00+09:00,< 2026-07-15,2024-11-30,4Q,FY,selected_for_statistics,4363.0,360.0,,,,1011.0,24.0,,,,0.023739,0.231721,0.066667,27197,41970,2025-01-14,2026-03-02 12:19:38,FYFinancialStatements_NonConsolidated_JP,7be0bdaf478cd612fd4f13394476823c4c049c66a5052ef2615c940df60c4aa3,"{""local_code"":""41970"",""type_of_document"":""FYFinancialStatements_NonConsolidated_JP""}",,,,,,complete_cumulative_pl
4197,アスマーク,2026-07-15T15:20:00+09:00,< 2026-07-15,2025-11-30,1Q,1Q,selected_for_statistics,1215.0,114.0,,,,1215.0,114.0,,,,0.093827,0.275136,0.407143,27199,41970,2025-04-14,2026-03-02 12:19:38,1QFinancialStatements_Consolidated_JP,bba1cd8d6d27489a4c616387d4690edbbc38341ade9923252e04af614764308b,"{""local_code"":""41970"",""type_of_document"":""1QFinancialStatements_Consolidated_JP""}",,,,,,complete_cumulative_pl
4197,アスマーク,2026-07-15T15:20:00+09:00,< 2026-07-15,2025-11-30,2Q,2Q,selected_for_statistics,2385.0,245.0,,,,1170.0,131.0,,,,0.111966,0.264946,0.467857,27200,41970,2025-07-14,2026-06-14T18:00:30.893751+09:00,2QFinancialStatements_Consolidated_JP,911ee84202ef01f65c6691d60a76539dba4b55ba1bc470c2c04be1ac7bab9b46,"{""local_code"":""41970"",""type_of_document"":""2QFinancialStatements_Consolidated_JP""}",,,,,,complete_cumulative_pl
4197,アスマーク,2026-07-15T15:20:00+09:00,< 2026-07-15,2025-11-30,3Q,3Q,selected_for_statistics,3328.0,236.0,,,,943.0,-9.0,,,,-0.009544,0.213542,-0.032143,27201,41970,2025-10-14,2026-06-14T18:02:13.181806+09:00,3QFinancialStatements_Consolidated_JP,feb4dad794a0253fb91d32ec8ad0bcad09c99fc558782e9a652ddc62c593b9db,"{""local_code"":""41970"",""type_of_document"":""3QFinancialStatements_Consolidated_JP""}",,,,,,complete_cumulative_pl
4197,アスマーク,2026-07-15T15:20:00+09:00,< 2026-07-15,2025-11-30,4Q,FY,selected_for_statistics,4416.0,280.0,,,,1088.0,44.0,,,,0.040441,0.246377,0.157143,27203,41970,2026-01-14,2026-06-14T18:04:55.596257+09:00,FYFinancialStatements_Consolidated_JP,0b2714919f560355d74c45e1425be70d29f2a44978c5d8d7b2f3f8f3b044a4bb,"{""local_code"":""41970"",""type_of_document"":""FYFinancialStatements_Consolidated_JP""}",,,,,,complete_cumulative_pl
4197,アスマーク,2026-07-15T15:20:00+09:00,< 2026-07-15,2026-11-30,1Q,1Q,incomplete_year,1199.0,54.0,,,,,,,,,,,,87621,41970,2026-04-14,2026-06-14T18:07:38.335321+09:00,1QFinancialStatements_Consolidated_JP,f4642326529ecac5c511c4c4d914dc39951d76aa7fba3da9300aa39b1f9411db,"{""local_code"":""41970"",""type_of_document"":""1QFinancialStatements_Consolidated_JP""}",,,,,,missing_sales_or_operating_profit_for_required_cumulative_quarter
4197,アスマーク,2026-07-15T15:20:00+09:00,< 2026-07-15,2026-11-30,2Q,2Q,incomplete_year,,,,,,,,,,,,,,,,,,,,,,,,,,missing_sales_or_operating_profit_for_required_cumulative_quarter
4197,アスマーク,2026-07-15T15:20:00+09:00,< 2026-07-15,2026-11-30,3Q,3Q,incomplete_year,,,,,,,,,,,,,,,,,,,,,,,,,,missing_sales_or_operating_profit_for_required_cumulative_quarter
4197,アスマーク,2026-07-15T15:20:00+09:00,< 2026-07-15,2026-11-30,4Q,FY,incomplete_year,,,,,,,,,,,,,,,,,,,,,,,,,,missing_sales_or_operating_profit_for_required_cumulative_quarter
9238,バリュークリエーション,2026-07-15T15:20:00+09:00,< 2026-07-15,2024-02-29,1Q,1Q,incomplete_year,,,,,,,,,,,,,,,,,,,,,,,,,,missing_sales_or_operating_profit_for_required_cumulative_quarter
9238,バリュークリエーション,2026-07-15T15:20:00+09:00,< 2026-07-15,2024-02-29,2Q,2Q,incomplete_year,,,,,,,,,,,,,,,,,,,,,,,,,,missing_sales_or_operating_profit_for_required_cumulative_quarter
9238,バリュークリエーション,2026-07-15T15:20:00+09:00,< 2026-07-15,2024-02-29,3Q,3Q,incomplete_year,2171.0,165.0,,,,,,,,,,,,79724,92380,2024-01-15,2026-03-02 12:53:39,3QFinancialStatements_NonConsolidated_JP,81027cdb572cba6eabf9014222149d4e610c1fe84d80cb567314fd2177793ce3,"{""local_code"":""92380"",""type_of_document"":""3QFinancialStatements_NonConsolidated_JP""}",,,,,,missing_sales_or_operating_profit_for_required_cumulative_quarter
9238,バリュークリエーション,2026-07-15T15:20:00+09:00,< 2026-07-15,2024-02-29,4Q,FY,incomplete_year,2948.0,172.0,,,,,,,,,,,,79725,92380,2024-04-15,2026-03-02 12:53:39,FYFinancialStatements_NonConsolidated_JP,867def643d25c4f7f7890cd42a9805ce88acdd8c09a3c54475cc4a2a70a0b99f,"{""local_code"":""92380"",""type_of_document"":""FYFinancialStatements_NonConsolidated_JP""}",,,,,,missing_sales_or_operating_profit_for_required_cumulative_quarter
9238,バリュークリエーション,2026-07-15T15:20:00+09:00,< 2026-07-15,2025-02-28,1Q,1Q,selected_for_statistics,922.0,43.0,,,,922.0,43.0,,,,0.046638,0.300228,-0.184549,79726,92380,2024-07-12,2026-03-02 12:53:39,1QFinancialStatements_NonConsolidated_JP,c2c7036b83a19a56d732deb36eeb6bd62db1b583a5510a9b308391b76247903c,"{""local_code"":""92380"",""type_of_document"":""1QFinancialStatements_NonConsolidated_JP""}",,,,,,complete_cumulative_pl
9238,バリュークリエーション,2026-07-15T15:20:00+09:00,< 2026-07-15,2025-02-28,2Q,2Q,selected_for_statistics,1782.0,56.0,,,,860.0,13.0,,,,0.015116,0.280039,-0.055794,79727,92380,2024-10-15,2026-03-02 12:53:39,2QFinancialStatements_NonConsolidated_JP,326cae478e938993b65e27354b48c2a6fda795fcc2c02f5c3eec74c608258887,"{""local_code"":""92380"",""type_of_document"":""2QFinancialStatements_NonConsolidated_JP""}",,,,,,complete_cumulative_pl
9238,バリュークリエーション,2026-07-15T15:20:00+09:00,< 2026-07-15,2025-02-28,3Q,3Q,selected_for_statistics,2357.0,-184.0,,,,575.0,-240.0,,,,-0.417391,0.187235,1.030043,91884,92380,2026-05-29,2026-06-28T19:21:23.094837+09:00,3QFinancialStatements_NonConsolidated_JP,dec0240e25fc4b79fcfc4b03e97eb7e42a6234380330d698fdba7979d2a9f8b9,"{""local_code"":""92380"",""type_of_document"":""3QFinancialStatements_NonConsolidated_JP""}",,,,,,complete_cumulative_pl
9238,バリュークリエーション,2026-07-15T15:20:00+09:00,< 2026-07-15,2025-02-28,4Q,FY,selected_for_statistics,3071.0,-233.0,,,,714.0,-49.0,,,,-0.068627,0.232498,0.2103,91883,92380,2026-05-29,2026-06-28T19:21:23.094837+09:00,FYFinancialStatements_NonConsolidated_JP,c09c58563f2cafbf5afc193ade56d8c55e6634d640909a3dc338bf36a2e6287b,"{""local_code"":""92380"",""type_of_document"":""FYFinancialStatements_NonConsolidated_JP""}",,,,,,complete_cumulative_pl
9238,バリュークリエーション,2026-07-15T15:20:00+09:00,< 2026-07-15,2026-02-28,1Q,1Q,selected_for_statistics,810.0,-56.0,,,,810.0,-56.0,,,,-0.069136,0.259034,0.132388,91882,92380,2026-05-29,2026-06-28T19:21:23.094837+09:00,1QFinancialStatements_NonConsolidated_JP,b9afe54e3c4d6e6cabf24945cdf0fc082afd552f1fe2f720f3857af9bececf97,"{""local_code"":""92380"",""type_of_document"":""1QFinancialStatements_NonConsolidated_JP""}",,,,,,complete_cumulative_pl
9238,バリュークリエーション,2026-07-15T15:20:00+09:00,< 2026-07-15,2026-02-28,2Q,2Q,selected_for_statistics,1554.0,-158.0,,,,744.0,-102.0,,,,-0.137097,0.237928,0.241135,91880,92380,2026-05-29,2026-06-28T19:21:23.094837+09:00,2QFinancialStatements_NonConsolidated_JP,68948bc2ce6924ba5b7eefa77fec78a30a8b1469d92df38d55a4056eb4d7fd53,"{""local_code"":""92380"",""type_of_document"":""2QFinancialStatements_NonConsolidated_JP""}",,,,,,complete_cumulative_pl
9238,バリュークリエーション,2026-07-15T15:20:00+09:00,< 2026-07-15,2026-02-28,3Q,3Q,selected_for_statistics,2363.0,-257.0,,,,809.0,-99.0,,,,-0.122373,0.258714,0.234043,91878,92380,2026-05-29,2026-06-28T19:21:23.094837+09:00,3QFinancialStatements_NonConsolidated_JP,a7fac3c4495186a8b284c999ee6184e4263def02e0b58add07a7f4df8e6e6e54,"{""local_code"":""92380"",""type_of_document"":""3QFinancialStatements_NonConsolidated_JP""}",,,,,,complete_cumulative_pl
9238,バリュークリエーション,2026-07-15T15:20:00+09:00,< 2026-07-15,2026-02-28,4Q,FY,selected_for_statistics,3127.0,-423.0,,,,764.0,-166.0,,,,-0.217277,0.244324,0.392435,91873,92380,2026-05-29,2026-06-28T19:21:23.094837+09:00,FYFinancialStatements_NonConsolidated_JP,25cb7a23e5379058cad3a2ac16867a35eb5301a996fd4481a8ff88d964521f2d,"{""local_code"":""92380"",""type_of_document"":""FYFinancialStatements_NonConsolidated_JP""}",,,,,,complete_cumulative_pl
198A,ポストプライム,2026-07-15T15:20:00+09:00,< 2026-07-15,2024-05-31,1Q,1Q,incomplete_year,,,,,,,,,,,,,,,,,,,,,,,,,,missing_sales_or_operating_profit_for_required_cumulative_quarter
198A,ポストプライム,2026-07-15T15:20:00+09:00,< 2026-07-15,2024-05-31,2Q,2Q,incomplete_year,,,,,,,,,,,,,,,,,,,,,,,,,,missing_sales_or_operating_profit_for_required_cumulative_quarter
198A,ポストプライム,2026-07-15T15:20:00+09:00,< 2026-07-15,2024-05-31,3Q,3Q,incomplete_year,,,,,,,,,,,,,,,,,,,,,,,,,,missing_sales_or_operating_profit_for_required_cumulative_quarter
198A,ポストプライム,2026-07-15T15:20:00+09:00,< 2026-07-15,2024-05-31,4Q,FY,incomplete_year,945.0,351.0,,,,,,,,,,,,4185,198A0,2024-07-12,2026-03-02 12:03:50,FYFinancialStatements_NonConsolidated_JP,eec338d3025a5b30d6f0a80c483d09a15cb461ee79fc9e4d69a9376e9441d2ba,"{""local_code"":""198A0"",""type_of_document"":""FYFinancialStatements_NonConsolidated_JP""}",,,,,,missing_sales_or_operating_profit_for_required_cumulative_quarter
198A,ポストプライム,2026-07-15T15:20:00+09:00,< 2026-07-15,2025-05-31,1Q,1Q,selected_for_statistics,211.0,69.0,,,,211.0,69.0,,,,0.327014,0.235229,0.377049,4186,198A0,2024-10-15,2026-03-02 12:03:50,1QFinancialStatements_NonConsolidated_JP,55cf2f8b78088c6746714ac03f8f1fec2850e59ab5192ebf907a2063eca07dc9,"{""local_code"":""198A0"",""type_of_document"":""1QFinancialStatements_NonConsolidated_JP""}",,,,,,complete_cumulative_pl
198A,ポストプライム,2026-07-15T15:20:00+09:00,< 2026-07-15,2025-05-31,2Q,2Q,selected_for_statistics,449.0,147.0,,,,238.0,78.0,,,,0.327731,0.265329,0.42623,4187,198A0,2025-01-14,2026-03-02 12:03:50,2QFinancialStatements_Consolidated_JP,d59cbf54dd377a41565d0419011caf51dcb418127c667c56660881dcc1dab40f,"{""local_code"":""198A0"",""type_of_document"":""2QFinancialStatements_Consolidated_JP""}",,,,,,complete_cumulative_pl
198A,ポストプライム,2026-07-15T15:20:00+09:00,< 2026-07-15,2025-05-31,3Q,3Q,selected_for_statistics,684.0,198.0,,,,235.0,51.0,,,,0.217021,0.261984,0.278689,4188,198A0,2025-04-14,2026-03-02 12:03:50,3QFinancialStatements_Consolidated_JP,4d97cd3ca21b45b2ff1a7ec267b3011e50fb4923c8e4d65d33ee4e58bff63b1c,"{""local_code"":""198A0"",""type_of_document"":""3QFinancialStatements_Consolidated_JP""}",,,,,,complete_cumulative_pl
198A,ポストプライム,2026-07-15T15:20:00+09:00,< 2026-07-15,2025-05-31,4Q,FY,selected_for_statistics,897.0,183.0,,,,213.0,-15.0,,,,-0.070423,0.237458,-0.081967,4190,198A0,2025-07-11,2026-06-14T18:00:29.582631+09:00,FYFinancialStatements_Consolidated_JP,2c5dc17826a2b989607b78527d9e181cf9ac21819eeb063c53e7a31cb5090938,"{""local_code"":""198A0"",""type_of_document"":""FYFinancialStatements_Consolidated_JP""}",,,,,,complete_cumulative_pl
198A,ポストプライム,2026-07-15T15:20:00+09:00,< 2026-07-15,2026-05-31,1Q,1Q,incomplete_year,167.0,-87.0,,,,,,,,,,,,4191,198A0,2025-10-15,2026-06-14T18:02:13.777404+09:00,1QFinancialStatements_Consolidated_JP,33dccf5541f667b2028065ffff4be2ec23948b11cac21ff878eca99825b178a1,"{""local_code"":""198A0"",""type_of_document"":""1QFinancialStatements_Consolidated_JP""}",,,,,,missing_sales_or_operating_profit_for_required_cumulative_quarter
198A,ポストプライム,2026-07-15T15:20:00+09:00,< 2026-07-15,2026-05-31,2Q,2Q,incomplete_year,322.0,-144.0,,,,,,,,,,,,4192,198A0,2026-01-14,2026-06-14T18:04:55.597279+09:00,2QFinancialStatements_Consolidated_JP,8a91234341005f6e2635632c040f2882f2445078a153629c05aecba49ab65bd7,"{""local_code"":""198A0"",""type_of_document"":""2QFinancialStatements_Consolidated_JP""}",,,,,,missing_sales_or_operating_profit_for_required_cumulative_quarter
198A,ポストプライム,2026-07-15T15:20:00+09:00,< 2026-07-15,2026-05-31,3Q,3Q,incomplete_year,452.0,-188.0,,,,,,,,,,,,87438,198A0,2026-04-13,2026-06-14T18:07:37.636846+09:00,3QFinancialStatements_Consolidated_JP,fc6c36d6daef362736aff76a89b502e8351e0fd63cb03856ad9df97173c8cd30,"{""local_code"":""198A0"",""type_of_document"":""3QFinancialStatements_Consolidated_JP""}",,,,,,missing_sales_or_operating_profit_for_required_cumulative_quarter
198A,ポストプライム,2026-07-15T15:20:00+09:00,< 2026-07-15,2026-05-31,4Q,FY,incomplete_year,,,,,,,,,,,,,,,,,,,,,,,,,,missing_sales_or_operating_profit_for_required_cumulative_quarter
2337,いちご,2026-07-15T15:20:00+09:00,< 2026-07-15,2021-02-28,1Q,1Q,incomplete_year,,,,,,,,,,,,,,,,,,,,,,,,,,missing_sales_or_operating_profit_for_required_cumulative_quarter
2337,いちご,2026-07-15T15:20:00+09:00,< 2026-07-15,2021-02-28,2Q,2Q,incomplete_year,,,,,,,,,,,,,,,,,,,,,,,,,,missing_sales_or_operating_profit_for_required_cumulative_quarter
2337,いちご,2026-07-15T15:20:00+09:00,< 2026-07-15,2021-02-28,3Q,3Q,incomplete_year,,,,,,,,,,,,,,,,,,,,,,,,,,missing_sales_or_operating_profit_for_required_cumulative_quarter
2337,いちご,2026-07-15T15:20:00+09:00,< 2026-07-15,2021-02-28,4Q,FY,incomplete_year,61368.0,9668.0,,,,,,,,,,,,6844,23370,2021-04-19,2026-03-02 12:06:09,FYFinancialStatements_Consolidated_JP,e2de88a7b0f2018c22cbfd1b25113ff4e6078351df0a7450eb07e89f1769d240,"{""local_code"":""23370"",""type_of_document"":""FYFinancialStatements_Consolidated_JP""}",,,,,,missing_sales_or_operating_profit_for_required_cumulative_quarter
2337,いちご,2026-07-15T15:20:00+09:00,< 2026-07-15,2022-02-28,1Q,1Q,complete_not_latest_three,12674.0,3159.0,,,,12674.0,3159.0,,,,0.24925,0.222609,0.315332,6845,23370,2021-07-14,2026-03-02 12:06:09,1QFinancialStatements_Consolidated_JP,70844351bea891a223217a046d59404806acfa5d84674ab12e5f83d201fe13c7,"{""local_code"":""23370"",""type_of_document"":""1QFinancialStatements_Consolidated_JP""}",,,,,,complete_cumulative_pl
2337,いちご,2026-07-15T15:20:00+09:00,< 2026-07-15,2022-02-28,2Q,2Q,complete_not_latest_three,23303.0,4243.0,,,,10629.0,1084.0,,,,0.101985,0.18669,0.108205,6846,23370,2021-10-14,2026-03-02 12:06:09,2QFinancialStatements_Consolidated_JP,446a5635a8e336cb74f49ab956911796a749e479cb39bdc0f3d214e10e50c2b8,"{""local_code"":""23370"",""type_of_document"":""2QFinancialStatements_Consolidated_JP""}",,,,,,complete_cumulative_pl
2337,いちご,2026-07-15T15:20:00+09:00,< 2026-07-15,2022-02-28,3Q,3Q,complete_not_latest_three,29386.0,5036.0,,,,6083.0,793.0,,,,0.130363,0.106843,0.079158,6847,23370,2022-01-13,2026-03-02 12:06:09,3QFinancialStatements_Consolidated_JP,c05aa50e563d0f497cf1d5a6030e87860ea0570e4fc8cbbe4d84309630dad54c,"{""local_code"":""23370"",""type_of_document"":""3QFinancialStatements_Consolidated_JP""}",,,,,,complete_cumulative_pl
2337,いちご,2026-07-15T15:20:00+09:00,< 2026-07-15,2022-02-28,4Q,FY,complete_not_latest_three,56934.0,10018.0,,,,27548.0,4982.0,,,,0.180848,0.483859,0.497305,6848,23370,2022-04-19,2026-03-02 12:06:09,FYFinancialStatements_Consolidated_JP,ec69eae88bebe1380079fa25a94a75fff619f052424c2250535b4d8d9447b3dd,"{""local_code"":""23370"",""type_of_document"":""FYFinancialStatements_Consolidated_JP""}",,,,,,complete_cumulative_pl
2337,いちご,2026-07-15T15:20:00+09:00,< 2026-07-15,2023-02-28,1Q,1Q,complete_not_latest_three,16638.0,2723.0,,,,16638.0,2723.0,,,,0.163661,0.244342,0.21798,6849,23370,2022-07-14,2026-03-02 12:06:09,1QFinancialStatements_Consolidated_JP,d6c4135b54b4ee9ab5c9bf1dcf0d18f57338c1faed038a0b18ce3a51e6029646,"{""local_code"":""23370"",""type_of_document"":""1QFinancialStatements_Consolidated_JP""}",,,,,,complete_cumulative_pl
2337,いちご,2026-07-15T15:20:00+09:00,< 2026-07-15,2023-02-28,2Q,2Q,complete_not_latest_three,25475.0,5082.0,,,,8837.0,2359.0,,,,0.266946,0.129778,0.188841,6850,23370,2022-10-13,2026-03-02 12:06:09,2QFinancialStatements_Consolidated_JP,1758ae1382741c9b70d9e65563786bdd1bcd412835a838f50413a9755176d4fc,"{""local_code"":""23370"",""type_of_document"":""2QFinancialStatements_Consolidated_JP""}",,,,,,complete_cumulative_pl
2337,いちご,2026-07-15T15:20:00+09:00,< 2026-07-15,2023-02-28,3Q,3Q,complete_not_latest_three,52797.0,9111.0,,,,27322.0,4029.0,,,,0.147464,0.401245,0.322526,6851,23370,2023-01-12,2026-03-02 12:06:09,3QFinancialStatements_Consolidated_JP,a0b4df518b2097bcb94bd678a056edd6391cf94badfc2aafdd544142bda45bce,"{""local_code"":""23370"",""type_of_document"":""3QFinancialStatements_Consolidated_JP""}",,,,,,complete_cumulative_pl
2337,いちご,2026-07-15T15:20:00+09:00,< 2026-07-15,2023-02-28,4Q,FY,complete_not_latest_three,68093.0,12492.0,,,,15296.0,3381.0,,,,0.221038,0.224634,0.270653,6853,23370,2023-04-19,2026-03-02 12:06:09,FYFinancialStatements_Consolidated_JP,0de09d2ff9dd14747eb9ecd852fdc2ab6c48bd1b310a01144ab28038b3785b4a,"{""local_code"":""23370"",""type_of_document"":""FYFinancialStatements_Consolidated_JP""}",,,,,,complete_cumulative_pl
2337,いちご,2026-07-15T15:20:00+09:00,< 2026-07-15,2024-02-29,1Q,1Q,selected_for_statistics,10152.0,2445.0,,,,10152.0,2445.0,,,,0.240839,0.122687,0.188657,6854,23370,2023-07-13,2026-03-02 12:06:09,1QFinancialStatements_Consolidated_JP,bc8af75b3482683f15ee35333eb19e379bb4b2bbb0d14f5cdd0eebf7c71f692c,"{""local_code"":""23370"",""type_of_document"":""1QFinancialStatements_Consolidated_JP""}",,,,,,complete_cumulative_pl
2337,いちご,2026-07-15T15:20:00+09:00,< 2026-07-15,2024-02-29,2Q,2Q,selected_for_statistics,26496.0,5483.0,,,,16344.0,3038.0,,,,0.185879,0.197518,0.234414,6855,23370,2023-10-12,2026-03-02 12:06:09,2QFinancialStatements_Consolidated_JP,6b9429351f3c9bea3472348a1ed3bb8db3c667b8b1b2c56d73e90b08d0830061,"{""local_code"":""23370"",""type_of_document"":""2QFinancialStatements_Consolidated_JP""}",,,,,,complete_cumulative_pl
2337,いちご,2026-07-15T15:20:00+09:00,< 2026-07-15,2024-02-29,3Q,3Q,selected_for_statistics,38419.0,7927.0,,,,11923.0,2444.0,,,,0.204982,0.14409,0.18858,6856,23370,2024-01-11,2026-03-02 12:06:09,3QFinancialStatements_Consolidated_JP,789763ec6f700a74526f074d4717daefd4e1fd01d361feffb9020a2cdbcc0f7b,"{""local_code"":""23370"",""type_of_document"":""3QFinancialStatements_Consolidated_JP""}",,,,,,complete_cumulative_pl
2337,いちご,2026-07-15T15:20:00+09:00,< 2026-07-15,2024-02-29,4Q,FY,selected_for_statistics,82747.0,12960.0,,,,44328.0,5033.0,,,,0.11354,0.535705,0.388349,6858,23370,2024-04-15,2026-03-02 12:06:09,FYFinancialStatements_Consolidated_JP,f5daab2f6d78a2fa7420cc911658e71336ad66c37f6ba8d36dd6bbf9c8d2bbf0,"{""local_code"":""23370"",""type_of_document"":""FYFinancialStatements_Consolidated_JP""}",,,,,,complete_cumulative_pl
2337,いちご,2026-07-15T15:20:00+09:00,< 2026-07-15,2025-02-28,1Q,1Q,selected_for_statistics,25096.0,4221.0,,,,25096.0,4221.0,,,,0.168194,0.300278,0.258814,6859,23370,2024-07-11,2026-03-02 12:06:09,1QFinancialStatements_Consolidated_JP,e9005667a844594622474d87e33c6bc8f5598b19f94d2f67cf8b1c11b303f97b,"{""local_code"":""23370"",""type_of_document"":""1QFinancialStatements_Consolidated_JP""}",,,,,,complete_cumulative_pl
2337,いちご,2026-07-15T15:20:00+09:00,< 2026-07-15,2025-02-28,2Q,2Q,selected_for_statistics,36295.0,6855.0,,,,11199.0,2634.0,,,,0.2352,0.133998,0.161506,6860,23370,2024-10-10,2026-03-02 12:06:09,2QFinancialStatements_Consolidated_JP,a3b3822ea1f3810a9a3e12bf77d1bd897747e1efef23bf501f2e1b32fae79765,"{""local_code"":""23370"",""type_of_document"":""2QFinancialStatements_Consolidated_JP""}",,,,,,complete_cumulative_pl
2337,いちご,2026-07-15T15:20:00+09:00,< 2026-07-15,2025-02-28,3Q,3Q,selected_for_statistics,57227.0,10338.0,,,,20932.0,3483.0,,,,0.166396,0.250455,0.213563,6861,23370,2025-01-09,2026-03-02 12:06:09,3QFinancialStatements_Consolidated_JP,296c935488d788a2838d471c006747648dbbc4af3782f8df4cd8b7ee13e69cd3,"{""local_code"":""23370"",""type_of_document"":""3QFinancialStatements_Consolidated_JP""}",,,,,,complete_cumulative_pl
2337,いちご,2026-07-15T15:20:00+09:00,< 2026-07-15,2025-02-28,4Q,FY,selected_for_statistics,83576.0,16309.0,,,,26349.0,5971.0,,,,0.226612,0.31527,0.366117,6862,23370,2025-04-14,2026-03-02 12:06:09,FYFinancialStatements_Consolidated_JP,6aeda6cdddeff4b9c7b4f8264cf4d63d99e864ae2cbab19781545dd5ada26919,"{""local_code"":""23370"",""type_of_document"":""FYFinancialStatements_Consolidated_JP""}",,,,,,complete_cumulative_pl
2337,いちご,2026-07-15T15:20:00+09:00,< 2026-07-15,2026-02-28,1Q,1Q,selected_for_statistics,12487.0,3468.0,,,,12487.0,3468.0,,,,0.277729,0.134696,0.169593,6863,23370,2025-07-15,2026-06-14T18:00:31.482774+09:00,1QFinancialStatements_Consolidated_JP,7524f958cc440d02a9c93523b9b6e152bb6c76238a745d2edbfe1d5d992c4a31,"{""local_code"":""23370"",""type_of_document"":""1QFinancialStatements_Consolidated_JP""}",,,,,,complete_cumulative_pl
2337,いちご,2026-07-15T15:20:00+09:00,< 2026-07-15,2026-02-28,2Q,2Q,selected_for_statistics,51024.0,11261.0,,,,38537.0,7793.0,,,,0.202221,0.415695,0.381094,6864,23370,2025-10-14,2026-06-14T18:02:13.181289+09:00,2QFinancialStatements_Consolidated_JP,7fc2e999746215fb6e20d6c152f0fd6e07056cc871963d8d82d20d6272cfeaab,"{""local_code"":""23370"",""type_of_document"":""2QFinancialStatements_Consolidated_JP""}",,,,,,complete_cumulative_pl
2337,いちご,2026-07-15T15:20:00+09:00,< 2026-07-15,2026-02-28,3Q,3Q,selected_for_statistics,73017.0,15144.0,,,,21993.0,3883.0,,,,0.176556,0.237236,0.189887,6865,23370,2026-01-14,2026-06-14T18:04:55.596257+09:00,3QFinancialStatements_Consolidated_JP,7b81af8043a23898cc199c484a57ff7eea6dba3aeab2149af4eced76e72c0270,"{""local_code"":""23370"",""type_of_document"":""3QFinancialStatements_Consolidated_JP""}",,,,,,complete_cumulative_pl
2337,いちご,2026-07-15T15:20:00+09:00,< 2026-07-15,2026-02-28,4Q,FY,selected_for_statistics,92705.0,20449.0,,,,19688.0,5305.0,,,,0.269453,0.212373,0.259426,87530,23370,2026-04-14,2026-06-14T18:07:38.334262+09:00,FYFinancialStatements_Consolidated_JP,f7e873eadbe49acbaaa43aea9ab91af560e1835a1ffac45a0f7ab79118eca643,"{""local_code"":""23370"",""type_of_document"":""FYFinancialStatements_Consolidated_JP""}",,,,,,complete_cumulative_pl
244A,グロースエクパートナーズ,2026-07-15T15:20:00+09:00,< 2026-07-15,2024-08-31,1Q,1Q,incomplete_year,,,,,,,,,,,,,,,,,,,,,,,,,,missing_sales_or_operating_profit_for_required_cumulative_quarter
244A,グロースエクパートナーズ,2026-07-15T15:20:00+09:00,< 2026-07-15,2024-08-31,2Q,2Q,incomplete_year,,,,,,,,,,,,,,,,,,,,,,,,,,missing_sales_or_operating_profit_for_required_cumulative_quarter
244A,グロースエクパートナーズ,2026-07-15T15:20:00+09:00,< 2026-07-15,2024-08-31,3Q,3Q,incomplete_year,,,,,,,,,,,,,,,,,,,,,,,,,,missing_sales_or_operating_profit_for_required_cumulative_quarter
244A,グロースエクパートナーズ,2026-07-15T15:20:00+09:00,< 2026-07-15,2024-08-31,4Q,FY,incomplete_year,4422.0,602.0,,,,,,,,,,,,7960,244A0,2024-10-15,2026-03-02 12:06:52,FYFinancialStatements_Consolidated_JP,680701cf96d11ba7b9809c32efdc122bf610a4d68f965bfea226ebf8992faaf2,"{""local_code"":""244A0"",""type_of_document"":""FYFinancialStatements_Consolidated_JP""}",,,,,,missing_sales_or_operating_profit_for_required_cumulative_quarter
244A,グロースエクパートナーズ,2026-07-15T15:20:00+09:00,< 2026-07-15,2025-08-31,1Q,1Q,selected_for_statistics,1094.0,158.0,,,,1094.0,158.0,,,,0.144424,0.2151,0.204134,7961,244A0,2025-01-10,2026-03-02 12:06:52,1QFinancialStatements_Consolidated_JP,ca29cd726201b53071587609b817ef88a4e0e53f43fe7e0ffc9e3fd243c9495e,"{""local_code"":""244A0"",""type_of_document"":""1QFinancialStatements_Consolidated_JP""}",,,,,,complete_cumulative_pl
244A,グロースエクパートナーズ,2026-07-15T15:20:00+09:00,< 2026-07-15,2025-08-31,2Q,2Q,selected_for_statistics,2444.0,380.0,,,,1350.0,222.0,,,,0.164444,0.265435,0.286822,7962,244A0,2025-04-11,2026-03-02 12:06:52,2QFinancialStatements_Consolidated_JP,1adffa2b1c26c393eda7f8ff545c56745e197eb884a6436c91cf4c065e4db418,"{""local_code"":""244A0"",""type_of_document"":""2QFinancialStatements_Consolidated_JP""}",,,,,,complete_cumulative_pl
244A,グロースエクパートナーズ,2026-07-15T15:20:00+09:00,< 2026-07-15,2025-08-31,3Q,3Q,selected_for_statistics,3651.0,577.0,,,,1207.0,197.0,,,,0.163215,0.237318,0.254522,7963,244A0,2025-07-15,2026-06-14T18:00:31.483832+09:00,3QFinancialStatements_Consolidated_JP,504485a43cc17b12571c4e0adad5947e2a632403b13f1c26d61ffe90410f5b94,"{""local_code"":""244A0"",""type_of_document"":""3QFinancialStatements_Consolidated_JP""}",,,,,,complete_cumulative_pl
244A,グロースエクパートナーズ,2026-07-15T15:20:00+09:00,< 2026-07-15,2025-08-31,4Q,FY,selected_for_statistics,5086.0,774.0,,,,1435.0,197.0,,,,0.137282,0.282147,0.254522,7964,244A0,2025-10-15,2026-06-14T18:02:13.777404+09:00,FYFinancialStatements_Consolidated_JP,5fa5645a89d31861e83333dfd3d5c66cd135c841e1e3c862c52ead3e602186fc,"{""local_code"":""244A0"",""type_of_document"":""FYFinancialStatements_Consolidated_JP""}",,,,,,complete_cumulative_pl
244A,グロースエクパートナーズ,2026-07-15T15:20:00+09:00,< 2026-07-15,2026-08-31,1Q,1Q,incomplete_year,1097.0,99.0,,,,,,,,,,,,7965,244A0,2026-01-14,2026-06-14T18:04:55.597279+09:00,1QFinancialStatements_Consolidated_JP,baf313183d5b30cc88dd229c0b80a791a49908f0e7da686ac6e007ae23c811be,"{""local_code"":""244A0"",""type_of_document"":""1QFinancialStatements_Consolidated_JP""}",,,,,,missing_sales_or_operating_profit_for_required_cumulative_quarter
244A,グロースエクパートナーズ,2026-07-15T15:20:00+09:00,< 2026-07-15,2026-08-31,2Q,2Q,incomplete_year,2402.0,228.0,,,,,,,,,,,,87656,244A0,2026-04-14,2026-06-14T18:07:38.335835+09:00,2QFinancialStatements_Consolidated_JP,2d9c60eb85d7810be8b74ceb97bb686522a108665e4b6b53063d3a714dc331b2,"{""local_code"":""244A0"",""type_of_document"":""2QFinancialStatements_Consolidated_JP""}",,,,,,missing_sales_or_operating_profit_for_required_cumulative_quarter
244A,グロースエクパートナーズ,2026-07-15T15:20:00+09:00,< 2026-07-15,2026-08-31,3Q,3Q,incomplete_year,,,,,,,,,,,,,,,,,,,,,,,,,,missing_sales_or_operating_profit_for_required_cumulative_quarter
244A,グロースエクパートナーズ,2026-07-15T15:20:00+09:00,< 2026-07-15,2026-08-31,4Q,FY,incomplete_year,,,,,,,,,,,,,,,,,,,,,,,,,,missing_sales_or_operating_profit_for_required_cumulative_quarter
2484,出前館,2026-07-15T15:20:00+09:00,< 2026-07-15,2021-08-31,1Q,1Q,incomplete_year,,,,,,,,,,,,,,,,,,,,,,,,,,missing_sales_or_operating_profit_for_required_cumulative_quarter
2484,出前館,2026-07-15T15:20:00+09:00,< 2026-07-15,2021-08-31,2Q,2Q,incomplete_year,10464.0,-8387.0,,,,,,,,,,,,8284,24840,2021-03-26,2026-03-02 12:07:06,2QFinancialStatements_Consolidated_JP,e2e391382e0ea2c15db96b1709d4aafbc5a21cbb7c4a10cb1cc3c235e23236b1,"{""local_code"":""24840"",""type_of_document"":""2QFinancialStatements_Consolidated_JP""}",,,,,,missing_sales_or_operating_profit_for_required_cumulative_quarter
2484,出前館,2026-07-15T15:20:00+09:00,< 2026-07-15,2021-08-31,3Q,3Q,incomplete_year,18493.0,-12907.0,,,,,,,,,,,,8285,24840,2021-06-25,2026-03-02 12:07:06,3QFinancialStatements_Consolidated_JP,e0f47e594b8b4063ed894cac561426b83af7a609791e22cc62feceec18f2c741,"{""local_code"":""24840"",""type_of_document"":""3QFinancialStatements_Consolidated_JP""}",,,,,,missing_sales_or_operating_profit_for_required_cumulative_quarter
2484,出前館,2026-07-15T15:20:00+09:00,< 2026-07-15,2021-08-31,4Q,FY,incomplete_year,28954.0,-19157.0,,,,,,,,,,,,8287,24840,2021-12-28,2026-03-02 12:07:06,FYFinancialStatements_Consolidated_JP,dadfc6440896e23cff80efc6760999aa96042f0ebdf6acdedf2b4f1aba185b60,"{""local_code"":""24840"",""type_of_document"":""FYFinancialStatements_Consolidated_JP""}",,,,,,missing_sales_or_operating_profit_for_required_cumulative_quarter
2484,出前館,2026-07-15T15:20:00+09:00,< 2026-07-15,2022-08-31,1Q,1Q,complete_not_latest_three,10342.0,-8972.0,,,,10342.0,-8972.0,,,,-0.86753,0.218582,0.246199,8288,24840,2022-01-14,2026-03-02 12:07:06,1QFinancialStatements_Consolidated_JP,d223211e5f84c8d4aaf4effb0884c324f2f8789f45e474bea3a5db426acb06a7,"{""local_code"":""24840"",""type_of_document"":""1QFinancialStatements_Consolidated_JP""}",,,,,,complete_cumulative_pl
2484,出前館,2026-07-15T15:20:00+09:00,< 2026-07-15,2022-08-31,2Q,2Q,complete_not_latest_three,22737.0,-22422.0,,,,12395.0,-13450.0,,,,-1.085115,0.261973,0.36908,8289,24840,2022-04-14,2026-03-02 12:07:06,2QFinancialStatements_Consolidated_JP,8f5f8fab7332a4a31020fca7541c5a1ded5453a7814a9acb5df6970b8f4ad6ab,"{""local_code"":""24840"",""type_of_document"":""2QFinancialStatements_Consolidated_JP""}",,,,,,complete_cumulative_pl
2484,出前館,2026-07-15T15:20:00+09:00,< 2026-07-15,2022-08-31,3Q,3Q,complete_not_latest_three,34874.0,-29662.0,,,,12137.0,-7240.0,,,,-0.596523,0.25652,0.198672,8290,24840,2022-07-15,2026-03-02 12:07:06,3QFinancialStatements_Consolidated_JP,70453c7f48bf9d32ef3295eee450c24a2771c2af2a1b4b486892be7095629aa1,"{""local_code"":""24840"",""type_of_document"":""3QFinancialStatements_Consolidated_JP""}",,,,,,complete_cumulative_pl
2484,出前館,2026-07-15T15:20:00+09:00,< 2026-07-15,2022-08-31,4Q,FY,complete_not_latest_three,47314.0,-36442.0,,,,12440.0,-6780.0,,,,-0.545016,0.262924,0.186049,8292,24840,2022-10-17,2026-03-02 12:07:06,FYFinancialStatements_Consolidated_JP,926a2aeab0b9f510759a629e306ffb069d786464ad87623f1c1e74930442873e,"{""local_code"":""24840"",""type_of_document"":""FYFinancialStatements_Consolidated_JP""}",,,,,,complete_cumulative_pl
2484,出前館,2026-07-15T15:20:00+09:00,< 2026-07-15,2023-08-31,1Q,1Q,selected_for_statistics,12193.0,-4244.0,,,,12193.0,-4244.0,,,,-0.348069,0.237144,0.346195,8293,24840,2023-01-11,2026-03-02 12:07:06,1QFinancialStatements_Consolidated_JP,5dc7a7e7719b099468a2df0f38d7993c806da542691c66d9f10810e3ebf23c96,"{""local_code"":""24840"",""type_of_document"":""1QFinancialStatements_Consolidated_JP""}",,,,,,complete_cumulative_pl
2484,出前館,2026-07-15T15:20:00+09:00,< 2026-07-15,2023-08-31,2Q,2Q,selected_for_statistics,25386.0,-8739.0,,,,13193.0,-4495.0,,,,-0.340711,0.256593,0.366669,8295,24840,2023-04-12,2026-03-02 12:07:06,2QFinancialStatements_Consolidated_JP,ad4fb44b1c2f3bb223fb8d54cb766eebf715fe7e4f30171923a1720b34f09bbd,"{""local_code"":""24840"",""type_of_document"":""2QFinancialStatements_Consolidated_JP""}",,,,,,complete_cumulative_pl
2484,出前館,2026-07-15T15:20:00+09:00,< 2026-07-15,2023-08-31,3Q,3Q,selected_for_statistics,38420.0,-10746.0,,,,13034.0,-2007.0,,,,-0.153982,0.253501,0.163716,8296,24840,2023-07-12,2026-03-02 12:07:06,3QFinancialStatements_Consolidated_JP,2756e62fd6af0c7d6940e9d0d715e5e65fa6743da06b731f7c02360f06cb9c4a,"{""local_code"":""24840"",""type_of_document"":""3QFinancialStatements_Consolidated_JP""}",,,,,,complete_cumulative_pl
2484,出前館,2026-07-15T15:20:00+09:00,< 2026-07-15,2023-08-31,4Q,FY,selected_for_statistics,51416.0,-12259.0,,,,12996.0,-1513.0,,,,-0.11642,0.252762,0.12342,8298,24840,2023-10-13,2026-03-02 12:07:06,FYFinancialStatements_Consolidated_JP,f930604771535e01473e9829a709fad170124bd07b2343a52d74c7257662e9fe,"{""local_code"":""24840"",""type_of_document"":""FYFinancialStatements_Consolidated_JP""}",,,,,,complete_cumulative_pl
2484,出前館,2026-07-15T15:20:00+09:00,< 2026-07-15,2024-08-31,1Q,1Q,selected_for_statistics,12107.0,-1256.0,,,,12107.0,-1256.0,,,,-0.103742,0.240166,0.209648,8299,24840,2024-01-15,2026-03-02 12:07:06,1QFinancialStatements_Consolidated_JP,ea46094af8c4b687b335d3a1a8abd5aa9dfa2c1d4fcf589e8b4d5c0b5faac947,"{""local_code"":""24840"",""type_of_document"":""1QFinancialStatements_Consolidated_JP""}",,,,,,complete_cumulative_pl
2484,出前館,2026-07-15T15:20:00+09:00,< 2026-07-15,2024-08-31,2Q,2Q,selected_for_statistics,25551.0,-4394.0,,,,13444.0,-3138.0,,,,-0.233413,0.266688,0.523786,8300,24840,2024-04-15,2026-03-02 12:07:06,2QFinancialStatements_Consolidated_JP,fa2b6728183973d7ad6bc1ce8e386c504ac09912f526d9ed80d7611e8f8afe42,"{""local_code"":""24840"",""type_of_document"":""2QFinancialStatements_Consolidated_JP""}",,,,,,complete_cumulative_pl
2484,出前館,2026-07-15T15:20:00+09:00,< 2026-07-15,2024-08-31,3Q,3Q,selected_for_statistics,38114.0,-5198.0,,,,12563.0,-804.0,,,,-0.063997,0.249211,0.134201,8302,24840,2024-07-12,2026-03-02 12:07:06,3QFinancialStatements_Consolidated_JP,771bce0389923870d1e2f14a10be810cf098f0fd170b7ee221bbaa341f3f288b,"{""local_code"":""24840"",""type_of_document"":""3QFinancialStatements_Consolidated_JP""}",,,,,,complete_cumulative_pl
2484,出前館,2026-07-15T15:20:00+09:00,< 2026-07-15,2024-08-31,4Q,FY,selected_for_statistics,50411.0,-5991.0,,,,12297.0,-793.0,,,,-0.064487,0.243935,0.132365,8303,24840,2024-10-11,2026-03-02 12:07:06,FYFinancialStatements_Consolidated_JP,3b33f7cf325d16033b368c5c37057070b67b3b6fe1489a942703bde18c72a13d,"{""local_code"":""24840"",""type_of_document"":""FYFinancialStatements_Consolidated_JP""}",,,,,,complete_cumulative_pl
2484,出前館,2026-07-15T15:20:00+09:00,< 2026-07-15,2025-08-31,1Q,1Q,selected_for_statistics,11048.0,-400.0,,,,11048.0,-400.0,,,,-0.036206,0.27814,0.081251,8304,24840,2025-01-14,2026-03-02 12:07:06,1QFinancialStatements_Consolidated_JP,e4444eef22167ac9c1b2d2dd1bc3771a6a0842fd3bf533dcfef8a1054a0d60c1,"{""local_code"":""24840"",""type_of_document"":""1QFinancialStatements_Consolidated_JP""}",,,,,,complete_cumulative_pl
2484,出前館,2026-07-15T15:20:00+09:00,< 2026-07-15,2025-08-31,2Q,2Q,selected_for_statistics,20873.0,-1286.0,,,,9825.0,-886.0,,,,-0.090178,0.24735,0.179972,8305,24840,2025-04-14,2026-03-02 12:07:06,2QFinancialStatements_Consolidated_JP,07c4995daf5c0b0e66c68ff6d6baf772ff9fb15e2c5fa8c5d772ae6093126026,"{""local_code"":""24840"",""type_of_document"":""2QFinancialStatements_Consolidated_JP""}",,,,,,complete_cumulative_pl
2484,出前館,2026-07-15T15:20:00+09:00,< 2026-07-15,2025-08-31,3Q,3Q,selected_for_statistics,30170.0,-3075.0,,,,9297.0,-1789.0,,,,-0.192428,0.234058,0.363396,8307,24840,2025-07-15,2026-06-14T18:00:31.482774+09:00,3QFinancialStatements_Consolidated_JP,af2d25a3a64153814b885bd2254f7f42577bce88c51d2db50a06e2052d8aac92,"{""local_code"":""24840"",""type_of_document"":""3QFinancialStatements_Consolidated_JP""}",,,,,,complete_cumulative_pl
2484,出前館,2026-07-15T15:20:00+09:00,< 2026-07-15,2025-08-31,4Q,FY,selected_for_statistics,39721.0,-4923.0,,,,9551.0,-1848.0,,,,-0.193488,0.240452,0.375381,8308,24840,2025-10-15,2026-06-14T18:02:13.777404+09:00,FYFinancialStatements_Consolidated_JP,1222c1ae0f78a55c9ded9ecb16bbd82c25d743f02e833402b92fff4c86bc09aa,"{""local_code"":""24840"",""type_of_document"":""FYFinancialStatements_Consolidated_JP""}",,,,,,complete_cumulative_pl
2484,出前館,2026-07-15T15:20:00+09:00,< 2026-07-15,2026-08-31,1Q,1Q,incomplete_year,8989.0,-1681.0,,,,,,,,,,,,8309,24840,2026-01-14,2026-06-14T18:04:55.594603+09:00,1QFinancialStatements_Consolidated_JP,58363960aa2cf6cffd7adf7a1d5c9dce3eaa3353699e1bb3ac73f771f1ce4d4a,"{""local_code"":""24840"",""type_of_document"":""1QFinancialStatements_Consolidated_JP""}",,,,,,missing_sales_or_operating_profit_for_required_cumulative_quarter
2484,出前館,2026-07-15T15:20:00+09:00,< 2026-07-15,2026-08-31,2Q,2Q,incomplete_year,17979.0,-3200.0,,,,,,,,,,,,87497,24840,2026-04-14,2026-06-14T18:07:38.333759+09:00,2QFinancialStatements_Consolidated_JP,4420dd1a7a6a2cb8ac4f0eb55606de1509dd1008c42833fef190aaeb830a78ab,"{""local_code"":""24840"",""type_of_document"":""2QFinancialStatements_Consolidated_JP""}",,,,,,missing_sales_or_operating_profit_for_required_cumulative_quarter
2484,出前館,2026-07-15T15:20:00+09:00,< 2026-07-15,2026-08-31,3Q,3Q,incomplete_year,,,,,,,,,,,,,,,,,,,,,,,,,,missing_sales_or_operating_profit_for_required_cumulative_quarter
2484,出前館,2026-07-15T15:20:00+09:00,< 2026-07-15,2026-08-31,4Q,FY,incomplete_year,,,,,,,,,,,,,,,,,,,,,,,,,,missing_sales_or_operating_profit_for_required_cumulative_quarter
280A,TMH,2026-07-15T15:20:00+09:00,< 2026-07-15,2024-11-30,1Q,1Q,incomplete_year,,,,,,,,,,,,,,,,,,,,,,,,,,missing_sales_or_operating_profit_for_required_cumulative_quarter
280A,TMH,2026-07-15T15:20:00+09:00,< 2026-07-15,2024-11-30,2Q,2Q,incomplete_year,,,,,,,,,,,,,,,,,,,,,,,,,,missing_sales_or_operating_profit_for_required_cumulative_quarter
280A,TMH,2026-07-15T15:20:00+09:00,< 2026-07-15,2024-11-30,3Q,3Q,incomplete_year,,,,,,,,,,,,,,,,,,,,,,,,,,missing_sales_or_operating_profit_for_required_cumulative_quarter
280A,TMH,2026-07-15T15:20:00+09:00,< 2026-07-15,2024-11-30,4Q,FY,incomplete_year,6017.0,323.0,,,,,,,,,,,,10788,280A0,2025-01-14,2026-03-02 12:09:16,FYFinancialStatements_NonConsolidated_JP,6529f1aef46f13286703a5102c6f49d60756263e2425f535e16ed43b0b83df5c,"{""local_code"":""280A0"",""type_of_document"":""FYFinancialStatements_NonConsolidated_JP""}",,,,,,missing_sales_or_operating_profit_for_required_cumulative_quarter
280A,TMH,2026-07-15T15:20:00+09:00,< 2026-07-15,2025-11-30,1Q,1Q,selected_for_statistics,2305.0,65.0,,,,2305.0,65.0,,,,0.0282,0.267153,0.183099,10789,280A0,2025-04-14,2026-03-02 12:09:16,1QFinancialStatements_NonConsolidated_JP,e5acb6e9ad71a6a66cf8ab65ca2c6631a614a983da2e2fc88c1ac1ceaad4b25a,"{""local_code"":""280A0"",""type_of_document"":""1QFinancialStatements_NonConsolidated_JP""}",,,,,,complete_cumulative_pl
280A,TMH,2026-07-15T15:20:00+09:00,< 2026-07-15,2025-11-30,2Q,2Q,selected_for_statistics,6522.0,285.0,,,,4217.0,220.0,,,,0.05217,0.488758,0.619718,10790,280A0,2025-07-15,2026-06-14T18:00:31.482774+09:00,2QFinancialStatements_NonConsolidated_JP,c02bca804276061699eaa65b7e69fc0b28b47833f2a784373195d7f76a391096,"{""local_code"":""280A0"",""type_of_document"":""2QFinancialStatements_NonConsolidated_JP""}",,,,,,complete_cumulative_pl
280A,TMH,2026-07-15T15:20:00+09:00,< 2026-07-15,2025-11-30,3Q,3Q,selected_for_statistics,6929.0,209.0,,,,407.0,-76.0,,,,-0.186732,0.047172,-0.214085,10791,280A0,2025-10-14,2026-06-14T18:02:13.181289+09:00,3QFinancialStatements_Consolidated_JP,baca7439770ee62ea04203df103ff172e86989897d37aeb6e4f3b44062164ccb,"{""local_code"":""280A0"",""type_of_document"":""3QFinancialStatements_Consolidated_JP""}",,,,,,complete_cumulative_pl
280A,TMH,2026-07-15T15:20:00+09:00,< 2026-07-15,2025-11-30,4Q,FY,selected_for_statistics,8628.0,355.0,,,,1699.0,146.0,,,,0.085933,0.196917,0.411268,10792,280A0,2026-01-14,2026-06-14T18:04:55.595741+09:00,FYFinancialStatements_Consolidated_JP,54296ee55c78eddb353f3d0fa6691acb4d3924356efcd2c96ec3709bb04bb6b3,"{""local_code"":""280A0"",""type_of_document"":""FYFinancialStatements_Consolidated_JP""}",,,,,,complete_cumulative_pl
280A,TMH,2026-07-15T15:20:00+09:00,< 2026-07-15,2026-11-30,1Q,1Q,incomplete_year,814.0,-44.0,,,,,,,,,,,,87485,280A0,2026-04-14,2026-06-14T18:07:38.332758+09:00,1QFinancialStatements_Consolidated_JP,7edb4a2de1a89e1240b2012709f245f778e8ad65515f85caa4a1738c106c79e3,"{""local_code"":""280A0"",""type_of_document"":""1QFinancialStatements_Consolidated_JP""}",,,,,,missing_sales_or_operating_profit_for_required_cumulative_quarter
280A,TMH,2026-07-15T15:20:00+09:00,< 2026-07-15,2026-11-30,2Q,2Q,incomplete_year,,,,,,,,,,,,,,,,,,,,,,,,,,missing_sales_or_operating_profit_for_required_cumulative_quarter
280A,TMH,2026-07-15T15:20:00+09:00,< 2026-07-15,2026-11-30,3Q,3Q,incomplete_year,,,,,,,,,,,,,,,,,,,,,,,,,,missing_sales_or_operating_profit_for_required_cumulative_quarter
280A,TMH,2026-07-15T15:20:00+09:00,< 2026-07-15,2026-11-30,4Q,FY,incomplete_year,,,,,,,,,,,,,,,,,,,,,,,,,,missing_sales_or_operating_profit_for_required_cumulative_quarter
