[2026/03/13  0:00:01.43] Starting ingest 
[00:00:01] [db] config: write_key_type=service_role read_key_type=service_role
[00:00:03] [pipeline_run] started: ingest (id=111, trigger=scheduler)
[00:00:03] [filings_ingest] start dry_run=False company_code=ALL
[00:00:03] [API] yanoshin.jp APIから取得中: https://webapi.yanoshin.jp/webapi/tdnet/list/today.json
[00:00:03] [API] detected_schema=items, raw_items_count=0
[00:00:03] [API] fetched_count=0
[00:00:03] [API] fetched_count=0, filtered_count=0, forecast_revision_count=0, financial_statement_count=0
[00:00:03] [API] new_count=0 already_processed=0 already_processed_financial_statement=0 new_financial_statement=0
[00:00:03] [INGEST] run=ingest-5a340af5 new_items=0 target_statements=0 non_target=0 (forecast_revision=0, other=0)
[00:00:03] [INGEST] run=ingest-5a340af5 processed=0 success=0 skipped=0 error=0 (tanshin=0)
[00:00:03] [filings_ingest] done total=0 success=0 errors=0
[00:00:03] [pipeline_run] finished: ingest status=done elapsed=1.8s id=111 processed=0 success=0 failed=0
[2026/03/13  0:00:03.92] Finished (exit=0) 
[2026/03/13  0:10:02.00] Starting ingest 
[00:10:02] [db] config: write_key_type=service_role read_key_type=service_role
[00:10:03] [pipeline_run] started: ingest (id=112, trigger=scheduler)
[00:10:03] [filings_ingest] start dry_run=False company_code=ALL
[00:10:03] [API] yanoshin.jp APIから取得中: https://webapi.yanoshin.jp/webapi/tdnet/list/today.json
[00:10:03] [API] detected_schema=items, raw_items_count=0
[00:10:03] [API] fetched_count=0
[00:10:03] [API] fetched_count=0, filtered_count=0, forecast_revision_count=0, financial_statement_count=0
[00:10:03] [API] new_count=0 already_processed=0 already_processed_financial_statement=0 new_financial_statement=0
[00:10:03] [INGEST] run=ingest-4481ff87 new_items=0 target_statements=0 non_target=0 (forecast_revision=0, other=0)
[00:10:03] [INGEST] run=ingest-4481ff87 processed=0 success=0 skipped=0 error=0 (tanshin=0)
[00:10:03] [filings_ingest] done total=0 success=0 errors=0
[00:10:03] [pipeline_run] finished: ingest status=done elapsed=0.8s id=112 processed=0 success=0 failed=0
[2026/03/13  0:10:03.84] Finished (exit=0) 
[2026/03/13  0:20:01.39] Starting ingest 
[00:20:01] [db] config: write_key_type=service_role read_key_type=service_role
[00:20:01] [pipeline_run] started: ingest (id=113, trigger=scheduler)
[00:20:02] [filings_ingest] start dry_run=False company_code=ALL
[00:20:02] [API] yanoshin.jp APIから取得中: https://webapi.yanoshin.jp/webapi/tdnet/list/today.json
[00:20:02] [API] detected_schema=items, raw_items_count=0
[00:20:02] [API] fetched_count=0
[00:20:02] [API] fetched_count=0, filtered_count=0, forecast_revision_count=0, financial_statement_count=0
[00:20:02] [API] new_count=0 already_processed=0 already_processed_financial_statement=0 new_financial_statement=0
[00:20:02] [INGEST] run=ingest-3080ed9c new_items=0 target_statements=0 non_target=0 (forecast_revision=0, other=0)
[00:20:02] [INGEST] run=ingest-3080ed9c processed=0 success=0 skipped=0 error=0 (tanshin=0)
[00:20:02] [filings_ingest] done total=0 success=0 errors=0
[00:20:02] [pipeline_run] finished: ingest status=done elapsed=0.6s id=113 processed=0 success=0 failed=0
[2026/03/13  0:20:02.50] Finished (exit=0) 
[2026/03/13  0:30:01.39] Starting ingest 
[00:30:01] [db] config: write_key_type=service_role read_key_type=service_role
[00:30:01] [pipeline_run] started: ingest (id=114, trigger=scheduler)
[00:30:02] [filings_ingest] start dry_run=False company_code=ALL
[00:30:02] [API] yanoshin.jp APIから取得中: https://webapi.yanoshin.jp/webapi/tdnet/list/today.json
[00:30:02] [API] detected_schema=items, raw_items_count=0
[00:30:02] [API] fetched_count=0
[00:30:02] [API] fetched_count=0, filtered_count=0, forecast_revision_count=0, financial_statement_count=0
[00:30:02] [API] new_count=0 already_processed=0 already_processed_financial_statement=0 new_financial_statement=0
[00:30:02] [INGEST] run=ingest-9cb47026 new_items=0 target_statements=0 non_target=0 (forecast_revision=0, other=0)
[00:30:02] [INGEST] run=ingest-9cb47026 processed=0 success=0 skipped=0 error=0 (tanshin=0)
[00:30:02] [filings_ingest] done total=0 success=0 errors=0
[00:30:03] [pipeline_run] finished: ingest status=done elapsed=0.6s id=114 processed=0 success=0 failed=0
[2026/03/13  0:30:03.49] Finished (exit=0) 
[2026/03/13  0:40:01.40] Starting ingest 
[00:40:01] [db] config: write_key_type=service_role read_key_type=service_role
[00:40:01] [pipeline_run] started: ingest (id=115, trigger=scheduler)
[00:40:02] [filings_ingest] start dry_run=False company_code=ALL
[00:40:02] [API] yanoshin.jp APIから取得中: https://webapi.yanoshin.jp/webapi/tdnet/list/today.json
[00:40:02] [API] detected_schema=items, raw_items_count=0
[00:40:02] [API] fetched_count=0
[00:40:02] [API] fetched_count=0, filtered_count=0, forecast_revision_count=0, financial_statement_count=0
[00:40:02] [API] new_count=0 already_processed=0 already_processed_financial_statement=0 new_financial_statement=0
[00:40:02] [INGEST] run=ingest-7336c366 new_items=0 target_statements=0 non_target=0 (forecast_revision=0, other=0)
[00:40:02] [INGEST] run=ingest-7336c366 processed=0 success=0 skipped=0 error=0 (tanshin=0)
[00:40:02] [filings_ingest] done total=0 success=0 errors=0
[00:40:02] [pipeline_run] finished: ingest status=done elapsed=0.6s id=115 processed=0 success=0 failed=0
[2026/03/13  0:40:02.50] Finished (exit=0) 
[2026/03/13  0:50:01.41] Starting ingest 
[00:50:01] [db] config: write_key_type=service_role read_key_type=service_role
[00:50:01] [pipeline_run] started: ingest (id=116, trigger=scheduler)
[00:50:02] [filings_ingest] start dry_run=False company_code=ALL
[00:50:02] [API] yanoshin.jp APIから取得中: https://webapi.yanoshin.jp/webapi/tdnet/list/today.json
[00:50:02] [API] detected_schema=items, raw_items_count=0
[00:50:02] [API] fetched_count=0
[00:50:02] [API] fetched_count=0, filtered_count=0, forecast_revision_count=0, financial_statement_count=0
[00:50:02] [API] new_count=0 already_processed=0 already_processed_financial_statement=0 new_financial_statement=0
[00:50:02] [INGEST] run=ingest-1e53052f new_items=0 target_statements=0 non_target=0 (forecast_revision=0, other=0)
[00:50:02] [INGEST] run=ingest-1e53052f processed=0 success=0 skipped=0 error=0 (tanshin=0)
[00:50:02] [filings_ingest] done total=0 success=0 errors=0
[00:50:02] [pipeline_run] finished: ingest status=done elapsed=0.6s id=116 processed=0 success=0 failed=0
[2026/03/13  0:50:02.79] Finished (exit=0) 
[2026/03/13  1:00:01.43] Starting ingest 
[01:00:01] [db] config: write_key_type=service_role read_key_type=service_role
[01:00:02] [pipeline_run] started: ingest (id=117, trigger=scheduler)
[01:00:02] [filings_ingest] start dry_run=False company_code=ALL
[01:00:02] [API] yanoshin.jp APIから取得中: https://webapi.yanoshin.jp/webapi/tdnet/list/today.json
[01:00:02] [API] detected_schema=items, raw_items_count=0
[01:00:02] [API] fetched_count=0
[01:00:02] [API] fetched_count=0, filtered_count=0, forecast_revision_count=0, financial_statement_count=0
[01:00:02] [API] new_count=0 already_processed=0 already_processed_financial_statement=0 new_financial_statement=0
[01:00:02] [INGEST] run=ingest-030263bc new_items=0 target_statements=0 non_target=0 (forecast_revision=0, other=0)
[01:00:02] [INGEST] run=ingest-030263bc processed=0 success=0 skipped=0 error=0 (tanshin=0)
[01:00:02] [filings_ingest] done total=0 success=0 errors=0
[01:00:02] [pipeline_run] finished: ingest status=done elapsed=0.6s id=117 processed=0 success=0 failed=0
[2026/03/13  1:00:02.75] Finished (exit=0) 
[2026/03/13  1:10:01.44] Starting ingest 
[01:10:01] [db] config: write_key_type=service_role read_key_type=service_role
[01:10:02] [pipeline_run] started: ingest (id=118, trigger=scheduler)
[01:10:02] [filings_ingest] start dry_run=False company_code=ALL
[01:10:02] [API] yanoshin.jp APIから取得中: https://webapi.yanoshin.jp/webapi/tdnet/list/today.json
[01:10:02] [API] detected_schema=items, raw_items_count=0
[01:10:02] [API] fetched_count=0
[01:10:02] [API] fetched_count=0, filtered_count=0, forecast_revision_count=0, financial_statement_count=0
[01:10:02] [API] new_count=0 already_processed=0 already_processed_financial_statement=0 new_financial_statement=0
[01:10:02] [INGEST] run=ingest-b90b8ba8 new_items=0 target_statements=0 non_target=0 (forecast_revision=0, other=0)
[01:10:02] [INGEST] run=ingest-b90b8ba8 processed=0 success=0 skipped=0 error=0 (tanshin=0)
[01:10:02] [filings_ingest] done total=0 success=0 errors=0
[01:10:02] [pipeline_run] finished: ingest status=done elapsed=0.6s id=118 processed=0 success=0 failed=0
[2026/03/13  1:10:02.60] Finished (exit=0) 
[2026/03/13  1:20:01.44] Starting ingest 
[01:20:01] [db] config: write_key_type=service_role read_key_type=service_role
[01:20:01] [pipeline_run] started: ingest (id=119, trigger=scheduler)
[01:20:02] [filings_ingest] start dry_run=False company_code=ALL
[01:20:02] [API] yanoshin.jp APIから取得中: https://webapi.yanoshin.jp/webapi/tdnet/list/today.json
[01:20:02] [API] detected_schema=items, raw_items_count=0
[01:20:02] [API] fetched_count=0
[01:20:02] [API] fetched_count=0, filtered_count=0, forecast_revision_count=0, financial_statement_count=0
[01:20:02] [API] new_count=0 already_processed=0 already_processed_financial_statement=0 new_financial_statement=0
[01:20:02] [INGEST] run=ingest-9e0856c5 new_items=0 target_statements=0 non_target=0 (forecast_revision=0, other=0)
[01:20:02] [INGEST] run=ingest-9e0856c5 processed=0 success=0 skipped=0 error=0 (tanshin=0)
[01:20:02] [filings_ingest] done total=0 success=0 errors=0
[01:20:02] [pipeline_run] finished: ingest status=done elapsed=0.5s id=119 processed=0 success=0 failed=0
[2026/03/13  1:20:02.41] Finished (exit=0) 
[2026/03/13  1:30:01.46] Starting ingest 
[01:30:01] [db] config: write_key_type=service_role read_key_type=service_role
[01:30:01] [pipeline_run] started: ingest (id=120, trigger=scheduler)
[01:30:02] [filings_ingest] start dry_run=False company_code=ALL
[01:30:02] [API] yanoshin.jp APIから取得中: https://webapi.yanoshin.jp/webapi/tdnet/list/today.json
[01:30:02] [API] detected_schema=items, raw_items_count=0
[01:30:02] [API] fetched_count=0
[01:30:02] [API] fetched_count=0, filtered_count=0, forecast_revision_count=0, financial_statement_count=0
[01:30:02] [API] new_count=0 already_processed=0 already_processed_financial_statement=0 new_financial_statement=0
[01:30:02] [INGEST] run=ingest-47c868e0 new_items=0 target_statements=0 non_target=0 (forecast_revision=0, other=0)
[01:30:02] [INGEST] run=ingest-47c868e0 processed=0 success=0 skipped=0 error=0 (tanshin=0)
[01:30:02] [filings_ingest] done total=0 success=0 errors=0
[01:30:02] [pipeline_run] finished: ingest status=done elapsed=0.6s id=120 processed=0 success=0 failed=0
[2026/03/13  1:30:02.54] Finished (exit=0) 
[2026/03/13  1:40:01.47] Starting ingest 
[01:40:01] [db] config: write_key_type=service_role read_key_type=service_role
[01:40:01] [pipeline_run] started: ingest (id=121, trigger=scheduler)
[01:40:02] [filings_ingest] start dry_run=False company_code=ALL
[01:40:02] [API] yanoshin.jp APIから取得中: https://webapi.yanoshin.jp/webapi/tdnet/list/today.json
[01:40:02] [API] detected_schema=items, raw_items_count=0
[01:40:02] [API] fetched_count=0
[01:40:02] [API] fetched_count=0, filtered_count=0, forecast_revision_count=0, financial_statement_count=0
[01:40:02] [API] new_count=0 already_processed=0 already_processed_financial_statement=0 new_financial_statement=0
[01:40:02] [INGEST] run=ingest-3076bfd1 new_items=0 target_statements=0 non_target=0 (forecast_revision=0, other=0)
[01:40:02] [INGEST] run=ingest-3076bfd1 processed=0 success=0 skipped=0 error=0 (tanshin=0)
[01:40:02] [filings_ingest] done total=0 success=0 errors=0
[01:40:02] [pipeline_run] finished: ingest status=done elapsed=0.6s id=121 processed=0 success=0 failed=0
[2026/03/13  1:40:02.54] Finished (exit=0) 
[2026/03/13  1:50:01.47] Starting ingest 
[01:50:01] [db] config: write_key_type=service_role read_key_type=service_role
[01:50:01] [pipeline_run] started: ingest (id=122, trigger=scheduler)
[01:50:02] [filings_ingest] start dry_run=False company_code=ALL
[01:50:02] [API] yanoshin.jp APIから取得中: https://webapi.yanoshin.jp/webapi/tdnet/list/today.json
[01:50:02] [API] detected_schema=items, raw_items_count=0
[01:50:02] [API] fetched_count=0
[01:50:02] [API] fetched_count=0, filtered_count=0, forecast_revision_count=0, financial_statement_count=0
[01:50:02] [API] new_count=0 already_processed=0 already_processed_financial_statement=0 new_financial_statement=0
[01:50:02] [INGEST] run=ingest-b0dacfe3 new_items=0 target_statements=0 non_target=0 (forecast_revision=0, other=0)
[01:50:02] [INGEST] run=ingest-b0dacfe3 processed=0 success=0 skipped=0 error=0 (tanshin=0)
[01:50:02] [filings_ingest] done total=0 success=0 errors=0
[01:50:02] [pipeline_run] finished: ingest status=done elapsed=0.5s id=122 processed=0 success=0 failed=0
[2026/03/13  1:50:02.55] Finished (exit=0) 
[2026/03/13  2:00:01.48] Starting ingest 
[02:00:01] [db] config: write_key_type=service_role read_key_type=service_role
[02:00:01] [pipeline_run] started: ingest (id=123, trigger=scheduler)
[02:00:02] [filings_ingest] start dry_run=False company_code=ALL
[02:00:02] [API] yanoshin.jp APIから取得中: https://webapi.yanoshin.jp/webapi/tdnet/list/today.json
[02:00:02] [API] detected_schema=items, raw_items_count=0
[02:00:02] [API] fetched_count=0
[02:00:02] [API] fetched_count=0, filtered_count=0, forecast_revision_count=0, financial_statement_count=0
[02:00:02] [API] new_count=0 already_processed=0 already_processed_financial_statement=0 new_financial_statement=0
[02:00:02] [INGEST] run=ingest-ad8147de new_items=0 target_statements=0 non_target=0 (forecast_revision=0, other=0)
[02:00:02] [INGEST] run=ingest-ad8147de processed=0 success=0 skipped=0 error=0 (tanshin=0)
[02:00:02] [filings_ingest] done total=0 success=0 errors=0
[02:00:02] [pipeline_run] finished: ingest status=done elapsed=0.8s id=123 processed=0 success=0 failed=0
[2026/03/13  2:00:02.77] Finished (exit=0) 
[2026/03/13  2:10:01.46] Starting ingest 
[02:10:01] [db] config: write_key_type=service_role read_key_type=service_role
[02:10:01] [pipeline_run] started: ingest (id=125, trigger=scheduler)
[02:10:02] [filings_ingest] start dry_run=False company_code=ALL
[02:10:02] [API] yanoshin.jp APIから取得中: https://webapi.yanoshin.jp/webapi/tdnet/list/today.json
[02:10:02] [API] detected_schema=items, raw_items_count=0
[02:10:02] [API] fetched_count=0
[02:10:02] [API] fetched_count=0, filtered_count=0, forecast_revision_count=0, financial_statement_count=0
[02:10:02] [API] new_count=0 already_processed=0 already_processed_financial_statement=0 new_financial_statement=0
[02:10:02] [INGEST] run=ingest-5939779e new_items=0 target_statements=0 non_target=0 (forecast_revision=0, other=0)
[02:10:02] [INGEST] run=ingest-5939779e processed=0 success=0 skipped=0 error=0 (tanshin=0)
[02:10:02] [filings_ingest] done total=0 success=0 errors=0
[02:10:02] [pipeline_run] finished: ingest status=done elapsed=0.5s id=125 processed=0 success=0 failed=0
[2026/03/13  2:10:02.54] Finished (exit=0) 
[2026/03/13  2:20:01.48] Starting ingest 
[02:20:01] [db] config: write_key_type=service_role read_key_type=service_role
[02:20:02] [pipeline_run] started: ingest (id=126, trigger=scheduler)
[02:20:02] [filings_ingest] start dry_run=False company_code=ALL
[02:20:02] [API] yanoshin.jp APIから取得中: https://webapi.yanoshin.jp/webapi/tdnet/list/today.json
[02:20:02] [API] detected_schema=items, raw_items_count=0
[02:20:02] [API] fetched_count=0
[02:20:02] [API] fetched_count=0, filtered_count=0, forecast_revision_count=0, financial_statement_count=0
[02:20:02] [API] new_count=0 already_processed=0 already_processed_financial_statement=0 new_financial_statement=0
[02:20:02] [INGEST] run=ingest-f337556f new_items=0 target_statements=0 non_target=0 (forecast_revision=0, other=0)
[02:20:02] [INGEST] run=ingest-f337556f processed=0 success=0 skipped=0 error=0 (tanshin=0)
[02:20:02] [filings_ingest] done total=0 success=0 errors=0
[02:20:02] [pipeline_run] finished: ingest status=done elapsed=0.5s id=126 processed=0 success=0 failed=0
[2026/03/13  2:20:02.53] Finished (exit=0) 
[2026/03/13  2:30:01.48] Starting ingest 
[02:30:01] [db] config: write_key_type=service_role read_key_type=service_role
[02:30:02] [pipeline_run] started: ingest (id=127, trigger=scheduler)
[02:30:02] [filings_ingest] start dry_run=False company_code=ALL
[02:30:02] [API] yanoshin.jp APIから取得中: https://webapi.yanoshin.jp/webapi/tdnet/list/today.json
[02:30:03] [API] detected_schema=items, raw_items_count=0
[02:30:03] [API] fetched_count=0
[02:30:03] [API] fetched_count=0, filtered_count=0, forecast_revision_count=0, financial_statement_count=0
[02:30:03] [API] new_count=0 already_processed=0 already_processed_financial_statement=0 new_financial_statement=0
[02:30:03] [INGEST] run=ingest-cd972428 new_items=0 target_statements=0 non_target=0 (forecast_revision=0, other=0)
[02:30:03] [INGEST] run=ingest-cd972428 processed=0 success=0 skipped=0 error=0 (tanshin=0)
[02:30:03] [filings_ingest] done total=0 success=0 errors=0
[02:30:03] [pipeline_run] finished: ingest status=done elapsed=0.6s id=127 processed=0 success=0 failed=0
[2026/03/13  2:30:03.25] Finished (exit=0) 
[2026/03/13  2:40:01.51] Starting ingest 
[02:40:01] [db] config: write_key_type=service_role read_key_type=service_role
[02:40:02] [pipeline_run] started: ingest (id=128, trigger=scheduler)
[02:40:02] [filings_ingest] start dry_run=False company_code=ALL
[02:40:02] [API] yanoshin.jp APIから取得中: https://webapi.yanoshin.jp/webapi/tdnet/list/today.json
[02:40:03] [API] detected_schema=items, raw_items_count=0
[02:40:03] [API] fetched_count=0
[02:40:03] [API] fetched_count=0, filtered_count=0, forecast_revision_count=0, financial_statement_count=0
[02:40:03] [API] new_count=0 already_processed=0 already_processed_financial_statement=0 new_financial_statement=0
[02:40:03] [INGEST] run=ingest-b46d2083 new_items=0 target_statements=0 non_target=0 (forecast_revision=0, other=0)
[02:40:03] [INGEST] run=ingest-b46d2083 processed=0 success=0 skipped=0 error=0 (tanshin=0)
[02:40:03] [filings_ingest] done total=0 success=0 errors=0
[02:40:03] [pipeline_run] finished: ingest status=done elapsed=0.7s id=128 processed=0 success=0 failed=0
[2026/03/13  2:40:03.19] Finished (exit=0) 
[2026/03/13  2:50:01.52] Starting ingest 
[02:50:01] [db] config: write_key_type=service_role read_key_type=service_role
[02:50:02] [pipeline_run] started: ingest (id=129, trigger=scheduler)
[02:50:02] [filings_ingest] start dry_run=False company_code=ALL
[02:50:02] [API] yanoshin.jp APIから取得中: https://webapi.yanoshin.jp/webapi/tdnet/list/today.json
[02:50:03] [API] detected_schema=items, raw_items_count=0
[02:50:03] [API] fetched_count=0
[02:50:03] [API] fetched_count=0, filtered_count=0, forecast_revision_count=0, financial_statement_count=0
[02:50:03] [API] new_count=0 already_processed=0 already_processed_financial_statement=0 new_financial_statement=0
[02:50:03] [INGEST] run=ingest-50f5bcbc new_items=0 target_statements=0 non_target=0 (forecast_revision=0, other=0)
[02:50:03] [INGEST] run=ingest-50f5bcbc processed=0 success=0 skipped=0 error=0 (tanshin=0)
[02:50:03] [filings_ingest] done total=0 success=0 errors=0
[02:50:03] [pipeline_run] finished: ingest status=done elapsed=0.8s id=129 processed=0 success=0 failed=0
[2026/03/13  2:50:03.26] Finished (exit=0) 
[2026/03/13  3:00:01.51] Starting ingest 
[03:00:01] [db] config: write_key_type=service_role read_key_type=service_role
[03:00:02] [pipeline_run] started: ingest (id=130, trigger=scheduler)
[03:00:02] [filings_ingest] start dry_run=False company_code=ALL
[03:00:02] [API] yanoshin.jp APIから取得中: https://webapi.yanoshin.jp/webapi/tdnet/list/today.json
[03:00:02] [API] detected_schema=items, raw_items_count=0
[03:00:02] [API] fetched_count=0
[03:00:02] [API] fetched_count=0, filtered_count=0, forecast_revision_count=0, financial_statement_count=0
[03:00:02] [API] new_count=0 already_processed=0 already_processed_financial_statement=0 new_financial_statement=0
[03:00:02] [INGEST] run=ingest-2059bc10 new_items=0 target_statements=0 non_target=0 (forecast_revision=0, other=0)
[03:00:02] [INGEST] run=ingest-2059bc10 processed=0 success=0 skipped=0 error=0 (tanshin=0)
[03:00:02] [filings_ingest] done total=0 success=0 errors=0
[03:00:02] [pipeline_run] finished: ingest status=done elapsed=0.6s id=130 processed=0 success=0 failed=0
[2026/03/13  3:00:03.02] Finished (exit=0) 
[2026/03/13  3:10:01.54] Starting ingest 
[03:10:01] [db] config: write_key_type=service_role read_key_type=service_role
[03:10:02] [pipeline_run] started: ingest (id=131, trigger=scheduler)
[03:10:02] [filings_ingest] start dry_run=False company_code=ALL
[03:10:02] [API] yanoshin.jp APIから取得中: https://webapi.yanoshin.jp/webapi/tdnet/list/today.json
[03:10:02] [API] detected_schema=items, raw_items_count=0
[03:10:02] [API] fetched_count=0
[03:10:02] [API] fetched_count=0, filtered_count=0, forecast_revision_count=0, financial_statement_count=0
[03:10:02] [API] new_count=0 already_processed=0 already_processed_financial_statement=0 new_financial_statement=0
[03:10:02] [INGEST] run=ingest-fd8390d6 new_items=0 target_statements=0 non_target=0 (forecast_revision=0, other=0)
[03:10:02] [INGEST] run=ingest-fd8390d6 processed=0 success=0 skipped=0 error=0 (tanshin=0)
[03:10:02] [filings_ingest] done total=0 success=0 errors=0
[03:10:03] [pipeline_run] finished: ingest status=done elapsed=0.6s id=131 processed=0 success=0 failed=0
[2026/03/13  3:10:03.15] Finished (exit=0) 
[2026/03/13  3:20:01.56] Starting ingest 
[03:20:01] [db] config: write_key_type=service_role read_key_type=service_role
[03:20:02] [pipeline_run] started: ingest (id=132, trigger=scheduler)
[03:20:02] [filings_ingest] start dry_run=False company_code=ALL
[03:20:02] [API] yanoshin.jp APIから取得中: https://webapi.yanoshin.jp/webapi/tdnet/list/today.json
[03:20:03] [API] detected_schema=items, raw_items_count=0
[03:20:03] [API] fetched_count=0
[03:20:03] [API] fetched_count=0, filtered_count=0, forecast_revision_count=0, financial_statement_count=0
[03:20:03] [API] new_count=0 already_processed=0 already_processed_financial_statement=0 new_financial_statement=0
[03:20:03] [INGEST] run=ingest-4a96ae4d new_items=0 target_statements=0 non_target=0 (forecast_revision=0, other=0)
[03:20:03] [INGEST] run=ingest-4a96ae4d processed=0 success=0 skipped=0 error=0 (tanshin=0)
[03:20:03] [filings_ingest] done total=0 success=0 errors=0
[03:20:03] [pipeline_run] finished: ingest status=done elapsed=0.6s id=132 processed=0 success=0 failed=0
[2026/03/13  3:20:03.25] Finished (exit=0) 
[2026/03/13  8:30:01.74] Starting ingest 
[08:30:01] [db] config: write_key_type=service_role read_key_type=service_role
[08:30:03] [pipeline_run] started: ingest (id=134, trigger=scheduler)
[08:30:03] [filings_ingest] start dry_run=False company_code=ALL
[08:30:03] [API] yanoshin.jp APIから取得中: https://webapi.yanoshin.jp/webapi/tdnet/list/today.json
[08:30:03] [API] detected_schema=items, raw_items_count=0
[08:30:03] [API] fetched_count=0
[08:30:03] [API] fetched_count=0, filtered_count=0, forecast_revision_count=0, financial_statement_count=0
[08:30:03] [API] new_count=0 already_processed=0 already_processed_financial_statement=0 new_financial_statement=0
[08:30:03] [INGEST] run=ingest-3cf5c882 new_items=0 target_statements=0 non_target=0 (forecast_revision=0, other=0)
[08:30:03] [INGEST] run=ingest-3cf5c882 processed=0 success=0 skipped=0 error=0 (tanshin=0)
[08:30:03] [filings_ingest] done total=0 success=0 errors=0
[08:30:03] [pipeline_run] finished: ingest status=done elapsed=0.8s id=134 processed=0 success=0 failed=0
[2026/03/13  8:30:03.81] Finished (exit=0) 
[2026/03/13  8:40:01.73] Starting ingest 
[08:40:01] [db] config: write_key_type=service_role read_key_type=service_role
[08:40:02] [pipeline_run] started: ingest (id=135, trigger=scheduler)
[08:40:02] [filings_ingest] start dry_run=False company_code=ALL
[08:40:02] [API] yanoshin.jp APIから取得中: https://webapi.yanoshin.jp/webapi/tdnet/list/today.json
[08:40:02] [API] detected_schema=items, raw_items_count=0
[08:40:02] [API] fetched_count=0
[08:40:02] [API] fetched_count=0, filtered_count=0, forecast_revision_count=0, financial_statement_count=0
[08:40:02] [API] new_count=0 already_processed=0 already_processed_financial_statement=0 new_financial_statement=0
[08:40:02] [INGEST] run=ingest-e34c21ec new_items=0 target_statements=0 non_target=0 (forecast_revision=0, other=0)
[08:40:02] [INGEST] run=ingest-e34c21ec processed=0 success=0 skipped=0 error=0 (tanshin=0)
[08:40:02] [filings_ingest] done total=0 success=0 errors=0
[08:40:02] [pipeline_run] finished: ingest status=done elapsed=0.8s id=135 processed=0 success=0 failed=0
[2026/03/13  8:40:03.01] Finished (exit=0) 
[2026/03/13  8:50:01.75] Starting ingest 
[08:50:01] [db] config: write_key_type=service_role read_key_type=service_role
[08:50:02] [pipeline_run] started: ingest (id=136, trigger=scheduler)
[08:50:02] [filings_ingest] start dry_run=False company_code=ALL
[08:50:02] [API] yanoshin.jp APIから取得中: https://webapi.yanoshin.jp/webapi/tdnet/list/today.json
[08:50:03] [API] detected_schema=items, raw_items_count=0
[08:50:03] [API] fetched_count=0
[08:50:03] [API] fetched_count=0, filtered_count=0, forecast_revision_count=0, financial_statement_count=0
[08:50:03] [API] new_count=0 already_processed=0 already_processed_financial_statement=0 new_financial_statement=0
[08:50:03] [INGEST] run=ingest-cb548d10 new_items=0 target_statements=0 non_target=0 (forecast_revision=0, other=0)
[08:50:03] [INGEST] run=ingest-cb548d10 processed=0 success=0 skipped=0 error=0 (tanshin=0)
[08:50:03] [filings_ingest] done total=0 success=0 errors=0
[08:50:03] [pipeline_run] finished: ingest status=done elapsed=0.9s id=136 processed=0 success=0 failed=0
[2026/03/13  8:50:03.16] Finished (exit=0) 
[2026/03/13  9:00:01.81] Starting ingest 
[09:00:01] [db] config: write_key_type=service_role read_key_type=service_role
[09:00:02] [pipeline_run] started: ingest (id=137, trigger=scheduler)
[09:00:02] [filings_ingest] start dry_run=False company_code=ALL
[09:00:02] [API] yanoshin.jp APIから取得中: https://webapi.yanoshin.jp/webapi/tdnet/list/today.json
[2026/03/13  9:10:01.80] Starting ingest 
[09:10:01] [db] config: write_key_type=service_role read_key_type=service_role
[09:10:02] [pipeline_run] concurrent run detected: ingest (id=137). Skipping.
[09:10:02] [PIPELINE] concurrent run detected for ingest, skipping
[2026/03/13  9:10:02.28] Finished (exit=0) 
[2026/03/13  9:20:01.99] Starting ingest 
[09:20:02] [db] config: write_key_type=service_role read_key_type=service_role
[09:20:02] [pipeline_run] concurrent run detected: ingest (id=137). Skipping.
[09:20:02] [PIPELINE] concurrent run detected for ingest, skipping
[2026/03/13  9:20:02.45] Finished (exit=0) 
[2026/03/13  9:30:02.00] Starting ingest 
[09:30:02] [db] config: write_key_type=service_role read_key_type=service_role
[09:30:02] [pipeline_run] concurrent run detected: ingest (id=137). Skipping.
[09:30:02] [PIPELINE] concurrent run detected for ingest, skipping
[2026/03/13  9:30:02.43] Finished (exit=0) 
[2026/03/13  9:40:02.01] Starting ingest 
[09:40:02] [db] config: write_key_type=service_role read_key_type=service_role
[09:40:02] [pipeline_run] concurrent run detected: ingest (id=137). Skipping.
[09:40:02] [PIPELINE] concurrent run detected for ingest, skipping
[2026/03/13  9:40:02.44] Finished (exit=0) 
[2026/03/13  9:50:02.06] Starting ingest 
[09:50:02] [db] config: write_key_type=service_role read_key_type=service_role
[09:50:02] [pipeline_run] concurrent run detected: ingest (id=137). Skipping.
[09:50:02] [PIPELINE] concurrent run detected for ingest, skipping
[2026/03/13  9:50:02.73] Finished (exit=0) 
[2026/03/13 10:00:02.03] Starting ingest 
[10:00:02] [db] config: write_key_type=service_role read_key_type=service_role
[10:00:02] [pipeline_run] concurrent run detected: ingest (id=137). Skipping.
[10:00:02] [PIPELINE] concurrent run detected for ingest, skipping
[2026/03/13 10:00:02.68] Finished (exit=0) 
[2026/03/13 10:10:02.04] Starting ingest 
[10:10:02] [db] config: write_key_type=service_role read_key_type=service_role
[10:10:02] [pipeline_run] started: ingest (id=138, trigger=scheduler)
[10:10:02] [filings_ingest] start dry_run=False company_code=ALL
[10:10:02] [API] yanoshin.jp APIから取得中: https://webapi.yanoshin.jp/webapi/tdnet/list/today.json
[10:10:03] [API] detected_schema=items, raw_items_count=6
[10:10:03] [API] first_item_preview: id=7ebd9defe1c2..., pubdate=2026-03-13 09:00:00, title=上場ETF（管理会社：WisdomTree、外国投資法人：MSL）に関する日々の, code=16724
[10:10:03] [API] fetched_count=6
[10:10:03] [API] skip_reason=instrument_excluded, code=16724, name=Ｅ－ＷｉｓｄｏｍＴｒ, title=上場ETF（管理会社：WisdomTree、外国投資法人：MSL）に関する日々の開示事項　
[10:10:03] [API] skip_reason=instrument_excluded, code=16724, name=Ｅ－ＷｉｓｄｏｍＴｒ, title=上場ETF（管理会社：WisdomTree、外国投資法人：CSL）に関する日々の開示事項　
[10:10:03] [API] instrument_skipped_count=2
[10:10:03] [API] fetched_count=6, filtered_count=1, forecast_revision_count=0, financial_statement_count=1
[10:10:03] [API] new_count=1 already_processed=0 already_processed_financial_statement=0 new_financial_statement=1
[10:10:03] [INGEST] run=ingest-ddec3771 new_items=1 target_statements=1 non_target=0 (forecast_revision=0, other=0)
[10:10:03] [DL] ダウンロード中: https://webapi.yanoshin.jp/rd.php?https://www.release.tdnet.info/inbs/140120260312580960.pdf
[10:10:03] [DL] 保存完了: data\docs\140120260312580960.pdf (3976.8KB)
[10:10:03] [抽出] SKIP_PDF_NOT_TANSHIN: title=2026年3月期第3四半期 決算説明会資料
[10:10:03] [INGEST] doc_id=b226d4b0bc9ab5fc status=skipped_not_tanshin title=2026年3月期第3四半期 決算説明会資料
[10:10:03] [INGEST] run=ingest-ddec3771 processed=1 success=0 skipped=1 error=0 (tanshin=1) SKIP_NOT_TANSHIN_TITLE=1
[10:10:03] [filings_ingest] done total=1 success=0 errors=0
[10:10:03] [pipeline_run] finished: ingest status=done elapsed=1.3s id=138 processed=1 success=0 failed=0
[2026/03/13 10:10:03.99] Finished (exit=0) 
[2026/03/13 10:20:02.02] Starting ingest 
[10:20:02] [db] config: write_key_type=service_role read_key_type=service_role
[10:20:02] [pipeline_run] started: ingest (id=139, trigger=scheduler)
[10:20:02] [filings_ingest] start dry_run=False company_code=ALL
[10:20:02] [API] yanoshin.jp APIから取得中: https://webapi.yanoshin.jp/webapi/tdnet/list/today.json
[10:20:02] [API] detected_schema=items, raw_items_count=10
[10:20:02] [API] first_item_preview: id=a9b8a05e81f9..., pubdate=2026-03-13 10:00:00, title=上場ＥＴＦ(管理会社：シンプレクス・アセット・マネジメント)に関する日々の開示事, code=16714
[10:20:02] [API] fetched_count=10
[10:20:02] [API] skip_reason=instrument_excluded, code=16714, name=Ｅ－シンプレクス, title=上場ＥＴＦ(管理会社：シンプレクス・アセット・マネジメント)に関する日々の開示事項
[10:20:02] [API] skip_reason=instrument_excluded, code=13294, name=Ｅ－ブラックロック, title=上場ETF（管理会社：ブラックロック・ジャパン）に関する日々の開示事項
[10:20:02] [API] skip_reason=instrument_excluded, code=16724, name=Ｅ－ＷｉｓｄｏｍＴｒ, title=上場ETF（管理会社：WisdomTree、外国投資法人：MSL）に関する日々の開示事項　
[10:20:02] [API] skip_reason=instrument_excluded, code=16724, name=Ｅ－ＷｉｓｄｏｍＴｒ, title=上場ETF（管理会社：WisdomTree、外国投資法人：CSL）に関する日々の開示事項　
[10:20:02] [API] instrument_skipped_count=4
[10:20:02] [API] fetched_count=10, filtered_count=1, forecast_revision_count=0, financial_statement_count=1
[10:20:02] [API] new_count=1 already_processed=0 already_processed_financial_statement=0 new_financial_statement=1
[10:20:02] [INGEST] run=ingest-5d0c3125 new_items=1 target_statements=1 non_target=0 (forecast_revision=0, other=0)
[10:20:02] [DL] 既にダウンロード済み: data\docs\140120260312580960.pdf
[10:20:03] [抽出] SKIP_PDF_NOT_TANSHIN: title=2026年3月期第3四半期 決算説明会資料
[10:20:03] [INGEST] doc_id=b226d4b0bc9ab5fc status=skipped_not_tanshin title=2026年3月期第3四半期 決算説明会資料
[10:20:03] [INGEST] run=ingest-5d0c3125 processed=1 success=0 skipped=1 error=0 (tanshin=1) SKIP_NOT_TANSHIN_TITLE=1
[10:20:03] [filings_ingest] done total=1 success=0 errors=0
[10:20:03] [pipeline_run] finished: ingest status=done elapsed=0.8s id=139 processed=1 success=0 failed=0
[2026/03/13 10:20:03.38] Finished (exit=0) 
[2026/03/13 10:30:02.05] Starting ingest 
[10:30:02] [db] config: write_key_type=service_role read_key_type=service_role
[10:30:02] [pipeline_run] started: ingest (id=140, trigger=scheduler)
[10:30:02] [filings_ingest] start dry_run=False company_code=ALL
[10:30:02] [API] yanoshin.jp APIから取得中: https://webapi.yanoshin.jp/webapi/tdnet/list/today.json
[10:30:03] [API] detected_schema=items, raw_items_count=10
[10:30:03] [API] first_item_preview: id=a9b8a05e81f9..., pubdate=2026-03-13 10:00:00, title=上場ＥＴＦ(管理会社：シンプレクス・アセット・マネジメント)に関する日々の開示事, code=16714
[10:30:03] [API] fetched_count=10
[10:30:03] [API] skip_reason=instrument_excluded, code=16714, name=Ｅ－シンプレクス, title=上場ＥＴＦ(管理会社：シンプレクス・アセット・マネジメント)に関する日々の開示事項
[10:30:03] [API] skip_reason=instrument_excluded, code=13294, name=Ｅ－ブラックロック, title=上場ETF（管理会社：ブラックロック・ジャパン）に関する日々の開示事項
[10:30:03] [API] skip_reason=instrument_excluded, code=16724, name=Ｅ－ＷｉｓｄｏｍＴｒ, title=上場ETF（管理会社：WisdomTree、外国投資法人：MSL）に関する日々の開示事項　
[10:30:03] [API] skip_reason=instrument_excluded, code=16724, name=Ｅ－ＷｉｓｄｏｍＴｒ, title=上場ETF（管理会社：WisdomTree、外国投資法人：CSL）に関する日々の開示事項　
[10:30:03] [API] instrument_skipped_count=4
[10:30:03] [API] fetched_count=10, filtered_count=1, forecast_revision_count=0, financial_statement_count=1
[10:30:03] [API] new_count=1 already_processed=0 already_processed_financial_statement=0 new_financial_statement=1
[10:30:03] [INGEST] run=ingest-10d4c4fe new_items=1 target_statements=1 non_target=0 (forecast_revision=0, other=0)
[10:30:03] [DL] 既にダウンロード済み: data\docs\140120260312580960.pdf
[10:30:03] [抽出] SKIP_PDF_NOT_TANSHIN: title=2026年3月期第3四半期 決算説明会資料
[10:30:03] [INGEST] doc_id=b226d4b0bc9ab5fc status=skipped_not_tanshin title=2026年3月期第3四半期 決算説明会資料
[10:30:03] [INGEST] run=ingest-10d4c4fe processed=1 success=0 skipped=1 error=0 (tanshin=1) SKIP_NOT_TANSHIN_TITLE=1
[10:30:03] [filings_ingest] done total=1 success=0 errors=0
[10:30:03] [pipeline_run] finished: ingest status=done elapsed=1.0s id=140 processed=1 success=0 failed=0
[2026/03/13 10:30:03.57] Finished (exit=0) 
[2026/03/13 10:40:02.08] Starting ingest 
[10:40:02] [db] config: write_key_type=service_role read_key_type=service_role
[10:40:02] [pipeline_run] started: ingest (id=141, trigger=scheduler)
[10:40:02] [filings_ingest] start dry_run=False company_code=ALL
[10:40:02] [API] yanoshin.jp APIから取得中: https://webapi.yanoshin.jp/webapi/tdnet/list/today.json
[10:40:04] [API] detected_schema=items, raw_items_count=12
[10:40:04] [API] first_item_preview: id=2ce68d93b703..., pubdate=2026-03-13 10:30:00, title=譲渡制限付株式報酬としての自己株式の処分の払込完了に関するお知らせ, code=2993
[10:40:04] [API] fetched_count=12
[10:40:04] [API] skip_reason=instrument_excluded, code=16714, name=Ｅ－シンプレクス, title=上場ＥＴＦ(管理会社：シンプレクス・アセット・マネジメント)に関する日々の開示事項
[10:40:04] [API] skip_reason=instrument_excluded, code=13294, name=Ｅ－ブラックロック, title=上場ETF（管理会社：ブラックロック・ジャパン）に関する日々の開示事項
[10:40:04] [API] skip_reason=instrument_excluded, code=16724, name=Ｅ－ＷｉｓｄｏｍＴｒ, title=上場ETF（管理会社：WisdomTree、外国投資法人：MSL）に関する日々の開示事項　
[10:40:04] [API] skip_reason=instrument_excluded, code=16724, name=Ｅ－ＷｉｓｄｏｍＴｒ, title=上場ETF（管理会社：WisdomTree、外国投資法人：CSL）に関する日々の開示事項　
[10:40:04] [API] instrument_skipped_count=4
[10:40:04] [API] fetched_count=12, filtered_count=1, forecast_revision_count=0, financial_statement_count=1
[10:40:04] [API] new_count=1 already_processed=0 already_processed_financial_statement=0 new_financial_statement=1
[10:40:04] [INGEST] run=ingest-ed9fd0ea new_items=1 target_statements=1 non_target=0 (forecast_revision=0, other=0)
[10:40:04] [DL] 既にダウンロード済み: data\docs\140120260312580960.pdf
[10:40:04] [抽出] SKIP_PDF_NOT_TANSHIN: title=2026年3月期第3四半期 決算説明会資料
[10:40:04] [INGEST] doc_id=b226d4b0bc9ab5fc status=skipped_not_tanshin title=2026年3月期第3四半期 決算説明会資料
[10:40:04] [INGEST] run=ingest-ed9fd0ea processed=1 success=0 skipped=1 error=0 (tanshin=1) SKIP_NOT_TANSHIN_TITLE=1
[10:40:04] [filings_ingest] done total=1 success=0 errors=0
[10:40:04] [pipeline_run] finished: ingest status=done elapsed=2.0s id=141 processed=1 success=0 failed=0
[2026/03/13 10:40:04.63] Finished (exit=0) 
[2026/03/13 10:50:02.06] Starting ingest 
[10:50:02] [db] config: write_key_type=service_role read_key_type=service_role
[10:50:02] [pipeline_run] started: ingest (id=142, trigger=scheduler)
[10:50:02] [filings_ingest] start dry_run=False company_code=ALL
[10:50:02] [API] yanoshin.jp APIから取得中: https://webapi.yanoshin.jp/webapi/tdnet/list/today.json
[10:50:03] [API] detected_schema=items, raw_items_count=12
[10:50:03] [API] first_item_preview: id=2ce68d93b703..., pubdate=2026-03-13 10:30:00, title=譲渡制限付株式報酬としての自己株式の処分の払込完了に関するお知らせ, code=2993
[10:50:03] [API] fetched_count=12
[10:50:03] [API] skip_reason=instrument_excluded, code=16714, name=Ｅ－シンプレクス, title=上場ＥＴＦ(管理会社：シンプレクス・アセット・マネジメント)に関する日々の開示事項
[10:50:03] [API] skip_reason=instrument_excluded, code=13294, name=Ｅ－ブラックロック, title=上場ETF（管理会社：ブラックロック・ジャパン）に関する日々の開示事項
[10:50:03] [API] skip_reason=instrument_excluded, code=16724, name=Ｅ－ＷｉｓｄｏｍＴｒ, title=上場ETF（管理会社：WisdomTree、外国投資法人：MSL）に関する日々の開示事項　
[10:50:03] [API] skip_reason=instrument_excluded, code=16724, name=Ｅ－ＷｉｓｄｏｍＴｒ, title=上場ETF（管理会社：WisdomTree、外国投資法人：CSL）に関する日々の開示事項　
[10:50:03] [API] instrument_skipped_count=4
[10:50:03] [API] fetched_count=12, filtered_count=1, forecast_revision_count=0, financial_statement_count=1
[10:50:03] [API] new_count=1 already_processed=0 already_processed_financial_statement=0 new_financial_statement=1
[10:50:03] [INGEST] run=ingest-858267d6 new_items=1 target_statements=1 non_target=0 (forecast_revision=0, other=0)
[10:50:03] [DL] 既にダウンロード済み: data\docs\140120260312580960.pdf
[10:50:03] [抽出] SKIP_PDF_NOT_TANSHIN: title=2026年3月期第3四半期 決算説明会資料
[10:50:03] [INGEST] doc_id=b226d4b0bc9ab5fc status=skipped_not_tanshin title=2026年3月期第3四半期 決算説明会資料
[10:50:03] [INGEST] run=ingest-858267d6 processed=1 success=0 skipped=1 error=0 (tanshin=1) SKIP_NOT_TANSHIN_TITLE=1
[10:50:03] [filings_ingest] done total=1 success=0 errors=0
[10:50:03] [pipeline_run] finished: ingest status=done elapsed=0.8s id=142 processed=1 success=0 failed=0
[2026/03/13 10:50:03.44] Finished (exit=0) 
[2026/03/13 11:00:02.05] Starting ingest 
[11:00:02] [db] config: write_key_type=service_role read_key_type=service_role
[11:00:02] [pipeline_run] started: ingest (id=143, trigger=scheduler)
[11:00:02] [filings_ingest] start dry_run=False company_code=ALL
[11:00:02] [API] yanoshin.jp APIから取得中: https://webapi.yanoshin.jp/webapi/tdnet/list/today.json
[11:00:03] [API] detected_schema=items, raw_items_count=12
[11:00:03] [API] first_item_preview: id=2ce68d93b703..., pubdate=2026-03-13 10:30:00, title=譲渡制限付株式報酬としての自己株式の処分の払込完了に関するお知らせ, code=2993
[11:00:03] [API] fetched_count=12
[11:00:03] [API] skip_reason=instrument_excluded, code=16714, name=Ｅ－シンプレクス, title=上場ＥＴＦ(管理会社：シンプレクス・アセット・マネジメント)に関する日々の開示事項
[11:00:03] [API] skip_reason=instrument_excluded, code=13294, name=Ｅ－ブラックロック, title=上場ETF（管理会社：ブラックロック・ジャパン）に関する日々の開示事項
[11:00:03] [API] skip_reason=instrument_excluded, code=16724, name=Ｅ－ＷｉｓｄｏｍＴｒ, title=上場ETF（管理会社：WisdomTree、外国投資法人：MSL）に関する日々の開示事項　
[11:00:03] [API] skip_reason=instrument_excluded, code=16724, name=Ｅ－ＷｉｓｄｏｍＴｒ, title=上場ETF（管理会社：WisdomTree、外国投資法人：CSL）に関する日々の開示事項　
[11:00:03] [API] instrument_skipped_count=4
[11:00:03] [API] fetched_count=12, filtered_count=1, forecast_revision_count=0, financial_statement_count=1
[11:00:03] [API] new_count=1 already_processed=0 already_processed_financial_statement=0 new_financial_statement=1
[11:00:03] [INGEST] run=ingest-6d6b3628 new_items=1 target_statements=1 non_target=0 (forecast_revision=0, other=0)
[11:00:03] [DL] 既にダウンロード済み: data\docs\140120260312580960.pdf
[11:00:03] [抽出] SKIP_PDF_NOT_TANSHIN: title=2026年3月期第3四半期 決算説明会資料
[11:00:03] [INGEST] doc_id=b226d4b0bc9ab5fc status=skipped_not_tanshin title=2026年3月期第3四半期 決算説明会資料
[11:00:03] [INGEST] run=ingest-6d6b3628 processed=1 success=0 skipped=1 error=0 (tanshin=1) SKIP_NOT_TANSHIN_TITLE=1
[11:00:03] [filings_ingest] done total=1 success=0 errors=0
[11:00:03] [pipeline_run] finished: ingest status=done elapsed=0.8s id=143 processed=1 success=0 failed=0
[2026/03/13 11:00:03.46] Finished (exit=0) 
[2026/03/13 11:10:02.06] Starting ingest 
[11:10:02] [db] config: write_key_type=service_role read_key_type=service_role
[11:10:02] [pipeline_run] started: ingest (id=144, trigger=scheduler)
[11:10:02] [filings_ingest] start dry_run=False company_code=ALL
[11:10:02] [API] yanoshin.jp APIから取得中: https://webapi.yanoshin.jp/webapi/tdnet/list/today.json
[11:10:03] [API] detected_schema=items, raw_items_count=12
[11:10:03] [API] first_item_preview: id=2ce68d93b703..., pubdate=2026-03-13 10:30:00, title=譲渡制限付株式報酬としての自己株式の処分の払込完了に関するお知らせ, code=2993
[11:10:03] [API] fetched_count=12
[11:10:03] [API] skip_reason=instrument_excluded, code=16714, name=Ｅ－シンプレクス, title=上場ＥＴＦ(管理会社：シンプレクス・アセット・マネジメント)に関する日々の開示事項
[11:10:03] [API] skip_reason=instrument_excluded, code=13294, name=Ｅ－ブラックロック, title=上場ETF（管理会社：ブラックロック・ジャパン）に関する日々の開示事項
[11:10:03] [API] skip_reason=instrument_excluded, code=16724, name=Ｅ－ＷｉｓｄｏｍＴｒ, title=上場ETF（管理会社：WisdomTree、外国投資法人：MSL）に関する日々の開示事項　
[11:10:03] [API] skip_reason=instrument_excluded, code=16724, name=Ｅ－ＷｉｓｄｏｍＴｒ, title=上場ETF（管理会社：WisdomTree、外国投資法人：CSL）に関する日々の開示事項　
[11:10:03] [API] instrument_skipped_count=4
[11:10:03] [API] fetched_count=12, filtered_count=1, forecast_revision_count=0, financial_statement_count=1
[11:10:03] [API] new_count=1 already_processed=0 already_processed_financial_statement=0 new_financial_statement=1
[11:10:03] [INGEST] run=ingest-e4f658cd new_items=1 target_statements=1 non_target=0 (forecast_revision=0, other=0)
[11:10:03] [DL] 既にダウンロード済み: data\docs\140120260312580960.pdf
[11:10:03] [抽出] SKIP_PDF_NOT_TANSHIN: title=2026年3月期第3四半期 決算説明会資料
[11:10:03] [INGEST] doc_id=b226d4b0bc9ab5fc status=skipped_not_tanshin title=2026年3月期第3四半期 決算説明会資料
[11:10:03] [INGEST] run=ingest-e4f658cd processed=1 success=0 skipped=1 error=0 (tanshin=1) SKIP_NOT_TANSHIN_TITLE=1
[11:10:03] [filings_ingest] done total=1 success=0 errors=0
[11:10:03] [pipeline_run] finished: ingest status=done elapsed=0.8s id=144 processed=1 success=0 failed=0
[2026/03/13 11:10:03.35] Finished (exit=0) 
[2026/03/13 11:20:02.10] Starting ingest 
[11:20:02] [db] config: write_key_type=service_role read_key_type=service_role
[11:20:02] [pipeline_run] started: ingest (id=145, trigger=scheduler)
[11:20:02] [filings_ingest] start dry_run=False company_code=ALL
[11:20:02] [API] yanoshin.jp APIから取得中: https://webapi.yanoshin.jp/webapi/tdnet/list/today.json
[11:20:03] [API] detected_schema=items, raw_items_count=12
[11:20:03] [API] first_item_preview: id=2ce68d93b703..., pubdate=2026-03-13 10:30:00, title=譲渡制限付株式報酬としての自己株式の処分の払込完了に関するお知らせ, code=2993
[11:20:03] [API] fetched_count=12
[11:20:03] [API] skip_reason=instrument_excluded, code=16714, name=Ｅ－シンプレクス, title=上場ＥＴＦ(管理会社：シンプレクス・アセット・マネジメント)に関する日々の開示事項
[11:20:03] [API] skip_reason=instrument_excluded, code=13294, name=Ｅ－ブラックロック, title=上場ETF（管理会社：ブラックロック・ジャパン）に関する日々の開示事項
[11:20:03] [API] skip_reason=instrument_excluded, code=16724, name=Ｅ－ＷｉｓｄｏｍＴｒ, title=上場ETF（管理会社：WisdomTree、外国投資法人：MSL）に関する日々の開示事項　
[11:20:03] [API] skip_reason=instrument_excluded, code=16724, name=Ｅ－ＷｉｓｄｏｍＴｒ, title=上場ETF（管理会社：WisdomTree、外国投資法人：CSL）に関する日々の開示事項　
[11:20:03] [API] instrument_skipped_count=4
[11:20:03] [API] fetched_count=12, filtered_count=1, forecast_revision_count=0, financial_statement_count=1
[11:20:03] [API] new_count=1 already_processed=0 already_processed_financial_statement=0 new_financial_statement=1
[11:20:03] [INGEST] run=ingest-6b089880 new_items=1 target_statements=1 non_target=0 (forecast_revision=0, other=0)
[11:20:03] [DL] 既にダウンロード済み: data\docs\140120260312580960.pdf
[11:20:03] [抽出] SKIP_PDF_NOT_TANSHIN: title=2026年3月期第3四半期 決算説明会資料
[11:20:03] [INGEST] doc_id=b226d4b0bc9ab5fc status=skipped_not_tanshin title=2026年3月期第3四半期 決算説明会資料
[11:20:03] [INGEST] run=ingest-6b089880 processed=1 success=0 skipped=1 error=0 (tanshin=1) SKIP_NOT_TANSHIN_TITLE=1
[11:20:03] [filings_ingest] done total=1 success=0 errors=0
[11:20:03] [pipeline_run] finished: ingest status=done elapsed=0.8s id=145 processed=1 success=0 failed=0
[2026/03/13 11:20:03.45] Finished (exit=0) 
[2026/03/13 11:30:02.08] Starting ingest 
[11:30:02] [db] config: write_key_type=service_role read_key_type=service_role
[11:30:02] [pipeline_run] started: ingest (id=146, trigger=scheduler)
[11:30:02] [filings_ingest] start dry_run=False company_code=ALL
[11:30:02] [API] yanoshin.jp APIから取得中: https://webapi.yanoshin.jp/webapi/tdnet/list/today.json
[11:30:03] [API] detected_schema=items, raw_items_count=14
[11:30:03] [API] first_item_preview: id=4d0c3da81ec9..., pubdate=2026-03-13 11:10:00, title=一部報道について, code=6035
[11:30:03] [API] fetched_count=14
[11:30:03] [API] skip_reason=instrument_excluded, code=16714, name=Ｅ－シンプレクス, title=上場ＥＴＦ(管理会社：シンプレクス・アセット・マネジメント)に関する日々の開示事項
[11:30:03] [API] skip_reason=instrument_excluded, code=13294, name=Ｅ－ブラックロック, title=上場ETF（管理会社：ブラックロック・ジャパン）に関する日々の開示事項
[11:30:03] [API] skip_reason=instrument_excluded, code=16724, name=Ｅ－ＷｉｓｄｏｍＴｒ, title=上場ETF（管理会社：WisdomTree、外国投資法人：MSL）に関する日々の開示事項　
[11:30:03] [API] skip_reason=instrument_excluded, code=16724, name=Ｅ－ＷｉｓｄｏｍＴｒ, title=上場ETF（管理会社：WisdomTree、外国投資法人：CSL）に関する日々の開示事項　
[11:30:03] [API] instrument_skipped_count=4
[11:30:03] [API] fetched_count=14, filtered_count=1, forecast_revision_count=0, financial_statement_count=1
[11:30:03] [API] new_count=1 already_processed=0 already_processed_financial_statement=0 new_financial_statement=1
[11:30:03] [INGEST] run=ingest-3c49e8f8 new_items=1 target_statements=1 non_target=0 (forecast_revision=0, other=0)
[11:30:03] [DL] 既にダウンロード済み: data\docs\140120260312580960.pdf
[11:30:03] [抽出] SKIP_PDF_NOT_TANSHIN: title=2026年3月期第3四半期 決算説明会資料
[11:30:03] [INGEST] doc_id=b226d4b0bc9ab5fc status=skipped_not_tanshin title=2026年3月期第3四半期 決算説明会資料
[11:30:03] [INGEST] run=ingest-3c49e8f8 processed=1 success=0 skipped=1 error=0 (tanshin=1) SKIP_NOT_TANSHIN_TITLE=1
[11:30:03] [filings_ingest] done total=1 success=0 errors=0
[11:30:03] [pipeline_run] finished: ingest status=done elapsed=0.8s id=146 processed=1 success=0 failed=0
[2026/03/13 11:30:03.44] Finished (exit=0) 
[2026/03/13 11:40:02.17] Starting ingest 
[11:40:02] [db] config: write_key_type=service_role read_key_type=service_role
[11:40:02] [pipeline_run] started: ingest (id=147, trigger=scheduler)
[11:40:02] [filings_ingest] start dry_run=False company_code=ALL
[11:40:02] [API] yanoshin.jp APIから取得中: https://webapi.yanoshin.jp/webapi/tdnet/list/today.json
[11:40:03] [API] detected_schema=items, raw_items_count=14
[11:40:03] [API] first_item_preview: id=4d0c3da81ec9..., pubdate=2026-03-13 11:10:00, title=一部報道について, code=6035
[11:40:03] [API] fetched_count=14
[11:40:03] [API] skip_reason=instrument_excluded, code=16714, name=Ｅ－シンプレクス, title=上場ＥＴＦ(管理会社：シンプレクス・アセット・マネジメント)に関する日々の開示事項
[11:40:03] [API] skip_reason=instrument_excluded, code=13294, name=Ｅ－ブラックロック, title=上場ETF（管理会社：ブラックロック・ジャパン）に関する日々の開示事項
[11:40:03] [API] skip_reason=instrument_excluded, code=16724, name=Ｅ－ＷｉｓｄｏｍＴｒ, title=上場ETF（管理会社：WisdomTree、外国投資法人：MSL）に関する日々の開示事項　
[11:40:03] [API] skip_reason=instrument_excluded, code=16724, name=Ｅ－ＷｉｓｄｏｍＴｒ, title=上場ETF（管理会社：WisdomTree、外国投資法人：CSL）に関する日々の開示事項　
[11:40:03] [API] instrument_skipped_count=4
[11:40:03] [API] fetched_count=14, filtered_count=1, forecast_revision_count=0, financial_statement_count=1
[11:40:03] [API] new_count=1 already_processed=0 already_processed_financial_statement=0 new_financial_statement=1
[11:40:03] [INGEST] run=ingest-efd91ca0 new_items=1 target_statements=1 non_target=0 (forecast_revision=0, other=0)
[11:40:03] [DL] 既にダウンロード済み: data\docs\140120260312580960.pdf
[11:40:03] [抽出] SKIP_PDF_NOT_TANSHIN: title=2026年3月期第3四半期 決算説明会資料
[11:40:03] [INGEST] doc_id=b226d4b0bc9ab5fc status=skipped_not_tanshin title=2026年3月期第3四半期 決算説明会資料
[11:40:03] [INGEST] run=ingest-efd91ca0 processed=1 success=0 skipped=1 error=0 (tanshin=1) SKIP_NOT_TANSHIN_TITLE=1
[11:40:03] [filings_ingest] done total=1 success=0 errors=0
[11:40:03] [pipeline_run] finished: ingest status=done elapsed=0.8s id=147 processed=1 success=0 failed=0
[2026/03/13 11:40:03.52] Finished (exit=0) 
[2026/03/13 11:50:02.10] Starting ingest 
[11:50:02] [db] config: write_key_type=service_role read_key_type=service_role
[11:50:02] [pipeline_run] started: ingest (id=148, trigger=scheduler)
[11:50:02] [filings_ingest] start dry_run=False company_code=ALL
[11:50:02] [API] yanoshin.jp APIから取得中: https://webapi.yanoshin.jp/webapi/tdnet/list/today.json
[11:50:03] [API] detected_schema=items, raw_items_count=20
[11:50:03] [API] first_item_preview: id=56f7ade7e08d..., pubdate=2026-03-13 11:45:00, title=State Street SPDR S&amp;P500 ETFに関する日々の開, code=15574
[11:50:03] [API] fetched_count=20
[11:50:03] [API] skip_reason=instrument_excluded, code=15574, name=Ｅ－ＳＳＧＡＴＣ, title=State Street SPDR S&amp;P500 ETFに関する日々の開示事項
[11:50:03] [API] skip_reason=instrument_excluded, code=20704, name=Ｎ－三菱ＵＦＪ証ＨＤ, title=上場ETN（発行者：三菱UFJ証券ホールディングス株式会社）に関する日々の開示事項
[11:50:03] [API] skip_reason=instrument_excluded, code=16714, name=Ｅ－シンプレクス, title=上場ＥＴＦ(管理会社：シンプレクス・アセット・マネジメント)に関する日々の開示事項
[11:50:03] [API] skip_reason=instrument_excluded, code=13294, name=Ｅ－ブラックロック, title=上場ETF（管理会社：ブラックロック・ジャパン）に関する日々の開示事項
[11:50:03] [API] skip_reason=instrument_excluded, code=16724, name=Ｅ－ＷｉｓｄｏｍＴｒ, title=上場ETF（管理会社：WisdomTree、外国投資法人：MSL）に関する日々の開示事項　
[11:50:03] [API] skip_reason=instrument_excluded, code=16724, name=Ｅ－ＷｉｓｄｏｍＴｒ, title=上場ETF（管理会社：WisdomTree、外国投資法人：CSL）に関する日々の開示事項　
[11:50:03] [API] instrument_skipped_count=6
[11:50:03] [API] fetched_count=20, filtered_count=3, forecast_revision_count=0, financial_statement_count=3
[11:50:03] [API] new_count=3 already_processed=0 already_processed_financial_statement=0 new_financial_statement=3
[11:50:03] [INGEST] run=ingest-438bb183 new_items=3 target_statements=3 non_target=0 (forecast_revision=0, other=0)
[11:50:03] [DL] ダウンロード中: https://webapi.yanoshin.jp/rd.php?https://www.release.tdnet.info/inbs/140120260313581307.pdf
[11:50:03] [DL] 保存完了: data\docs\140120260313581307.pdf (534.4KB)
[11:50:03] [DL] ダウンロード中: https://webapi.yanoshin.jp/rd.php?https://www.release.tdnet.info/inbs/081220260313581307.zip
[11:50:03] [DL] 保存完了: data\docs\081220260313581307.zip (68.4KB)
[11:50:03] [抽出] XBRL抽出を試行: data\docs\081220260313581307.zip
[11:50:03] [XBRL] 未知の財務タグ検出: ['tse-ed-t:ChangeInComprehensiveIncome', 'tse-ed-t:ChangeInNetSales', 'tse-ed-t:ChangeInOperatingIncome', 'tse-ed-t:ChangeInOrdinaryIncome', 'tse-ed-t:ChangeInProfitAttributableToOwnersOfParent', 'tse-ed-t:ComprehensiveIncome', 'tse-ed-t:DilutedNetIncomePerShare', 'tse-ed-t:NetIncomePerShare', 'tse-ed-t:ProfitAttributableToOwnersOfParent']
[11:50:03] [XBRL] Summary抽出成功: XBRLData/Summary/tse-scedjpsy-95560-20260313395560-ixbrl.htm
[11:50:03] [XBRL] Summary不足項目: ['gross_profit', 'cost_of_sales'], PL Attachment候補: 1
[11:50:03] [XBRL] 未知の財務タグ検出: ['jppfs_cor:DividendsIncomeNOI', 'jppfs_cor:ExtraordinaryLoss', 'jppfs_cor:IncomeBeforeIncomeTaxes', 'jppfs_cor:IncomeTaxes', 'jppfs_cor:InterestIncomeNOI', 'jppfs_cor:LossOnInvestmentsInPartnershipNOE', 'jppfs_cor:LossOnRetirementOfNoncurrentAssetsEL', 'jppfs_cor:LossOnValuationOfInvestmentSecuritiesEL', 'jppfs_cor:NonOperatingExpenses', 'jppfs_cor:NonOperatingIncome', 'jppfs_cor:ProfitLoss', 'jppfs_cor:ProfitLossAttributableToNonControllingInterests', 'jppfs_cor:ProfitLossAttributableToOwnersOfParent', 'jppfs_cor:SubsidyIncomeNOIBounty']
[11:50:03] [XBRL] PL Attachment抽出成功: XBRLData/Attachment/0600000-scpl15-tse-scedjpfr-95560-2026-01-31-01-2026-03-13-ixbrl.htm
[11:50:03] [XBRL] Attachment補完: gross_profit=4332678000
[11:50:03] [XBRL] Attachment補完: cost_of_sales=11700737000
[11:50:03] [抽出] XBRL抽出成功: sales=19356000000, gp=4332678000, op=998000000
[11:50:03] [INGEST] doc_id=947935dcf5e68dcb zip_hash=2cf64ad4b37a1f0a52f08a9ad46e57b71e507872db6f04a5aa75dfd519a918b1 status=success 9556 2026-07-31 2Q sales=19356000000 gp=4332678000 op=998000000
[11:50:05] [v2] セグメント抽出成功: 23件, engine=v2, unit=千円, profit_role=
[11:50:05] [SEGMENT] 9556 2Q (自: sales=2.024 profit=None (inserted)
[11:50:05] [SEGMENT] 9556 2Q 売上高: sales=16033.415 profit=None (inserted)
[11:50:05] [SEGMENT] 9556 2Q 売上原価: sales=11700.737000000001 profit=None (inserted)
[11:50:05] [SEGMENT] 9556 2Q 売上総利益: sales=4332.678 profit=None (inserted)
[11:50:05] [SEGMENT] 9556 2Q 販売費及び一般管理費: sales=3267.158 profit=None (inserted)
[11:50:05] [SEGMENT] 9556 2Q 営業利益: sales=1065.52 profit=None (inserted)
[11:50:05] [SEGMENT] 9556 2Q 受取利息: sales=0.781 profit=None (inserted)
[11:50:05] [SEGMENT] 9556 2Q 受取配当金: sales=0.005 profit=None (inserted)
[11:50:05] [SEGMENT] 9556 2Q 助成金収入: sales=12.972 profit=None (inserted)
[11:50:05] [SEGMENT] 9556 2Q 保険解約返戻金: sales=8.0 profit=None (inserted)
[11:50:05] [SEGMENT] 9556 2Q その他: sales=4.324 profit=None (inserted)
[11:50:05] [SEGMENT] 9556 2Q 支払利息: sales=15.326 profit=None (inserted)
[11:50:05] [SEGMENT] 9556 2Q 事務所移転費用: sales=3.138 profit=None (inserted)
[11:50:05] [SEGMENT] 9556 2Q 投資事業組合運用損: sales=4.022 profit=None (inserted)
[11:50:05] [SEGMENT] 9556 2Q その他: sales=0.014 profit=None (updated)
[11:50:05] [SEGMENT] 9556 2Q 経常利益: sales=1072.24 profit=None (inserted)
[11:50:05] [SEGMENT] 9556 2Q 固定資産除却損: sales=30.893 profit=None (inserted)
[11:50:05] [SEGMENT] 9556 2Q 投資有価証券評価損: sales=23.284 profit=None (inserted)
[11:50:05] [SEGMENT] 9556 2Q 税金等調整前中間純利益: sales=1018.063 profit=None (inserted)
[11:50:05] [SEGMENT] 9556 2Q 法人税等: sales=376.589 profit=None (inserted)
[11:50:05] [SEGMENT] 9556 2Q 中間純利益: sales=641.4730000000001 profit=None (inserted)
[11:50:05] [SEGMENT] 9556 2Q 非支配株主に帰属する中間純利益: sales=69.508 profit=None (inserted)
[11:50:05] [SEGMENT] 9556 2Q 親会社株主に帰属する中間純利益: sales=571.965 profit=None (inserted)
[11:50:07] [DL] ダウンロード中: https://webapi.yanoshin.jp/rd.php?https://www.release.tdnet.info/inbs/140120260313581312.pdf
[11:50:07] [DL] 保存完了: data\docs\140120260313581312.pdf (1339.9KB)
[11:50:07] [抽出] SKIP_PDF_NOT_TANSHIN: title=FY26/7 Q2 第２四半期決算説明資料
[11:50:07] [INGEST] doc_id=d00921980f509d33 status=skipped_not_tanshin title=FY26/7 Q2 第２四半期決算説明資料
[11:50:07] [DL] 既にダウンロード済み: data\docs\140120260312580960.pdf
[11:50:07] [抽出] SKIP_PDF_NOT_TANSHIN: title=2026年3月期第3四半期 決算説明会資料
[11:50:07] [INGEST] doc_id=b226d4b0bc9ab5fc status=skipped_not_tanshin title=2026年3月期第3四半期 決算説明会資料
[11:50:07] [INGEST] run=ingest-438bb183 processed=3 success=1 skipped=2 error=0 (tanshin=3) SKIP_NOT_TANSHIN_TITLE=2
[11:50:07] [filings_ingest] done total=3 success=0 errors=0
[11:50:07] [pipeline_run] finished: ingest status=done elapsed=5.2s id=148 processed=3 success=0 failed=0
[2026/03/13 11:50:07.86] Finished (exit=0) 
[2026/03/13 12:00:02.09] Starting ingest 
[12:00:02] [db] config: write_key_type=service_role read_key_type=service_role
[12:00:02] [pipeline_run] started: ingest (id=149, trigger=scheduler)
[12:00:02] [filings_ingest] start dry_run=False company_code=ALL
[12:00:02] [API] yanoshin.jp APIから取得中: https://webapi.yanoshin.jp/webapi/tdnet/list/today.json
[12:00:03] [API] detected_schema=items, raw_items_count=20
[12:00:03] [API] first_item_preview: id=56f7ade7e08d..., pubdate=2026-03-13 11:45:00, title=State Street SPDR S&amp;P500 ETFに関する日々の開, code=15574
[12:00:03] [API] fetched_count=20
[12:00:03] [API] skip_reason=instrument_excluded, code=15574, name=Ｅ－ＳＳＧＡＴＣ, title=State Street SPDR S&amp;P500 ETFに関する日々の開示事項
[12:00:03] [API] skip_reason=instrument_excluded, code=20704, name=Ｎ－三菱ＵＦＪ証ＨＤ, title=上場ETN（発行者：三菱UFJ証券ホールディングス株式会社）に関する日々の開示事項
[12:00:03] [API] skip_reason=instrument_excluded, code=16714, name=Ｅ－シンプレクス, title=上場ＥＴＦ(管理会社：シンプレクス・アセット・マネジメント)に関する日々の開示事項
[12:00:03] [API] skip_reason=instrument_excluded, code=13294, name=Ｅ－ブラックロック, title=上場ETF（管理会社：ブラックロック・ジャパン）に関する日々の開示事項
[12:00:03] [API] skip_reason=instrument_excluded, code=16724, name=Ｅ－ＷｉｓｄｏｍＴｒ, title=上場ETF（管理会社：WisdomTree、外国投資法人：MSL）に関する日々の開示事項　
[12:00:03] [API] skip_reason=instrument_excluded, code=16724, name=Ｅ－ＷｉｓｄｏｍＴｒ, title=上場ETF（管理会社：WisdomTree、外国投資法人：CSL）に関する日々の開示事項　
[12:00:03] [API] instrument_skipped_count=6
[12:00:03] [API] fetched_count=20, filtered_count=3, forecast_revision_count=0, financial_statement_count=3
[12:00:03] [API] new_count=2 already_processed=1 already_processed_financial_statement=1 new_financial_statement=2
[12:00:03] [API] already_processed_tickers=9556
[12:00:03] [INGEST] run=ingest-cb8c233c new_items=2 target_statements=2 non_target=0 (forecast_revision=0, other=0)
[12:00:03] [DL] 既にダウンロード済み: data\docs\140120260313581312.pdf
[12:00:03] [抽出] SKIP_PDF_NOT_TANSHIN: title=FY26/7 Q2 第２四半期決算説明資料
[12:00:03] [INGEST] doc_id=d00921980f509d33 status=skipped_not_tanshin title=FY26/7 Q2 第２四半期決算説明資料
[12:00:03] [DL] 既にダウンロード済み: data\docs\140120260312580960.pdf
[12:00:03] [抽出] SKIP_PDF_NOT_TANSHIN: title=2026年3月期第3四半期 決算説明会資料
[12:00:03] [INGEST] doc_id=b226d4b0bc9ab5fc status=skipped_not_tanshin title=2026年3月期第3四半期 決算説明会資料
[12:00:03] [INGEST] run=ingest-cb8c233c processed=2 success=0 skipped=2 error=0 (tanshin=2) SKIP_NOT_TANSHIN_TITLE=2
[12:00:03] [filings_ingest] done total=2 success=0 errors=0
[12:00:03] [pipeline_run] finished: ingest status=done elapsed=1.0s id=149 processed=2 success=0 failed=0
[2026/03/13 12:00:03.70] Finished (exit=0) 
[2026/03/13 12:10:02.13] Starting ingest 
[12:10:02] [db] config: write_key_type=service_role read_key_type=service_role
[12:10:02] [pipeline_run] started: ingest (id=150, trigger=scheduler)
[12:10:02] [filings_ingest] start dry_run=False company_code=ALL
[12:10:02] [API] yanoshin.jp APIから取得中: https://webapi.yanoshin.jp/webapi/tdnet/list/today.json
[12:10:03] [API] detected_schema=items, raw_items_count=31
[12:10:03] [API] first_item_preview: id=7b73eca89834..., pubdate=2026-03-13 12:00:00, title=SPDRゴールド・シェアに関する日々の開示事項, code=13264
[12:10:03] [API] fetched_count=31
[12:10:03] [API] skip_reason=instrument_excluded, code=13494, name=Ｅ－ＳＳＧＡ－ＳＩＮ, title=アジア国債・公債ＥＴＦ（正式名称：ＡＢＦ汎アジア債券インデックス・ファンド）に関する日々の開示事項
[12:10:03] [API] skip_reason=instrument_excluded, code=15574, name=Ｅ－ＳＳＧＡＴＣ, title=State Street SPDR S&amp;P500 ETFに関する日々の開示事項
[12:10:03] [API] skip_reason=instrument_excluded, code=20704, name=Ｎ－三菱ＵＦＪ証ＨＤ, title=上場ETN（発行者：三菱UFJ証券ホールディングス株式会社）に関する日々の開示事項
[12:10:03] [API] skip_reason=instrument_excluded, code=16714, name=Ｅ－シンプレクス, title=上場ＥＴＦ(管理会社：シンプレクス・アセット・マネジメント)に関する日々の開示事項
[12:10:03] [API] skip_reason=instrument_excluded, code=13294, name=Ｅ－ブラックロック, title=上場ETF（管理会社：ブラックロック・ジャパン）に関する日々の開示事項
[12:10:03] [API] skip_reason=instrument_excluded, code=16724, name=Ｅ－ＷｉｓｄｏｍＴｒ, title=上場ETF（管理会社：WisdomTree、外国投資法人：MSL）に関する日々の開示事項　
[12:10:03] [API] skip_reason=instrument_excluded, code=16724, name=Ｅ－ＷｉｓｄｏｍＴｒ, title=上場ETF（管理会社：WisdomTree、外国投資法人：CSL）に関する日々の開示事項　
[12:10:03] [API] instrument_skipped_count=7
[12:10:03] [API] fetched_count=31, filtered_count=8, forecast_revision_count=1, financial_statement_count=7
[12:10:03] [API] new_count=7 already_processed=1 already_processed_financial_statement=1 new_financial_statement=6
[12:10:03] [API] already_processed_tickers=9556
[12:10:03] [INGEST] run=ingest-1249990b new_items=7 target_statements=6 non_target=1 (forecast_revision=1, other=0)
[12:10:03] [DL] ダウンロード中: https://webapi.yanoshin.jp/rd.php?https://www.release.tdnet.info/inbs/140120260311580151.pdf
[12:10:03] [DL] 保存完了: data\docs\140120260311580151.pdf (349.7KB)
[12:10:03] [DL] ダウンロード中: https://webapi.yanoshin.jp/rd.php?https://www.release.tdnet.info/inbs/081220260311580151.zip
[12:10:03] [DL] 保存完了: data\docs\081220260311580151.zip (64.6KB)
[12:10:04] [抽出] XBRL抽出を試行: data\docs\081220260311580151.zip
[12:10:04] [XBRL] 未知の財務タグ検出: ['tse-ed-t:ChangeInNetIncome', 'tse-ed-t:ChangeInNetSales', 'tse-ed-t:ChangeInOperatingIncome', 'tse-ed-t:ChangeInOrdinaryIncome', 'tse-ed-t:DilutedNetIncomePerShare', 'tse-ed-t:NetIncome', 'tse-ed-t:NetIncomePerShare']
[12:10:04] [XBRL] Summary抽出成功: XBRLData/Summary/tse-snedjpsy-39300-20260313339300-ixbrl.htm
[12:10:04] [XBRL] Summary不足項目: ['gross_profit', 'cost_of_sales'], PL Attachment候補: 1
[12:10:04] [XBRL] 未知の財務タグ検出: ['jppfs_cor:ExtraordinaryIncome', 'jppfs_cor:GainOnSalesOfNoncurrentAssetsEI', 'jppfs_cor:IncomeBeforeIncomeTaxes', 'jppfs_cor:IncomeTaxes', 'jppfs_cor:InterestAndDividendsIncomeNOI', 'jppfs_cor:NonOperatingExpenses', 'jppfs_cor:NonOperatingIncome', 'jppfs_cor:ProfitLoss', 'tse-snedjpfr-39300:LossOnValuationOfCryptoAssetsNOE']
[12:10:04] [XBRL] PL Attachment抽出成功: XBRLData/Attachment/0102010-snpl16-tse-snedjpfr-39300-2026-01-31-01-2026-03-13-ixbrl.htm
[12:10:04] [XBRL] Attachment補完: gross_profit=1676679000
[12:10:04] [XBRL] Attachment補完: cost_of_sales=287748000
[12:10:04] [抽出] XBRL抽出成功: sales=1799000000, gp=1676679000, op=64000000
[12:10:04] [INGEST] doc_id=b8774cf42fc250fb zip_hash=a0922e9ba3de407bb36afe275e298306e35f149be28e9a31c57d781257a302e1 status=success 3930 2026-07-31 2Q sales=1799000000 gp=1676679000 op=64000000
[12:10:05] [v2] セグメント抽出成功: 19件, engine=v2, unit=千円, profit_role=
[12:10:05] [SEGMENT] 3930 2Q (自: sales=2.024 profit=None (inserted)
[12:10:05] [SEGMENT] 3930 2Q 売上高: sales=1964.428 profit=None (inserted)
[12:10:05] [SEGMENT] 3930 2Q 売上原価: sales=287.748 profit=None (inserted)
[12:10:05] [SEGMENT] 3930 2Q 売上総利益: sales=1676.679 profit=None (inserted)
[12:10:05] [SEGMENT] 3930 2Q 販売費及び一般管理費: sales=1451.778 profit=None (inserted)
[12:10:05] [SEGMENT] 3930 2Q 営業利益: sales=224.9 profit=None (inserted)
[12:10:05] [SEGMENT] 3930 2Q 受取利息及び配当金: sales=1.819 profit=None (inserted)
[12:10:05] [SEGMENT] 3930 2Q 有価証券利息: sales=0.152 profit=None (inserted)
[12:10:05] [SEGMENT] 3930 2Q 為替差益: sales=4.554 profit=None (inserted)
[12:10:05] [SEGMENT] 3930 2Q 還付消費税等: sales=1.702 profit=None (inserted)
[12:10:05] [SEGMENT] 3930 2Q その他: sales=0.188 profit=None (inserted)
[12:10:05] [SEGMENT] 3930 2Q 支払利息: sales=0.583 profit=None (inserted)
[12:10:05] [SEGMENT] 3930 2Q 株式報酬費用消滅損: sales=0.866 profit=None (inserted)
[12:10:05] [SEGMENT] 3930 2Q 暗号資産評価損: sales=0.23800000000000002 profit=None (inserted)
[12:10:05] [SEGMENT] 3930 2Q 経常利益: sales=229.927 profit=None (inserted)
[12:10:05] [SEGMENT] 3930 2Q 固定資産売却益: sales=0.306 profit=None (inserted)
[12:10:05] [SEGMENT] 3930 2Q 税引前中間純利益: sales=230.233 profit=None (inserted)
[12:10:05] [SEGMENT] 3930 2Q 法人税等: sales=72.45400000000001 profit=None (inserted)
[12:10:05] [SEGMENT] 3930 2Q 中間純利益: sales=157.779 profit=None (inserted)
[12:10:06] [DL] ダウンロード中: https://webapi.yanoshin.jp/rd.php?https://www.release.tdnet.info/inbs/140120260311580158.pdf
[12:10:06] [DL] 保存完了: data\docs\140120260311580158.pdf (4609.6KB)
[12:10:06] [抽出] SKIP_PDF_NOT_TANSHIN: title=2026年７月期 第２四半期決算説明会資料
[12:10:06] [INGEST] doc_id=a39fc785eaeb03d1 status=skipped_not_tanshin title=2026年７月期 第２四半期決算説明会資料
[12:10:06] [DL] ダウンロード中: https://webapi.yanoshin.jp/rd.php?https://www.release.tdnet.info/inbs/140120260312580961.pdf
[12:10:06] [DL] 保存完了: data\docs\140120260312580961.pdf (1516.9KB)
[12:10:06] [抽出] SKIP_PDF_NOT_TANSHIN: title=2026年４月期 第３四半期 決算説明会資料（書き起こし）
[12:10:06] [INGEST] doc_id=88708a5e4205b37e status=skipped_not_tanshin title=2026年４月期 第３四半期 決算説明会資料（書き起こし）
[12:10:06] [DL] ダウンロード中: https://webapi.yanoshin.jp/rd.php?https://www.release.tdnet.info/inbs/140120260313580708.pdf
[12:10:07] [DL] 保存完了: data\docs\140120260313580708.pdf (496.1KB)
[12:10:07] [DL] ダウンロード中: https://webapi.yanoshin.jp/rd.php?https://www.release.tdnet.info/inbs/081220260313580708.zip
[12:10:07] [DL] 保存完了: data\docs\081220260313580708.zip (56.2KB)
[12:10:07] [抽出] XBRL抽出を試行: data\docs\081220260313580708.zip
[12:10:07] [XBRL] 未知の財務タグ検出: ['tse-ed-t:ChangeInNetIncome', 'tse-ed-t:ChangeInNetSales', 'tse-ed-t:ChangeInOperatingIncome', 'tse-ed-t:ChangeInOrdinaryIncome', 'tse-ed-t:DilutedNetIncomePerShare', 'tse-ed-t:NetIncome', 'tse-ed-t:NetIncomePerShare']
[12:10:07] [XBRL] Summary抽出成功: XBRLData/Summary/tse-snedjpsy-76920-20260313376920-ixbrl.htm
[12:10:07] [XBRL] Summary不足項目: ['gross_profit', 'cost_of_sales'], PL Attachment候補: 1
[12:10:07] [XBRL] 未知の財務タグ検出: ['jppfs_cor:IncomeBeforeIncomeTaxes', 'jppfs_cor:IncomeTaxes', 'jppfs_cor:IncomeTaxesCurrent', 'jppfs_cor:IncomeTaxesDeferred', 'jppfs_cor:InsuranceIncomeNOI', 'jppfs_cor:InterestAndDividendsIncomeNOI', 'jppfs_cor:NonOperatingExpenses', 'jppfs_cor:NonOperatingIncome', 'jppfs_cor:ProfitLoss']
[12:10:07] [XBRL] PL Attachment抽出成功: XBRLData/Attachment/1300000-snpl16-tse-snedjpfr-76920-2026-01-31-01-2026-03-13-ixbrl.htm
[12:10:07] [XBRL] Attachment補完: gross_profit=1019895000
[12:10:07] [XBRL] Attachment補完: cost_of_sales=2392599000
[12:10:07] [抽出] XBRL抽出成功: sales=3778000000, gp=1019895000, op=669000000
[12:10:07] [INGEST] doc_id=dd9204cc1fb7de8b zip_hash=dde8197583cc7bbfa45c1962fa27ba972c15c23bb4cc6d01b86c30cefbfbb503 status=success 7692 2026-07-31 2Q sales=3778000000 gp=1019895000 op=669000000
[12:10:09] [v2] セグメント抽出成功: 15件, engine=v2, unit=千円, profit_role=
[12:10:09] [SEGMENT] 7692 2Q (自: sales=2.024 profit=None (inserted)
[12:10:09] [SEGMENT] 7692 2Q 売上高: sales=3412.495 profit=None (inserted)
[12:10:09] [SEGMENT] 7692 2Q 売上原価: sales=2392.599 profit=None (inserted)
[12:10:09] [SEGMENT] 7692 2Q 売上総利益: sales=1019.895 profit=None (inserted)
[12:10:09] [SEGMENT] 7692 2Q 販売費及び一般管理費: sales=742.087 profit=None (inserted)
[12:10:09] [SEGMENT] 7692 2Q 営業利益: sales=277.807 profit=None (inserted)
[12:10:09] [SEGMENT] 7692 2Q 受取利息及び配当金: sales=0.07 profit=None (inserted)
[12:10:09] [SEGMENT] 7692 2Q 受取保険金: sales=6.046 profit=None (inserted)
[12:10:09] [SEGMENT] 7692 2Q その他: sales=0.158 profit=None (inserted)
[12:10:09] [SEGMENT] 7692 2Q 支払利息: sales=5.1610000000000005 profit=None (inserted)
[12:10:09] [SEGMENT] 7692 2Q その他: sales=0.709 profit=None (updated)
[12:10:09] [SEGMENT] 7692 2Q 経常利益: sales=272.165 profit=None (inserted)
[12:10:09] [SEGMENT] 7692 2Q 税引前中間純利益: sales=272.165 profit=None (inserted)
[12:10:09] [SEGMENT] 7692 2Q 法人税、住民税及び事業税: sales=101.135 profit=None (inserted)
[12:10:09] [SEGMENT] 7692 2Q 中間純利益: sales=172.16 profit=None (inserted)
[12:10:09] [DL] 既にダウンロード済み: data\docs\140120260313581312.pdf
[12:10:09] [抽出] SKIP_PDF_NOT_TANSHIN: title=FY26/7 Q2 第２四半期決算説明資料
[12:10:09] [INGEST] doc_id=d00921980f509d33 status=skipped_not_tanshin title=FY26/7 Q2 第２四半期決算説明資料
[12:10:09] [DL] 既にダウンロード済み: data\docs\140120260312580960.pdf
[12:10:10] [抽出] SKIP_PDF_NOT_TANSHIN: title=2026年3月期第3四半期 決算説明会資料
[12:10:10] [INGEST] doc_id=b226d4b0bc9ab5fc status=skipped_not_tanshin title=2026年3月期第3四半期 決算説明会資料
[12:10:10] [INGEST] run=ingest-1249990b processed=6 success=2 skipped=4 error=0 (tanshin=6) SKIP_NOT_TANSHIN_TITLE=4
[12:10:10] [filings_ingest] done total=6 success=0 errors=0
[12:10:10] [pipeline_run] finished: ingest status=done elapsed=7.6s id=150 processed=6 success=0 failed=0
[2026/03/13 12:10:10.32] Finished (exit=0) 
[2026/03/13 12:20:02.15] Starting ingest 
[12:20:02] [db] config: write_key_type=service_role read_key_type=service_role
[12:20:02] [pipeline_run] started: ingest (id=151, trigger=scheduler)
[12:20:02] [filings_ingest] start dry_run=False company_code=ALL
[12:20:02] [API] yanoshin.jp APIから取得中: https://webapi.yanoshin.jp/webapi/tdnet/list/today.json
[12:20:03] [API] detected_schema=items, raw_items_count=31
[12:20:03] [API] first_item_preview: id=7b73eca89834..., pubdate=2026-03-13 12:00:00, title=SPDRゴールド・シェアに関する日々の開示事項, code=13264
[12:20:03] [API] fetched_count=31
[12:20:03] [API] skip_reason=instrument_excluded, code=13494, name=Ｅ－ＳＳＧＡ－ＳＩＮ, title=アジア国債・公債ＥＴＦ（正式名称：ＡＢＦ汎アジア債券インデックス・ファンド）に関する日々の開示事項
[12:20:03] [API] skip_reason=instrument_excluded, code=15574, name=Ｅ－ＳＳＧＡＴＣ, title=State Street SPDR S&amp;P500 ETFに関する日々の開示事項
[12:20:03] [API] skip_reason=instrument_excluded, code=20704, name=Ｎ－三菱ＵＦＪ証ＨＤ, title=上場ETN（発行者：三菱UFJ証券ホールディングス株式会社）に関する日々の開示事項
[12:20:03] [API] skip_reason=instrument_excluded, code=16714, name=Ｅ－シンプレクス, title=上場ＥＴＦ(管理会社：シンプレクス・アセット・マネジメント)に関する日々の開示事項
[12:20:03] [API] skip_reason=instrument_excluded, code=13294, name=Ｅ－ブラックロック, title=上場ETF（管理会社：ブラックロック・ジャパン）に関する日々の開示事項
[12:20:03] [API] skip_reason=instrument_excluded, code=16724, name=Ｅ－ＷｉｓｄｏｍＴｒ, title=上場ETF（管理会社：WisdomTree、外国投資法人：MSL）に関する日々の開示事項　
[12:20:03] [API] skip_reason=instrument_excluded, code=16724, name=Ｅ－ＷｉｓｄｏｍＴｒ, title=上場ETF（管理会社：WisdomTree、外国投資法人：CSL）に関する日々の開示事項　
[12:20:03] [API] instrument_skipped_count=7
[12:20:03] [API] fetched_count=31, filtered_count=8, forecast_revision_count=1, financial_statement_count=7
[12:20:03] [API] new_count=5 already_processed=3 already_processed_financial_statement=3 new_financial_statement=4
[12:20:03] [API] already_processed_tickers=3930,7692,9556
[12:20:03] [INGEST] run=ingest-e6a60955 new_items=5 target_statements=4 non_target=1 (forecast_revision=1, other=0)
[12:20:03] [DL] 既にダウンロード済み: data\docs\140120260311580158.pdf
[12:20:03] [抽出] SKIP_PDF_NOT_TANSHIN: title=2026年７月期 第２四半期決算説明会資料
[12:20:03] [INGEST] doc_id=a39fc785eaeb03d1 status=skipped_not_tanshin title=2026年７月期 第２四半期決算説明会資料
[12:20:03] [DL] 既にダウンロード済み: data\docs\140120260312580961.pdf
[12:20:03] [抽出] SKIP_PDF_NOT_TANSHIN: title=2026年４月期 第３四半期 決算説明会資料（書き起こし）
[12:20:03] [INGEST] doc_id=88708a5e4205b37e status=skipped_not_tanshin title=2026年４月期 第３四半期 決算説明会資料（書き起こし）
[12:20:03] [DL] 既にダウンロード済み: data\docs\140120260313581312.pdf
[12:20:03] [抽出] SKIP_PDF_NOT_TANSHIN: title=FY26/7 Q2 第２四半期決算説明資料
[12:20:03] [INGEST] doc_id=d00921980f509d33 status=skipped_not_tanshin title=FY26/7 Q2 第２四半期決算説明資料
[12:20:03] [DL] 既にダウンロード済み: data\docs\140120260312580960.pdf
[12:20:03] [抽出] SKIP_PDF_NOT_TANSHIN: title=2026年3月期第3四半期 決算説明会資料
[12:20:03] [INGEST] doc_id=b226d4b0bc9ab5fc status=skipped_not_tanshin title=2026年3月期第3四半期 決算説明会資料
[12:20:03] [INGEST] run=ingest-e6a60955 processed=4 success=0 skipped=4 error=0 (tanshin=4) SKIP_NOT_TANSHIN_TITLE=4
[12:20:03] [filings_ingest] done total=4 success=0 errors=0
[12:20:03] [pipeline_run] finished: ingest status=done elapsed=1.1s id=151 processed=4 success=0 failed=0
[2026/03/13 12:20:03.76] Finished (exit=0) 
[2026/03/13 12:30:02.14] Starting ingest 
[12:30:02] [db] config: write_key_type=service_role read_key_type=service_role
[12:30:02] [pipeline_run] started: ingest (id=152, trigger=scheduler)
[12:30:02] [filings_ingest] start dry_run=False company_code=ALL
[12:30:02] [API] yanoshin.jp APIから取得中: https://webapi.yanoshin.jp/webapi/tdnet/list/today.json
[12:30:03] [API] detected_schema=items, raw_items_count=31
[12:30:03] [API] first_item_preview: id=7b73eca89834..., pubdate=2026-03-13 12:00:00, title=SPDRゴールド・シェアに関する日々の開示事項, code=13264
[12:30:03] [API] fetched_count=31
[12:30:03] [API] skip_reason=instrument_excluded, code=13494, name=Ｅ－ＳＳＧＡ－ＳＩＮ, title=アジア国債・公債ＥＴＦ（正式名称：ＡＢＦ汎アジア債券インデックス・ファンド）に関する日々の開示事項
[12:30:03] [API] skip_reason=instrument_excluded, code=15574, name=Ｅ－ＳＳＧＡＴＣ, title=State Street SPDR S&amp;P500 ETFに関する日々の開示事項
[12:30:03] [API] skip_reason=instrument_excluded, code=20704, name=Ｎ－三菱ＵＦＪ証ＨＤ, title=上場ETN（発行者：三菱UFJ証券ホールディングス株式会社）に関する日々の開示事項
[12:30:03] [API] skip_reason=instrument_excluded, code=16714, name=Ｅ－シンプレクス, title=上場ＥＴＦ(管理会社：シンプレクス・アセット・マネジメント)に関する日々の開示事項
[12:30:03] [API] skip_reason=instrument_excluded, code=13294, name=Ｅ－ブラックロック, title=上場ETF（管理会社：ブラックロック・ジャパン）に関する日々の開示事項
[12:30:03] [API] skip_reason=instrument_excluded, code=16724, name=Ｅ－ＷｉｓｄｏｍＴｒ, title=上場ETF（管理会社：WisdomTree、外国投資法人：MSL）に関する日々の開示事項　
[12:30:03] [API] skip_reason=instrument_excluded, code=16724, name=Ｅ－ＷｉｓｄｏｍＴｒ, title=上場ETF（管理会社：WisdomTree、外国投資法人：CSL）に関する日々の開示事項　
[12:30:03] [API] instrument_skipped_count=7
[12:30:03] [API] fetched_count=31, filtered_count=8, forecast_revision_count=1, financial_statement_count=7
[12:30:03] [API] new_count=5 already_processed=3 already_processed_financial_statement=3 new_financial_statement=4
[12:30:03] [API] already_processed_tickers=3930,7692,9556
[12:30:03] [INGEST] run=ingest-aef2710d new_items=5 target_statements=4 non_target=1 (forecast_revision=1, other=0)
[12:30:03] [DL] 既にダウンロード済み: data\docs\140120260311580158.pdf
[12:30:03] [抽出] SKIP_PDF_NOT_TANSHIN: title=2026年７月期 第２四半期決算説明会資料
[12:30:03] [INGEST] doc_id=a39fc785eaeb03d1 status=skipped_not_tanshin title=2026年７月期 第２四半期決算説明会資料
[12:30:03] [DL] 既にダウンロード済み: data\docs\140120260312580961.pdf
[12:30:03] [抽出] SKIP_PDF_NOT_TANSHIN: title=2026年４月期 第３四半期 決算説明会資料（書き起こし）
[12:30:03] [INGEST] doc_id=88708a5e4205b37e status=skipped_not_tanshin title=2026年４月期 第３四半期 決算説明会資料（書き起こし）
[12:30:03] [DL] 既にダウンロード済み: data\docs\140120260313581312.pdf
[12:30:03] [抽出] SKIP_PDF_NOT_TANSHIN: title=FY26/7 Q2 第２四半期決算説明資料
[12:30:03] [INGEST] doc_id=d00921980f509d33 status=skipped_not_tanshin title=FY26/7 Q2 第２四半期決算説明資料
[12:30:03] [DL] 既にダウンロード済み: data\docs\140120260312580960.pdf
[12:30:03] [抽出] SKIP_PDF_NOT_TANSHIN: title=2026年3月期第3四半期 決算説明会資料
[12:30:03] [INGEST] doc_id=b226d4b0bc9ab5fc status=skipped_not_tanshin title=2026年3月期第3四半期 決算説明会資料
[12:30:03] [INGEST] run=ingest-aef2710d processed=4 success=0 skipped=4 error=0 (tanshin=4) SKIP_NOT_TANSHIN_TITLE=4
[12:30:03] [filings_ingest] done total=4 success=0 errors=0
[12:30:03] [pipeline_run] finished: ingest status=done elapsed=1.0s id=152 processed=4 success=0 failed=0
[2026/03/13 12:30:03.61] Finished (exit=0) 
[2026/03/13 12:40:02.14] Starting ingest 
[12:40:02] [db] config: write_key_type=service_role read_key_type=service_role
[12:40:02] [pipeline_run] started: ingest (id=153, trigger=scheduler)
[12:40:02] [filings_ingest] start dry_run=False company_code=ALL
[12:40:02] [API] yanoshin.jp APIから取得中: https://webapi.yanoshin.jp/webapi/tdnet/list/today.json
[12:40:03] [API] detected_schema=items, raw_items_count=31
[12:40:03] [API] first_item_preview: id=7b73eca89834..., pubdate=2026-03-13 12:00:00, title=SPDRゴールド・シェアに関する日々の開示事項, code=13264
[12:40:03] [API] fetched_count=31
[12:40:03] [API] skip_reason=instrument_excluded, code=13494, name=Ｅ－ＳＳＧＡ－ＳＩＮ, title=アジア国債・公債ＥＴＦ（正式名称：ＡＢＦ汎アジア債券インデックス・ファンド）に関する日々の開示事項
[12:40:03] [API] skip_reason=instrument_excluded, code=15574, name=Ｅ－ＳＳＧＡＴＣ, title=State Street SPDR S&amp;P500 ETFに関する日々の開示事項
[12:40:03] [API] skip_reason=instrument_excluded, code=20704, name=Ｎ－三菱ＵＦＪ証ＨＤ, title=上場ETN（発行者：三菱UFJ証券ホールディングス株式会社）に関する日々の開示事項
[12:40:03] [API] skip_reason=instrument_excluded, code=16714, name=Ｅ－シンプレクス, title=上場ＥＴＦ(管理会社：シンプレクス・アセット・マネジメント)に関する日々の開示事項
[12:40:03] [API] skip_reason=instrument_excluded, code=13294, name=Ｅ－ブラックロック, title=上場ETF（管理会社：ブラックロック・ジャパン）に関する日々の開示事項
[12:40:03] [API] skip_reason=instrument_excluded, code=16724, name=Ｅ－ＷｉｓｄｏｍＴｒ, title=上場ETF（管理会社：WisdomTree、外国投資法人：MSL）に関する日々の開示事項　
[12:40:03] [API] skip_reason=instrument_excluded, code=16724, name=Ｅ－ＷｉｓｄｏｍＴｒ, title=上場ETF（管理会社：WisdomTree、外国投資法人：CSL）に関する日々の開示事項　
[12:40:03] [API] instrument_skipped_count=7
[12:40:03] [API] fetched_count=31, filtered_count=8, forecast_revision_count=1, financial_statement_count=7
[12:40:03] [API] new_count=5 already_processed=3 already_processed_financial_statement=3 new_financial_statement=4
[12:40:03] [API] already_processed_tickers=3930,7692,9556
[12:40:03] [INGEST] run=ingest-4c372ab2 new_items=5 target_statements=4 non_target=1 (forecast_revision=1, other=0)
[12:40:03] [DL] 既にダウンロード済み: data\docs\140120260311580158.pdf
[12:40:03] [抽出] SKIP_PDF_NOT_TANSHIN: title=2026年７月期 第２四半期決算説明会資料
[12:40:03] [INGEST] doc_id=a39fc785eaeb03d1 status=skipped_not_tanshin title=2026年７月期 第２四半期決算説明会資料
[12:40:03] [DL] 既にダウンロード済み: data\docs\140120260312580961.pdf
[12:40:03] [抽出] SKIP_PDF_NOT_TANSHIN: title=2026年４月期 第３四半期 決算説明会資料（書き起こし）
[12:40:03] [INGEST] doc_id=88708a5e4205b37e status=skipped_not_tanshin title=2026年４月期 第３四半期 決算説明会資料（書き起こし）
[12:40:03] [DL] 既にダウンロード済み: data\docs\140120260313581312.pdf
[12:40:03] [抽出] SKIP_PDF_NOT_TANSHIN: title=FY26/7 Q2 第２四半期決算説明資料
[12:40:03] [INGEST] doc_id=d00921980f509d33 status=skipped_not_tanshin title=FY26/7 Q2 第２四半期決算説明資料
[12:40:03] [DL] 既にダウンロード済み: data\docs\140120260312580960.pdf
[12:40:03] [抽出] SKIP_PDF_NOT_TANSHIN: title=2026年3月期第3四半期 決算説明会資料
[12:40:03] [INGEST] doc_id=b226d4b0bc9ab5fc status=skipped_not_tanshin title=2026年3月期第3四半期 決算説明会資料
[12:40:03] [INGEST] run=ingest-4c372ab2 processed=4 success=0 skipped=4 error=0 (tanshin=4) SKIP_NOT_TANSHIN_TITLE=4
[12:40:03] [filings_ingest] done total=4 success=0 errors=0
[12:40:03] [pipeline_run] finished: ingest status=done elapsed=1.0s id=153 processed=4 success=0 failed=0
[2026/03/13 12:40:03.57] Finished (exit=0) 
[2026/03/13 12:50:02.14] Starting ingest 
[12:50:02] [db] config: write_key_type=service_role read_key_type=service_role
[12:50:02] [pipeline_run] started: ingest (id=154, trigger=scheduler)
[12:50:02] [filings_ingest] start dry_run=False company_code=ALL
[12:50:02] [API] yanoshin.jp APIから取得中: https://webapi.yanoshin.jp/webapi/tdnet/list/today.json
[12:50:03] [API] detected_schema=items, raw_items_count=34
[12:50:03] [API] first_item_preview: id=8e43c30a2f86..., pubdate=2026-03-13 12:30:00, title=よくある質問と回答（2026年1月期通期決算）, code=5031
[12:50:03] [API] fetched_count=34
[12:50:03] [API] skip_reason=instrument_excluded, code=13494, name=Ｅ－ＳＳＧＡ－ＳＩＮ, title=アジア国債・公債ＥＴＦ（正式名称：ＡＢＦ汎アジア債券インデックス・ファンド）に関する日々の開示事項
[12:50:03] [API] skip_reason=instrument_excluded, code=15574, name=Ｅ－ＳＳＧＡＴＣ, title=State Street SPDR S&amp;P500 ETFに関する日々の開示事項
[12:50:03] [API] skip_reason=instrument_excluded, code=20704, name=Ｎ－三菱ＵＦＪ証ＨＤ, title=上場ETN（発行者：三菱UFJ証券ホールディングス株式会社）に関する日々の開示事項
[12:50:03] [API] skip_reason=instrument_excluded, code=16714, name=Ｅ－シンプレクス, title=上場ＥＴＦ(管理会社：シンプレクス・アセット・マネジメント)に関する日々の開示事項
[12:50:03] [API] skip_reason=instrument_excluded, code=13294, name=Ｅ－ブラックロック, title=上場ETF（管理会社：ブラックロック・ジャパン）に関する日々の開示事項
[12:50:03] [API] skip_reason=instrument_excluded, code=16724, name=Ｅ－ＷｉｓｄｏｍＴｒ, title=上場ETF（管理会社：WisdomTree、外国投資法人：MSL）に関する日々の開示事項　
[12:50:03] [API] skip_reason=instrument_excluded, code=16724, name=Ｅ－ＷｉｓｄｏｍＴｒ, title=上場ETF（管理会社：WisdomTree、外国投資法人：CSL）に関する日々の開示事項　
[12:50:03] [API] instrument_skipped_count=7
[12:50:03] [API] fetched_count=34, filtered_count=10, forecast_revision_count=1, financial_statement_count=9
[12:50:03] [API] new_count=7 already_processed=3 already_processed_financial_statement=3 new_financial_statement=6
[12:50:03] [API] already_processed_tickers=3930,7692,9556
[12:50:03] [INGEST] run=ingest-cf8c31c8 new_items=7 target_statements=6 non_target=1 (forecast_revision=1, other=0)
[12:50:03] [DL] ダウンロード中: https://webapi.yanoshin.jp/rd.php?https://www.release.tdnet.info/inbs/140120260313581421.pdf
[12:50:03] [DL] 保存完了: data\docs\140120260313581421.pdf (185.9KB)
[12:50:03] [抽出] SKIP_PDF_NOT_TANSHIN: title=よくある質問と回答（2026年1月期通期決算）
[12:50:03] [INGEST] doc_id=8e43c30a2f866907 status=skipped_not_tanshin title=よくある質問と回答（2026年1月期通期決算）
[12:50:03] [DL] ダウンロード中: https://webapi.yanoshin.jp/rd.php?https://www.release.tdnet.info/inbs/140120260313581476.pdf
[12:50:03] [DL] 保存完了: data\docs\140120260313581476.pdf (384.3KB)
[12:50:03] [抽出] SKIP_PDF_NOT_TANSHIN: title=2026年10月期第1四半期決算に関するＱ＆Ａおよびオンライン説明会動画公開のお
[12:50:03] [INGEST] doc_id=869ccaf5efe12682 status=skipped_not_tanshin title=2026年10月期第1四半期決算に関するＱ＆Ａおよびオンライン説明会動画公開のお
[12:50:03] [DL] 既にダウンロード済み: data\docs\140120260311580158.pdf
[12:50:03] [抽出] SKIP_PDF_NOT_TANSHIN: title=2026年７月期 第２四半期決算説明会資料
[12:50:03] [INGEST] doc_id=a39fc785eaeb03d1 status=skipped_not_tanshin title=2026年７月期 第２四半期決算説明会資料
[12:50:03] [DL] 既にダウンロード済み: data\docs\140120260312580961.pdf
[12:50:03] [抽出] SKIP_PDF_NOT_TANSHIN: title=2026年４月期 第３四半期 決算説明会資料（書き起こし）
[12:50:03] [INGEST] doc_id=88708a5e4205b37e status=skipped_not_tanshin title=2026年４月期 第３四半期 決算説明会資料（書き起こし）
[12:50:03] [DL] 既にダウンロード済み: data\docs\140120260313581312.pdf
[12:50:03] [抽出] SKIP_PDF_NOT_TANSHIN: title=FY26/7 Q2 第２四半期決算説明資料
[12:50:03] [INGEST] doc_id=d00921980f509d33 status=skipped_not_tanshin title=FY26/7 Q2 第２四半期決算説明資料
[12:50:03] [DL] 既にダウンロード済み: data\docs\140120260312580960.pdf
[12:50:04] [抽出] SKIP_PDF_NOT_TANSHIN: title=2026年3月期第3四半期 決算説明会資料
[12:50:04] [INGEST] doc_id=b226d4b0bc9ab5fc status=skipped_not_tanshin title=2026年3月期第3四半期 決算説明会資料
[12:50:04] [INGEST] run=ingest-cf8c31c8 processed=6 success=0 skipped=6 error=0 (tanshin=6) SKIP_NOT_TANSHIN_TITLE=6
[12:50:04] [filings_ingest] done total=6 success=0 errors=0
[12:50:04] [pipeline_run] finished: ingest status=done elapsed=1.6s id=154 processed=6 success=0 failed=0
[2026/03/13 12:50:04.31] Finished (exit=0) 
[2026/03/13 13:00:02.14] Starting ingest 
[13:00:02] [db] config: write_key_type=service_role read_key_type=service_role
[13:00:02] [pipeline_run] started: ingest (id=155, trigger=scheduler)
[13:00:02] [filings_ingest] start dry_run=False company_code=ALL
[13:00:02] [API] yanoshin.jp APIから取得中: https://webapi.yanoshin.jp/webapi/tdnet/list/today.json
[13:00:03] [API] detected_schema=items, raw_items_count=34
[13:00:03] [API] first_item_preview: id=8e43c30a2f86..., pubdate=2026-03-13 12:30:00, title=よくある質問と回答（2026年1月期通期決算）, code=5031
[13:00:03] [API] fetched_count=34
[13:00:03] [API] skip_reason=instrument_excluded, code=13494, name=Ｅ－ＳＳＧＡ－ＳＩＮ, title=アジア国債・公債ＥＴＦ（正式名称：ＡＢＦ汎アジア債券インデックス・ファンド）に関する日々の開示事項
[13:00:03] [API] skip_reason=instrument_excluded, code=15574, name=Ｅ－ＳＳＧＡＴＣ, title=State Street SPDR S&amp;P500 ETFに関する日々の開示事項
[13:00:03] [API] skip_reason=instrument_excluded, code=20704, name=Ｎ－三菱ＵＦＪ証ＨＤ, title=上場ETN（発行者：三菱UFJ証券ホールディングス株式会社）に関する日々の開示事項
[13:00:03] [API] skip_reason=instrument_excluded, code=16714, name=Ｅ－シンプレクス, title=上場ＥＴＦ(管理会社：シンプレクス・アセット・マネジメント)に関する日々の開示事項
[13:00:03] [API] skip_reason=instrument_excluded, code=13294, name=Ｅ－ブラックロック, title=上場ETF（管理会社：ブラックロック・ジャパン）に関する日々の開示事項
[13:00:03] [API] skip_reason=instrument_excluded, code=16724, name=Ｅ－ＷｉｓｄｏｍＴｒ, title=上場ETF（管理会社：WisdomTree、外国投資法人：MSL）に関する日々の開示事項　
[13:00:03] [API] skip_reason=instrument_excluded, code=16724, name=Ｅ－ＷｉｓｄｏｍＴｒ, title=上場ETF（管理会社：WisdomTree、外国投資法人：CSL）に関する日々の開示事項　
[13:00:03] [API] instrument_skipped_count=7
[13:00:03] [API] fetched_count=34, filtered_count=10, forecast_revision_count=1, financial_statement_count=9
[13:00:03] [API] new_count=7 already_processed=3 already_processed_financial_statement=3 new_financial_statement=6
[13:00:03] [API] already_processed_tickers=3930,7692,9556
[13:00:03] [INGEST] run=ingest-c738c6eb new_items=7 target_statements=6 non_target=1 (forecast_revision=1, other=0)
[13:00:03] [DL] 既にダウンロード済み: data\docs\140120260313581421.pdf
[13:00:03] [抽出] SKIP_PDF_NOT_TANSHIN: title=よくある質問と回答（2026年1月期通期決算）
[13:00:03] [INGEST] doc_id=8e43c30a2f866907 status=skipped_not_tanshin title=よくある質問と回答（2026年1月期通期決算）
[13:00:03] [DL] 既にダウンロード済み: data\docs\140120260313581476.pdf
[13:00:03] [抽出] SKIP_PDF_NOT_TANSHIN: title=2026年10月期第1四半期決算に関するＱ＆Ａおよびオンライン説明会動画公開のお
[13:00:03] [INGEST] doc_id=869ccaf5efe12682 status=skipped_not_tanshin title=2026年10月期第1四半期決算に関するＱ＆Ａおよびオンライン説明会動画公開のお
[13:00:03] [DL] 既にダウンロード済み: data\docs\140120260311580158.pdf
[13:00:03] [抽出] SKIP_PDF_NOT_TANSHIN: title=2026年７月期 第２四半期決算説明会資料
[13:00:03] [INGEST] doc_id=a39fc785eaeb03d1 status=skipped_not_tanshin title=2026年７月期 第２四半期決算説明会資料
[13:00:03] [DL] 既にダウンロード済み: data\docs\140120260312580961.pdf
[13:00:03] [抽出] SKIP_PDF_NOT_TANSHIN: title=2026年４月期 第３四半期 決算説明会資料（書き起こし）
[13:00:03] [INGEST] doc_id=88708a5e4205b37e status=skipped_not_tanshin title=2026年４月期 第３四半期 決算説明会資料（書き起こし）
[13:00:03] [DL] 既にダウンロード済み: data\docs\140120260313581312.pdf
[13:00:03] [抽出] SKIP_PDF_NOT_TANSHIN: title=FY26/7 Q2 第２四半期決算説明資料
[13:00:03] [INGEST] doc_id=d00921980f509d33 status=skipped_not_tanshin title=FY26/7 Q2 第２四半期決算説明資料
[13:00:03] [DL] 既にダウンロード済み: data\docs\140120260312580960.pdf
[13:00:03] [抽出] SKIP_PDF_NOT_TANSHIN: title=2026年3月期第3四半期 決算説明会資料
[13:00:03] [INGEST] doc_id=b226d4b0bc9ab5fc status=skipped_not_tanshin title=2026年3月期第3四半期 決算説明会資料
[13:00:03] [INGEST] run=ingest-c738c6eb processed=6 success=0 skipped=6 error=0 (tanshin=6) SKIP_NOT_TANSHIN_TITLE=6
[13:00:03] [filings_ingest] done total=6 success=0 errors=0
[13:00:03] [pipeline_run] finished: ingest status=done elapsed=1.1s id=155 processed=6 success=0 failed=0
[2026/03/13 13:00:03.81] Finished (exit=0) 
[2026/03/13 13:10:02.18] Starting ingest 
[13:10:02] [db] config: write_key_type=service_role read_key_type=service_role
[13:10:02] [pipeline_run] started: ingest (id=156, trigger=scheduler)
[13:10:02] [filings_ingest] start dry_run=False company_code=ALL
[13:10:02] [API] yanoshin.jp APIから取得中: https://webapi.yanoshin.jp/webapi/tdnet/list/today.json
[13:10:03] [API] detected_schema=items, raw_items_count=34
[13:10:03] [API] first_item_preview: id=8e43c30a2f86..., pubdate=2026-03-13 12:30:00, title=よくある質問と回答（2026年1月期通期決算）, code=5031
[13:10:03] [API] fetched_count=34
[13:10:03] [API] skip_reason=instrument_excluded, code=13494, name=Ｅ－ＳＳＧＡ－ＳＩＮ, title=アジア国債・公債ＥＴＦ（正式名称：ＡＢＦ汎アジア債券インデックス・ファンド）に関する日々の開示事項
[13:10:03] [API] skip_reason=instrument_excluded, code=15574, name=Ｅ－ＳＳＧＡＴＣ, title=State Street SPDR S&amp;P500 ETFに関する日々の開示事項
[13:10:03] [API] skip_reason=instrument_excluded, code=20704, name=Ｎ－三菱ＵＦＪ証ＨＤ, title=上場ETN（発行者：三菱UFJ証券ホールディングス株式会社）に関する日々の開示事項
[13:10:03] [API] skip_reason=instrument_excluded, code=16714, name=Ｅ－シンプレクス, title=上場ＥＴＦ(管理会社：シンプレクス・アセット・マネジメント)に関する日々の開示事項
[13:10:03] [API] skip_reason=instrument_excluded, code=13294, name=Ｅ－ブラックロック, title=上場ETF（管理会社：ブラックロック・ジャパン）に関する日々の開示事項
[13:10:03] [API] skip_reason=instrument_excluded, code=16724, name=Ｅ－ＷｉｓｄｏｍＴｒ, title=上場ETF（管理会社：WisdomTree、外国投資法人：MSL）に関する日々の開示事項　
[13:10:03] [API] skip_reason=instrument_excluded, code=16724, name=Ｅ－ＷｉｓｄｏｍＴｒ, title=上場ETF（管理会社：WisdomTree、外国投資法人：CSL）に関する日々の開示事項　
[13:10:03] [API] instrument_skipped_count=7
[13:10:03] [API] fetched_count=34, filtered_count=10, forecast_revision_count=1, financial_statement_count=9
[13:10:03] [API] new_count=7 already_processed=3 already_processed_financial_statement=3 new_financial_statement=6
[13:10:03] [API] already_processed_tickers=3930,7692,9556
[13:10:03] [INGEST] run=ingest-b8f9c0f6 new_items=7 target_statements=6 non_target=1 (forecast_revision=1, other=0)
[13:10:03] [DL] 既にダウンロード済み: data\docs\140120260313581421.pdf
[13:10:03] [抽出] SKIP_PDF_NOT_TANSHIN: title=よくある質問と回答（2026年1月期通期決算）
[13:10:03] [INGEST] doc_id=8e43c30a2f866907 status=skipped_not_tanshin title=よくある質問と回答（2026年1月期通期決算）
[13:10:03] [DL] 既にダウンロード済み: data\docs\140120260313581476.pdf
[13:10:03] [抽出] SKIP_PDF_NOT_TANSHIN: title=2026年10月期第1四半期決算に関するＱ＆Ａおよびオンライン説明会動画公開のお
[13:10:03] [INGEST] doc_id=869ccaf5efe12682 status=skipped_not_tanshin title=2026年10月期第1四半期決算に関するＱ＆Ａおよびオンライン説明会動画公開のお
[13:10:03] [DL] 既にダウンロード済み: data\docs\140120260311580158.pdf
[13:10:03] [抽出] SKIP_PDF_NOT_TANSHIN: title=2026年７月期 第２四半期決算説明会資料
[13:10:03] [INGEST] doc_id=a39fc785eaeb03d1 status=skipped_not_tanshin title=2026年７月期 第２四半期決算説明会資料
[13:10:03] [DL] 既にダウンロード済み: data\docs\140120260312580961.pdf
[13:10:03] [抽出] SKIP_PDF_NOT_TANSHIN: title=2026年４月期 第３四半期 決算説明会資料（書き起こし）
[13:10:03] [INGEST] doc_id=88708a5e4205b37e status=skipped_not_tanshin title=2026年４月期 第３四半期 決算説明会資料（書き起こし）
[13:10:03] [DL] 既にダウンロード済み: data\docs\140120260313581312.pdf
[13:10:03] [抽出] SKIP_PDF_NOT_TANSHIN: title=FY26/7 Q2 第２四半期決算説明資料
[13:10:03] [INGEST] doc_id=d00921980f509d33 status=skipped_not_tanshin title=FY26/7 Q2 第２四半期決算説明資料
[13:10:03] [DL] 既にダウンロード済み: data\docs\140120260312580960.pdf
[13:10:03] [抽出] SKIP_PDF_NOT_TANSHIN: title=2026年3月期第3四半期 決算説明会資料
[13:10:03] [INGEST] doc_id=b226d4b0bc9ab5fc status=skipped_not_tanshin title=2026年3月期第3四半期 決算説明会資料
[13:10:03] [INGEST] run=ingest-b8f9c0f6 processed=6 success=0 skipped=6 error=0 (tanshin=6) SKIP_NOT_TANSHIN_TITLE=6
[13:10:03] [filings_ingest] done total=6 success=0 errors=0
[13:10:03] [pipeline_run] finished: ingest status=done elapsed=1.0s id=156 processed=6 success=0 failed=0
[2026/03/13 13:10:03.72] Finished (exit=0) 
[2026/03/13 13:20:02.18] Starting ingest 
[13:20:02] [db] config: write_key_type=service_role read_key_type=service_role
[13:20:02] [pipeline_run] started: ingest (id=157, trigger=scheduler)
[13:20:02] [filings_ingest] start dry_run=False company_code=ALL
[13:20:02] [API] yanoshin.jp APIから取得中: https://webapi.yanoshin.jp/webapi/tdnet/list/today.json
[13:20:03] [API] detected_schema=items, raw_items_count=34
[13:20:03] [API] first_item_preview: id=8e43c30a2f86..., pubdate=2026-03-13 12:30:00, title=よくある質問と回答（2026年1月期通期決算）, code=5031
[13:20:03] [API] fetched_count=34
[13:20:03] [API] skip_reason=instrument_excluded, code=13494, name=Ｅ－ＳＳＧＡ－ＳＩＮ, title=アジア国債・公債ＥＴＦ（正式名称：ＡＢＦ汎アジア債券インデックス・ファンド）に関する日々の開示事項
[13:20:03] [API] skip_reason=instrument_excluded, code=15574, name=Ｅ－ＳＳＧＡＴＣ, title=State Street SPDR S&amp;P500 ETFに関する日々の開示事項
[13:20:03] [API] skip_reason=instrument_excluded, code=20704, name=Ｎ－三菱ＵＦＪ証ＨＤ, title=上場ETN（発行者：三菱UFJ証券ホールディングス株式会社）に関する日々の開示事項
[13:20:03] [API] skip_reason=instrument_excluded, code=16714, name=Ｅ－シンプレクス, title=上場ＥＴＦ(管理会社：シンプレクス・アセット・マネジメント)に関する日々の開示事項
[13:20:03] [API] skip_reason=instrument_excluded, code=13294, name=Ｅ－ブラックロック, title=上場ETF（管理会社：ブラックロック・ジャパン）に関する日々の開示事項
[13:20:03] [API] skip_reason=instrument_excluded, code=16724, name=Ｅ－ＷｉｓｄｏｍＴｒ, title=上場ETF（管理会社：WisdomTree、外国投資法人：MSL）に関する日々の開示事項　
[13:20:03] [API] skip_reason=instrument_excluded, code=16724, name=Ｅ－ＷｉｓｄｏｍＴｒ, title=上場ETF（管理会社：WisdomTree、外国投資法人：CSL）に関する日々の開示事項　
[13:20:03] [API] instrument_skipped_count=7
[13:20:03] [API] fetched_count=34, filtered_count=10, forecast_revision_count=1, financial_statement_count=9
[13:20:03] [API] new_count=7 already_processed=3 already_processed_financial_statement=3 new_financial_statement=6
[13:20:03] [API] already_processed_tickers=3930,7692,9556
[13:20:03] [INGEST] run=ingest-80f7caee new_items=7 target_statements=6 non_target=1 (forecast_revision=1, other=0)
[13:20:03] [DL] 既にダウンロード済み: data\docs\140120260313581421.pdf
[13:20:03] [抽出] SKIP_PDF_NOT_TANSHIN: title=よくある質問と回答（2026年1月期通期決算）
[13:20:03] [INGEST] doc_id=8e43c30a2f866907 status=skipped_not_tanshin title=よくある質問と回答（2026年1月期通期決算）
[13:20:03] [DL] 既にダウンロード済み: data\docs\140120260313581476.pdf
[13:20:03] [抽出] SKIP_PDF_NOT_TANSHIN: title=2026年10月期第1四半期決算に関するＱ＆Ａおよびオンライン説明会動画公開のお
[13:20:03] [INGEST] doc_id=869ccaf5efe12682 status=skipped_not_tanshin title=2026年10月期第1四半期決算に関するＱ＆Ａおよびオンライン説明会動画公開のお
[13:20:03] [DL] 既にダウンロード済み: data\docs\140120260311580158.pdf
[13:20:03] [抽出] SKIP_PDF_NOT_TANSHIN: title=2026年７月期 第２四半期決算説明会資料
[13:20:03] [INGEST] doc_id=a39fc785eaeb03d1 status=skipped_not_tanshin title=2026年７月期 第２四半期決算説明会資料
[13:20:03] [DL] 既にダウンロード済み: data\docs\140120260312580961.pdf
[13:20:03] [抽出] SKIP_PDF_NOT_TANSHIN: title=2026年４月期 第３四半期 決算説明会資料（書き起こし）
[13:20:03] [INGEST] doc_id=88708a5e4205b37e status=skipped_not_tanshin title=2026年４月期 第３四半期 決算説明会資料（書き起こし）
[13:20:03] [DL] 既にダウンロード済み: data\docs\140120260313581312.pdf
[13:20:03] [抽出] SKIP_PDF_NOT_TANSHIN: title=FY26/7 Q2 第２四半期決算説明資料
[13:20:03] [INGEST] doc_id=d00921980f509d33 status=skipped_not_tanshin title=FY26/7 Q2 第２四半期決算説明資料
[13:20:03] [DL] 既にダウンロード済み: data\docs\140120260312580960.pdf
[13:20:03] [抽出] SKIP_PDF_NOT_TANSHIN: title=2026年3月期第3四半期 決算説明会資料
[13:20:03] [INGEST] doc_id=b226d4b0bc9ab5fc status=skipped_not_tanshin title=2026年3月期第3四半期 決算説明会資料
[13:20:03] [INGEST] run=ingest-80f7caee processed=6 success=0 skipped=6 error=0 (tanshin=6) SKIP_NOT_TANSHIN_TITLE=6
[13:20:03] [filings_ingest] done total=6 success=0 errors=0
[13:20:03] [pipeline_run] finished: ingest status=done elapsed=1.1s id=157 processed=6 success=0 failed=0
[2026/03/13 13:20:03.79] Finished (exit=0) 
[2026/03/13 13:30:02.18] Starting ingest 
[13:30:02] [db] config: write_key_type=service_role read_key_type=service_role
[13:30:02] [pipeline_run] started: ingest (id=158, trigger=scheduler)
[13:30:02] [filings_ingest] start dry_run=False company_code=ALL
[13:30:02] [API] yanoshin.jp APIから取得中: https://webapi.yanoshin.jp/webapi/tdnet/list/today.json
[13:30:03] [API] detected_schema=items, raw_items_count=41
[13:30:03] [API] first_item_preview: id=427c88e40324..., pubdate=2026-03-13 13:00:00, title=海外子会社（特定子会社）の設立に関するお知らせ, code=280A
[13:30:03] [API] fetched_count=41
[13:30:03] [API] skip_reason=instrument_excluded, code=13494, name=Ｅ－ＳＳＧＡ－ＳＩＮ, title=アジア国債・公債ＥＴＦ（正式名称：ＡＢＦ汎アジア債券インデックス・ファンド）に関する日々の開示事項
[13:30:03] [API] skip_reason=instrument_excluded, code=15574, name=Ｅ－ＳＳＧＡＴＣ, title=State Street SPDR S&amp;P500 ETFに関する日々の開示事項
[13:30:03] [API] skip_reason=instrument_excluded, code=20704, name=Ｎ－三菱ＵＦＪ証ＨＤ, title=上場ETN（発行者：三菱UFJ証券ホールディングス株式会社）に関する日々の開示事項
[13:30:03] [API] skip_reason=instrument_excluded, code=16714, name=Ｅ－シンプレクス, title=上場ＥＴＦ(管理会社：シンプレクス・アセット・マネジメント)に関する日々の開示事項
[13:30:03] [API] skip_reason=instrument_excluded, code=13294, name=Ｅ－ブラックロック, title=上場ETF（管理会社：ブラックロック・ジャパン）に関する日々の開示事項
[13:30:03] [API] skip_reason=instrument_excluded, code=16724, name=Ｅ－ＷｉｓｄｏｍＴｒ, title=上場ETF（管理会社：WisdomTree、外国投資法人：MSL）に関する日々の開示事項　
[13:30:03] [API] skip_reason=instrument_excluded, code=16724, name=Ｅ－ＷｉｓｄｏｍＴｒ, title=上場ETF（管理会社：WisdomTree、外国投資法人：CSL）に関する日々の開示事項　
[13:30:03] [API] instrument_skipped_count=7
[13:30:03] [API] fetched_count=41, filtered_count=10, forecast_revision_count=1, financial_statement_count=9
[13:30:03] [API] new_count=7 already_processed=3 already_processed_financial_statement=3 new_financial_statement=6
[13:30:03] [API] already_processed_tickers=3930,7692,9556
[13:30:03] [INGEST] run=ingest-186cf07a new_items=7 target_statements=6 non_target=1 (forecast_revision=1, other=0)
[13:30:03] [DL] 既にダウンロード済み: data\docs\140120260313581421.pdf
[13:30:03] [抽出] SKIP_PDF_NOT_TANSHIN: title=よくある質問と回答（2026年1月期通期決算）
[13:30:03] [INGEST] doc_id=8e43c30a2f866907 status=skipped_not_tanshin title=よくある質問と回答（2026年1月期通期決算）
[13:30:03] [DL] 既にダウンロード済み: data\docs\140120260313581476.pdf
[13:30:03] [抽出] SKIP_PDF_NOT_TANSHIN: title=2026年10月期第1四半期決算に関するＱ＆Ａおよびオンライン説明会動画公開のお
[13:30:03] [INGEST] doc_id=869ccaf5efe12682 status=skipped_not_tanshin title=2026年10月期第1四半期決算に関するＱ＆Ａおよびオンライン説明会動画公開のお
[13:30:03] [DL] 既にダウンロード済み: data\docs\140120260311580158.pdf
[13:30:03] [抽出] SKIP_PDF_NOT_TANSHIN: title=2026年７月期 第２四半期決算説明会資料
[13:30:03] [INGEST] doc_id=a39fc785eaeb03d1 status=skipped_not_tanshin title=2026年７月期 第２四半期決算説明会資料
[13:30:03] [DL] 既にダウンロード済み: data\docs\140120260312580961.pdf
[13:30:03] [抽出] SKIP_PDF_NOT_TANSHIN: title=2026年４月期 第３四半期 決算説明会資料（書き起こし）
[13:30:03] [INGEST] doc_id=88708a5e4205b37e status=skipped_not_tanshin title=2026年４月期 第３四半期 決算説明会資料（書き起こし）
[13:30:03] [DL] 既にダウンロード済み: data\docs\140120260313581312.pdf
[13:30:03] [抽出] SKIP_PDF_NOT_TANSHIN: title=FY26/7 Q2 第２四半期決算説明資料
[13:30:03] [INGEST] doc_id=d00921980f509d33 status=skipped_not_tanshin title=FY26/7 Q2 第２四半期決算説明資料
[13:30:03] [DL] 既にダウンロード済み: data\docs\140120260312580960.pdf
[13:30:03] [抽出] SKIP_PDF_NOT_TANSHIN: title=2026年3月期第3四半期 決算説明会資料
[13:30:03] [INGEST] doc_id=b226d4b0bc9ab5fc status=skipped_not_tanshin title=2026年3月期第3四半期 決算説明会資料
[13:30:03] [INGEST] run=ingest-186cf07a processed=6 success=0 skipped=6 error=0 (tanshin=6) SKIP_NOT_TANSHIN_TITLE=6
[13:30:03] [filings_ingest] done total=6 success=0 errors=0
[13:30:03] [pipeline_run] finished: ingest status=done elapsed=1.1s id=158 processed=6 success=0 failed=0
[2026/03/13 13:30:03.93] Finished (exit=0) 
[2026/03/13 13:40:02.23] Starting ingest 
[13:40:02] [db] config: write_key_type=service_role read_key_type=service_role
[13:40:03] [pipeline_run] started: ingest (id=159, trigger=scheduler)
[13:40:03] [filings_ingest] start dry_run=False company_code=ALL
[13:40:03] [API] yanoshin.jp APIから取得中: https://webapi.yanoshin.jp/webapi/tdnet/list/today.json
[13:40:04] [API] detected_schema=items, raw_items_count=41
[13:40:04] [API] first_item_preview: id=427c88e40324..., pubdate=2026-03-13 13:00:00, title=海外子会社（特定子会社）の設立に関するお知らせ, code=280A
[13:40:04] [API] fetched_count=41
[13:40:04] [API] skip_reason=instrument_excluded, code=13494, name=Ｅ－ＳＳＧＡ－ＳＩＮ, title=アジア国債・公債ＥＴＦ（正式名称：ＡＢＦ汎アジア債券インデックス・ファンド）に関する日々の開示事項
[13:40:04] [API] skip_reason=instrument_excluded, code=15574, name=Ｅ－ＳＳＧＡＴＣ, title=State Street SPDR S&amp;P500 ETFに関する日々の開示事項
[13:40:04] [API] skip_reason=instrument_excluded, code=20704, name=Ｎ－三菱ＵＦＪ証ＨＤ, title=上場ETN（発行者：三菱UFJ証券ホールディングス株式会社）に関する日々の開示事項
[13:40:04] [API] skip_reason=instrument_excluded, code=16714, name=Ｅ－シンプレクス, title=上場ＥＴＦ(管理会社：シンプレクス・アセット・マネジメント)に関する日々の開示事項
[13:40:04] [API] skip_reason=instrument_excluded, code=13294, name=Ｅ－ブラックロック, title=上場ETF（管理会社：ブラックロック・ジャパン）に関する日々の開示事項
[13:40:04] [API] skip_reason=instrument_excluded, code=16724, name=Ｅ－ＷｉｓｄｏｍＴｒ, title=上場ETF（管理会社：WisdomTree、外国投資法人：MSL）に関する日々の開示事項　
[13:40:04] [API] skip_reason=instrument_excluded, code=16724, name=Ｅ－ＷｉｓｄｏｍＴｒ, title=上場ETF（管理会社：WisdomTree、外国投資法人：CSL）に関する日々の開示事項　
[13:40:04] [API] instrument_skipped_count=7
[13:40:04] [API] fetched_count=41, filtered_count=10, forecast_revision_count=1, financial_statement_count=9
[13:40:04] [API] new_count=7 already_processed=3 already_processed_financial_statement=3 new_financial_statement=6
[13:40:04] [API] already_processed_tickers=3930,7692,9556
[13:40:04] [INGEST] run=ingest-ca8cf4f2 new_items=7 target_statements=6 non_target=1 (forecast_revision=1, other=0)
[13:40:04] [DL] 既にダウンロード済み: data\docs\140120260313581421.pdf
[13:40:04] [抽出] SKIP_PDF_NOT_TANSHIN: title=よくある質問と回答（2026年1月期通期決算）
[13:40:04] [INGEST] doc_id=8e43c30a2f866907 status=skipped_not_tanshin title=よくある質問と回答（2026年1月期通期決算）
[13:40:04] [DL] 既にダウンロード済み: data\docs\140120260313581476.pdf
[13:40:04] [抽出] SKIP_PDF_NOT_TANSHIN: title=2026年10月期第1四半期決算に関するＱ＆Ａおよびオンライン説明会動画公開のお
[13:40:04] [INGEST] doc_id=869ccaf5efe12682 status=skipped_not_tanshin title=2026年10月期第1四半期決算に関するＱ＆Ａおよびオンライン説明会動画公開のお
[13:40:04] [DL] 既にダウンロード済み: data\docs\140120260311580158.pdf
[13:40:04] [抽出] SKIP_PDF_NOT_TANSHIN: title=2026年７月期 第２四半期決算説明会資料
[13:40:04] [INGEST] doc_id=a39fc785eaeb03d1 status=skipped_not_tanshin title=2026年７月期 第２四半期決算説明会資料
[13:40:04] [DL] 既にダウンロード済み: data\docs\140120260312580961.pdf
[13:40:04] [抽出] SKIP_PDF_NOT_TANSHIN: title=2026年４月期 第３四半期 決算説明会資料（書き起こし）
[13:40:04] [INGEST] doc_id=88708a5e4205b37e status=skipped_not_tanshin title=2026年４月期 第３四半期 決算説明会資料（書き起こし）
[13:40:04] [DL] 既にダウンロード済み: data\docs\140120260313581312.pdf
[13:40:04] [抽出] SKIP_PDF_NOT_TANSHIN: title=FY26/7 Q2 第２四半期決算説明資料
[13:40:04] [INGEST] doc_id=d00921980f509d33 status=skipped_not_tanshin title=FY26/7 Q2 第２四半期決算説明資料
[13:40:04] [DL] 既にダウンロード済み: data\docs\140120260312580960.pdf
[13:40:04] [抽出] SKIP_PDF_NOT_TANSHIN: title=2026年3月期第3四半期 決算説明会資料
[13:40:04] [INGEST] doc_id=b226d4b0bc9ab5fc status=skipped_not_tanshin title=2026年3月期第3四半期 決算説明会資料
[13:40:04] [INGEST] run=ingest-ca8cf4f2 processed=6 success=0 skipped=6 error=0 (tanshin=6) SKIP_NOT_TANSHIN_TITLE=6
[13:40:04] [filings_ingest] done total=6 success=0 errors=0
[13:40:04] [pipeline_run] finished: ingest status=done elapsed=1.2s id=159 processed=6 success=0 failed=0
[2026/03/13 13:40:04.88] Finished (exit=0) 
[2026/03/13 13:50:02.18] Starting ingest 
[13:50:02] [db] config: write_key_type=service_role read_key_type=service_role
[13:50:03] [pipeline_run] started: ingest (id=160, trigger=scheduler)
[13:50:03] [filings_ingest] start dry_run=False company_code=ALL
[13:50:03] [API] yanoshin.jp APIから取得中: https://webapi.yanoshin.jp/webapi/tdnet/list/today.json
[13:50:03] [API] detected_schema=items, raw_items_count=48
[13:50:03] [API] first_item_preview: id=9c64e7f19512..., pubdate=2026-03-13 13:45:00, title=2026年3月期の配当予想の修正に関するお知らせ, code=8473
[13:50:03] [API] fetched_count=48
[13:50:03] [API] skip_reason=instrument_excluded, code=13494, name=Ｅ－ＳＳＧＡ－ＳＩＮ, title=アジア国債・公債ＥＴＦ（正式名称：ＡＢＦ汎アジア債券インデックス・ファンド）に関する日々の開示事項
[13:50:03] [API] skip_reason=instrument_excluded, code=15574, name=Ｅ－ＳＳＧＡＴＣ, title=State Street SPDR S&amp;P500 ETFに関する日々の開示事項
[13:50:03] [API] skip_reason=instrument_excluded, code=20704, name=Ｎ－三菱ＵＦＪ証ＨＤ, title=上場ETN（発行者：三菱UFJ証券ホールディングス株式会社）に関する日々の開示事項
[13:50:03] [API] skip_reason=instrument_excluded, code=16714, name=Ｅ－シンプレクス, title=上場ＥＴＦ(管理会社：シンプレクス・アセット・マネジメント)に関する日々の開示事項
[13:50:03] [API] skip_reason=instrument_excluded, code=13294, name=Ｅ－ブラックロック, title=上場ETF（管理会社：ブラックロック・ジャパン）に関する日々の開示事項
[13:50:03] [API] skip_reason=instrument_excluded, code=16724, name=Ｅ－ＷｉｓｄｏｍＴｒ, title=上場ETF（管理会社：WisdomTree、外国投資法人：MSL）に関する日々の開示事項　
[13:50:03] [API] skip_reason=instrument_excluded, code=16724, name=Ｅ－ＷｉｓｄｏｍＴｒ, title=上場ETF（管理会社：WisdomTree、外国投資法人：CSL）に関する日々の開示事項　
[13:50:03] [API] instrument_skipped_count=7
[13:50:03] [API] fetched_count=48, filtered_count=14, forecast_revision_count=2, financial_statement_count=12
[13:50:03] [API] new_count=11 already_processed=3 already_processed_financial_statement=3 new_financial_statement=9
[13:50:03] [API] already_processed_tickers=3930,7692,9556
[13:50:03] [INGEST] run=ingest-61b80214 new_items=11 target_statements=9 non_target=2 (forecast_revision=2, other=0)
[13:50:03] [DL] ダウンロード中: https://webapi.yanoshin.jp/rd.php?https://www.release.tdnet.info/inbs/140120260311579628.pdf
[13:50:04] [DL] 保存完了: data\docs\140120260311579628.pdf (327.7KB)
[13:50:04] [DL] ダウンロード中: https://webapi.yanoshin.jp/rd.php?https://www.release.tdnet.info/inbs/081220260311579628.zip
[13:50:04] [DL] 保存完了: data\docs\081220260311579628.zip (73.9KB)
[13:50:04] [抽出] XBRL抽出を試行: data\docs\081220260311579628.zip
[13:50:04] [XBRL] 未知の財務タグ検出: ['tse-ed-t:ChangeInComprehensiveIncome', 'tse-ed-t:ChangeInNetSales', 'tse-ed-t:ChangeInOperatingIncome', 'tse-ed-t:ChangeInOrdinaryIncome', 'tse-ed-t:ChangeInProfitAttributableToOwnersOfParent', 'tse-ed-t:ComprehensiveIncome', 'tse-ed-t:DilutedNetIncomePerShare', 'tse-ed-t:NetIncomePerShare', 'tse-ed-t:ProfitAttributableToOwnersOfParent']
[13:50:04] [XBRL] Summary抽出成功: XBRLData/Summary/tse-scedjpsy-29290-20260313329290-ixbrl.htm
[13:50:04] [XBRL] Summary不足項目: ['gross_profit', 'cost_of_sales'], PL Attachment候補: 1
[13:50:04] [XBRL] 未知の財務タグ検出: ['jppfs_cor:DividendsIncomeNOI', 'jppfs_cor:EquityInLossesOfAffiliatesNOE', 'jppfs_cor:ExtraordinaryIncome', 'jppfs_cor:ExtraordinaryLoss', 'jppfs_cor:ForeignExchangeLossesNOE', 'jppfs_cor:GainOnSalesOfNoncurrentAssetsEI', 'jppfs_cor:IncomeBeforeIncomeTaxes', 'jppfs_cor:IncomeTaxes', 'jppfs_cor:InterestIncomeNOI', 'jppfs_cor:LossOnSalesOfStocksOfSubsidiariesAndAffiliatesEL', 'jppfs_cor:NonOperatingExpenses', 'jppfs_cor:NonOperatingIncome', 'jppfs_cor:ProfitLoss', 'jppfs_cor:ProfitLossAttributableToOwnersOfParent', 'jppfs_cor:SubsidyIncomeNOI']
[13:50:04] [XBRL] PL Attachment抽出成功: XBRLData/Attachment/0102010-scpl15-tse-scedjpfr-29290-2026-01-31-01-2026-03-13-ixbrl.htm
[13:50:04] [XBRL] Attachment補完: gross_profit=24285000000
[13:50:04] [XBRL] Attachment補完: cost_of_sales=5572000000
[13:50:04] [抽出] XBRL抽出成功: sales=32441000000, gp=24285000000, op=-2361000000
[13:50:04] [INGEST] doc_id=2fd52c7e23df1276 zip_hash=6ead1ee874c1d618b86916d4115abfdc328f3f55671010ca4971d91bd41b0945 status=success 2929 2026-07-31 2Q sales=32441000000 gp=24285000000 op=-2361000000
[13:50:05] [v2] セグメント抽出成功: 6件, engine=v2, unit=百万円, profit_role=
[13:50:05] [SEGMENT] 2929 2Q I 前中間連結会計期間(自: sales=2024.0 profit=None (inserted)
[13:50:05] [SEGMENT] 2929 2Q BtoB BtoC メディカ: sales=1.0 profit=None (inserted)
[13:50:05] [SEGMENT] 2929 2Q 事業 事業 ル: sales=3.0 profit=None (inserted)
[13:50:05] [SEGMENT] 2929 2Q 外部顧客への売上高: sales=3760.0 profit=None (inserted)
[13:50:05] [SEGMENT] 2929 2Q (注): sales=1.0 profit=None (inserted)
[13:50:05] [SEGMENT] 2929 2Q 費用: sales=-829.0 profit=None (inserted)
[13:50:06] [DL] ダウンロード中: https://webapi.yanoshin.jp/rd.php?https://www.release.tdnet.info/inbs/140120260304575759.pdf
[13:50:06] [DL] 保存完了: data\docs\140120260304575759.pdf (572.7KB)
[13:50:06] [DL] ダウンロード中: https://webapi.yanoshin.jp/rd.php?https://www.release.tdnet.info/inbs/081220260304575759.zip
[13:50:07] [DL] 保存完了: data\docs\081220260304575759.zip (68.9KB)
[13:50:07] [抽出] XBRL抽出を試行: data\docs\081220260304575759.zip
[13:50:07] [XBRL] 未知の財務タグ検出: ['tse-ed-t:ChangeInComprehensiveIncome', 'tse-ed-t:ChangeInNetSales', 'tse-ed-t:ChangeInOperatingIncome', 'tse-ed-t:ChangeInOrdinaryIncome', 'tse-ed-t:ChangeInProfitAttributableToOwnersOfParent', 'tse-ed-t:ComprehensiveIncome', 'tse-ed-t:DilutedNetIncomePerShare', 'tse-ed-t:NetIncomePerShare', 'tse-ed-t:ProfitAttributableToOwnersOfParent']
[13:50:07] [XBRL] Summary抽出成功: XBRLData/Summary/tse-qcedjpsm-39740-20260313339740-ixbrl.htm
[13:50:07] [XBRL] Summary不足項目: ['gross_profit', 'cost_of_sales'], PL Attachment候補: 1
[13:50:07] [XBRL] 未知の財務タグ検出: ['jppfs_cor:ExtraordinaryLoss', 'jppfs_cor:IncomeBeforeIncomeTaxes', 'jppfs_cor:IncomeTaxes', 'jppfs_cor:IncomeTaxesCurrent', 'jppfs_cor:IncomeTaxesDeferred', 'jppfs_cor:InterestIncomeNOI', 'jppfs_cor:LossOnRetirementOfNoncurrentAssetsEL', 'jppfs_cor:NonOperatingExpenses', 'jppfs_cor:NonOperatingIncome', 'jppfs_cor:ProfitLoss', 'jppfs_cor:ProfitLossAttributableToOwnersOfParent', 'jppfs_cor:SubsidyIncomeNOIBounty']
[13:50:07] [XBRL] PL Attachment抽出成功: XBRLData/Attachment/0600000-qcpl11-tse-qcedjpfr-39740-2026-01-31-01-2026-03-13-ixbrl.htm
[13:50:07] [XBRL] Attachment補完: gross_profit=259570000
[13:50:07] [XBRL] Attachment補完: cost_of_sales=401373000
[13:50:07] [抽出] XBRL抽出成功: sales=660000000, gp=259570000, op=44000000
[13:50:07] [INGEST] doc_id=5d82ae41b2c7559f zip_hash=eb32b831217b1038678332a49a45c74f5ed3101e255dfec9537ca47cab92b0eb status=success 3974 2026-10-31 1Q sales=660000000 gp=259570000 op=44000000
[13:50:09] [v2] セグメント抽出成功: 7件, engine=v2, unit=千円, profit_role=
[13:50:09] [SEGMENT] 3974 1Q 前第: sales=0.001 profit=None (inserted)
[13:50:09] [SEGMENT] 3974 1Q ビジネス 介護サービス: sales=0.001 profit=None (inserted)
[13:50:09] [SEGMENT] 3974 1Q 顧客との契約から生じる収益: sales=353.702 profit=None (inserted)
[13:50:09] [SEGMENT] 3974 1Q その他の収益: sales=0.002 profit=None (inserted)
[13:50:09] [SEGMENT] 3974 1Q 外部顧客への売上高: sales=353.702 profit=None (inserted)
[13:50:09] [SEGMENT] 3974 1Q セグメント利益: sales=3.254 profit=None (inserted)
[13:50:09] [SEGMENT] 3974 1Q (注): sales=0.001 profit=None (inserted)
[13:50:10] [DL] ダウンロード中: https://webapi.yanoshin.jp/rd.php?https://www.release.tdnet.info/inbs/140120260304575791.pdf
[13:50:10] [DL] 保存完了: data\docs\140120260304575791.pdf (1177.6KB)
[13:50:10] [抽出] SKIP_PDF_NOT_TANSHIN: title=2026年10月期　第１四半期決算補足資料
[13:50:10] [INGEST] doc_id=1cf5bf878d1bd87b status=skipped_not_tanshin title=2026年10月期　第１四半期決算補足資料
[13:50:10] [DL] 既にダウンロード済み: data\docs\140120260313581421.pdf
[13:50:10] [抽出] SKIP_PDF_NOT_TANSHIN: title=よくある質問と回答（2026年1月期通期決算）
[13:50:10] [INGEST] doc_id=8e43c30a2f866907 status=skipped_not_tanshin title=よくある質問と回答（2026年1月期通期決算）
[13:50:10] [DL] 既にダウンロード済み: data\docs\140120260313581476.pdf
[13:50:10] [抽出] SKIP_PDF_NOT_TANSHIN: title=2026年10月期第1四半期決算に関するＱ＆Ａおよびオンライン説明会動画公開のお
[13:50:10] [INGEST] doc_id=869ccaf5efe12682 status=skipped_not_tanshin title=2026年10月期第1四半期決算に関するＱ＆Ａおよびオンライン説明会動画公開のお
[13:50:10] [DL] 既にダウンロード済み: data\docs\140120260311580158.pdf
[13:50:10] [抽出] SKIP_PDF_NOT_TANSHIN: title=2026年７月期 第２四半期決算説明会資料
[13:50:10] [INGEST] doc_id=a39fc785eaeb03d1 status=skipped_not_tanshin title=2026年７月期 第２四半期決算説明会資料
[13:50:10] [DL] 既にダウンロード済み: data\docs\140120260312580961.pdf
[13:50:10] [抽出] SKIP_PDF_NOT_TANSHIN: title=2026年４月期 第３四半期 決算説明会資料（書き起こし）
[13:50:10] [INGEST] doc_id=88708a5e4205b37e status=skipped_not_tanshin title=2026年４月期 第３四半期 決算説明会資料（書き起こし）
[13:50:10] [DL] 既にダウンロード済み: data\docs\140120260313581312.pdf
[13:50:10] [抽出] SKIP_PDF_NOT_TANSHIN: title=FY26/7 Q2 第２四半期決算説明資料
[13:50:10] [INGEST] doc_id=d00921980f509d33 status=skipped_not_tanshin title=FY26/7 Q2 第２四半期決算説明資料
[13:50:10] [DL] 既にダウンロード済み: data\docs\140120260312580960.pdf
[13:50:11] [抽出] SKIP_PDF_NOT_TANSHIN: title=2026年3月期第3四半期 決算説明会資料
[13:50:11] [INGEST] doc_id=b226d4b0bc9ab5fc status=skipped_not_tanshin title=2026年3月期第3四半期 決算説明会資料
[13:50:11] [INGEST] run=ingest-61b80214 processed=9 success=2 skipped=7 error=0 (tanshin=9) SKIP_NOT_TANSHIN_TITLE=7
[13:50:11] [filings_ingest] done total=9 success=0 errors=0
[13:50:11] [pipeline_run] finished: ingest status=done elapsed=7.9s id=160 processed=9 success=0 failed=0
[2026/03/13 13:50:11.39] Finished (exit=0) 
[2026/03/13 14:00:02.19] Starting ingest 
[14:00:02] [db] config: write_key_type=service_role read_key_type=service_role
[14:00:03] [pipeline_run] started: ingest (id=161, trigger=scheduler)
[14:00:03] [filings_ingest] start dry_run=False company_code=ALL
[14:00:03] [API] yanoshin.jp APIから取得中: https://webapi.yanoshin.jp/webapi/tdnet/list/today.json
[14:00:03] [API] detected_schema=items, raw_items_count=48
[14:00:03] [API] first_item_preview: id=9c64e7f19512..., pubdate=2026-03-13 13:45:00, title=2026年3月期の配当予想の修正に関するお知らせ, code=8473
[14:00:03] [API] fetched_count=48
[14:00:03] [API] skip_reason=instrument_excluded, code=13494, name=Ｅ－ＳＳＧＡ－ＳＩＮ, title=アジア国債・公債ＥＴＦ（正式名称：ＡＢＦ汎アジア債券インデックス・ファンド）に関する日々の開示事項
[14:00:03] [API] skip_reason=instrument_excluded, code=15574, name=Ｅ－ＳＳＧＡＴＣ, title=State Street SPDR S&amp;P500 ETFに関する日々の開示事項
[14:00:03] [API] skip_reason=instrument_excluded, code=20704, name=Ｎ－三菱ＵＦＪ証ＨＤ, title=上場ETN（発行者：三菱UFJ証券ホールディングス株式会社）に関する日々の開示事項
[14:00:03] [API] skip_reason=instrument_excluded, code=16714, name=Ｅ－シンプレクス, title=上場ＥＴＦ(管理会社：シンプレクス・アセット・マネジメント)に関する日々の開示事項
[14:00:03] [API] skip_reason=instrument_excluded, code=13294, name=Ｅ－ブラックロック, title=上場ETF（管理会社：ブラックロック・ジャパン）に関する日々の開示事項
[14:00:03] [API] skip_reason=instrument_excluded, code=16724, name=Ｅ－ＷｉｓｄｏｍＴｒ, title=上場ETF（管理会社：WisdomTree、外国投資法人：MSL）に関する日々の開示事項　
[14:00:03] [API] skip_reason=instrument_excluded, code=16724, name=Ｅ－ＷｉｓｄｏｍＴｒ, title=上場ETF（管理会社：WisdomTree、外国投資法人：CSL）に関する日々の開示事項　
[14:00:03] [API] instrument_skipped_count=7
[14:00:03] [API] fetched_count=48, filtered_count=14, forecast_revision_count=2, financial_statement_count=12
[14:00:03] [API] new_count=9 already_processed=5 already_processed_financial_statement=5 new_financial_statement=7
[14:00:03] [API] already_processed_tickers=2929,3974,3930,7692,9556
[14:00:03] [INGEST] run=ingest-bcaaa117 new_items=9 target_statements=7 non_target=2 (forecast_revision=2, other=0)
[14:00:03] [DL] 既にダウンロード済み: data\docs\140120260304575791.pdf
[14:00:03] [抽出] SKIP_PDF_NOT_TANSHIN: title=2026年10月期　第１四半期決算補足資料
[14:00:03] [INGEST] doc_id=1cf5bf878d1bd87b status=skipped_not_tanshin title=2026年10月期　第１四半期決算補足資料
[14:00:03] [DL] 既にダウンロード済み: data\docs\140120260313581421.pdf
[14:00:03] [抽出] SKIP_PDF_NOT_TANSHIN: title=よくある質問と回答（2026年1月期通期決算）
[14:00:03] [INGEST] doc_id=8e43c30a2f866907 status=skipped_not_tanshin title=よくある質問と回答（2026年1月期通期決算）
[14:00:03] [DL] 既にダウンロード済み: data\docs\140120260313581476.pdf
[14:00:04] [抽出] SKIP_PDF_NOT_TANSHIN: title=2026年10月期第1四半期決算に関するＱ＆Ａおよびオンライン説明会動画公開のお
[14:00:04] [INGEST] doc_id=869ccaf5efe12682 status=skipped_not_tanshin title=2026年10月期第1四半期決算に関するＱ＆Ａおよびオンライン説明会動画公開のお
[14:00:04] [DL] 既にダウンロード済み: data\docs\140120260311580158.pdf
[14:00:04] [抽出] SKIP_PDF_NOT_TANSHIN: title=2026年７月期 第２四半期決算説明会資料
[14:00:04] [INGEST] doc_id=a39fc785eaeb03d1 status=skipped_not_tanshin title=2026年７月期 第２四半期決算説明会資料
[14:00:04] [DL] 既にダウンロード済み: data\docs\140120260312580961.pdf
[14:00:04] [抽出] SKIP_PDF_NOT_TANSHIN: title=2026年４月期 第３四半期 決算説明会資料（書き起こし）
[14:00:04] [INGEST] doc_id=88708a5e4205b37e status=skipped_not_tanshin title=2026年４月期 第３四半期 決算説明会資料（書き起こし）
[14:00:04] [DL] 既にダウンロード済み: data\docs\140120260313581312.pdf
[14:00:04] [抽出] SKIP_PDF_NOT_TANSHIN: title=FY26/7 Q2 第２四半期決算説明資料
[14:00:04] [INGEST] doc_id=d00921980f509d33 status=skipped_not_tanshin title=FY26/7 Q2 第２四半期決算説明資料
[14:00:04] [DL] 既にダウンロード済み: data\docs\140120260312580960.pdf
[14:00:04] [抽出] SKIP_PDF_NOT_TANSHIN: title=2026年3月期第3四半期 決算説明会資料
[14:00:04] [INGEST] doc_id=b226d4b0bc9ab5fc status=skipped_not_tanshin title=2026年3月期第3四半期 決算説明会資料
[14:00:04] [INGEST] run=ingest-bcaaa117 processed=7 success=0 skipped=7 error=0 (tanshin=7) SKIP_NOT_TANSHIN_TITLE=7
[14:00:04] [filings_ingest] done total=7 success=0 errors=0
[14:00:04] [pipeline_run] finished: ingest status=done elapsed=1.2s id=161 processed=7 success=0 failed=0
[2026/03/13 14:00:04.57] Finished (exit=0) 
[2026/03/13 14:10:02.24] Starting ingest 
[14:10:02] [db] config: write_key_type=service_role read_key_type=service_role
[14:10:03] [pipeline_run] started: ingest (id=162, trigger=scheduler)
[14:10:03] [filings_ingest] start dry_run=False company_code=ALL
[14:10:03] [API] yanoshin.jp APIから取得中: https://webapi.yanoshin.jp/webapi/tdnet/list/today.json
[14:10:03] [API] detected_schema=items, raw_items_count=73
[14:10:03] [API] first_item_preview: id=5173c4e8ec04..., pubdate=2026-03-13 14:00:00, title=臨時株主総会招集のための基準日設定に関するお知らせ, code=157A
[14:10:03] [API] fetched_count=73
[14:10:03] [API] skip_reason=instrument_excluded, code=13494, name=Ｅ－ＳＳＧＡ－ＳＩＮ, title=アジア国債・公債ＥＴＦ（正式名称：ＡＢＦ汎アジア債券インデックス・ファンド）に関する日々の開示事項
[14:10:03] [API] skip_reason=instrument_excluded, code=15574, name=Ｅ－ＳＳＧＡＴＣ, title=State Street SPDR S&amp;P500 ETFに関する日々の開示事項
[14:10:03] [API] skip_reason=instrument_excluded, code=20704, name=Ｎ－三菱ＵＦＪ証ＨＤ, title=上場ETN（発行者：三菱UFJ証券ホールディングス株式会社）に関する日々の開示事項
[14:10:03] [API] skip_reason=instrument_excluded, code=16714, name=Ｅ－シンプレクス, title=上場ＥＴＦ(管理会社：シンプレクス・アセット・マネジメント)に関する日々の開示事項
[14:10:03] [API] skip_reason=instrument_excluded, code=13294, name=Ｅ－ブラックロック, title=上場ETF（管理会社：ブラックロック・ジャパン）に関する日々の開示事項
[14:10:03] [API] skip_reason=instrument_excluded, code=16724, name=Ｅ－ＷｉｓｄｏｍＴｒ, title=上場ETF（管理会社：WisdomTree、外国投資法人：MSL）に関する日々の開示事項　
[14:10:03] [API] skip_reason=instrument_excluded, code=16724, name=Ｅ－ＷｉｓｄｏｍＴｒ, title=上場ETF（管理会社：WisdomTree、外国投資法人：CSL）に関する日々の開示事項　
[14:10:03] [API] instrument_skipped_count=7
[14:10:03] [API] fetched_count=73, filtered_count=22, forecast_revision_count=4, financial_statement_count=18
[14:10:03] [API] new_count=17 already_processed=5 already_processed_financial_statement=5 new_financial_statement=13
[14:10:03] [API] already_processed_tickers=2929,3974,3930,7692,9556
[14:10:03] [INGEST] run=ingest-2121025e new_items=17 target_statements=13 non_target=4 (forecast_revision=4, other=0)
[14:10:03] [DL] ダウンロード中: https://webapi.yanoshin.jp/rd.php?https://www.release.tdnet.info/inbs/140120260312580766.pdf
[14:10:04] [DL] 保存完了: data\docs\140120260312580766.pdf (437.5KB)
[14:10:04] [DL] ダウンロード中: https://webapi.yanoshin.jp/rd.php?https://www.release.tdnet.info/inbs/081220260312580766.zip
[14:10:04] [DL] 保存完了: data\docs\081220260312580766.zip (65.7KB)
[14:10:04] [抽出] XBRL抽出を試行: data\docs\081220260312580766.zip
[14:10:04] [XBRL] 未知の財務タグ検出: ['tse-ed-t:ChangeInNetIncome', 'tse-ed-t:ChangeInNetSales', 'tse-ed-t:ChangeInOperatingIncome', 'tse-ed-t:ChangeInOrdinaryIncome', 'tse-ed-t:DilutedNetIncomePerShare', 'tse-ed-t:NetIncome', 'tse-ed-t:NetIncomePerShare']
[14:10:04] [XBRL] Summary抽出成功: XBRLData/Summary/tse-snedjpsy-211A0-202603133211A0-ixbrl.htm
[14:10:04] [XBRL] Summary不足項目: ['gross_profit', 'cost_of_sales'], PL Attachment候補: 1
[14:10:04] [XBRL] 未知の財務タグ検出: ['jppfs_cor:IncomeBeforeIncomeTaxes', 'jppfs_cor:IncomeTaxes', 'jppfs_cor:IncomeTaxesCurrent', 'jppfs_cor:IncomeTaxesDeferred', 'jppfs_cor:InterestIncomeNOI', 'jppfs_cor:NonOperatingExpenses', 'jppfs_cor:NonOperatingIncome', 'jppfs_cor:ProfitLoss']
[14:10:04] [XBRL] PL Attachment抽出成功: XBRLData/Attachment/1200000-snpl16-tse-snedjpfr-211A0-2026-01-31-01-2026-03-13-ixbrl.htm
[14:10:04] [XBRL] Attachment補完: gross_profit=785424000
[14:10:04] [XBRL] Attachment補完: cost_of_sales=2962285000
[14:10:04] [抽出] XBRL抽出成功: sales=2413000000, gp=785424000, op=139000000
[14:10:04] [INGEST] doc_id=f0c033c4dccb840b zip_hash=6d36e28e220dc71bb2948ba4b49deab7daf3af369d29c522394b66c96b714b32 status=success 211A 2026-07-31 2Q sales=2413000000 gp=785424000 op=139000000
[14:10:05] [quarantine] 211A: backlog_total: キーワード'受注残高'はあるが合計行が見つからない (DB write skipped \u2014 persist OFF)
[14:10:05] [ORDER] 211A quarantine: backlog_total: キーワード'受注残高'はあるが合計行が見つからない
[14:10:06] [v2] セグメント抽出成功: 5件, engine=v2, unit=千円, profit_role=
[14:10:06] [SEGMENT] 211A 2Q 前中間会計期間(自: sales=2.024 profit=None (inserted)
[14:10:06] [SEGMENT] 211A 2Q 外部顧客への売上高: sales=3127.759 profit=None (inserted)
[14:10:06] [SEGMENT] 211A 2Q セグメント利益: sales=293.686 profit=None (inserted)
[14:10:06] [SEGMENT] 211A 2Q 当中間会計期間(自: sales=2.025 profit=None (inserted)
[14:10:06] [SEGMENT] 211A 2Q 外部顧客への売上高: sales=1777.651 profit=None (updated)
[14:10:07] [DL] ダウンロード中: https://webapi.yanoshin.jp/rd.php?https://www.release.tdnet.info/inbs/140120260304576030.pdf
[14:10:07] [DL] 保存完了: data\docs\140120260304576030.pdf (188.3KB)
[14:10:07] [DL] ダウンロード中: https://webapi.yanoshin.jp/rd.php?https://www.release.tdnet.info/inbs/081220260304576030.zip
[14:10:08] [DL] 保存完了: data\docs\081220260304576030.zip (66.7KB)
[14:10:08] [抽出] XBRL抽出を試行: data\docs\081220260304576030.zip
[14:10:08] [XBRL] 未知の財務タグ検出: ['tse-ed-t:CashFlowsFromOperatingActivities', 'tse-ed-t:ChangeInComprehensiveIncome', 'tse-ed-t:ChangeInNetIncome', 'tse-ed-t:ChangeInNetSales', 'tse-ed-t:ChangeInOperatingIncome', 'tse-ed-t:ChangeInOrdinaryIncome', 'tse-ed-t:ChangeInProfitAttributableToOwnersOfParent', 'tse-ed-t:ComprehensiveIncome', 'tse-ed-t:DilutedNetIncomePerShare', 'tse-ed-t:InvestmentProfitLossOnEquityMethod', 'tse-ed-t:NetIncome', 'tse-ed-t:NetIncomePerShare', 'tse-ed-t:NetIncomeToShareholdersEquityRatio', 'tse-ed-t:OperatingIncomeToNetSalesRatio', 'tse-ed-t:OrdinaryIncomeToTotalAssetsRatio', 'tse-ed-t:ProfitAttributableToOwnersOfParent']
[14:10:08] [XBRL] Summary抽出成功: XBRLData/Summary/tse-acedjpsm-21630-20260304576030-ixbrl.htm
[14:10:08] [XBRL] Summary不足項目: ['gross_profit', 'cost_of_sales'], PL Attachment候補: 1
[14:10:08] [XBRL] 未知の財務タグ検出: ['jppfs_cor:DividendsIncomeNOI', 'jppfs_cor:DividendsIncomeOfInsuranceNOI', 'jppfs_cor:ExtraordinaryIncome', 'jppfs_cor:ExtraordinaryLoss', 'jppfs_cor:GainOnSalesOfInvestmentSecuritiesEI', 'jppfs_cor:IncomeBeforeIncomeTaxes', 'jppfs_cor:IncomeTaxes', 'jppfs_cor:IncomeTaxesCurrent', 'jppfs_cor:IncomeTaxesDeferred', 'jppfs_cor:InterestIncomeNOI', 'jppfs_cor:LossOnRetirementOfNoncurrentAssetsEL', 'jppfs_cor:LossOnSalesOfNoncurrentAssetsEL', 'jppfs_cor:NonOperatingExpenses', 'jppfs_cor:NonOperatingIncome', 'jppfs_cor:ProfitLoss', 'jppfs_cor:ProfitLossAttributableToOwnersOfParent', 'tse-acedjpfr-21630:SalesIncomeOfTrainingMaterialsNOI']
[14:10:08] [XBRL] PL Attachment抽出成功: XBRLData/Attachment/0102010-acpl01-tse-acedjpfr-21630-2026-01-31-01-2026-03-13-ixbrl.htm
[14:10:08] [XBRL] Attachment補完: gross_profit=4573506000
[14:10:08] [XBRL] Attachment補完: cost_of_sales=7473158000
[14:10:08] [抽出] XBRL抽出成功: sales=12046000000, gp=4573506000, op=1821000000
[14:10:08] [INGEST] doc_id=47ed613062d1e7d7 zip_hash=3b26c47abdd4b5546b02435a0b99848252c5d249f377d6ec16b46c939351f1d9 status=parse_failed reason=年度/Q不明: year=R8/1, q=
[14:10:08] [DL] ダウンロード中: https://webapi.yanoshin.jp/rd.php?https://www.release.tdnet.info/inbs/140120260313581584.pdf
[14:10:08] [DL] 保存完了: data\docs\140120260313581584.pdf (2187.3KB)
[14:10:08] [抽出] SKIP_PDF_NOT_TANSHIN: title=2026年1月期　決算短信補足説明資料
[14:10:08] [INGEST] doc_id=177e5009e7564b4d status=skipped_not_tanshin title=2026年1月期　決算短信補足説明資料
[14:10:08] [DL] ダウンロード中: https://webapi.yanoshin.jp/rd.php?https://www.release.tdnet.info/inbs/140120260313581537.pdf
[14:10:08] [DL] 保存完了: data\docs\140120260313581537.pdf (387.9KB)
[14:10:08] [DL] ダウンロード中: https://webapi.yanoshin.jp/rd.php?https://www.release.tdnet.info/inbs/081220260313581537.zip
[14:10:09] [DL] 保存完了: data\docs\081220260313581537.zip (76.7KB)
[14:10:09] [抽出] XBRL抽出を試行: data\docs\081220260313581537.zip
[14:10:09] [XBRL] 未知の財務タグ検出: ['tse-ed-t:ChangeInComprehensiveIncome', 'tse-ed-t:ChangeInNetSales', 'tse-ed-t:ChangeInOperatingIncome', 'tse-ed-t:ChangeInOrdinaryIncome', 'tse-ed-t:ChangeInProfitAttributableToOwnersOfParent', 'tse-ed-t:ComprehensiveIncome', 'tse-ed-t:DilutedNetIncomePerShare', 'tse-ed-t:NetIncomePerShare', 'tse-ed-t:ProfitAttributableToOwnersOfParent']
[14:10:09] [XBRL] Summary抽出成功: XBRLData/Summary/tse-scedjpsy-29910-20260313329910-ixbrl.htm
[14:10:09] [XBRL] Summary不足項目: ['gross_profit', 'cost_of_sales'], PL Attachment候補: 1
[14:10:09] [XBRL] 未知の財務タグ検出: ['jppfs_cor:ExtraordinaryIncome', 'jppfs_cor:ExtraordinaryLoss', 'jppfs_cor:GainOnSalesOfNoncurrentAssetsEI', 'jppfs_cor:IncomeBeforeIncomeTaxes', 'jppfs_cor:IncomeTaxes', 'jppfs_cor:IncomeTaxesCurrent', 'jppfs_cor:IncomeTaxesDeferred', 'jppfs_cor:InsuranceIncomeNOI', 'jppfs_cor:InterestIncomeNOI', 'jppfs_cor:LossOnRetirementOfNoncurrentAssetsEL', 'jppfs_cor:NonOperatingExpenses', 'jppfs_cor:NonOperatingIncome', 'jppfs_cor:PenaltyIncomeNOI', 'jppfs_cor:ProfitLoss', 'jppfs_cor:ProfitLossAttributableToOwnersOfParent']
[14:10:09] [XBRL] PL Attachment抽出成功: XBRLData/Attachment/0600000-scpl15-tse-scedjpfr-29910-2026-01-31-01-2026-03-13-ixbrl.htm
[14:10:09] [XBRL] Attachment補完: gross_profit=7380000000
[14:10:09] [XBRL] Attachment補完: cost_of_sales=38980000000
[14:10:09] [抽出] XBRL抽出成功: sales=51483000000, gp=7380000000, op=1808000000
[14:10:09] [INGEST] doc_id=5419500e1823c1ca zip_hash=1cd7ce0f5d6c4ba98c33fc4f4a4ba098b64e8908c9f8fa92cce224f2d7a72e10 status=success 2991 2026-07-31 2Q sales=51483000000 gp=7380000000 op=1808000000
[14:10:11] [v2] セグメント抽出成功: 22件, engine=v2, unit=百万円, profit_role=
[14:10:11] [SEGMENT] 2991 2Q (自: sales=2024.0 profit=None (inserted)
[14:10:11] [SEGMENT] 2991 2Q 売上高: sales=46361.0 profit=None (inserted)
[14:10:11] [SEGMENT] 2991 2Q 売上原価: sales=38980.0 profit=None (inserted)
[14:10:11] [SEGMENT] 2991 2Q 売上総利益: sales=7380.0 profit=None (inserted)
[14:10:11] [SEGMENT] 2991 2Q 販売費及び一般管理費: sales=5353.0 profit=None (inserted)
[14:10:11] [SEGMENT] 2991 2Q 営業利益: sales=2027.0 profit=None (inserted)
[14:10:11] [SEGMENT] 2991 2Q 受取利息: sales=0.0 profit=None (inserted)
[14:10:11] [SEGMENT] 2991 2Q 違約金収入: sales=37.0 profit=None (inserted)
[14:10:11] [SEGMENT] 2991 2Q 受取保険金: sales=1.0 profit=None (inserted)
[14:10:11] [SEGMENT] 2991 2Q 修繕積立金返戻金: sales=10.0 profit=None (inserted)
[14:10:11] [SEGMENT] 2991 2Q その他: sales=4.0 profit=None (inserted)
[14:10:11] [SEGMENT] 2991 2Q 支払利息: sales=123.0 profit=None (inserted)
[14:10:11] [SEGMENT] 2991 2Q 違約金: sales=20.0 profit=None (inserted)
[14:10:11] [SEGMENT] 2991 2Q 支払手数料: sales=97.0 profit=None (inserted)
[14:10:11] [SEGMENT] 2991 2Q その他: sales=11.0 profit=None (updated)
[14:10:11] [SEGMENT] 2991 2Q 経常利益: sales=1827.0 profit=None (inserted)
[14:10:11] [SEGMENT] 2991 2Q 固定資産売却益: sales=59.0 profit=None (inserted)
[14:10:11] [SEGMENT] 2991 2Q 固定資産除却損: sales=0.0 profit=None (inserted)
[14:10:11] [SEGMENT] 2991 2Q 税金等調整前中間純利益: sales=1886.0 profit=None (inserted)
[14:10:11] [SEGMENT] 2991 2Q 法人税、住民税及び事業税: sales=724.0 profit=None (inserted)
[14:10:11] [SEGMENT] 2991 2Q 中間純利益: sales=1185.0 profit=None (inserted)
[14:10:11] [SEGMENT] 2991 2Q 親会社株主に帰属する中間純利益: sales=1185.0 profit=None (inserted)
[14:10:12] [DL] ダウンロード中: https://webapi.yanoshin.jp/rd.php?https://www.release.tdnet.info/inbs/140120260313581574.pdf
[14:10:12] [DL] 保存完了: data\docs\140120260313581574.pdf (2387.2KB)
[14:10:12] [抽出] SKIP_PDF_NOT_TANSHIN: title=2026年７月期第２四半期　決算説明資料
[14:10:12] [INGEST] doc_id=550de79d2f399d95 status=skipped_not_tanshin title=2026年７月期第２四半期　決算説明資料
[14:10:12] [DL] ダウンロード中: https://webapi.yanoshin.jp/rd.php?https://www.release.tdnet.info/inbs/140120260313581191.pdf
[14:10:13] [DL] 保存完了: data\docs\140120260313581191.pdf (355.0KB)
[14:10:13] [DL] ダウンロード中: https://webapi.yanoshin.jp/rd.php?https://www.release.tdnet.info/inbs/081220260313581191.zip
[14:10:13] [DL] 保存完了: data\docs\081220260313581191.zip (136.4KB)
[14:10:13] [抽出] XBRL抽出を試行: data\docs\081220260313581191.zip
[14:10:13] [XBRL] 未知の財務タグ検出: ['tse-ed-t:CashFlowsFromOperatingActivities', 'tse-ed-t:ChangeInComprehensiveIncome', 'tse-ed-t:ChangeInNetIncome', 'tse-ed-t:ChangeInNetSales', 'tse-ed-t:ChangeInOperatingIncome', 'tse-ed-t:ChangeInOrdinaryIncome', 'tse-ed-t:ChangeInProfitAttributableToOwnersOfParent', 'tse-ed-t:ComprehensiveIncome', 'tse-ed-t:DilutedNetIncomePerShare', 'tse-ed-t:InvestmentProfitLossOnEquityMethod', 'tse-ed-t:NetIncome', 'tse-ed-t:NetIncomePerShare', 'tse-ed-t:NetIncomeToShareholdersEquityRatio', 'tse-ed-t:OperatingIncomeToNetSalesRatio', 'tse-ed-t:OrdinaryIncomeToTotalAssetsRatio', 'tse-ed-t:ProfitAttributableToOwnersOfParent']
[14:10:13] [XBRL] Summary抽出成功: XBRLData/Summary/tse-acedjpsm-63360-20260313363360-ixbrl.htm
[14:10:13] [XBRL] Summary不足項目: ['gross_profit', 'cost_of_sales'], PL Attachment候補: 2
[14:10:13] [XBRL] 未知の財務タグ検出: ['jppfs_cor:DividendsIncomeNOI', 'jppfs_cor:ExtraordinaryIncome', 'jppfs_cor:ExtraordinaryLoss', 'jppfs_cor:ForeignExchangeLossesNOE', 'jppfs_cor:GainOnSalesOfNoncurrentAssetsEI', 'jppfs_cor:ImpairmentLossEL', 'jppfs_cor:IncomeBeforeIncomeTaxes', 'jppfs_cor:IncomeTaxes', 'jppfs_cor:IncomeTaxesCurrent', 'jppfs_cor:IncomeTaxesDeferred', 'jppfs_cor:InterestIncomeNOI', 'jppfs_cor:LossOnRetirementOfNoncurrentAssetsEL', 'jppfs_cor:LossOnSalesOfNoncurrentAssetsEL', 'jppfs_cor:NonOperatingExpenses', 'jppfs_cor:NonOperatingIncome', 'jppfs_cor:ProfitLoss', 'jppfs_cor:ProfitLossAttributableToOwnersOfParent', 'jppfs_cor:RentIncomeNOI', 'jppfs_cor:SalesCommissionSGA', 'jppfs_cor:SubsidyIncomeNOIBounty']
[14:10:13] [XBRL] PL Attachment抽出成功: XBRLData/Attachment/0102010-acpl01-tse-acedjpfr-63360-2026-01-31-01-2026-03-13-ixbrl.htm
[14:10:13] [XBRL] Attachment補完: gross_profit=3629000000
[14:10:13] [XBRL] Attachment補完: cost_of_sales=12021000000
[14:10:13] [抽出] XBRL抽出成功: sales=15651000000, gp=3629000000, op=1140000000
[14:10:13] [INGEST] doc_id=d5736ec89b9865ee zip_hash=da40343ddb0c8b84e8bf89f7d5fad2adeeb57d9378837e90a17b1fa7c9bb2cc9 status=parse_failed reason=年度/Q不明: year=R8/1, q=
[14:10:13] [DL] 既にダウンロード済み: data\docs\140120260304575791.pdf
[14:10:13] [抽出] SKIP_PDF_NOT_TANSHIN: title=2026年10月期　第１四半期決算補足資料
[14:10:13] [INGEST] doc_id=1cf5bf878d1bd87b status=skipped_not_tanshin title=2026年10月期　第１四半期決算補足資料
[14:10:13] [DL] 既にダウンロード済み: data\docs\140120260313581421.pdf
[14:10:13] [抽出] SKIP_PDF_NOT_TANSHIN: title=よくある質問と回答（2026年1月期通期決算）
[14:10:13] [INGEST] doc_id=8e43c30a2f866907 status=skipped_not_tanshin title=よくある質問と回答（2026年1月期通期決算）
[14:10:13] [DL] 既にダウンロード済み: data\docs\140120260313581476.pdf
[14:10:13] [抽出] SKIP_PDF_NOT_TANSHIN: title=2026年10月期第1四半期決算に関するＱ＆Ａおよびオンライン説明会動画公開のお
[14:10:13] [INGEST] doc_id=869ccaf5efe12682 status=skipped_not_tanshin title=2026年10月期第1四半期決算に関するＱ＆Ａおよびオンライン説明会動画公開のお
[14:10:13] [DL] 既にダウンロード済み: data\docs\140120260311580158.pdf
[14:10:14] [抽出] SKIP_PDF_NOT_TANSHIN: title=2026年７月期 第２四半期決算説明会資料
[14:10:14] [INGEST] doc_id=a39fc785eaeb03d1 status=skipped_not_tanshin title=2026年７月期 第２四半期決算説明会資料
[14:10:14] [DL] 既にダウンロード済み: data\docs\140120260312580961.pdf
[14:10:14] [抽出] SKIP_PDF_NOT_TANSHIN: title=2026年４月期 第３四半期 決算説明会資料（書き起こし）
[14:10:14] [INGEST] doc_id=88708a5e4205b37e status=skipped_not_tanshin title=2026年４月期 第３四半期 決算説明会資料（書き起こし）
[14:10:14] [DL] 既にダウンロード済み: data\docs\140120260313581312.pdf
[14:10:14] [抽出] SKIP_PDF_NOT_TANSHIN: title=FY26/7 Q2 第２四半期決算説明資料
[14:10:14] [INGEST] doc_id=d00921980f509d33 status=skipped_not_tanshin title=FY26/7 Q2 第２四半期決算説明資料
[14:10:14] [DL] 既にダウンロード済み: data\docs\140120260312580960.pdf
[14:10:14] [抽出] SKIP_PDF_NOT_TANSHIN: title=2026年3月期第3四半期 決算説明会資料
[14:10:14] [INGEST] doc_id=b226d4b0bc9ab5fc status=skipped_not_tanshin title=2026年3月期第3四半期 決算説明会資料
[14:10:14] [INGEST] run=ingest-2121025e processed=13 success=2 skipped=9 error=2 (tanshin=13) SKIP_NOT_TANSHIN_TITLE=9
[14:10:14] [filings_ingest] done total=13 success=0 errors=2
[14:10:14] [pipeline_run] finished: ingest status=done elapsed=11.2s id=162 processed=13 success=0 failed=0
[2026/03/13 14:10:14.57] Finished (exit=0) 
[2026/03/13 14:20:02.18] Starting ingest 
[14:20:02] [db] config: write_key_type=service_role read_key_type=service_role
[14:20:02] [pipeline_run] started: ingest (id=163, trigger=scheduler)
[14:20:02] [filings_ingest] start dry_run=False company_code=ALL
[14:20:02] [API] yanoshin.jp APIから取得中: https://webapi.yanoshin.jp/webapi/tdnet/list/today.json
[14:20:03] [API] detected_schema=items, raw_items_count=73
[14:20:03] [API] first_item_preview: id=5173c4e8ec04..., pubdate=2026-03-13 14:00:00, title=臨時株主総会招集のための基準日設定に関するお知らせ, code=157A
[14:20:03] [API] fetched_count=73
[14:20:03] [API] skip_reason=instrument_excluded, code=13494, name=Ｅ－ＳＳＧＡ－ＳＩＮ, title=アジア国債・公債ＥＴＦ（正式名称：ＡＢＦ汎アジア債券インデックス・ファンド）に関する日々の開示事項
[14:20:03] [API] skip_reason=instrument_excluded, code=15574, name=Ｅ－ＳＳＧＡＴＣ, title=State Street SPDR S&amp;P500 ETFに関する日々の開示事項
[14:20:03] [API] skip_reason=instrument_excluded, code=20704, name=Ｎ－三菱ＵＦＪ証ＨＤ, title=上場ETN（発行者：三菱UFJ証券ホールディングス株式会社）に関する日々の開示事項
[14:20:03] [API] skip_reason=instrument_excluded, code=16714, name=Ｅ－シンプレクス, title=上場ＥＴＦ(管理会社：シンプレクス・アセット・マネジメント)に関する日々の開示事項
[14:20:03] [API] skip_reason=instrument_excluded, code=13294, name=Ｅ－ブラックロック, title=上場ETF（管理会社：ブラックロック・ジャパン）に関する日々の開示事項
[14:20:03] [API] skip_reason=instrument_excluded, code=16724, name=Ｅ－ＷｉｓｄｏｍＴｒ, title=上場ETF（管理会社：WisdomTree、外国投資法人：MSL）に関する日々の開示事項　
[14:20:03] [API] skip_reason=instrument_excluded, code=16724, name=Ｅ－ＷｉｓｄｏｍＴｒ, title=上場ETF（管理会社：WisdomTree、外国投資法人：CSL）に関する日々の開示事項　
[14:20:03] [API] instrument_skipped_count=7
[14:20:03] [API] fetched_count=73, filtered_count=22, forecast_revision_count=4, financial_statement_count=18
[14:20:03] [API] new_count=13 already_processed=9 already_processed_financial_statement=9 new_financial_statement=9
[14:20:03] [API] already_processed_tickers=211A,2163,2991,6336,2929,3974,3930,7692,9556
[14:20:03] [INGEST] run=ingest-5fa347a0 new_items=13 target_statements=9 non_target=4 (forecast_revision=4, other=0)
[14:20:03] [DL] 既にダウンロード済み: data\docs\140120260313581584.pdf
[14:20:03] [抽出] SKIP_PDF_NOT_TANSHIN: title=2026年1月期　決算短信補足説明資料
[14:20:03] [INGEST] doc_id=177e5009e7564b4d status=skipped_not_tanshin title=2026年1月期　決算短信補足説明資料
[14:20:03] [DL] 既にダウンロード済み: data\docs\140120260313581574.pdf
[14:20:03] [抽出] SKIP_PDF_NOT_TANSHIN: title=2026年７月期第２四半期　決算説明資料
[14:20:03] [INGEST] doc_id=550de79d2f399d95 status=skipped_not_tanshin title=2026年７月期第２四半期　決算説明資料
[14:20:03] [DL] 既にダウンロード済み: data\docs\140120260304575791.pdf
[14:20:03] [抽出] SKIP_PDF_NOT_TANSHIN: title=2026年10月期　第１四半期決算補足資料
[14:20:03] [INGEST] doc_id=1cf5bf878d1bd87b status=skipped_not_tanshin title=2026年10月期　第１四半期決算補足資料
[14:20:03] [DL] 既にダウンロード済み: data\docs\140120260313581421.pdf
[14:20:03] [抽出] SKIP_PDF_NOT_TANSHIN: title=よくある質問と回答（2026年1月期通期決算）
[14:20:03] [INGEST] doc_id=8e43c30a2f866907 status=skipped_not_tanshin title=よくある質問と回答（2026年1月期通期決算）
[14:20:03] [DL] 既にダウンロード済み: data\docs\140120260313581476.pdf
[14:20:03] [抽出] SKIP_PDF_NOT_TANSHIN: title=2026年10月期第1四半期決算に関するＱ＆Ａおよびオンライン説明会動画公開のお
[14:20:03] [INGEST] doc_id=869ccaf5efe12682 status=skipped_not_tanshin title=2026年10月期第1四半期決算に関するＱ＆Ａおよびオンライン説明会動画公開のお
[14:20:03] [DL] 既にダウンロード済み: data\docs\140120260311580158.pdf
[14:20:03] [抽出] SKIP_PDF_NOT_TANSHIN: title=2026年７月期 第２四半期決算説明会資料
[14:20:03] [INGEST] doc_id=a39fc785eaeb03d1 status=skipped_not_tanshin title=2026年７月期 第２四半期決算説明会資料
[14:20:03] [DL] 既にダウンロード済み: data\docs\140120260312580961.pdf
[14:20:03] [抽出] SKIP_PDF_NOT_TANSHIN: title=2026年４月期 第３四半期 決算説明会資料（書き起こし）
[14:20:03] [INGEST] doc_id=88708a5e4205b37e status=skipped_not_tanshin title=2026年４月期 第３四半期 決算説明会資料（書き起こし）
[14:20:03] [DL] 既にダウンロード済み: data\docs\140120260313581312.pdf
[14:20:03] [抽出] SKIP_PDF_NOT_TANSHIN: title=FY26/7 Q2 第２四半期決算説明資料
[14:20:03] [INGEST] doc_id=d00921980f509d33 status=skipped_not_tanshin title=FY26/7 Q2 第２四半期決算説明資料
[14:20:03] [DL] 既にダウンロード済み: data\docs\140120260312580960.pdf
[14:20:03] [抽出] SKIP_PDF_NOT_TANSHIN: title=2026年3月期第3四半期 決算説明会資料
[14:20:03] [INGEST] doc_id=b226d4b0bc9ab5fc status=skipped_not_tanshin title=2026年3月期第3四半期 決算説明会資料
[14:20:03] [INGEST] run=ingest-5fa347a0 processed=9 success=0 skipped=9 error=0 (tanshin=9) SKIP_NOT_TANSHIN_TITLE=9
[14:20:03] [filings_ingest] done total=9 success=0 errors=0
[14:20:04] [pipeline_run] finished: ingest status=done elapsed=1.2s id=163 processed=9 success=0 failed=0
[2026/03/13 14:20:04.09] Finished (exit=0) 
[2026/03/13 14:30:02.22] Starting ingest 
[14:30:02] [db] config: write_key_type=service_role read_key_type=service_role
[14:30:02] [pipeline_run] started: ingest (id=164, trigger=scheduler)
[14:30:02] [filings_ingest] start dry_run=False company_code=ALL
[14:30:03] [API] yanoshin.jp APIから取得中: https://webapi.yanoshin.jp/webapi/tdnet/list/today.json
[14:30:03] [API] detected_schema=items, raw_items_count=73
[14:30:03] [API] first_item_preview: id=5173c4e8ec04..., pubdate=2026-03-13 14:00:00, title=臨時株主総会招集のための基準日設定に関するお知らせ, code=157A
[14:30:03] [API] fetched_count=73
[14:30:03] [API] skip_reason=instrument_excluded, code=13494, name=Ｅ－ＳＳＧＡ－ＳＩＮ, title=アジア国債・公債ＥＴＦ（正式名称：ＡＢＦ汎アジア債券インデックス・ファンド）に関する日々の開示事項
[14:30:03] [API] skip_reason=instrument_excluded, code=15574, name=Ｅ－ＳＳＧＡＴＣ, title=State Street SPDR S&amp;P500 ETFに関する日々の開示事項
[14:30:03] [API] skip_reason=instrument_excluded, code=20704, name=Ｎ－三菱ＵＦＪ証ＨＤ, title=上場ETN（発行者：三菱UFJ証券ホールディングス株式会社）に関する日々の開示事項
[14:30:03] [API] skip_reason=instrument_excluded, code=16714, name=Ｅ－シンプレクス, title=上場ＥＴＦ(管理会社：シンプレクス・アセット・マネジメント)に関する日々の開示事項
[14:30:03] [API] skip_reason=instrument_excluded, code=13294, name=Ｅ－ブラックロック, title=上場ETF（管理会社：ブラックロック・ジャパン）に関する日々の開示事項
[14:30:03] [API] skip_reason=instrument_excluded, code=16724, name=Ｅ－ＷｉｓｄｏｍＴｒ, title=上場ETF（管理会社：WisdomTree、外国投資法人：MSL）に関する日々の開示事項　
[14:30:03] [API] skip_reason=instrument_excluded, code=16724, name=Ｅ－ＷｉｓｄｏｍＴｒ, title=上場ETF（管理会社：WisdomTree、外国投資法人：CSL）に関する日々の開示事項　
[14:30:03] [API] instrument_skipped_count=7
[14:30:03] [API] fetched_count=73, filtered_count=22, forecast_revision_count=4, financial_statement_count=18
[14:30:03] [API] new_count=13 already_processed=9 already_processed_financial_statement=9 new_financial_statement=9
[14:30:03] [API] already_processed_tickers=211A,2163,2991,6336,2929,3974,3930,7692,9556
[14:30:03] [INGEST] run=ingest-bf779073 new_items=13 target_statements=9 non_target=4 (forecast_revision=4, other=0)
[14:30:03] [DL] 既にダウンロード済み: data\docs\140120260313581584.pdf
[14:30:03] [抽出] SKIP_PDF_NOT_TANSHIN: title=2026年1月期　決算短信補足説明資料
[14:30:03] [INGEST] doc_id=177e5009e7564b4d status=skipped_not_tanshin title=2026年1月期　決算短信補足説明資料
[14:30:03] [DL] 既にダウンロード済み: data\docs\140120260313581574.pdf
[14:30:03] [抽出] SKIP_PDF_NOT_TANSHIN: title=2026年７月期第２四半期　決算説明資料
[14:30:03] [INGEST] doc_id=550de79d2f399d95 status=skipped_not_tanshin title=2026年７月期第２四半期　決算説明資料
[14:30:03] [DL] 既にダウンロード済み: data\docs\140120260304575791.pdf
[14:30:03] [抽出] SKIP_PDF_NOT_TANSHIN: title=2026年10月期　第１四半期決算補足資料
[14:30:03] [INGEST] doc_id=1cf5bf878d1bd87b status=skipped_not_tanshin title=2026年10月期　第１四半期決算補足資料
[14:30:03] [DL] 既にダウンロード済み: data\docs\140120260313581421.pdf
[14:30:03] [抽出] SKIP_PDF_NOT_TANSHIN: title=よくある質問と回答（2026年1月期通期決算）
[14:30:03] [INGEST] doc_id=8e43c30a2f866907 status=skipped_not_tanshin title=よくある質問と回答（2026年1月期通期決算）
[14:30:03] [DL] 既にダウンロード済み: data\docs\140120260313581476.pdf
[14:30:03] [抽出] SKIP_PDF_NOT_TANSHIN: title=2026年10月期第1四半期決算に関するＱ＆Ａおよびオンライン説明会動画公開のお
[14:30:03] [INGEST] doc_id=869ccaf5efe12682 status=skipped_not_tanshin title=2026年10月期第1四半期決算に関するＱ＆Ａおよびオンライン説明会動画公開のお
[14:30:03] [DL] 既にダウンロード済み: data\docs\140120260311580158.pdf
[14:30:03] [抽出] SKIP_PDF_NOT_TANSHIN: title=2026年７月期 第２四半期決算説明会資料
[14:30:03] [INGEST] doc_id=a39fc785eaeb03d1 status=skipped_not_tanshin title=2026年７月期 第２四半期決算説明会資料
[14:30:03] [DL] 既にダウンロード済み: data\docs\140120260312580961.pdf
[14:30:03] [抽出] SKIP_PDF_NOT_TANSHIN: title=2026年４月期 第３四半期 決算説明会資料（書き起こし）
[14:30:03] [INGEST] doc_id=88708a5e4205b37e status=skipped_not_tanshin title=2026年４月期 第３四半期 決算説明会資料（書き起こし）
[14:30:03] [DL] 既にダウンロード済み: data\docs\140120260313581312.pdf
[14:30:03] [抽出] SKIP_PDF_NOT_TANSHIN: title=FY26/7 Q2 第２四半期決算説明資料
[14:30:03] [INGEST] doc_id=d00921980f509d33 status=skipped_not_tanshin title=FY26/7 Q2 第２四半期決算説明資料
[14:30:03] [DL] 既にダウンロード済み: data\docs\140120260312580960.pdf
[14:30:03] [抽出] SKIP_PDF_NOT_TANSHIN: title=2026年3月期第3四半期 決算説明会資料
[14:30:03] [INGEST] doc_id=b226d4b0bc9ab5fc status=skipped_not_tanshin title=2026年3月期第3四半期 決算説明会資料
[14:30:03] [INGEST] run=ingest-bf779073 processed=9 success=0 skipped=9 error=0 (tanshin=9) SKIP_NOT_TANSHIN_TITLE=9
[14:30:03] [filings_ingest] done total=9 success=0 errors=0
[14:30:04] [pipeline_run] finished: ingest status=done elapsed=1.2s id=164 processed=9 success=0 failed=0
[2026/03/13 14:30:04.09] Finished (exit=0) 
[2026/03/13 14:40:02.23] Starting ingest 
[14:40:02] [db] config: write_key_type=service_role read_key_type=service_role
[14:40:02] [pipeline_run] started: ingest (id=165, trigger=scheduler)
[14:40:02] [filings_ingest] start dry_run=False company_code=ALL
[14:40:02] [API] yanoshin.jp APIから取得中: https://webapi.yanoshin.jp/webapi/tdnet/list/today.json
[14:40:03] [API] detected_schema=items, raw_items_count=73
[14:40:03] [API] first_item_preview: id=5173c4e8ec04..., pubdate=2026-03-13 14:00:00, title=臨時株主総会招集のための基準日設定に関するお知らせ, code=157A
[14:40:03] [API] fetched_count=73
[14:40:03] [API] skip_reason=instrument_excluded, code=13494, name=Ｅ－ＳＳＧＡ－ＳＩＮ, title=アジア国債・公債ＥＴＦ（正式名称：ＡＢＦ汎アジア債券インデックス・ファンド）に関する日々の開示事項
[14:40:03] [API] skip_reason=instrument_excluded, code=15574, name=Ｅ－ＳＳＧＡＴＣ, title=State Street SPDR S&amp;P500 ETFに関する日々の開示事項
[14:40:03] [API] skip_reason=instrument_excluded, code=20704, name=Ｎ－三菱ＵＦＪ証ＨＤ, title=上場ETN（発行者：三菱UFJ証券ホールディングス株式会社）に関する日々の開示事項
[14:40:03] [API] skip_reason=instrument_excluded, code=16714, name=Ｅ－シンプレクス, title=上場ＥＴＦ(管理会社：シンプレクス・アセット・マネジメント)に関する日々の開示事項
[14:40:03] [API] skip_reason=instrument_excluded, code=13294, name=Ｅ－ブラックロック, title=上場ETF（管理会社：ブラックロック・ジャパン）に関する日々の開示事項
[14:40:03] [API] skip_reason=instrument_excluded, code=16724, name=Ｅ－ＷｉｓｄｏｍＴｒ, title=上場ETF（管理会社：WisdomTree、外国投資法人：MSL）に関する日々の開示事項　
[14:40:03] [API] skip_reason=instrument_excluded, code=16724, name=Ｅ－ＷｉｓｄｏｍＴｒ, title=上場ETF（管理会社：WisdomTree、外国投資法人：CSL）に関する日々の開示事項　
[14:40:03] [API] instrument_skipped_count=7
[14:40:03] [API] fetched_count=73, filtered_count=22, forecast_revision_count=4, financial_statement_count=18
[14:40:03] [API] new_count=13 already_processed=9 already_processed_financial_statement=9 new_financial_statement=9
[14:40:03] [API] already_processed_tickers=211A,2163,2991,6336,2929,3974,3930,7692,9556
[14:40:03] [INGEST] run=ingest-1cbbfd0b new_items=13 target_statements=9 non_target=4 (forecast_revision=4, other=0)
[14:40:03] [DL] 既にダウンロード済み: data\docs\140120260313581584.pdf
[14:40:03] [抽出] SKIP_PDF_NOT_TANSHIN: title=2026年1月期　決算短信補足説明資料
[14:40:03] [INGEST] doc_id=177e5009e7564b4d status=skipped_not_tanshin title=2026年1月期　決算短信補足説明資料
[14:40:03] [DL] 既にダウンロード済み: data\docs\140120260313581574.pdf
[14:40:03] [抽出] SKIP_PDF_NOT_TANSHIN: title=2026年７月期第２四半期　決算説明資料
[14:40:03] [INGEST] doc_id=550de79d2f399d95 status=skipped_not_tanshin title=2026年７月期第２四半期　決算説明資料
[14:40:03] [DL] 既にダウンロード済み: data\docs\140120260304575791.pdf
[14:40:03] [抽出] SKIP_PDF_NOT_TANSHIN: title=2026年10月期　第１四半期決算補足資料
[14:40:03] [INGEST] doc_id=1cf5bf878d1bd87b status=skipped_not_tanshin title=2026年10月期　第１四半期決算補足資料
[14:40:03] [DL] 既にダウンロード済み: data\docs\140120260313581421.pdf
[14:40:03] [抽出] SKIP_PDF_NOT_TANSHIN: title=よくある質問と回答（2026年1月期通期決算）
[14:40:03] [INGEST] doc_id=8e43c30a2f866907 status=skipped_not_tanshin title=よくある質問と回答（2026年1月期通期決算）
[14:40:03] [DL] 既にダウンロード済み: data\docs\140120260313581476.pdf
[14:40:03] [抽出] SKIP_PDF_NOT_TANSHIN: title=2026年10月期第1四半期決算に関するＱ＆Ａおよびオンライン説明会動画公開のお
[14:40:03] [INGEST] doc_id=869ccaf5efe12682 status=skipped_not_tanshin title=2026年10月期第1四半期決算に関するＱ＆Ａおよびオンライン説明会動画公開のお
[14:40:03] [DL] 既にダウンロード済み: data\docs\140120260311580158.pdf
[14:40:03] [抽出] SKIP_PDF_NOT_TANSHIN: title=2026年７月期 第２四半期決算説明会資料
[14:40:03] [INGEST] doc_id=a39fc785eaeb03d1 status=skipped_not_tanshin title=2026年７月期 第２四半期決算説明会資料
[14:40:03] [DL] 既にダウンロード済み: data\docs\140120260312580961.pdf
[14:40:03] [抽出] SKIP_PDF_NOT_TANSHIN: title=2026年４月期 第３四半期 決算説明会資料（書き起こし）
[14:40:03] [INGEST] doc_id=88708a5e4205b37e status=skipped_not_tanshin title=2026年４月期 第３四半期 決算説明会資料（書き起こし）
[14:40:03] [DL] 既にダウンロード済み: data\docs\140120260313581312.pdf
[14:40:03] [抽出] SKIP_PDF_NOT_TANSHIN: title=FY26/7 Q2 第２四半期決算説明資料
[14:40:03] [INGEST] doc_id=d00921980f509d33 status=skipped_not_tanshin title=FY26/7 Q2 第２四半期決算説明資料
[14:40:03] [DL] 既にダウンロード済み: data\docs\140120260312580960.pdf
[14:40:03] [抽出] SKIP_PDF_NOT_TANSHIN: title=2026年3月期第3四半期 決算説明会資料
[14:40:03] [INGEST] doc_id=b226d4b0bc9ab5fc status=skipped_not_tanshin title=2026年3月期第3四半期 決算説明会資料
[14:40:03] [INGEST] run=ingest-1cbbfd0b processed=9 success=0 skipped=9 error=0 (tanshin=9) SKIP_NOT_TANSHIN_TITLE=9
[14:40:03] [filings_ingest] done total=9 success=0 errors=0
[14:40:03] [pipeline_run] finished: ingest status=done elapsed=1.2s id=165 processed=9 success=0 failed=0
[2026/03/13 14:40:03.96] Finished (exit=0) 
[2026/03/13 14:50:02.20] Starting ingest 
[14:50:02] [db] config: write_key_type=service_role read_key_type=service_role
[14:50:02] [pipeline_run] started: ingest (id=166, trigger=scheduler)
[14:50:02] [filings_ingest] start dry_run=False company_code=ALL
[14:50:02] [API] yanoshin.jp APIから取得中: https://webapi.yanoshin.jp/webapi/tdnet/list/today.json
[14:50:03] [API] detected_schema=items, raw_items_count=83
[14:50:03] [API] first_item_preview: id=deda0e89bfc1..., pubdate=2026-03-13 14:30:00, title=業績予想および配当予想の修正に関するお知らせ, code=2293
[14:50:03] [API] fetched_count=83
[14:50:03] [API] skip_reason=instrument_excluded, code=13494, name=Ｅ－ＳＳＧＡ－ＳＩＮ, title=アジア国債・公債ＥＴＦ（正式名称：ＡＢＦ汎アジア債券インデックス・ファンド）に関する日々の開示事項
[14:50:03] [API] skip_reason=instrument_excluded, code=15574, name=Ｅ－ＳＳＧＡＴＣ, title=State Street SPDR S&amp;P500 ETFに関する日々の開示事項
[14:50:03] [API] skip_reason=instrument_excluded, code=20704, name=Ｎ－三菱ＵＦＪ証ＨＤ, title=上場ETN（発行者：三菱UFJ証券ホールディングス株式会社）に関する日々の開示事項
[14:50:03] [API] skip_reason=instrument_excluded, code=16714, name=Ｅ－シンプレクス, title=上場ＥＴＦ(管理会社：シンプレクス・アセット・マネジメント)に関する日々の開示事項
[14:50:03] [API] skip_reason=instrument_excluded, code=13294, name=Ｅ－ブラックロック, title=上場ETF（管理会社：ブラックロック・ジャパン）に関する日々の開示事項
[14:50:03] [API] skip_reason=instrument_excluded, code=16724, name=Ｅ－ＷｉｓｄｏｍＴｒ, title=上場ETF（管理会社：WisdomTree、外国投資法人：MSL）に関する日々の開示事項　
[14:50:03] [API] skip_reason=instrument_excluded, code=16724, name=Ｅ－ＷｉｓｄｏｍＴｒ, title=上場ETF（管理会社：WisdomTree、外国投資法人：CSL）に関する日々の開示事項　
[14:50:03] [API] instrument_skipped_count=7
[14:50:03] [API] fetched_count=83, filtered_count=25, forecast_revision_count=5, financial_statement_count=20
[14:50:03] [API] new_count=16 already_processed=9 already_processed_financial_statement=9 new_financial_statement=11
[14:50:03] [API] already_processed_tickers=211A,2163,2991,6336,2929,3974,3930,7692,9556
[14:50:03] [INGEST] run=ingest-b9129f6b new_items=16 target_statements=11 non_target=5 (forecast_revision=5, other=0)
[14:50:03] [DL] ダウンロード中: https://webapi.yanoshin.jp/rd.php?https://www.release.tdnet.info/inbs/140120260312580991.pdf
[14:50:03] [DL] 保存完了: data\docs\140120260312580991.pdf (529.7KB)
[14:50:03] [DL] ダウンロード中: https://webapi.yanoshin.jp/rd.php?https://www.release.tdnet.info/inbs/081220260312580991.zip
[14:50:03] [DL] 保存完了: data\docs\081220260312580991.zip (63.5KB)
[14:50:03] [抽出] XBRL抽出を試行: data\docs\081220260312580991.zip
[14:50:03] [XBRL] 未知の財務タグ検出: ['tse-ed-t:ChangeInComprehensiveIncome', 'tse-ed-t:ChangeInNetSales', 'tse-ed-t:ChangeInOperatingIncome', 'tse-ed-t:ChangeInOrdinaryIncome', 'tse-ed-t:ChangeInProfitAttributableToOwnersOfParent', 'tse-ed-t:ComprehensiveIncome', 'tse-ed-t:DilutedNetIncomePerShare', 'tse-ed-t:NetIncomePerShare', 'tse-ed-t:ProfitAttributableToOwnersOfParent']
[14:50:03] [XBRL] Summary抽出成功: XBRLData/Summary/tse-qcedjpsm-31950-20260313331950-ixbrl.htm
[14:50:03] [XBRL] Summary不足項目: ['gross_profit', 'cost_of_sales'], PL Attachment候補: 1
[14:50:03] [XBRL] 未知の財務タグ検出: ['jppfs_cor:ForeignExchangeLossesNOE', 'jppfs_cor:IncomeBeforeIncomeTaxes', 'jppfs_cor:IncomeTaxes', 'jppfs_cor:IncomeTaxesCurrent', 'jppfs_cor:IncomeTaxesDeferred', 'jppfs_cor:NonOperatingExpenses', 'jppfs_cor:NonOperatingIncome', 'jppfs_cor:ProfitLoss', 'jppfs_cor:ProfitLossAttributableToOwnersOfParent', 'jppfs_cor:SubsidyIncomeNOI']
[14:50:03] [XBRL] PL Attachment抽出成功: XBRLData/Attachment/0600000-qcpl11-tse-qcedjpfr-31950-2026-01-31-01-2026-03-13-ixbrl.htm
[14:50:03] [XBRL] Attachment補完: gross_profit=1218870000
[14:50:03] [XBRL] Attachment補完: cost_of_sales=3359781000
[14:50:03] [抽出] XBRL抽出成功: sales=4578000000, gp=1218870000, op=40000000
[14:50:03] [INGEST] doc_id=196dde090f1ddb72 zip_hash=f11ba0d7de27bff06eb85fc09fe911c3667ec210abc928420e190d95ecdfeff9 status=success 3195 2026-10-31 1Q sales=4578000000 gp=1218870000 op=40000000
[14:50:05] [v2] セグメント抽出成功: 19件, engine=v2, unit=千円, profit_role=
[14:50:05] [SEGMENT] 3195 1Q 前第: sales=0.001 profit=None (inserted)
[14:50:05] [SEGMENT] 3195 1Q (自: sales=2.024 profit=None (inserted)
[14:50:05] [SEGMENT] 3195 1Q 売上高: sales=4127.4490000000005 profit=None (inserted)
[14:50:05] [SEGMENT] 3195 1Q 売上原価: sales=3023.055 profit=None (inserted)
[14:50:05] [SEGMENT] 3195 1Q 売上総利益: sales=1104.393 profit=None (inserted)
[14:50:05] [SEGMENT] 3195 1Q 販売費及び一般管理費: sales=1098.0520000000001 profit=None (inserted)
[14:50:05] [SEGMENT] 3195 1Q 営業利益: sales=6.34 profit=None (inserted)
[14:50:05] [SEGMENT] 3195 1Q 為替差益: sales=67.34700000000001 profit=None (inserted)
[14:50:05] [SEGMENT] 3195 1Q 補助金収入: sales=8.589 profit=None (inserted)
[14:50:05] [SEGMENT] 3195 1Q その他: sales=5.126 profit=None (inserted)
[14:50:05] [SEGMENT] 3195 1Q 支払利息: sales=1.724 profit=None (inserted)
[14:50:05] [SEGMENT] 3195 1Q 為替差損: sales=1.69 profit=None (inserted)
[14:50:05] [SEGMENT] 3195 1Q 支払手数料: sales=2.2 profit=None (inserted)
[14:50:05] [SEGMENT] 3195 1Q その他: sales=0.046 profit=None (updated)
[14:50:05] [SEGMENT] 3195 1Q 経常利益: sales=77.043 profit=None (inserted)
[14:50:05] [SEGMENT] 3195 1Q 税金等調整前四半期純利益: sales=77.043 profit=None (inserted)
[14:50:05] [SEGMENT] 3195 1Q 法人税、住民税及び事業税: sales=-6.614 profit=None (inserted)
[14:50:05] [SEGMENT] 3195 1Q 四半期純利益: sales=82.145 profit=None (inserted)
[14:50:05] [SEGMENT] 3195 1Q 親会社株主に帰属する四半期純利益: sales=82.145 profit=None (inserted)
[14:50:06] [DL] ダウンロード中: https://webapi.yanoshin.jp/rd.php?https://www.release.tdnet.info/inbs/140120260313581561.pdf
[14:50:07] [DL] 保存完了: data\docs\140120260313581561.pdf (4773.9KB)
[14:50:07] [抽出] SKIP_PDF_NOT_TANSHIN: title=2026年10月期 第1四半期決算補足説明資料
[14:50:07] [INGEST] doc_id=20a8ae0c980d3f16 status=skipped_not_tanshin title=2026年10月期 第1四半期決算補足説明資料
[14:50:07] [DL] 既にダウンロード済み: data\docs\140120260313581584.pdf
[14:50:07] [抽出] SKIP_PDF_NOT_TANSHIN: title=2026年1月期　決算短信補足説明資料
[14:50:07] [INGEST] doc_id=177e5009e7564b4d status=skipped_not_tanshin title=2026年1月期　決算短信補足説明資料
[14:50:07] [DL] 既にダウンロード済み: data\docs\140120260313581574.pdf
[14:50:08] [抽出] SKIP_PDF_NOT_TANSHIN: title=2026年７月期第２四半期　決算説明資料
[14:50:08] [INGEST] doc_id=550de79d2f399d95 status=skipped_not_tanshin title=2026年７月期第２四半期　決算説明資料
[14:50:08] [DL] 既にダウンロード済み: data\docs\140120260304575791.pdf
[14:50:08] [抽出] SKIP_PDF_NOT_TANSHIN: title=2026年10月期　第１四半期決算補足資料
[14:50:08] [INGEST] doc_id=1cf5bf878d1bd87b status=skipped_not_tanshin title=2026年10月期　第１四半期決算補足資料
[14:50:08] [DL] 既にダウンロード済み: data\docs\140120260313581421.pdf
[14:50:08] [抽出] SKIP_PDF_NOT_TANSHIN: title=よくある質問と回答（2026年1月期通期決算）
[14:50:08] [INGEST] doc_id=8e43c30a2f866907 status=skipped_not_tanshin title=よくある質問と回答（2026年1月期通期決算）
[14:50:08] [DL] 既にダウンロード済み: data\docs\140120260313581476.pdf
[14:50:08] [抽出] SKIP_PDF_NOT_TANSHIN: title=2026年10月期第1四半期決算に関するＱ＆Ａおよびオンライン説明会動画公開のお
[14:50:08] [INGEST] doc_id=869ccaf5efe12682 status=skipped_not_tanshin title=2026年10月期第1四半期決算に関するＱ＆Ａおよびオンライン説明会動画公開のお
[14:50:08] [DL] 既にダウンロード済み: data\docs\140120260311580158.pdf
[14:50:08] [抽出] SKIP_PDF_NOT_TANSHIN: title=2026年７月期 第２四半期決算説明会資料
[14:50:08] [INGEST] doc_id=a39fc785eaeb03d1 status=skipped_not_tanshin title=2026年７月期 第２四半期決算説明会資料
[14:50:08] [DL] 既にダウンロード済み: data\docs\140120260312580961.pdf
[14:50:08] [抽出] SKIP_PDF_NOT_TANSHIN: title=2026年４月期 第３四半期 決算説明会資料（書き起こし）
[14:50:08] [INGEST] doc_id=88708a5e4205b37e status=skipped_not_tanshin title=2026年４月期 第３四半期 決算説明会資料（書き起こし）
[14:50:08] [DL] 既にダウンロード済み: data\docs\140120260313581312.pdf
[14:50:08] [抽出] SKIP_PDF_NOT_TANSHIN: title=FY26/7 Q2 第２四半期決算説明資料
[14:50:08] [INGEST] doc_id=d00921980f509d33 status=skipped_not_tanshin title=FY26/7 Q2 第２四半期決算説明資料
[14:50:08] [DL] 既にダウンロード済み: data\docs\140120260312580960.pdf
[14:50:08] [抽出] SKIP_PDF_NOT_TANSHIN: title=2026年3月期第3四半期 決算説明会資料
[14:50:08] [INGEST] doc_id=b226d4b0bc9ab5fc status=skipped_not_tanshin title=2026年3月期第3四半期 決算説明会資料
[14:50:08] [INGEST] run=ingest-b9129f6b processed=11 success=1 skipped=10 error=0 (tanshin=11) SKIP_NOT_TANSHIN_TITLE=10
[14:50:08] [filings_ingest] done total=11 success=0 errors=0
[14:50:08] [pipeline_run] finished: ingest status=done elapsed=5.9s id=166 processed=11 success=0 failed=0
[2026/03/13 14:50:08.71] Finished (exit=0) 
[2026/03/13 15:00:01.25] Starting ingest 
[15:00:01] [db] config: write_key_type=service_role read_key_type=service_role
[15:00:01] [pipeline_run] started: ingest (id=167, trigger=scheduler)
[15:00:01] [filings_ingest] start dry_run=False company_code=ALL
[15:00:01] [API] yanoshin.jp APIから取得中: https://webapi.yanoshin.jp/webapi/tdnet/list/today.json
[15:00:02] [API] detected_schema=items, raw_items_count=83
[15:00:02] [API] first_item_preview: id=deda0e89bfc1..., pubdate=2026-03-13 14:30:00, title=業績予想および配当予想の修正に関するお知らせ, code=2293
[15:00:02] [API] fetched_count=83
[15:00:02] [API] skip_reason=instrument_excluded, code=13494, name=Ｅ－ＳＳＧＡ－ＳＩＮ, title=アジア国債・公債ＥＴＦ（正式名称：ＡＢＦ汎アジア債券インデックス・ファンド）に関する日々の開示事項
[15:00:02] [API] skip_reason=instrument_excluded, code=15574, name=Ｅ－ＳＳＧＡＴＣ, title=State Street SPDR S&amp;P500 ETFに関する日々の開示事項
[15:00:02] [API] skip_reason=instrument_excluded, code=20704, name=Ｎ－三菱ＵＦＪ証ＨＤ, title=上場ETN（発行者：三菱UFJ証券ホールディングス株式会社）に関する日々の開示事項
[15:00:02] [API] skip_reason=instrument_excluded, code=16714, name=Ｅ－シンプレクス, title=上場ＥＴＦ(管理会社：シンプレクス・アセット・マネジメント)に関する日々の開示事項
[15:00:02] [API] skip_reason=instrument_excluded, code=13294, name=Ｅ－ブラックロック, title=上場ETF（管理会社：ブラックロック・ジャパン）に関する日々の開示事項
[15:00:02] [API] skip_reason=instrument_excluded, code=16724, name=Ｅ－ＷｉｓｄｏｍＴｒ, title=上場ETF（管理会社：WisdomTree、外国投資法人：MSL）に関する日々の開示事項　
[15:00:02] [API] skip_reason=instrument_excluded, code=16724, name=Ｅ－ＷｉｓｄｏｍＴｒ, title=上場ETF（管理会社：WisdomTree、外国投資法人：CSL）に関する日々の開示事項　
[15:00:02] [API] instrument_skipped_count=7
[15:00:02] [API] fetched_count=83, filtered_count=25, forecast_revision_count=5, financial_statement_count=20
[15:00:02] [API] new_count=15 already_processed=10 already_processed_financial_statement=10 new_financial_statement=10
[15:00:02] [API] already_processed_tickers=3195,211A,2163,2991,6336,2929,3974,3930,7692,9556
[15:00:02] [INGEST] run=ingest-cc09bf2a new_items=15 target_statements=10 non_target=5 (forecast_revision=5, other=0)
[15:00:02] [DL] 既にダウンロード済み: data\docs\140120260313581561.pdf
[15:00:02] [抽出] SKIP_PDF_NOT_TANSHIN: title=2026年10月期 第1四半期決算補足説明資料
[15:00:02] [INGEST] doc_id=20a8ae0c980d3f16 status=skipped_not_tanshin title=2026年10月期 第1四半期決算補足説明資料
[15:00:02] [DL] 既にダウンロード済み: data\docs\140120260313581584.pdf
[15:00:02] [抽出] SKIP_PDF_NOT_TANSHIN: title=2026年1月期　決算短信補足説明資料
[15:00:02] [INGEST] doc_id=177e5009e7564b4d status=skipped_not_tanshin title=2026年1月期　決算短信補足説明資料
[15:00:02] [DL] 既にダウンロード済み: data\docs\140120260313581574.pdf
[15:00:02] [抽出] SKIP_PDF_NOT_TANSHIN: title=2026年７月期第２四半期　決算説明資料
[15:00:02] [INGEST] doc_id=550de79d2f399d95 status=skipped_not_tanshin title=2026年７月期第２四半期　決算説明資料
[15:00:02] [DL] 既にダウンロード済み: data\docs\140120260304575791.pdf
[15:00:02] [抽出] SKIP_PDF_NOT_TANSHIN: title=2026年10月期　第１四半期決算補足資料
[15:00:02] [INGEST] doc_id=1cf5bf878d1bd87b status=skipped_not_tanshin title=2026年10月期　第１四半期決算補足資料
[15:00:02] [DL] 既にダウンロード済み: data\docs\140120260313581421.pdf
[15:00:02] [抽出] SKIP_PDF_NOT_TANSHIN: title=よくある質問と回答（2026年1月期通期決算）
[15:00:02] [INGEST] doc_id=8e43c30a2f866907 status=skipped_not_tanshin title=よくある質問と回答（2026年1月期通期決算）
[15:00:02] [DL] 既にダウンロード済み: data\docs\140120260313581476.pdf
[15:00:02] [抽出] SKIP_PDF_NOT_TANSHIN: title=2026年10月期第1四半期決算に関するＱ＆Ａおよびオンライン説明会動画公開のお
[15:00:02] [INGEST] doc_id=869ccaf5efe12682 status=skipped_not_tanshin title=2026年10月期第1四半期決算に関するＱ＆Ａおよびオンライン説明会動画公開のお
[15:00:02] [DL] 既にダウンロード済み: data\docs\140120260311580158.pdf
[15:00:02] [抽出] SKIP_PDF_NOT_TANSHIN: title=2026年７月期 第２四半期決算説明会資料
[15:00:02] [INGEST] doc_id=a39fc785eaeb03d1 status=skipped_not_tanshin title=2026年７月期 第２四半期決算説明会資料
[15:00:02] [DL] 既にダウンロード済み: data\docs\140120260312580961.pdf
[15:00:02] [抽出] SKIP_PDF_NOT_TANSHIN: title=2026年４月期 第３四半期 決算説明会資料（書き起こし）
[15:00:02] [INGEST] doc_id=88708a5e4205b37e status=skipped_not_tanshin title=2026年４月期 第３四半期 決算説明会資料（書き起こし）
[15:00:02] [DL] 既にダウンロード済み: data\docs\140120260313581312.pdf
[15:00:02] [抽出] SKIP_PDF_NOT_TANSHIN: title=FY26/7 Q2 第２四半期決算説明資料
[15:00:02] [INGEST] doc_id=d00921980f509d33 status=skipped_not_tanshin title=FY26/7 Q2 第２四半期決算説明資料
[15:00:02] [DL] 既にダウンロード済み: data\docs\140120260312580960.pdf
[15:00:02] [抽出] SKIP_PDF_NOT_TANSHIN: title=2026年3月期第3四半期 決算説明会資料
[15:00:02] [INGEST] doc_id=b226d4b0bc9ab5fc status=skipped_not_tanshin title=2026年3月期第3四半期 決算説明会資料
[15:00:02] [INGEST] run=ingest-cc09bf2a processed=10 success=0 skipped=10 error=0 (tanshin=10) SKIP_NOT_TANSHIN_TITLE=10
[15:00:02] [filings_ingest] done total=10 success=0 errors=0
[15:00:03] [pipeline_run] finished: ingest status=done elapsed=1.3s id=167 processed=10 success=0 failed=0
[2026/03/13 15:00:03.06] Finished (exit=0) 
[2026/03/13 15:10:01.46] Starting ingest 
[15:10:01] [db] config: write_key_type=service_role read_key_type=service_role
[15:10:01] [pipeline_run] started: ingest (id=168, trigger=scheduler)
[15:10:02] [filings_ingest] start dry_run=False company_code=ALL
[15:10:02] [API] yanoshin.jp APIから取得中: https://webapi.yanoshin.jp/webapi/tdnet/list/today.json
[15:10:02] [API] detected_schema=items, raw_items_count=109
[15:10:02] [API] first_item_preview: id=54b638d913cc..., pubdate=2026-03-13 15:00:00, title=役員人事異動に関するお知らせ, code=1420
[15:10:02] [API] fetched_count=109
[15:10:02] [API] skip_reason=instrument_excluded, code=13494, name=Ｅ－ＳＳＧＡ－ＳＩＮ, title=アジア国債・公債ＥＴＦ（正式名称：ＡＢＦ汎アジア債券インデックス・ファンド）に関する日々の開示事項
[15:10:02] [API] skip_reason=instrument_excluded, code=15574, name=Ｅ－ＳＳＧＡＴＣ, title=State Street SPDR S&amp;P500 ETFに関する日々の開示事項
[15:10:02] [API] skip_reason=instrument_excluded, code=20704, name=Ｎ－三菱ＵＦＪ証ＨＤ, title=上場ETN（発行者：三菱UFJ証券ホールディングス株式会社）に関する日々の開示事項
[15:10:02] [API] skip_reason=instrument_excluded, code=16714, name=Ｅ－シンプレクス, title=上場ＥＴＦ(管理会社：シンプレクス・アセット・マネジメント)に関する日々の開示事項
[15:10:02] [API] skip_reason=instrument_excluded, code=13294, name=Ｅ－ブラックロック, title=上場ETF（管理会社：ブラックロック・ジャパン）に関する日々の開示事項
[15:10:02] [API] skip_reason=instrument_excluded, code=16724, name=Ｅ－ＷｉｓｄｏｍＴｒ, title=上場ETF（管理会社：WisdomTree、外国投資法人：MSL）に関する日々の開示事項　
[15:10:02] [API] skip_reason=instrument_excluded, code=16724, name=Ｅ－ＷｉｓｄｏｍＴｒ, title=上場ETF（管理会社：WisdomTree、外国投資法人：CSL）に関する日々の開示事項　
[15:10:02] [API] instrument_skipped_count=7
[15:10:02] [API] fetched_count=109, filtered_count=34, forecast_revision_count=6, financial_statement_count=28
[15:10:02] [API] new_count=24 already_processed=10 already_processed_financial_statement=10 new_financial_statement=18
[15:10:02] [API] already_processed_tickers=3195,211A,2163,2991,6336,2929,3974,3930,7692,9556
[15:10:02] [INGEST] run=ingest-c0a65db1 new_items=24 target_statements=18 non_target=6 (forecast_revision=6, other=0)
[15:10:02] [DL] ダウンロード中: https://webapi.yanoshin.jp/rd.php?https://www.release.tdnet.info/inbs/140120260312580646.pdf
[15:10:02] [DL] 保存完了: data\docs\140120260312580646.pdf (626.0KB)
[15:10:02] [DL] ダウンロード中: https://webapi.yanoshin.jp/rd.php?https://www.release.tdnet.info/inbs/081220260312580646.zip
[15:10:03] [DL] 保存完了: data\docs\081220260312580646.zip (99.6KB)
[15:10:03] [抽出] XBRL抽出を試行: data\docs\081220260312580646.zip
[15:10:03] [XBRL] 未知の財務タグ検出: ['tse-ed-t:CashFlowsFromOperatingActivities', 'tse-ed-t:ChangeInComprehensiveIncome', 'tse-ed-t:ChangeInNetIncome', 'tse-ed-t:ChangeInNetSales', 'tse-ed-t:ChangeInOperatingIncome', 'tse-ed-t:ChangeInOrdinaryIncome', 'tse-ed-t:ChangeInProfitAttributableToOwnersOfParent', 'tse-ed-t:ComprehensiveIncome', 'tse-ed-t:DilutedNetIncomePerShare', 'tse-ed-t:InvestmentProfitLossOnEquityMethod', 'tse-ed-t:NetIncome', 'tse-ed-t:NetIncomePerShare', 'tse-ed-t:NetIncomeToShareholdersEquityRatio', 'tse-ed-t:OperatingIncomeToNetSalesRatio', 'tse-ed-t:OrdinaryIncomeToTotalAssetsRatio', 'tse-ed-t:ProfitAttributableToOwnersOfParent']
[15:10:03] [XBRL] Summary抽出成功: XBRLData/Summary/tse-acedjpsm-30710-20260313330710-ixbrl.htm
[15:10:03] [XBRL] Summary不足項目: ['gross_profit', 'cost_of_sales'], PL Attachment候補: 1
[15:10:03] [XBRL] 未知の財務タグ検出: ['jppfs_cor:DividendsIncomeNOI', 'jppfs_cor:ExtraordinaryIncome', 'jppfs_cor:ExtraordinaryLoss', 'jppfs_cor:GainOnSalesOfNoncurrentAssetsEI', 'jppfs_cor:ImpairmentLossEL', 'jppfs_cor:IncomeBeforeIncomeTaxes', 'jppfs_cor:IncomeTaxes', 'jppfs_cor:IncomeTaxesCurrent', 'jppfs_cor:IncomeTaxesDeferred', 'jppfs_cor:InterestIncomeNOI', 'jppfs_cor:LossOnCancellationOfLeaseContractsEL', 'jppfs_cor:LossOnSalesAndRetirementOfNoncurrentAssetsEL', 'jppfs_cor:LossOnValuationOfInvestmentsInCapitalEL', 'jppfs_cor:NonOperatingExpenses', 'jppfs_cor:NonOperatingIncome', 'jppfs_cor:ProfitLoss', 'jppfs_cor:ProfitLossAttributableToNonControllingInterests', 'jppfs_cor:ProfitLossAttributableToOwnersOfParent', 'jppfs_cor:RoyaltyIncomeNOI']
[15:10:03] [XBRL] PL Attachment抽出成功: XBRLData/Attachment/0301000-acpl01-tse-acedjpfr-30710-2026-01-31-01-2026-03-13-ixbrl.htm
[15:10:03] [XBRL] Attachment補完: gross_profit=5226659000
[15:10:03] [XBRL] Attachment補完: cost_of_sales=27548250000
[15:10:03] [抽出] XBRL抽出成功: sales=32774000000, gp=5226659000, op=281000000
[15:10:03] [INGEST] doc_id=777d59a3acb3d3a6 zip_hash=8c2c0111c17ee47fc6918d5f6057260ed0e581990f8403cc6606e06ec59a634d status=parse_failed reason=年度/Q不明: year=R8/1, q=
[15:10:03] [DL] ダウンロード中: https://webapi.yanoshin.jp/rd.php?https://www.release.tdnet.info/inbs/140120260313581329.pdf
[15:10:03] [DL] 保存完了: data\docs\140120260313581329.pdf (313.1KB)
[15:10:03] [DL] ダウンロード中: https://webapi.yanoshin.jp/rd.php?https://www.release.tdnet.info/inbs/081220260313581329.zip
[15:10:03] [DL] 保存完了: data\docs\081220260313581329.zip (80.5KB)
[15:10:03] [抽出] XBRL抽出を試行: data\docs\081220260313581329.zip
[15:10:03] [XBRL] 未知の財務タグ検出: ['tse-ed-t:ChangeInComprehensiveIncome', 'tse-ed-t:ChangeInNetSales', 'tse-ed-t:ChangeInOperatingIncome', 'tse-ed-t:ChangeInOrdinaryIncome', 'tse-ed-t:ChangeInProfitAttributableToOwnersOfParent', 'tse-ed-t:ComprehensiveIncome', 'tse-ed-t:DilutedNetIncomePerShare', 'tse-ed-t:NetIncomePerShare', 'tse-ed-t:ProfitAttributableToOwnersOfParent']
[15:10:03] [XBRL] Summary抽出成功: XBRLData/Summary/tse-scedjpsy-34180-20260313334180-ixbrl.htm
[15:10:03] [XBRL] Summary不足項目: ['gross_profit', 'cost_of_sales'], PL Attachment候補: 1
[15:10:03] [XBRL] 未知の財務タグ検出: ['jppfs_cor:EquityInLossesOfAffiliatesNOE', 'jppfs_cor:ExtraordinaryLoss', 'jppfs_cor:IncomeBeforeIncomeTaxes', 'jppfs_cor:IncomeTaxes', 'jppfs_cor:IncomeTaxesCurrent', 'jppfs_cor:IncomeTaxesDeferred', 'jppfs_cor:InsuranceIncomeNOI', 'jppfs_cor:InterestIncomeNOI', 'jppfs_cor:LossOnDisasterEL', 'jppfs_cor:LossOnRetirementOfNoncurrentAssetsEL', 'jppfs_cor:LossOnSalesOfNoncurrentAssetsEL', 'jppfs_cor:NonOperatingExpenses', 'jppfs_cor:NonOperatingIncome', 'jppfs_cor:PenaltyIncomeNOI', 'jppfs_cor:ProfitLoss', 'jppfs_cor:ProfitLossAttributableToNonControllingInterests', 'jppfs_cor:ProfitLossAttributableToOwnersOfParent', 'jppfs_cor:SubsidyIncomeNOIBounty', 'tse-scedjpfr-34180:LossOnCancellationOfContractsEL']
[15:10:03] [XBRL] PL Attachment抽出成功: XBRLData/Attachment/0102010-scpl15-tse-scedjpfr-34180-2026-01-31-01-2026-03-13-ixbrl.htm
[15:10:03] [XBRL] Attachment補完: gross_profit=5177131000
[15:10:03] [XBRL] Attachment補完: cost_of_sales=1784919000
[15:10:03] [抽出] XBRL抽出成功: sales=7398000000, gp=5177131000, op=245000000
[15:10:03] [INGEST] doc_id=15adf45c111afea3 zip_hash=2bde70174de06c81bc95008fa61f70f29c853fb8bfeb1e98e228463509d41030 status=success 3418 2026-07-31 2Q sales=7398000000 gp=5177131000 op=245000000
[15:10:05] [v2] セグメント抽出成功: 27件, engine=v2, unit=千円, profit_role=
[15:10:05] [SEGMENT] 3418 2Q (自: sales=2.024 profit=None (inserted)
[15:10:05] [SEGMENT] 3418 2Q 売上高: sales=6962.051 profit=None (inserted)
[15:10:05] [SEGMENT] 3418 2Q 売上原価: sales=1784.919 profit=None (inserted)
[15:10:05] [SEGMENT] 3418 2Q 売上総利益: sales=5177.131 profit=None (inserted)
[15:10:05] [SEGMENT] 3418 2Q 販売費及び一般管理費: sales=4936.778 profit=None (inserted)
[15:10:05] [SEGMENT] 3418 2Q 営業利益: sales=240.353 profit=None (inserted)
[15:10:05] [SEGMENT] 3418 2Q 受取利息: sales=0.271 profit=None (inserted)
[15:10:05] [SEGMENT] 3418 2Q 受取保険金: sales=1.431 profit=None (inserted)
[15:10:05] [SEGMENT] 3418 2Q 助成金収入: sales=0.2 profit=None (inserted)
[15:10:05] [SEGMENT] 3418 2Q 違約金収入: sales=6.398000000000001 profit=None (inserted)
[15:10:05] [SEGMENT] 3418 2Q その他: sales=6.633 profit=None (inserted)
[15:10:05] [SEGMENT] 3418 2Q 支払利息: sales=21.449 profit=None (inserted)
[15:10:05] [SEGMENT] 3418 2Q シンジケートローン手数料: sales=0.999 profit=None (inserted)
[15:10:05] [SEGMENT] 3418 2Q 新株発行費: sales=2.061 profit=None (inserted)
[15:10:05] [SEGMENT] 3418 2Q 持分法による投資損失: sales=0.864 profit=None (inserted)
[15:10:05] [SEGMENT] 3418 2Q 貸倒引当金繰入額: sales=13.095 profit=None (inserted)
[15:10:05] [SEGMENT] 3418 2Q その他: sales=2.396 profit=None (updated)
[15:10:05] [SEGMENT] 3418 2Q 経常利益: sales=227.51500000000001 profit=None (inserted)
[15:10:05] [SEGMENT] 3418 2Q 固定資産除却損: sales=1.172 profit=None (inserted)
[15:10:05] [SEGMENT] 3418 2Q 固定資産売却損: sales=0.41100000000000003 profit=None (inserted)
[15:10:05] [SEGMENT] 3418 2Q 契約解約損: sales=17.2 profit=None (inserted)
[15:10:05] [SEGMENT] 3418 2Q 災害による損失: sales=4.813 profit=None (inserted)
[15:10:05] [SEGMENT] 3418 2Q 税金等調整前中間純利益: sales=208.732 profit=None (inserted)
[15:10:05] [SEGMENT] 3418 2Q 法人税、住民税及び事業税: sales=42.627 profit=None (inserted)
[15:10:05] [SEGMENT] 3418 2Q 中間純利益: sales=126.23400000000001 profit=None (inserted)
[15:10:05] [SEGMENT] 3418 2Q 非支配株主に帰属する中間純利益: sales=1.327 profit=None (inserted)
[15:10:05] [SEGMENT] 3418 2Q 親会社株主に帰属する中間純利益: sales=124.906 profit=None (inserted)
[15:10:07] [DL] ダウンロード中: https://webapi.yanoshin.jp/rd.php?https://www.release.tdnet.info/inbs/140120260313581490.pdf
[15:10:07] [DL] 保存完了: data\docs\140120260313581490.pdf (489.5KB)
[15:10:07] [DL] ダウンロード中: https://webapi.yanoshin.jp/rd.php?https://www.release.tdnet.info/inbs/081220260313581490.zip
[15:10:07] [DL] 保存完了: data\docs\081220260313581490.zip (54.8KB)
[15:10:08] [抽出] XBRL抽出を試行: data\docs\081220260313581490.zip
[15:10:08] [XBRL] 未知の財務タグ検出: ['tse-ed-t:ChangeInComprehensiveIncome', 'tse-ed-t:ChangeInNetSales', 'tse-ed-t:ChangeInOperatingIncome', 'tse-ed-t:ChangeInOrdinaryIncome', 'tse-ed-t:ChangeInProfitAttributableToOwnersOfParent', 'tse-ed-t:ComprehensiveIncome', 'tse-ed-t:DilutedNetIncomePerShare', 'tse-ed-t:NetIncomePerShare', 'tse-ed-t:ProfitAttributableToOwnersOfParent']
[15:10:08] [XBRL] Summary抽出成功: XBRLData/Summary/tse-qcedjpsm-34190-20260313334190-ixbrl.htm
[15:10:08] [XBRL] Summary不足項目: ['gross_profit', 'cost_of_sales'], PL Attachment候補: 1
[15:10:08] [XBRL] 未知の財務タグ検出: ['jppfs_cor:DividendsIncomeNOI', 'jppfs_cor:ForeignExchangeLossesNOE', 'jppfs_cor:IncomeBeforeIncomeTaxes', 'jppfs_cor:IncomeTaxes', 'jppfs_cor:IncomeTaxesCurrent', 'jppfs_cor:IncomeTaxesDeferred', 'jppfs_cor:InterestIncomeNOI', 'jppfs_cor:NonOperatingExpenses', 'jppfs_cor:NonOperatingIncome', 'jppfs_cor:ProfitLoss', 'jppfs_cor:ProfitLossAttributableToNonControllingInterests', 'jppfs_cor:ProfitLossAttributableToOwnersOfParent']
[15:10:08] [XBRL] PL Attachment抽出成功: XBRLData/Attachment/0600000-qcpl11-tse-qcedjpfr-34190-2026-01-31-01-2026-03-13-ixbrl.htm
[15:10:08] [XBRL] Attachment補完: gross_profit=250544000
[15:10:08] [XBRL] Attachment補完: cost_of_sales=356517000
[15:10:08] [抽出] XBRL抽出成功: sales=607000000, gp=250544000, op=1000000
[15:10:08] [INGEST] doc_id=4c0fcddea243a4a1 zip_hash=fbb28c0be9e976e46ae982a56619d6da6891d4b4e9c5c78197e1ac6827604e0e status=success 3419 2026-10-31 1Q sales=607000000 gp=250544000 op=1000000
[15:10:11] [v2] セグメント抽出成功: 20件, engine=v2, unit=千円, profit_role=
[15:10:11] [SEGMENT] 3419 1Q 前第: sales=0.001 profit=None (inserted)
[15:10:11] [SEGMENT] 3419 1Q (自: sales=2.024 profit=None (inserted)
[15:10:11] [SEGMENT] 3419 1Q 売上高: sales=587.022 profit=None (inserted)
[15:10:11] [SEGMENT] 3419 1Q 売上原価: sales=350.42 profit=None (inserted)
[15:10:11] [SEGMENT] 3419 1Q 売上総利益: sales=236.602 profit=None (inserted)
[15:10:11] [SEGMENT] 3419 1Q 販売費及び一般管理費: sales=246.69 profit=None (inserted)
[15:10:11] [SEGMENT] 3419 1Q 営業利益又は営業損失(: sales=-10.088000000000001 profit=None (inserted)
[15:10:11] [SEGMENT] 3419 1Q 受取利息: sales=0.147 profit=None (inserted)
[15:10:11] [SEGMENT] 3419 1Q 受取配当金: sales=0.067 profit=None (inserted)
[15:10:11] [SEGMENT] 3419 1Q 受取助成金: sales=1.25 profit=None (inserted)
[15:10:11] [SEGMENT] 3419 1Q 敷金償却戻入益: sales=1.738 profit=None (inserted)
[15:10:11] [SEGMENT] 3419 1Q その他: sales=0.335 profit=None (inserted)
[15:10:11] [SEGMENT] 3419 1Q 支払利息: sales=1.459 profit=None (inserted)
[15:10:11] [SEGMENT] 3419 1Q 為替差損: sales=1.052 profit=None (inserted)
[15:10:11] [SEGMENT] 3419 1Q 助成金未交付額: sales=2.179 profit=None (inserted)
[15:10:11] [SEGMENT] 3419 1Q その他: sales=0.8 profit=None (updated)
[15:10:11] [SEGMENT] 3419 1Q 経常利益又は経常損失(: sales=-10.997 profit=None (inserted)
[15:10:11] [SEGMENT] 3419 1Q 法人税、住民税及び事業税: sales=1.414 profit=None (inserted)
[15:10:11] [SEGMENT] 3419 1Q 四半期純損失(: sales=-8.007 profit=None (inserted)
[15:10:11] [SEGMENT] 3419 1Q 親会社株主に帰属する四半期純損失(: sales=-8.007 profit=None (inserted)
[15:10:13] [DL] ダウンロード中: https://webapi.yanoshin.jp/rd.php?https://www.release.tdnet.info/inbs/140120260313581150.pdf
[15:10:13] [DL] 保存完了: data\docs\140120260313581150.pdf (3421.7KB)
[15:10:14] [抽出] SKIP_PDF_NOT_TANSHIN: title=2026年４月期第３四半期決算説明資料
[15:10:14] [INGEST] doc_id=235930b782b815ad status=skipped_not_tanshin title=2026年４月期第３四半期決算説明資料
[15:10:14] [DL] ダウンロード中: https://webapi.yanoshin.jp/rd.php?https://www.release.tdnet.info/inbs/140120260313581133.pdf
[15:10:14] [DL] 保存完了: data\docs\140120260313581133.pdf (525.6KB)
[15:10:14] [DL] ダウンロード中: https://webapi.yanoshin.jp/rd.php?https://www.release.tdnet.info/inbs/081220260313581133.zip
[15:10:15] [DL] 保存完了: data\docs\081220260313581133.zip (64.1KB)
[15:10:15] [抽出] XBRL抽出を試行: data\docs\081220260313581133.zip
[15:10:15] [XBRL] 未知の財務タグ検出: ['tse-ed-t:ChangeInComprehensiveIncome', 'tse-ed-t:ChangeInNetSales', 'tse-ed-t:ChangeInOperatingIncome', 'tse-ed-t:ChangeInOrdinaryIncome', 'tse-ed-t:ChangeInProfitAttributableToOwnersOfParent', 'tse-ed-t:ComprehensiveIncome', 'tse-ed-t:DilutedNetIncomePerShare', 'tse-ed-t:NetIncomePerShare', 'tse-ed-t:ProfitAttributableToOwnersOfParent']
[15:10:15] [XBRL] Summary抽出成功: XBRLData/Summary/tse-qcedjpsm-39030-20260313339030-ixbrl.htm
[15:10:15] [XBRL] Summary不足項目: ['gross_profit', 'cost_of_sales'], PL Attachment候補: 1
[15:10:15] [XBRL] 未知の財務タグ検出: ['jppfs_cor:EquityInLossesOfAffiliatesNOE', 'jppfs_cor:ExtraordinaryIncome', 'jppfs_cor:ExtraordinaryLoss', 'jppfs_cor:ForeignExchangeLossesNOE', 'jppfs_cor:GainOnSalesOfInvestmentSecuritiesEI', 'jppfs_cor:GainOnSalesOfSubsidiariesAndAffiliatesStocksEI', 'jppfs_cor:ImpairmentLossEL', 'jppfs_cor:IncomeBeforeIncomeTaxes', 'jppfs_cor:IncomeTaxes', 'jppfs_cor:IncomeTaxesCurrent', 'jppfs_cor:IncomeTaxesDeferred', 'jppfs_cor:InterestAndDividendsIncomeNOI', 'jppfs_cor:LossOnInvestmentsInPartnershipNOE', 'jppfs_cor:LossOnLiquidationOfSubsidiariesAndAffiliatesEL', 'jppfs_cor:LossOnRetirementOfNoncurrentAssetsEL', 'jppfs_cor:LossOnValuationOfInvestmentSecuritiesEL', 'jppfs_cor:LossOnValuationOfStocksOfSubsidiariesAndAffiliatesEL', 'jppfs_cor:NonOperatingExpenses', 'jppfs_cor:NonOperatingIncome', 'jppfs_cor:ProfitLoss', 'jppfs_cor:ProfitLossAttributableToNonControllingInterests', 'jppfs_cor:ProfitLossAttributableToOwnersOfParent', 'tse-qcedjpfr-39030:GainOnSalesOfCryptoAssetsNOI', 'tse-qcedjpfr-39030:LossOnSalesOfCryptoAssetsNOE']
[15:10:15] [XBRL] PL Attachment抽出成功: XBRLData/Attachment/0600000-qcpl11-tse-qcedjpfr-39030-2026-01-31-01-2026-03-13-ixbrl.htm
[15:10:15] [XBRL] Attachment補完: gross_profit=2290889000
[15:10:15] [XBRL] Attachment補完: cost_of_sales=4541968000
[15:10:15] [抽出] XBRL抽出成功: sales=6832000000, gp=2290889000, op=130000000
[15:10:15] [INGEST] doc_id=a32079b0a52ddab5 zip_hash=2c387bf0eba2e7b1f5aaef03f4726ae6d4b2ff8c0633c1b8082dcc8b7a8fdcae status=success 3903 2026-04-30 3Q sales=6832000000 gp=2290889000 op=130000000
[15:10:18] [v2] セグメント抽出成功: 6件, engine=v2, unit=千円, profit_role=
[15:10:18] [SEGMENT] 3903 3Q 国内: sales=4750.593 profit=None (inserted)
[15:10:18] [SEGMENT] 3903 3Q 海外: sales=842.9730000000001 profit=None (inserted)
[15:10:18] [SEGMENT] 3903 3Q 顧客との契約から生じる収益: sales=5593.566 profit=None (inserted)
[15:10:18] [SEGMENT] 3903 3Q その他の収益: sales=1118.087 profit=None (inserted)
[15:10:18] [SEGMENT] 3903 3Q 外部顧客への売上高: sales=5593.566 profit=None (inserted)
[15:10:18] [SEGMENT] 3903 3Q セグメント利益又は損失(: sales=-2.7 profit=None (inserted)
[15:10:21] [DL] ダウンロード中: https://webapi.yanoshin.jp/rd.php?https://www.release.tdnet.info/inbs/140120260312580339.pdf
[15:10:21] [DL] 保存完了: data\docs\140120260312580339.pdf (233.1KB)
[15:10:21] [DL] ダウンロード中: https://webapi.yanoshin.jp/rd.php?https://www.release.tdnet.info/inbs/081220260312580339.zip
[15:10:22] [DL] 保存完了: data\docs\081220260312580339.zip (53.3KB)
[15:10:22] [抽出] XBRL抽出を試行: data\docs\081220260312580339.zip
[15:10:22] [XBRL] 未知の財務タグ検出: ['tse-ed-t:ChangeInComprehensiveIncome', 'tse-ed-t:ChangeInNetSales', 'tse-ed-t:ChangeInOperatingIncome', 'tse-ed-t:ChangeInOrdinaryIncome', 'tse-ed-t:ChangeInProfitAttributableToOwnersOfParent', 'tse-ed-t:ComprehensiveIncome', 'tse-ed-t:DilutedNetIncomePerShare', 'tse-ed-t:NetIncomePerShare', 'tse-ed-t:ProfitAttributableToOwnersOfParent']
[15:10:22] [XBRL] Summary抽出成功: XBRLData/Summary/tse-qcedjpsm-391A0-202603133391A0-ixbrl.htm
[15:10:22] [XBRL] Summary不足項目: ['gross_profit', 'cost_of_sales'], PL Attachment候補: 1
[15:10:22] [XBRL] 未知の財務タグ検出: ['jppfs_cor:ExtraordinaryIncome', 'jppfs_cor:GainOnSalesOfNoncurrentAssetsEI', 'jppfs_cor:IncomeBeforeIncomeTaxes', 'jppfs_cor:IncomeTaxes', 'jppfs_cor:InterestAndDividendsIncomeNOI', 'jppfs_cor:NonOperatingExpenses', 'jppfs_cor:NonOperatingIncome', 'jppfs_cor:ProfitLoss', 'jppfs_cor:ProfitLossAttributableToOwnersOfParent']
[15:10:22] [XBRL] PL Attachment抽出成功: XBRLData/Attachment/0102010-qcpl11-tse-qcedjpfr-391A0-2026-01-31-01-2026-03-13-ixbrl.htm
[15:10:22] [XBRL] Attachment補完: gross_profit=1266491000
[15:10:22] [XBRL] Attachment補完: cost_of_sales=2464195000
[15:10:22] [抽出] XBRL抽出成功: sales=3730000000, gp=1266491000, op=607000000
[15:10:22] [INGEST] doc_id=9582d60e481849d8 zip_hash=03e05604288cf35b2cd0f6780970ca4e403031ca66b0fb0ac316024d7427711d status=success 391A 2026-04-30 3Q sales=3730000000 gp=1266491000 op=607000000
[15:10:23] [v2] セグメント抽出成功: 19件, engine=v2, unit=千円, profit_role=
[15:10:23] [SEGMENT] 391A 3Q 当第: sales=0.003 profit=None (inserted)
[15:10:23] [SEGMENT] 391A 3Q (自: sales=2.025 profit=None (inserted)
[15:10:23] [SEGMENT] 391A 3Q 売上高: sales=3730.686 profit=None (inserted)
[15:10:23] [SEGMENT] 391A 3Q 売上原価: sales=2464.195 profit=None (inserted)
[15:10:23] [SEGMENT] 391A 3Q 売上総利益: sales=1266.491 profit=None (inserted)
[15:10:23] [SEGMENT] 391A 3Q 販売費及び一般管理費: sales=658.662 profit=None (inserted)
[15:10:23] [SEGMENT] 391A 3Q 営業利益: sales=607.828 profit=None (inserted)
[15:10:23] [SEGMENT] 391A 3Q 受取利息及び配当金: sales=4.243 profit=None (inserted)
[15:10:23] [SEGMENT] 391A 3Q 受取手数料: sales=2.641 profit=None (inserted)
[15:10:23] [SEGMENT] 391A 3Q その他: sales=0.8250000000000001 profit=None (inserted)
[15:10:23] [SEGMENT] 391A 3Q 支払利息: sales=69.049 profit=None (inserted)
[15:10:23] [SEGMENT] 391A 3Q 支払手数料: sales=17.186 profit=None (inserted)
[15:10:23] [SEGMENT] 391A 3Q 経常利益: sales=529.302 profit=None (inserted)
[15:10:23] [SEGMENT] 391A 3Q 固定資産売却益: sales=0.084 profit=None (inserted)
[15:10:23] [SEGMENT] 391A 3Q 保険解約返戻金: sales=48.978 profit=None (inserted)
[15:10:23] [SEGMENT] 391A 3Q 税金等調整前四半期純利益: sales=578.364 profit=None (inserted)
[15:10:23] [SEGMENT] 391A 3Q 法人税等: sales=157.064 profit=None (inserted)
[15:10:23] [SEGMENT] 391A 3Q 四半期純利益: sales=421.3 profit=None (inserted)
[15:10:23] [SEGMENT] 391A 3Q 親会社株主に帰属する四半期純利益: sales=421.3 profit=None (inserted)
[15:10:24] [DL] ダウンロード中: https://webapi.yanoshin.jp/rd.php?https://www.release.tdnet.info/inbs/140120260312580364.pdf
[15:10:25] [DL] 保存完了: data\docs\140120260312580364.pdf (3618.8KB)
[15:10:25] [抽出] SKIP_PDF_NOT_TANSHIN: title=2026年4月期_第3四半期決算説明資料
[15:10:25] [INGEST] doc_id=6684aeefdf1a8760 status=skipped_not_tanshin title=2026年4月期_第3四半期決算説明資料
[15:10:25] [DL] ダウンロード中: https://webapi.yanoshin.jp/rd.php?https://www.release.tdnet.info/inbs/140120260312580378.pdf
[15:10:25] [DL] 保存完了: data\docs\140120260312580378.pdf (576.5KB)
[15:10:25] [DL] ダウンロード中: https://webapi.yanoshin.jp/rd.php?https://www.release.tdnet.info/inbs/081220260312580378.zip
[15:10:26] [DL] 保存完了: data\docs\081220260312580378.zip (71.2KB)
[15:10:26] [抽出] XBRL抽出を試行: data\docs\081220260312580378.zip
[15:10:26] [XBRL] 未知の財務タグ検出: ['tse-ed-t:ChangeInComprehensiveIncome', 'tse-ed-t:ChangeInNetSales', 'tse-ed-t:ChangeInOperatingIncome', 'tse-ed-t:ChangeInOrdinaryIncome', 'tse-ed-t:ChangeInProfitAttributableToOwnersOfParent', 'tse-ed-t:ComprehensiveIncome', 'tse-ed-t:DilutedNetIncomePerShare', 'tse-ed-t:NetIncomePerShare', 'tse-ed-t:ProfitAttributableToOwnersOfParent']
[15:10:26] [XBRL] Summary抽出成功: XBRLData/Summary/tse-qcedjpsm-49960-20260313349960-ixbrl.htm
[15:10:26] [XBRL] Summary不足項目: ['gross_profit', 'cost_of_sales'], PL Attachment候補: 1
[15:10:26] [XBRL] 未知の財務タグ検出: ['jppfs_cor:DividendsIncomeNOI', 'jppfs_cor:ExtraordinaryIncome', 'jppfs_cor:ExtraordinaryLoss', 'jppfs_cor:ForeignExchangeLossesNOE', 'jppfs_cor:IncomeBeforeIncomeTaxes', 'jppfs_cor:IncomeTaxes', 'jppfs_cor:InsuranceIncomeEI', 'jppfs_cor:InterestIncomeNOI', 'jppfs_cor:LossOnDisposalOfNoncurrentAssetsEL', 'jppfs_cor:NonOperatingExpenses', 'jppfs_cor:NonOperatingIncome', 'jppfs_cor:ProfitLoss', 'jppfs_cor:ProfitLossAttributableToNonControllingInterests', 'jppfs_cor:ProfitLossAttributableToOwnersOfParent']
[15:10:26] [XBRL] PL Attachment抽出成功: XBRLData/Attachment/0600000-qcpl11-tse-qcedjpfr-49960-2026-01-31-01-2026-03-13-ixbrl.htm
[15:10:26] [XBRL] Attachment補完: gross_profit=10443000000
[15:10:26] [XBRL] Attachment補完: cost_of_sales=36265000000
[15:10:26] [抽出] XBRL抽出成功: sales=46707000000, gp=10443000000, op=4990000000
[15:10:26] [INGEST] doc_id=03a2445446b925a1 zip_hash=0196e0bf833f7a23872fdca80d121db2e3a7d3d29c41e7c10434c30bd27f3ae8 status=success 4996 2026-10-31 1Q sales=46707000000 gp=10443000000 op=4990000000
[15:10:30] [v2] セグメント抽出成功: 13件, engine=v2, unit=百万円, profit_role=
[15:10:30] [SEGMENT] 4996 1Q 前第: sales=1.0 profit=None (inserted)
[15:10:30] [SEGMENT] 4996 1Q (自: sales=2024.0 profit=None (inserted)
[15:10:30] [SEGMENT] 4996 1Q 四半期純利益: sales=4096.0 profit=None (inserted)
[15:10:30] [SEGMENT] 4996 1Q その他有価証券評価差額金: sales=66.0 profit=None (inserted)
[15:10:30] [SEGMENT] 4996 1Q 持分法適用会社に対する持分相当額: sales=1359.0 profit=None (inserted)
[15:10:30] [SEGMENT] 4996 1Q その他の包括利益合計: sales=1404.0 profit=None (inserted)
[15:10:30] [SEGMENT] 4996 1Q 四半期包括利益: sales=5499.0 profit=None (inserted)
[15:10:30] [SEGMENT] 4996 1Q 親会社株主に係る四半期包括利益: sales=5423.0 profit=None (inserted)
[15:10:30] [SEGMENT] 4996 1Q 非支配株主に係る四半期包括利益: sales=77.0 profit=None (inserted)
[15:10:30] [SEGMENT] 4996 1Q 農業: sales=1.0 profit=None (inserted)
[15:10:30] [SEGMENT] 4996 1Q (百万円): sales=3.0 profit=None (inserted)
[15:10:30] [SEGMENT] 4996 1Q セグメント利益: sales=4604.0 profit=None (inserted)
[15:10:30] [SEGMENT] 4996 1Q (注): sales=1.0 profit=None (inserted)
[15:10:33] [DL] 既にダウンロード済み: data\docs\140120260313581561.pdf
[15:10:33] [抽出] SKIP_PDF_NOT_TANSHIN: title=2026年10月期 第1四半期決算補足説明資料
[15:10:33] [INGEST] doc_id=20a8ae0c980d3f16 status=skipped_not_tanshin title=2026年10月期 第1四半期決算補足説明資料
[15:10:33] [DL] 既にダウンロード済み: data\docs\140120260313581584.pdf
[15:10:33] [抽出] SKIP_PDF_NOT_TANSHIN: title=2026年1月期　決算短信補足説明資料
[15:10:33] [INGEST] doc_id=177e5009e7564b4d status=skipped_not_tanshin title=2026年1月期　決算短信補足説明資料
[15:10:33] [DL] 既にダウンロード済み: data\docs\140120260313581574.pdf
[15:10:33] [抽出] SKIP_PDF_NOT_TANSHIN: title=2026年７月期第２四半期　決算説明資料
[15:10:33] [INGEST] doc_id=550de79d2f399d95 status=skipped_not_tanshin title=2026年７月期第２四半期　決算説明資料
[15:10:33] [DL] 既にダウンロード済み: data\docs\140120260304575791.pdf
[15:10:34] [抽出] SKIP_PDF_NOT_TANSHIN: title=2026年10月期　第１四半期決算補足資料
[15:10:34] [INGEST] doc_id=1cf5bf878d1bd87b status=skipped_not_tanshin title=2026年10月期　第１四半期決算補足資料
[15:10:34] [DL] 既にダウンロード済み: data\docs\140120260313581421.pdf
[15:10:34] [抽出] SKIP_PDF_NOT_TANSHIN: title=よくある質問と回答（2026年1月期通期決算）
[15:10:34] [INGEST] doc_id=8e43c30a2f866907 status=skipped_not_tanshin title=よくある質問と回答（2026年1月期通期決算）
[15:10:34] [DL] 既にダウンロード済み: data\docs\140120260313581476.pdf
[15:10:34] [抽出] SKIP_PDF_NOT_TANSHIN: title=2026年10月期第1四半期決算に関するＱ＆Ａおよびオンライン説明会動画公開のお
[15:10:34] [INGEST] doc_id=869ccaf5efe12682 status=skipped_not_tanshin title=2026年10月期第1四半期決算に関するＱ＆Ａおよびオンライン説明会動画公開のお
[15:10:34] [DL] 既にダウンロード済み: data\docs\140120260311580158.pdf
[15:10:34] [抽出] SKIP_PDF_NOT_TANSHIN: title=2026年７月期 第２四半期決算説明会資料
[15:10:34] [INGEST] doc_id=a39fc785eaeb03d1 status=skipped_not_tanshin title=2026年７月期 第２四半期決算説明会資料
[15:10:34] [DL] 既にダウンロード済み: data\docs\140120260312580961.pdf
[15:10:34] [抽出] SKIP_PDF_NOT_TANSHIN: title=2026年４月期 第３四半期 決算説明会資料（書き起こし）
[15:10:34] [INGEST] doc_id=88708a5e4205b37e status=skipped_not_tanshin title=2026年４月期 第３四半期 決算説明会資料（書き起こし）
[15:10:34] [DL] 既にダウンロード済み: data\docs\140120260313581312.pdf
[15:10:34] [抽出] SKIP_PDF_NOT_TANSHIN: title=FY26/7 Q2 第２四半期決算説明資料
[15:10:34] [INGEST] doc_id=d00921980f509d33 status=skipped_not_tanshin title=FY26/7 Q2 第２四半期決算説明資料
[15:10:34] [DL] 既にダウンロード済み: data\docs\140120260312580960.pdf
[15:10:35] [抽出] SKIP_PDF_NOT_TANSHIN: title=2026年3月期第3四半期 決算説明会資料
[15:10:35] [INGEST] doc_id=b226d4b0bc9ab5fc status=skipped_not_tanshin title=2026年3月期第3四半期 決算説明会資料
[15:10:35] [INGEST] run=ingest-c0a65db1 processed=18 success=5 skipped=12 error=1 (tanshin=18) SKIP_NOT_TANSHIN_TITLE=12
[15:10:35] [filings_ingest] done total=18 success=0 errors=1
[15:10:35] [pipeline_run] finished: ingest status=done elapsed=33.2s id=168 processed=18 success=0 failed=0
[2026/03/13 15:10:35.27] Finished (exit=0) 
[2026/03/13 15:20:01.24] Starting ingest 
[15:20:01] [db] config: write_key_type=service_role read_key_type=service_role
[15:20:01] [pipeline_run] started: ingest (id=169, trigger=scheduler)
[15:20:01] [filings_ingest] start dry_run=False company_code=ALL
[15:20:01] [API] yanoshin.jp APIから取得中: https://webapi.yanoshin.jp/webapi/tdnet/list/today.json
[15:20:02] [API] detected_schema=items, raw_items_count=109
[15:20:02] [API] first_item_preview: id=54b638d913cc..., pubdate=2026-03-13 15:00:00, title=役員人事異動に関するお知らせ, code=1420
[15:20:02] [API] fetched_count=109
[15:20:02] [API] skip_reason=instrument_excluded, code=13494, name=Ｅ－ＳＳＧＡ－ＳＩＮ, title=アジア国債・公債ＥＴＦ（正式名称：ＡＢＦ汎アジア債券インデックス・ファンド）に関する日々の開示事項
[15:20:02] [API] skip_reason=instrument_excluded, code=15574, name=Ｅ－ＳＳＧＡＴＣ, title=State Street SPDR S&amp;P500 ETFに関する日々の開示事項
[15:20:02] [API] skip_reason=instrument_excluded, code=20704, name=Ｎ－三菱ＵＦＪ証ＨＤ, title=上場ETN（発行者：三菱UFJ証券ホールディングス株式会社）に関する日々の開示事項
[15:20:02] [API] skip_reason=instrument_excluded, code=16714, name=Ｅ－シンプレクス, title=上場ＥＴＦ(管理会社：シンプレクス・アセット・マネジメント)に関する日々の開示事項
[15:20:02] [API] skip_reason=instrument_excluded, code=13294, name=Ｅ－ブラックロック, title=上場ETF（管理会社：ブラックロック・ジャパン）に関する日々の開示事項
[15:20:02] [API] skip_reason=instrument_excluded, code=16724, name=Ｅ－ＷｉｓｄｏｍＴｒ, title=上場ETF（管理会社：WisdomTree、外国投資法人：MSL）に関する日々の開示事項　
[15:20:02] [API] skip_reason=instrument_excluded, code=16724, name=Ｅ－ＷｉｓｄｏｍＴｒ, title=上場ETF（管理会社：WisdomTree、外国投資法人：CSL）に関する日々の開示事項　
[15:20:02] [API] instrument_skipped_count=7
[15:20:02] [API] fetched_count=109, filtered_count=34, forecast_revision_count=6, financial_statement_count=28
[15:20:02] [API] new_count=18 already_processed=16 already_processed_financial_statement=16 new_financial_statement=12
[15:20:02] [API] already_processed_tickers=3071,3418,3419,3903,391A,4996,3195,211A,2163,2991,6336,2929,3974,3930,7692,9556
[15:20:02] [INGEST] run=ingest-4278cbdb new_items=18 target_statements=12 non_target=6 (forecast_revision=6, other=0)
[15:20:02] [DL] 既にダウンロード済み: data\docs\140120260313581150.pdf
[15:20:02] [抽出] SKIP_PDF_NOT_TANSHIN: title=2026年４月期第３四半期決算説明資料
[15:20:02] [INGEST] doc_id=235930b782b815ad status=skipped_not_tanshin title=2026年４月期第３四半期決算説明資料
[15:20:02] [DL] 既にダウンロード済み: data\docs\140120260312580364.pdf
[15:20:02] [抽出] SKIP_PDF_NOT_TANSHIN: title=2026年4月期_第3四半期決算説明資料
[15:20:02] [INGEST] doc_id=6684aeefdf1a8760 status=skipped_not_tanshin title=2026年4月期_第3四半期決算説明資料
[15:20:02] [DL] 既にダウンロード済み: data\docs\140120260313581561.pdf
[15:20:02] [抽出] SKIP_PDF_NOT_TANSHIN: title=2026年10月期 第1四半期決算補足説明資料
[15:20:02] [INGEST] doc_id=20a8ae0c980d3f16 status=skipped_not_tanshin title=2026年10月期 第1四半期決算補足説明資料
[15:20:02] [DL] 既にダウンロード済み: data\docs\140120260313581584.pdf
[15:20:02] [抽出] SKIP_PDF_NOT_TANSHIN: title=2026年1月期　決算短信補足説明資料
[15:20:02] [INGEST] doc_id=177e5009e7564b4d status=skipped_not_tanshin title=2026年1月期　決算短信補足説明資料
[15:20:02] [DL] 既にダウンロード済み: data\docs\140120260313581574.pdf
[15:20:02] [抽出] SKIP_PDF_NOT_TANSHIN: title=2026年７月期第２四半期　決算説明資料
[15:20:02] [INGEST] doc_id=550de79d2f399d95 status=skipped_not_tanshin title=2026年７月期第２四半期　決算説明資料
[15:20:02] [DL] 既にダウンロード済み: data\docs\140120260304575791.pdf
[15:20:02] [抽出] SKIP_PDF_NOT_TANSHIN: title=2026年10月期　第１四半期決算補足資料
[15:20:02] [INGEST] doc_id=1cf5bf878d1bd87b status=skipped_not_tanshin title=2026年10月期　第１四半期決算補足資料
[15:20:02] [DL] 既にダウンロード済み: data\docs\140120260313581421.pdf
[15:20:02] [抽出] SKIP_PDF_NOT_TANSHIN: title=よくある質問と回答（2026年1月期通期決算）
[15:20:02] [INGEST] doc_id=8e43c30a2f866907 status=skipped_not_tanshin title=よくある質問と回答（2026年1月期通期決算）
[15:20:02] [DL] 既にダウンロード済み: data\docs\140120260313581476.pdf
[15:20:02] [抽出] SKIP_PDF_NOT_TANSHIN: title=2026年10月期第1四半期決算に関するＱ＆Ａおよびオンライン説明会動画公開のお
[15:20:02] [INGEST] doc_id=869ccaf5efe12682 status=skipped_not_tanshin title=2026年10月期第1四半期決算に関するＱ＆Ａおよびオンライン説明会動画公開のお
[15:20:02] [DL] 既にダウンロード済み: data\docs\140120260311580158.pdf
[15:20:02] [抽出] SKIP_PDF_NOT_TANSHIN: title=2026年７月期 第２四半期決算説明会資料
[15:20:02] [INGEST] doc_id=a39fc785eaeb03d1 status=skipped_not_tanshin title=2026年７月期 第２四半期決算説明会資料
[15:20:02] [DL] 既にダウンロード済み: data\docs\140120260312580961.pdf
[15:20:02] [抽出] SKIP_PDF_NOT_TANSHIN: title=2026年４月期 第３四半期 決算説明会資料（書き起こし）
[15:20:02] [INGEST] doc_id=88708a5e4205b37e status=skipped_not_tanshin title=2026年４月期 第３四半期 決算説明会資料（書き起こし）
[15:20:02] [DL] 既にダウンロード済み: data\docs\140120260313581312.pdf
[15:20:02] [抽出] SKIP_PDF_NOT_TANSHIN: title=FY26/7 Q2 第２四半期決算説明資料
[15:20:02] [INGEST] doc_id=d00921980f509d33 status=skipped_not_tanshin title=FY26/7 Q2 第２四半期決算説明資料
[15:20:02] [DL] 既にダウンロード済み: data\docs\140120260312580960.pdf
[15:20:03] [抽出] SKIP_PDF_NOT_TANSHIN: title=2026年3月期第3四半期 決算説明会資料
[15:20:03] [INGEST] doc_id=b226d4b0bc9ab5fc status=skipped_not_tanshin title=2026年3月期第3四半期 決算説明会資料
[15:20:03] [INGEST] run=ingest-4278cbdb processed=12 success=0 skipped=12 error=0 (tanshin=12) SKIP_NOT_TANSHIN_TITLE=12
[15:20:03] [filings_ingest] done total=12 success=0 errors=0
[15:20:03] [pipeline_run] finished: ingest status=done elapsed=1.4s id=169 processed=12 success=0 failed=0
[2026/03/13 15:20:03.17] Finished (exit=0) 
[2026/03/13 15:30:01.28] Starting ingest 
[15:30:01] [db] config: write_key_type=service_role read_key_type=service_role
[15:30:01] [pipeline_run] started: ingest (id=170, trigger=scheduler)
[15:30:02] [filings_ingest] start dry_run=False company_code=ALL
[15:30:02] [API] yanoshin.jp APIから取得中: https://webapi.yanoshin.jp/webapi/tdnet/list/today.json
[15:30:02] [API] detected_schema=items, raw_items_count=109
[15:30:02] [API] first_item_preview: id=54b638d913cc..., pubdate=2026-03-13 15:00:00, title=役員人事異動に関するお知らせ, code=1420
[15:30:02] [API] fetched_count=109
[15:30:02] [API] skip_reason=instrument_excluded, code=13494, name=Ｅ－ＳＳＧＡ－ＳＩＮ, title=アジア国債・公債ＥＴＦ（正式名称：ＡＢＦ汎アジア債券インデックス・ファンド）に関する日々の開示事項
[15:30:02] [API] skip_reason=instrument_excluded, code=15574, name=Ｅ－ＳＳＧＡＴＣ, title=State Street SPDR S&amp;P500 ETFに関する日々の開示事項
[15:30:02] [API] skip_reason=instrument_excluded, code=20704, name=Ｎ－三菱ＵＦＪ証ＨＤ, title=上場ETN（発行者：三菱UFJ証券ホールディングス株式会社）に関する日々の開示事項
[15:30:02] [API] skip_reason=instrument_excluded, code=16714, name=Ｅ－シンプレクス, title=上場ＥＴＦ(管理会社：シンプレクス・アセット・マネジメント)に関する日々の開示事項
[15:30:02] [API] skip_reason=instrument_excluded, code=13294, name=Ｅ－ブラックロック, title=上場ETF（管理会社：ブラックロック・ジャパン）に関する日々の開示事項
[15:30:02] [API] skip_reason=instrument_excluded, code=16724, name=Ｅ－ＷｉｓｄｏｍＴｒ, title=上場ETF（管理会社：WisdomTree、外国投資法人：MSL）に関する日々の開示事項　
[15:30:02] [API] skip_reason=instrument_excluded, code=16724, name=Ｅ－ＷｉｓｄｏｍＴｒ, title=上場ETF（管理会社：WisdomTree、外国投資法人：CSL）に関する日々の開示事項　
[15:30:02] [API] instrument_skipped_count=7
[15:30:02] [API] fetched_count=109, filtered_count=34, forecast_revision_count=6, financial_statement_count=28
[15:30:02] [API] new_count=18 already_processed=16 already_processed_financial_statement=16 new_financial_statement=12
[15:30:02] [API] already_processed_tickers=3071,3418,3419,3903,391A,4996,3195,211A,2163,2991,6336,2929,3974,3930,7692,9556
[15:30:02] [INGEST] run=ingest-d60c996d new_items=18 target_statements=12 non_target=6 (forecast_revision=6, other=0)
[15:30:02] [DL] 既にダウンロード済み: data\docs\140120260313581150.pdf
[15:30:02] [抽出] SKIP_PDF_NOT_TANSHIN: title=2026年４月期第３四半期決算説明資料
[15:30:02] [INGEST] doc_id=235930b782b815ad status=skipped_not_tanshin title=2026年４月期第３四半期決算説明資料
[15:30:02] [DL] 既にダウンロード済み: data\docs\140120260312580364.pdf
[15:30:02] [抽出] SKIP_PDF_NOT_TANSHIN: title=2026年4月期_第3四半期決算説明資料
[15:30:02] [INGEST] doc_id=6684aeefdf1a8760 status=skipped_not_tanshin title=2026年4月期_第3四半期決算説明資料
[15:30:02] [DL] 既にダウンロード済み: data\docs\140120260313581561.pdf
[15:30:02] [抽出] SKIP_PDF_NOT_TANSHIN: title=2026年10月期 第1四半期決算補足説明資料
[15:30:02] [INGEST] doc_id=20a8ae0c980d3f16 status=skipped_not_tanshin title=2026年10月期 第1四半期決算補足説明資料
[15:30:02] [DL] 既にダウンロード済み: data\docs\140120260313581584.pdf
[15:30:02] [抽出] SKIP_PDF_NOT_TANSHIN: title=2026年1月期　決算短信補足説明資料
[15:30:02] [INGEST] doc_id=177e5009e7564b4d status=skipped_not_tanshin title=2026年1月期　決算短信補足説明資料
[15:30:02] [DL] 既にダウンロード済み: data\docs\140120260313581574.pdf
[15:30:02] [抽出] SKIP_PDF_NOT_TANSHIN: title=2026年７月期第２四半期　決算説明資料
[15:30:02] [INGEST] doc_id=550de79d2f399d95 status=skipped_not_tanshin title=2026年７月期第２四半期　決算説明資料
[15:30:02] [DL] 既にダウンロード済み: data\docs\140120260304575791.pdf
[15:30:02] [抽出] SKIP_PDF_NOT_TANSHIN: title=2026年10月期　第１四半期決算補足資料
[15:30:02] [INGEST] doc_id=1cf5bf878d1bd87b status=skipped_not_tanshin title=2026年10月期　第１四半期決算補足資料
[15:30:02] [DL] 既にダウンロード済み: data\docs\140120260313581421.pdf
[15:30:02] [抽出] SKIP_PDF_NOT_TANSHIN: title=よくある質問と回答（2026年1月期通期決算）
[15:30:02] [INGEST] doc_id=8e43c30a2f866907 status=skipped_not_tanshin title=よくある質問と回答（2026年1月期通期決算）
[15:30:02] [DL] 既にダウンロード済み: data\docs\140120260313581476.pdf
[15:30:02] [抽出] SKIP_PDF_NOT_TANSHIN: title=2026年10月期第1四半期決算に関するＱ＆Ａおよびオンライン説明会動画公開のお
[15:30:02] [INGEST] doc_id=869ccaf5efe12682 status=skipped_not_tanshin title=2026年10月期第1四半期決算に関するＱ＆Ａおよびオンライン説明会動画公開のお
[15:30:02] [DL] 既にダウンロード済み: data\docs\140120260311580158.pdf
[15:30:03] [抽出] SKIP_PDF_NOT_TANSHIN: title=2026年７月期 第２四半期決算説明会資料
[15:30:03] [INGEST] doc_id=a39fc785eaeb03d1 status=skipped_not_tanshin title=2026年７月期 第２四半期決算説明会資料
[15:30:03] [DL] 既にダウンロード済み: data\docs\140120260312580961.pdf
[15:30:03] [抽出] SKIP_PDF_NOT_TANSHIN: title=2026年４月期 第３四半期 決算説明会資料（書き起こし）
[15:30:03] [INGEST] doc_id=88708a5e4205b37e status=skipped_not_tanshin title=2026年４月期 第３四半期 決算説明会資料（書き起こし）
[15:30:03] [DL] 既にダウンロード済み: data\docs\140120260313581312.pdf
[15:30:03] [抽出] SKIP_PDF_NOT_TANSHIN: title=FY26/7 Q2 第２四半期決算説明資料
[15:30:03] [INGEST] doc_id=d00921980f509d33 status=skipped_not_tanshin title=FY26/7 Q2 第２四半期決算説明資料
[15:30:03] [DL] 既にダウンロード済み: data\docs\140120260312580960.pdf
[15:30:03] [抽出] SKIP_PDF_NOT_TANSHIN: title=2026年3月期第3四半期 決算説明会資料
[15:30:03] [INGEST] doc_id=b226d4b0bc9ab5fc status=skipped_not_tanshin title=2026年3月期第3四半期 決算説明会資料
[15:30:03] [INGEST] run=ingest-d60c996d processed=12 success=0 skipped=12 error=0 (tanshin=12) SKIP_NOT_TANSHIN_TITLE=12
[15:30:03] [filings_ingest] done total=12 success=0 errors=0
[15:30:03] [pipeline_run] finished: ingest status=done elapsed=1.7s id=170 processed=12 success=0 failed=0
[2026/03/13 15:30:03.45] Finished (exit=0) 
[2026/03/13 15:40:01.25] Starting ingest 
[15:40:01] [db] config: write_key_type=service_role read_key_type=service_role
[15:40:01] [pipeline_run] started: ingest (id=171, trigger=scheduler)
[15:40:01] [filings_ingest] start dry_run=False company_code=ALL
[15:40:01] [API] yanoshin.jp APIから取得中: https://webapi.yanoshin.jp/webapi/tdnet/list/today.json
[15:40:02] [API] detected_schema=items, raw_items_count=109
[15:40:02] [API] first_item_preview: id=54b638d913cc..., pubdate=2026-03-13 15:00:00, title=役員人事異動に関するお知らせ, code=1420
[15:40:02] [API] fetched_count=109
[15:40:02] [API] skip_reason=instrument_excluded, code=13494, name=Ｅ－ＳＳＧＡ－ＳＩＮ, title=アジア国債・公債ＥＴＦ（正式名称：ＡＢＦ汎アジア債券インデックス・ファンド）に関する日々の開示事項
[15:40:02] [API] skip_reason=instrument_excluded, code=15574, name=Ｅ－ＳＳＧＡＴＣ, title=State Street SPDR S&amp;P500 ETFに関する日々の開示事項
[15:40:02] [API] skip_reason=instrument_excluded, code=20704, name=Ｎ－三菱ＵＦＪ証ＨＤ, title=上場ETN（発行者：三菱UFJ証券ホールディングス株式会社）に関する日々の開示事項
[15:40:02] [API] skip_reason=instrument_excluded, code=16714, name=Ｅ－シンプレクス, title=上場ＥＴＦ(管理会社：シンプレクス・アセット・マネジメント)に関する日々の開示事項
[15:40:02] [API] skip_reason=instrument_excluded, code=13294, name=Ｅ－ブラックロック, title=上場ETF（管理会社：ブラックロック・ジャパン）に関する日々の開示事項
[15:40:02] [API] skip_reason=instrument_excluded, code=16724, name=Ｅ－ＷｉｓｄｏｍＴｒ, title=上場ETF（管理会社：WisdomTree、外国投資法人：MSL）に関する日々の開示事項　
[15:40:02] [API] skip_reason=instrument_excluded, code=16724, name=Ｅ－ＷｉｓｄｏｍＴｒ, title=上場ETF（管理会社：WisdomTree、外国投資法人：CSL）に関する日々の開示事項　
[15:40:02] [API] instrument_skipped_count=7
[15:40:02] [API] fetched_count=109, filtered_count=34, forecast_revision_count=6, financial_statement_count=28
[15:40:02] [API] new_count=18 already_processed=16 already_processed_financial_statement=16 new_financial_statement=12
[15:40:02] [API] already_processed_tickers=3071,3418,3419,3903,391A,4996,3195,211A,2163,2991,6336,2929,3974,3930,7692,9556
[15:40:02] [INGEST] run=ingest-71cc7568 new_items=18 target_statements=12 non_target=6 (forecast_revision=6, other=0)
[15:40:02] [DL] 既にダウンロード済み: data\docs\140120260313581150.pdf
[15:40:02] [抽出] SKIP_PDF_NOT_TANSHIN: title=2026年４月期第３四半期決算説明資料
[15:40:02] [INGEST] doc_id=235930b782b815ad status=skipped_not_tanshin title=2026年４月期第３四半期決算説明資料
[15:40:02] [DL] 既にダウンロード済み: data\docs\140120260312580364.pdf
[15:40:02] [抽出] SKIP_PDF_NOT_TANSHIN: title=2026年4月期_第3四半期決算説明資料
[15:40:02] [INGEST] doc_id=6684aeefdf1a8760 status=skipped_not_tanshin title=2026年4月期_第3四半期決算説明資料
[15:40:02] [DL] 既にダウンロード済み: data\docs\140120260313581561.pdf
[15:40:02] [抽出] SKIP_PDF_NOT_TANSHIN: title=2026年10月期 第1四半期決算補足説明資料
[15:40:02] [INGEST] doc_id=20a8ae0c980d3f16 status=skipped_not_tanshin title=2026年10月期 第1四半期決算補足説明資料
[15:40:02] [DL] 既にダウンロード済み: data\docs\140120260313581584.pdf
[15:40:02] [抽出] SKIP_PDF_NOT_TANSHIN: title=2026年1月期　決算短信補足説明資料
[15:40:02] [INGEST] doc_id=177e5009e7564b4d status=skipped_not_tanshin title=2026年1月期　決算短信補足説明資料
[15:40:02] [DL] 既にダウンロード済み: data\docs\140120260313581574.pdf
[15:40:02] [抽出] SKIP_PDF_NOT_TANSHIN: title=2026年７月期第２四半期　決算説明資料
[15:40:02] [INGEST] doc_id=550de79d2f399d95 status=skipped_not_tanshin title=2026年７月期第２四半期　決算説明資料
[15:40:02] [DL] 既にダウンロード済み: data\docs\140120260304575791.pdf
[15:40:02] [抽出] SKIP_PDF_NOT_TANSHIN: title=2026年10月期　第１四半期決算補足資料
[15:40:02] [INGEST] doc_id=1cf5bf878d1bd87b status=skipped_not_tanshin title=2026年10月期　第１四半期決算補足資料
[15:40:02] [DL] 既にダウンロード済み: data\docs\140120260313581421.pdf
[15:40:02] [抽出] SKIP_PDF_NOT_TANSHIN: title=よくある質問と回答（2026年1月期通期決算）
[15:40:02] [INGEST] doc_id=8e43c30a2f866907 status=skipped_not_tanshin title=よくある質問と回答（2026年1月期通期決算）
[15:40:02] [DL] 既にダウンロード済み: data\docs\140120260313581476.pdf
[15:40:02] [抽出] SKIP_PDF_NOT_TANSHIN: title=2026年10月期第1四半期決算に関するＱ＆Ａおよびオンライン説明会動画公開のお
[15:40:02] [INGEST] doc_id=869ccaf5efe12682 status=skipped_not_tanshin title=2026年10月期第1四半期決算に関するＱ＆Ａおよびオンライン説明会動画公開のお
[15:40:02] [DL] 既にダウンロード済み: data\docs\140120260311580158.pdf
[15:40:02] [抽出] SKIP_PDF_NOT_TANSHIN: title=2026年７月期 第２四半期決算説明会資料
[15:40:02] [INGEST] doc_id=a39fc785eaeb03d1 status=skipped_not_tanshin title=2026年７月期 第２四半期決算説明会資料
[15:40:02] [DL] 既にダウンロード済み: data\docs\140120260312580961.pdf
[15:40:02] [抽出] SKIP_PDF_NOT_TANSHIN: title=2026年４月期 第３四半期 決算説明会資料（書き起こし）
[15:40:02] [INGEST] doc_id=88708a5e4205b37e status=skipped_not_tanshin title=2026年４月期 第３四半期 決算説明会資料（書き起こし）
[15:40:02] [DL] 既にダウンロード済み: data\docs\140120260313581312.pdf
[15:40:02] [抽出] SKIP_PDF_NOT_TANSHIN: title=FY26/7 Q2 第２四半期決算説明資料
[15:40:02] [INGEST] doc_id=d00921980f509d33 status=skipped_not_tanshin title=FY26/7 Q2 第２四半期決算説明資料
[15:40:02] [DL] 既にダウンロード済み: data\docs\140120260312580960.pdf
[15:40:03] [抽出] SKIP_PDF_NOT_TANSHIN: title=2026年3月期第3四半期 決算説明会資料
[15:40:03] [INGEST] doc_id=b226d4b0bc9ab5fc status=skipped_not_tanshin title=2026年3月期第3四半期 決算説明会資料
[15:40:03] [INGEST] run=ingest-71cc7568 processed=12 success=0 skipped=12 error=0 (tanshin=12) SKIP_NOT_TANSHIN_TITLE=12
[15:40:03] [filings_ingest] done total=12 success=0 errors=0
[15:40:03] [pipeline_run] finished: ingest status=done elapsed=1.4s id=171 processed=12 success=0 failed=0
[2026/03/13 15:40:03.22] Finished (exit=0) 
[2026/03/13 15:50:01.23] Starting ingest 
[15:50:01] [db] config: write_key_type=service_role read_key_type=service_role
[15:50:01] [pipeline_run] started: ingest (id=172, trigger=scheduler)
[15:50:01] [filings_ingest] start dry_run=False company_code=ALL
[15:50:01] [API] yanoshin.jp APIから取得中: https://webapi.yanoshin.jp/webapi/tdnet/list/today.json
[15:50:02] [API] detected_schema=items, raw_items_count=300
[15:50:02] [API] first_item_preview: id=91a650cc4af0..., pubdate=2026-03-13 15:45:00, title=資本業務提携契約の締結及び第三者割当による新株式の発行に関する補足資料, code=218A
[15:50:02] [API] fetched_count=300
[15:50:02] [API] fetched_count=300, filtered_count=132, forecast_revision_count=28, financial_statement_count=104
[15:50:02] [API] new_count=118 already_processed=14 already_processed_financial_statement=14 new_financial_statement=90
[15:50:02] [API] already_processed_tickers=3071,3418,3419,3903,391A,4996,3195,211A,2163,2991,6336,2929,3974,3930
[15:50:02] [INGEST] run=ingest-c7aa3733 new_items=118 target_statements=90 non_target=28 (forecast_revision=28, other=0)
[15:50:02] [DL] ダウンロード中: https://webapi.yanoshin.jp/rd.php?https://www.release.tdnet.info/inbs/140120260313581648.pdf
[15:50:02] [DL] 保存完了: data\docs\140120260313581648.pdf (7016.4KB)
[15:50:03] [抽出] SKIP_PDF_NOT_TANSHIN: title=2026年7月期 第2四半期決算説明資料
[15:50:03] [INGEST] doc_id=f97aff7509c5c532 status=skipped_not_tanshin title=2026年7月期 第2四半期決算説明資料
[15:50:03] [DL] ダウンロード中: https://webapi.yanoshin.jp/rd.php?https://www.release.tdnet.info/inbs/140120260313581612.pdf
[15:50:03] [DL] 保存完了: data\docs\140120260313581612.pdf (309.4KB)
[15:50:03] [DL] ダウンロード中: https://webapi.yanoshin.jp/rd.php?https://www.release.tdnet.info/inbs/081220260313581612.zip
[15:50:03] [DL] 保存完了: data\docs\081220260313581612.zip (57.0KB)
[15:50:03] [抽出] XBRL抽出を試行: data\docs\081220260313581612.zip
[15:50:03] [XBRL] 未知の財務タグ検出: ['tse-ed-t:ChangeInComprehensiveIncome', 'tse-ed-t:ChangeInNetSales', 'tse-ed-t:ChangeInOperatingIncome', 'tse-ed-t:ChangeInOrdinaryIncome', 'tse-ed-t:ChangeInProfitAttributableToOwnersOfParent', 'tse-ed-t:ComprehensiveIncome', 'tse-ed-t:DilutedNetIncomePerShare', 'tse-ed-t:NetIncomePerShare', 'tse-ed-t:ProfitAttributableToOwnersOfParent']
[15:50:03] [XBRL] Summary抽出成功: XBRLData/Summary/tse-scedjpsy-218A0-202603133218A0-ixbrl.htm
[15:50:03] [XBRL] Summary不足項目: ['gross_profit', 'cost_of_sales'], PL Attachment候補: 0
[15:50:03] [抽出] XBRL抽出成功: sales=697000000, gp=None, op=-942000000
[15:50:03] [補完] XBRL欠損フィールド=['gross_profit'], PDF補完を試行
[15:50:03] [補完] PDF抽出失敗: 売上高・営業利益ともに抽出できず
[15:50:03] [INGEST] doc_id=b02fcac4fe087e81 zip_hash=34656175018f0a1eba73bd1d91c05703d91ee9f1b39a40db40ccaf06c73608c8 status=success 218A 2026-07-31 2Q sales=697000000 gp=None op=-942000000
[15:50:04] [v2] セグメント抽出成功: 20件, engine=v2, unit=千円, profit_role=
[15:50:04] [SEGMENT] 218A 2Q (自: sales=2.025 profit=None (inserted)
[15:50:04] [SEGMENT] 218A 2Q 売上高: sales=697.213 profit=None (inserted)
[15:50:04] [SEGMENT] 218A 2Q 売上原価: sales=374.43600000000004 profit=None (inserted)
[15:50:04] [SEGMENT] 218A 2Q 売上総利益: sales=322.776 profit=None (inserted)
[15:50:04] [SEGMENT] 218A 2Q 販売費及び一般管理費: sales=1265.429 profit=None (inserted)
[15:50:04] [SEGMENT] 218A 2Q 営業損失(: sales=-942.653 profit=None (inserted)
[15:50:04] [SEGMENT] 218A 2Q 受取利息: sales=0.389 profit=None (inserted)
[15:50:04] [SEGMENT] 218A 2Q 補助金収入: sales=441.33500000000004 profit=None (inserted)
[15:50:04] [SEGMENT] 218A 2Q その他: sales=1.589 profit=None (inserted)
[15:50:04] [SEGMENT] 218A 2Q 支払利息: sales=3.7920000000000003 profit=None (inserted)
[15:50:04] [SEGMENT] 218A 2Q 持分法による投資損失: sales=11.351 profit=None (inserted)
[15:50:04] [SEGMENT] 218A 2Q その他: sales=1.1480000000000001 profit=None (updated)
[15:50:04] [SEGMENT] 218A 2Q 経常損失(: sales=-515.629 profit=None (inserted)
[15:50:04] [SEGMENT] 218A 2Q 税金等調整前中間純損失(: sales=-515.629 profit=None (inserted)
[15:50:04] [SEGMENT] 218A 2Q 法人税、住民税及び事業税: sales=0.522 profit=None (inserted)
[15:50:04] [SEGMENT] 218A 2Q 中間純損失(: sales=-516.152 profit=None (inserted)
[15:50:04] [SEGMENT] 218A 2Q 親会社株主に帰属する中間純損失(: sales=-516.152 profit=None (inserted)
[15:50:04] [SEGMENT] 218A 2Q その他の包括利益合計: sales=2.4130000000000003 profit=None (inserted)
[15:50:04] [SEGMENT] 218A 2Q 中間包括利益: sales=-513.738 profit=None (inserted)
[15:50:04] [SEGMENT] 218A 2Q 親会社株主に係る中間包括利益: sales=-513.738 profit=None (inserted)
[15:50:05] [DL] ダウンロード中: https://webapi.yanoshin.jp/rd.php?https://www.release.tdnet.info/inbs/140120260312580948.pdf
[15:50:05] [DL] 保存完了: data\docs\140120260312580948.pdf (573.1KB)
[15:50:05] [DL] ダウンロード中: https://webapi.yanoshin.jp/rd.php?https://www.release.tdnet.info/inbs/081220260312580948.zip
[15:50:05] [DL] 保存完了: data\docs\081220260312580948.zip (64.1KB)
[15:50:05] [抽出] XBRL抽出を試行: data\docs\081220260312580948.zip
[15:50:05] [XBRL] 未知の財務タグ検出: ['tse-ed-t:ChangeInComprehensiveIncome', 'tse-ed-t:ChangeInNetSales', 'tse-ed-t:ChangeInOperatingIncome', 'tse-ed-t:ChangeInOrdinaryIncome', 'tse-ed-t:ChangeInProfitAttributableToOwnersOfParent', 'tse-ed-t:ComprehensiveIncome', 'tse-ed-t:DilutedNetIncomePerShare', 'tse-ed-t:NetIncomePerShare', 'tse-ed-t:ProfitAttributableToOwnersOfParent']
[15:50:05] [XBRL] Summary抽出成功: XBRLData/Summary/tse-qcedjpsm-34440-20260313334440-ixbrl.htm
[15:50:05] [XBRL] Summary不足項目: ['gross_profit', 'cost_of_sales'], PL Attachment候補: 1
[15:50:05] [XBRL] 未知の財務タグ検出: ['jppfs_cor:DividendsIncomeNOI', 'jppfs_cor:EquityInLossesOfAffiliatesNOE', 'jppfs_cor:ExtraordinaryIncome', 'jppfs_cor:ExtraordinaryLoss', 'jppfs_cor:ForeignExchangeLossesNOE', 'jppfs_cor:GainOnSalesOfInvestmentSecuritiesEI', 'jppfs_cor:GainOnSalesOfNoncurrentAssetsEI', 'jppfs_cor:GainOnSalesOfSubsidiariesAndAffiliatesStocksEI', 'jppfs_cor:IncomeBeforeIncomeTaxes', 'jppfs_cor:IncomeTaxes', 'jppfs_cor:IncomeTaxesCurrent', 'jppfs_cor:IncomeTaxesDeferred', 'jppfs_cor:InterestIncomeNOI', 'jppfs_cor:LossOnInvestmentsInPartnershipNOE', 'jppfs_cor:LossOnReductionOfNoncurrentAssetsEL', 'jppfs_cor:LossOnRetirementOfNoncurrentAssetsEL', 'jppfs_cor:LossOnSalesOfNoncurrentAssetsEL', 'jppfs_cor:LossOnValuationOfInvestmentSecuritiesEL', 'jppfs_cor:NonOperatingExpenses', 'jppfs_cor:NonOperatingIncome', 'jppfs_cor:ProfitLoss', 'jppfs_cor:ProfitLossAttributableToNonControllingInterests', 'jppfs_cor:ProfitLossAttributableToOwnersOfParent', 'jppfs_cor:SubsidyIncomeNOIBounty', 'tse-qcedjpfr-34440:ImpairmentLossOfNoncurrentAssetsEL']
[15:50:05] [XBRL] PL Attachment抽出成功: XBRLData/Attachment/0600000-qcpl11-tse-qcedjpfr-34440-2026-01-31-01-2026-03-13-ixbrl.htm
[15:50:05] [XBRL] Attachment補完: gross_profit=891627000
[15:50:05] [XBRL] Attachment補完: cost_of_sales=3470953000
[15:50:05] [抽出] XBRL抽出成功: sales=4362000000, gp=891627000, op=-420000000
[15:50:05] [INGEST] doc_id=e4fd656f42fc33c4 zip_hash=9c33535217041e62762b35b650067b7554a3ea35b841c02cac598c12cb45340a status=success 3444 2026-04-30 3Q sales=4362000000 gp=891627000 op=-420000000
[15:50:07] [v2] セグメント抽出成功: 33件, engine=v2, unit=千円, profit_role=
[15:50:07] [SEGMENT] 3444 3Q 前第: sales=0.003 profit=None (inserted)
[15:50:07] [SEGMENT] 3444 3Q (自: sales=2.024 profit=None (inserted)
[15:50:07] [SEGMENT] 3444 3Q 売上高: sales=3693.966 profit=None (inserted)
[15:50:07] [SEGMENT] 3444 3Q 売上原価: sales=3048.824 profit=None (inserted)
[15:50:07] [SEGMENT] 3444 3Q 売上総利益: sales=645.141 profit=None (inserted)
[15:50:07] [SEGMENT] 3444 3Q 販売費及び一般管理費: sales=1275.912 profit=None (inserted)
[15:50:07] [SEGMENT] 3444 3Q 営業損失(: sales=-630.771 profit=None (inserted)
[15:50:07] [SEGMENT] 3444 3Q 受取利息: sales=3.6590000000000003 profit=None (inserted)
[15:50:07] [SEGMENT] 3444 3Q 受取配当金: sales=38.356 profit=None (inserted)
[15:50:07] [SEGMENT] 3444 3Q 助成金収入: sales=253.922 profit=None (inserted)
[15:50:07] [SEGMENT] 3444 3Q 業務受託料: sales=7.128 profit=None (inserted)
[15:50:07] [SEGMENT] 3444 3Q その他: sales=13.799 profit=None (inserted)
[15:50:07] [SEGMENT] 3444 3Q 支払利息: sales=24.057000000000002 profit=None (inserted)
[15:50:07] [SEGMENT] 3444 3Q 為替差損: sales=6.609 profit=None (inserted)
[15:50:07] [SEGMENT] 3444 3Q 持分法による投資損失: sales=22.333000000000002 profit=None (inserted)
[15:50:07] [SEGMENT] 3444 3Q 投資事業組合運用損: sales=79.558 profit=None (inserted)
[15:50:07] [SEGMENT] 3444 3Q その他: sales=7.924 profit=None (updated)
[15:50:07] [SEGMENT] 3444 3Q 経常損失(: sales=-708.3100000000001 profit=None (inserted)
[15:50:07] [SEGMENT] 3444 3Q 投資有価証券売却益: sales=138.37800000000001 profit=None (inserted)
[15:50:07] [SEGMENT] 3444 3Q 関係会社株式売却益: sales=11.052 profit=None (inserted)
[15:50:07] [SEGMENT] 3444 3Q 固定資産売却益: sales=0.164 profit=None (inserted)
[15:50:07] [SEGMENT] 3444 3Q 補助金収入: sales=101.295 profit=None (inserted)
[15:50:07] [SEGMENT] 3444 3Q 持分変動利益: sales=5.899 profit=None (inserted)
[15:50:07] [SEGMENT] 3444 3Q 投資有価証券評価損: sales=41.81 profit=None (inserted)
[15:50:07] [SEGMENT] 3444 3Q 固定資産売却損: sales=0.012 profit=None (inserted)
[15:50:07] [SEGMENT] 3444 3Q 固定資産除却損: sales=0.459 profit=None (inserted)
[15:50:07] [SEGMENT] 3444 3Q 固定資産圧縮損: sales=79.702 profit=None (inserted)
[15:50:07] [SEGMENT] 3444 3Q 固定資産減損損失: sales=52.366 profit=None (inserted)
[15:50:07] [SEGMENT] 3444 3Q 税金等調整前四半期純損失(: sales=-764.415 profit=None (inserted)
[15:50:07] [SEGMENT] 3444 3Q 法人税、住民税及び事業税: sales=35.195 profit=None (inserted)
[15:50:07] [SEGMENT] 3444 3Q 四半期純損失(: sales=-783.876 profit=None (inserted)
[15:50:07] [SEGMENT] 3444 3Q 非支配株主に帰属する四半期純損失(: sales=-159.699 profit=None (inserted)
[15:50:07] [SEGMENT] 3444 3Q 親会社株主に帰属する四半期純損失(: sales=-624.176 profit=None (inserted)
[15:50:08] [DL] ダウンロード中: https://webapi.yanoshin.jp/rd.php?https://www.release.tdnet.info/inbs/140120260311579461.pdf
[15:50:09] [DL] 保存完了: data\docs\140120260311579461.pdf (241.2KB)
[15:50:09] [DL] ダウンロード中: https://webapi.yanoshin.jp/rd.php?https://www.release.tdnet.info/inbs/081220260311579461.zip
[15:50:09] [DL] 保存完了: data\docs\081220260311579461.zip (81.3KB)
[15:50:09] [抽出] XBRL抽出を試行: data\docs\081220260311579461.zip
[15:50:09] [XBRL] 未知の財務タグ検出: ['tse-ed-t:CashFlowsFromOperatingActivities', 'tse-ed-t:ChangeInComprehensiveIncome', 'tse-ed-t:ChangeInNetIncome', 'tse-ed-t:ChangeInNetSales', 'tse-ed-t:ChangeInOperatingIncome', 'tse-ed-t:ChangeInOrdinaryIncome', 'tse-ed-t:ChangeInProfitAttributableToOwnersOfParent', 'tse-ed-t:ComprehensiveIncome', 'tse-ed-t:DilutedNetIncomePerShare', 'tse-ed-t:InvestmentProfitLossOnEquityMethod', 'tse-ed-t:NetIncome', 'tse-ed-t:NetIncomePerShare', 'tse-ed-t:NetIncomeToShareholdersEquityRatio', 'tse-ed-t:OperatingIncomeToNetSalesRatio', 'tse-ed-t:OrdinaryIncomeToTotalAssetsRatio', 'tse-ed-t:ProfitAttributableToOwnersOfParent']
[15:50:09] [XBRL] Summary抽出成功: XBRLData/Summary/tse-acedjpsm-43340-20260311579461-ixbrl.htm
[15:50:09] [XBRL] Summary不足項目: ['gross_profit', 'cost_of_sales'], PL Attachment候補: 1
[15:50:09] [XBRL] 未知の財務タグ検出: ['jppfs_cor:DividendsIncomeNOI', 'jppfs_cor:ExtraordinaryIncome', 'jppfs_cor:ForeignExchangeLossesNOE', 'jppfs_cor:GainOnSalesOfInvestmentSecuritiesEI', 'jppfs_cor:GainOnSalesOfNoncurrentAssetsEI', 'jppfs_cor:IncomeBeforeIncomeTaxes', 'jppfs_cor:IncomeTaxes', 'jppfs_cor:IncomeTaxesCurrent', 'jppfs_cor:IncomeTaxesDeferred', 'jppfs_cor:InterestIncomeNOI', 'jppfs_cor:LossOnInvestmentsInSilentPartnershipNOE', 'jppfs_cor:NonOperatingExpenses', 'jppfs_cor:NonOperatingIncome', 'jppfs_cor:ProfitLoss', 'jppfs_cor:ProfitLossAttributableToOwnersOfParent']
[15:50:09] [XBRL] PL Attachment抽出成功: XBRLData/Attachment/0102010-acpl01-tse-acedjpfr-43340-2026-01-31-01-2026-03-13-ixbrl.htm
[15:50:09] [XBRL] Attachment補完: gross_profit=1182527000
[15:50:09] [XBRL] Attachment補完: cost_of_sales=3106385000
[15:50:09] [抽出] XBRL抽出成功: sales=4288000000, gp=1182527000, op=181000000
[15:50:09] [INGEST] doc_id=b93a2ba199106355 zip_hash=78b66e452a24045d302a2a5c8002b1dbb8ff20d36a01ee9e2aa0812d2bca931a status=parse_failed reason=年度/Q不明: year=R8/1, q=
[15:50:09] [DL] ダウンロード中: https://webapi.yanoshin.jp/rd.php?https://www.release.tdnet.info/inbs/140120260312580923.pdf
[15:50:09] [DL] 保存完了: data\docs\140120260312580923.pdf (5543.4KB)
[15:50:10] [抽出] SKIP_PDF_NOT_TANSHIN: title=売れるネット広告社グループ（9235）2026年７月期第2四半期決算説明資料
[15:50:10] [INGEST] doc_id=0b376bb3f7a7e79e status=skipped_not_tanshin title=売れるネット広告社グループ（9235）2026年７月期第2四半期決算説明資料
[15:50:10] [DL] ダウンロード中: https://webapi.yanoshin.jp/rd.php?https://www.release.tdnet.info/inbs/140120260312580847.pdf
[15:50:11] [DL] 保存完了: data\docs\140120260312580847.pdf (300.2KB)
[15:50:11] [DL] ダウンロード中: https://webapi.yanoshin.jp/rd.php?https://www.release.tdnet.info/inbs/081220260312580847.zip
[15:50:11] [DL] 保存完了: data\docs\081220260312580847.zip (71.1KB)
[15:50:11] [抽出] XBRL抽出を試行: data\docs\081220260312580847.zip
[15:50:11] [XBRL] 未知の財務タグ検出: ['tse-ed-t:CashFlowsFromOperatingActivities', 'tse-ed-t:ChangeInComprehensiveIncome', 'tse-ed-t:ChangeInNetSales', 'tse-ed-t:ChangeInOperatingIncome', 'tse-ed-t:ChangeInOrdinaryIncome', 'tse-ed-t:ChangeInProfitAttributableToOwnersOfParent', 'tse-ed-t:ComprehensiveIncome', 'tse-ed-t:DilutedNetIncomePerShare', 'tse-ed-t:InvestmentProfitLossOnEquityMethod', 'tse-ed-t:NetIncomePerShare', 'tse-ed-t:NetIncomeToShareholdersEquityRatio', 'tse-ed-t:OperatingIncomeToNetSalesRatio', 'tse-ed-t:OrdinaryIncomeToTotalAssetsRatio', 'tse-ed-t:ProfitAttributableToOwnersOfParent']
[15:50:11] [XBRL] Summary抽出成功: XBRLData/Summary/tse-acedjpsm-168A0-202603133168A0-ixbrl.htm
[15:50:11] [XBRL] Summary不足項目: ['gross_profit', 'cost_of_sales'], PL Attachment候補: 1
[15:50:11] [XBRL] 未知の財務タグ検出: ['jppfs_cor:DividendsIncomeNOI', 'jppfs_cor:ElectricitySaleIncomeNOI', 'jppfs_cor:ExtraordinaryIncome', 'jppfs_cor:ExtraordinaryLoss', 'jppfs_cor:GainOnSalesOfNoncurrentAssetsEI', 'jppfs_cor:HouseRentIncomeNOI', 'jppfs_cor:ImpairmentLossEL', 'jppfs_cor:IncomeBeforeIncomeTaxes', 'jppfs_cor:IncomeTaxes', 'jppfs_cor:IncomeTaxesCurrent', 'jppfs_cor:IncomeTaxesDeferred', 'jppfs_cor:InterestIncomeNOI', 'jppfs_cor:LossOnRetirementOfNoncurrentAssetsEL', 'jppfs_cor:NonOperatingExpenses', 'jppfs_cor:NonOperatingIncome', 'jppfs_cor:ProfitLoss', 'jppfs_cor:ProfitLossAttributableToOwnersOfParent']
[15:50:11] [XBRL] PL Attachment抽出成功: XBRLData/Attachment/0102010-acpl01-tse-acedjpfr-168A0-2026-01-31-01-2026-03-13-ixbrl.htm
[15:50:11] [XBRL] Attachment補完: gross_profit=1713697000
[15:50:11] [XBRL] Attachment補完: cost_of_sales=3047505000
[15:50:11] [抽出] XBRL抽出成功: sales=4761000000, gp=1713697000, op=216000000
[15:50:11] [INGEST] doc_id=8a2e533de861d004 zip_hash=706528e6d18722778b410ddfa771d25d8f9cde6b2cad3a9b0640e28c22d4981c status=parse_failed reason=年度/Q不明: year=R8/1, q=
[15:50:11] [DL] ダウンロード中: https://webapi.yanoshin.jp/rd.php?https://www.release.tdnet.info/inbs/140120260313581078.pdf
[15:50:11] [DL] 保存完了: data\docs\140120260313581078.pdf (702.2KB)
[15:50:11] [DL] ダウンロード中: https://webapi.yanoshin.jp/rd.php?https://www.release.tdnet.info/inbs/081220260313581078.zip
[15:50:11] [DL] 保存完了: data\docs\081220260313581078.zip (98.0KB)
[15:50:12] [抽出] XBRL抽出を試行: data\docs\081220260313581078.zip
[15:50:12] [XBRL] 未知の財務タグ検出: ['tse-ed-t:CashFlowsFromOperatingActivities', 'tse-ed-t:ChangeInNetIncome', 'tse-ed-t:ChangeInNetSales', 'tse-ed-t:ChangeInOperatingIncome', 'tse-ed-t:ChangeInOrdinaryIncome', 'tse-ed-t:DilutedNetIncomePerShare', 'tse-ed-t:InvestmentProfitLossOnEquityMethod', 'tse-ed-t:NetIncome', 'tse-ed-t:NetIncomePerShare', 'tse-ed-t:NetIncomeToShareholdersEquityRatio', 'tse-ed-t:OperatingIncomeToNetSalesRatio', 'tse-ed-t:OrdinaryIncomeToTotalAssetsRatio']
[15:50:12] [XBRL] Summary抽出成功: XBRLData/Summary/tse-anedjpsm-17580-20260313317580-ixbrl.htm
[15:50:12] [XBRL] Summary不足項目: ['gross_profit', 'cost_of_sales'], PL Attachment候補: 1
[15:50:12] [XBRL] 未知の財務タグ検出: ['jppfs_cor:CostOfSalesOfCompletedConstructionContractsCNS', 'jppfs_cor:CostOfSalesOnSideLineBusinessCNS', 'jppfs_cor:DividendsIncomeNOI', 'jppfs_cor:ExtraordinaryIncome', 'jppfs_cor:ExtraordinaryLoss', 'jppfs_cor:ForeignExchangeLossesNOE', 'jppfs_cor:GainOnSalesOfGoodsNOI', 'jppfs_cor:GainOnSalesOfInvestmentSecuritiesEI', 'jppfs_cor:GainOnSalesOfNoncurrentAssetsEI', 'jppfs_cor:GrossProfitOnCompletedConstructionContractsCNS', 'jppfs_cor:GrossProfitOnSideLineBusinessCNS', 'jppfs_cor:ImpairmentLossEL', 'jppfs_cor:IncomeBeforeIncomeTaxes', 'jppfs_cor:IncomeTaxes', 'jppfs_cor:IncomeTaxesCurrent', 'jppfs_cor:IncomeTaxesDeferred', 'jppfs_cor:InsuranceIncomeNOI', 'jppfs_cor:InterestIncomeNOI', 'jppfs_cor:MiscellaneousIncomeNOI', 'jppfs_cor:MiscellaneousLossNOE', 'jppfs_cor:NetSalesOfCompletedConstructionContractsCNS', 'jppfs_cor:NetSalesOfSideLineBusinessCNS', 'jppfs_cor:NonOperatingExpenses', 'jppfs_cor:NonOperatingIncome', 'jppfs_cor:ProfitLoss', 'jppfs_cor:RentIncomeNOI']
[15:50:12] [XBRL] PL Attachment抽出成功: XBRLData/Attachment/0501000-anpl02-tse-anedjpfr-17580-2026-01-31-01-2026-03-13-ixbrl.htm
[15:50:12] [XBRL] Attachment補完: gross_profit=1427821000
[15:50:12] [XBRL] Attachment補完: cost_of_sales=13083666000
[15:50:12] [抽出] XBRL抽出成功: sales=14511000000, gp=1427821000, op=551000000
[15:50:12] [INGEST] doc_id=06d21a2e806941c7 zip_hash=8699bc2a78cc592d894c84470cbc2f4a379c5273d0f8166149d9e9d532d9ef5a status=parse_failed reason=年度/Q不明: year=R8/1, q=
[15:50:12] [DL] ダウンロード中: https://webapi.yanoshin.jp/rd.php?https://www.release.tdnet.info/inbs/140120260313581653.pdf
[15:50:12] [DL] 保存完了: data\docs\140120260313581653.pdf (488.9KB)
[15:50:12] [DL] ダウンロード中: https://webapi.yanoshin.jp/rd.php?https://www.release.tdnet.info/inbs/081220260313581653.zip
[15:50:12] [DL] 保存完了: data\docs\081220260313581653.zip (70.5KB)
[15:50:12] [抽出] XBRL抽出を試行: data\docs\081220260313581653.zip
[15:50:12] [XBRL] 未知の財務タグ検出: ['tse-ed-t:ChangeInComprehensiveIncome', 'tse-ed-t:ChangeInNetSales', 'tse-ed-t:ChangeInOperatingIncome', 'tse-ed-t:ChangeInOrdinaryIncome', 'tse-ed-t:ChangeInProfitAttributableToOwnersOfParent', 'tse-ed-t:ComprehensiveIncome', 'tse-ed-t:DilutedNetIncomePerShare', 'tse-ed-t:NetIncomePerShare', 'tse-ed-t:ProfitAttributableToOwnersOfParent']
[15:50:12] [XBRL] Summary抽出成功: XBRLData/Summary/tse-qcedjpsm-17660-20260313317660-ixbrl.htm
[15:50:12] [XBRL] Summary不足項目: ['gross_profit', 'cost_of_sales'], PL Attachment候補: 1
[15:50:12] [XBRL] 未知の財務タグ検出: ['jppfs_cor:CostOfSalesOfCompletedConstructionContractsCNS', 'jppfs_cor:CostOfSalesOnSideLineBusinessCNS', 'jppfs_cor:ExtraordinaryIncome', 'jppfs_cor:ExtraordinaryLoss', 'jppfs_cor:GainOnSalesOfNoncurrentAssetsEI', 'jppfs_cor:GrossProfitOnCompletedConstructionContractsCNS', 'jppfs_cor:GrossProfitOnSideLineBusinessCNS', 'jppfs_cor:IncomeBeforeIncomeTaxes', 'jppfs_cor:IncomeTaxes', 'jppfs_cor:IncomeTaxesCurrent', 'jppfs_cor:IncomeTaxesDeferred', 'jppfs_cor:InterestIncomeNOI', 'jppfs_cor:LossOnRetirementOfNoncurrentAssetsEL', 'jppfs_cor:NetSalesOfCompletedConstructionContractsCNS', 'jppfs_cor:NetSalesOfSideLineBusinessCNS', 'jppfs_cor:NonOperatingExpenses', 'jppfs_cor:NonOperatingIncome', 'jppfs_cor:ProfitLoss', 'jppfs_cor:ProfitLossAttributableToOwnersOfParent', 'tse-qcedjpfr-17660:InsuranceAgentIncomeNOI', 'tse-qcedjpfr-17660:LossOnClaimsNOE']
[15:50:12] [XBRL] PL Attachment抽出成功: XBRLData/Attachment/0600000-qcpl11-tse-qcedjpfr-17660-2026-01-31-01-2026-03-13-ixbrl.htm
[15:50:12] [XBRL] Attachment補完: gross_profit=47395000000
[15:50:12] [XBRL] Attachment補完: cost_of_sales=235355000000
[15:50:12] [抽出] XBRL抽出成功: sales=282750000000, gp=47395000000, op=16196000000
[15:50:12] [INGEST] doc_id=9dc5e64358dd45f8 zip_hash=be0f81e58d91670f202787c7d8ec36089c68faecc19b693c78feb68c3ca5b59f status=success 1766 2026-04-30 3Q sales=282750000000 gp=47395000000 op=16196000000
[15:50:13] [ORDER] 1766 2026-04-30 3Q orders_total=1558 (inserted)
[15:50:14] [v2] セグメント抽出成功: 12件, engine=v2, unit=百万円, profit_role=
[15:50:14] [SEGMENT] 1766 3Q 前第: sales=3.0 profit=None (inserted)
[15:50:14] [SEGMENT] 1766 3Q 不動産: sales=1.0 profit=None (inserted)
[15:50:14] [SEGMENT] 1766 3Q 賃貸: sales=3.0 profit=None (inserted)
[15:50:14] [SEGMENT] 1766 3Q 外部顧客への売上高: sales=110837.0 profit=None (inserted)
[15:50:14] [SEGMENT] 1766 3Q セグメント利益: sales=11591.0 profit=None (inserted)
[15:50:14] [SEGMENT] 1766 3Q 当第: sales=3.0 profit=None (inserted)
[15:50:14] [SEGMENT] 1766 3Q 不動産: sales=1.0 profit=None (updated)
[15:50:14] [SEGMENT] 1766 3Q 賃貸: sales=3.0 profit=None (updated)
[15:50:14] [SEGMENT] 1766 3Q 外部顧客への売上高: sales=117175.0 profit=None (updated)
[15:50:14] [SEGMENT] 1766 3Q セグメント利益又は損失(: sales=11621.0 profit=None (inserted)
[15:50:14] [SEGMENT] 1766 3Q (注): sales=1.0 profit=None (inserted)
[15:50:14] [SEGMENT] 1766 3Q 項目 前第: sales=3.0 profit=None (inserted)
[15:50:16] [DL] ダウンロード中: https://webapi.yanoshin.jp/rd.php?https://www.release.tdnet.info/inbs/140120260313581389.pdf
[15:50:16] [DL] 保存完了: data\docs\140120260313581389.pdf (252.7KB)
[15:50:16] [DL] ダウンロード中: https://webapi.yanoshin.jp/rd.php?https://www.release.tdnet.info/inbs/081220260313581389.zip
[15:50:16] [DL] 保存完了: data\docs\081220260313581389.zip (65.8KB)
[15:50:16] [抽出] XBRL抽出を試行: data\docs\081220260313581389.zip
[15:50:16] [XBRL] 未知の財務タグ検出: ['tse-ed-t:ChangeInComprehensiveIncome', 'tse-ed-t:ChangeInNetSales', 'tse-ed-t:ChangeInOperatingIncome', 'tse-ed-t:ChangeInOrdinaryIncome', 'tse-ed-t:ChangeInProfitAttributableToOwnersOfParent', 'tse-ed-t:ComprehensiveIncome', 'tse-ed-t:DilutedNetIncomePerShare', 'tse-ed-t:NetIncomePerShare', 'tse-ed-t:ProfitAttributableToOwnersOfParent']
[15:50:16] [XBRL] Summary抽出成功: XBRLData/Summary/tse-qcedjpsm-18400-20260313318400-ixbrl.htm
[15:50:16] [XBRL] Summary不足項目: ['gross_profit', 'cost_of_sales'], PL Attachment候補: 1
[15:50:16] [XBRL] 未知の財務タグ検出: ['jppfs_cor:DividendsIncomeNOI', 'jppfs_cor:ExtraordinaryIncome', 'jppfs_cor:ExtraordinaryLoss', 'jppfs_cor:GainOnSalesOfNoncurrentAssetsEI', 'jppfs_cor:IncomeBeforeIncomeTaxes', 'jppfs_cor:IncomeTaxes', 'jppfs_cor:IncomeTaxesCurrent', 'jppfs_cor:IncomeTaxesDeferred', 'jppfs_cor:InterestIncomeNOI', 'jppfs_cor:LossOnRetirementOfNoncurrentAssetsEL', 'jppfs_cor:NonOperatingExpenses', 'jppfs_cor:NonOperatingIncome', 'jppfs_cor:ProfitLoss', 'jppfs_cor:ProfitLossAttributableToOwnersOfParent']
[15:50:16] [XBRL] PL Attachment抽出成功: XBRLData/Attachment/0102010-qcpl11-tse-qcedjpfr-18400-2026-01-31-01-2026-03-13-ixbrl.htm
[15:50:16] [XBRL] Attachment補完: gross_profit=1261600000
[15:50:16] [XBRL] Attachment補完: cost_of_sales=5252805000
[15:50:16] [抽出] XBRL抽出成功: sales=6514000000, gp=1261600000, op=-753000000
[15:50:16] [INGEST] doc_id=6199df0ea4efcb0a zip_hash=692d4785d3cc73ea365ac2daafdb1471b6e9438d8a13f9c14bfaaf11240d0808 status=success 1840 2026-10-31 1Q sales=6514000000 gp=1261600000 op=-753000000
[15:50:17] [quarantine] 1840: backlog_total: キーワード'受注残高'はあるが合計行が見つからない (DB write skipped \u2014 persist OFF)
[15:50:17] [ORDER] 1840 quarantine: backlog_total: キーワード'受注残高'はあるが合計行が見つからない
[15:50:17] [v2] セグメント抽出成功: 5件, engine=v2, unit=千円, profit_role=segment_profit_like
[15:50:17] [SEGMENT] 1840 1Q リフォーム (注: sales=0.001 profit=None (inserted)
[15:50:17] [SEGMENT] 1840 1Q 事業 (注: sales=0.002 profit=None (inserted)
[15:50:17] [SEGMENT] 1840 1Q 外部顧客への売上高: sales=3272.736 profit=701.721 (inserted)
[15:50:17] [SEGMENT] 1840 1Q （注）: sales=0.001 profit=-73.509 (inserted)
[15:50:17] [SEGMENT] 1840 1Q 告セグメントに配分していない全社費用: sales=-56.94 profit=None (inserted)
[15:50:18] [DL] ダウンロード中: https://webapi.yanoshin.jp/rd.php?https://www.release.tdnet.info/inbs/140120260313581230.pdf
[15:50:18] [DL] 保存完了: data\docs\140120260313581230.pdf (224.1KB)
[15:50:18] [DL] ダウンロード中: https://webapi.yanoshin.jp/rd.php?https://www.release.tdnet.info/inbs/081220260313581230.zip
[15:50:19] [DL] 保存完了: data\docs\081220260313581230.zip (43.3KB)
[15:50:19] [抽出] XBRL抽出を試行: data\docs\081220260313581230.zip
[15:50:19] [XBRL] 未知の財務タグ検出: ['tse-ed-t:ChangeInNetIncome', 'tse-ed-t:ChangeInNetSales', 'tse-ed-t:ChangeInOperatingIncome', 'tse-ed-t:ChangeInOrdinaryIncome', 'tse-ed-t:DilutedNetIncomePerShare', 'tse-ed-t:NetIncome', 'tse-ed-t:NetIncomePerShare']
[15:50:19] [XBRL] Summary抽出成功: XBRLData/Summary/tse-qnedjpsm-212A0-202603133212A0-ixbrl.htm
[15:50:19] [XBRL] Summary不足項目: ['gross_profit', 'cost_of_sales'], PL Attachment候補: 1
[15:50:19] [XBRL] 未知の財務タグ検出: ['jppfs_cor:IncomeBeforeIncomeTaxes', 'jppfs_cor:IncomeTaxes', 'jppfs_cor:InterestIncomeNOI', 'jppfs_cor:NonOperatingExpenses', 'jppfs_cor:NonOperatingIncome', 'jppfs_cor:ProfitLoss']
[15:50:19] [XBRL] PL Attachment抽出成功: XBRLData/Attachment/0102010-qnpl12-tse-qnedjpfr-212A0-2026-01-31-01-2026-03-13-ixbrl.htm
[15:50:19] [XBRL] Attachment補完: gross_profit=1089769000
[15:50:19] [XBRL] Attachment補完: cost_of_sales=2024513000
[15:50:19] [抽出] XBRL抽出成功: sales=3114000000, gp=1089769000, op=720000000
[15:50:19] [INGEST] doc_id=0964339d6827747c zip_hash=17b51120329414189cbc5638153d427a868d8fc35af461ca8ccc362e7712ea4f status=success 212A 2026-10-31 1Q sales=3114000000 gp=1089769000 op=720000000
[15:50:19] [v2] セグメント抽出成功: 17件, engine=v2, unit=千円, profit_role=
[15:50:19] [SEGMENT] 212A 1Q 前第: sales=0.001 profit=None (inserted)
[15:50:19] [SEGMENT] 212A 1Q (自: sales=2.024 profit=None (inserted)
[15:50:19] [SEGMENT] 212A 1Q 売上高: sales=2067.813 profit=None (inserted)
[15:50:19] [SEGMENT] 212A 1Q 売上原価: sales=1311.6490000000001 profit=None (inserted)
[15:50:19] [SEGMENT] 212A 1Q 売上総利益: sales=756.163 profit=None (inserted)
[15:50:19] [SEGMENT] 212A 1Q 販売費及び一般管理費: sales=209.257 profit=None (inserted)
[15:50:19] [SEGMENT] 212A 1Q 営業利益: sales=546.9060000000001 profit=None (inserted)
[15:50:19] [SEGMENT] 212A 1Q 受取利息: sales=0.672 profit=None (inserted)
[15:50:19] [SEGMENT] 212A 1Q 受取手数料: sales=2.1670000000000003 profit=None (inserted)
[15:50:19] [SEGMENT] 212A 1Q その他: sales=0.157 profit=None (inserted)
[15:50:19] [SEGMENT] 212A 1Q 支払利息: sales=1.698 profit=None (inserted)
[15:50:19] [SEGMENT] 212A 1Q 支払保証料: sales=0.8290000000000001 profit=None (inserted)
[15:50:19] [SEGMENT] 212A 1Q その他: sales=0.038 profit=None (updated)
[15:50:19] [SEGMENT] 212A 1Q 経常利益: sales=547.336 profit=None (inserted)
[15:50:19] [SEGMENT] 212A 1Q 税引前四半期純利益: sales=547.336 profit=None (inserted)
[15:50:19] [SEGMENT] 212A 1Q 法人税等: sales=183.097 profit=None (inserted)
[15:50:19] [SEGMENT] 212A 1Q 四半期純利益: sales=364.23900000000003 profit=None (inserted)
[15:50:20] [DL] ダウンロード中: https://webapi.yanoshin.jp/rd.php?https://www.release.tdnet.info/inbs/140120260313581070.pdf
[15:50:20] [DL] 保存完了: data\docs\140120260313581070.pdf (8416.9KB)
[15:50:20] [抽出] SKIP_PDF_NOT_TANSHIN: title=2026年10月期　第１四半期決算説明資料
[15:50:20] [INGEST] doc_id=3f144949896df324 status=skipped_not_tanshin title=2026年10月期　第１四半期決算説明資料
[15:50:20] [DL] ダウンロード中: https://webapi.yanoshin.jp/rd.php?https://www.release.tdnet.info/inbs/140120260312580243.pdf
[15:50:21] [DL] 保存完了: data\docs\140120260312580243.pdf (342.6KB)
[15:50:21] [DL] ダウンロード中: https://webapi.yanoshin.jp/rd.php?https://www.release.tdnet.info/inbs/081220260312580243.zip
[15:50:21] [DL] 保存完了: data\docs\081220260312580243.zip (98.4KB)
[15:50:21] [抽出] XBRL抽出を試行: data\docs\081220260312580243.zip
[15:50:21] [XBRL] 未知の財務タグ検出: ['tse-ed-t:CashFlowsFromOperatingActivities', 'tse-ed-t:ChangeInComprehensiveIncome', 'tse-ed-t:ChangeInNetIncome', 'tse-ed-t:ChangeInNetSales', 'tse-ed-t:ChangeInOperatingIncome', 'tse-ed-t:ChangeInOrdinaryIncome', 'tse-ed-t:ChangeInProfitAttributableToOwnersOfParent', 'tse-ed-t:ComprehensiveIncome', 'tse-ed-t:DilutedNetIncomePerShare', 'tse-ed-t:InvestmentProfitLossOnEquityMethod', 'tse-ed-t:NetIncome', 'tse-ed-t:NetIncomePerShare', 'tse-ed-t:NetIncomeToShareholdersEquityRatio', 'tse-ed-t:OperatingIncomeToNetSalesRatio', 'tse-ed-t:OrdinaryIncomeToTotalAssetsRatio', 'tse-ed-t:ProfitAttributableToOwnersOfParent']
[15:50:21] [XBRL] Summary抽出成功: XBRLData/Summary/tse-acedjpsm-22170-20260313322170-ixbrl.htm
[15:50:21] [XBRL] Summary不足項目: ['gross_profit', 'cost_of_sales'], PL Attachment候補: 1
[15:50:21] [XBRL] 未知の財務タグ検出: ['jppfs_cor:DividendsIncomeNOI', 'jppfs_cor:ElectricitySaleIncomeNOI', 'jppfs_cor:ExtraordinaryIncome', 'jppfs_cor:ExtraordinaryLoss', 'jppfs_cor:GainOnSalesOfInvestmentSecuritiesEI', 'jppfs_cor:ImpairmentLossEL', 'jppfs_cor:IncomeBeforeIncomeTaxes', 'jppfs_cor:IncomeTaxes', 'jppfs_cor:IncomeTaxesCurrent', 'jppfs_cor:IncomeTaxesDeferred', 'jppfs_cor:LossOnSalesAndRetirementOfNoncurrentAssetsEL', 'jppfs_cor:NonOperatingExpenses', 'jppfs_cor:NonOperatingIncome', 'jppfs_cor:ProfitLoss', 'jppfs_cor:ProfitLossAttributableToOwnersOfParent']
[15:50:21] [XBRL] PL Attachment抽出成功: XBRLData/Attachment/0102010-acpl01-tse-acedjpfr-22170-2026-01-31-01-2026-03-13-ixbrl.htm
[15:50:21] [XBRL] Attachment補完: gross_profit=17523175000
[15:50:21] [XBRL] Attachment補完: cost_of_sales=18750196000
[15:50:21] [抽出] XBRL抽出成功: sales=36273000000, gp=17523175000, op=1264000000
[15:50:21] [INGEST] doc_id=85e67ddee88850d7 zip_hash=04f0a74edb664eed4a029bb9459921636c282977bd28d1b1e58c1dbf0c467b85 status=parse_failed reason=年度/Q不明: year=R8/1, q=
[15:50:21] [DL] ダウンロード中: https://webapi.yanoshin.jp/rd.php?https://www.release.tdnet.info/inbs/140120260311579492.pdf
[15:50:21] [DL] 保存完了: data\docs\140120260311579492.pdf (218.2KB)
[15:50:21] [DL] ダウンロード中: https://webapi.yanoshin.jp/rd.php?https://www.release.tdnet.info/inbs/081220260311579492.zip
[15:50:22] [DL] 保存完了: data\docs\081220260311579492.zip (58.1KB)
[15:50:22] [抽出] XBRL抽出を試行: data\docs\081220260311579492.zip
[15:50:22] [XBRL] 未知の財務タグ検出: ['tse-ed-t:ChangeInComprehensiveIncome', 'tse-ed-t:ChangeInNetSales', 'tse-ed-t:ChangeInOperatingIncome', 'tse-ed-t:ChangeInOrdinaryIncome', 'tse-ed-t:ChangeInProfitAttributableToOwnersOfParent', 'tse-ed-t:ComprehensiveIncome', 'tse-ed-t:NetIncomePerShare', 'tse-ed-t:ProfitAttributableToOwnersOfParent']
[15:50:22] [XBRL] Summary抽出成功: XBRLData/Summary/tse-qcedjpsm-23730-20260311579492-ixbrl.htm
[15:50:22] [XBRL] Summary不足項目: ['gross_profit', 'cost_of_sales'], PL Attachment候補: 1
[15:50:22] [XBRL] 未知の財務タグ検出: ['jppfs_cor:EquityInLossesOfAffiliatesNOE', 'jppfs_cor:ExtraordinaryIncome', 'jppfs_cor:ExtraordinaryLoss', 'jppfs_cor:GainOnSalesOfNoncurrentAssetsEI', 'jppfs_cor:IncomeBeforeIncomeTaxes', 'jppfs_cor:IncomeTaxes', 'jppfs_cor:InterestIncomeNOI', 'jppfs_cor:LossOnRetirementOfNoncurrentAssetsEL', 'jppfs_cor:LossOnSalesOfNoncurrentAssetsEL', 'jppfs_cor:NonOperatingExpenses', 'jppfs_cor:NonOperatingIncome', 'jppfs_cor:ProfitLoss', 'jppfs_cor:ProfitLossAttributableToNonControllingInterests', 'jppfs_cor:ProfitLossAttributableToOwnersOfParent', 'jppfs_cor:SubsidyIncomeNOI']
[15:50:22] [XBRL] PL Attachment抽出成功: XBRLData/Attachment/0102010-qcpl11-tse-qcedjpfr-23730-2026-01-31-01-2026-03-13-ixbrl.htm
[15:50:22] [XBRL] Attachment補完: gross_profit=2797988000
[15:50:22] [XBRL] Attachment補完: cost_of_sales=9389955000
[15:50:22] [抽出] XBRL抽出成功: sales=12187000000, gp=2797988000, op=224000000
[15:50:22] [INGEST] doc_id=443da36832dc967e zip_hash=547252017cb106600675dbdd53859209fcc23904509a3e4453d579838ab72c87 status=success 2373 2026-10-31 1Q sales=12187000000 gp=2797988000 op=224000000
[15:50:22] [v2] セグメント抽出成功: 10件, engine=v2, unit=千円, profit_role=segment_profit_like
[15:50:22] [SEGMENT] 2373 1Q I 前第: sales=0.001 profit=2.024 (inserted)
[15:50:22] [SEGMENT] 2373 1Q 在宅系 施設系: sales=0.001 profit=0.002 (inserted)
[15:50:22] [SEGMENT] 2373 1Q 介護事業 介護: sales=0.003 profit=None (inserted)
[15:50:22] [SEGMENT] 2373 1Q 外部顧客への売上高: sales=3701.033 profit=6241.655 (inserted)
[15:50:22] [SEGMENT] 2373 1Q （注）: sales=0.001 profit=None (inserted)
[15:50:22] [SEGMENT] 2373 1Q 在宅系 施設系: sales=0.001 profit=0.002 (updated)
[15:50:22] [SEGMENT] 2373 1Q 介護事業 介護: sales=0.003 profit=None (updated)
[15:50:22] [SEGMENT] 2373 1Q 外部顧客への売上高: sales=3726.701 profit=6722.296 (updated)
[15:50:22] [SEGMENT] 2373 1Q セグメント利益: sales=754.147 profit=597.207 (inserted)
[15:50:22] [SEGMENT] 2373 1Q （注）: sales=0.001 profit=None (updated)
[15:50:23] [DL] ダウンロード中: https://webapi.yanoshin.jp/rd.php?https://www.release.tdnet.info/inbs/140120260310579032.pdf
[15:50:23] [DL] 保存完了: data\docs\140120260310579032.pdf (285.2KB)
[15:50:23] [DL] ダウンロード中: https://webapi.yanoshin.jp/rd.php?https://www.release.tdnet.info/inbs/081220260310579032.zip
[15:50:23] [DL] 保存完了: data\docs\081220260310579032.zip (60.7KB)
[15:50:23] [抽出] XBRL抽出を試行: data\docs\081220260310579032.zip
[15:50:23] [XBRL] 未知の財務タグ検出: ['tse-ed-t:ChangeInComprehensiveIncome', 'tse-ed-t:ChangeInNetSales', 'tse-ed-t:ChangeInOperatingIncome', 'tse-ed-t:ChangeInOrdinaryIncome', 'tse-ed-t:ChangeInProfitAttributableToOwnersOfParent', 'tse-ed-t:ComprehensiveIncome', 'tse-ed-t:DilutedNetIncomePerShare', 'tse-ed-t:NetIncomePerShare', 'tse-ed-t:ProfitAttributableToOwnersOfParent']
[15:50:23] [XBRL] Summary抽出成功: XBRLData/Summary/tse-scedjpsy-24240-20260313324240-ixbrl.htm
[15:50:23] [XBRL] Summary不足項目: ['gross_profit', 'cost_of_sales'], PL Attachment候補: 1
[15:50:23] [XBRL] 未知の財務タグ検出: ['jppfs_cor:ExtraordinaryLoss', 'jppfs_cor:IncomeBeforeIncomeTaxes', 'jppfs_cor:IncomeTaxes', 'jppfs_cor:IncomeTaxesCurrent', 'jppfs_cor:IncomeTaxesDeferred', 'jppfs_cor:InterestIncomeNOI', 'jppfs_cor:LossOnRetirementOfNoncurrentAssetsEL', 'jppfs_cor:NonOperatingExpenses', 'jppfs_cor:NonOperatingIncome', 'jppfs_cor:ProfitLoss', 'jppfs_cor:ProfitLossAttributableToNonControllingInterests', 'jppfs_cor:ProfitLossAttributableToOwnersOfParent', 'jppfs_cor:RentIncomeNOI']
[15:50:23] [XBRL] PL Attachment抽出成功: XBRLData/Attachment/0102010-scpl15-tse-scedjpfr-24240-2026-01-31-01-2026-03-13-ixbrl.htm
[15:50:23] [XBRL] Attachment補完: gross_profit=4304740000
[15:50:23] [XBRL] Attachment補完: cost_of_sales=2157110000
[15:50:23] [抽出] XBRL抽出成功: sales=6911000000, gp=4304740000, op=258000000
[15:50:23] [INGEST] doc_id=77617538111fc654 zip_hash=ca8914661b6213fce24422b9607fa266127f6df2cb5394465adff9b3efe8d065 status=success 2424 2026-07-31 2Q sales=6911000000 gp=4304740000 op=258000000
[15:50:24] [v2] セグメント抽出成功: 17件, engine=v2, unit=千円, profit_role=
[15:50:24] [SEGMENT] 2424 2Q (自: sales=2.024 profit=None (inserted)
[15:50:24] [SEGMENT] 2424 2Q 売上高: sales=6461.85 profit=None (inserted)
[15:50:24] [SEGMENT] 2424 2Q 売上原価: sales=2157.11 profit=None (inserted)
[15:50:24] [SEGMENT] 2424 2Q 売上総利益: sales=4304.74 profit=None (inserted)
[15:50:24] [SEGMENT] 2424 2Q 販売費及び一般管理費: sales=3958.5190000000002 profit=None (inserted)
[15:50:24] [SEGMENT] 2424 2Q 営業利益: sales=346.221 profit=None (inserted)
[15:50:24] [SEGMENT] 2424 2Q 受取利息: sales=0.152 profit=None (inserted)
[15:50:24] [SEGMENT] 2424 2Q 受取賃貸料: sales=27.227 profit=None (inserted)
[15:50:24] [SEGMENT] 2424 2Q その他: sales=3.037 profit=None (inserted)
[15:50:24] [SEGMENT] 2424 2Q 支払利息: sales=14.529 profit=None (inserted)
[15:50:24] [SEGMENT] 2424 2Q その他: sales=0.063 profit=None (updated)
[15:50:24] [SEGMENT] 2424 2Q 経常利益: sales=362.046 profit=None (inserted)
[15:50:24] [SEGMENT] 2424 2Q 固定資産除却損: sales=0.126 profit=None (inserted)
[15:50:24] [SEGMENT] 2424 2Q 税金等調整前中間純利益: sales=361.919 profit=None (inserted)
[15:50:24] [SEGMENT] 2424 2Q 法人税、住民税及び事業税: sales=150.304 profit=None (inserted)
[15:50:24] [SEGMENT] 2424 2Q 中間純利益: sales=235.166 profit=None (inserted)
[15:50:24] [SEGMENT] 2424 2Q 親会社株主に帰属する中間純利益: sales=235.166 profit=None (inserted)
[15:50:25] [DL] ダウンロード中: https://webapi.yanoshin.jp/rd.php?https://www.release.tdnet.info/inbs/140120260310579038.pdf
[15:50:26] [DL] 保存完了: data\docs\140120260310579038.pdf (7530.6KB)
[15:50:26] [抽出] SKIP_PDF_NOT_TANSHIN: title=2026年７月期　第２四半期決算補足説明資料
[15:50:26] [INGEST] doc_id=2435c857359954ea status=skipped_not_tanshin title=2026年７月期　第２四半期決算補足説明資料
[15:50:26] [DL] ダウンロード中: https://webapi.yanoshin.jp/rd.php?https://www.release.tdnet.info/inbs/140120260312580647.pdf
[15:50:27] [DL] 保存完了: data\docs\140120260312580647.pdf (259.7KB)
[15:50:27] [DL] ダウンロード中: https://webapi.yanoshin.jp/rd.php?https://www.release.tdnet.info/inbs/081220260312580647.zip
[15:50:27] [DL] 保存完了: data\docs\081220260312580647.zip (56.8KB)
[15:50:27] [抽出] XBRL抽出を試行: data\docs\081220260312580647.zip
[15:50:27] [XBRL] 未知の財務タグ検出: ['tse-ed-t:ChangeInComprehensiveIncome', 'tse-ed-t:ChangeInNetSales', 'tse-ed-t:ChangeInOperatingIncome', 'tse-ed-t:ChangeInOrdinaryIncome', 'tse-ed-t:ChangeInProfitAttributableToOwnersOfParent', 'tse-ed-t:ComprehensiveIncome', 'tse-ed-t:DilutedNetIncomePerShare', 'tse-ed-t:NetIncomePerShare', 'tse-ed-t:ProfitAttributableToOwnersOfParent']
[15:50:27] [XBRL] Summary抽出成功: XBRLData/Summary/tse-qcedjpsm-26950-20260313326950-ixbrl.htm
[15:50:27] [XBRL] Summary不足項目: ['gross_profit', 'cost_of_sales'], PL Attachment候補: 1
[15:50:27] [XBRL] 未知の財務タグ検出: ['jppfs_cor:ExtraordinaryLoss', 'jppfs_cor:IncomeBeforeIncomeTaxes', 'jppfs_cor:IncomeTaxes', 'jppfs_cor:IncomeTaxesCurrent', 'jppfs_cor:IncomeTaxesDeferred', 'jppfs_cor:InterestIncomeNOI', 'jppfs_cor:LossOnRetirementOfNoncurrentAssetsEL', 'jppfs_cor:MiscellaneousIncomeNOI', 'jppfs_cor:MiscellaneousLossNOE', 'jppfs_cor:NonOperatingExpenses', 'jppfs_cor:NonOperatingIncome', 'jppfs_cor:ProfitLoss', 'jppfs_cor:ProfitLossAttributableToNonControllingInterests', 'jppfs_cor:ProfitLossAttributableToOwnersOfParent']
[15:50:27] [XBRL] PL Attachment抽出成功: XBRLData/Attachment/0102010-qcpl11-tse-qcedjpfr-26950-2026-01-31-01-2026-03-13-ixbrl.htm
[15:50:27] [XBRL] Attachment補完: gross_profit=36893000000
[15:50:27] [XBRL] Attachment補完: cost_of_sales=26028000000
[15:50:27] [抽出] XBRL抽出成功: sales=62921000000, gp=36893000000, op=1507000000
[15:50:27] [INGEST] doc_id=1734027b1c460206 zip_hash=700772d84df8cdde41be960432f78a73f0c09e0b8dceaa9e7e02efb22b6f66e2 status=success 2695 2026-10-31 1Q sales=62921000000 gp=36893000000 op=1507000000
[15:50:28] [v2] セグメント抽出成功: 28件, engine=v2, unit=百万円, profit_role=operating_profit_like
[15:50:28] [SEGMENT] 2695 1Q 前第: sales=1.0 profit=1.0 (inserted)
[15:50:28] [SEGMENT] 2695 1Q (自: sales=2024.0 profit=11.0 (inserted)
[15:50:28] [SEGMENT] 2695 1Q 売上高: sales=58556.0 profit=62921.0 (inserted)
[15:50:28] [SEGMENT] 2695 1Q 売上原価: sales=24177.0 profit=26028.0 (inserted)
[15:50:28] [SEGMENT] 2695 1Q 売上総利益: sales=34379.0 profit=36893.0 (inserted)
[15:50:28] [SEGMENT] 2695 1Q 販売費及び一般管理費: sales=33052.0 profit=35386.0 (inserted)
[15:50:28] [SEGMENT] 2695 1Q 営業利益: sales=1326.0 profit=1507.0 (inserted)
[15:50:28] [SEGMENT] 2695 1Q 受取利息: sales=100.0 profit=121.0 (inserted)
[15:50:28] [SEGMENT] 2695 1Q 受取手数料: sales=41.0 profit=42.0 (inserted)
[15:50:28] [SEGMENT] 2695 1Q 為替差益: sales=54.0 profit=1.0 (inserted)
[15:50:28] [SEGMENT] 2695 1Q 雑収入: sales=30.0 profit=47.0 (inserted)
[15:50:28] [SEGMENT] 2695 1Q 支払利息: sales=97.0 profit=95.0 (inserted)
[15:50:28] [SEGMENT] 2695 1Q 雑損失: sales=10.0 profit=6.0 (inserted)
[15:50:28] [SEGMENT] 2695 1Q 経常利益: sales=1445.0 profit=1618.0 (inserted)
[15:50:28] [SEGMENT] 2695 1Q 固定資産除却損: sales=9.0 profit=13.0 (inserted)
[15:50:28] [SEGMENT] 2695 1Q 税金等調整前四半期純利益: sales=1435.0 profit=1605.0 (inserted)
[15:50:28] [SEGMENT] 2695 1Q 法人税、住民税及び事業税: sales=327.0 profit=711.0 (inserted)
[15:50:28] [SEGMENT] 2695 1Q 四半期純利益: sales=861.0 profit=802.0 (inserted)
[15:50:28] [SEGMENT] 2695 1Q 非支配株主に帰属する四半期純損失(: sales=-59.0 profit=-273.0 (inserted)
[15:50:28] [SEGMENT] 2695 1Q 親会社株主に帰属する四半期純利益: sales=921.0 profit=1076.0 (inserted)
[15:50:28] [SEGMENT] 2695 1Q 前第: sales=1.0 profit=1.0 (updated)
[15:50:28] [SEGMENT] 2695 1Q (自: sales=2024.0 profit=11.0 (updated)
[15:50:28] [SEGMENT] 2695 1Q 四半期純利益: sales=861.0 profit=802.0 (updated)
[15:50:28] [SEGMENT] 2695 1Q その他有価証券評価差額金: sales=5.0 profit=None (inserted)
[15:50:28] [SEGMENT] 2695 1Q その他の包括利益合計: sales=994.0 profit=2173.0 (inserted)
[15:50:28] [SEGMENT] 2695 1Q 四半期包括利益: sales=1856.0 profit=2976.0 (inserted)
[15:50:28] [SEGMENT] 2695 1Q 親会社株主に係る四半期包括利益: sales=1448.0 profit=2041.0 (inserted)
[15:50:28] [SEGMENT] 2695 1Q 非支配株主に係る四半期包括利益: sales=407.0 profit=935.0 (inserted)
[15:50:28] [DL] ダウンロード中: https://webapi.yanoshin.jp/rd.php?https://www.release.tdnet.info/inbs/140120260312580246.pdf
[15:50:29] [DL] 保存完了: data\docs\140120260312580246.pdf (272.0KB)
[15:50:29] [DL] ダウンロード中: https://webapi.yanoshin.jp/rd.php?https://www.release.tdnet.info/inbs/081220260312580246.zip
[15:50:29] [DL] 保存完了: data\docs\081220260312580246.zip (63.0KB)
[15:50:29] [抽出] XBRL抽出を試行: data\docs\081220260312580246.zip
[15:50:29] [XBRL] 未知の財務タグ検出: ['tse-ed-t:ChangeInComprehensiveIncome', 'tse-ed-t:ChangeInNetSales', 'tse-ed-t:ChangeInOperatingIncome', 'tse-ed-t:ChangeInOrdinaryIncome', 'tse-ed-t:ChangeInProfitAttributableToOwnersOfParent', 'tse-ed-t:ComprehensiveIncome', 'tse-ed-t:DilutedNetIncomePerShare', 'tse-ed-t:NetIncomePerShare', 'tse-ed-t:ProfitAttributableToOwnersOfParent']
[15:50:29] [XBRL] Summary抽出成功: XBRLData/Summary/tse-qcedjpsm-30380-20260313330380-ixbrl.htm
[15:50:29] [XBRL] Summary不足項目: ['gross_profit', 'cost_of_sales'], PL Attachment候補: 1
[15:50:29] [XBRL] 未知の財務タグ検出: ['jppfs_cor:CostOfLeaseRevenueNOE', 'jppfs_cor:ExtraordinaryIncome', 'jppfs_cor:ExtraordinaryLoss', 'jppfs_cor:ForeignExchangeLossesNOE', 'jppfs_cor:GainOnSalesOfNoncurrentAssetsEI', 'jppfs_cor:IncomeBeforeIncomeTaxes', 'jppfs_cor:IncomeTaxes', 'jppfs_cor:IncomeTaxesCurrent', 'jppfs_cor:IncomeTaxesDeferred', 'jppfs_cor:InterestIncomeNOI', 'jppfs_cor:LossOnRetirementOfNoncurrentAssetsEL', 'jppfs_cor:LossOnValuationOfDerivativesNOE', 'jppfs_cor:NonOperatingExpenses', 'jppfs_cor:NonOperatingIncome', 'jppfs_cor:ProfitLoss', 'jppfs_cor:ProfitLossAttributableToOwnersOfParent', 'jppfs_cor:RentIncomeNOI', 'jppfs_cor:SubsidyIncomeNOI']
[15:50:29] [XBRL] PL Attachment抽出成功: XBRLData/Attachment/0102010-qcpl11-tse-qcedjpfr-30380-2026-01-31-01-2026-03-13-ixbrl.htm
[15:50:29] [XBRL] Attachment補完: gross_profit=17820000000
[15:50:29] [XBRL] Attachment補完: cost_of_sales=123778000000
[15:50:29] [抽出] XBRL抽出成功: sales=141598000000, gp=17820000000, op=10945000000
[15:50:29] [INGEST] doc_id=286fbdf0a1a7e141 zip_hash=fbcdc3b15523d1ac0a7d9e8046c74bc19e4c51d3bddb62020b6732cf9020133a status=success 3038 2026-10-31 1Q sales=141598000000 gp=17820000000 op=10945000000
[15:50:30] [v2] セグメント抽出成功: 7件, engine=v2, unit=百万円, profit_role=
[15:50:30] [SEGMENT] 3038 1Q I 前第: sales=1.0 profit=None (inserted)
[15:50:30] [SEGMENT] 3038 1Q スーパー エネルギー 計: sales=1.0 profit=None (inserted)
[15:50:30] [SEGMENT] 3038 1Q 事業: sales=3.0 profit=None (inserted)
[15:50:30] [SEGMENT] 3038 1Q 顧客との契約から生じる収益: sales=127609.0 profit=None (inserted)
[15:50:30] [SEGMENT] 3038 1Q 外部顧客への売上高: sales=127609.0 profit=None (inserted)
[15:50:30] [SEGMENT] 3038 1Q セグメント利益又は損失(: sales=10345.0 profit=None (inserted)
[15:50:30] [SEGMENT] 3038 1Q （注）: sales=1.0 profit=None (inserted)
[15:50:31] [DL] ダウンロード中: https://webapi.yanoshin.jp/rd.php?https://www.release.tdnet.info/inbs/140120260312580260.pdf
[15:50:31] [DL] 保存完了: data\docs\140120260312580260.pdf (1799.9KB)
[15:50:31] [抽出] SKIP_PDF_NOT_TANSHIN: title=2026年10月期 第１四半期 決算説明資料
[15:50:31] [INGEST] doc_id=61115f05deb10312 status=skipped_not_tanshin title=2026年10月期 第１四半期 決算説明資料
[15:50:31] [DL] ダウンロード中: https://webapi.yanoshin.jp/rd.php?https://www.release.tdnet.info/inbs/140120260313581385.pdf
[15:50:31] [DL] 保存完了: data\docs\140120260313581385.pdf (758.5KB)
[15:50:31] [DL] ダウンロード中: https://webapi.yanoshin.jp/rd.php?https://www.release.tdnet.info/inbs/081220260313581385.zip
[15:50:31] [DL] 保存完了: data\docs\081220260313581385.zip (115.3KB)
[15:50:32] [抽出] XBRL抽出を試行: data\docs\081220260313581385.zip
[15:50:32] [XBRL] 未知の財務タグ検出: ['tse-ed-t:CashFlowsFromOperatingActivities', 'tse-ed-t:ChangeInComprehensiveIncome', 'tse-ed-t:ChangeInNetIncome', 'tse-ed-t:ChangeInNetSales', 'tse-ed-t:ChangeInOperatingIncome', 'tse-ed-t:ChangeInOrdinaryIncome', 'tse-ed-t:ChangeInProfitAttributableToOwnersOfParent', 'tse-ed-t:ComprehensiveIncome', 'tse-ed-t:DilutedNetIncomePerShare', 'tse-ed-t:InvestmentProfitLossOnEquityMethod', 'tse-ed-t:NetIncome', 'tse-ed-t:NetIncomePerShare', 'tse-ed-t:NetIncomeToShareholdersEquityRatio', 'tse-ed-t:OperatingIncomeToNetSalesRatio', 'tse-ed-t:OrdinaryIncomeToTotalAssetsRatio', 'tse-ed-t:ProfitAttributableToOwnersOfParent']
[15:50:32] [XBRL] Summary抽出成功: XBRLData/Summary/tse-acedjpsm-30700-20260313330700-ixbrl.htm
[15:50:32] [XBRL] Summary不足項目: ['gross_profit', 'cost_of_sales'], PL Attachment候補: 1
[15:50:32] [XBRL] 未知の財務タグ検出: ['jppfs_cor:DividendsIncomeNOI', 'jppfs_cor:ExtraordinaryIncome', 'jppfs_cor:ExtraordinaryLoss', 'jppfs_cor:ForeignExchangeLossesNOE', 'jppfs_cor:ImpairmentLossEL', 'jppfs_cor:IncomeBeforeIncomeTaxes', 'jppfs_cor:IncomeTaxes', 'jppfs_cor:IncomeTaxesCurrent', 'jppfs_cor:IncomeTaxesDeferred', 'jppfs_cor:InterestIncomeNOI', 'jppfs_cor:LossOnRetirementOfNoncurrentAssetsEL', 'jppfs_cor:LossOnValuationOfInvestmentSecuritiesEL', 'jppfs_cor:MiscellaneousIncomeNOI', 'jppfs_cor:NonOperatingExpenses', 'jppfs_cor:NonOperatingIncome', 'jppfs_cor:ProfitLoss', 'jppfs_cor:ProfitLossAttributableToOwnersOfParent', 'tse-acedjpfr-30700:CompensationForDamageIncomeEI']
[15:50:32] [XBRL] PL Attachment抽出成功: XBRLData/Attachment/0301000-acpl01-tse-acedjpfr-30700-2026-01-31-01-2026-03-13-ixbrl.htm
[15:50:32] [XBRL] Attachment補完: gross_profit=1356709000
[15:50:32] [XBRL] Attachment補完: cost_of_sales=2234519000
[15:50:32] [抽出] XBRL抽出成功: sales=3591000000, gp=1356709000, op=-59000000
[15:50:32] [INGEST] doc_id=81e2925c21f357a4 zip_hash=181877f0392c9df1fbdabc40abe0624c84fb1e23ec41342142fe3457aaaf0d3a status=parse_failed reason=年度/Q不明: year=R8/1, q=
[15:50:32] [DL] ダウンロード中: https://webapi.yanoshin.jp/rd.php?https://www.release.tdnet.info/inbs/140120260313581418.pdf
[15:50:32] [DL] 保存完了: data\docs\140120260313581418.pdf (5894.1KB)
[15:50:32] [抽出] SKIP_PDF_NOT_TANSHIN: title=2026年４月期　第３四半期決算説明資料
[15:50:32] [INGEST] doc_id=638b8c0a8c1ee3f8 status=skipped_not_tanshin title=2026年４月期　第３四半期決算説明資料
[15:50:32] [DL] ダウンロード中: https://webapi.yanoshin.jp/rd.php?https://www.release.tdnet.info/inbs/140120260313581414.pdf
[15:50:33] [DL] 保存完了: data\docs\140120260313581414.pdf (581.2KB)
[15:50:33] [DL] ダウンロード中: https://webapi.yanoshin.jp/rd.php?https://www.release.tdnet.info/inbs/081220260313581414.zip
[15:50:33] [DL] 保存完了: data\docs\081220260313581414.zip (69.6KB)
[15:50:33] [抽出] XBRL抽出を試行: data\docs\081220260313581414.zip
[15:50:33] [XBRL] 未知の財務タグ検出: ['tse-ed-t:ChangeInComprehensiveIncome', 'tse-ed-t:ChangeInNetSales', 'tse-ed-t:ChangeInOperatingIncome', 'tse-ed-t:ChangeInOrdinaryIncome', 'tse-ed-t:ChangeInProfitAttributableToOwnersOfParent', 'tse-ed-t:ComprehensiveIncome', 'tse-ed-t:DilutedNetIncomePerShare', 'tse-ed-t:NetIncomePerShare', 'tse-ed-t:ProfitAttributableToOwnersOfParent']
[15:50:33] [XBRL] Summary抽出成功: XBRLData/Summary/tse-qcedjpsm-31340-20260313331340-ixbrl.htm
[15:50:33] [XBRL] Summary不足項目: ['gross_profit', 'cost_of_sales'], PL Attachment候補: 1
[15:50:33] [XBRL] 未知の財務タグ検出: ['jppfs_cor:CompensationIncomeNOI', 'jppfs_cor:EquityInLossesOfAffiliatesNOE', 'jppfs_cor:ExtraordinaryIncome', 'jppfs_cor:ExtraordinaryLoss', 'jppfs_cor:GainOnSalesOfInvestmentSecuritiesEI', 'jppfs_cor:GainOnSalesOfNoncurrentAssetsEI', 'jppfs_cor:IncomeBeforeIncomeTaxes', 'jppfs_cor:IncomeTaxes', 'jppfs_cor:IncomeTaxesCurrent', 'jppfs_cor:IncomeTaxesDeferred', 'jppfs_cor:InterestIncomeNOI', 'jppfs_cor:LossOnRetirementOfNoncurrentAssetsEL', 'jppfs_cor:LossOnSalesOfInvestmentSecuritiesEL', 'jppfs_cor:LossOnValuationOfInvestmentSecuritiesEL', 'jppfs_cor:LossOnValuationOfStocksOfSubsidiariesAndAffiliatesEL', 'jppfs_cor:NonOperatingExpenses', 'jppfs_cor:NonOperatingIncome', 'jppfs_cor:ProfitLoss', 'jppfs_cor:ProfitLossAttributableToOwnersOfParent']
[15:50:33] [XBRL] PL Attachment抽出成功: XBRLData/Attachment/0600000-qcpl11-tse-qcedjpfr-31340-2026-01-31-01-2026-03-13-ixbrl.htm
[15:50:33] [XBRL] Attachment補完: gross_profit=9893379000
[15:50:33] [XBRL] Attachment補完: cost_of_sales=7032965000
[15:50:33] [抽出] XBRL抽出成功: sales=16926000000, gp=9893379000, op=799000000
[15:50:33] [INGEST] doc_id=f2d599ef91e99304 zip_hash=60b593811e9bcbd82f27c792e1e8f4194d32fd1fd9ed211b2b916dfc6abbaf8d status=success 3134 2026-04-30 3Q sales=16926000000 gp=9893379000 op=799000000
[15:50:35] [v2] セグメント抽出成功: 6件, engine=v2, unit=千円, profit_role=
[15:50:35] [SEGMENT] 3134 3Q I 前第: sales=0.003 profit=None (inserted)
[15:50:35] [SEGMENT] 3134 3Q プラット: sales=0.001 profit=None (inserted)
[15:50:35] [SEGMENT] 3134 3Q フォーム: sales=0.002 profit=None (inserted)
[15:50:35] [SEGMENT] 3134 3Q 外部顧客への売上高: sales=14329.912 profit=None (inserted)
[15:50:35] [SEGMENT] 3134 3Q セグメント利益: sales=1536.116 profit=None (inserted)
[15:50:35] [SEGMENT] 3134 3Q (注): sales=0.001 profit=None (inserted)
[15:50:37] [DL] ダウンロード中: https://webapi.yanoshin.jp/rd.php?https://www.release.tdnet.info/inbs/140120260313581638.pdf
[15:50:37] [DL] 保存完了: data\docs\140120260313581638.pdf (539.3KB)
[15:50:37] [DL] ダウンロード中: https://webapi.yanoshin.jp/rd.php?https://www.release.tdnet.info/inbs/081220260313581638.zip
[15:50:37] [DL] 保存完了: data\docs\081220260313581638.zip (118.0KB)
[15:50:37] [抽出] XBRL抽出を試行: data\docs\081220260313581638.zip
[15:50:37] [XBRL] 未知の財務タグ検出: ['tse-ed-t:CashFlowsFromOperatingActivities', 'tse-ed-t:ChangeInComprehensiveIncome', 'tse-ed-t:ChangeInNetIncome', 'tse-ed-t:ChangeInNetSales', 'tse-ed-t:ChangeInOperatingIncome', 'tse-ed-t:ChangeInOrdinaryIncome', 'tse-ed-t:ChangeInProfitAttributableToOwnersOfParent', 'tse-ed-t:ComprehensiveIncome', 'tse-ed-t:DilutedNetIncomePerShare', 'tse-ed-t:InvestmentProfitLossOnEquityMethod', 'tse-ed-t:NetIncome', 'tse-ed-t:NetIncomePerShare', 'tse-ed-t:NetIncomeToShareholdersEquityRatio', 'tse-ed-t:OperatingIncomeToNetSalesRatio', 'tse-ed-t:OrdinaryIncomeToTotalAssetsRatio', 'tse-ed-t:ProfitAttributableToOwnersOfParent']
[15:50:37] [XBRL] Summary抽出成功: XBRLData/Summary/tse-acedjpsm-31590-20260313331590-ixbrl.htm
[15:50:37] [XBRL] Summary不足項目: ['gross_profit', 'cost_of_sales'], PL Attachment候補: 1
[15:50:37] [XBRL] 未知の財務タグ検出: ['jppfs_cor:CompensationIncomeEI', 'jppfs_cor:DividendsIncomeNOI', 'jppfs_cor:ExtraordinaryIncome', 'jppfs_cor:ExtraordinaryLoss', 'jppfs_cor:GainOnSalesOfInvestmentSecuritiesEI', 'jppfs_cor:GainOnSalesOfNoncurrentAssetsEI', 'jppfs_cor:ImpairmentLossEL', 'jppfs_cor:IncomeBeforeIncomeTaxes', 'jppfs_cor:IncomeTaxes', 'jppfs_cor:IncomeTaxesCurrent', 'jppfs_cor:IncomeTaxesDeferred', 'jppfs_cor:InterestIncomeNOI', 'jppfs_cor:LossOnRetirementOfNoncurrentAssetsEL', 'jppfs_cor:LossOnSalesOfNoncurrentAssetsEL', 'jppfs_cor:NonOperatingExpenses', 'jppfs_cor:NonOperatingIncome', 'jppfs_cor:ProfitLoss', 'jppfs_cor:ProfitLossAttributableToNonControllingInterests', 'jppfs_cor:ProfitLossAttributableToOwnersOfParent', 'jppfs_cor:SalesCommissionSGA', 'jppfs_cor:SubsidyIncome2EI', 'tse-acedjpfr-31590:CompensationLossEL']
[15:50:37] [XBRL] PL Attachment抽出成功: XBRLData/Attachment/0102010-acpl01-tse-acedjpfr-31590-2026-01-31-01-2026-03-13-ixbrl.htm
[15:50:37] [XBRL] Attachment補完: gross_profit=48221000000
[15:50:37] [XBRL] Attachment補完: cost_of_sales=136832000000
[15:50:37] [抽出] XBRL抽出成功: sales=185053000000, gp=48221000000, op=5593000000
[15:50:37] [INGEST] doc_id=84488d0b53a59fac zip_hash=19fd783a81c34336a61b9bf1f00d44a69762ae3d418163f9cba00f910dc343c0 status=parse_failed reason=年度/Q不明: year=R8/1, q=
[15:50:37] [DL] ダウンロード中: https://webapi.yanoshin.jp/rd.php?https://www.release.tdnet.info/inbs/140120260204547727.pdf
[15:50:38] [DL] 保存完了: data\docs\140120260204547727.pdf (271.9KB)
[15:50:38] [DL] ダウンロード中: https://webapi.yanoshin.jp/rd.php?https://www.release.tdnet.info/inbs/081220260204547727.zip
[15:50:38] [DL] 保存完了: data\docs\081220260204547727.zip (64.6KB)
[15:50:38] [抽出] XBRL抽出を試行: data\docs\081220260204547727.zip
[15:50:38] [XBRL] 未知の財務タグ検出: ['tse-ed-t:ChangeInComprehensiveIncome', 'tse-ed-t:ChangeInNetSales', 'tse-ed-t:ChangeInOperatingIncome', 'tse-ed-t:ChangeInOrdinaryIncome', 'tse-ed-t:ChangeInProfitAttributableToOwnersOfParent', 'tse-ed-t:ComprehensiveIncome', 'tse-ed-t:DilutedNetIncomePerShare', 'tse-ed-t:NetIncomePerShare', 'tse-ed-t:ProfitAttributableToOwnersOfParent']
[15:50:38] [XBRL] Summary抽出成功: XBRLData/Summary/tse-scedjpsy-31930-20260313331930-ixbrl.htm
[15:50:38] [XBRL] Summary不足項目: ['gross_profit', 'cost_of_sales'], PL Attachment候補: 1
[15:50:38] [XBRL] 未知の財務タグ検出: ['jppfs_cor:EquityInLossesOfAffiliatesNOE', 'jppfs_cor:ExtraordinaryIncome', 'jppfs_cor:ExtraordinaryLoss', 'jppfs_cor:ForeignExchangeLossesNOE', 'jppfs_cor:ImpairmentLossEL', 'jppfs_cor:IncomeBeforeIncomeTaxes', 'jppfs_cor:IncomeTaxes', 'jppfs_cor:IncomeTaxesCurrent', 'jppfs_cor:IncomeTaxesDeferred', 'jppfs_cor:InterestIncomeNOI', 'jppfs_cor:LossOnClosingOfStoresEL', 'jppfs_cor:LossOnRetirementOfNoncurrentAssetsEL', 'jppfs_cor:LossOnSalesOfNoncurrentAssetsEL', 'jppfs_cor:NonOperatingExpenses', 'jppfs_cor:NonOperatingIncome', 'jppfs_cor:ProfitLoss', 'jppfs_cor:ProfitLossAttributableToOwnersOfParent']
[15:50:38] [XBRL] PL Attachment抽出成功: XBRLData/Attachment/0102010-scpl15-tse-scedjpfr-31930-2026-01-31-01-2026-03-13-ixbrl.htm
[15:50:38] [XBRL] Attachment補完: gross_profit=15326891000
[15:50:38] [XBRL] Attachment補完: cost_of_sales=6859629000
[15:50:38] [抽出] XBRL抽出成功: sales=25393000000, gp=15326891000, op=1617000000
[15:50:38] [INGEST] doc_id=2094cc07bba0ca1d zip_hash=fe694e69f94c17a4ab61950df55d0e4016a55f4e28738c42f334ab99ec186b5d status=success 3193 2026-07-31 2Q sales=25393000000 gp=15326891000 op=1617000000
[15:50:39] [v2] セグメント抽出成功: 25件, engine=v2, unit=千円, profit_role=
[15:50:39] [SEGMENT] 3193 2Q (自: sales=2.024 profit=None (inserted)
[15:50:39] [SEGMENT] 3193 2Q 売上高: sales=22186.521 profit=None (inserted)
[15:50:39] [SEGMENT] 3193 2Q 売上原価: sales=6859.629 profit=None (inserted)
[15:50:39] [SEGMENT] 3193 2Q 売上総利益: sales=15326.891 profit=None (inserted)
[15:50:39] [SEGMENT] 3193 2Q 販売費及び一般管理費: sales=14006.773000000001 profit=None (inserted)
[15:50:39] [SEGMENT] 3193 2Q 営業利益: sales=1320.118 profit=None (inserted)
[15:50:39] [SEGMENT] 3193 2Q 受取利息: sales=0.635 profit=None (inserted)
[15:50:39] [SEGMENT] 3193 2Q 保険解約返戻金: sales=17.645 profit=None (inserted)
[15:50:39] [SEGMENT] 3193 2Q 為替差益: sales=23.441 profit=None (inserted)
[15:50:39] [SEGMENT] 3193 2Q その他: sales=15.006 profit=None (inserted)
[15:50:39] [SEGMENT] 3193 2Q 支払利息: sales=10.884 profit=None (inserted)
[15:50:39] [SEGMENT] 3193 2Q 為替差損: sales=6.5 profit=None (inserted)
[15:50:39] [SEGMENT] 3193 2Q 支払手数料: sales=4.183 profit=None (inserted)
[15:50:39] [SEGMENT] 3193 2Q 持分法による投資損失: sales=6.988 profit=None (inserted)
[15:50:39] [SEGMENT] 3193 2Q その他: sales=1.17 profit=None (updated)
[15:50:39] [SEGMENT] 3193 2Q 経常利益: sales=1330.664 profit=None (inserted)
[15:50:39] [SEGMENT] 3193 2Q 移転補償金: sales=101.518 profit=None (inserted)
[15:50:39] [SEGMENT] 3193 2Q 固定資産売却損: sales=0.928 profit=None (inserted)
[15:50:39] [SEGMENT] 3193 2Q 固定資産除却損: sales=1.967 profit=None (inserted)
[15:50:39] [SEGMENT] 3193 2Q 減損損失: sales=11.040000000000001 profit=None (inserted)
[15:50:39] [SEGMENT] 3193 2Q 店舗閉鎖損失: sales=16.271 profit=None (inserted)
[15:50:39] [SEGMENT] 3193 2Q 税金等調整前中間純利益: sales=1300.4560000000001 profit=None (inserted)
[15:50:39] [SEGMENT] 3193 2Q 法人税、住民税及び事業税: sales=349.851 profit=None (inserted)
[15:50:39] [SEGMENT] 3193 2Q 中間純利益: sales=755.134 profit=None (inserted)
[15:50:39] [SEGMENT] 3193 2Q 親会社株主に帰属する中間純利益: sales=755.134 profit=None (inserted)
[15:50:39] [DL] ダウンロード中: https://webapi.yanoshin.jp/rd.php?https://www.release.tdnet.info/inbs/140120260313581595.pdf
[15:50:40] [DL] 保存完了: data\docs\140120260313581595.pdf (500.0KB)
[15:50:40] [DL] ダウンロード中: https://webapi.yanoshin.jp/rd.php?https://www.release.tdnet.info/inbs/081220260313581595.zip
[15:50:41] [DL] 保存完了: data\docs\081220260313581595.zip (49.2KB)
[15:50:41] [抽出] XBRL抽出を試行: data\docs\081220260313581595.zip
[15:50:41] [XBRL] 未知の財務タグ検出: ['tse-ed-t:ChangeInNetIncome', 'tse-ed-t:ChangeInNetSales', 'tse-ed-t:ChangeInOperatingIncome', 'tse-ed-t:ChangeInOrdinaryIncome', 'tse-ed-t:DilutedNetIncomePerShare', 'tse-ed-t:NetIncome', 'tse-ed-t:NetIncomePerShare']
[15:50:41] [XBRL] Summary抽出成功: XBRLData/Summary/tse-qnedjpsm-324A0-202603133324A0-ixbrl.htm
[15:50:41] [XBRL] Summary不足項目: ['gross_profit', 'cost_of_sales'], PL Attachment候補: 1
[15:50:41] [XBRL] 未知の財務タグ検出: ['jppfs_cor:ForeignExchangeLossesNOE', 'jppfs_cor:IncomeBeforeIncomeTaxes', 'jppfs_cor:IncomeTaxes', 'jppfs_cor:IncomeTaxesCurrent', 'jppfs_cor:IncomeTaxesDeferred', 'jppfs_cor:InterestIncomeNOI', 'jppfs_cor:MiscellaneousIncomeNOI', 'jppfs_cor:NonOperatingExpenses', 'jppfs_cor:NonOperatingIncome', 'jppfs_cor:ProfitLoss']
[15:50:41] [XBRL] PL Attachment抽出成功: XBRLData/Attachment/1500000-qnpl12-tse-qnedjpfr-324A0-2026-01-31-01-2026-03-13-ixbrl.htm
[15:50:41] [XBRL] Attachment補完: gross_profit=963841000
[15:50:41] [XBRL] Attachment補完: cost_of_sales=367821000
[15:50:41] [抽出] XBRL抽出成功: sales=1331000000, gp=963841000, op=455000000
[15:50:41] [INGEST] doc_id=d1a8685af37f5880 zip_hash=70260a680083d950d167e58b9d19740231a28f829bf1db7f0c442a2be18fe413 status=success 324A 2026-04-30 3Q sales=1331000000 gp=963841000 op=455000000
[15:50:43] [v2] セグメント抽出成功: 18件, engine=v2, unit=千円, profit_role=
[15:50:43] [SEGMENT] 324A 3Q 前第: sales=0.003 profit=None (inserted)
[15:50:43] [SEGMENT] 324A 3Q (自: sales=2.024 profit=None (inserted)
[15:50:43] [SEGMENT] 324A 3Q 売上高: sales=1145.792 profit=None (inserted)
[15:50:43] [SEGMENT] 324A 3Q 売上原価: sales=332.108 profit=None (inserted)
[15:50:43] [SEGMENT] 324A 3Q 売上総利益: sales=813.683 profit=None (inserted)
[15:50:43] [SEGMENT] 324A 3Q 販売費及び一般管理費: sales=375.031 profit=None (inserted)
[15:50:43] [SEGMENT] 324A 3Q 営業利益: sales=438.652 profit=None (inserted)
[15:50:43] [SEGMENT] 324A 3Q 受取利息: sales=0.022 profit=None (inserted)
[15:50:43] [SEGMENT] 324A 3Q 受取保証料: sales=3.729 profit=None (inserted)
[15:50:43] [SEGMENT] 324A 3Q 為替差益: sales=1.924 profit=None (inserted)
[15:50:43] [SEGMENT] 324A 3Q 雑収入: sales=0.068 profit=None (inserted)
[15:50:43] [SEGMENT] 324A 3Q 支払利息: sales=1.6580000000000001 profit=None (inserted)
[15:50:43] [SEGMENT] 324A 3Q 為替差損: sales=0.194 profit=None (inserted)
[15:50:43] [SEGMENT] 324A 3Q 上場関連費用: sales=6.68 profit=None (inserted)
[15:50:43] [SEGMENT] 324A 3Q 経常利益: sales=433.939 profit=None (inserted)
[15:50:43] [SEGMENT] 324A 3Q 税引前四半期純利益: sales=433.939 profit=None (inserted)
[15:50:43] [SEGMENT] 324A 3Q 法人税、住民税及び事業税: sales=107.75 profit=None (inserted)
[15:50:43] [SEGMENT] 324A 3Q 四半期純利益: sales=324.13100000000003 profit=None (inserted)
[15:50:44] [DL] ダウンロード中: https://webapi.yanoshin.jp/rd.php?https://www.release.tdnet.info/inbs/140120260313581627.pdf
[15:50:44] [DL] 保存完了: data\docs\140120260313581627.pdf (2871.6KB)
[15:50:45] [抽出] SKIP_PDF_NOT_TANSHIN: title=2026年４月期　第３四半期決算説明資料
[15:50:45] [INGEST] doc_id=8598ccc3ad37c7f4 status=skipped_not_tanshin title=2026年４月期　第３四半期決算説明資料
[15:50:45] [DL] ダウンロード中: https://webapi.yanoshin.jp/rd.php?https://www.release.tdnet.info/inbs/140120260225568450.pdf
[15:50:45] [DL] 保存完了: data\docs\140120260225568450.pdf (227.7KB)
[15:50:45] [DL] ダウンロード中: https://webapi.yanoshin.jp/rd.php?https://www.release.tdnet.info/inbs/081220260225568450.zip
[15:50:45] [DL] 保存完了: data\docs\081220260225568450.zip (80.3KB)
[15:50:46] [抽出] XBRL抽出を試行: data\docs\081220260225568450.zip
[15:50:46] [XBRL] 未知の財務タグ検出: ['tse-ed-t:CashFlowsFromOperatingActivities', 'tse-ed-t:ChangeInComprehensiveIncome', 'tse-ed-t:ChangeInNetSales', 'tse-ed-t:ChangeInOperatingIncome', 'tse-ed-t:ChangeInOrdinaryIncome', 'tse-ed-t:ChangeInProfitAttributableToOwnersOfParent', 'tse-ed-t:ComprehensiveIncome', 'tse-ed-t:DilutedNetIncomePerShare', 'tse-ed-t:InvestmentProfitLossOnEquityMethod', 'tse-ed-t:NetIncomePerShare', 'tse-ed-t:NetIncomeToShareholdersEquityRatio', 'tse-ed-t:OperatingIncomeToNetSalesRatio', 'tse-ed-t:OrdinaryIncomeToTotalAssetsRatio', 'tse-ed-t:ProfitAttributableToOwnersOfParent']
[15:50:46] [XBRL] Summary抽出成功: XBRLData/Summary/tse-acedjpsm-33200-20260225568450-ixbrl.htm
[15:50:46] [XBRL] Summary不足項目: ['gross_profit', 'cost_of_sales'], PL Attachment候補: 1
[15:50:46] [XBRL] 未知の財務タグ検出: ['jppfs_cor:CostOfLeaseRevenueNOE', 'jppfs_cor:DividendsIncomeNOI', 'jppfs_cor:ExtraordinaryIncome', 'jppfs_cor:ExtraordinaryLoss', 'jppfs_cor:ForeignExchangeLossesNOE', 'jppfs_cor:GainOnSalesOfInvestmentSecuritiesEI', 'jppfs_cor:GainOnSalesOfMembershipsEI', 'jppfs_cor:GainOnSalesOfNoncurrentAssetsEI', 'jppfs_cor:HouseRentIncomeNOI', 'jppfs_cor:ImpairmentLossEL', 'jppfs_cor:IncomeBeforeIncomeTaxes', 'jppfs_cor:IncomeTaxes', 'jppfs_cor:IncomeTaxesCurrent', 'jppfs_cor:IncomeTaxesDeferred', 'jppfs_cor:InterestIncomeNOI', 'jppfs_cor:LossOnRetirementOfNoncurrentAssetsNOE', 'jppfs_cor:LossOnSalesOfNoncurrentAssetsEL', 'jppfs_cor:LossOnValuationOfInvestmentSecuritiesEL', 'jppfs_cor:NonOperatingExpenses', 'jppfs_cor:NonOperatingIncome', 'jppfs_cor:ProfitLoss', 'jppfs_cor:ProfitLossAttributableToOwnersOfParent']
[15:50:46] [XBRL] PL Attachment抽出成功: XBRLData/Attachment/0102010-acpl01-tse-acedjpfr-33200-2026-01-31-01-2026-03-13-ixbrl.htm
[15:50:46] [XBRL] Attachment補完: gross_profit=16516000000
[15:50:46] [XBRL] Attachment補完: cost_of_sales=43336000000
[15:50:46] [抽出] XBRL抽出成功: sales=59852000000, gp=16516000000, op=1395000000
[15:50:46] [INGEST] doc_id=0c50795ffd06003e zip_hash=237cab1a0fea09ad97094ed51dc5e91e92edbfc02848007c752eca6581b2d7c0 status=parse_failed reason=年度/Q不明: year=R8/1, q=
[15:50:46] [DL] ダウンロード中: https://webapi.yanoshin.jp/rd.php?https://www.release.tdnet.info/inbs/140120260310578923.pdf
[15:50:46] [DL] 保存完了: data\docs\140120260310578923.pdf (259.6KB)
[15:50:46] [DL] ダウンロード中: https://webapi.yanoshin.jp/rd.php?https://www.release.tdnet.info/inbs/081220260310578923.zip
[15:50:46] [DL] 保存完了: data\docs\081220260310578923.zip (56.6KB)
[15:50:46] [抽出] XBRL抽出を試行: data\docs\081220260310578923.zip
[15:50:46] [XBRL] 未知の財務タグ検出: ['tse-ed-t:ChangeInComprehensiveIncome', 'tse-ed-t:ChangeInNetSales', 'tse-ed-t:ChangeInOperatingIncome', 'tse-ed-t:ChangeInOrdinaryIncome', 'tse-ed-t:ChangeInProfitAttributableToOwnersOfParent', 'tse-ed-t:ComprehensiveIncome', 'tse-ed-t:DilutedNetIncomePerShare', 'tse-ed-t:NetIncomePerShare', 'tse-ed-t:ProfitAttributableToOwnersOfParent']
[15:50:46] [XBRL] Summary抽出成功: XBRLData/Summary/tse-qcedjpsm-34800-20260313334800-ixbrl.htm
[15:50:46] [XBRL] Summary不足項目: ['gross_profit', 'cost_of_sales'], PL Attachment候補: 1
[15:50:46] [XBRL] 未知の財務タグ検出: ['jppfs_cor:ExtraordinaryIncome', 'jppfs_cor:ExtraordinaryLoss', 'jppfs_cor:GainOnSalesOfInvestmentSecuritiesEI', 'jppfs_cor:GainOnSalesOfNoncurrentAssetsEI', 'jppfs_cor:IncomeBeforeIncomeTaxes', 'jppfs_cor:IncomeTaxes', 'jppfs_cor:IncomeTaxesCurrent', 'jppfs_cor:IncomeTaxesDeferred', 'jppfs_cor:InterestAndDividendsIncomeNOI', 'jppfs_cor:LossOnRetirementOfNoncurrentAssetsEL', 'jppfs_cor:NonOperatingExpenses', 'jppfs_cor:NonOperatingIncome', 'jppfs_cor:ProfitLoss', 'jppfs_cor:ProfitLossAttributableToNonControllingInterests', 'jppfs_cor:ProfitLossAttributableToOwnersOfParent']
[15:50:46] [XBRL] PL Attachment抽出成功: XBRLData/Attachment/0102010-qcpl11-tse-qcedjpfr-34800-2026-01-31-01-2026-03-13-ixbrl.htm
[15:50:46] [XBRL] Attachment補完: gross_profit=951783000
[15:50:46] [XBRL] Attachment補完: cost_of_sales=15820906000
[15:50:46] [抽出] XBRL抽出成功: sales=16772000000, gp=951783000, op=-254000000
[15:50:46] [INGEST] doc_id=f8b8dc829e6e67dd zip_hash=d7d76648733e2c778ff60e6a6e327d585f146f1d4c077ce7c68a8d9a1a59314e status=success 3480 2026-10-31 1Q sales=16772000000 gp=951783000 op=-254000000
[15:50:47] [v2] セグメント抽出成功: 8件, engine=v2, unit=千円, profit_role=
[15:50:47] [SEGMENT] 3480 1Q 当第: sales=0.001 profit=None (inserted)
[15:50:47] [SEGMENT] 3480 1Q 生じる収益 生じる収益: sales=0.001 profit=None (inserted)
[15:50:47] [SEGMENT] 3480 1Q 借上物件: sales=2408.031 profit=None (inserted)
[15:50:47] [SEGMENT] 3480 1Q 管理委託物件: sales=654.2280000000001 profit=None (inserted)
[15:50:47] [SEGMENT] 3480 1Q 自社所有物件: sales=144.255 profit=None (inserted)
[15:50:47] [SEGMENT] 3480 1Q その他: sales=2652.0660000000003 profit=None (inserted)
[15:50:47] [SEGMENT] 3480 1Q その他: sales=0.002 profit=None (updated)
[15:50:47] [SEGMENT] 3480 1Q （注）: sales=0.001 profit=None (inserted)
[15:50:48] [DL] ダウンロード中: https://webapi.yanoshin.jp/rd.php?https://www.release.tdnet.info/inbs/140120260313581778.pdf
[15:50:48] [DL] 保存完了: data\docs\140120260313581778.pdf (543.8KB)
[15:50:48] [DL] ダウンロード中: https://webapi.yanoshin.jp/rd.php?https://www.release.tdnet.info/inbs/081220260313581778.zip
[15:50:49] [DL] 保存完了: data\docs\081220260313581778.zip (57.0KB)
[15:50:49] [抽出] XBRL抽出を試行: data\docs\081220260313581778.zip
[15:50:49] [XBRL] 未知の財務タグ検出: ['tse-ed-t:ChangeInComprehensiveIncome', 'tse-ed-t:ChangeInNetSales', 'tse-ed-t:ChangeInOperatingIncome', 'tse-ed-t:ChangeInOrdinaryIncome', 'tse-ed-t:ChangeInProfitAttributableToOwnersOfParent', 'tse-ed-t:ComprehensiveIncome', 'tse-ed-t:DilutedNetIncomePerShare', 'tse-ed-t:NetIncomePerShare', 'tse-ed-t:ProfitAttributableToOwnersOfParent']
[15:50:49] [XBRL] Summary抽出成功: XBRLData/Summary/tse-qcedjpsm-36530-20260313336530-ixbrl.htm
[15:50:49] [XBRL] Summary不足項目: ['gross_profit', 'cost_of_sales'], PL Attachment候補: 1
[15:50:49] [XBRL] 未知の財務タグ検出: ['jppfs_cor:ForeignExchangeLossesNOE', 'jppfs_cor:IncomeBeforeIncomeTaxes', 'jppfs_cor:IncomeTaxes', 'jppfs_cor:IncomeTaxesCurrent', 'jppfs_cor:IncomeTaxesDeferred', 'jppfs_cor:InterestIncomeNOI', 'jppfs_cor:NonOperatingExpenses', 'jppfs_cor:NonOperatingIncome', 'jppfs_cor:ProfitLoss', 'jppfs_cor:ProfitLossAttributableToOwnersOfParent', 'jppfs_cor:SubsidyIncomeNOIBounty']
[15:50:49] [XBRL] PL Attachment抽出成功: XBRLData/Attachment/0600000-qcpl11-tse-qcedjpfr-36530-2026-01-31-01-2026-03-13-ixbrl.htm
[15:50:49] [XBRL] Attachment補完: gross_profit=99685000
[15:50:49] [XBRL] Attachment補完: cost_of_sales=374873000
[15:50:49] [抽出] XBRL抽出成功: sales=474000000, gp=99685000, op=-391000000
[15:50:49] [INGEST] doc_id=17ea5b3284b1ce8f zip_hash=31747c974f35455039396b758699d2d5d631c9bf1e45a2f71c15e6f21ff7732f status=success 3653 2026-10-31 1Q sales=474000000 gp=99685000 op=-391000000
[15:50:51] [v2] セグメント抽出成功: 20件, engine=v2, unit=千円, profit_role=
[15:50:51] [SEGMENT] 3653 1Q (第: sales=0.001 profit=None (inserted)
[15:50:51] [SEGMENT] 3653 1Q 前第: sales=0.001 profit=None (inserted)
[15:50:51] [SEGMENT] 3653 1Q (自: sales=2.024 profit=None (inserted)
[15:50:51] [SEGMENT] 3653 1Q 売上高: sales=699.831 profit=None (inserted)
[15:50:51] [SEGMENT] 3653 1Q 売上原価: sales=380.499 profit=None (inserted)
[15:50:51] [SEGMENT] 3653 1Q 売上総利益: sales=319.332 profit=None (inserted)
[15:50:51] [SEGMENT] 3653 1Q 販売費及び一般管理費: sales=458.058 profit=None (inserted)
[15:50:51] [SEGMENT] 3653 1Q 営業損失(: sales=-138.726 profit=None (inserted)
[15:50:51] [SEGMENT] 3653 1Q 受取利息: sales=2.465 profit=None (inserted)
[15:50:51] [SEGMENT] 3653 1Q 持分法による投資利益: sales=21.306 profit=None (inserted)
[15:50:51] [SEGMENT] 3653 1Q 助成金収入: sales=8.518 profit=None (inserted)
[15:50:51] [SEGMENT] 3653 1Q その他: sales=0.461 profit=None (inserted)
[15:50:51] [SEGMENT] 3653 1Q 支払利息: sales=0.275 profit=None (inserted)
[15:50:51] [SEGMENT] 3653 1Q 為替差損: sales=2.1590000000000003 profit=None (inserted)
[15:50:51] [SEGMENT] 3653 1Q その他: sales=0.897 profit=None (updated)
[15:50:51] [SEGMENT] 3653 1Q 経常損失(: sales=-109.307 profit=None (inserted)
[15:50:51] [SEGMENT] 3653 1Q 税金等調整前四半期純損失(: sales=-109.307 profit=None (inserted)
[15:50:51] [SEGMENT] 3653 1Q 法人税、住民税及び事業税: sales=10.341000000000001 profit=None (inserted)
[15:50:51] [SEGMENT] 3653 1Q 四半期純損失(: sales=-122.617 profit=None (inserted)
[15:50:51] [SEGMENT] 3653 1Q 親会社株主に帰属する四半期純損失(: sales=-122.617 profit=None (inserted)
[15:50:52] [DL] ダウンロード中: https://webapi.yanoshin.jp/rd.php?https://www.release.tdnet.info/inbs/140120260313581801.pdf
[15:50:52] [DL] 保存完了: data\docs\140120260313581801.pdf (1401.1KB)
[15:50:52] [抽出] SKIP_PDF_NOT_TANSHIN: title=2026年10月期 第1四半期決算補足説明資料
[15:50:52] [INGEST] doc_id=293914e1d95d3f2e status=skipped_not_tanshin title=2026年10月期 第1四半期決算補足説明資料
[15:50:52] [DL] ダウンロード中: https://webapi.yanoshin.jp/rd.php?https://www.release.tdnet.info/inbs/140120260313581523.pdf
[15:50:52] [DL] 保存完了: data\docs\140120260313581523.pdf (356.8KB)
[15:50:52] [DL] ダウンロード中: https://webapi.yanoshin.jp/rd.php?https://www.release.tdnet.info/inbs/081220260313581523.zip
[15:50:53] [DL] 保存完了: data\docs\081220260313581523.zip (77.3KB)
[15:50:53] [抽出] XBRL抽出を試行: data\docs\081220260313581523.zip
[15:50:53] [XBRL] 未知の財務タグ検出: ['tse-ed-t:ChangeInComprehensiveIncome', 'tse-ed-t:ChangeInNetSales', 'tse-ed-t:ChangeInOperatingIncome', 'tse-ed-t:ChangeInOrdinaryIncome', 'tse-ed-t:ChangeInProfitAttributableToOwnersOfParent', 'tse-ed-t:ComprehensiveIncome', 'tse-ed-t:DilutedNetIncomePerShare', 'tse-ed-t:NetIncomePerShare', 'tse-ed-t:ProfitAttributableToOwnersOfParent']
[15:50:53] [XBRL] Summary抽出成功: XBRLData/Summary/tse-scedjpsy-36620-20260313336620-ixbrl.htm
[15:50:53] [XBRL] Summary不足項目: ['gross_profit', 'cost_of_sales'], PL Attachment候補: 1
[15:50:53] [XBRL] 未知の財務タグ検出: ['jppfs_cor:ExtraordinaryIncome', 'jppfs_cor:GainOnSalesOfInvestmentSecuritiesEI', 'jppfs_cor:GainOnSalesOfSubsidiariesAndAffiliatesStocksEI', 'jppfs_cor:IncomeBeforeIncomeTaxes', 'jppfs_cor:IncomeTaxes', 'jppfs_cor:InterestAndDividendsIncomeNOI', 'jppfs_cor:LossOnInvestmentsInPartnershipNOE', 'jppfs_cor:LossOnTransferOfReceivablesNOE', 'jppfs_cor:NonOperatingExpenses', 'jppfs_cor:NonOperatingIncome', 'jppfs_cor:ProfitLoss', 'jppfs_cor:ProfitLossAttributableToNonControllingInterests', 'jppfs_cor:ProfitLossAttributableToOwnersOfParent', 'tse-scedjpfr-36620:LossOnValuationOfCryptoAssetsNOE']
[15:50:53] [XBRL] PL Attachment抽出成功: XBRLData/Attachment/0102010-scpl15-tse-scedjpfr-36620-2026-01-31-01-2026-03-13-ixbrl.htm
[15:50:53] [XBRL] Attachment補完: gross_profit=9872000000
[15:50:53] [XBRL] Attachment補完: cost_of_sales=1667000000
[15:50:53] [抽出] XBRL抽出成功: sales=11319000000, gp=9872000000, op=590000000
[15:50:53] [INGEST] doc_id=7922c367f3046f24 zip_hash=d4a998c0538bfb37594654ac88c3dbab0474db9190c4f112fa346139d21d3005 status=success 3662 2026-07-31 2Q sales=11319000000 gp=9872000000 op=590000000
[15:50:54] [v2] セグメント抽出成功: 5件, engine=v2, unit=百万円, profit_role=segment_profit_like
[15:50:54] [SEGMENT] 3662 2Q メディア・ソ エンターテイ: sales=1.0 profit=None (inserted)
[15:50:54] [SEGMENT] 3662 2Q リューション ンメント: sales=2.0 profit=None (inserted)
[15:50:54] [SEGMENT] 3662 2Q 外部顧客への売上高: sales=8344.0 profit=1110.0 (inserted)
[15:50:54] [SEGMENT] 3662 2Q セグメント利益: sales=222.0 profit=77.0 (inserted)
[15:50:54] [SEGMENT] 3662 2Q （注）: sales=1.0 profit=-484.0 (inserted)
[15:50:55] [DL] ダウンロード中: https://webapi.yanoshin.jp/rd.php?https://www.release.tdnet.info/inbs/140120260312580819.pdf
[15:50:55] [DL] 保存完了: data\docs\140120260312580819.pdf (317.3KB)
[15:50:55] [DL] ダウンロード中: https://webapi.yanoshin.jp/rd.php?https://www.release.tdnet.info/inbs/081220260312580819.zip
[15:50:55] [DL] 保存完了: data\docs\081220260312580819.zip (64.2KB)
[15:50:55] [抽出] XBRL抽出を試行: data\docs\081220260312580819.zip
[15:50:55] [XBRL] 未知の財務タグ検出: ['tse-ed-t:ChangeInComprehensiveIncome', 'tse-ed-t:ChangeInNetSales', 'tse-ed-t:ChangeInOperatingIncome', 'tse-ed-t:ChangeInOrdinaryIncome', 'tse-ed-t:ChangeInProfitAttributableToOwnersOfParent', 'tse-ed-t:ComprehensiveIncome', 'tse-ed-t:DilutedNetIncomePerShare', 'tse-ed-t:NetIncomePerShare', 'tse-ed-t:ProfitAttributableToOwnersOfParent']
[15:50:55] [XBRL] Summary抽出成功: XBRLData/Summary/tse-qcedjpsm-38430-20260313338430-ixbrl.htm
[15:50:55] [XBRL] Summary不足項目: ['gross_profit', 'cost_of_sales'], PL Attachment候補: 1
[15:50:55] [XBRL] 未知の財務タグ検出: ['jppfs_cor:ExtraordinaryIncome', 'jppfs_cor:ExtraordinaryLoss', 'jppfs_cor:GainOnSalesOfInvestmentSecuritiesEI', 'jppfs_cor:GainOnSalesOfInvestmentSecuritiesNOI', 'jppfs_cor:GainOnSalesOfSubsidiariesAndAffiliatesStocksEI', 'jppfs_cor:ImpairmentLossEL', 'jppfs_cor:IncomeBeforeIncomeTaxes', 'jppfs_cor:IncomeTaxes', 'jppfs_cor:IncomeTaxesCurrent', 'jppfs_cor:IncomeTaxesDeferred', 'jppfs_cor:InterestAndDividendsIncomeNOI', 'jppfs_cor:LossOnLiquidationOfSubsidiariesAndAffiliatesEL', 'jppfs_cor:LossOnSalesAndRetirementOfNoncurrentAssetsEL', 'jppfs_cor:LossOnSalesOfInvestmentSecuritiesEL', 'jppfs_cor:NonOperatingExpenses', 'jppfs_cor:NonOperatingIncome', 'jppfs_cor:ProfitLoss', 'jppfs_cor:ProfitLossAttributableToNonControllingInterests', 'jppfs_cor:ProfitLossAttributableToOwnersOfParent']
[15:50:55] [XBRL] PL Attachment抽出成功: XBRLData/Attachment/0102010-qcpl11-tse-qcedjpfr-38430-2026-01-31-01-2026-03-13-ixbrl.htm
[15:50:55] [XBRL] Attachment補完: gross_profit=12361525000
[15:50:55] [XBRL] Attachment補完: cost_of_sales=33826635000
[15:50:55] [抽出] XBRL抽出成功: sales=46188000000, gp=12361525000, op=5110000000
[15:50:55] [INGEST] doc_id=9f370fd5abf1d45e zip_hash=fc11dcfeda2ecb2794218387398d8a8740aadb20a7df09c87ade394f65a970f7 status=success 3843 2026-04-30 3Q sales=46188000000 gp=12361525000 op=5110000000
[15:50:56] [v2] セグメント抽出成功: 3件, engine=v2, unit=千円, profit_role=
[15:50:56] [SEGMENT] 3843 3Q ター: sales=0.005 profit=None (inserted)
[15:50:56] [SEGMENT] 3843 3Q 外部顧客への売上高: sales=6310.768 profit=None (inserted)
[15:50:56] [SEGMENT] 3843 3Q セグメント利益又は損失(: sales=1056.364 profit=None (inserted)
[15:50:57] [DL] ダウンロード中: https://webapi.yanoshin.jp/rd.php?https://www.release.tdnet.info/inbs/140120260312580829.pdf
[15:50:58] [DL] 保存完了: data\docs\140120260312580829.pdf (3108.4KB)
[15:50:58] [抽出] SKIP_PDF_NOT_TANSHIN: title=2026年4月期 第３四半期決算説明資料
[15:50:58] [INGEST] doc_id=da020834f5388106 status=skipped_not_tanshin title=2026年4月期 第３四半期決算説明資料
[15:50:58] [DL] ダウンロード中: https://webapi.yanoshin.jp/rd.php?https://www.release.tdnet.info/inbs/140120260313581581.pdf
[15:50:58] [DL] 保存完了: data\docs\140120260313581581.pdf (371.6KB)
[15:50:58] [DL] ダウンロード中: https://webapi.yanoshin.jp/rd.php?https://www.release.tdnet.info/inbs/081220260313581581.zip
[15:50:58] [DL] 保存完了: data\docs\081220260313581581.zip (75.3KB)
[15:50:58] [抽出] XBRL抽出を試行: data\docs\081220260313581581.zip
[15:50:58] [XBRL] 未知の財務タグ検出: ['tse-ed-t:CashFlowsFromOperatingActivities', 'tse-ed-t:ChangeInNetIncome', 'tse-ed-t:ChangeInNetSales', 'tse-ed-t:ChangeInOperatingIncome', 'tse-ed-t:ChangeInOrdinaryIncome', 'tse-ed-t:DilutedNetIncomePerShare', 'tse-ed-t:InvestmentProfitLossOnEquityMethod', 'tse-ed-t:NetIncome', 'tse-ed-t:NetIncomePerShare', 'tse-ed-t:NetIncomeToShareholdersEquityRatio', 'tse-ed-t:OperatingIncomeToNetSalesRatio', 'tse-ed-t:OrdinaryIncomeToTotalAssetsRatio']
[15:50:58] [XBRL] Summary抽出成功: XBRLData/Summary/tse-anedjpsm-41750-20260313341750-ixbrl.htm
[15:50:58] [XBRL] Summary不足項目: ['gross_profit', 'cost_of_sales'], PL Attachment候補: 1
[15:50:58] [XBRL] 未知の財務タグ検出: ['jppfs_cor:ExtraordinaryIncome', 'jppfs_cor:ExtraordinaryLoss', 'jppfs_cor:ForeignExchangeLossesNOE', 'jppfs_cor:GainOnSalesOfInvestmentSecuritiesNOI', 'jppfs_cor:GainOnSalesOfNoncurrentAssetsEI', 'jppfs_cor:IncomeBeforeIncomeTaxes', 'jppfs_cor:IncomeTaxes', 'jppfs_cor:IncomeTaxesCurrent', 'jppfs_cor:InterestAndDividendsIncomeNOI', 'jppfs_cor:LossOnLiquidationOfSubsidiariesAndAffiliatesEL', 'jppfs_cor:LossOnRetirementOfNoncurrentAssetsEL', 'jppfs_cor:LossOnValuationOfInvestmentSecuritiesEL', 'jppfs_cor:LossOnValuationOfStocksOfSubsidiariesAndAffiliatesEL', 'jppfs_cor:NonOperatingExpenses', 'jppfs_cor:NonOperatingIncome', 'jppfs_cor:ProfitLoss']
[15:50:58] [XBRL] PL Attachment抽出成功: XBRLData/Attachment/0501000-anpl02-tse-anedjpfr-41750-2026-01-31-01-2026-03-13-ixbrl.htm
[15:50:58] [XBRL] Attachment補完: gross_profit=2968982000
[15:50:58] [XBRL] Attachment補完: cost_of_sales=4051118000
[15:50:58] [抽出] XBRL抽出成功: sales=7020000000, gp=2968982000, op=-144000000
[15:50:58] [INGEST] doc_id=10c9daae410aa575 zip_hash=f9939cff03e7de6de40a60baa0bfedef05b872cb6281f3359c410a3c2695b86b status=parse_failed reason=年度/Q不明: year=R8/1, q=
[15:50:58] [DL] ダウンロード中: https://webapi.yanoshin.jp/rd.php?https://www.release.tdnet.info/inbs/140120260313581540.pdf
[15:50:59] [DL] 保存完了: data\docs\140120260313581540.pdf (7008.9KB)
[15:50:59] [抽出] SKIP_PDF_NOT_TANSHIN: title=2026年1月期 通期 決算説明資料(事業計画及び成長可能性に関する事項)
[15:50:59] [INGEST] doc_id=4334b680e79b765d status=skipped_not_tanshin title=2026年1月期 通期 決算説明資料(事業計画及び成長可能性に関する事項)
[15:50:59] [DL] ダウンロード中: https://webapi.yanoshin.jp/rd.php?https://www.release.tdnet.info/inbs/140120260312580576.pdf
[15:50:59] [DL] 保存完了: data\docs\140120260312580576.pdf (585.6KB)
[15:50:59] [DL] ダウンロード中: https://webapi.yanoshin.jp/rd.php?https://www.release.tdnet.info/inbs/081220260312580576.zip
[15:50:59] [DL] 保存完了: data\docs\081220260312580576.zip (89.2KB)
[15:51:00] [抽出] XBRL抽出を試行: data\docs\081220260312580576.zip
[15:51:00] [XBRL] 未知の財務タグ検出: ['tse-ed-t:CashFlowsFromOperatingActivities', 'tse-ed-t:ChangeInComprehensiveIncome', 'tse-ed-t:ChangeInNetIncome', 'tse-ed-t:ChangeInNetSales', 'tse-ed-t:ChangeInOperatingIncome', 'tse-ed-t:ChangeInOrdinaryIncome', 'tse-ed-t:ChangeInProfitAttributableToOwnersOfParent', 'tse-ed-t:ComprehensiveIncome', 'tse-ed-t:DilutedNetIncomePerShare', 'tse-ed-t:InvestmentProfitLossOnEquityMethod', 'tse-ed-t:NetIncome', 'tse-ed-t:NetIncomePerShare', 'tse-ed-t:NetIncomeToShareholdersEquityRatio', 'tse-ed-t:OperatingIncomeToNetSalesRatio', 'tse-ed-t:OrdinaryIncomeToTotalAssetsRatio', 'tse-ed-t:ProfitAttributableToOwnersOfParent']
[15:51:00] [XBRL] Summary抽出成功: XBRLData/Summary/tse-acedjpsm-43690-20260313343690-ixbrl.htm
[15:51:00] [XBRL] Summary不足項目: ['gross_profit', 'cost_of_sales'], PL Attachment候補: 1
[15:51:00] [XBRL] 未知の財務タグ検出: ['jppfs_cor:DividendsIncomeNOI', 'jppfs_cor:IncomeBeforeIncomeTaxes', 'jppfs_cor:IncomeTaxes', 'jppfs_cor:IncomeTaxesCurrent', 'jppfs_cor:IncomeTaxesDeferred', 'jppfs_cor:InterestIncomeNOI', 'jppfs_cor:NonOperatingExpenses', 'jppfs_cor:NonOperatingIncome', 'jppfs_cor:ProfitLoss', 'jppfs_cor:ProfitLossAttributableToOwnersOfParent']
[15:51:00] [XBRL] PL Attachment抽出成功: XBRLData/Attachment/0301000-acpl01-tse-acedjpfr-43690-2026-01-31-01-2026-03-13-ixbrl.htm
[15:51:00] [XBRL] Attachment補完: gross_profit=9019010000
[15:51:00] [XBRL] Attachment補完: cost_of_sales=14864165000
[15:51:00] [抽出] XBRL抽出成功: sales=23883000000, gp=9019010000, op=5902000000
[15:51:00] [INGEST] doc_id=5347cfe25c721076 zip_hash=be81f9f7b7d5c0e9ed59d55be2003ebf3ed96d0c685a41778793c608dae41888 status=parse_failed reason=年度/Q不明: year=R8/1, q=
[15:51:00] [DL] ダウンロード中: https://webapi.yanoshin.jp/rd.php?https://www.release.tdnet.info/inbs/140120260313581822.pdf
[15:51:00] [DL] 保存完了: data\docs\140120260313581822.pdf (274.5KB)
[15:51:00] [DL] ダウンロード中: https://webapi.yanoshin.jp/rd.php?https://www.release.tdnet.info/inbs/081220260313581822.zip
[15:51:00] [DL] 保存完了: data\docs\081220260313581822.zip (61.0KB)
[15:51:00] [抽出] XBRL抽出を試行: data\docs\081220260313581822.zip
[15:51:00] [XBRL] 未知の財務タグ検出: ['tse-ed-t:ChangeInComprehensiveIncome', 'tse-ed-t:ChangeInNetSales', 'tse-ed-t:ChangeInOperatingIncome', 'tse-ed-t:ChangeInOrdinaryIncome', 'tse-ed-t:ChangeInProfitAttributableToOwnersOfParent', 'tse-ed-t:ComprehensiveIncome', 'tse-ed-t:DilutedNetIncomePerShare', 'tse-ed-t:NetIncomePerShare', 'tse-ed-t:ProfitAttributableToOwnersOfParent']
[15:51:00] [XBRL] Summary抽出成功: XBRLData/Summary/tse-qcedjpsm-43820-20260313343820-ixbrl.htm
[15:51:00] [XBRL] Summary不足項目: ['gross_profit', 'cost_of_sales'], PL Attachment候補: 1
[15:51:00] [XBRL] 未知の財務タグ検出: ['jppfs_cor:ExtraordinaryLoss', 'jppfs_cor:ImpairmentLossEL', 'jppfs_cor:IncomeBeforeIncomeTaxes', 'jppfs_cor:IncomeTaxes', 'jppfs_cor:IncomeTaxesCurrent', 'jppfs_cor:IncomeTaxesDeferred', 'jppfs_cor:InterestIncomeNOI', 'jppfs_cor:LossOnInvestmentOfSecuritiesNOE', 'jppfs_cor:LossOnRetirementOfNoncurrentAssetsNOE', 'jppfs_cor:NonOperatingExpenses', 'jppfs_cor:NonOperatingIncome', 'jppfs_cor:ProfitLoss', 'jppfs_cor:ProfitLossAttributableToNonControllingInterests', 'jppfs_cor:ProfitLossAttributableToOwnersOfParent', 'tse-qcedjpfr-43820:LossOnValuationOfCryptoAssets', 'tse-qcedjpfr-43820:ShareholderBenefitsRelatedExpensesNonOperatingExpensesNOE']
[15:51:00] [XBRL] PL Attachment抽出成功: XBRLData/Attachment/0102010-qcpl11-tse-qcedjpfr-43820-2026-01-31-01-2026-03-13-ixbrl.htm
[15:51:00] [XBRL] Attachment補完: gross_profit=2076963000
[15:51:00] [XBRL] Attachment補完: cost_of_sales=2610049000
[15:51:00] [抽出] XBRL抽出成功: sales=4687000000, gp=2076963000, op=358000000
[15:51:00] [INGEST] doc_id=817021461e74485a zip_hash=4e34d74877ac30aacb1857ac0ef2b3d9e1a71720f829c6f18184d030aeb565cf status=success 4382 2026-04-30 3Q sales=4687000000 gp=2076963000 op=358000000
[15:51:02] [v2] セグメント抽出成功: 5件, engine=v2, unit=千円, profit_role=
[15:51:02] [SEGMENT] 4382 3Q I 前第: sales=0.003 profit=None (inserted)
[15:51:02] [SEGMENT] 4382 3Q AIX事業 AI Security事業 計: sales=0.001 profit=None (inserted)
[15:51:02] [SEGMENT] 4382 3Q 外部顧客への売上高: sales=2339.015 profit=None (inserted)
[15:51:02] [SEGMENT] 4382 3Q セグメント利益: sales=493.55 profit=None (inserted)
[15:51:02] [SEGMENT] 4382 3Q （注）: sales=0.001 profit=None (inserted)
[15:51:02] [DL] ダウンロード中: https://webapi.yanoshin.jp/rd.php?https://www.release.tdnet.info/inbs/140120260313581793.pdf
[15:51:04] [DL] 保存完了: data\docs\140120260313581793.pdf (5049.0KB)
[15:51:07] [抽出] SKIP_PDF_NOT_TANSHIN: title=2026年４月期 第３四半期決算説明資料
[15:51:07] [INGEST] doc_id=6508deb5bc24c0cc status=skipped_not_tanshin title=2026年４月期 第３四半期決算説明資料
[15:51:07] [DL] ダウンロード中: https://webapi.yanoshin.jp/rd.php?https://www.release.tdnet.info/inbs/140120260313581313.pdf
[15:51:07] [DL] 保存完了: data\docs\140120260313581313.pdf (403.2KB)
[15:51:08] [DL] ダウンロード中: https://webapi.yanoshin.jp/rd.php?https://www.release.tdnet.info/inbs/081220260313581313.zip
[15:51:08] [DL] 保存完了: data\docs\081220260313581313.zip (57.5KB)
[15:51:08] [抽出] XBRL抽出を試行: data\docs\081220260313581313.zip
[15:51:08] [XBRL] 未知の財務タグ検出: ['tse-ed-t:ChangeInNetIncome', 'tse-ed-t:ChangeInNetSales', 'tse-ed-t:ChangeInOperatingIncome', 'tse-ed-t:ChangeInOrdinaryIncome', 'tse-ed-t:DilutedNetIncomePerShare', 'tse-ed-t:NetIncome', 'tse-ed-t:NetIncomePerShare']
[15:51:08] [XBRL] Summary抽出成功: XBRLData/Summary/tse-qnedjpsm-441A0-202603133441A0-ixbrl.htm
[15:51:08] [XBRL] Summary不足項目: ['gross_profit', 'cost_of_sales'], PL Attachment候補: 1
[15:51:08] [XBRL] 未知の財務タグ検出: ['jppfs_cor:IncomeBeforeIncomeTaxes', 'jppfs_cor:IncomeTaxes', 'jppfs_cor:IncomeTaxesCurrent', 'jppfs_cor:IncomeTaxesDeferred', 'jppfs_cor:InterestIncomeNOI', 'jppfs_cor:NonOperatingExpenses', 'jppfs_cor:NonOperatingIncome', 'jppfs_cor:ProfitLoss']
[15:51:08] [XBRL] PL Attachment抽出成功: XBRLData/Attachment/1500000-qnpl12-tse-qnedjpfr-441A0-2026-01-31-01-2026-03-13-ixbrl.htm
[15:51:08] [XBRL] Attachment補完: gross_profit=2265509000
[15:51:08] [XBRL] Attachment補完: cost_of_sales=849172000
[15:51:08] [抽出] XBRL抽出成功: sales=3114000000, gp=2265509000, op=1141000000
[15:51:08] [INGEST] doc_id=52fe18e953debb3e zip_hash=03fc6ed2109b10cf71f1a0be85ca24c77c06c792f45a88d39e0e04f84c40f4b6 status=success 441A 2026-04-30 3Q sales=3114000000 gp=2265509000 op=1141000000
[15:51:10] [v2] セグメント抽出成功: 27件, engine=v2, unit=千円, profit_role=segment_profit_like
[15:51:10] [SEGMENT] 441A 3Q ロカルコ: sales=0.001 profit=None (inserted)
[15:51:10] [SEGMENT] 441A 3Q 外部顧客への売上高: sales=2351.628 profit=436.819 (inserted)
[15:51:10] [SEGMENT] 441A 3Q (注): sales=0.001 profit=None (inserted)
[15:51:10] [SEGMENT] 441A 3Q 当社は、運転資金を効率的に調達するため、取引銀行: sales=0.004 profit=None (inserted)
[15:51:10] [SEGMENT] 441A 3Q 前事業年度 当第: sales=0.003 profit=None (inserted)
[15:51:10] [SEGMENT] 441A 3Q 当座貸越極度額: sales=2000.0 profit=None (inserted)
[15:51:10] [SEGMENT] 441A 3Q 差引額: sales=2000.0 profit=None (inserted)
[15:51:10] [SEGMENT] 441A 3Q 当第: sales=0.003 profit=0.003 (inserted)
[15:51:10] [SEGMENT] 441A 3Q 当第: sales=0.003 profit=None (updated)
[15:51:10] [SEGMENT] 441A 3Q (自: sales=2.025 profit=0.005 (inserted)
[15:51:10] [SEGMENT] 441A 3Q 減価償却費: sales=126.175 profit=None (inserted)
[15:51:10] [SEGMENT] 441A 3Q NE株式会社(: sales=0.441 profit=2.0260000000000002 (inserted)
[15:51:10] [SEGMENT] 441A 3Q 当社は: sales=2.0260000000000002 profit=0.002 (inserted)
[15:51:10] [SEGMENT] 441A 3Q 分割前の発行済株式の総数: sales=16501.001 profit=None (inserted)
[15:51:10] [SEGMENT] 441A 3Q 分割により増加する株式数: sales=16501.001 profit=None (inserted)
[15:51:10] [SEGMENT] 441A 3Q 分割後の発行済株式の総数: sales=33002.002 profit=None (inserted)
[15:51:10] [SEGMENT] 441A 3Q 分割後の発行可能株式総数: sales=64004.004 profit=None (inserted)
[15:51:10] [SEGMENT] 441A 3Q (注) 上記の発行済株式総数は: sales=2.0260000000000002 profit=0.001 (inserted)
[15:51:10] [SEGMENT] 441A 3Q 基準公告日: sales=2.0260000000000002 profit=0.004 (inserted)
[15:51:10] [SEGMENT] 441A 3Q 基準日: sales=2.0260000000000002 profit=0.004 (inserted)
[15:51:10] [SEGMENT] 441A 3Q 効力発生日: sales=2.0260000000000002 profit=0.005 (inserted)
[15:51:10] [SEGMENT] 441A 3Q 当該株式分割が前事業年度の期首に行われたと仮定した場合の: sales=0.001 profit=None (inserted)
[15:51:10] [SEGMENT] 441A 3Q 前第: sales=0.003 profit=0.003 (inserted)
[15:51:10] [SEGMENT] 441A 3Q (自: sales=2.024 profit=0.005 (updated)
[15:51:10] [SEGMENT] 441A 3Q (注): sales=0.001 profit=2.025 (updated)
[15:51:10] [SEGMENT] 441A 3Q 四半期の: sales=0.001 profit=0.001 (inserted)
[15:51:10] [SEGMENT] 441A 3Q 今回の株式分割に伴い、: sales=2.0260000000000002 profit=0.005 (inserted)
[15:51:11] [DL] ダウンロード中: https://webapi.yanoshin.jp/rd.php?https://www.release.tdnet.info/inbs/140120260313581319.pdf
[15:51:12] [DL] 保存完了: data\docs\140120260313581319.pdf (4744.5KB)
[15:51:12] [抽出] SKIP_PDF_NOT_TANSHIN: title=2026年４月期第３四半期決算説明資料
[15:51:12] [INGEST] doc_id=b99b4391f4fa9c37 status=skipped_not_tanshin title=2026年４月期第３四半期決算説明資料
[15:51:12] [DL] ダウンロード中: https://webapi.yanoshin.jp/rd.php?https://www.release.tdnet.info/inbs/140120260312580943.pdf
[15:51:12] [DL] 保存完了: data\docs\140120260312580943.pdf (541.7KB)
[15:51:12] [DL] ダウンロード中: https://webapi.yanoshin.jp/rd.php?https://www.release.tdnet.info/inbs/081220260312580943.zip
[15:51:12] [DL] 保存完了: data\docs\081220260312580943.zip (76.1KB)
[15:51:13] [抽出] XBRL抽出を試行: data\docs\081220260312580943.zip
[15:51:13] [XBRL] 未知の財務タグ検出: ['tse-ed-t:CashFlowsFromOperatingActivities', 'tse-ed-t:ChangeInNetIncome', 'tse-ed-t:ChangeInNetSales', 'tse-ed-t:ChangeInOperatingIncome', 'tse-ed-t:ChangeInOrdinaryIncome', 'tse-ed-t:DilutedNetIncomePerShare', 'tse-ed-t:InvestmentProfitLossOnEquityMethod', 'tse-ed-t:NetIncome', 'tse-ed-t:NetIncomePerShare', 'tse-ed-t:NetIncomeToShareholdersEquityRatio', 'tse-ed-t:OperatingIncomeToNetSalesRatio', 'tse-ed-t:OrdinaryIncomeToTotalAssetsRatio']
[15:51:13] [XBRL] Summary抽出成功: XBRLData/Summary/tse-anedjpsm-446A0-202603133446A0-ixbrl.htm
[15:51:13] [XBRL] Summary不足項目: ['gross_profit', 'cost_of_sales'], PL Attachment候補: 1
[15:51:13] [XBRL] 未知の財務タグ検出: ['jppfs_cor:ExtraordinaryIncome', 'jppfs_cor:ExtraordinaryLoss', 'jppfs_cor:ForeignExchangeLossesNOE', 'jppfs_cor:GainOnSalesOfNoncurrentAssetsEI', 'jppfs_cor:HouseRentIncomeNOI', 'jppfs_cor:IncomeBeforeIncomeTaxes', 'jppfs_cor:IncomeTaxes', 'jppfs_cor:IncomeTaxesCurrent', 'jppfs_cor:IncomeTaxesDeferred', 'jppfs_cor:InterestIncomeNOI', 'jppfs_cor:LossOnRetirementOfNoncurrentAssetsEL', 'jppfs_cor:NonOperatingExpenses', 'jppfs_cor:NonOperatingIncome', 'jppfs_cor:ProfitLoss', 'jppfs_cor:SubsidyIncomeNOIBounty']
[15:51:13] [XBRL] PL Attachment抽出成功: XBRLData/Attachment/0501000-anpl02-tse-anedjpfr-446A0-2026-01-31-01-2026-03-13-ixbrl.htm
[15:51:13] [XBRL] Attachment補完: gross_profit=12781000000
[15:51:13] [XBRL] Attachment補完: cost_of_sales=13403000000
[15:51:13] [抽出] XBRL抽出成功: sales=26185000000, gp=12781000000, op=5547000000
[15:51:13] [INGEST] doc_id=89558350cc765246 zip_hash=9185bbcf0a21d262017bdf661e5d60a9f17dabdf7cba99624b02545300450b89 status=parse_failed reason=年度/Q不明: year=R8/1, q=
[15:51:13] [DL] ダウンロード中: https://webapi.yanoshin.jp/rd.php?https://www.release.tdnet.info/inbs/140120260313581723.pdf
[15:51:13] [DL] 保存完了: data\docs\140120260313581723.pdf (6041.8KB)
[15:51:13] [抽出] SKIP_PDF_NOT_TANSHIN: title=2026年１月期通期決算説明会資料
[15:51:13] [INGEST] doc_id=ecc2e02fc2ccbdd5 status=skipped_not_tanshin title=2026年１月期通期決算説明会資料
[15:51:13] [DL] ダウンロード中: https://webapi.yanoshin.jp/rd.php?https://www.release.tdnet.info/inbs/140120260313581310.pdf
[15:51:14] [DL] 保存完了: data\docs\140120260313581310.pdf (257.5KB)
[15:51:14] [DL] ダウンロード中: https://webapi.yanoshin.jp/rd.php?https://www.release.tdnet.info/inbs/081220260313581310.zip
[15:51:14] [DL] 保存完了: data\docs\081220260313581310.zip (54.6KB)
[15:51:14] [抽出] XBRL抽出を試行: data\docs\081220260313581310.zip
[15:51:14] [XBRL] 未知の財務タグ検出: ['tse-ed-t:ChangeInComprehensiveIncome', 'tse-ed-t:ChangeInNetOperatingRevenuesSE', 'tse-ed-t:ChangeInOperatingIncome', 'tse-ed-t:ChangeInOperatingRevenuesSE', 'tse-ed-t:ChangeInOrdinaryIncome', 'tse-ed-t:ChangeInProfitAttributableToOwnersOfParent', 'tse-ed-t:ComprehensiveIncome', 'tse-ed-t:DilutedNetIncomePerShare', 'tse-ed-t:NetIncomePerShare', 'tse-ed-t:NetOperatingRevenuesSE', 'tse-ed-t:OperatingRevenuesSE', 'tse-ed-t:ProfitAttributableToOwnersOfParent']
[15:51:14] [XBRL] 未知の財務タグ検出: ['jppfs_cor:AccruedIncome', 'jppfs_cor:IncomeTaxesPayable']
[15:51:14] [XBRL] 未知の財務タグ検出: ['jppfs_cor:IncomeBeforeIncomeTaxes', 'jppfs_cor:IncomeTaxes', 'jppfs_cor:IncomeTaxesCurrent', 'jppfs_cor:IncomeTaxesDeferred', 'jppfs_cor:InterestAndDividendsIncomeNOI', 'jppfs_cor:MiscellaneousIncomeNOI', 'jppfs_cor:NetOperatingRevenueSEC', 'jppfs_cor:NonOperatingExpenses', 'jppfs_cor:NonOperatingIncome', 'jppfs_cor:OperatingRevenueSEC', 'jppfs_cor:OtherOperatingRevenue1RevOA', 'jppfs_cor:ProfitLoss', 'jppfs_cor:ProfitLossAttributableToOwnersOfParent', 'tse-qcedjpfr-462A0:LecturesFeeIncomeNOISEC']
[15:51:14] [XBRL] 未知の財務タグ検出: ['jppfs_cor:ComprehensiveIncome', 'jppfs_cor:ComprehensiveIncomeAttributableToOwnersOfTheParent', 'jppfs_cor:ProfitLoss']
[15:51:14] [XBRL] ZIP内の全候補で抽出失敗: data\docs\081220260313581310.zip
[15:51:14] [抽出] PDF抽出を試行: data\docs\140120260313581310.pdf
[15:51:14] [INGEST] doc_id=b666ecb74271f14f zip_hash=2dd30cbfcd4f0a754c69c5f0561dbb56490a9ab94dcf574514737120db4d61b1 source_url=https://webapi.yanoshin.jp/rd.php?https://www.release.tdnet.info/inbs/140120260313581310.pdf status=extract_failed reason=売上高・営業利益ともに抽出できず
[15:51:14] [DL] ダウンロード中: https://webapi.yanoshin.jp/rd.php?https://www.release.tdnet.info/inbs/140120260313581308.pdf
[15:51:15] [DL] 保存完了: data\docs\140120260313581308.pdf (3121.0KB)
[15:51:15] [抽出] SKIP_PDF_NOT_TANSHIN: title=2026年10月期 第１四半期決算説明資料
[15:51:15] [INGEST] doc_id=a78b4071b3b85b97 status=skipped_not_tanshin title=2026年10月期 第１四半期決算説明資料
[15:51:15] [DL] ダウンロード中: https://webapi.yanoshin.jp/rd.php?https://www.release.tdnet.info/inbs/140120260313581315.pdf
[15:51:15] [DL] 保存完了: data\docs\140120260313581315.pdf (4518.4KB)
[15:51:15] [抽出] SKIP_PDF_NOT_TANSHIN: title=2026年10月期 第１四半期決算説明資料（書き起こし）公開に関するお知らせ
[15:51:15] [INGEST] doc_id=c9e7ddeb7cbfce1f status=skipped_not_tanshin title=2026年10月期 第１四半期決算説明資料（書き起こし）公開に関するお知らせ
[15:51:15] [DL] ダウンロード中: https://webapi.yanoshin.jp/rd.php?https://www.release.tdnet.info/inbs/140120260312580921.pdf
[15:51:16] [DL] 保存完了: data\docs\140120260312580921.pdf (287.5KB)
[15:51:16] [DL] ダウンロード中: https://webapi.yanoshin.jp/rd.php?https://www.release.tdnet.info/inbs/081220260312580921.zip
[15:51:16] [DL] 保存完了: data\docs\081220260312580921.zip (64.6KB)
[15:51:16] [抽出] XBRL抽出を試行: data\docs\081220260312580921.zip
[15:51:16] [XBRL] 未知の財務タグ検出: ['tse-ed-t:ChangeInComprehensiveIncome', 'tse-ed-t:ChangeInNetSales', 'tse-ed-t:ChangeInOperatingIncome', 'tse-ed-t:ChangeInOrdinaryIncome', 'tse-ed-t:ChangeInProfitAttributableToOwnersOfParent', 'tse-ed-t:ComprehensiveIncome', 'tse-ed-t:DilutedNetIncomePerShare', 'tse-ed-t:NetIncomePerShare', 'tse-ed-t:ProfitAttributableToOwnersOfParent']
[15:51:16] [XBRL] Summary抽出成功: XBRLData/Summary/tse-scedjpsy-49360-20260313349360-ixbrl.htm
[15:51:16] [XBRL] Summary不足項目: ['gross_profit', 'cost_of_sales'], PL Attachment候補: 1
[15:51:16] [XBRL] 未知の財務タグ検出: ['jppfs_cor:EquityInLossesOfAffiliatesNOE', 'jppfs_cor:ExtraordinaryLoss', 'jppfs_cor:ForeignExchangeLossesNOE', 'jppfs_cor:IncomeBeforeIncomeTaxes', 'jppfs_cor:IncomeTaxes', 'jppfs_cor:IncomeTaxesCurrent', 'jppfs_cor:IncomeTaxesDeferred', 'jppfs_cor:InterestAndDividendsIncomeNOI', 'jppfs_cor:LossOnRetirementOfNoncurrentAssetsEL', 'jppfs_cor:NonOperatingExpenses', 'jppfs_cor:NonOperatingIncome', 'jppfs_cor:ProfitLoss', 'jppfs_cor:ProfitLossAttributableToNonControllingInterests', 'jppfs_cor:ProfitLossAttributableToOwnersOfParent', 'jppfs_cor:SubsidyIncomeNOI']
[15:51:16] [XBRL] PL Attachment抽出成功: XBRLData/Attachment/0102010-scpl15-tse-scedjpfr-49360-2026-01-31-01-2026-03-13-ixbrl.htm
[15:51:16] [XBRL] Attachment補完: gross_profit=4515706000
[15:51:16] [XBRL] Attachment補完: cost_of_sales=1771675000
[15:51:16] [抽出] XBRL抽出成功: sales=6774000000, gp=4515706000, op=-14000000
[15:51:16] [INGEST] doc_id=e085ac242b879904 zip_hash=70bf97a857d3625a55d939aed35ef55936e9b07d5363db0b7ee8fd4409472b12 status=success 4936 2026-07-31 2Q sales=6774000000 gp=4515706000 op=-14000000
[15:51:17] [v2] セグメント抽出成功: 22件, engine=v2, unit=千円, profit_role=
[15:51:17] [SEGMENT] 4936 2Q (自: sales=2.024 profit=None (inserted)
[15:51:17] [SEGMENT] 4936 2Q 売上高: sales=6287.3820000000005 profit=None (inserted)
[15:51:17] [SEGMENT] 4936 2Q 売上原価: sales=1771.675 profit=None (inserted)
[15:51:17] [SEGMENT] 4936 2Q 売上総利益: sales=4515.706 profit=None (inserted)
[15:51:17] [SEGMENT] 4936 2Q 販売費及び一般管理費: sales=4398.376 profit=None (inserted)
[15:51:17] [SEGMENT] 4936 2Q 営業利益又は営業損失(: sales=117.33 profit=None (inserted)
[15:51:17] [SEGMENT] 4936 2Q 受取利息及び配当金: sales=11.458 profit=None (inserted)
[15:51:17] [SEGMENT] 4936 2Q 為替差益: sales=104.9 profit=None (inserted)
[15:51:17] [SEGMENT] 4936 2Q 補助金収入: sales=31.2 profit=None (inserted)
[15:51:17] [SEGMENT] 4936 2Q その他: sales=3.248 profit=None (inserted)
[15:51:17] [SEGMENT] 4936 2Q 支払利息: sales=9.256 profit=None (inserted)
[15:51:17] [SEGMENT] 4936 2Q 自己株式取得費用: sales=1.5350000000000001 profit=None (inserted)
[15:51:17] [SEGMENT] 4936 2Q 為替差損: sales=12.454 profit=None (inserted)
[15:51:17] [SEGMENT] 4936 2Q 持分法による投資損失: sales=12.922 profit=None (inserted)
[15:51:17] [SEGMENT] 4936 2Q その他: sales=0.523 profit=None (updated)
[15:51:17] [SEGMENT] 4936 2Q 経常利益: sales=126.545 profit=None (inserted)
[15:51:17] [SEGMENT] 4936 2Q 固定資産除却損: sales=5.0040000000000004 profit=None (inserted)
[15:51:17] [SEGMENT] 4936 2Q 税金等調整前中間純利益: sales=121.541 profit=None (inserted)
[15:51:17] [SEGMENT] 4936 2Q 法人税、住民税及び事業税: sales=55.633 profit=None (inserted)
[15:51:17] [SEGMENT] 4936 2Q 中間純利益: sales=60.144 profit=None (inserted)
[15:51:17] [SEGMENT] 4936 2Q 非支配株主に帰属する中間純損失(: sales=-2.037 profit=None (inserted)
[15:51:17] [SEGMENT] 4936 2Q 親会社株主に帰属する中間純利益: sales=62.181000000000004 profit=None (inserted)
[15:51:18] [DL] ダウンロード中: https://webapi.yanoshin.jp/rd.php?https://www.release.tdnet.info/inbs/140120260312580469.pdf
[15:51:18] [DL] 保存完了: data\docs\140120260312580469.pdf (307.6KB)
[15:51:18] [DL] ダウンロード中: https://webapi.yanoshin.jp/rd.php?https://www.release.tdnet.info/inbs/081220260312580469.zip
[15:51:18] [DL] 保存完了: data\docs\081220260312580469.zip (85.7KB)
[15:51:19] [抽出] XBRL抽出を試行: data\docs\081220260312580469.zip
[15:51:19] [XBRL] 未知の財務タグ検出: ['tse-ed-t:CashFlowsFromOperatingActivities', 'tse-ed-t:ChangeInComprehensiveIncome', 'tse-ed-t:ChangeInNetIncome', 'tse-ed-t:ChangeInNetSales', 'tse-ed-t:ChangeInOperatingIncome', 'tse-ed-t:ChangeInOrdinaryIncome', 'tse-ed-t:ChangeInProfitAttributableToOwnersOfParent', 'tse-ed-t:ComprehensiveIncome', 'tse-ed-t:DilutedNetIncomePerShare', 'tse-ed-t:InvestmentProfitLossOnEquityMethod', 'tse-ed-t:NetIncome', 'tse-ed-t:NetIncomePerShare', 'tse-ed-t:NetIncomeToShareholdersEquityRatio', 'tse-ed-t:OperatingIncomeToNetSalesRatio', 'tse-ed-t:OrdinaryIncomeToTotalAssetsRatio', 'tse-ed-t:ProfitAttributableToOwnersOfParent']
[15:51:19] [XBRL] Summary抽出成功: XBRLData/Summary/tse-acedjpsm-49790-20260212349790-ixbrl.htm
[15:51:19] [XBRL] Summary不足項目: ['gross_profit', 'cost_of_sales'], PL Attachment候補: 1
[15:51:19] [XBRL] 未知の財務タグ検出: ['jppfs_cor:DividendsIncomeNOI', 'jppfs_cor:ExtraordinaryIncome', 'jppfs_cor:ExtraordinaryLoss', 'jppfs_cor:GainOnSalesOfNoncurrentAssetsEI', 'jppfs_cor:ImpairmentLossEL', 'jppfs_cor:IncomeBeforeIncomeTaxes', 'jppfs_cor:IncomeTaxes', 'jppfs_cor:IncomeTaxesCurrent', 'jppfs_cor:IncomeTaxesDeferred', 'jppfs_cor:InsuranceIncomeNOI', 'jppfs_cor:InterestIncomeNOI', 'jppfs_cor:LossOnRetirementOfNoncurrentAssetsEL', 'jppfs_cor:LossOnSalesOfNoncurrentAssetsEL', 'jppfs_cor:NonOperatingExpenses', 'jppfs_cor:NonOperatingIncome', 'jppfs_cor:ProfitLoss', 'jppfs_cor:ProfitLossAttributableToNonControllingInterests', 'jppfs_cor:ProfitLossAttributableToOwnersOfParent']
[15:51:19] [XBRL] PL Attachment抽出成功: XBRLData/Attachment/0102010-acpl01-tse-acedjpfr-49790-2025-12-31-01-2026-02-12-ixbrl.htm
[15:51:19] [XBRL] Attachment補完: gross_profit=15366000000
[15:51:19] [XBRL] Attachment補完: cost_of_sales=16583000000
[15:51:19] [抽出] XBRL抽出成功: sales=31950000000, gp=15366000000, op=3450000000
[15:51:19] [INGEST] doc_id=2f96347c7df516e4 zip_hash=55766ba6c9cf5e365b8af250508f85877896ca7da98b49581d4538fafa8b5bd3 status=parse_failed reason=年度/Q不明: year=R7/12, q=
[15:51:19] [DL] ダウンロード中: https://webapi.yanoshin.jp/rd.php?https://www.release.tdnet.info/inbs/140120260313581453.pdf
[15:51:19] [DL] 保存完了: data\docs\140120260313581453.pdf (376.8KB)
[15:51:19] [DL] ダウンロード中: https://webapi.yanoshin.jp/rd.php?https://www.release.tdnet.info/inbs/081220260313581453.zip
[15:51:19] [DL] 保存完了: data\docs\081220260313581453.zip (68.0KB)
[15:51:19] [抽出] XBRL抽出を試行: data\docs\081220260313581453.zip
[15:51:19] [XBRL] 未知の財務タグ検出: ['tse-ed-t:ChangeInComprehensiveIncome', 'tse-ed-t:ChangeInNetSales', 'tse-ed-t:ChangeInOperatingIncome', 'tse-ed-t:ChangeInOrdinaryIncome', 'tse-ed-t:ChangeInProfitAttributableToOwnersOfParent', 'tse-ed-t:ComprehensiveIncome', 'tse-ed-t:DilutedNetIncomePerShare', 'tse-ed-t:NetIncomePerShare', 'tse-ed-t:ProfitAttributableToOwnersOfParent']
[15:51:19] [XBRL] Summary抽出成功: XBRLData/Summary/tse-qcedjpsm-52180-20260313352180-ixbrl.htm
[15:51:19] [XBRL] Summary不足項目: ['gross_profit', 'cost_of_sales'], PL Attachment候補: 1
[15:51:19] [XBRL] 未知の財務タグ検出: ['jppfs_cor:CompensationIncomeNOI', 'jppfs_cor:DividendsIncomeNOI', 'jppfs_cor:ExtraordinaryIncome', 'jppfs_cor:ForeignExchangeLossesNOE', 'jppfs_cor:GainOnSalesOfNoncurrentAssetsEI', 'jppfs_cor:IncomeBeforeIncomeTaxes', 'jppfs_cor:IncomeTaxes', 'jppfs_cor:InterestIncomeNOI', 'jppfs_cor:LossOnRetirementOfNoncurrentAssetsNOE', 'jppfs_cor:NonOperatingExpenses', 'jppfs_cor:NonOperatingIncome', 'jppfs_cor:ProfitLoss', 'jppfs_cor:ProfitLossAttributableToNonControllingInterests', 'jppfs_cor:ProfitLossAttributableToOwnersOfParent']
[15:51:19] [XBRL] PL Attachment抽出成功: XBRLData/Attachment/0600000-qcpl11-tse-qcedjpfr-52180-2026-01-31-01-2026-03-13-ixbrl.htm
[15:51:19] [XBRL] Attachment補完: gross_profit=2028209000
[15:51:19] [XBRL] Attachment補完: cost_of_sales=5147164000
[15:51:19] [抽出] XBRL抽出成功: sales=7175000000, gp=2028209000, op=329000000
[15:51:19] [INGEST] doc_id=3e85ee7d958a1fc7 zip_hash=51c18179f1528e6f06b1b95b660e2a3fd4fde6515d217e33b20796a835104486 status=success 5218 2026-10-31 1Q sales=7175000000 gp=2028209000 op=329000000
[15:51:21] [v2] セグメント抽出成功: 5件, engine=v2, unit=千円, profit_role=
[15:51:21] [SEGMENT] 5218 1Q 光学プレス品: sales=2959.1420000000003 profit=None (inserted)
[15:51:21] [SEGMENT] 5218 1Q 光学ブロック品: sales=627.4590000000001 profit=None (inserted)
[15:51:21] [SEGMENT] 5218 1Q 特殊ガラス: sales=1870.987 profit=None (inserted)
[15:51:21] [SEGMENT] 5218 1Q 石英ガラス: sales=1416.3120000000001 profit=None (inserted)
[15:51:21] [SEGMENT] 5218 1Q セグメント利益又は損失(: sales=-210.866 profit=None (inserted)
[15:51:22] [DL] ダウンロード中: https://webapi.yanoshin.jp/rd.php?https://www.release.tdnet.info/inbs/140120260313581454.pdf
[15:51:23] [DL] 保存完了: data\docs\140120260313581454.pdf (886.6KB)
[15:51:23] [抽出] SKIP_PDF_NOT_TANSHIN: title=2026年10月期第１四半期決算説明資料
[15:51:23] [INGEST] doc_id=76f1d64eda1678a0 status=skipped_not_tanshin title=2026年10月期第１四半期決算説明資料
[15:51:23] [DL] ダウンロード中: https://webapi.yanoshin.jp/rd.php?https://www.release.tdnet.info/inbs/140120260312580918.pdf
[15:51:23] [DL] 保存完了: data\docs\140120260312580918.pdf (298.4KB)
[15:51:23] [DL] ダウンロード中: https://webapi.yanoshin.jp/rd.php?https://www.release.tdnet.info/inbs/081220260312580918.zip
[15:51:23] [DL] 保存完了: data\docs\081220260312580918.zip (82.3KB)
[15:51:23] [抽出] XBRL抽出を試行: data\docs\081220260312580918.zip
[15:51:23] [XBRL] 未知の財務タグ検出: ['tse-ed-t:CashFlowsFromOperatingActivitiesIFRS', 'tse-ed-t:ChangeInNetIncome', 'tse-ed-t:ChangeInNetSales', 'tse-ed-t:ChangeInOperatingIncome', 'tse-ed-t:ChangeInOperatingIncomeIFRS', 'tse-ed-t:ChangeInOrdinaryIncome', 'tse-ed-t:ChangeInProfitAttributableToOwnersOfParentIFRS', 'tse-ed-t:ChangeInProfitBeforeTaxIFRS', 'tse-ed-t:ChangeInProfitIFRS', 'tse-ed-t:ChangeInSalesIFRS', 'tse-ed-t:ChangesInTotalComprehensiveIncomeIFRS', 'tse-ed-t:DilutedNetIncomePerShare', 'tse-ed-t:NetIncome', 'tse-ed-t:NetIncomePerShare', 'tse-ed-t:OperatingIncomeIFRS', 'tse-ed-t:OperatingIncomeToSalesRatioIFRS', 'tse-ed-t:ProfitAttributableToOwnersOfParentIFRS', 'tse-ed-t:ProfitBeforeTaxIFRS', 'tse-ed-t:ProfitBeforeTaxToTotalAssetsRatioIFRS', 'tse-ed-t:ProfitIFRS', 'tse-ed-t:ProfitToEquityAttributableToOwnersOfParentRatioIFRS', 'tse-ed-t:SalesIFRS', 'tse-ed-t:TotalComprehensiveIncomeIFRS']
[15:51:23] [XBRL] Summary抽出成功: XBRLData/Summary/tse-acedifsm-58890-20260313358890-ixbrl.htm
[15:51:23] [XBRL] Summary不足項目: ['gross_profit', 'cost_of_sales'], PL Attachment候補: 1
[15:51:23] [XBRL] 未知の財務タグ検出: ['jpigp_cor:BasicEarningsLossPerShareIFRS', 'jpigp_cor:CostOfSalesIFRS', 'jpigp_cor:DilutedEarningsLossPerShareIFRS', 'jpigp_cor:FinanceIncomeIFRS', 'jpigp_cor:GrossProfitIFRS', 'jpigp_cor:IncomeTaxExpenseIFRS', 'jpigp_cor:OperatingProfitLossIFRS', 'jpigp_cor:OtherIncomeIFRS', 'jpigp_cor:ProfitLossAttributableToOwnersOfParentIFRS', 'jpigp_cor:ProfitLossBeforeTaxIFRS', 'jpigp_cor:ProfitLossIFRS', 'jpigp_cor:RevenueIFRS']
[15:51:23] [抽出] XBRL抽出成功: sales=1066000000, gp=None, op=489000000
[15:51:23] [補完] XBRL欠損フィールド=['gross_profit'], PDF補完を試行
[15:51:24] [INGEST] doc_id=9755589641ac2d0d zip_hash=c0ca616a1e42b2634ef6bbc62708e404557164d8bc5b098a8608bec49e4fe9e4 status=parse_failed reason=年度/Q不明: year=R8/1, q=
[15:51:24] [DL] ダウンロード中: https://webapi.yanoshin.jp/rd.php?https://www.release.tdnet.info/inbs/140120260313581610.pdf
[15:51:24] [DL] 保存完了: data\docs\140120260313581610.pdf (9838.7KB)
[15:51:25] [抽出] SKIP_PDF_NOT_TANSHIN: title=2026年７月期　第２四半期決算説明資料
[15:51:25] [INGEST] doc_id=8ba7cf79e9935209 status=skipped_not_tanshin title=2026年７月期　第２四半期決算説明資料
[15:51:25] [DL] ダウンロード中: https://webapi.yanoshin.jp/rd.php?https://www.release.tdnet.info/inbs/140120260304575669.pdf
[15:51:25] [DL] 保存完了: data\docs\140120260304575669.pdf (145.4KB)
[15:51:25] [DL] ダウンロード中: https://webapi.yanoshin.jp/rd.php?https://www.release.tdnet.info/inbs/081220260304575669.zip
[15:51:25] [DL] 保存完了: data\docs\081220260304575669.zip (46.0KB)
[15:51:25] [抽出] XBRL抽出を試行: data\docs\081220260304575669.zip
[15:51:25] [XBRL] 未知の財務タグ検出: ['tse-ed-t:ChangeInNetIncome', 'tse-ed-t:ChangeInOperatingIncome', 'tse-ed-t:ChangeInOperatingRevenues', 'tse-ed-t:ChangeInOrdinaryIncome', 'tse-ed-t:DilutedNetIncomePerShare', 'tse-ed-t:NetIncome', 'tse-ed-t:NetIncomePerShare', 'tse-ed-t:OperatingRevenues']
[15:51:25] [XBRL] 未知の財務タグ検出: ['jppfs_cor:IncomeBeforeIncomeTaxes', 'jppfs_cor:IncomeTaxesPaidOpeCF', 'jppfs_cor:InterestIncomeOpeCF', 'jppfs_cor:InterestIncomeReceivedOpeCF', 'jppfs_cor:NetCashProvidedByUsedInOperatingActivities']
[15:51:25] [XBRL] 未知の財務タグ検出: ['jppfs_cor:GainOnSalesOfSecuritiesNOI', 'jppfs_cor:IncomeBeforeIncomeTaxes', 'jppfs_cor:IncomeTaxes', 'jppfs_cor:IncomeTaxesCurrent', 'jppfs_cor:IncomeTaxesDeferred', 'jppfs_cor:InterestIncomeNOI', 'jppfs_cor:MiscellaneousIncomeNOI', 'jppfs_cor:MiscellaneousLossNOE', 'jppfs_cor:NonOperatingExpenses', 'jppfs_cor:NonOperatingIncome', 'jppfs_cor:OperatingExpenses', 'jppfs_cor:OperatingRevenue1', 'jppfs_cor:ProfitLoss']
[15:51:25] [XBRL] 未知の財務タグ検出: ['jppfs_cor:IncomeTaxesPayable', 'jppfs_cor:ValuationDifferenceOnAvailableForSaleSecurities']
[15:51:25] [XBRL] ZIP内の全候補で抽出失敗: data\docs\081220260304575669.zip
[15:51:25] [抽出] PDF抽出を試行: data\docs\140120260304575669.pdf
[15:51:25] [INGEST] doc_id=cdf13b20bb38a426 zip_hash=5b7737802f9af0c5a7f13bd1b88ce7bca5f3486ed369039f53e14ba3b8d03698 source_url=https://webapi.yanoshin.jp/rd.php?https://www.release.tdnet.info/inbs/140120260304575669.pdf status=extract_failed reason=売上高・営業利益ともに抽出できず
[15:51:25] [DL] ダウンロード中: https://webapi.yanoshin.jp/rd.php?https://www.release.tdnet.info/inbs/140120260310578917.pdf
[15:51:26] [DL] 保存完了: data\docs\140120260310578917.pdf (191.9KB)
[15:51:26] [DL] ダウンロード中: https://webapi.yanoshin.jp/rd.php?https://www.release.tdnet.info/inbs/081220260310578917.zip
[15:51:26] [DL] 保存完了: data\docs\081220260310578917.zip (40.1KB)
[15:51:26] [抽出] XBRL抽出を試行: data\docs\081220260310578917.zip
[15:51:26] [XBRL] 未知の財務タグ検出: ['tse-ed-t:ChangeInNetIncome', 'tse-ed-t:ChangeInNetSales', 'tse-ed-t:ChangeInOperatingIncome', 'tse-ed-t:ChangeInOrdinaryIncome', 'tse-ed-t:DilutedNetIncomePerShare', 'tse-ed-t:NetIncome', 'tse-ed-t:NetIncomePerShare']
[15:51:26] [XBRL] Summary抽出成功: XBRLData/Summary/tse-qnedjpsm-60490-20260313360490-ixbrl.htm
[15:51:26] [XBRL] Summary不足項目: ['gross_profit', 'cost_of_sales'], PL Attachment候補: 1
[15:51:26] [XBRL] 未知の財務タグ検出: ['jppfs_cor:DividendsIncomeNOI', 'jppfs_cor:ForeignExchangeLossesNOE', 'jppfs_cor:IncomeBeforeIncomeTaxes', 'jppfs_cor:IncomeTaxes', 'jppfs_cor:IncomeTaxesCurrent', 'jppfs_cor:IncomeTaxesDeferred', 'jppfs_cor:InterestIncomeNOI', 'jppfs_cor:NonOperatingExpenses', 'jppfs_cor:NonOperatingIncome', 'jppfs_cor:ProfitLoss']
[15:51:26] [XBRL] PL Attachment抽出成功: XBRLData/Attachment/0102010-qnpl12-tse-qnedjpfr-60490-2026-01-31-01-2026-03-13-ixbrl.htm
[15:51:26] [XBRL] Attachment補完: gross_profit=643164000
[15:51:26] [XBRL] Attachment補完: cost_of_sales=86923000
[15:51:26] [抽出] XBRL抽出成功: sales=730000000, gp=643164000, op=50000000
[15:51:26] [INGEST] doc_id=390474af6755d224 zip_hash=c89d8d74670d2273532095a9b7ff4406c762f5fc3920ab38dd27966cf17c2500 status=success 6049 2026-10-31 1Q sales=730000000 gp=643164000 op=50000000
[15:51:27] [v2] セグメント抽出成功: 19件, engine=v2, unit=千円, profit_role=
[15:51:27] [SEGMENT] 6049 1Q 前第: sales=0.001 profit=None (inserted)
[15:51:27] [SEGMENT] 6049 1Q (自: sales=2.024 profit=None (inserted)
[15:51:27] [SEGMENT] 6049 1Q 売上高: sales=794.963 profit=None (inserted)
[15:51:27] [SEGMENT] 6049 1Q 売上原価: sales=93.958 profit=None (inserted)
[15:51:27] [SEGMENT] 6049 1Q 売上総利益: sales=701.004 profit=None (inserted)
[15:51:27] [SEGMENT] 6049 1Q 販売費及び一般管理費: sales=663.976 profit=None (inserted)
[15:51:27] [SEGMENT] 6049 1Q 営業利益: sales=37.028 profit=None (inserted)
[15:51:27] [SEGMENT] 6049 1Q 受取利息: sales=2.412 profit=None (inserted)
[15:51:27] [SEGMENT] 6049 1Q 有価証券利息: sales=18.197 profit=None (inserted)
[15:51:27] [SEGMENT] 6049 1Q 受取配当金: sales=0.428 profit=None (inserted)
[15:51:27] [SEGMENT] 6049 1Q 受取手数料: sales=0.009000000000000001 profit=None (inserted)
[15:51:27] [SEGMENT] 6049 1Q その他: sales=0.17300000000000001 profit=None (inserted)
[15:51:27] [SEGMENT] 6049 1Q 支払利息: sales=0.02 profit=None (inserted)
[15:51:27] [SEGMENT] 6049 1Q 為替差損: sales=0.027 profit=None (inserted)
[15:51:27] [SEGMENT] 6049 1Q その他: sales=0.0 profit=None (updated)
[15:51:27] [SEGMENT] 6049 1Q 経常利益: sales=57.773 profit=None (inserted)
[15:51:27] [SEGMENT] 6049 1Q 税引前四半期純利益: sales=57.773 profit=None (inserted)
[15:51:27] [SEGMENT] 6049 1Q 法人税、住民税及び事業税: sales=1.28 profit=None (inserted)
[15:51:27] [SEGMENT] 6049 1Q 四半期純利益: sales=19.531 profit=None (inserted)
[15:51:27] [DL] ダウンロード中: https://webapi.yanoshin.jp/rd.php?https://www.release.tdnet.info/inbs/140120260311579432.pdf
[15:51:28] [DL] 保存完了: data\docs\140120260311579432.pdf (1415.2KB)
[15:51:28] [抽出] SKIP_PDF_NOT_TANSHIN: title=2026年10月期第１四半期 決算補足説明資料
[15:51:28] [INGEST] doc_id=e0daeec92a3e8cde status=skipped_not_tanshin title=2026年10月期第１四半期 決算補足説明資料
[15:51:28] [DL] ダウンロード中: https://webapi.yanoshin.jp/rd.php?https://www.release.tdnet.info/inbs/140120260312580690.pdf
[15:51:28] [DL] 保存完了: data\docs\140120260312580690.pdf (364.8KB)
[15:51:28] [抽出] PDF抽出を試行: data\docs\140120260312580690.pdf
[15:51:28] [INGEST] doc_id=f2d365e74e3746e5 zip_hash=f3354d406504456c95cb5855915741ad8df8efe8d86e3dab1ac80aafe68139cf source_url=https://webapi.yanoshin.jp/rd.php?https://www.release.tdnet.info/inbs/140120260312580690.pdf status=extract_failed reason=売上高・営業利益ともに抽出できず
[15:51:28] [DL] ダウンロード中: https://webapi.yanoshin.jp/rd.php?https://www.release.tdnet.info/inbs/140120260313581320.pdf
[15:51:28] [DL] 保存完了: data\docs\140120260313581320.pdf (239.8KB)
[15:51:28] [DL] ダウンロード中: https://webapi.yanoshin.jp/rd.php?https://www.release.tdnet.info/inbs/081220260313581320.zip
[15:51:28] [DL] 保存完了: data\docs\081220260313581320.zip (46.6KB)
[15:51:29] [抽出] XBRL抽出を試行: data\docs\081220260313581320.zip
[15:51:29] [XBRL] 未知の財務タグ検出: ['tse-ed-t:ChangeInNetIncome', 'tse-ed-t:ChangeInNetSales', 'tse-ed-t:ChangeInOperatingIncome', 'tse-ed-t:ChangeInOrdinaryIncome', 'tse-ed-t:DilutedNetIncomePerShare', 'tse-ed-t:NetIncome', 'tse-ed-t:NetIncomePerShare']
[15:51:29] [XBRL] Summary抽出成功: XBRLData/Summary/tse-qnedjpsm-66560-20260313366560-ixbrl.htm
[15:51:29] [XBRL] Summary不足項目: ['gross_profit', 'cost_of_sales'], PL Attachment候補: 1
[15:51:29] [XBRL] 未知の財務タグ検出: ['jppfs_cor:ExtraordinaryIncome', 'jppfs_cor:ExtraordinaryLoss', 'jppfs_cor:GainOnSalesOfNoncurrentAssetsEI', 'jppfs_cor:IncomeBeforeIncomeTaxes', 'jppfs_cor:IncomeTaxes', 'jppfs_cor:IncomeTaxesCurrent', 'jppfs_cor:IncomeTaxesDeferred', 'jppfs_cor:InterestIncomeNOI', 'jppfs_cor:LossOnBusinessWithdrawalEL', 'jppfs_cor:LossOnRetirementOfNoncurrentAssetsEL', 'jppfs_cor:LossOnSalesOfNotesPayableNOE', 'jppfs_cor:MiscellaneousIncomeNOI', 'jppfs_cor:NonOperatingExpenses', 'jppfs_cor:NonOperatingIncome', 'jppfs_cor:ProfitLoss', 'jppfs_cor:SubsidyIncomeNOI']
[15:51:29] [XBRL] PL Attachment抽出成功: XBRLData/Attachment/0102010-qnpl12-tse-qnedjpfr-66560-2026-01-31-01-2026-03-13-ixbrl.htm
[15:51:29] [XBRL] Attachment補完: gross_profit=388622000
[15:51:29] [XBRL] Attachment補完: cost_of_sales=689521000
[15:51:29] [抽出] XBRL抽出成功: sales=1078000000, gp=388622000, op=-168000000
[15:51:29] [INGEST] doc_id=f9cd806f99928451 zip_hash=398d72545ca2a15377fddbe5b8fbfb707808e2dc4dce85eb2e451767116d9cc4 status=success 6656 2026-04-30 3Q sales=1078000000 gp=388622000 op=-168000000
[15:51:29] [ORDER] 6656 2026-04-30 3Q backlog_total=2 (inserted)
[15:51:29] [v2] セグメント抽出成功: 27件, engine=v2, unit=千円, profit_role=
[15:51:29] [SEGMENT] 6656 3Q 前第: sales=0.003 profit=None (inserted)
[15:51:29] [SEGMENT] 6656 3Q (自: sales=2.024 profit=None (inserted)
[15:51:29] [SEGMENT] 6656 3Q 売上高: sales=1368.98 profit=None (inserted)
[15:51:29] [SEGMENT] 6656 3Q 売上原価: sales=805.285 profit=None (inserted)
[15:51:29] [SEGMENT] 6656 3Q 売上総利益: sales=563.695 profit=None (inserted)
[15:51:29] [SEGMENT] 6656 3Q 販売費及び一般管理費: sales=621.311 profit=None (inserted)
[15:51:29] [SEGMENT] 6656 3Q 営業損失(: sales=-57.615 profit=None (inserted)
[15:51:29] [SEGMENT] 6656 3Q 受取利息: sales=0.031 profit=None (inserted)
[15:51:29] [SEGMENT] 6656 3Q 為替差益: sales=0.05 profit=None (inserted)
[15:51:29] [SEGMENT] 6656 3Q 貸倒引当金戻入額: sales=0.483 profit=None (inserted)
[15:51:29] [SEGMENT] 6656 3Q 償却債権取立益: sales=10.933 profit=None (inserted)
[15:51:29] [SEGMENT] 6656 3Q 補助金収入: sales=31.069 profit=None (inserted)
[15:51:29] [SEGMENT] 6656 3Q 雑収入: sales=0.11900000000000001 profit=None (inserted)
[15:51:29] [SEGMENT] 6656 3Q その他: sales=1.129 profit=None (inserted)
[15:51:29] [SEGMENT] 6656 3Q 支払利息: sales=26.651 profit=None (inserted)
[15:51:29] [SEGMENT] 6656 3Q 貸倒引当金繰入額: sales=2.015 profit=None (inserted)
[15:51:29] [SEGMENT] 6656 3Q 手形売却損: sales=1.3840000000000001 profit=None (inserted)
[15:51:29] [SEGMENT] 6656 3Q 株式交付費: sales=0.977 profit=None (inserted)
[15:51:29] [SEGMENT] 6656 3Q シンジケートローン手数料: sales=17.87 profit=None (inserted)
[15:51:29] [SEGMENT] 6656 3Q その他: sales=0.45 profit=None (updated)
[15:51:29] [SEGMENT] 6656 3Q 経常損失(: sales=-71.08800000000001 profit=None (inserted)
[15:51:29] [SEGMENT] 6656 3Q 固定資産売却益: sales=0.092 profit=None (inserted)
[15:51:29] [SEGMENT] 6656 3Q 固定資産除却損: sales=0.0 profit=None (inserted)
[15:51:29] [SEGMENT] 6656 3Q 事業撤退損: sales=247.13400000000001 profit=None (inserted)
[15:51:29] [SEGMENT] 6656 3Q 税引前四半期純損失(: sales=-318.222 profit=None (inserted)
[15:51:29] [SEGMENT] 6656 3Q 法人税、住民税及び事業税: sales=4.889 profit=None (inserted)
[15:51:29] [SEGMENT] 6656 3Q 四半期純損失(: sales=-322.32800000000003 profit=None (inserted)
[15:51:30] [DL] ダウンロード中: https://webapi.yanoshin.jp/rd.php?https://www.release.tdnet.info/inbs/140120260312580582.pdf
[15:51:30] [DL] 保存完了: data\docs\140120260312580582.pdf (871.4KB)
[15:51:30] [DL] ダウンロード中: https://webapi.yanoshin.jp/rd.php?https://www.release.tdnet.info/inbs/081220260312580582.zip
[15:51:30] [DL] 保存完了: data\docs\081220260312580582.zip (119.8KB)
[15:51:31] [抽出] XBRL抽出を試行: data\docs\081220260312580582.zip
[15:51:31] [XBRL] 未知の財務タグ検出: ['tse-ed-t:CashFlowsFromOperatingActivities', 'tse-ed-t:ChangeInComprehensiveIncome', 'tse-ed-t:ChangeInNetIncome', 'tse-ed-t:ChangeInNetSales', 'tse-ed-t:ChangeInOperatingIncome', 'tse-ed-t:ChangeInOrdinaryIncome', 'tse-ed-t:ChangeInProfitAttributableToOwnersOfParent', 'tse-ed-t:ComprehensiveIncome', 'tse-ed-t:DilutedNetIncomePerShare', 'tse-ed-t:InvestmentProfitLossOnEquityMethod', 'tse-ed-t:NetIncome', 'tse-ed-t:NetIncomePerShare', 'tse-ed-t:NetIncomeToShareholdersEquityRatio', 'tse-ed-t:OperatingIncomeToNetSalesRatio', 'tse-ed-t:OrdinaryIncomeToTotalAssetsRatio', 'tse-ed-t:ProfitAttributableToOwnersOfParent']
[15:51:31] [XBRL] Summary抽出成功: XBRLData/Summary/tse-acedjpsm-67570-20260313367570-ixbrl.htm
[15:51:31] [XBRL] Summary不足項目: ['gross_profit', 'cost_of_sales'], PL Attachment候補: 1
[15:51:31] [XBRL] 未知の財務タグ検出: ['jppfs_cor:CompensationIncomeNOI', 'jppfs_cor:DividendsIncomeNOI', 'jppfs_cor:ExtraordinaryIncome', 'jppfs_cor:ExtraordinaryLoss', 'jppfs_cor:ForeignExchangeLossesNOE', 'jppfs_cor:GainOnSalesOfInvestmentSecuritiesEI', 'jppfs_cor:GainOnSalesOfNoncurrentAssetsEI', 'jppfs_cor:ImpairmentLossEL', 'jppfs_cor:IncomeBeforeIncomeTaxes', 'jppfs_cor:IncomeTaxes', 'jppfs_cor:IncomeTaxesCurrent', 'jppfs_cor:IncomeTaxesDeferred', 'jppfs_cor:InterestIncomeNOI', 'jppfs_cor:LossOnAbandonmentOfGoodsNOE', 'jppfs_cor:LossOnRetirementOfNoncurrentAssetsEL', 'jppfs_cor:LossOnSalesOfNoncurrentAssetsEL', 'jppfs_cor:NonOperatingExpenses', 'jppfs_cor:NonOperatingIncome', 'jppfs_cor:PenaltyIncomeNOI', 'jppfs_cor:ProfitLoss', 'jppfs_cor:ProfitLossAttributableToNonControllingInterests', 'jppfs_cor:ProfitLossAttributableToOwnersOfParent', 'jppfs_cor:SubsidyIncomeNOIBounty', 'tse-acedjpfr-67570:LossOnCancellationOfLeaseAgreementsNOE']
[15:51:31] [XBRL] PL Attachment抽出成功: XBRLData/Attachment/0301000-acpl01-tse-acedjpfr-67570-2026-01-31-01-2026-03-13-ixbrl.htm
[15:51:31] [XBRL] Attachment補完: gross_profit=4814566000
[15:51:31] [XBRL] Attachment補完: cost_of_sales=3370643000
[15:51:31] [抽出] XBRL抽出成功: sales=8185000000, gp=4814566000, op=207000000
[15:51:31] [INGEST] doc_id=f1e03de4e8e11f57 zip_hash=289ea9d79d22835323d5b9e434228e3458938ccd1d6f062f4b33c0914a55937d status=parse_failed reason=年度/Q不明: year=R8/1, q=
[15:51:31] [DL] ダウンロード中: https://webapi.yanoshin.jp/rd.php?https://www.release.tdnet.info/inbs/140120260313581833.pdf
[15:51:31] [DL] 保存完了: data\docs\140120260313581833.pdf (309.8KB)
[15:51:31] [DL] ダウンロード中: https://webapi.yanoshin.jp/rd.php?https://www.release.tdnet.info/inbs/081220260313581833.zip
[15:51:32] [DL] 保存完了: data\docs\081220260313581833.zip (94.3KB)
[15:51:32] [抽出] XBRL抽出を試行: data\docs\081220260313581833.zip
[15:51:32] [XBRL] 未知の財務タグ検出: ['tse-ed-t:CashFlowsFromOperatingActivities', 'tse-ed-t:ChangeInComprehensiveIncome', 'tse-ed-t:ChangeInNetIncome', 'tse-ed-t:ChangeInNetSales', 'tse-ed-t:ChangeInOperatingIncome', 'tse-ed-t:ChangeInOrdinaryIncome', 'tse-ed-t:ChangeInProfitAttributableToOwnersOfParent', 'tse-ed-t:ComprehensiveIncome', 'tse-ed-t:DilutedNetIncomePerShare', 'tse-ed-t:InvestmentProfitLossOnEquityMethod', 'tse-ed-t:NetIncome', 'tse-ed-t:NetIncomePerShare', 'tse-ed-t:NetIncomeToShareholdersEquityRatio', 'tse-ed-t:OperatingIncomeToNetSalesRatio', 'tse-ed-t:OrdinaryIncomeToTotalAssetsRatio', 'tse-ed-t:ProfitAttributableToOwnersOfParent']
[15:51:32] [XBRL] Summary抽出成功: XBRLData/Summary/tse-acedjpsm-70730-20260313370730-ixbrl.htm
[15:51:32] [XBRL] Summary不足項目: ['gross_profit', 'cost_of_sales'], PL Attachment候補: 1
[15:51:32] [XBRL] 未知の財務タグ検出: ['jppfs_cor:DividendsIncomeNOI', 'jppfs_cor:ExtraordinaryIncome', 'jppfs_cor:ExtraordinaryLoss', 'jppfs_cor:GainOnSalesOfInvestmentSecuritiesEI', 'jppfs_cor:ImpairmentLossEL', 'jppfs_cor:IncomeBeforeIncomeTaxes', 'jppfs_cor:IncomeTaxes', 'jppfs_cor:IncomeTaxesCurrent', 'jppfs_cor:IncomeTaxesDeferred', 'jppfs_cor:InterestIncomeNOI', 'jppfs_cor:LossOnRetirementOfNoncurrentAssetsEL', 'jppfs_cor:NonOperatingExpenses', 'jppfs_cor:NonOperatingIncome', 'jppfs_cor:ProfitLoss', 'jppfs_cor:ProfitLossAttributableToOwnersOfParent', 'jppfs_cor:SubsidyIncomeNOI']
[15:51:32] [XBRL] PL Attachment抽出成功: XBRLData/Attachment/0102010-acpl01-tse-acedjpfr-70730-2026-01-31-01-2026-03-13-ixbrl.htm
[15:51:32] [XBRL] Attachment補完: gross_profit=3727313000
[15:51:32] [XBRL] Attachment補完: cost_of_sales=748487000
[15:51:32] [抽出] XBRL抽出成功: sales=4475000000, gp=3727313000, op=203000000
[15:51:32] [INGEST] doc_id=f9542084ec81d028 zip_hash=cc3d8e757ff93a580538f29070d38716d63f4d4cfc40dc8d9490038384f8d468 status=parse_failed reason=年度/Q不明: year=R8/1, q=
[15:51:32] [DL] ダウンロード中: https://webapi.yanoshin.jp/rd.php?https://www.release.tdnet.info/inbs/140120260312580742.pdf
[15:51:33] [DL] 保存完了: data\docs\140120260312580742.pdf (2638.0KB)
[15:51:33] [抽出] SKIP_PDF_NOT_TANSHIN: title=2026年７月期第２四半期決算説明資料
[15:51:33] [INGEST] doc_id=941a4b3b0407a6ac status=skipped_not_tanshin title=2026年７月期第２四半期決算説明資料
[15:51:33] [DL] ダウンロード中: https://webapi.yanoshin.jp/rd.php?https://www.release.tdnet.info/inbs/140120260312580203.pdf
[15:51:33] [DL] 保存完了: data\docs\140120260312580203.pdf (247.0KB)
[15:51:33] [DL] ダウンロード中: https://webapi.yanoshin.jp/rd.php?https://www.release.tdnet.info/inbs/081220260312580203.zip
[15:51:33] [DL] 保存完了: data\docs\081220260312580203.zip (55.9KB)
[15:51:34] [抽出] XBRL抽出を試行: data\docs\081220260312580203.zip
[15:51:34] [XBRL] 未知の財務タグ検出: ['tse-ed-t:ChangeInComprehensiveIncome', 'tse-ed-t:ChangeInNetSales', 'tse-ed-t:ChangeInOperatingIncome', 'tse-ed-t:ChangeInOrdinaryIncome', 'tse-ed-t:ChangeInProfitAttributableToOwnersOfParent', 'tse-ed-t:ComprehensiveIncome', 'tse-ed-t:DilutedNetIncomePerShare', 'tse-ed-t:NetIncomePerShare', 'tse-ed-t:ProfitAttributableToOwnersOfParent']
[15:51:34] [XBRL] Summary抽出成功: XBRLData/Summary/tse-scedjpsy-70970-20260313370970-ixbrl.htm
[15:51:34] [XBRL] Summary不足項目: ['gross_profit', 'cost_of_sales'], PL Attachment候補: 1
[15:51:34] [XBRL] 未知の財務タグ検出: ['jppfs_cor:ExtraordinaryIncome', 'jppfs_cor:ExtraordinaryLoss', 'jppfs_cor:GainOnSalesOfNoncurrentAssetsEI', 'jppfs_cor:IncomeBeforeIncomeTaxes', 'jppfs_cor:IncomeTaxes', 'jppfs_cor:LossOnRetirementOfNoncurrentAssetsEL', 'jppfs_cor:NonOperatingExpenses', 'jppfs_cor:NonOperatingIncome', 'jppfs_cor:ProfitLoss', 'jppfs_cor:ProfitLossAttributableToNonControllingInterests', 'jppfs_cor:ProfitLossAttributableToOwnersOfParent', 'tse-scedjpfr-70970:PreoperatingCostsNOE']
[15:51:34] [XBRL] PL Attachment抽出成功: XBRLData/Attachment/0102010-scpl15-tse-scedjpfr-70970-2026-01-31-01-2026-03-13-ixbrl.htm
[15:51:34] [XBRL] Attachment補完: gross_profit=1048000000
[15:51:34] [XBRL] Attachment補完: cost_of_sales=6548000000
[15:51:34] [抽出] XBRL抽出成功: sales=8315000000, gp=1048000000, op=525000000
[15:51:34] [INGEST] doc_id=c60bfb3326f5ad3c zip_hash=e8ff999c1291c4483952fab0b0672e44dcab9051ba17dd5ad7f4412be50ea124 status=success 7097 2026-07-31 2Q sales=8315000000 gp=1048000000 op=525000000
[15:51:34] [v2] セグメント抽出成功: 25件, engine=v2, unit=百万円, profit_role=
[15:51:34] [SEGMENT] 7097 2Q (自: sales=2024.0 profit=None (inserted)
[15:51:34] [SEGMENT] 7097 2Q 売上高: sales=7597.0 profit=None (inserted)
[15:51:34] [SEGMENT] 7097 2Q 売上原価: sales=6548.0 profit=None (inserted)
[15:51:34] [SEGMENT] 7097 2Q 売上総利益: sales=1048.0 profit=None (inserted)
[15:51:34] [SEGMENT] 7097 2Q 販売費及び一般管理費: sales=873.0 profit=None (inserted)
[15:51:34] [SEGMENT] 7097 2Q 営業利益: sales=174.0 profit=None (inserted)
[15:51:34] [SEGMENT] 7097 2Q 持分法による投資利益: sales=7.0 profit=None (inserted)
[15:51:34] [SEGMENT] 7097 2Q その他: sales=6.0 profit=None (inserted)
[15:51:34] [SEGMENT] 7097 2Q 支払利息: sales=27.0 profit=None (inserted)
[15:51:34] [SEGMENT] 7097 2Q 開業準備費: sales=5.0 profit=None (inserted)
[15:51:34] [SEGMENT] 7097 2Q 支払手数料: sales=16.0 profit=None (inserted)
[15:51:34] [SEGMENT] 7097 2Q その他: sales=2.0 profit=None (updated)
[15:51:34] [SEGMENT] 7097 2Q 経常利益: sales=142.0 profit=None (inserted)
[15:51:34] [SEGMENT] 7097 2Q 固定資産売却益: sales=1.0 profit=None (inserted)
[15:51:34] [SEGMENT] 7097 2Q 固定資産除却損: sales=13.0 profit=None (inserted)
[15:51:34] [SEGMENT] 7097 2Q 税金等調整前中間純利益: sales=129.0 profit=None (inserted)
[15:51:34] [SEGMENT] 7097 2Q 法人税等: sales=29.0 profit=None (inserted)
[15:51:34] [SEGMENT] 7097 2Q 中間純利益: sales=99.0 profit=None (inserted)
[15:51:34] [SEGMENT] 7097 2Q 非支配株主に帰属する中間純損失(: sales=-0.0 profit=None (inserted)
[15:51:34] [SEGMENT] 7097 2Q 親会社株主に帰属する中間純利益: sales=100.0 profit=None (inserted)
[15:51:34] [SEGMENT] 7097 2Q (自: sales=2024.0 profit=None (updated)
[15:51:34] [SEGMENT] 7097 2Q 中間純利益: sales=99.0 profit=None (updated)
[15:51:34] [SEGMENT] 7097 2Q 中間包括利益: sales=99.0 profit=None (inserted)
[15:51:34] [SEGMENT] 7097 2Q 親会社株主に係る中間包括利益: sales=100.0 profit=None (inserted)
[15:51:34] [SEGMENT] 7097 2Q 非支配株主に係る中間包括利益: sales=-0.0 profit=None (inserted)
[15:51:35] [DL] ダウンロード中: https://webapi.yanoshin.jp/rd.php?https://www.release.tdnet.info/inbs/140120260309578005.pdf
[15:51:35] [DL] 保存完了: data\docs\140120260309578005.pdf (244.4KB)
[15:51:35] [DL] ダウンロード中: https://webapi.yanoshin.jp/rd.php?https://www.release.tdnet.info/inbs/081220260309578005.zip
[15:51:35] [DL] 保存完了: data\docs\081220260309578005.zip (56.5KB)
[15:51:36] [抽出] XBRL抽出を試行: data\docs\081220260309578005.zip
[15:51:36] [XBRL] 未知の財務タグ検出: ['tse-ed-t:ChangeInNetIncome', 'tse-ed-t:ChangeInNetSales', 'tse-ed-t:ChangeInOperatingIncome', 'tse-ed-t:ChangeInOrdinaryIncome', 'tse-ed-t:DilutedNetIncomePerShare', 'tse-ed-t:NetIncome', 'tse-ed-t:NetIncomePerShare']
[15:51:36] [XBRL] Summary抽出成功: XBRLData/Summary/tse-snedjpsy-71260-20260313371260-ixbrl.htm
[15:51:36] [XBRL] Summary不足項目: ['gross_profit', 'cost_of_sales'], PL Attachment候補: 1
[15:51:36] [XBRL] 未知の財務タグ検出: ['jppfs_cor:CostOfLeaseRevenueNOE', 'jppfs_cor:DividendsIncomeNOI', 'jppfs_cor:ExtraordinaryIncome', 'jppfs_cor:ExtraordinaryLoss', 'jppfs_cor:ForeignExchangeLossesNOE', 'jppfs_cor:ImpairmentLossEL', 'jppfs_cor:IncomeBeforeIncomeTaxes', 'jppfs_cor:IncomeTaxes', 'jppfs_cor:IncomeTaxesCurrent', 'jppfs_cor:IncomeTaxesDeferred', 'jppfs_cor:InterestIncomeNOI', 'jppfs_cor:LossOnRetirementOfNoncurrentAssetsEL', 'jppfs_cor:NonOperatingExpenses', 'jppfs_cor:NonOperatingIncome', 'jppfs_cor:ProfitLoss', 'tse-snedjpfr-71260:ARentIncomeNOI', 'tse-snedjpfr-71260:ProceedsFromSalesOfGoodsNOI']
[15:51:36] [XBRL] PL Attachment抽出成功: XBRLData/Attachment/0102010-snpl16-tse-snedjpfr-71260-2026-01-31-01-2026-03-13-ixbrl.htm
[15:51:36] [XBRL] Attachment補完: gross_profit=3071111000
[15:51:36] [XBRL] Attachment補完: cost_of_sales=2414562000
[15:51:36] [抽出] XBRL抽出成功: sales=5728000000, gp=3071111000, op=249000000
[15:51:36] [INGEST] doc_id=2a6179a967ac64e6 zip_hash=95aa425ab07c56345094dcea4d7f72ae8f2fe2e94368be6dbcaf24c12e83298b status=success 7126 2026-07-31 2Q sales=5728000000 gp=3071111000 op=249000000
[15:51:36] [v2] セグメント抽出成功: 25件, engine=v2, unit=千円, profit_role=
[15:51:36] [SEGMENT] 7126 2Q (自: sales=2.024 profit=None (inserted)
[15:51:36] [SEGMENT] 7126 2Q 売上高: sales=5485.674 profit=None (inserted)
[15:51:36] [SEGMENT] 7126 2Q 売上原価: sales=2414.562 profit=None (inserted)
[15:51:36] [SEGMENT] 7126 2Q 売上総利益: sales=3071.111 profit=None (inserted)
[15:51:36] [SEGMENT] 7126 2Q 販売費及び一般管理費: sales=2713.19 profit=None (inserted)
[15:51:36] [SEGMENT] 7126 2Q 営業利益: sales=357.921 profit=None (inserted)
[15:51:36] [SEGMENT] 7126 2Q 受取利息: sales=0.12 profit=None (inserted)
[15:51:36] [SEGMENT] 7126 2Q 受取配当金: sales=0.076 profit=None (inserted)
[15:51:36] [SEGMENT] 7126 2Q 為替差益: sales=1.034 profit=None (inserted)
[15:51:36] [SEGMENT] 7126 2Q 賃貸料収入: sales=42.074 profit=None (inserted)
[15:51:36] [SEGMENT] 7126 2Q 物品売却収入: sales=5.779 profit=None (inserted)
[15:51:36] [SEGMENT] 7126 2Q その他: sales=1.341 profit=None (inserted)
[15:51:36] [SEGMENT] 7126 2Q 支払利息: sales=15.947000000000001 profit=None (inserted)
[15:51:36] [SEGMENT] 7126 2Q 為替差損: sales=3.069 profit=None (inserted)
[15:51:36] [SEGMENT] 7126 2Q 賃貸収入原価: sales=12.571 profit=None (inserted)
[15:51:36] [SEGMENT] 7126 2Q 物品購入費用: sales=2.954 profit=None (inserted)
[15:51:36] [SEGMENT] 7126 2Q その他: sales=0.767 profit=None (updated)
[15:51:36] [SEGMENT] 7126 2Q 経常利益: sales=376.107 profit=None (inserted)
[15:51:36] [SEGMENT] 7126 2Q 資産除去債務戻入益: sales=7.01 profit=None (inserted)
[15:51:36] [SEGMENT] 7126 2Q 固定資産除却損: sales=0.0 profit=None (inserted)
[15:51:36] [SEGMENT] 7126 2Q 減損損失: sales=27.28 profit=None (inserted)
[15:51:36] [SEGMENT] 7126 2Q 事務所移転費用: sales=7.24 profit=None (inserted)
[15:51:36] [SEGMENT] 7126 2Q 税引前中間純利益: sales=348.597 profit=None (inserted)
[15:51:36] [SEGMENT] 7126 2Q 法人税、住民税及び事業税: sales=122.309 profit=None (inserted)
[15:51:36] [SEGMENT] 7126 2Q 中間純利益: sales=222.94400000000002 profit=None (inserted)
[15:51:37] [DL] ダウンロード中: https://webapi.yanoshin.jp/rd.php?https://www.release.tdnet.info/inbs/140120260313581335.pdf
[15:51:37] [DL] 保存完了: data\docs\140120260313581335.pdf (661.0KB)
[15:51:37] [抽出] SKIP_PDF_NOT_TANSHIN: title=2026年10月期　第１四半期　決算説明資料
[15:51:37] [INGEST] doc_id=fe64e06c80691acf status=skipped_not_tanshin title=2026年10月期　第１四半期　決算説明資料
[15:51:37] [DL] ダウンロード中: https://webapi.yanoshin.jp/rd.php?https://www.release.tdnet.info/inbs/140120260313581228.pdf
[15:51:38] [DL] 保存完了: data\docs\140120260313581228.pdf (233.0KB)
[15:51:38] [DL] ダウンロード中: https://webapi.yanoshin.jp/rd.php?https://www.release.tdnet.info/inbs/081220260313581228.zip
[15:51:38] [DL] 保存完了: data\docs\081220260313581228.zip (56.6KB)
[15:51:38] [抽出] XBRL抽出を試行: data\docs\081220260313581228.zip
[15:51:38] [XBRL] 未知の財務タグ検出: ['tse-ed-t:ChangeInComprehensiveIncome', 'tse-ed-t:ChangeInNetSales', 'tse-ed-t:ChangeInOperatingIncome', 'tse-ed-t:ChangeInOrdinaryIncome', 'tse-ed-t:ChangeInProfitAttributableToOwnersOfParent', 'tse-ed-t:ComprehensiveIncome', 'tse-ed-t:DilutedNetIncomePerShare', 'tse-ed-t:NetIncomePerShare', 'tse-ed-t:ProfitAttributableToOwnersOfParent']
[15:51:38] [XBRL] Summary抽出成功: XBRLData/Summary/tse-qcedjpsm-71310-20260313581228-ixbrl.htm
[15:51:38] [XBRL] Summary不足項目: ['gross_profit', 'cost_of_sales'], PL Attachment候補: 1
[15:51:38] [XBRL] 未知の財務タグ検出: ['jppfs_cor:DividendsIncomeNOI', 'jppfs_cor:ForeignExchangeLossesNOE', 'jppfs_cor:GainOnSalesOfGoodsNOI', 'jppfs_cor:IncomeBeforeIncomeTaxes', 'jppfs_cor:IncomeTaxes', 'jppfs_cor:NonOperatingExpenses', 'jppfs_cor:NonOperatingIncome', 'jppfs_cor:ProfitLoss', 'jppfs_cor:ProfitLossAttributableToNonControllingInterests', 'jppfs_cor:ProfitLossAttributableToOwnersOfParent']
[15:51:38] [XBRL] PL Attachment抽出成功: XBRLData/Attachment/0102010-qcpl11-tse-qcedjpfr-71310-2026-01-31-01-2026-03-13-ixbrl.htm
[15:51:38] [XBRL] Attachment補完: gross_profit=522462000
[15:51:38] [XBRL] Attachment補完: cost_of_sales=1228671000
[15:51:38] [抽出] XBRL抽出成功: sales=1751000000, gp=522462000, op=231000000
[15:51:38] [INGEST] doc_id=6b667086083bd873 zip_hash=bb0861098942bdbbc3545667d640f383abbf8b6dc5c1e622f617bcdc6feabebc status=success 7131 2026-10-31 1Q sales=1751000000 gp=522462000 op=231000000
[15:51:39] [v2] セグメント抽出成功: 7件, engine=v2, unit=千円, profit_role=
[15:51:39] [SEGMENT] 7131 1Q I 前第: sales=0.001 profit=None (inserted)
[15:51:39] [SEGMENT] 7131 1Q 包装資材関係: sales=905.78 profit=None (inserted)
[15:51:39] [SEGMENT] 7131 1Q 包装機械関係: sales=453.382 profit=None (inserted)
[15:51:39] [SEGMENT] 7131 1Q 梱包資材関係: sales=190.40200000000002 profit=None (inserted)
[15:51:39] [SEGMENT] 7131 1Q 梱包機械関係: sales=27.034 profit=None (inserted)
[15:51:39] [SEGMENT] 7131 1Q 外部顧客への売上高: sales=1359.162 profit=None (inserted)
[15:51:39] [SEGMENT] 7131 1Q セグメント利益: sales=123.623 profit=None (inserted)
[15:51:39] [DL] ダウンロード中: https://webapi.yanoshin.jp/rd.php?https://www.release.tdnet.info/inbs/140120260309578448.pdf
[15:51:40] [DL] 保存完了: data\docs\140120260309578448.pdf (1334.4KB)
[15:51:40] [抽出] SKIP_PDF_NOT_TANSHIN: title=2026年10月期第1四半期決算ご説明（IR資料）
[15:51:40] [INGEST] doc_id=62b3ae94689f23c5 status=skipped_not_tanshin title=2026年10月期第1四半期決算ご説明（IR資料）
[15:51:40] [DL] ダウンロード中: https://webapi.yanoshin.jp/rd.php?https://www.release.tdnet.info/inbs/140120260312580835.pdf
[15:51:40] [DL] 保存完了: data\docs\140120260312580835.pdf (421.4KB)
[15:51:40] [抽出] PDF抽出を試行: data\docs\140120260312580835.pdf
[15:51:40] [INGEST] doc_id=06d09fd83b3a36d8 zip_hash=3f468b8c11ee06f946324b67695cefcc884f88a4bb93dadebe30b288a67026cc source_url=https://webapi.yanoshin.jp/rd.php?https://www.release.tdnet.info/inbs/140120260312580835.pdf status=extract_failed reason=売上高・営業利益ともに抽出できず
[15:51:40] [DL] ダウンロード中: https://webapi.yanoshin.jp/rd.php?https://www.release.tdnet.info/inbs/140120260313581677.pdf
[15:51:41] [DL] 保存完了: data\docs\140120260313581677.pdf (341.0KB)
[15:51:41] [DL] ダウンロード中: https://webapi.yanoshin.jp/rd.php?https://www.release.tdnet.info/inbs/081220260313581677.zip
[15:51:41] [DL] 保存完了: data\docs\081220260313581677.zip (105.0KB)
[15:51:41] [抽出] XBRL抽出を試行: data\docs\081220260313581677.zip
[15:51:41] [XBRL] 未知の財務タグ検出: ['tse-ed-t:CashFlowsFromOperatingActivities', 'tse-ed-t:ChangeInComprehensiveIncome', 'tse-ed-t:ChangeInNetSales', 'tse-ed-t:ChangeInOperatingIncome', 'tse-ed-t:ChangeInOrdinaryIncome', 'tse-ed-t:ChangeInProfitAttributableToOwnersOfParent', 'tse-ed-t:ComprehensiveIncome', 'tse-ed-t:DilutedNetIncomePerShare', 'tse-ed-t:InvestmentProfitLossOnEquityMethod', 'tse-ed-t:NetIncomePerShare', 'tse-ed-t:NetIncomeToShareholdersEquityRatio', 'tse-ed-t:OperatingIncomeToNetSalesRatio', 'tse-ed-t:OrdinaryIncomeToTotalAssetsRatio', 'tse-ed-t:ProfitAttributableToOwnersOfParent']
[15:51:41] [XBRL] Summary抽出成功: XBRLData/Summary/tse-acedjpsm-76140-20260313376140-ixbrl.htm
[15:51:41] [XBRL] Summary不足項目: ['gross_profit', 'cost_of_sales'], PL Attachment候補: 1
[15:51:41] [XBRL] 未知の財務タグ検出: ['jppfs_cor:DividendsIncomeNOI', 'jppfs_cor:ExtraordinaryIncome', 'jppfs_cor:ExtraordinaryLoss', 'jppfs_cor:GainOnSalesOfPropertyPlantAndEquipmentEI', 'jppfs_cor:ImpairmentLossEL', 'jppfs_cor:IncomeBeforeIncomeTaxes', 'jppfs_cor:IncomeTaxes', 'jppfs_cor:IncomeTaxesCurrent', 'jppfs_cor:IncomeTaxesDeferred', 'jppfs_cor:InterestIncomeNOI', 'jppfs_cor:LossOnClosingOfStoresEL', 'jppfs_cor:LossOnRetirementOfPropertyPlantAndEquipmentEL', 'jppfs_cor:LossOnSalesOfInvestmentSecuritiesEL', 'jppfs_cor:LossOnSalesOfPropertyPlantAndEquipmentEL', 'jppfs_cor:NonOperatingExpenses', 'jppfs_cor:NonOperatingIncome', 'jppfs_cor:ProfitLoss', 'jppfs_cor:ProfitLossAttributableToOwnersOfParent', 'tse-acedjpfr-76140:LossOnDisposalOfIntangibleAssetsEL', 'tse-acedjpfr-76140:RentIncomeOfRealEstate']
[15:51:41] [XBRL] PL Attachment抽出成功: XBRLData/Attachment/0102010-acpl01-tse-acedjpfr-76140-2026-01-31-01-2026-03-13-ixbrl.htm
[15:51:41] [XBRL] Attachment補完: gross_profit=14035757000
[15:51:41] [XBRL] Attachment補完: cost_of_sales=21335314000
[15:51:41] [抽出] XBRL抽出成功: sales=35371000000, gp=14035757000, op=1295000000
[15:51:41] [INGEST] doc_id=7f55d31795320657 zip_hash=8daca54bbf457724a3f73dc3cdaccbf64287c7e87550d1bfdfc7635428314a71 status=parse_failed reason=年度/Q不明: year=R8/1, q=
[15:51:41] [DL] ダウンロード中: https://webapi.yanoshin.jp/rd.php?https://www.release.tdnet.info/inbs/140120260310578871.pdf
[15:51:42] [DL] 保存完了: data\docs\140120260310578871.pdf (247.3KB)
[15:51:42] [DL] ダウンロード中: https://webapi.yanoshin.jp/rd.php?https://www.release.tdnet.info/inbs/081220260310578871.zip
[15:51:42] [DL] 保存完了: data\docs\081220260310578871.zip (60.0KB)
[15:51:42] [抽出] XBRL抽出を試行: data\docs\081220260310578871.zip
[15:51:42] [XBRL] 未知の財務タグ検出: ['tse-ed-t:ChangeInComprehensiveIncome', 'tse-ed-t:ChangeInNetSales', 'tse-ed-t:ChangeInOperatingIncome', 'tse-ed-t:ChangeInOrdinaryIncome', 'tse-ed-t:ChangeInProfitAttributableToOwnersOfParent', 'tse-ed-t:ComprehensiveIncome', 'tse-ed-t:DilutedNetIncomePerShare', 'tse-ed-t:NetIncomePerShare', 'tse-ed-t:ProfitAttributableToOwnersOfParent']
[15:51:42] [XBRL] Summary抽出成功: XBRLData/Summary/tse-qcedjpsm-78270-20260313378270-ixbrl.htm
[15:51:42] [XBRL] Summary不足項目: ['gross_profit', 'cost_of_sales'], PL Attachment候補: 1
[15:51:42] [XBRL] 未知の財務タグ検出: ['jppfs_cor:DividendsIncomeNOI', 'jppfs_cor:ExtraordinaryIncome', 'jppfs_cor:ExtraordinaryLoss', 'jppfs_cor:GainOnSalesOfInvestmentSecuritiesEI', 'jppfs_cor:IncomeBeforeIncomeTaxes', 'jppfs_cor:IncomeTaxes', 'jppfs_cor:IncomeTaxesCurrent', 'jppfs_cor:IncomeTaxesDeferred', 'jppfs_cor:InterestIncomeNOI', 'jppfs_cor:LossOnSalesOfNoncurrentAssetsEL', 'jppfs_cor:MiscellaneousIncomeNOI', 'jppfs_cor:MiscellaneousLossNOE', 'jppfs_cor:NonOperatingExpenses', 'jppfs_cor:NonOperatingIncome', 'jppfs_cor:ProfitLoss', 'jppfs_cor:ProfitLossAttributableToOwnersOfParent', 'jppfs_cor:RentIncomeNOI']
[15:51:42] [XBRL] PL Attachment抽出成功: XBRLData/Attachment/0102010-qcpl11-tse-qcedjpfr-78270-2026-01-31-01-2026-03-13-ixbrl.htm
[15:51:42] [XBRL] Attachment補完: gross_profit=387060000
[15:51:42] [XBRL] Attachment補完: cost_of_sales=2003960000
[15:51:42] [抽出] XBRL抽出成功: sales=2391000000, gp=387060000, op=-51000000
[15:51:42] [INGEST] doc_id=87cfb89f88aba47c zip_hash=6861aff8c601184eed003a984aea7dd96709183e2148969fee6db8497bde5ad5 status=success 7827 2026-10-31 1Q sales=2391000000 gp=387060000 op=-51000000
[15:51:43] [v2] セグメント抽出成功: 6件, engine=v2, unit=千円, profit_role=segment_profit_like
[15:51:43] [SEGMENT] 7827 1Q I 前第: sales=0.001 profit=2.024 (inserted)
[15:51:43] [SEGMENT] 7827 1Q 外部顧客への売上高: sales=1872.894 profit=712.768 (inserted)
[15:51:43] [SEGMENT] 7827 1Q セグメント利益: sales=110.468 profit=38.932 (inserted)
[15:51:43] [SEGMENT] 7827 1Q 前連結会計年度において、賃貸用不動産: sales=0.002 profit=0.001 (inserted)
[15:51:43] [SEGMENT] 7827 1Q 外部顧客への売上高: sales=1831.7630000000001 profit=384.221 (updated)
[15:51:43] [SEGMENT] 7827 1Q セグメント利益又は損失(: sales=49.204 profit=-66.27 (inserted)
[15:51:43] [DL] ダウンロード中: https://webapi.yanoshin.jp/rd.php?https://www.release.tdnet.info/inbs/140120260310578873.pdf
[15:51:44] [DL] 保存完了: data\docs\140120260310578873.pdf (1402.3KB)
[15:51:44] [抽出] SKIP_PDF_NOT_TANSHIN: title=2026年10月期 第１四半期決算補足説明資料
[15:51:44] [INGEST] doc_id=9a2a3b585e7f1d13 status=skipped_not_tanshin title=2026年10月期 第１四半期決算補足説明資料
[15:51:44] [DL] ダウンロード中: https://webapi.yanoshin.jp/rd.php?https://www.release.tdnet.info/inbs/140120260313581558.pdf
[15:51:44] [DL] 保存完了: data\docs\140120260313581558.pdf (248.4KB)
[15:51:44] [DL] ダウンロード中: https://webapi.yanoshin.jp/rd.php?https://www.release.tdnet.info/inbs/081220260313581558.zip
[15:51:44] [DL] 保存完了: data\docs\081220260313581558.zip (59.3KB)
[15:51:44] [抽出] XBRL抽出を試行: data\docs\081220260313581558.zip
[15:51:44] [XBRL] 未知の財務タグ検出: ['tse-ed-t:ChangeInComprehensiveIncome', 'tse-ed-t:ChangeInNetSales', 'tse-ed-t:ChangeInOperatingIncome', 'tse-ed-t:ChangeInOrdinaryIncome', 'tse-ed-t:ChangeInProfitAttributableToOwnersOfParent', 'tse-ed-t:ComprehensiveIncome', 'tse-ed-t:DilutedNetIncomePerShare', 'tse-ed-t:NetIncomePerShare', 'tse-ed-t:ProfitAttributableToOwnersOfParent']
[15:51:44] [XBRL] Summary抽出成功: XBRLData/Summary/tse-qcedjpsm-78310-20260313378310-ixbrl.htm
[15:51:44] [XBRL] Summary不足項目: ['gross_profit', 'cost_of_sales'], PL Attachment候補: 1
[15:51:44] [XBRL] 未知の財務タグ検出: ['jppfs_cor:DividendsIncomeNOI', 'jppfs_cor:EquityInLossesOfAffiliatesNOE', 'jppfs_cor:ExtraordinaryIncome', 'jppfs_cor:ExtraordinaryLoss', 'jppfs_cor:GainOnSalesOfInvestmentSecuritiesEI', 'jppfs_cor:GainOnSalesOfNoncurrentAssetsEI', 'jppfs_cor:IncomeBeforeIncomeTaxes', 'jppfs_cor:IncomeTaxes', 'jppfs_cor:IncomeTaxesCurrent', 'jppfs_cor:IncomeTaxesDeferred', 'jppfs_cor:InsuranceIncomeNOI', 'jppfs_cor:InterestIncomeNOI', 'jppfs_cor:LossOnRetirementOfNoncurrentAssetsEL', 'jppfs_cor:LossOnSalesOfNoncurrentAssetsEL', 'jppfs_cor:NonOperatingExpenses', 'jppfs_cor:NonOperatingIncome', 'jppfs_cor:ProfitLoss', 'jppfs_cor:ProfitLossAttributableToOwnersOfParent', 'jppfs_cor:RentIncomeNOI']
[15:51:44] [XBRL] PL Attachment抽出成功: XBRLData/Attachment/0102010-qcpl11-tse-qcedjpfr-78310-2026-01-31-01-2026-03-13-ixbrl.htm
[15:51:44] [XBRL] Attachment補完: gross_profit=356000000
[15:51:44] [XBRL] Attachment補完: cost_of_sales=1900000000
[15:51:44] [抽出] XBRL抽出成功: sales=2256000000, gp=356000000, op=-177000000
[15:51:44] [INGEST] doc_id=5c9c70737cac6caf zip_hash=0f16045d7fa74ab3efbe6e7311ece4956dcc34da5c8dda8ddc208ae454853c6d status=success 7831 2026-10-31 1Q sales=2256000000 gp=356000000 op=-177000000
[15:51:45] [v2] セグメント抽出成功: 6件, engine=v2, unit=百万円, profit_role=segment_profit_like
[15:51:45] [SEGMENT] 7831 1Q I 前第: sales=1.0 profit=2024.0 (inserted)
[15:51:45] [SEGMENT] 7831 1Q 情報・印刷: sales=1.0 profit=None (inserted)
[15:51:45] [SEGMENT] 7831 1Q 知育事業 通信販売事業 計 額: sales=2.0 profit=None (inserted)
[15:51:45] [SEGMENT] 7831 1Q 外部顧客への売上高: sales=1739.0 profit=185.0 (inserted)
[15:51:45] [SEGMENT] 7831 1Q セグメント損失(: sales=-53.0 profit=-49.0 (inserted)
[15:51:45] [SEGMENT] 7831 1Q （注）: sales=1.0 profit=-90.0 (inserted)
[15:51:46] [DL] ダウンロード中: https://webapi.yanoshin.jp/rd.php?https://www.release.tdnet.info/inbs/140120260313581579.pdf
[15:51:46] [DL] 保存完了: data\docs\140120260313581579.pdf (564.5KB)
[15:51:46] [DL] ダウンロード中: https://webapi.yanoshin.jp/rd.php?https://www.release.tdnet.info/inbs/081220260313581579.zip
[15:51:46] [DL] 保存完了: data\docs\081220260313581579.zip (88.6KB)
[15:51:47] [抽出] XBRL抽出を試行: data\docs\081220260313581579.zip
[15:51:47] [XBRL] 未知の財務タグ検出: ['tse-ed-t:CashFlowsFromOperatingActivities', 'tse-ed-t:ChangeInNetIncome', 'tse-ed-t:ChangeInNetSales', 'tse-ed-t:ChangeInOperatingIncome', 'tse-ed-t:ChangeInOrdinaryIncome', 'tse-ed-t:DilutedNetIncomePerShare', 'tse-ed-t:InvestmentProfitLossOnEquityMethod', 'tse-ed-t:NetIncome', 'tse-ed-t:NetIncomePerShare', 'tse-ed-t:NetIncomeToShareholdersEquityRatio', 'tse-ed-t:OperatingIncomeToNetSalesRatio', 'tse-ed-t:OrdinaryIncomeToTotalAssetsRatio']
[15:51:47] [XBRL] Summary抽出成功: XBRLData/Summary/tse-anedjpsm-78780-20260313378780-ixbrl.htm
[15:51:47] [XBRL] Summary不足項目: ['gross_profit', 'cost_of_sales'], PL Attachment候補: 1
[15:51:47] [XBRL] 未知の財務タグ検出: ['jppfs_cor:DividendsIncomeNOI', 'jppfs_cor:ExtraordinaryIncome', 'jppfs_cor:ExtraordinaryLoss', 'jppfs_cor:ForeignExchangeLossesNOE', 'jppfs_cor:GainOnSalesOfNoncurrentAssetsEI', 'jppfs_cor:IncomeBeforeIncomeTaxes', 'jppfs_cor:IncomeTaxes', 'jppfs_cor:IncomeTaxesCurrent', 'jppfs_cor:IncomeTaxesDeferred', 'jppfs_cor:LossOnRetirementOfNoncurrentAssetsEL', 'jppfs_cor:LossOnValuationOfInvestmentSecuritiesEL', 'jppfs_cor:MiscellaneousIncomeNOI', 'jppfs_cor:NetSalesOfFinishedGoodsRevOA', 'jppfs_cor:NetSalesOfGoodsRevOA', 'jppfs_cor:NonOperatingExpenses', 'jppfs_cor:NonOperatingIncome', 'jppfs_cor:ProfitLoss', 'jppfs_cor:SubsidyIncomeNOIBounty', 'jppfs_cor:ValuationLossOnFinishedGoodsCOS']
[15:51:47] [XBRL] PL Attachment抽出成功: XBRLData/Attachment/0501000-anpl02-tse-anedjpfr-78780-2026-01-31-01-2026-03-13-ixbrl.htm
[15:51:47] [XBRL] Attachment補完: gross_profit=782523000
[15:51:47] [XBRL] Attachment補完: cost_of_sales=3459194000
[15:51:47] [抽出] XBRL抽出成功: sales=4241000000, gp=782523000, op=179000000
[15:51:47] [INGEST] doc_id=a50fe48741f60df1 zip_hash=4f8af8846537da2c216ea7a69170b629f14644aa1e0cd6519ea9c746de0236b4 status=parse_failed reason=年度/Q不明: year=R8/1, q=
[15:51:47] [DL] ダウンロード中: https://webapi.yanoshin.jp/rd.php?https://www.release.tdnet.info/inbs/140120260313581416.pdf
[15:51:47] [DL] 保存完了: data\docs\140120260313581416.pdf (95.3KB)
[15:51:47] [抽出] PDF抽出を試行: data\docs\140120260313581416.pdf
[15:51:47] [INGEST] doc_id=477208669f38d7a9 zip_hash=d8c8a1601ea34ba836f7987bc0dfb63d28187f9cc6bab87bbbade2393c451fad source_url=https://webapi.yanoshin.jp/rd.php?https://www.release.tdnet.info/inbs/140120260313581416.pdf status=extract_failed reason=売上高・営業利益ともに抽出できず
[15:51:47] [DL] ダウンロード中: https://webapi.yanoshin.jp/rd.php?https://www.release.tdnet.info/inbs/140120260313581339.pdf
[15:51:47] [DL] 保存完了: data\docs\140120260313581339.pdf (234.6KB)
[15:51:47] [DL] ダウンロード中: https://webapi.yanoshin.jp/rd.php?https://www.release.tdnet.info/inbs/081220260313581339.zip
[15:51:48] [DL] 保存完了: data\docs\081220260313581339.zip (56.8KB)
[15:51:48] [抽出] XBRL抽出を試行: data\docs\081220260313581339.zip
[15:51:48] [XBRL] 未知の財務タグ検出: ['tse-ed-t:ChangeInComprehensiveIncome', 'tse-ed-t:ChangeInNetSales', 'tse-ed-t:ChangeInOperatingIncome', 'tse-ed-t:ChangeInOrdinaryIncome', 'tse-ed-t:ChangeInProfitAttributableToOwnersOfParent', 'tse-ed-t:ComprehensiveIncome', 'tse-ed-t:DilutedNetIncomePerShare', 'tse-ed-t:NetIncomePerShare', 'tse-ed-t:ProfitAttributableToOwnersOfParent']
[15:51:48] [XBRL] Summary抽出成功: XBRLData/Summary/tse-qcedjpsm-79830-20260313379830-ixbrl.htm
[15:51:48] [XBRL] Summary不足項目: ['gross_profit', 'cost_of_sales'], PL Attachment候補: 1
[15:51:48] [XBRL] 未知の財務タグ検出: ['jppfs_cor:DividendsIncomeNOI', 'jppfs_cor:ExtraordinaryIncome', 'jppfs_cor:GainOnSalesOfNoncurrentAssetsEI', 'jppfs_cor:GainOnSalesOfScraps2NOI', 'jppfs_cor:IncomeBeforeIncomeTaxes', 'jppfs_cor:IncomeTaxes', 'jppfs_cor:NonOperatingExpenses', 'jppfs_cor:NonOperatingIncome', 'jppfs_cor:ProfitLoss', 'jppfs_cor:ProfitLossAttributableToOwnersOfParent']
[15:51:48] [XBRL] PL Attachment抽出成功: XBRLData/Attachment/0102010-qcpl11-tse-qcedjpfr-79830-2026-01-31-01-2026-03-13-ixbrl.htm
[15:51:48] [XBRL] Attachment補完: gross_profit=247803000
[15:51:48] [XBRL] Attachment補完: cost_of_sales=2287257000
[15:51:48] [抽出] XBRL抽出成功: sales=2535000000, gp=247803000, op=-39000000
[15:51:48] [INGEST] doc_id=c71ec0619dc25fe5 zip_hash=06f73c2dcc31dba1ff6f4c7087fd67d51748d8ce7885139ecf4d5d867554e178 status=success 7983 2026-10-31 1Q sales=2535000000 gp=247803000 op=-39000000
[15:51:49] [v2] セグメント抽出成功: 13件, engine=v2, unit=千円, profit_role=
[15:51:49] [SEGMENT] 7983 1Q 前第: sales=0.001 profit=None (inserted)
[15:51:49] [SEGMENT] 7983 1Q (自: sales=2.024 profit=None (inserted)
[15:51:49] [SEGMENT] 7983 1Q 四半期純利益: sales=102.34700000000001 profit=None (inserted)
[15:51:49] [SEGMENT] 7983 1Q その他有価証券評価差額金: sales=-249.23000000000002 profit=None (inserted)
[15:51:49] [SEGMENT] 7983 1Q 持分法適用会社に対する持分相当額: sales=53.652 profit=None (inserted)
[15:51:49] [SEGMENT] 7983 1Q その他の包括利益合計: sales=-194.943 profit=None (inserted)
[15:51:49] [SEGMENT] 7983 1Q 四半期包括利益: sales=-92.595 profit=None (inserted)
[15:51:49] [SEGMENT] 7983 1Q 親会社株主に係る四半期包括利益: sales=-92.595 profit=None (inserted)
[15:51:49] [SEGMENT] 7983 1Q 工作機械 ソリュー: sales=0.001 profit=None (inserted)
[15:51:49] [SEGMENT] 7983 1Q 事業 ション: sales=0.003 profit=None (inserted)
[15:51:49] [SEGMENT] 7983 1Q 外部顧客への売上高: sales=2003.141 profit=None (inserted)
[15:51:49] [SEGMENT] 7983 1Q （注）: sales=0.001 profit=None (inserted)
[15:51:49] [SEGMENT] 7983 1Q メントに配分していない全社費用: sales=-60.134 profit=None (inserted)
[15:51:49] [DL] ダウンロード中: https://webapi.yanoshin.jp/rd.php?https://www.release.tdnet.info/inbs/140120260306577666.pdf
[15:51:50] [DL] 保存完了: data\docs\140120260306577666.pdf (286.8KB)
[15:51:50] [DL] ダウンロード中: https://webapi.yanoshin.jp/rd.php?https://www.release.tdnet.info/inbs/081220260306577666.zip
[15:51:50] [DL] 保存完了: data\docs\081220260306577666.zip (117.5KB)
[15:51:50] [抽出] XBRL抽出を試行: data\docs\081220260306577666.zip
[15:51:50] [XBRL] 未知の財務タグ検出: ['tse-ed-t:CashFlowsFromOperatingActivities', 'tse-ed-t:ChangeInComprehensiveIncome', 'tse-ed-t:ChangeInNetIncome', 'tse-ed-t:ChangeInNetSales', 'tse-ed-t:ChangeInOperatingIncome', 'tse-ed-t:ChangeInOrdinaryIncome', 'tse-ed-t:ChangeInProfitAttributableToOwnersOfParent', 'tse-ed-t:ComprehensiveIncome', 'tse-ed-t:DilutedNetIncomePerShare', 'tse-ed-t:InvestmentProfitLossOnEquityMethod', 'tse-ed-t:NetIncome', 'tse-ed-t:NetIncomePerShare', 'tse-ed-t:NetIncomeToShareholdersEquityRatio', 'tse-ed-t:OperatingIncomeToNetSalesRatio', 'tse-ed-t:OrdinaryIncomeToTotalAssetsRatio', 'tse-ed-t:ProfitAttributableToOwnersOfParent']
[15:51:50] [XBRL] Summary抽出成功: XBRLData/Summary/tse-acedjpsm-80130-20260306577666-ixbrl.htm
[15:51:50] [XBRL] Summary不足項目: ['gross_profit', 'cost_of_sales'], PL Attachment候補: 2
[15:51:50] [XBRL] 未知の財務タグ検出: ['jppfs_cor:DividendsIncomeNOI', 'jppfs_cor:ExtraordinaryIncome', 'jppfs_cor:ExtraordinaryLoss', 'jppfs_cor:GainOnSalesOfInvestmentSecuritiesEI', 'jppfs_cor:GainOnSalesOfNoncurrentAssetsEI', 'jppfs_cor:ImpairmentLossEL', 'jppfs_cor:IncomeBeforeIncomeTaxes', 'jppfs_cor:IncomeTaxes', 'jppfs_cor:IncomeTaxesCurrent', 'jppfs_cor:IncomeTaxesDeferred', 'jppfs_cor:InterestIncomeNOI', 'jppfs_cor:LossOnTransferOfReceivablesNOE', 'jppfs_cor:NonOperatingExpenses', 'jppfs_cor:NonOperatingIncome', 'jppfs_cor:ProfitLoss', 'jppfs_cor:ProfitLossAttributableToOwnersOfParent', 'tse-acedjpfr-80130:LossOnDisposalOfSuppliesNOE']
[15:51:50] [XBRL] PL Attachment抽出成功: XBRLData/Attachment/0102010-acpl01-tse-acedjpfr-80130-2026-01-31-01-2026-03-13-ixbrl.htm
[15:51:50] [XBRL] Attachment補完: gross_profit=4903000000
[15:51:50] [XBRL] Attachment補完: cost_of_sales=8453000000
[15:51:50] [抽出] XBRL抽出成功: sales=13356000000, gp=4903000000, op=-136000000
[15:51:50] [INGEST] doc_id=04eb36b4c70f4585 zip_hash=1954a5c33062c9c6df5fe4677ef0782d183c16bed90b539f573f3f90b2c89d93 status=parse_failed reason=年度/Q不明: year=R8/1, q=
[15:51:50] [DL] ダウンロード中: https://webapi.yanoshin.jp/rd.php?https://www.release.tdnet.info/inbs/140120260306577673.pdf
[15:51:50] [DL] 保存完了: data\docs\140120260306577673.pdf (465.1KB)
[15:51:50] [DL] ダウンロード中: https://webapi.yanoshin.jp/rd.php?https://www.release.tdnet.info/inbs/081220260306577673.zip
[15:51:50] [DL] 保存完了: data\docs\081220260306577673.zip (89.6KB)
[15:51:51] [抽出] XBRL抽出を試行: data\docs\081220260306577673.zip
[15:51:51] [XBRL] 未知の財務タグ検出: ['tse-ed-t:ChangeInOperatingIncomeIFRS', 'tse-ed-t:ChangeInProfitAttributableToOwnersOfParentIFRS', 'tse-ed-t:ChangeInProfitBeforeTaxIFRS', 'tse-ed-t:ChangeInProfitIFRS', 'tse-ed-t:ChangeInSalesIFRS', 'tse-ed-t:ChangesInTotalComprehensiveIncomeIFRS', 'tse-ed-t:OperatingIncomeIFRS', 'tse-ed-t:ProfitAttributableToOwnersOfParentIFRS', 'tse-ed-t:ProfitBeforeTaxIFRS', 'tse-ed-t:ProfitIFRS', 'tse-ed-t:SalesIFRS', 'tse-ed-t:TotalComprehensiveIncomeIFRS']
[15:51:51] [XBRL] 未知の財務タグ検出: ['jpigp_cor:FinanceIncomeIFRS', 'jpigp_cor:IntersegmentRevenueIFRS', 'jpigp_cor:OperatingProfitLossIFRS', 'jpigp_cor:ProfitLossBeforeTaxIFRS', 'jpigp_cor:RevenueFromExternalCustomersIFRS', 'jpigp_cor:RevenueIFRS']
[15:51:51] [XBRL] 未知の財務タグ検出: ['jpigp_cor:FinanceIncomeAndFinanceCostsOpeCFIFRS', 'jpigp_cor:IncomeTaxesPaidOpeCFIFRS', 'jpigp_cor:NetCashProvidedByUsedInOperatingActivitiesIFRS', 'jpigp_cor:ProfitLossBeforeTaxIFRS', 'tse-qcediffr-91630:LossOnRetirementOfPropertyPlantAndEquipmentOpeCFIFRS']
[15:51:51] [XBRL] 未知の財務タグ検出: ['jpigp_cor:IncomeTaxesPayableCLIFRS']
[15:51:51] [XBRL] 未知の財務タグ検出: ['jpigp_cor:ComprehensiveIncomeIFRS', 'jpigp_cor:ProfitLossIFRS']
[15:51:51] [XBRL] 未知の財務タグ検出: ['jpigp_cor:ComprehensiveIncomeAttributableToOwnersOfParentIFRS', 'jpigp_cor:ComprehensiveIncomeIFRS', 'jpigp_cor:ProfitLossIFRS']
[15:51:51] [XBRL] 未知の財務タグ検出: ['jpigp_cor:BasicEarningsLossPerShareIFRS', 'jpigp_cor:CostOfSalesIFRS', 'jpigp_cor:DilutedEarningsLossPerShareIFRS', 'jpigp_cor:FinanceIncomeIFRS', 'jpigp_cor:GrossProfitIFRS', 'jpigp_cor:IncomeTaxExpenseIFRS', 'jpigp_cor:OperatingProfitLossIFRS', 'jpigp_cor:OtherIncomeIFRS', 'jpigp_cor:ProfitLossAttributableToOwnersOfParentIFRS', 'jpigp_cor:ProfitLossBeforeTaxIFRS', 'jpigp_cor:ProfitLossIFRS', 'jpigp_cor:RevenueIFRS']
[15:51:51] [XBRL] ZIP内の全候補で抽出失敗: data\docs\081220260306577673.zip
[15:51:51] [抽出] PDF抽出を試行: data\docs\140120260306577673.pdf
[15:51:51] [INGEST] doc_id=b5ed544d03670235 zip_hash=78417745620d65ed88df6d7fa620919701144683f290125b1d55a058085df586 source_url=https://webapi.yanoshin.jp/rd.php?https://www.release.tdnet.info/inbs/140120260306577673.pdf status=extract_failed reason=売上高・営業利益ともに抽出できず
[15:51:51] [DL] ダウンロード中: https://webapi.yanoshin.jp/rd.php?https://www.release.tdnet.info/inbs/140120260306577679.pdf
[15:51:51] [DL] 保存完了: data\docs\140120260306577679.pdf (3474.0KB)
[15:51:52] [抽出] SKIP_PDF_NOT_TANSHIN: title=2026年10月期　第１四半期決算説明資料
[15:51:52] [INGEST] doc_id=717dfb74972167a6 status=skipped_not_tanshin title=2026年10月期　第１四半期決算説明資料
[15:51:52] [DL] ダウンロード中: https://webapi.yanoshin.jp/rd.php?https://www.release.tdnet.info/inbs/140120260313581377.pdf
[15:51:52] [DL] 保存完了: data\docs\140120260313581377.pdf (506.7KB)
[15:51:52] [DL] ダウンロード中: https://webapi.yanoshin.jp/rd.php?https://www.release.tdnet.info/inbs/081220260313581377.zip
[15:51:52] [DL] 保存完了: data\docs\081220260313581377.zip (77.7KB)
[15:51:52] [抽出] XBRL抽出を試行: data\docs\081220260313581377.zip
[15:51:52] [XBRL] 未知の財務タグ検出: ['tse-ed-t:ChangeInComprehensiveIncome', 'tse-ed-t:ChangeInNetSales', 'tse-ed-t:ChangeInOperatingIncome', 'tse-ed-t:ChangeInOrdinaryIncome', 'tse-ed-t:ChangeInProfitAttributableToOwnersOfParent', 'tse-ed-t:ComprehensiveIncome', 'tse-ed-t:DilutedNetIncomePerShare', 'tse-ed-t:NetIncomePerShare', 'tse-ed-t:ProfitAttributableToOwnersOfParent']
[15:51:52] [XBRL] Summary抽出成功: XBRLData/Summary/tse-scedjpsy-92350-20260313392350-ixbrl.htm
[15:51:52] [XBRL] Summary不足項目: ['gross_profit', 'cost_of_sales'], PL Attachment候補: 1
[15:51:52] [XBRL] 未知の財務タグ検出: ['jppfs_cor:ExtraordinaryLoss', 'jppfs_cor:ImpairmentLossEL', 'jppfs_cor:IncomeBeforeIncomeTaxes', 'jppfs_cor:IncomeTaxes', 'jppfs_cor:IncomeTaxesCurrent', 'jppfs_cor:IncomeTaxesDeferred', 'jppfs_cor:InterestIncomeNOI', 'jppfs_cor:NonOperatingExpenses', 'jppfs_cor:NonOperatingIncome', 'jppfs_cor:ProfitLoss', 'jppfs_cor:ProfitLossAttributableToNonControllingInterests', 'jppfs_cor:ProfitLossAttributableToOwnersOfParent', 'tse-scedjpfr-92350:DevelopmentContributionsIncomeNOI']
[15:51:52] [XBRL] PL Attachment抽出成功: XBRLData/Attachment/0600000-scpl15-tse-scedjpfr-92350-2026-01-31-01-2026-03-13-ixbrl.htm
[15:51:52] [XBRL] Attachment補完: gross_profit=471921000
[15:51:52] [XBRL] Attachment補完: cost_of_sales=335049000
[15:51:52] [抽出] XBRL抽出成功: sales=733000000, gp=471921000, op=-86000000
[15:51:52] [INGEST] doc_id=071bb812cd0a3a8c zip_hash=b921b7ac393e8e42c2c3663b46d79e06246519e5122f5ecd731a604e4c3bbdd4 status=success 9235 2026-07-31 2Q sales=733000000 gp=471921000 op=-86000000
[15:51:54] [v2] セグメント抽出成功: 20件, engine=v2, unit=千円, profit_role=
[15:51:54] [SEGMENT] 9235 2Q (自: sales=2.024 profit=None (inserted)
[15:51:54] [SEGMENT] 9235 2Q 売上高: sales=806.97 profit=None (inserted)
[15:51:54] [SEGMENT] 9235 2Q 売上原価: sales=335.04900000000004 profit=None (inserted)
[15:51:54] [SEGMENT] 9235 2Q 売上総利益: sales=471.921 profit=None (inserted)
[15:51:54] [SEGMENT] 9235 2Q 販売費及び一般管理費: sales=602.836 profit=None (inserted)
[15:51:54] [SEGMENT] 9235 2Q 営業損失(: sales=-130.915 profit=None (inserted)
[15:51:54] [SEGMENT] 9235 2Q 受取利息: sales=1.48 profit=None (inserted)
[15:51:54] [SEGMENT] 9235 2Q 受取手数料: sales=3.201 profit=None (inserted)
[15:51:54] [SEGMENT] 9235 2Q 開発負担金収入: sales=3.688 profit=None (inserted)
[15:51:54] [SEGMENT] 9235 2Q その他: sales=2.028 profit=None (inserted)
[15:51:54] [SEGMENT] 9235 2Q 支払利息: sales=5.249 profit=None (inserted)
[15:51:54] [SEGMENT] 9235 2Q 株式交付費: sales=4.756 profit=None (inserted)
[15:51:54] [SEGMENT] 9235 2Q その他: sales=0.305 profit=None (updated)
[15:51:54] [SEGMENT] 9235 2Q 経常損失(: sales=-130.829 profit=None (inserted)
[15:51:54] [SEGMENT] 9235 2Q 減損損失: sales=256.464 profit=None (inserted)
[15:51:54] [SEGMENT] 9235 2Q 税金等調整前中間純損失(: sales=-387.293 profit=None (inserted)
[15:51:54] [SEGMENT] 9235 2Q 法人税、住民税及び事業税: sales=1.721 profit=None (inserted)
[15:51:54] [SEGMENT] 9235 2Q 中間純損失(: sales=-394.886 profit=None (inserted)
[15:51:54] [SEGMENT] 9235 2Q 非支配株主に帰属する中間純損失(: sales=-0.171 profit=None (inserted)
[15:51:54] [SEGMENT] 9235 2Q 親会社株主に帰属する中間純損失(: sales=-394.886 profit=None (inserted)
[15:51:56] [DL] ダウンロード中: https://webapi.yanoshin.jp/rd.php?https://www.release.tdnet.info/inbs/140120260313581642.pdf
[15:51:56] [DL] 保存完了: data\docs\140120260313581642.pdf (4458.7KB)
[15:51:56] [抽出] SKIP_PDF_NOT_TANSHIN: title=2026年7月期第2四半期決算説明資料
[15:51:56] [INGEST] doc_id=63e7a3cf1907b356 status=skipped_not_tanshin title=2026年7月期第2四半期決算説明資料
[15:51:56] [DL] ダウンロード中: https://webapi.yanoshin.jp/rd.php?https://www.release.tdnet.info/inbs/140120260313581606.pdf
[15:51:57] [DL] 保存完了: data\docs\140120260313581606.pdf (243.4KB)
[15:51:57] [DL] ダウンロード中: https://webapi.yanoshin.jp/rd.php?https://www.release.tdnet.info/inbs/081220260313581606.zip
[15:51:57] [DL] 保存完了: data\docs\081220260313581606.zip (58.8KB)
[15:51:57] [抽出] XBRL抽出を試行: data\docs\081220260313581606.zip
[15:51:57] [XBRL] 未知の財務タグ検出: ['tse-ed-t:ChangeInComprehensiveIncome', 'tse-ed-t:ChangeInNetSales', 'tse-ed-t:ChangeInOperatingIncome', 'tse-ed-t:ChangeInOrdinaryIncome', 'tse-ed-t:ChangeInProfitAttributableToOwnersOfParent', 'tse-ed-t:ComprehensiveIncome', 'tse-ed-t:DilutedNetIncomePerShare', 'tse-ed-t:NetIncomePerShare', 'tse-ed-t:ProfitAttributableToOwnersOfParent']
[15:51:57] [XBRL] Summary抽出成功: XBRLData/Summary/tse-scedjpsy-92400-20260313392400-ixbrl.htm
[15:51:57] [XBRL] Summary不足項目: ['gross_profit', 'cost_of_sales'], PL Attachment候補: 1
[15:51:57] [XBRL] 未知の財務タグ検出: ['jppfs_cor:ExtraordinaryLoss', 'jppfs_cor:IncomeBeforeIncomeTaxes', 'jppfs_cor:IncomeTaxes', 'jppfs_cor:IncomeTaxesCurrent', 'jppfs_cor:IncomeTaxesDeferred', 'jppfs_cor:InterestIncomeNOI', 'jppfs_cor:LossOnRetirementOfNoncurrentAssetsEL', 'jppfs_cor:NonOperatingExpenses', 'jppfs_cor:NonOperatingIncome', 'jppfs_cor:ProfitLoss', 'jppfs_cor:ProfitLossAttributableToOwnersOfParent', 'jppfs_cor:SubsidyIncomeNOIBounty']
[15:51:57] [XBRL] PL Attachment抽出成功: XBRLData/Attachment/0102010-scpl15-tse-scedjpfr-92400-2026-01-31-01-2026-03-13-ixbrl.htm
[15:51:57] [XBRL] Attachment補完: gross_profit=486871000
[15:51:57] [XBRL] Attachment補完: cost_of_sales=808564000
[15:51:57] [抽出] XBRL抽出成功: sales=1458000000, gp=486871000, op=138000000
[15:51:57] [INGEST] doc_id=a899c3977ea0bce2 zip_hash=5d8ad414224f04a9289bb76e244158c08b6233b5461fdf7ded5610f9f8b1cad9 status=success 9240 2026-07-31 2Q sales=1458000000 gp=486871000 op=138000000
[15:51:58] [v2] セグメント抽出成功: 16件, engine=v2, unit=千円, profit_role=segment_profit_like
[15:51:58] [SEGMENT] 9240 2Q (自: sales=0.008 profit=2.024 (inserted)
[15:51:58] [SEGMENT] 9240 2Q 売上高: sales=1458.45 profit=1295.436 (inserted)
[15:51:58] [SEGMENT] 9240 2Q 売上原価: sales=884.78 profit=808.564 (inserted)
[15:51:58] [SEGMENT] 9240 2Q 売上総利益: sales=573.669 profit=486.87100000000004 (inserted)
[15:51:58] [SEGMENT] 9240 2Q 販売費及び一般管理費: sales=435.076 profit=498.827 (inserted)
[15:51:58] [SEGMENT] 9240 2Q 営業利益又は営業損失(: sales=138.593 profit=-11.955 (inserted)
[15:51:58] [SEGMENT] 9240 2Q 受取利息: sales=0.015 profit=0.012 (inserted)
[15:51:58] [SEGMENT] 9240 2Q 助成金収入: sales=4.113 profit=None (inserted)
[15:51:58] [SEGMENT] 9240 2Q 為替差益: sales=5.097 profit=2.2880000000000003 (inserted)
[15:51:58] [SEGMENT] 9240 2Q その他: sales=0.34900000000000003 profit=0.005 (inserted)
[15:51:58] [SEGMENT] 9240 2Q 支払利息: sales=0.139 profit=0.266 (inserted)
[15:51:58] [SEGMENT] 9240 2Q その他: sales=0.0 profit=None (updated)
[15:51:58] [SEGMENT] 9240 2Q 経常利益又は経常損失(: sales=148.029 profit=-9.915000000000001 (inserted)
[15:51:58] [SEGMENT] 9240 2Q 固定資産除却損: sales=0.0 profit=None (inserted)
[15:51:58] [SEGMENT] 9240 2Q 法人税、住民税及び事業税: sales=58.043 profit=0.54 (inserted)
[15:51:58] [SEGMENT] 9240 2Q 中間純利益又は中間純損失(: sales=101.763 profit=-12.136000000000001 (inserted)
[15:51:58] [DL] ダウンロード中: https://webapi.yanoshin.jp/rd.php?https://www.release.tdnet.info/inbs/140120260310579206.pdf
[15:51:59] [DL] 保存完了: data\docs\140120260310579206.pdf (250.3KB)
[15:51:59] [DL] ダウンロード中: https://webapi.yanoshin.jp/rd.php?https://www.release.tdnet.info/inbs/081220260310579206.zip
[15:51:59] [DL] 保存完了: data\docs\081220260310579206.zip (63.0KB)
[15:51:59] [抽出] XBRL抽出を試行: data\docs\081220260310579206.zip
[15:51:59] [XBRL] 未知の財務タグ検出: ['tse-ed-t:ChangeInComprehensiveIncome', 'tse-ed-t:ChangeInNetSales', 'tse-ed-t:ChangeInOperatingIncome', 'tse-ed-t:ChangeInOrdinaryIncome', 'tse-ed-t:ChangeInProfitAttributableToOwnersOfParent', 'tse-ed-t:ComprehensiveIncome', 'tse-ed-t:DilutedNetIncomePerShare', 'tse-ed-t:NetIncomePerShare', 'tse-ed-t:ProfitAttributableToOwnersOfParent']
[15:51:59] [XBRL] Summary抽出成功: XBRLData/Summary/tse-scedjpsy-92420-20260313392420-ixbrl.htm
[15:51:59] [XBRL] Summary不足項目: ['gross_profit', 'cost_of_sales'], PL Attachment候補: 1
[15:51:59] [XBRL] 未知の財務タグ検出: ['jppfs_cor:ExtraordinaryLoss', 'jppfs_cor:IncomeBeforeIncomeTaxes', 'jppfs_cor:IncomeTaxes', 'jppfs_cor:InterestIncomeNOI', 'jppfs_cor:LossOnRetirementOfNoncurrentAssetsEL', 'jppfs_cor:NonOperatingIncome', 'jppfs_cor:ProfitLoss', 'jppfs_cor:ProfitLossAttributableToNonControllingInterests', 'jppfs_cor:ProfitLossAttributableToOwnersOfParent']
[15:51:59] [XBRL] PL Attachment抽出成功: XBRLData/Attachment/0102010-scpl15-tse-scedjpfr-92420-2026-01-31-01-2026-03-13-ixbrl.htm
[15:51:59] [XBRL] Attachment補完: gross_profit=901397000
[15:51:59] [XBRL] Attachment補完: cost_of_sales=261172000
[15:51:59] [抽出] XBRL抽出成功: sales=1252000000, gp=901397000, op=474000000
[15:51:59] [INGEST] doc_id=32a6070b35b9ef91 zip_hash=0a331902f5003b830df812a4530a8e04dd263cb71734b2f2a9832298d186a919 status=success 9242 2026-07-31 2Q sales=1252000000 gp=901397000 op=474000000
[15:52:00] [v2] セグメント抽出成功: 16件, engine=v2, unit=千円, profit_role=
[15:52:00] [SEGMENT] 9242 2Q (自: sales=2.024 profit=None (inserted)
[15:52:00] [SEGMENT] 9242 2Q 売上高: sales=1162.569 profit=None (inserted)
[15:52:00] [SEGMENT] 9242 2Q 売上原価: sales=261.172 profit=None (inserted)
[15:52:00] [SEGMENT] 9242 2Q 売上総利益: sales=901.397 profit=None (inserted)
[15:52:00] [SEGMENT] 9242 2Q 販売費及び一般管理費: sales=407.081 profit=None (inserted)
[15:52:00] [SEGMENT] 9242 2Q 営業利益: sales=494.31600000000003 profit=None (inserted)
[15:52:00] [SEGMENT] 9242 2Q 受取利息: sales=0.116 profit=None (inserted)
[15:52:00] [SEGMENT] 9242 2Q 受取手数料: sales=0.276 profit=None (inserted)
[15:52:00] [SEGMENT] 9242 2Q 代理店手数料: sales=0.394 profit=None (inserted)
[15:52:00] [SEGMENT] 9242 2Q その他: sales=0.20600000000000002 profit=None (inserted)
[15:52:00] [SEGMENT] 9242 2Q 経常利益: sales=495.31 profit=None (inserted)
[15:52:00] [SEGMENT] 9242 2Q 固定資産除却損: sales=0.0 profit=None (inserted)
[15:52:00] [SEGMENT] 9242 2Q 税金等調整前中間純利益: sales=495.31 profit=None (inserted)
[15:52:00] [SEGMENT] 9242 2Q 法人税等: sales=159.376 profit=None (inserted)
[15:52:00] [SEGMENT] 9242 2Q 中間純利益: sales=335.934 profit=None (inserted)
[15:52:00] [SEGMENT] 9242 2Q 親会社株主に帰属する中間純利益: sales=335.934 profit=None (inserted)
[15:52:00] [DL] ダウンロード中: https://webapi.yanoshin.jp/rd.php?https://www.release.tdnet.info/inbs/140120260310579210.pdf
[15:52:01] [DL] 保存完了: data\docs\140120260310579210.pdf (839.7KB)
[15:52:01] [抽出] SKIP_PDF_NOT_TANSHIN: title=2026年７月期　第２四半期決算補足資料
[15:52:01] [INGEST] doc_id=a55cc3eec4e53f22 status=skipped_not_tanshin title=2026年７月期　第２四半期決算補足資料
[15:52:01] [DL] ダウンロード中: https://webapi.yanoshin.jp/rd.php?https://www.release.tdnet.info/inbs/140120260313581479.pdf
[15:52:01] [DL] 保存完了: data\docs\140120260313581479.pdf (328.4KB)
[15:52:01] [DL] ダウンロード中: https://webapi.yanoshin.jp/rd.php?https://www.release.tdnet.info/inbs/081220260313581479.zip
[15:52:01] [DL] 保存完了: data\docs\081220260313581479.zip (81.2KB)
[15:52:01] [抽出] XBRL抽出を試行: data\docs\081220260313581479.zip
[15:52:01] [XBRL] 未知の財務タグ検出: ['tse-ed-t:ChangeInComprehensiveIncome', 'tse-ed-t:ChangeInNetSales', 'tse-ed-t:ChangeInOperatingIncome', 'tse-ed-t:ChangeInOrdinaryIncome', 'tse-ed-t:ChangeInProfitAttributableToOwnersOfParent', 'tse-ed-t:ComprehensiveIncome', 'tse-ed-t:DilutedNetIncomePerShare', 'tse-ed-t:NetIncomePerShare', 'tse-ed-t:ProfitAttributableToOwnersOfParent']
[15:52:01] [XBRL] Summary抽出成功: XBRLData/Summary/tse-qcedjpsm-96030-20260313396030-ixbrl.htm
[15:52:01] [XBRL] Summary不足項目: ['gross_profit', 'cost_of_sales'], PL Attachment候補: 1
[15:52:01] [XBRL] 未知の財務タグ検出: ['jppfs_cor:ExtraordinaryIncome', 'jppfs_cor:ExtraordinaryLoss', 'jppfs_cor:ForeignExchangeLossesNOE', 'jppfs_cor:GainOnSalesOfSubsidiariesAndAffiliatesStocksEI', 'jppfs_cor:ImpairmentLossEL', 'jppfs_cor:IncomeBeforeIncomeTaxes', 'jppfs_cor:IncomeTaxes', 'jppfs_cor:InterestIncomeNOI', 'jppfs_cor:NonOperatingExpenses', 'jppfs_cor:NonOperatingIncome', 'jppfs_cor:ProfitLoss', 'jppfs_cor:ProfitLossAttributableToNonControllingInterests', 'jppfs_cor:ProfitLossAttributableToOwnersOfParent']
[15:52:01] [XBRL] PL Attachment抽出成功: XBRLData/Attachment/0102010-qcpl11-tse-qcedjpfr-96030-2026-01-31-01-2026-03-13-ixbrl.htm
[15:52:01] [XBRL] Attachment補完: gross_profit=32003000000
[15:52:01] [XBRL] Attachment補完: cost_of_sales=69235000000
[15:52:01] [抽出] XBRL抽出成功: sales=101239000000, gp=32003000000, op=5324000000
[15:52:01] [INGEST] doc_id=f90776bf671dd503 zip_hash=77c01b2b07a313681864eab49a6759f18b5ff02d69f536a603d38d9cdff6bd6f status=success 9603 2026-10-31 1Q sales=101239000000 gp=32003000000 op=5324000000
[15:52:02] [v2] セグメント抽出成功: 32件, engine=v2, unit=百万円, profit_role=operating_profit_like
[15:52:02] [SEGMENT] 9603 1Q 前第: sales=1.0 profit=1.0 (inserted)
[15:52:02] [SEGMENT] 9603 1Q (自: sales=2024.0 profit=11.0 (inserted)
[15:52:02] [SEGMENT] 9603 1Q 売上高: sales=93333.0 profit=101239.0 (inserted)
[15:52:02] [SEGMENT] 9603 1Q 売上原価: sales=62494.0 profit=69235.0 (inserted)
[15:52:02] [SEGMENT] 9603 1Q 売上総利益: sales=30839.0 profit=32003.0 (inserted)
[15:52:02] [SEGMENT] 9603 1Q 販売費及び一般管理費: sales=25629.0 profit=26679.0 (inserted)
[15:52:02] [SEGMENT] 9603 1Q 営業利益: sales=5209.0 profit=5324.0 (inserted)
[15:52:02] [SEGMENT] 9603 1Q 受取利息: sales=357.0 profit=269.0 (inserted)
[15:52:02] [SEGMENT] 9603 1Q その他: sales=685.0 profit=323.0 (inserted)
[15:52:02] [SEGMENT] 9603 1Q 支払利息: sales=476.0 profit=506.0 (inserted)
[15:52:02] [SEGMENT] 9603 1Q 為替差損: sales=380.0 profit=117.0 (inserted)
[15:52:02] [SEGMENT] 9603 1Q その他: sales=125.0 profit=131.0 (updated)
[15:52:02] [SEGMENT] 9603 1Q 経常利益: sales=5270.0 profit=5161.0 (inserted)
[15:52:02] [SEGMENT] 9603 1Q 関係会社株式売却益: sales=100.0 profit=None (inserted)
[15:52:02] [SEGMENT] 9603 1Q 助成金に係る預り金取崩益: sales=199.0 profit=None (inserted)
[15:52:02] [SEGMENT] 9603 1Q 減損損失: sales=7.0 profit=1.0 (inserted)
[15:52:02] [SEGMENT] 9603 1Q 税金等調整前四半期純利益: sales=5362.0 profit=5360.0 (inserted)
[15:52:02] [SEGMENT] 9603 1Q 法人税等: sales=1236.0 profit=1268.0 (inserted)
[15:52:02] [SEGMENT] 9603 1Q 四半期純利益: sales=4126.0 profit=4091.0 (inserted)
[15:52:02] [SEGMENT] 9603 1Q 非支配株主に帰属する四半期純利益: sales=612.0 profit=664.0 (inserted)
[15:52:02] [SEGMENT] 9603 1Q 親会社株主に帰属する四半期純利益: sales=3514.0 profit=3427.0 (inserted)
[15:52:02] [SEGMENT] 9603 1Q (株)エイチ・アイ・エス(: sales=9603.0 profit=2026.0 (inserted)
[15:52:02] [SEGMENT] 9603 1Q 前第: sales=1.0 profit=1.0 (updated)
[15:52:02] [SEGMENT] 9603 1Q (自: sales=2024.0 profit=11.0 (updated)
[15:52:02] [SEGMENT] 9603 1Q 四半期純利益: sales=4126.0 profit=4091.0 (updated)
[15:52:02] [SEGMENT] 9603 1Q その他有価証券評価差額金: sales=0.0 profit=-3.0 (inserted)
[15:52:02] [SEGMENT] 9603 1Q 繰延ヘッジ損益: sales=-54.0 profit=-96.0 (inserted)
[15:52:02] [SEGMENT] 9603 1Q 持分法適用会社に対する持分相当額: sales=7.0 profit=0.0 (inserted)
[15:52:02] [SEGMENT] 9603 1Q その他の包括利益合計: sales=925.0 profit=1848.0 (inserted)
[15:52:02] [SEGMENT] 9603 1Q 四半期包括利益: sales=5051.0 profit=5940.0 (inserted)
[15:52:02] [SEGMENT] 9603 1Q 親会社株主に係る四半期包括利益: sales=4217.0 profit=5173.0 (inserted)
[15:52:02] [SEGMENT] 9603 1Q 非支配株主に係る四半期包括利益: sales=834.0 profit=766.0 (inserted)
[15:52:03] [DL] 既にダウンロード済み: data\docs\140120260313581150.pdf
[15:52:03] [抽出] SKIP_PDF_NOT_TANSHIN: title=2026年４月期第３四半期決算説明資料
[15:52:03] [INGEST] doc_id=235930b782b815ad status=skipped_not_tanshin title=2026年４月期第３四半期決算説明資料
[15:52:03] [DL] 既にダウンロード済み: data\docs\140120260312580364.pdf
[15:52:03] [抽出] SKIP_PDF_NOT_TANSHIN: title=2026年4月期_第3四半期決算説明資料
[15:52:03] [INGEST] doc_id=6684aeefdf1a8760 status=skipped_not_tanshin title=2026年4月期_第3四半期決算説明資料
[15:52:03] [DL] 既にダウンロード済み: data\docs\140120260313581561.pdf
[15:52:03] [抽出] SKIP_PDF_NOT_TANSHIN: title=2026年10月期 第1四半期決算補足説明資料
[15:52:03] [INGEST] doc_id=20a8ae0c980d3f16 status=skipped_not_tanshin title=2026年10月期 第1四半期決算補足説明資料
[15:52:03] [DL] 既にダウンロード済み: data\docs\140120260313581584.pdf
[15:52:04] [抽出] SKIP_PDF_NOT_TANSHIN: title=2026年1月期　決算短信補足説明資料
[15:52:04] [INGEST] doc_id=177e5009e7564b4d status=skipped_not_tanshin title=2026年1月期　決算短信補足説明資料
[15:52:04] [DL] 既にダウンロード済み: data\docs\140120260313581574.pdf
[15:52:04] [抽出] SKIP_PDF_NOT_TANSHIN: title=2026年７月期第２四半期　決算説明資料
[15:52:04] [INGEST] doc_id=550de79d2f399d95 status=skipped_not_tanshin title=2026年７月期第２四半期　決算説明資料
[15:52:04] [DL] 既にダウンロード済み: data\docs\140120260304575791.pdf
[15:52:04] [抽出] SKIP_PDF_NOT_TANSHIN: title=2026年10月期　第１四半期決算補足資料
[15:52:04] [INGEST] doc_id=1cf5bf878d1bd87b status=skipped_not_tanshin title=2026年10月期　第１四半期決算補足資料
[15:52:04] [DL] 既にダウンロード済み: data\docs\140120260313581421.pdf
[15:52:04] [抽出] SKIP_PDF_NOT_TANSHIN: title=よくある質問と回答（2026年1月期通期決算）
[15:52:04] [INGEST] doc_id=8e43c30a2f866907 status=skipped_not_tanshin title=よくある質問と回答（2026年1月期通期決算）
[15:52:04] [DL] 既にダウンロード済み: data\docs\140120260313581476.pdf
[15:52:04] [抽出] SKIP_PDF_NOT_TANSHIN: title=2026年10月期第1四半期決算に関するＱ＆Ａおよびオンライン説明会動画公開のお
[15:52:04] [INGEST] doc_id=869ccaf5efe12682 status=skipped_not_tanshin title=2026年10月期第1四半期決算に関するＱ＆Ａおよびオンライン説明会動画公開のお
[15:52:04] [DL] 既にダウンロード済み: data\docs\140120260311580158.pdf
[15:52:04] [抽出] SKIP_PDF_NOT_TANSHIN: title=2026年７月期 第２四半期決算説明会資料
[15:52:04] [INGEST] doc_id=a39fc785eaeb03d1 status=skipped_not_tanshin title=2026年７月期 第２四半期決算説明会資料
[15:52:04] [DL] 既にダウンロード済み: data\docs\140120260312580961.pdf
[15:52:04] [抽出] SKIP_PDF_NOT_TANSHIN: title=2026年４月期 第３四半期 決算説明会資料（書き起こし）
[15:52:04] [INGEST] doc_id=88708a5e4205b37e status=skipped_not_tanshin title=2026年４月期 第３四半期 決算説明会資料（書き起こし）
[15:52:04] [INGEST] run=ingest-c7aa3733 processed=90 success=32 skipped=35 error=23 (tanshin=90) SKIP_NOT_TANSHIN_TITLE=35
[15:52:04] [filings_ingest] done total=90 success=0 errors=23
[15:52:04] [pipeline_run] finished: ingest status=done elapsed=122.8s id=172 processed=90 success=0 failed=0
[2026/03/13 15:52:04.54] Finished (exit=0) 
[2026/03/13 16:00:01.25] Starting ingest 
[16:00:01] [db] config: write_key_type=service_role read_key_type=service_role
[16:00:01] [pipeline_run] started: ingest (id=173, trigger=scheduler)
[16:00:01] [filings_ingest] start dry_run=False company_code=ALL
[16:00:01] [API] yanoshin.jp APIから取得中: https://webapi.yanoshin.jp/webapi/tdnet/list/today.json
[16:00:02] [API] detected_schema=items, raw_items_count=300
[16:00:02] [API] first_item_preview: id=91a650cc4af0..., pubdate=2026-03-13 15:45:00, title=資本業務提携契約の締結及び第三者割当による新株式の発行に関する補足資料, code=218A
[16:00:02] [API] fetched_count=300
[16:00:02] [API] fetched_count=300, filtered_count=132, forecast_revision_count=28, financial_statement_count=104
[16:00:02] [API] new_count=63 already_processed=69 already_processed_financial_statement=69 new_financial_statement=35
[16:00:02] [API] already_processed_tickers=218A,3444,4334,168A,1758,1766,1840,212A,2217,2373,2424,2695,3038,3070,3134,3159,3193,324A,3320,3480
[16:00:02] [INGEST] run=ingest-bd0ff8e5 new_items=63 target_statements=35 non_target=28 (forecast_revision=28, other=0)
[16:00:02] [DL] 既にダウンロード済み: data\docs\140120260313581648.pdf
[16:00:02] [抽出] SKIP_PDF_NOT_TANSHIN: title=2026年7月期 第2四半期決算説明資料
[16:00:02] [INGEST] doc_id=f97aff7509c5c532 status=skipped_not_tanshin title=2026年7月期 第2四半期決算説明資料
[16:00:02] [DL] 既にダウンロード済み: data\docs\140120260312580923.pdf
[16:00:02] [抽出] SKIP_PDF_NOT_TANSHIN: title=売れるネット広告社グループ（9235）2026年７月期第2四半期決算説明資料
[16:00:02] [INGEST] doc_id=0b376bb3f7a7e79e status=skipped_not_tanshin title=売れるネット広告社グループ（9235）2026年７月期第2四半期決算説明資料
[16:00:02] [DL] 既にダウンロード済み: data\docs\140120260313581070.pdf
[16:00:02] [抽出] SKIP_PDF_NOT_TANSHIN: title=2026年10月期　第１四半期決算説明資料
[16:00:02] [INGEST] doc_id=3f144949896df324 status=skipped_not_tanshin title=2026年10月期　第１四半期決算説明資料
[16:00:02] [DL] 既にダウンロード済み: data\docs\140120260310579038.pdf
[16:00:02] [抽出] SKIP_PDF_NOT_TANSHIN: title=2026年７月期　第２四半期決算補足説明資料
[16:00:02] [INGEST] doc_id=2435c857359954ea status=skipped_not_tanshin title=2026年７月期　第２四半期決算補足説明資料
[16:00:02] [DL] 既にダウンロード済み: data\docs\140120260312580260.pdf
[16:00:02] [抽出] SKIP_PDF_NOT_TANSHIN: title=2026年10月期 第１四半期 決算説明資料
[16:00:02] [INGEST] doc_id=61115f05deb10312 status=skipped_not_tanshin title=2026年10月期 第１四半期 決算説明資料
[16:00:02] [DL] 既にダウンロード済み: data\docs\140120260313581418.pdf
[16:00:02] [抽出] SKIP_PDF_NOT_TANSHIN: title=2026年４月期　第３四半期決算説明資料
[16:00:02] [INGEST] doc_id=638b8c0a8c1ee3f8 status=skipped_not_tanshin title=2026年４月期　第３四半期決算説明資料
[16:00:02] [DL] 既にダウンロード済み: data\docs\140120260313581627.pdf
[16:00:02] [抽出] SKIP_PDF_NOT_TANSHIN: title=2026年４月期　第３四半期決算説明資料
[16:00:02] [INGEST] doc_id=8598ccc3ad37c7f4 status=skipped_not_tanshin title=2026年４月期　第３四半期決算説明資料
[16:00:02] [DL] 既にダウンロード済み: data\docs\140120260313581801.pdf
[16:00:02] [抽出] SKIP_PDF_NOT_TANSHIN: title=2026年10月期 第1四半期決算補足説明資料
[16:00:02] [INGEST] doc_id=293914e1d95d3f2e status=skipped_not_tanshin title=2026年10月期 第1四半期決算補足説明資料
[16:00:02] [DL] 既にダウンロード済み: data\docs\140120260312580829.pdf
[16:00:02] [抽出] SKIP_PDF_NOT_TANSHIN: title=2026年4月期 第３四半期決算説明資料
[16:00:02] [INGEST] doc_id=da020834f5388106 status=skipped_not_tanshin title=2026年4月期 第３四半期決算説明資料
[16:00:02] [DL] 既にダウンロード済み: data\docs\140120260313581540.pdf
[16:00:03] [抽出] SKIP_PDF_NOT_TANSHIN: title=2026年1月期 通期 決算説明資料(事業計画及び成長可能性に関する事項)
[16:00:03] [INGEST] doc_id=4334b680e79b765d status=skipped_not_tanshin title=2026年1月期 通期 決算説明資料(事業計画及び成長可能性に関する事項)
[16:00:03] [DL] 既にダウンロード済み: data\docs\140120260313581793.pdf
[16:00:05] [抽出] SKIP_PDF_NOT_TANSHIN: title=2026年４月期 第３四半期決算説明資料
[16:00:05] [INGEST] doc_id=6508deb5bc24c0cc status=skipped_not_tanshin title=2026年４月期 第３四半期決算説明資料
[16:00:05] [DL] 既にダウンロード済み: data\docs\140120260313581319.pdf
[16:00:05] [抽出] SKIP_PDF_NOT_TANSHIN: title=2026年４月期第３四半期決算説明資料
[16:00:05] [INGEST] doc_id=b99b4391f4fa9c37 status=skipped_not_tanshin title=2026年４月期第３四半期決算説明資料
[16:00:05] [DL] 既にダウンロード済み: data\docs\140120260313581723.pdf
[16:00:05] [抽出] SKIP_PDF_NOT_TANSHIN: title=2026年１月期通期決算説明会資料
[16:00:05] [INGEST] doc_id=ecc2e02fc2ccbdd5 status=skipped_not_tanshin title=2026年１月期通期決算説明会資料
[16:00:05] [DL] 既にダウンロード済み: data\docs\140120260313581308.pdf
[16:00:05] [抽出] SKIP_PDF_NOT_TANSHIN: title=2026年10月期 第１四半期決算説明資料
[16:00:05] [INGEST] doc_id=a78b4071b3b85b97 status=skipped_not_tanshin title=2026年10月期 第１四半期決算説明資料
[16:00:05] [DL] 既にダウンロード済み: data\docs\140120260313581315.pdf
[16:00:05] [抽出] SKIP_PDF_NOT_TANSHIN: title=2026年10月期 第１四半期決算説明資料（書き起こし）公開に関するお知らせ
[16:00:05] [INGEST] doc_id=c9e7ddeb7cbfce1f status=skipped_not_tanshin title=2026年10月期 第１四半期決算説明資料（書き起こし）公開に関するお知らせ
[16:00:05] [DL] 既にダウンロード済み: data\docs\140120260313581454.pdf
[16:00:05] [抽出] SKIP_PDF_NOT_TANSHIN: title=2026年10月期第１四半期決算説明資料
[16:00:05] [INGEST] doc_id=76f1d64eda1678a0 status=skipped_not_tanshin title=2026年10月期第１四半期決算説明資料
[16:00:05] [DL] 既にダウンロード済み: data\docs\140120260313581610.pdf
[16:00:05] [抽出] SKIP_PDF_NOT_TANSHIN: title=2026年７月期　第２四半期決算説明資料
[16:00:05] [INGEST] doc_id=8ba7cf79e9935209 status=skipped_not_tanshin title=2026年７月期　第２四半期決算説明資料
[16:00:05] [DL] 既にダウンロード済み: data\docs\140120260311579432.pdf
[16:00:05] [抽出] SKIP_PDF_NOT_TANSHIN: title=2026年10月期第１四半期 決算補足説明資料
[16:00:05] [INGEST] doc_id=e0daeec92a3e8cde status=skipped_not_tanshin title=2026年10月期第１四半期 決算補足説明資料
[16:00:05] [DL] 既にダウンロード済み: data\docs\140120260312580742.pdf
[16:00:06] [抽出] SKIP_PDF_NOT_TANSHIN: title=2026年７月期第２四半期決算説明資料
[16:00:06] [INGEST] doc_id=941a4b3b0407a6ac status=skipped_not_tanshin title=2026年７月期第２四半期決算説明資料
[16:00:06] [DL] 既にダウンロード済み: data\docs\140120260313581335.pdf
[16:00:06] [抽出] SKIP_PDF_NOT_TANSHIN: title=2026年10月期　第１四半期　決算説明資料
[16:00:06] [INGEST] doc_id=fe64e06c80691acf status=skipped_not_tanshin title=2026年10月期　第１四半期　決算説明資料
[16:00:06] [DL] 既にダウンロード済み: data\docs\140120260309578448.pdf
[16:00:06] [抽出] SKIP_PDF_NOT_TANSHIN: title=2026年10月期第1四半期決算ご説明（IR資料）
[16:00:06] [INGEST] doc_id=62b3ae94689f23c5 status=skipped_not_tanshin title=2026年10月期第1四半期決算ご説明（IR資料）
[16:00:06] [DL] 既にダウンロード済み: data\docs\140120260310578873.pdf
[16:00:06] [抽出] SKIP_PDF_NOT_TANSHIN: title=2026年10月期 第１四半期決算補足説明資料
[16:00:06] [INGEST] doc_id=9a2a3b585e7f1d13 status=skipped_not_tanshin title=2026年10月期 第１四半期決算補足説明資料
[16:00:06] [DL] 既にダウンロード済み: data\docs\140120260306577679.pdf
[16:00:06] [抽出] SKIP_PDF_NOT_TANSHIN: title=2026年10月期　第１四半期決算説明資料
[16:00:06] [INGEST] doc_id=717dfb74972167a6 status=skipped_not_tanshin title=2026年10月期　第１四半期決算説明資料
[16:00:06] [DL] 既にダウンロード済み: data\docs\140120260313581642.pdf
[16:00:06] [抽出] SKIP_PDF_NOT_TANSHIN: title=2026年7月期第2四半期決算説明資料
[16:00:06] [INGEST] doc_id=63e7a3cf1907b356 status=skipped_not_tanshin title=2026年7月期第2四半期決算説明資料
[16:00:06] [DL] 既にダウンロード済み: data\docs\140120260310579210.pdf
[16:00:06] [抽出] SKIP_PDF_NOT_TANSHIN: title=2026年７月期　第２四半期決算補足資料
[16:00:06] [INGEST] doc_id=a55cc3eec4e53f22 status=skipped_not_tanshin title=2026年７月期　第２四半期決算補足資料
[16:00:06] [DL] 既にダウンロード済み: data\docs\140120260313581150.pdf
[16:00:06] [抽出] SKIP_PDF_NOT_TANSHIN: title=2026年４月期第３四半期決算説明資料
[16:00:06] [INGEST] doc_id=235930b782b815ad status=skipped_not_tanshin title=2026年４月期第３四半期決算説明資料
[16:00:06] [DL] 既にダウンロード済み: data\docs\140120260312580364.pdf
[16:00:06] [抽出] SKIP_PDF_NOT_TANSHIN: title=2026年4月期_第3四半期決算説明資料
[16:00:06] [INGEST] doc_id=6684aeefdf1a8760 status=skipped_not_tanshin title=2026年4月期_第3四半期決算説明資料
[16:00:06] [DL] 既にダウンロード済み: data\docs\140120260313581561.pdf
[16:00:06] [抽出] SKIP_PDF_NOT_TANSHIN: title=2026年10月期 第1四半期決算補足説明資料
[16:00:06] [INGEST] doc_id=20a8ae0c980d3f16 status=skipped_not_tanshin title=2026年10月期 第1四半期決算補足説明資料
[16:00:06] [DL] 既にダウンロード済み: data\docs\140120260313581584.pdf
[16:00:06] [抽出] SKIP_PDF_NOT_TANSHIN: title=2026年1月期　決算短信補足説明資料
[16:00:06] [INGEST] doc_id=177e5009e7564b4d status=skipped_not_tanshin title=2026年1月期　決算短信補足説明資料
[16:00:06] [DL] 既にダウンロード済み: data\docs\140120260313581574.pdf
[16:00:06] [抽出] SKIP_PDF_NOT_TANSHIN: title=2026年７月期第２四半期　決算説明資料
[16:00:06] [INGEST] doc_id=550de79d2f399d95 status=skipped_not_tanshin title=2026年７月期第２四半期　決算説明資料
[16:00:06] [DL] 既にダウンロード済み: data\docs\140120260304575791.pdf
[16:00:06] [抽出] SKIP_PDF_NOT_TANSHIN: title=2026年10月期　第１四半期決算補足資料
[16:00:06] [INGEST] doc_id=1cf5bf878d1bd87b status=skipped_not_tanshin title=2026年10月期　第１四半期決算補足資料
[16:00:06] [DL] 既にダウンロード済み: data\docs\140120260313581421.pdf
[16:00:06] [抽出] SKIP_PDF_NOT_TANSHIN: title=よくある質問と回答（2026年1月期通期決算）
[16:00:06] [INGEST] doc_id=8e43c30a2f866907 status=skipped_not_tanshin title=よくある質問と回答（2026年1月期通期決算）
[16:00:06] [DL] 既にダウンロード済み: data\docs\140120260313581476.pdf
[16:00:06] [抽出] SKIP_PDF_NOT_TANSHIN: title=2026年10月期第1四半期決算に関するＱ＆Ａおよびオンライン説明会動画公開のお
[16:00:06] [INGEST] doc_id=869ccaf5efe12682 status=skipped_not_tanshin title=2026年10月期第1四半期決算に関するＱ＆Ａおよびオンライン説明会動画公開のお
[16:00:06] [DL] 既にダウンロード済み: data\docs\140120260311580158.pdf
[16:00:06] [抽出] SKIP_PDF_NOT_TANSHIN: title=2026年７月期 第２四半期決算説明会資料
[16:00:06] [INGEST] doc_id=a39fc785eaeb03d1 status=skipped_not_tanshin title=2026年７月期 第２四半期決算説明会資料
[16:00:06] [DL] 既にダウンロード済み: data\docs\140120260312580961.pdf
[16:00:06] [抽出] SKIP_PDF_NOT_TANSHIN: title=2026年４月期 第３四半期 決算説明会資料（書き起こし）
[16:00:06] [INGEST] doc_id=88708a5e4205b37e status=skipped_not_tanshin title=2026年４月期 第３四半期 決算説明会資料（書き起こし）
[16:00:06] [INGEST] run=ingest-bd0ff8e5 processed=35 success=0 skipped=35 error=0 (tanshin=35) SKIP_NOT_TANSHIN_TITLE=35
[16:00:06] [filings_ingest] done total=35 success=0 errors=0
[16:00:07] [pipeline_run] finished: ingest status=done elapsed=5.4s id=173 processed=35 success=0 failed=0
[2026/03/13 16:00:07.29] Finished (exit=0) 
[2026/03/13 16:10:01.26] Starting ingest 
[16:10:01] [db] config: write_key_type=service_role read_key_type=service_role
[16:10:01] [pipeline_run] started: ingest (id=174, trigger=scheduler)
[16:10:02] [filings_ingest] start dry_run=False company_code=ALL
[16:10:02] [API] yanoshin.jp APIから取得中: https://webapi.yanoshin.jp/webapi/tdnet/list/today.json
[16:10:02] [API] detected_schema=items, raw_items_count=300
[16:10:02] [API] first_item_preview: id=96499ab92bf6..., pubdate=2026-03-13 16:00:00, title=株式会社Schooとの資本業務提携に関する覚書の締結に関するお知らせ, code=1447
[16:10:02] [API] fetched_count=300
[16:10:02] [API] fetched_count=300, filtered_count=135, forecast_revision_count=31, financial_statement_count=104
[16:10:02] [API] new_count=74 already_processed=61 already_processed_financial_statement=61 new_financial_statement=43
[16:10:02] [API] already_processed_tickers=218A,3444,4334,168A,1758,1766,1840,212A,2217,2373,2424,2695,3038,3070,3134,3159,3193,324A,3320,3480
[16:10:02] [INGEST] run=ingest-658ce376 new_items=74 target_statements=43 non_target=31 (forecast_revision=31, other=0)
[16:10:02] [DL] ダウンロード中: https://webapi.yanoshin.jp/rd.php?https://www.release.tdnet.info/inbs/140120260312580844.pdf
[16:10:02] [DL] 保存完了: data\docs\140120260312580844.pdf (360.5KB)
[16:10:03] [抽出] PDF抽出を試行: data\docs\140120260312580844.pdf
[16:10:03] [INGEST] doc_id=8e9ef99c5b26ddd7 zip_hash=f8a23d1d413a06a0505e74e1a2c7d0a6939f7d97d2604bdd9b1da31bbc47de6b source_url=https://webapi.yanoshin.jp/rd.php?https://www.release.tdnet.info/inbs/140120260312580844.pdf status=extract_failed reason=売上高・営業利益ともに抽出できず
[16:10:03] [DL] ダウンロード中: https://webapi.yanoshin.jp/rd.php?https://www.release.tdnet.info/inbs/140120260313581725.pdf
[16:10:03] [DL] 保存完了: data\docs\140120260313581725.pdf (624.6KB)
[16:10:03] [DL] ダウンロード中: https://webapi.yanoshin.jp/rd.php?https://www.release.tdnet.info/inbs/081220260313581725.zip
[16:10:03] [DL] 保存完了: data\docs\081220260313581725.zip (90.3KB)
[16:10:04] [抽出] XBRL抽出を試行: data\docs\081220260313581725.zip
[16:10:04] [XBRL] 未知の財務タグ検出: ['tse-ed-t:ChangeInOperatingIncomeIFRS', 'tse-ed-t:ChangeInProfitAttributableToOwnersOfParentIFRS', 'tse-ed-t:ChangeInProfitBeforeTaxIFRS', 'tse-ed-t:ChangeInProfitIFRS', 'tse-ed-t:ChangeInSalesIFRS', 'tse-ed-t:ChangesInTotalComprehensiveIncomeIFRS', 'tse-ed-t:OperatingIncomeIFRS', 'tse-ed-t:ProfitAttributableToOwnersOfParentIFRS', 'tse-ed-t:ProfitBeforeTaxIFRS', 'tse-ed-t:ProfitIFRS', 'tse-ed-t:SalesIFRS', 'tse-ed-t:TotalComprehensiveIncomeIFRS']
[16:10:04] [XBRL] 未知の財務タグ検出: ['jpigp_cor:BasicEarningsLossPerShareIFRS', 'jpigp_cor:CostOfSalesIFRS', 'jpigp_cor:DilutedEarningsLossPerShareIFRS', 'jpigp_cor:FinanceIncomeIFRS', 'jpigp_cor:GrossProfitIFRS', 'jpigp_cor:IncomeTaxExpenseIFRS', 'jpigp_cor:OperatingProfitLossIFRS', 'jpigp_cor:OtherIncomeIFRS', 'jpigp_cor:ProfitLossAttributableToNonControllingInterestsIFRS', 'jpigp_cor:ProfitLossAttributableToOwnersOfParentIFRS', 'jpigp_cor:ProfitLossBeforeTaxIFRS', 'jpigp_cor:ProfitLossIFRS', 'jpigp_cor:RevenueIFRS']
[16:10:04] [XBRL] 未知の財務タグ検出: ['jpigp_cor:ForeignExchangeLossGainOpeCFIFRS', 'jpigp_cor:IncomeTaxesRefundPaidOpeCFIFRS', 'jpigp_cor:InterestIncomeOpeCFIFRS', 'jpigp_cor:NetCashProvidedByUsedInOperatingActivitiesIFRS', 'jpigp_cor:ProfitLossBeforeTaxIFRS', 'tse-qcediffr-186A0:ProceedsFromSubsidyIncomeOpeCFIFRS', 'tse-qcediffr-186A0:SubsidyIncomeOpeCFIFRS']
[16:10:04] [XBRL] 未知の財務タグ検出: ['jpigp_cor:ComprehensiveIncomeIFRS', 'jpigp_cor:OtherComprehensiveIncomeIFRS', 'jpigp_cor:ProfitLossIFRS']
[16:10:04] [XBRL] 未知の財務タグ検出: ['jpigp_cor:DeferredIncomeCLIFRS', 'jpigp_cor:IncomeTaxesPayableCLIFRS', 'tse-qcediffr-186A0:IncomeTaxesRefundReceivableCAIFRS']
[16:10:04] [XBRL] 未知の財務タグ検出: ['jpigp_cor:ComprehensiveIncomeAttributableToNonControllingInterestsIFRS', 'jpigp_cor:ComprehensiveIncomeAttributableToOwnersOfParentIFRS', 'jpigp_cor:ComprehensiveIncomeIFRS', 'jpigp_cor:ExchangeDifferencesOnTranslationOfForeignOperationsNetOfTaxItemsThatMayBeReclassifiedToProfitOrLossOCIIFRS', 'jpigp_cor:OtherComprehensiveIncomeIFRS', 'jpigp_cor:ProfitLossIFRS', 'jpigp_cor:TotalOfItemsThatMayBeReclassifiedToProfitOrLossOCIIFRS']
[16:10:04] [XBRL] ZIP内の全候補で抽出失敗: data\docs\081220260313581725.zip
[16:10:04] [抽出] PDF抽出を試行: data\docs\140120260313581725.pdf
[16:10:04] [INGEST] doc_id=c87fae0d85489f98 zip_hash=56877837a48284393a5d16d62e4c3d9142693b7ed5589636a602878e07ab6d1b source_url=https://webapi.yanoshin.jp/rd.php?https://www.release.tdnet.info/inbs/140120260313581725.pdf status=extract_failed reason=売上高・営業利益ともに抽出できず
[16:10:04] [DL] ダウンロード中: https://webapi.yanoshin.jp/rd.php?https://www.release.tdnet.info/inbs/140120260313581682.pdf
[16:10:04] [DL] 保存完了: data\docs\140120260313581682.pdf (5329.0KB)
[16:10:04] [抽出] SKIP_PDF_NOT_TANSHIN: title=2026年4月期第3四半期 決算説明資料
[16:10:04] [INGEST] doc_id=ece0026e15e66168 status=skipped_not_tanshin title=2026年4月期第3四半期 決算説明資料
[16:10:04] [DL] ダウンロード中: https://webapi.yanoshin.jp/rd.php?https://www.release.tdnet.info/inbs/140120260313581716.pdf
[16:10:05] [DL] 保存完了: data\docs\140120260313581716.pdf (280.8KB)
[16:10:05] [DL] ダウンロード中: https://webapi.yanoshin.jp/rd.php?https://www.release.tdnet.info/inbs/081220260313581716.zip
[16:10:05] [DL] 保存完了: data\docs\081220260313581716.zip (75.5KB)
[16:10:05] [抽出] XBRL抽出を試行: data\docs\081220260313581716.zip
[16:10:05] [XBRL] 未知の財務タグ検出: ['tse-ed-t:ChangeInComprehensiveIncome', 'tse-ed-t:ChangeInNetSales', 'tse-ed-t:ChangeInOperatingIncome', 'tse-ed-t:ChangeInOrdinaryIncome', 'tse-ed-t:ChangeInProfitAttributableToOwnersOfParent', 'tse-ed-t:ComprehensiveIncome', 'tse-ed-t:DilutedNetIncomePerShare', 'tse-ed-t:NetIncomePerShare', 'tse-ed-t:ProfitAttributableToOwnersOfParent']
[16:10:05] [XBRL] Summary抽出成功: XBRLData/Summary/tse-scedjpsy-34410-20260313334410-ixbrl.htm
[16:10:05] [XBRL] Summary不足項目: ['gross_profit', 'cost_of_sales'], PL Attachment候補: 1
[16:10:05] [XBRL] 未知の財務タグ検出: ['jppfs_cor:ExtraordinaryIncome', 'jppfs_cor:ExtraordinaryLoss', 'jppfs_cor:GainOnSalesOfNoncurrentAssetsEI', 'jppfs_cor:IncomeBeforeIncomeTaxes', 'jppfs_cor:IncomeTaxes', 'jppfs_cor:IncomeTaxesCurrent', 'jppfs_cor:IncomeTaxesDeferred', 'jppfs_cor:InterestIncomeNOI', 'jppfs_cor:LossOnReductionOfNoncurrentAssetsNOE', 'jppfs_cor:LossOnRetirementOfNoncurrentAssetsEL', 'jppfs_cor:NonOperatingExpenses', 'jppfs_cor:NonOperatingIncome', 'jppfs_cor:ProfitLoss', 'jppfs_cor:ProfitLossAttributableToOwnersOfParent', 'jppfs_cor:SubsidyIncomeNOI']
[16:10:05] [XBRL] PL Attachment抽出成功: XBRLData/Attachment/0102010-scpl15-tse-scedjpfr-34410-2026-01-31-01-2026-03-13-ixbrl.htm
[16:10:05] [XBRL] Attachment補完: gross_profit=1172506000
[16:10:05] [XBRL] Attachment補完: cost_of_sales=3867481000
[16:10:05] [抽出] XBRL抽出成功: sales=6747000000, gp=1172506000, op=1016000000
[16:10:05] [INGEST] doc_id=e3ffffeba498b377 zip_hash=23ad658d69e8b392350c541bb1805eaad54e751f0114a40e990a839ba052b92c status=success 3441 2026-07-31 2Q sales=6747000000 gp=1172506000 op=1016000000
[16:10:06] [v2] セグメント抽出成功: 5件, engine=v2, unit=千円, profit_role=
[16:10:06] [SEGMENT] 3441 2Q I 前中間連結会計期間(自: sales=2.024 profit=None (inserted)
[16:10:06] [SEGMENT] 3441 2Q （注）: sales=0.001 profit=None (inserted)
[16:10:06] [SEGMENT] 3441 2Q 外部顧客への売上高: sales=3483.599 profit=None (inserted)
[16:10:06] [SEGMENT] 3441 2Q セグメント利益: sales=433.79 profit=None (inserted)
[16:10:06] [SEGMENT] 3441 2Q （注）: sales=0.001 profit=None (updated)
[16:10:07] [DL] ダウンロード中: https://webapi.yanoshin.jp/rd.php?https://www.release.tdnet.info/inbs/140120260303574773.pdf
[16:10:07] [DL] 保存完了: data\docs\140120260303574773.pdf (364.6KB)
[16:10:07] [DL] ダウンロード中: https://webapi.yanoshin.jp/rd.php?https://www.release.tdnet.info/inbs/081220260303574773.zip
[16:10:07] [DL] 保存完了: data\docs\081220260303574773.zip (62.4KB)
[16:10:07] [抽出] XBRL抽出を試行: data\docs\081220260303574773.zip
[16:10:07] [XBRL] 未知の財務タグ検出: ['tse-ed-t:ChangeInComprehensiveIncome', 'tse-ed-t:ChangeInNetSales', 'tse-ed-t:ChangeInOperatingIncome', 'tse-ed-t:ChangeInOrdinaryIncome', 'tse-ed-t:ChangeInProfitAttributableToOwnersOfParent', 'tse-ed-t:ComprehensiveIncome', 'tse-ed-t:DilutedNetIncomePerShare', 'tse-ed-t:NetIncomePerShare', 'tse-ed-t:ProfitAttributableToOwnersOfParent']
[16:10:07] [XBRL] Summary抽出成功: XBRLData/Summary/tse-qcedjpsm-35240-20260313335240-ixbrl.htm
[16:10:07] [XBRL] Summary不足項目: ['gross_profit', 'cost_of_sales'], PL Attachment候補: 1
[16:10:07] [XBRL] 未知の財務タグ検出: ['jppfs_cor:DividendsIncomeNOI', 'jppfs_cor:EquityInLossesOfAffiliatesNOE', 'jppfs_cor:ExtraordinaryIncome', 'jppfs_cor:ExtraordinaryLoss', 'jppfs_cor:GainOnSalesOfInvestmentSecuritiesEI', 'jppfs_cor:IncomeBeforeIncomeTaxes', 'jppfs_cor:IncomeTaxes', 'jppfs_cor:IncomeTaxesCurrent', 'jppfs_cor:IncomeTaxesDeferred', 'jppfs_cor:InterestIncomeNOI', 'jppfs_cor:LossOnDisasterEL', 'jppfs_cor:LossOnSalesOfNotesPayableNOE', 'jppfs_cor:NonOperatingExpenses', 'jppfs_cor:NonOperatingIncome', 'jppfs_cor:ProfitLoss', 'jppfs_cor:ProfitLossAttributableToNonControllingInterests', 'jppfs_cor:ProfitLossAttributableToOwnersOfParent', 'jppfs_cor:RentIncomeOnNoncurrentAssetsNOI']
[16:10:07] [XBRL] PL Attachment抽出成功: XBRLData/Attachment/0600000-qcpl11-tse-qcedjpfr-35240-2026-01-31-01-2026-03-13-ixbrl.htm
[16:10:07] [XBRL] Attachment補完: gross_profit=2717816000
[16:10:07] [XBRL] Attachment補完: cost_of_sales=12403116000
[16:10:07] [抽出] XBRL抽出成功: sales=15120000000, gp=2717816000, op=146000000
[16:10:07] [INGEST] doc_id=94cf4ab9a99337a3 zip_hash=48004e1cf5fde18b8df64d587acca3ed9e3967b1fba83cff9b4a2f86566a8381 status=success 3524 2026-04-30 3Q sales=15120000000 gp=2717816000 op=146000000
[16:10:09] [v2] セグメント抽出成功: 3件, engine=v2, unit=千円, profit_role=
[16:10:09] [SEGMENT] 3524 3Q 外部顧客への売上高: sales=12066.668 profit=None (inserted)
[16:10:09] [SEGMENT] 3524 3Q セグメント利益又は損失(: sales=228.077 profit=None (inserted)
[16:10:09] [SEGMENT] 3524 3Q (注): sales=0.001 profit=None (inserted)
[16:10:10] [DL] ダウンロード中: https://webapi.yanoshin.jp/rd.php?https://www.release.tdnet.info/inbs/140120260312581037.pdf
[16:10:10] [DL] 保存完了: data\docs\140120260312581037.pdf (325.2KB)
[16:10:10] [DL] ダウンロード中: https://webapi.yanoshin.jp/rd.php?https://www.release.tdnet.info/inbs/081220260312581037.zip
[16:10:10] [DL] 保存完了: data\docs\081220260312581037.zip (92.4KB)
[16:10:11] [抽出] XBRL抽出を試行: data\docs\081220260312581037.zip
[16:10:11] [XBRL] 未知の財務タグ検出: ['tse-ed-t:CashFlowsFromOperatingActivities', 'tse-ed-t:ChangeInComprehensiveIncome', 'tse-ed-t:ChangeInNetIncome', 'tse-ed-t:ChangeInNetSales', 'tse-ed-t:ChangeInOperatingIncome', 'tse-ed-t:ChangeInOrdinaryIncome', 'tse-ed-t:ChangeInProfitAttributableToOwnersOfParent', 'tse-ed-t:ComprehensiveIncome', 'tse-ed-t:DilutedNetIncomePerShare', 'tse-ed-t:InvestmentProfitLossOnEquityMethod', 'tse-ed-t:NetIncome', 'tse-ed-t:NetIncomePerShare', 'tse-ed-t:NetIncomeToShareholdersEquityRatio', 'tse-ed-t:OperatingIncomeToNetSalesRatio', 'tse-ed-t:OrdinaryIncomeToTotalAssetsRatio', 'tse-ed-t:ProfitAttributableToOwnersOfParent']
[16:10:11] [XBRL] Summary抽出成功: XBRLData/Summary/tse-acedjpsm-39310-20260313339310-ixbrl.htm
[16:10:11] [XBRL] Summary不足項目: ['gross_profit', 'cost_of_sales'], PL Attachment候補: 1
[16:10:11] [XBRL] 未知の財務タグ検出: ['jppfs_cor:CompensationIncomeNOI', 'jppfs_cor:ExtraordinaryIncome', 'jppfs_cor:ExtraordinaryLoss', 'jppfs_cor:ForeignExchangeLossesNOE', 'jppfs_cor:GainOnSalesOfNoncurrentAssetsEI', 'jppfs_cor:ImpairmentLossEL', 'jppfs_cor:IncomeBeforeIncomeTaxes', 'jppfs_cor:IncomeTaxes', 'jppfs_cor:IncomeTaxesCurrent', 'jppfs_cor:IncomeTaxesDeferred', 'jppfs_cor:InterestAndDividendsIncomeNOI', 'jppfs_cor:LossOnRetirementOfNoncurrentAssetsEL', 'jppfs_cor:LossOnValuationOfInvestmentSecuritiesEL', 'jppfs_cor:NonOperatingExpenses', 'jppfs_cor:NonOperatingIncome', 'jppfs_cor:ProfitLoss', 'jppfs_cor:ProfitLossAttributableToOwnersOfParent', 'tse-acedjpfr-39310:RentalIncomeNOI']
[16:10:11] [XBRL] PL Attachment抽出成功: XBRLData/Attachment/0102010-acpl01-tse-acedjpfr-39310-2026-01-31-01-2026-03-13-ixbrl.htm
[16:10:11] [XBRL] Attachment補完: gross_profit=1551624000
[16:10:11] [XBRL] Attachment補完: cost_of_sales=2875097000
[16:10:11] [抽出] XBRL抽出成功: sales=4426000000, gp=1551624000, op=53000000
[16:10:11] [INGEST] doc_id=9ab701fa0fa995c2 zip_hash=f4f343588030da786bed2b0c08bc0a6217353754d6aacdbaa321f4ecb348736e status=parse_failed reason=年度/Q不明: year=R8/1, q=
[16:10:11] [DL] ダウンロード中: https://webapi.yanoshin.jp/rd.php?https://www.release.tdnet.info/inbs/140120260312580704.pdf
[16:10:11] [DL] 保存完了: data\docs\140120260312580704.pdf (521.7KB)
[16:10:11] [DL] ダウンロード中: https://webapi.yanoshin.jp/rd.php?https://www.release.tdnet.info/inbs/081220260312580704.zip
[16:10:11] [DL] 保存完了: data\docs\081220260312580704.zip (57.1KB)
[16:10:11] [抽出] XBRL抽出を試行: data\docs\081220260312580704.zip
[16:10:11] [XBRL] 未知の財務タグ検出: ['tse-ed-t:ChangeInComprehensiveIncome', 'tse-ed-t:ChangeInNetSales', 'tse-ed-t:ChangeInOperatingIncome', 'tse-ed-t:ChangeInOrdinaryIncome', 'tse-ed-t:ChangeInProfitAttributableToOwnersOfParent', 'tse-ed-t:ComprehensiveIncome', 'tse-ed-t:DilutedNetIncomePerShare', 'tse-ed-t:NetIncomePerShare', 'tse-ed-t:ProfitAttributableToOwnersOfParent']
[16:10:11] [XBRL] Summary抽出成功: XBRLData/Summary/tse-qcedjpsm-43780-20260313343780-ixbrl.htm
[16:10:11] [XBRL] Summary不足項目: ['gross_profit', 'cost_of_sales'], PL Attachment候補: 1
[16:10:11] [XBRL] 未知の財務タグ検出: ['jppfs_cor:ExtraordinaryIncome', 'jppfs_cor:IncomeBeforeIncomeTaxes', 'jppfs_cor:IncomeTaxes', 'jppfs_cor:IncomeTaxesCurrent', 'jppfs_cor:IncomeTaxesDeferred', 'jppfs_cor:InterestIncomeNOI', 'jppfs_cor:NonOperatingExpenses', 'jppfs_cor:NonOperatingIncome', 'jppfs_cor:ProfitLoss', 'jppfs_cor:ProfitLossAttributableToOwnersOfParent', 'jppfs_cor:SubsidyIncomeNOIBounty']
[16:10:11] [XBRL] PL Attachment抽出成功: XBRLData/Attachment/0600000-qcpl11-tse-qcedjpfr-43780-2026-01-31-01-2026-03-13-ixbrl.htm
[16:10:11] [XBRL] Attachment補完: gross_profit=243795000
[16:10:11] [XBRL] Attachment補完: cost_of_sales=148870000
[16:10:11] [抽出] XBRL抽出成功: sales=392000000, gp=243795000, op=-2000000
[16:10:11] [INGEST] doc_id=e9f817720afec102 zip_hash=f1db3071412450f62498f31fc4d109d858a0b021eae50357e205e11df823613d status=success 4378 2026-10-31 1Q sales=392000000 gp=243795000 op=-2000000
[16:10:13] [v2] セグメント抽出成功: 4件, engine=v2, unit=千円, profit_role=
[16:10:13] [SEGMENT] 4378 1Q ソリューション アナリティクス M&A仲介: sales=0.001 profit=None (inserted)
[16:10:13] [SEGMENT] 4378 1Q の内部売上高: sales=5.249 profit=None (inserted)
[16:10:13] [SEGMENT] 4378 1Q 又はセグメント損: sales=44.868 profit=None (inserted)
[16:10:13] [SEGMENT] 4378 1Q (注）: sales=0.001 profit=None (inserted)
[16:10:14] [DL] ダウンロード中: https://webapi.yanoshin.jp/rd.php?https://www.release.tdnet.info/inbs/140120260312580915.pdf
[16:10:14] [DL] 保存完了: data\docs\140120260312580915.pdf (3807.1KB)
[16:10:14] [抽出] SKIP_PDF_NOT_TANSHIN: title=2026年10月期第１四半期 決算説明資料
[16:10:14] [INGEST] doc_id=4ccbe79cd9b3d282 status=skipped_not_tanshin title=2026年10月期第１四半期 決算説明資料
[16:10:14] [DL] ダウンロード中: https://webapi.yanoshin.jp/rd.php?https://www.release.tdnet.info/inbs/140120260313581167.pdf
[16:10:15] [DL] 保存完了: data\docs\140120260313581167.pdf (422.3KB)
[16:10:15] [DL] ダウンロード中: https://webapi.yanoshin.jp/rd.php?https://www.release.tdnet.info/inbs/081220260313581167.zip
[16:10:15] [DL] 保存完了: data\docs\081220260313581167.zip (55.4KB)
[16:10:15] [抽出] XBRL抽出を試行: data\docs\081220260313581167.zip
[16:10:15] [XBRL] 未知の財務タグ検出: ['tse-ed-t:ChangeInComprehensiveIncome', 'tse-ed-t:ChangeInNetSales', 'tse-ed-t:ChangeInOperatingIncome', 'tse-ed-t:ChangeInOrdinaryIncome', 'tse-ed-t:ChangeInProfitAttributableToOwnersOfParent', 'tse-ed-t:ComprehensiveIncome', 'tse-ed-t:DilutedNetIncomePerShare', 'tse-ed-t:NetIncomePerShare', 'tse-ed-t:ProfitAttributableToOwnersOfParent']
[16:10:15] [XBRL] Summary抽出成功: XBRLData/Summary/tse-qcedjpsm-50790-20260313350790-ixbrl.htm
[16:10:15] [XBRL] Summary不足項目: ['gross_profit', 'cost_of_sales'], PL Attachment候補: 1
[16:10:15] [XBRL] 未知の財務タグ検出: ['jppfs_cor:DividendsIncomeNOI', 'jppfs_cor:ExtraordinaryLoss', 'jppfs_cor:IncomeBeforeIncomeTaxes', 'jppfs_cor:IncomeTaxes', 'jppfs_cor:IncomeTaxesCurrent', 'jppfs_cor:InterestIncomeNOI', 'jppfs_cor:LossOnSalesOfNoncurrentAssetsEL', 'jppfs_cor:MiscellaneousIncomeNOI', 'jppfs_cor:MiscellaneousLossNOE', 'jppfs_cor:NonOperatingExpenses', 'jppfs_cor:NonOperatingIncome', 'jppfs_cor:ProfitLoss', 'jppfs_cor:ProfitLossAttributableToOwnersOfParent']
[16:10:15] [XBRL] PL Attachment抽出成功: XBRLData/Attachment/0600000-qcpl11-tse-qcedjpfr-50790-2026-01-31-01-2026-03-13-ixbrl.htm
[16:10:15] [XBRL] Attachment補完: gross_profit=2289545000
[16:10:15] [XBRL] Attachment補完: cost_of_sales=23569436000
[16:10:15] [抽出] XBRL抽出成功: sales=25858000000, gp=2289545000, op=949000000
[16:10:15] [INGEST] doc_id=aef833e7d18353f1 zip_hash=b919a1309452d9c8466c36de41bfd1874f1c1bf4d59c7e3ca3ac2efe1ff82775 status=success 5079 2026-04-30 3Q sales=25858000000 gp=2289545000 op=949000000
[16:10:15] [ORDER] 5079 2026-04-30 3Q orders_total=17455472 (inserted)
[16:10:16] [v2] セグメント抽出成功: 2件, engine=v2, unit=千円, profit_role=segment_profit_like
[16:10:16] [SEGMENT] 5079 3Q 外部顧客への売上高: sales=7846.169 profit=18002.669 (inserted)
[16:10:16] [SEGMENT] 5079 3Q セグメント利益: sales=551.78 profit=392.618 (inserted)
[16:10:17] [DL] ダウンロード中: https://webapi.yanoshin.jp/rd.php?https://www.release.tdnet.info/inbs/140120260312580491.pdf
[16:10:17] [DL] 保存完了: data\docs\140120260312580491.pdf (247.5KB)
[16:10:17] [DL] ダウンロード中: https://webapi.yanoshin.jp/rd.php?https://www.release.tdnet.info/inbs/081220260312580491.zip
[16:10:18] [DL] 保存完了: data\docs\081220260312580491.zip (54.2KB)
[16:10:18] [抽出] XBRL抽出を試行: data\docs\081220260312580491.zip
[16:10:18] [XBRL] 未知の財務タグ検出: ['tse-ed-t:ChangeInComprehensiveIncome', 'tse-ed-t:ChangeInNetSales', 'tse-ed-t:ChangeInOperatingIncome', 'tse-ed-t:ChangeInOrdinaryIncome', 'tse-ed-t:ChangeInProfitAttributableToOwnersOfParent', 'tse-ed-t:ComprehensiveIncome', 'tse-ed-t:DilutedNetIncomePerShare', 'tse-ed-t:NetIncomePerShare', 'tse-ed-t:ProfitAttributableToOwnersOfParent']
[16:10:18] [XBRL] Summary抽出成功: XBRLData/Summary/tse-qcedjpsm-70500-20260313370500-ixbrl.htm
[16:10:18] [XBRL] Summary不足項目: ['gross_profit', 'cost_of_sales'], PL Attachment候補: 1
[16:10:18] [XBRL] 未知の財務タグ検出: ['jppfs_cor:DividendsIncomeNOI', 'jppfs_cor:ExtraordinaryIncome', 'jppfs_cor:ExtraordinaryLoss', 'jppfs_cor:ForeignExchangeLossesNOE', 'jppfs_cor:GainOnSalesOfInvestmentSecuritiesEI', 'jppfs_cor:GainOnSalesOfNoncurrentAssetsEI', 'jppfs_cor:IncomeBeforeIncomeTaxes', 'jppfs_cor:IncomeTaxes', 'jppfs_cor:InterestIncomeNOI', 'jppfs_cor:LossOnInvestmentsInPartnershipNOE', 'jppfs_cor:LossOnRetirementOfNoncurrentAssetsEL', 'jppfs_cor:LossOnSalesOfAccountsReceivableNOE', 'jppfs_cor:LossOnValuationOfInvestmentSecuritiesEL', 'jppfs_cor:NonOperatingExpenses', 'jppfs_cor:NonOperatingIncome', 'jppfs_cor:ProfitLoss', 'jppfs_cor:ProfitLossAttributableToNonControllingInterests', 'jppfs_cor:ProfitLossAttributableToOwnersOfParent']
[16:10:18] [XBRL] PL Attachment抽出成功: XBRLData/Attachment/0102010-qcpl11-tse-qcedjpfr-70500-2026-01-31-01-2026-03-13-ixbrl.htm
[16:10:18] [XBRL] Attachment補完: gross_profit=4346124000
[16:10:18] [XBRL] Attachment補完: cost_of_sales=18588241000
[16:10:18] [抽出] XBRL抽出成功: sales=22934000000, gp=4346124000, op=1920000000
[16:10:18] [INGEST] doc_id=40e5a104cb75b469 zip_hash=f658fbaa4b82b0f8d19449f5dca997bf849a96937cee1cf60c4aa3529803d2ad status=success 7050 2026-04-30 3Q sales=22934000000 gp=4346124000 op=1920000000
[16:10:18] [v2] セグメント抽出成功: 27件, engine=v2, unit=千円, profit_role=operating_profit_like
[16:10:18] [SEGMENT] 7050 3Q 前第: sales=0.003 profit=0.003 (inserted)
[16:10:18] [SEGMENT] 7050 3Q (自: sales=2.024 profit=0.005 (inserted)
[16:10:18] [SEGMENT] 7050 3Q 売上高: sales=13776.511 profit=22934.366 (inserted)
[16:10:18] [SEGMENT] 7050 3Q 売上原価: sales=11198.299 profit=18588.241 (inserted)
[16:10:18] [SEGMENT] 7050 3Q 売上総利益: sales=2578.2110000000002 profit=4346.124 (inserted)
[16:10:18] [SEGMENT] 7050 3Q 販売費及び一般管理費: sales=1796.094 profit=2425.811 (inserted)
[16:10:18] [SEGMENT] 7050 3Q 営業利益: sales=782.117 profit=1920.313 (inserted)
[16:10:18] [SEGMENT] 7050 3Q 受取利息: sales=0.388 profit=7.674 (inserted)
[16:10:18] [SEGMENT] 7050 3Q 受取配当金: sales=8.257 profit=6.549 (inserted)
[16:10:18] [SEGMENT] 7050 3Q 有価証券利息: sales=3.549 profit=3.061 (inserted)
[16:10:18] [SEGMENT] 7050 3Q その他: sales=15.661 profit=6.0680000000000005 (inserted)
[16:10:18] [SEGMENT] 7050 3Q 支払利息: sales=2.856 profit=2.754 (inserted)
[16:10:18] [SEGMENT] 7050 3Q 売上債権売却損: sales=0.211 profit=0.07100000000000001 (inserted)
[16:10:18] [SEGMENT] 7050 3Q 為替差損: sales=11.499 profit=16.59 (inserted)
[16:10:18] [SEGMENT] 7050 3Q 投資事業組合運用損: sales=3.8890000000000002 profit=0.14400000000000002 (inserted)
[16:10:18] [SEGMENT] 7050 3Q その他: sales=17.855 profit=1.027 (updated)
[16:10:18] [SEGMENT] 7050 3Q 経常利益: sales=773.662 profit=1923.079 (inserted)
[16:10:18] [SEGMENT] 7050 3Q 固定資産売却益: sales=4.135 profit=None (inserted)
[16:10:18] [SEGMENT] 7050 3Q 投資有価証券売却益: sales=3.1590000000000003 profit=None (inserted)
[16:10:18] [SEGMENT] 7050 3Q 段階取得に係る差益: sales=54.235 profit=None (inserted)
[16:10:18] [SEGMENT] 7050 3Q 負ののれん発生益: sales=46.716 profit=None (inserted)
[16:10:18] [SEGMENT] 7050 3Q 固定資産除却損: sales=0.486 profit=4.009 (inserted)
[16:10:18] [SEGMENT] 7050 3Q 投資有価証券評価損: sales=15.115 profit=None (inserted)
[16:10:18] [SEGMENT] 7050 3Q 税金等調整前四半期純利益: sales=877.287 profit=1908.0900000000001 (inserted)
[16:10:18] [SEGMENT] 7050 3Q 法人税等: sales=292.204 profit=700.888 (inserted)
[16:10:18] [SEGMENT] 7050 3Q 四半期純利益: sales=585.082 profit=1207.201 (inserted)
[16:10:18] [SEGMENT] 7050 3Q 親会社株主に帰属する四半期純利益: sales=586.225 profit=993.216 (inserted)
[16:10:19] [DL] ダウンロード中: https://webapi.yanoshin.jp/rd.php?https://www.release.tdnet.info/inbs/140120260313581864.pdf
[16:10:19] [DL] 保存完了: data\docs\140120260313581864.pdf (1281.0KB)
[16:10:19] [抽出] SKIP_PDF_NOT_TANSHIN: title=2026年4月期第３四半期決算説明補足資料
[16:10:19] [INGEST] doc_id=05e1335e1aecce0d status=skipped_not_tanshin title=2026年4月期第３四半期決算説明補足資料
[16:10:19] [DL] ダウンロード中: https://webapi.yanoshin.jp/rd.php?https://www.release.tdnet.info/inbs/140120260313581209.pdf
[16:10:20] [DL] 保存完了: data\docs\140120260313581209.pdf (542.3KB)
[16:10:20] [DL] ダウンロード中: https://webapi.yanoshin.jp/rd.php?https://www.release.tdnet.info/inbs/081220260313581209.zip
[16:10:20] [DL] 保存完了: data\docs\081220260313581209.zip (85.7KB)
[16:10:20] [抽出] XBRL抽出を試行: data\docs\081220260313581209.zip
[16:10:20] [XBRL] 未知の財務タグ検出: ['tse-ed-t:CashFlowsFromOperatingActivities', 'tse-ed-t:ChangeInComprehensiveIncome', 'tse-ed-t:ChangeInNetSales', 'tse-ed-t:ChangeInOperatingIncome', 'tse-ed-t:ChangeInOrdinaryIncome', 'tse-ed-t:ChangeInProfitAttributableToOwnersOfParent', 'tse-ed-t:ComprehensiveIncome', 'tse-ed-t:DilutedNetIncomePerShare', 'tse-ed-t:InvestmentProfitLossOnEquityMethod', 'tse-ed-t:NetIncomePerShare', 'tse-ed-t:NetIncomeToShareholdersEquityRatio', 'tse-ed-t:OperatingIncomeToNetSalesRatio', 'tse-ed-t:OrdinaryIncomeToTotalAssetsRatio', 'tse-ed-t:ProfitAttributableToOwnersOfParent']
[16:10:20] [XBRL] Summary抽出成功: XBRLData/Summary/tse-acedjpsm-76740-20260313376740-ixbrl.htm
[16:10:20] [XBRL] Summary不足項目: ['gross_profit', 'cost_of_sales'], PL Attachment候補: 1
[16:10:20] [XBRL] 未知の財務タグ検出: ['jppfs_cor:CompensationIncomeEI', 'jppfs_cor:ExtraordinaryIncome', 'jppfs_cor:ExtraordinaryLoss', 'jppfs_cor:GainOnSalesOfInvestmentSecuritiesEI', 'jppfs_cor:GainOnSalesOfNoncurrentAssetsEI', 'jppfs_cor:ImpairmentLossEL', 'jppfs_cor:IncomeBeforeIncomeTaxes', 'jppfs_cor:IncomeTaxes', 'jppfs_cor:IncomeTaxesCurrent', 'jppfs_cor:IncomeTaxesDeferred', 'jppfs_cor:LossOnClosingOfStoresEL', 'jppfs_cor:LossOnRetirementOfNoncurrentAssetsEL', 'jppfs_cor:NonOperatingExpenses', 'jppfs_cor:NonOperatingIncome', 'jppfs_cor:ProfitLoss', 'jppfs_cor:ProfitLossAttributableToOwnersOfParent', 'jppfs_cor:ProvisionForLossOnStoreClosingEL', 'tse-acedjpfr-76740:LossOnDisposalOfSuppliesNOE']
[16:10:20] [XBRL] PL Attachment抽出成功: XBRLData/Attachment/0301000-acpl01-tse-acedjpfr-76740-2026-01-31-01-2026-03-13-ixbrl.htm
[16:10:20] [XBRL] Attachment補完: gross_profit=5178918000
[16:10:20] [XBRL] Attachment補完: cost_of_sales=2504558000
[16:10:20] [抽出] XBRL抽出成功: sales=7683000000, gp=5178918000, op=-503000000
[16:10:20] [INGEST] doc_id=813ad8354d650806 zip_hash=33ffa99142efe59317ac1e7e6e49dfde6e7de65c23aace772d4b13182406e539 status=parse_failed reason=年度/Q不明: year=R8/1, q=
[16:10:20] [DL] ダウンロード中: https://webapi.yanoshin.jp/rd.php?https://www.release.tdnet.info/inbs/140120260313581236.pdf
[16:10:21] [DL] 保存完了: data\docs\140120260313581236.pdf (3262.6KB)
[16:10:21] [抽出] SKIP_PDF_NOT_TANSHIN: title=2026年１月期通期　決算説明資料
[16:10:21] [INGEST] doc_id=3a2488b580f82825 status=skipped_not_tanshin title=2026年１月期通期　決算説明資料
[16:10:21] [DL] ダウンロード中: https://webapi.yanoshin.jp/rd.php?https://www.release.tdnet.info/inbs/140120260313581088.pdf
[16:10:21] [DL] 保存完了: data\docs\140120260313581088.pdf (516.5KB)
[16:10:21] [DL] ダウンロード中: https://webapi.yanoshin.jp/rd.php?https://www.release.tdnet.info/inbs/081220260313581088.zip
[16:10:21] [DL] 保存完了: data\docs\081220260313581088.zip (64.8KB)
[16:10:21] [抽出] XBRL抽出を試行: data\docs\081220260313581088.zip
[16:10:21] [XBRL] 未知の財務タグ検出: ['tse-ed-t:ChangeInComprehensiveIncome', 'tse-ed-t:ChangeInNetSales', 'tse-ed-t:ChangeInOperatingIncome', 'tse-ed-t:ChangeInOrdinaryIncome', 'tse-ed-t:ChangeInProfitAttributableToOwnersOfParent', 'tse-ed-t:ComprehensiveIncome', 'tse-ed-t:DilutedNetIncomePerShare', 'tse-ed-t:NetIncomePerShare', 'tse-ed-t:ProfitAttributableToOwnersOfParent']
[16:10:21] [XBRL] Summary抽出成功: XBRLData/Summary/tse-scedjpsy-78500-20260313378500-ixbrl.htm
[16:10:21] [XBRL] Summary不足項目: ['gross_profit', 'cost_of_sales'], PL Attachment候補: 1
[16:10:21] [XBRL] 未知の財務タグ検出: ['jppfs_cor:DividendsIncomeNOI', 'jppfs_cor:ExtraordinaryIncome', 'jppfs_cor:ExtraordinaryLoss', 'jppfs_cor:GainOnSalesOfNoncurrentAssetsEI', 'jppfs_cor:GainOnSalesOfScraps1NOI', 'jppfs_cor:IncomeBeforeIncomeTaxes', 'jppfs_cor:IncomeTaxes', 'jppfs_cor:IncomeTaxesCurrent', 'jppfs_cor:IncomeTaxesDeferred', 'jppfs_cor:InterestIncomeNOI', 'jppfs_cor:LossOnReductionOfNoncurrentAssetsEL', 'jppfs_cor:LossOnRetirementOfNoncurrentAssetsEL', 'jppfs_cor:NonOperatingExpenses', 'jppfs_cor:NonOperatingIncome', 'jppfs_cor:ProfitLoss', 'jppfs_cor:ProfitLossAttributableToNonControllingInterests', 'jppfs_cor:ProfitLossAttributableToOwnersOfParent', 'jppfs_cor:RentIncomeNOI']
[16:10:21] [XBRL] PL Attachment抽出成功: XBRLData/Attachment/0600000-scpl15-tse-scedjpfr-78500-2026-01-31-01-2026-03-13-ixbrl.htm
[16:10:21] [XBRL] Attachment補完: gross_profit=3693144000
[16:10:21] [XBRL] Attachment補完: cost_of_sales=7563175000
[16:10:21] [抽出] XBRL抽出成功: sales=10872000000, gp=3693144000, op=937000000
[16:10:21] [INGEST] doc_id=cc6e0eb4bb8ec412 zip_hash=3724f0e609b51afa1c288279811e01e57c0930177ae8e86840e8aea57888980d status=success 7850 2026-07-31 2Q sales=10872000000 gp=3693144000 op=937000000
[16:10:23] [v2] セグメント抽出成功: 30件, engine=v2, unit=千円, profit_role=
[16:10:23] [SEGMENT] 7850 2Q (自 令和: sales=0.006 profit=None (inserted)
[16:10:23] [SEGMENT] 7850 2Q 至 令和: sales=0.007 profit=None (inserted)
[16:10:23] [SEGMENT] 7850 2Q 売上高: sales=11256.319 profit=None (inserted)
[16:10:23] [SEGMENT] 7850 2Q 売上原価: sales=7563.175 profit=None (inserted)
[16:10:23] [SEGMENT] 7850 2Q 売上総利益: sales=3693.1440000000002 profit=None (inserted)
[16:10:23] [SEGMENT] 7850 2Q 運賃: sales=733.388 profit=None (inserted)
[16:10:23] [SEGMENT] 7850 2Q 給料及び手当: sales=908.383 profit=None (inserted)
[16:10:23] [SEGMENT] 7850 2Q 貸倒引当金繰入額: sales=1.035 profit=None (inserted)
[16:10:23] [SEGMENT] 7850 2Q 賞与引当金繰入額: sales=18.0 profit=None (inserted)
[16:10:23] [SEGMENT] 7850 2Q その他: sales=917.016 profit=None (inserted)
[16:10:23] [SEGMENT] 7850 2Q 販売費及び一般管理費合計: sales=2577.8250000000003 profit=None (inserted)
[16:10:23] [SEGMENT] 7850 2Q 営業利益: sales=1115.318 profit=None (inserted)
[16:10:23] [SEGMENT] 7850 2Q 受取利息: sales=0.11 profit=None (inserted)
[16:10:23] [SEGMENT] 7850 2Q 受取配当金: sales=10.514 profit=None (inserted)
[16:10:23] [SEGMENT] 7850 2Q 受取賃貸料: sales=9.112 profit=None (inserted)
[16:10:23] [SEGMENT] 7850 2Q 作業くず売却益: sales=6.038 profit=None (inserted)
[16:10:23] [SEGMENT] 7850 2Q 受取手数料: sales=12.252 profit=None (inserted)
[16:10:23] [SEGMENT] 7850 2Q 貸倒引当金戻入額: sales=0.013000000000000001 profit=None (inserted)
[16:10:23] [SEGMENT] 7850 2Q その他: sales=13.838000000000001 profit=None (updated)
[16:10:23] [SEGMENT] 7850 2Q 支払利息: sales=25.028000000000002 profit=None (inserted)
[16:10:23] [SEGMENT] 7850 2Q その他: sales=0.363 profit=None (updated)
[16:10:23] [SEGMENT] 7850 2Q 経常利益: sales=1141.7930000000001 profit=None (inserted)
[16:10:23] [SEGMENT] 7850 2Q 補助金収入: sales=5.3260000000000005 profit=None (inserted)
[16:10:23] [SEGMENT] 7850 2Q 固定資産売却益: sales=6.441 profit=None (inserted)
[16:10:23] [SEGMENT] 7850 2Q 固定資産除却損: sales=0.264 profit=None (inserted)
[16:10:23] [SEGMENT] 7850 2Q 固定資産圧縮損: sales=5.3260000000000005 profit=None (inserted)
[16:10:23] [SEGMENT] 7850 2Q 税金等調整前中間純利益: sales=1147.971 profit=None (inserted)
[16:10:23] [SEGMENT] 7850 2Q 法人税、住民税及び事業税: sales=367.664 profit=None (inserted)
[16:10:23] [SEGMENT] 7850 2Q 中間純利益: sales=791.0790000000001 profit=None (inserted)
[16:10:23] [SEGMENT] 7850 2Q 親会社株主に帰属する中間純利益: sales=799.215 profit=None (inserted)
[16:10:24] [DL] ダウンロード中: https://webapi.yanoshin.jp/rd.php?https://www.release.tdnet.info/inbs/140120260313580717.pdf
[16:10:24] [DL] 保存完了: data\docs\140120260313580717.pdf (504.1KB)
[16:10:24] [DL] ダウンロード中: https://webapi.yanoshin.jp/rd.php?https://www.release.tdnet.info/inbs/081220260313580717.zip
[16:10:24] [DL] 保存完了: data\docs\081220260313580717.zip (59.2KB)
[16:10:25] [抽出] XBRL抽出を試行: data\docs\081220260313580717.zip
[16:10:25] [XBRL] 未知の財務タグ検出: ['tse-ed-t:ChangeInNetIncome', 'tse-ed-t:ChangeInNetSales', 'tse-ed-t:ChangeInOperatingIncome', 'tse-ed-t:ChangeInOrdinaryIncome', 'tse-ed-t:DilutedNetIncomePerShare', 'tse-ed-t:NetIncome', 'tse-ed-t:NetIncomePerShare']
[16:10:25] [XBRL] Summary抽出成功: XBRLData/Summary/tse-snedjpsy-92620-20260313392620-ixbrl.htm
[16:10:25] [XBRL] Summary不足項目: ['gross_profit', 'cost_of_sales'], PL Attachment候補: 1
[16:10:25] [XBRL] 未知の財務タグ検出: ['jppfs_cor:CompensationIncomeNOI', 'jppfs_cor:ExtraordinaryLoss', 'jppfs_cor:IncomeBeforeIncomeTaxes', 'jppfs_cor:IncomeTaxes', 'jppfs_cor:IncomeTaxesCurrent', 'jppfs_cor:IncomeTaxesDeferred', 'jppfs_cor:InterestIncomeNOI', 'jppfs_cor:LossOnRetirementOfNoncurrentAssetsEL', 'jppfs_cor:NonOperatingExpenses', 'jppfs_cor:NonOperatingIncome', 'jppfs_cor:ProfitLoss']
[16:10:25] [XBRL] PL Attachment抽出成功: XBRLData/Attachment/1300000-snpl16-tse-snedjpfr-92620-2026-01-31-01-2026-03-13-ixbrl.htm
[16:10:25] [XBRL] Attachment補完: gross_profit=2455412000
[16:10:25] [XBRL] Attachment補完: cost_of_sales=4791045000
[16:10:25] [抽出] XBRL抽出成功: sales=8071000000, gp=2455412000, op=583000000
[16:10:25] [INGEST] doc_id=14d3cb1ffe350718 zip_hash=7cdbf09c3941fb0425c563bb57191bae058604caa284a956c24b80209eab0fa3 status=success 9262 2026-07-31 2Q sales=8071000000 gp=2455412000 op=583000000
[16:10:26] [v2] セグメント抽出成功: 22件, engine=v2, unit=千円, profit_role=
[16:10:26] [SEGMENT] 9262 2Q (自: sales=2.024 profit=None (inserted)
[16:10:26] [SEGMENT] 9262 2Q 売上高: sales=7246.4580000000005 profit=None (inserted)
[16:10:26] [SEGMENT] 9262 2Q 売上原価: sales=4791.045 profit=None (inserted)
[16:10:26] [SEGMENT] 9262 2Q 売上総利益: sales=2455.4120000000003 profit=None (inserted)
[16:10:26] [SEGMENT] 9262 2Q 販売費及び一般管理費: sales=2011.991 profit=None (inserted)
[16:10:26] [SEGMENT] 9262 2Q 営業利益: sales=443.421 profit=None (inserted)
[16:10:26] [SEGMENT] 9262 2Q 受取利息: sales=5.458 profit=None (inserted)
[16:10:26] [SEGMENT] 9262 2Q 受取補償金: sales=46.529 profit=None (inserted)
[16:10:26] [SEGMENT] 9262 2Q 受取手数料: sales=18.116 profit=None (inserted)
[16:10:26] [SEGMENT] 9262 2Q 株主優待引当金戻入額: sales=18.854 profit=None (inserted)
[16:10:26] [SEGMENT] 9262 2Q その他: sales=27.656 profit=None (inserted)
[16:10:26] [SEGMENT] 9262 2Q 支払利息: sales=4.698 profit=None (inserted)
[16:10:26] [SEGMENT] 9262 2Q 賃貸費用: sales=19.236 profit=None (inserted)
[16:10:26] [SEGMENT] 9262 2Q 貸倒引当金繰入額: sales=13.326 profit=None (inserted)
[16:10:26] [SEGMENT] 9262 2Q 減価償却費: sales=4.909 profit=None (inserted)
[16:10:26] [SEGMENT] 9262 2Q その他: sales=0.275 profit=None (updated)
[16:10:26] [SEGMENT] 9262 2Q 経常利益: sales=517.59 profit=None (inserted)
[16:10:26] [SEGMENT] 9262 2Q 固定資産除却損: sales=6.237 profit=None (inserted)
[16:10:26] [SEGMENT] 9262 2Q その他: sales=1.5110000000000001 profit=None (updated)
[16:10:26] [SEGMENT] 9262 2Q 税引前中間純利益: sales=509.841 profit=None (inserted)
[16:10:26] [SEGMENT] 9262 2Q 法人税、住民税及び事業税: sales=203.983 profit=None (inserted)
[16:10:26] [SEGMENT] 9262 2Q 中間純利益: sales=315.331 profit=None (inserted)
[16:10:27] [DL] ダウンロード中: https://webapi.yanoshin.jp/rd.php?https://www.release.tdnet.info/inbs/140120260312580654.pdf
[16:10:27] [DL] 保存完了: data\docs\140120260312580654.pdf (262.2KB)
[16:10:27] [DL] ダウンロード中: https://webapi.yanoshin.jp/rd.php?https://www.release.tdnet.info/inbs/081220260312580654.zip
[16:10:28] [DL] 保存完了: data\docs\081220260312580654.zip (53.5KB)
[16:10:28] [抽出] XBRL抽出を試行: data\docs\081220260312580654.zip
[16:10:28] [XBRL] 未知の財務タグ検出: ['tse-ed-t:ChangeInNetIncome', 'tse-ed-t:ChangeInNetSales', 'tse-ed-t:ChangeInOperatingIncome', 'tse-ed-t:ChangeInOrdinaryIncome', 'tse-ed-t:DilutedNetIncomePerShare', 'tse-ed-t:NetIncome', 'tse-ed-t:NetIncomePerShare']
[16:10:28] [XBRL] Summary抽出成功: XBRLData/Summary/tse-qnedjpsm-94250-20260313394250-ixbrl.htm
[16:10:28] [XBRL] Summary不足項目: ['gross_profit', 'cost_of_sales'], PL Attachment候補: 1
[16:10:28] [XBRL] 未知の財務タグ検出: ['jppfs_cor:ExtraordinaryIncome', 'jppfs_cor:ForeignExchangeLossesNOE', 'jppfs_cor:IncomeBeforeIncomeTaxes', 'jppfs_cor:IncomeTaxes', 'jppfs_cor:IncomeTaxesCurrent', 'jppfs_cor:InterestIncomeNOI', 'jppfs_cor:LossOnRetirementOfInventoriesNOE', 'jppfs_cor:NonOperatingExpenses', 'jppfs_cor:NonOperatingIncome', 'jppfs_cor:ProfitLoss', 'tse-qnedjpfr-94250:CompensationForDamageIncomeEI']
[16:10:28] [XBRL] PL Attachment抽出成功: XBRLData/Attachment/0102010-qnpl12-tse-qnedjpfr-94250-2026-01-31-01-2026-03-13-ixbrl.htm
[16:10:28] [XBRL] Attachment補完: gross_profit=107887000
[16:10:28] [XBRL] Attachment補完: cost_of_sales=2424557000
[16:10:28] [抽出] XBRL抽出成功: sales=2532000000, gp=107887000, op=-38000000
[16:10:28] [INGEST] doc_id=5367c72ee4026411 zip_hash=5e5f358372578ff235a864ed9be5120904396b2d33b654e9dcdc5cf6d76bacca status=success 9425 2026-10-31 1Q sales=2532000000 gp=107887000 op=-38000000
[16:10:28] [v2] セグメント抽出成功: 19件, engine=v2, unit=千円, profit_role=segment_profit_like
[16:10:28] [SEGMENT] 9425 1Q 前第: sales=0.001 profit=0.001 (inserted)
[16:10:28] [SEGMENT] 9425 1Q (自: sales=0.011 profit=2.024 (inserted)
[16:10:28] [SEGMENT] 9425 1Q 売上高: sales=2532.445 profit=1382.671 (inserted)
[16:10:28] [SEGMENT] 9425 1Q 売上原価: sales=2424.5570000000002 profit=1252.448 (inserted)
[16:10:28] [SEGMENT] 9425 1Q 売上総利益: sales=107.887 profit=130.222 (inserted)
[16:10:28] [SEGMENT] 9425 1Q 販売費及び一般管理費: sales=146.392 profit=134.463 (inserted)
[16:10:28] [SEGMENT] 9425 1Q 営業損失(: sales=-38.504 profit=-4.24 (inserted)
[16:10:28] [SEGMENT] 9425 1Q 受取利息: sales=0.504 profit=None (inserted)
[16:10:28] [SEGMENT] 9425 1Q 為替差益: sales=3.85 profit=None (inserted)
[16:10:28] [SEGMENT] 9425 1Q その他: sales=0.32 profit=0.148 (inserted)
[16:10:28] [SEGMENT] 9425 1Q 支払利息: sales=1.734 profit=2.6750000000000003 (inserted)
[16:10:28] [SEGMENT] 9425 1Q 為替差損: sales=7.773000000000001 profit=None (inserted)
[16:10:28] [SEGMENT] 9425 1Q 棚卸資産除却損: sales=7.283 profit=3.8240000000000003 (inserted)
[16:10:28] [SEGMENT] 9425 1Q その他: sales=3.16 profit=None (updated)
[16:10:28] [SEGMENT] 9425 1Q 経常損失(: sales=-57.632 profit=-6.74 (inserted)
[16:10:28] [SEGMENT] 9425 1Q 受取賠償金: sales=0.198 profit=None (inserted)
[16:10:28] [SEGMENT] 9425 1Q 税引前四半期純損失(: sales=-57.632 profit=-6.542 (inserted)
[16:10:28] [SEGMENT] 9425 1Q 法人税、住民税及び事業税: sales=0.61 profit=0.61 (inserted)
[16:10:28] [SEGMENT] 9425 1Q 四半期純損失(: sales=-58.242000000000004 profit=-7.152 (inserted)
[16:10:29] [DL] 既にダウンロード済み: data\docs\140120260313581648.pdf
[16:10:29] [抽出] SKIP_PDF_NOT_TANSHIN: title=2026年7月期 第2四半期決算説明資料
[16:10:29] [INGEST] doc_id=f97aff7509c5c532 status=skipped_not_tanshin title=2026年7月期 第2四半期決算説明資料
[16:10:29] [DL] 既にダウンロード済み: data\docs\140120260312580923.pdf
[16:10:29] [抽出] SKIP_PDF_NOT_TANSHIN: title=売れるネット広告社グループ（9235）2026年７月期第2四半期決算説明資料
[16:10:29] [INGEST] doc_id=0b376bb3f7a7e79e status=skipped_not_tanshin title=売れるネット広告社グループ（9235）2026年７月期第2四半期決算説明資料
[16:10:29] [DL] 既にダウンロード済み: data\docs\140120260313581070.pdf
[16:10:29] [抽出] SKIP_PDF_NOT_TANSHIN: title=2026年10月期　第１四半期決算説明資料
[16:10:29] [INGEST] doc_id=3f144949896df324 status=skipped_not_tanshin title=2026年10月期　第１四半期決算説明資料
[16:10:29] [DL] 既にダウンロード済み: data\docs\140120260310579038.pdf
[16:10:29] [抽出] SKIP_PDF_NOT_TANSHIN: title=2026年７月期　第２四半期決算補足説明資料
[16:10:29] [INGEST] doc_id=2435c857359954ea status=skipped_not_tanshin title=2026年７月期　第２四半期決算補足説明資料
[16:10:29] [DL] 既にダウンロード済み: data\docs\140120260312580260.pdf
[16:10:29] [抽出] SKIP_PDF_NOT_TANSHIN: title=2026年10月期 第１四半期 決算説明資料
[16:10:29] [INGEST] doc_id=61115f05deb10312 status=skipped_not_tanshin title=2026年10月期 第１四半期 決算説明資料
[16:10:29] [DL] 既にダウンロード済み: data\docs\140120260313581418.pdf
[16:10:29] [抽出] SKIP_PDF_NOT_TANSHIN: title=2026年４月期　第３四半期決算説明資料
[16:10:29] [INGEST] doc_id=638b8c0a8c1ee3f8 status=skipped_not_tanshin title=2026年４月期　第３四半期決算説明資料
[16:10:29] [DL] 既にダウンロード済み: data\docs\140120260313581627.pdf
[16:10:30] [抽出] SKIP_PDF_NOT_TANSHIN: title=2026年４月期　第３四半期決算説明資料
[16:10:30] [INGEST] doc_id=8598ccc3ad37c7f4 status=skipped_not_tanshin title=2026年４月期　第３四半期決算説明資料
[16:10:30] [DL] 既にダウンロード済み: data\docs\140120260313581801.pdf
[16:10:30] [抽出] SKIP_PDF_NOT_TANSHIN: title=2026年10月期 第1四半期決算補足説明資料
[16:10:30] [INGEST] doc_id=293914e1d95d3f2e status=skipped_not_tanshin title=2026年10月期 第1四半期決算補足説明資料
[16:10:30] [DL] 既にダウンロード済み: data\docs\140120260312580829.pdf
[16:10:30] [抽出] SKIP_PDF_NOT_TANSHIN: title=2026年4月期 第３四半期決算説明資料
[16:10:30] [INGEST] doc_id=da020834f5388106 status=skipped_not_tanshin title=2026年4月期 第３四半期決算説明資料
[16:10:30] [DL] 既にダウンロード済み: data\docs\140120260313581540.pdf
[16:10:30] [抽出] SKIP_PDF_NOT_TANSHIN: title=2026年1月期 通期 決算説明資料(事業計画及び成長可能性に関する事項)
[16:10:30] [INGEST] doc_id=4334b680e79b765d status=skipped_not_tanshin title=2026年1月期 通期 決算説明資料(事業計画及び成長可能性に関する事項)
[16:10:30] [DL] 既にダウンロード済み: data\docs\140120260313581793.pdf
[16:10:33] [抽出] SKIP_PDF_NOT_TANSHIN: title=2026年４月期 第３四半期決算説明資料
[16:10:33] [INGEST] doc_id=6508deb5bc24c0cc status=skipped_not_tanshin title=2026年４月期 第３四半期決算説明資料
[16:10:33] [DL] 既にダウンロード済み: data\docs\140120260313581319.pdf
[16:10:33] [抽出] SKIP_PDF_NOT_TANSHIN: title=2026年４月期第３四半期決算説明資料
[16:10:33] [INGEST] doc_id=b99b4391f4fa9c37 status=skipped_not_tanshin title=2026年４月期第３四半期決算説明資料
[16:10:33] [DL] 既にダウンロード済み: data\docs\140120260313581723.pdf
[16:10:33] [抽出] SKIP_PDF_NOT_TANSHIN: title=2026年１月期通期決算説明会資料
[16:10:33] [INGEST] doc_id=ecc2e02fc2ccbdd5 status=skipped_not_tanshin title=2026年１月期通期決算説明会資料
[16:10:33] [DL] 既にダウンロード済み: data\docs\140120260313581308.pdf
[16:10:33] [抽出] SKIP_PDF_NOT_TANSHIN: title=2026年10月期 第１四半期決算説明資料
[16:10:33] [INGEST] doc_id=a78b4071b3b85b97 status=skipped_not_tanshin title=2026年10月期 第１四半期決算説明資料
[16:10:33] [DL] 既にダウンロード済み: data\docs\140120260313581315.pdf
[16:10:33] [抽出] SKIP_PDF_NOT_TANSHIN: title=2026年10月期 第１四半期決算説明資料（書き起こし）公開に関するお知らせ
[16:10:33] [INGEST] doc_id=c9e7ddeb7cbfce1f status=skipped_not_tanshin title=2026年10月期 第１四半期決算説明資料（書き起こし）公開に関するお知らせ
[16:10:33] [DL] 既にダウンロード済み: data\docs\140120260313581454.pdf
[16:10:33] [抽出] SKIP_PDF_NOT_TANSHIN: title=2026年10月期第１四半期決算説明資料
[16:10:33] [INGEST] doc_id=76f1d64eda1678a0 status=skipped_not_tanshin title=2026年10月期第１四半期決算説明資料
[16:10:33] [DL] 既にダウンロード済み: data\docs\140120260313581610.pdf
[16:10:33] [抽出] SKIP_PDF_NOT_TANSHIN: title=2026年７月期　第２四半期決算説明資料
[16:10:33] [INGEST] doc_id=8ba7cf79e9935209 status=skipped_not_tanshin title=2026年７月期　第２四半期決算説明資料
[16:10:33] [DL] 既にダウンロード済み: data\docs\140120260311579432.pdf
[16:10:33] [抽出] SKIP_PDF_NOT_TANSHIN: title=2026年10月期第１四半期 決算補足説明資料
[16:10:33] [INGEST] doc_id=e0daeec92a3e8cde status=skipped_not_tanshin title=2026年10月期第１四半期 決算補足説明資料
[16:10:33] [DL] 既にダウンロード済み: data\docs\140120260312580742.pdf
[16:10:33] [抽出] SKIP_PDF_NOT_TANSHIN: title=2026年７月期第２四半期決算説明資料
[16:10:33] [INGEST] doc_id=941a4b3b0407a6ac status=skipped_not_tanshin title=2026年７月期第２四半期決算説明資料
[16:10:33] [DL] 既にダウンロード済み: data\docs\140120260313581335.pdf
[16:10:33] [抽出] SKIP_PDF_NOT_TANSHIN: title=2026年10月期　第１四半期　決算説明資料
[16:10:33] [INGEST] doc_id=fe64e06c80691acf status=skipped_not_tanshin title=2026年10月期　第１四半期　決算説明資料
[16:10:33] [DL] 既にダウンロード済み: data\docs\140120260309578448.pdf
[16:10:33] [抽出] SKIP_PDF_NOT_TANSHIN: title=2026年10月期第1四半期決算ご説明（IR資料）
[16:10:33] [INGEST] doc_id=62b3ae94689f23c5 status=skipped_not_tanshin title=2026年10月期第1四半期決算ご説明（IR資料）
[16:10:33] [DL] 既にダウンロード済み: data\docs\140120260310578873.pdf
[16:10:33] [抽出] SKIP_PDF_NOT_TANSHIN: title=2026年10月期 第１四半期決算補足説明資料
[16:10:33] [INGEST] doc_id=9a2a3b585e7f1d13 status=skipped_not_tanshin title=2026年10月期 第１四半期決算補足説明資料
[16:10:33] [DL] 既にダウンロード済み: data\docs\140120260306577679.pdf
[16:10:33] [抽出] SKIP_PDF_NOT_TANSHIN: title=2026年10月期　第１四半期決算説明資料
[16:10:33] [INGEST] doc_id=717dfb74972167a6 status=skipped_not_tanshin title=2026年10月期　第１四半期決算説明資料
[16:10:33] [DL] 既にダウンロード済み: data\docs\140120260313581642.pdf
[16:10:33] [抽出] SKIP_PDF_NOT_TANSHIN: title=2026年7月期第2四半期決算説明資料
[16:10:33] [INGEST] doc_id=63e7a3cf1907b356 status=skipped_not_tanshin title=2026年7月期第2四半期決算説明資料
[16:10:33] [DL] 既にダウンロード済み: data\docs\140120260310579210.pdf
[16:10:34] [抽出] SKIP_PDF_NOT_TANSHIN: title=2026年７月期　第２四半期決算補足資料
[16:10:34] [INGEST] doc_id=a55cc3eec4e53f22 status=skipped_not_tanshin title=2026年７月期　第２四半期決算補足資料
[16:10:34] [DL] 既にダウンロード済み: data\docs\140120260313581150.pdf
[16:10:34] [抽出] SKIP_PDF_NOT_TANSHIN: title=2026年４月期第３四半期決算説明資料
[16:10:34] [INGEST] doc_id=235930b782b815ad status=skipped_not_tanshin title=2026年４月期第３四半期決算説明資料
[16:10:34] [DL] 既にダウンロード済み: data\docs\140120260312580364.pdf
[16:10:34] [抽出] SKIP_PDF_NOT_TANSHIN: title=2026年4月期_第3四半期決算説明資料
[16:10:34] [INGEST] doc_id=6684aeefdf1a8760 status=skipped_not_tanshin title=2026年4月期_第3四半期決算説明資料
[16:10:34] [INGEST] run=ingest-658ce376 processed=43 success=8 skipped=31 error=4 (tanshin=43) SKIP_NOT_TANSHIN_TITLE=31
[16:10:34] [filings_ingest] done total=43 success=0 errors=4
[16:10:34] [pipeline_run] finished: ingest status=done elapsed=32.6s id=174 processed=43 success=0 failed=0
[2026/03/13 16:10:34.40] Finished (exit=0) 
[2026/03/13 16:20:01.28] Starting ingest 
[16:20:01] [db] config: write_key_type=service_role read_key_type=service_role
[16:20:01] [pipeline_run] started: ingest (id=175, trigger=scheduler)
[16:20:01] [filings_ingest] start dry_run=False company_code=ALL
[16:20:01] [API] yanoshin.jp APIから取得中: https://webapi.yanoshin.jp/webapi/tdnet/list/today.json
[16:20:02] [API] detected_schema=items, raw_items_count=300
[16:20:02] [API] first_item_preview: id=96499ab92bf6..., pubdate=2026-03-13 16:00:00, title=株式会社Schooとの資本業務提携に関する覚書の締結に関するお知らせ, code=1447
[16:20:02] [API] fetched_count=300
[16:20:02] [API] fetched_count=300, filtered_count=135, forecast_revision_count=31, financial_statement_count=104
[16:20:02] [API] new_count=62 already_processed=73 already_processed_financial_statement=73 new_financial_statement=31
[16:20:02] [API] already_processed_tickers=172A,186A,3441,3524,3931,4378,5079,7050,7674,7850,9262,9425,218A,3444,4334,168A,1758,1766,1840,212A
[16:20:02] [INGEST] run=ingest-00ab0a68 new_items=62 target_statements=31 non_target=31 (forecast_revision=31, other=0)
[16:20:02] [DL] 既にダウンロード済み: data\docs\140120260313581682.pdf
[16:20:02] [抽出] SKIP_PDF_NOT_TANSHIN: title=2026年4月期第3四半期 決算説明資料
[16:20:02] [INGEST] doc_id=ece0026e15e66168 status=skipped_not_tanshin title=2026年4月期第3四半期 決算説明資料
[16:20:02] [DL] 既にダウンロード済み: data\docs\140120260312580915.pdf
[16:20:02] [抽出] SKIP_PDF_NOT_TANSHIN: title=2026年10月期第１四半期 決算説明資料
[16:20:02] [INGEST] doc_id=4ccbe79cd9b3d282 status=skipped_not_tanshin title=2026年10月期第１四半期 決算説明資料
[16:20:02] [DL] 既にダウンロード済み: data\docs\140120260313581864.pdf
[16:20:02] [抽出] SKIP_PDF_NOT_TANSHIN: title=2026年4月期第３四半期決算説明補足資料
[16:20:02] [INGEST] doc_id=05e1335e1aecce0d status=skipped_not_tanshin title=2026年4月期第３四半期決算説明補足資料
[16:20:02] [DL] 既にダウンロード済み: data\docs\140120260313581236.pdf
[16:20:02] [抽出] SKIP_PDF_NOT_TANSHIN: title=2026年１月期通期　決算説明資料
[16:20:02] [INGEST] doc_id=3a2488b580f82825 status=skipped_not_tanshin title=2026年１月期通期　決算説明資料
[16:20:02] [DL] 既にダウンロード済み: data\docs\140120260313581648.pdf
[16:20:02] [抽出] SKIP_PDF_NOT_TANSHIN: title=2026年7月期 第2四半期決算説明資料
[16:20:02] [INGEST] doc_id=f97aff7509c5c532 status=skipped_not_tanshin title=2026年7月期 第2四半期決算説明資料
[16:20:02] [DL] 既にダウンロード済み: data\docs\140120260312580923.pdf
[16:20:02] [抽出] SKIP_PDF_NOT_TANSHIN: title=売れるネット広告社グループ（9235）2026年７月期第2四半期決算説明資料
[16:20:02] [INGEST] doc_id=0b376bb3f7a7e79e status=skipped_not_tanshin title=売れるネット広告社グループ（9235）2026年７月期第2四半期決算説明資料
[16:20:02] [DL] 既にダウンロード済み: data\docs\140120260313581070.pdf
[16:20:02] [抽出] SKIP_PDF_NOT_TANSHIN: title=2026年10月期　第１四半期決算説明資料
[16:20:02] [INGEST] doc_id=3f144949896df324 status=skipped_not_tanshin title=2026年10月期　第１四半期決算説明資料
[16:20:02] [DL] 既にダウンロード済み: data\docs\140120260310579038.pdf
[16:20:02] [抽出] SKIP_PDF_NOT_TANSHIN: title=2026年７月期　第２四半期決算補足説明資料
[16:20:02] [INGEST] doc_id=2435c857359954ea status=skipped_not_tanshin title=2026年７月期　第２四半期決算補足説明資料
[16:20:02] [DL] 既にダウンロード済み: data\docs\140120260312580260.pdf
[16:20:02] [抽出] SKIP_PDF_NOT_TANSHIN: title=2026年10月期 第１四半期 決算説明資料
[16:20:02] [INGEST] doc_id=61115f05deb10312 status=skipped_not_tanshin title=2026年10月期 第１四半期 決算説明資料
[16:20:02] [DL] 既にダウンロード済み: data\docs\140120260313581418.pdf
[16:20:02] [抽出] SKIP_PDF_NOT_TANSHIN: title=2026年４月期　第３四半期決算説明資料
[16:20:02] [INGEST] doc_id=638b8c0a8c1ee3f8 status=skipped_not_tanshin title=2026年４月期　第３四半期決算説明資料
[16:20:02] [DL] 既にダウンロード済み: data\docs\140120260313581627.pdf
[16:20:03] [抽出] SKIP_PDF_NOT_TANSHIN: title=2026年４月期　第３四半期決算説明資料
[16:20:03] [INGEST] doc_id=8598ccc3ad37c7f4 status=skipped_not_tanshin title=2026年４月期　第３四半期決算説明資料
[16:20:03] [DL] 既にダウンロード済み: data\docs\140120260313581801.pdf
[16:20:03] [抽出] SKIP_PDF_NOT_TANSHIN: title=2026年10月期 第1四半期決算補足説明資料
[16:20:03] [INGEST] doc_id=293914e1d95d3f2e status=skipped_not_tanshin title=2026年10月期 第1四半期決算補足説明資料
[16:20:03] [DL] 既にダウンロード済み: data\docs\140120260312580829.pdf
[16:20:03] [抽出] SKIP_PDF_NOT_TANSHIN: title=2026年4月期 第３四半期決算説明資料
[16:20:03] [INGEST] doc_id=da020834f5388106 status=skipped_not_tanshin title=2026年4月期 第３四半期決算説明資料
[16:20:03] [DL] 既にダウンロード済み: data\docs\140120260313581540.pdf
[16:20:03] [抽出] SKIP_PDF_NOT_TANSHIN: title=2026年1月期 通期 決算説明資料(事業計画及び成長可能性に関する事項)
[16:20:03] [INGEST] doc_id=4334b680e79b765d status=skipped_not_tanshin title=2026年1月期 通期 決算説明資料(事業計画及び成長可能性に関する事項)
[16:20:03] [DL] 既にダウンロード済み: data\docs\140120260313581793.pdf
[16:20:05] [抽出] SKIP_PDF_NOT_TANSHIN: title=2026年４月期 第３四半期決算説明資料
[16:20:05] [INGEST] doc_id=6508deb5bc24c0cc status=skipped_not_tanshin title=2026年４月期 第３四半期決算説明資料
[16:20:05] [DL] 既にダウンロード済み: data\docs\140120260313581319.pdf
[16:20:05] [抽出] SKIP_PDF_NOT_TANSHIN: title=2026年４月期第３四半期決算説明資料
[16:20:05] [INGEST] doc_id=b99b4391f4fa9c37 status=skipped_not_tanshin title=2026年４月期第３四半期決算説明資料
[16:20:05] [DL] 既にダウンロード済み: data\docs\140120260313581723.pdf
[16:20:05] [抽出] SKIP_PDF_NOT_TANSHIN: title=2026年１月期通期決算説明会資料
[16:20:05] [INGEST] doc_id=ecc2e02fc2ccbdd5 status=skipped_not_tanshin title=2026年１月期通期決算説明会資料
[16:20:05] [DL] 既にダウンロード済み: data\docs\140120260313581308.pdf
[16:20:05] [抽出] SKIP_PDF_NOT_TANSHIN: title=2026年10月期 第１四半期決算説明資料
[16:20:05] [INGEST] doc_id=a78b4071b3b85b97 status=skipped_not_tanshin title=2026年10月期 第１四半期決算説明資料
[16:20:05] [DL] 既にダウンロード済み: data\docs\140120260313581315.pdf
[16:20:05] [抽出] SKIP_PDF_NOT_TANSHIN: title=2026年10月期 第１四半期決算説明資料（書き起こし）公開に関するお知らせ
[16:20:05] [INGEST] doc_id=c9e7ddeb7cbfce1f status=skipped_not_tanshin title=2026年10月期 第１四半期決算説明資料（書き起こし）公開に関するお知らせ
[16:20:05] [DL] 既にダウンロード済み: data\docs\140120260313581454.pdf
[16:20:05] [抽出] SKIP_PDF_NOT_TANSHIN: title=2026年10月期第１四半期決算説明資料
[16:20:05] [INGEST] doc_id=76f1d64eda1678a0 status=skipped_not_tanshin title=2026年10月期第１四半期決算説明資料
[16:20:05] [DL] 既にダウンロード済み: data\docs\140120260313581610.pdf
[16:20:05] [抽出] SKIP_PDF_NOT_TANSHIN: title=2026年７月期　第２四半期決算説明資料
[16:20:05] [INGEST] doc_id=8ba7cf79e9935209 status=skipped_not_tanshin title=2026年７月期　第２四半期決算説明資料
[16:20:05] [DL] 既にダウンロード済み: data\docs\140120260311579432.pdf
[16:20:06] [抽出] SKIP_PDF_NOT_TANSHIN: title=2026年10月期第１四半期 決算補足説明資料
[16:20:06] [INGEST] doc_id=e0daeec92a3e8cde status=skipped_not_tanshin title=2026年10月期第１四半期 決算補足説明資料
[16:20:06] [DL] 既にダウンロード済み: data\docs\140120260312580742.pdf
[16:20:06] [抽出] SKIP_PDF_NOT_TANSHIN: title=2026年７月期第２四半期決算説明資料
[16:20:06] [INGEST] doc_id=941a4b3b0407a6ac status=skipped_not_tanshin title=2026年７月期第２四半期決算説明資料
[16:20:06] [DL] 既にダウンロード済み: data\docs\140120260313581335.pdf
[16:20:06] [抽出] SKIP_PDF_NOT_TANSHIN: title=2026年10月期　第１四半期　決算説明資料
[16:20:06] [INGEST] doc_id=fe64e06c80691acf status=skipped_not_tanshin title=2026年10月期　第１四半期　決算説明資料
[16:20:06] [DL] 既にダウンロード済み: data\docs\140120260309578448.pdf
[16:20:06] [抽出] SKIP_PDF_NOT_TANSHIN: title=2026年10月期第1四半期決算ご説明（IR資料）
[16:20:06] [INGEST] doc_id=62b3ae94689f23c5 status=skipped_not_tanshin title=2026年10月期第1四半期決算ご説明（IR資料）
[16:20:06] [DL] 既にダウンロード済み: data\docs\140120260310578873.pdf
[16:20:06] [抽出] SKIP_PDF_NOT_TANSHIN: title=2026年10月期 第１四半期決算補足説明資料
[16:20:06] [INGEST] doc_id=9a2a3b585e7f1d13 status=skipped_not_tanshin title=2026年10月期 第１四半期決算補足説明資料
[16:20:06] [DL] 既にダウンロード済み: data\docs\140120260306577679.pdf
[16:20:06] [抽出] SKIP_PDF_NOT_TANSHIN: title=2026年10月期　第１四半期決算説明資料
[16:20:06] [INGEST] doc_id=717dfb74972167a6 status=skipped_not_tanshin title=2026年10月期　第１四半期決算説明資料
[16:20:06] [DL] 既にダウンロード済み: data\docs\140120260313581642.pdf
[16:20:06] [抽出] SKIP_PDF_NOT_TANSHIN: title=2026年7月期第2四半期決算説明資料
[16:20:06] [INGEST] doc_id=63e7a3cf1907b356 status=skipped_not_tanshin title=2026年7月期第2四半期決算説明資料
[16:20:06] [DL] 既にダウンロード済み: data\docs\140120260310579210.pdf
[16:20:06] [抽出] SKIP_PDF_NOT_TANSHIN: title=2026年７月期　第２四半期決算補足資料
[16:20:06] [INGEST] doc_id=a55cc3eec4e53f22 status=skipped_not_tanshin title=2026年７月期　第２四半期決算補足資料
[16:20:06] [DL] 既にダウンロード済み: data\docs\140120260313581150.pdf
[16:20:06] [抽出] SKIP_PDF_NOT_TANSHIN: title=2026年４月期第３四半期決算説明資料
[16:20:06] [INGEST] doc_id=235930b782b815ad status=skipped_not_tanshin title=2026年４月期第３四半期決算説明資料
[16:20:06] [DL] 既にダウンロード済み: data\docs\140120260312580364.pdf
[16:20:06] [抽出] SKIP_PDF_NOT_TANSHIN: title=2026年4月期_第3四半期決算説明資料
[16:20:06] [INGEST] doc_id=6684aeefdf1a8760 status=skipped_not_tanshin title=2026年4月期_第3四半期決算説明資料
[16:20:06] [INGEST] run=ingest-00ab0a68 processed=31 success=0 skipped=31 error=0 (tanshin=31) SKIP_NOT_TANSHIN_TITLE=31
[16:20:06] [filings_ingest] done total=31 success=0 errors=0
[16:20:06] [pipeline_run] finished: ingest status=done elapsed=4.8s id=175 processed=31 success=0 failed=0
[2026/03/13 16:20:06.62] Finished (exit=0) 
[2026/03/13 16:30:01.28] Starting ingest 
[16:30:01] [db] config: write_key_type=service_role read_key_type=service_role
[16:30:01] [pipeline_run] started: ingest (id=176, trigger=scheduler)
[16:30:01] [filings_ingest] start dry_run=False company_code=ALL
[16:30:01] [API] yanoshin.jp APIから取得中: https://webapi.yanoshin.jp/webapi/tdnet/list/today.json
[16:30:02] [API] detected_schema=items, raw_items_count=300
[16:30:02] [API] first_item_preview: id=2152fea7ea81..., pubdate=2026-03-13 16:15:00, title=取締役および執行役員の異動に関するお知らせ, code=6648
[16:30:02] [API] fetched_count=300
[16:30:02] [API] fetched_count=300, filtered_count=134, forecast_revision_count=30, financial_statement_count=104
[16:30:02] [API] new_count=61 already_processed=73 already_processed_financial_statement=73 new_financial_statement=31
[16:30:02] [API] already_processed_tickers=172A,186A,3441,3524,3931,4378,5079,7050,7674,7850,9262,9425,218A,3444,4334,168A,1758,1766,1840,212A
[16:30:02] [INGEST] run=ingest-f20441d8 new_items=61 target_statements=31 non_target=30 (forecast_revision=30, other=0)
[16:30:02] [DL] 既にダウンロード済み: data\docs\140120260313581682.pdf
[16:30:02] [抽出] SKIP_PDF_NOT_TANSHIN: title=2026年4月期第3四半期 決算説明資料
[16:30:02] [INGEST] doc_id=ece0026e15e66168 status=skipped_not_tanshin title=2026年4月期第3四半期 決算説明資料
[16:30:02] [DL] 既にダウンロード済み: data\docs\140120260312580915.pdf
[16:30:02] [抽出] SKIP_PDF_NOT_TANSHIN: title=2026年10月期第１四半期 決算説明資料
[16:30:02] [INGEST] doc_id=4ccbe79cd9b3d282 status=skipped_not_tanshin title=2026年10月期第１四半期 決算説明資料
[16:30:02] [DL] 既にダウンロード済み: data\docs\140120260313581864.pdf
[16:30:02] [抽出] SKIP_PDF_NOT_TANSHIN: title=2026年4月期第３四半期決算説明補足資料
[16:30:02] [INGEST] doc_id=05e1335e1aecce0d status=skipped_not_tanshin title=2026年4月期第３四半期決算説明補足資料
[16:30:02] [DL] 既にダウンロード済み: data\docs\140120260313581236.pdf
[16:30:02] [抽出] SKIP_PDF_NOT_TANSHIN: title=2026年１月期通期　決算説明資料
[16:30:02] [INGEST] doc_id=3a2488b580f82825 status=skipped_not_tanshin title=2026年１月期通期　決算説明資料
[16:30:02] [DL] 既にダウンロード済み: data\docs\140120260313581648.pdf
[16:30:02] [抽出] SKIP_PDF_NOT_TANSHIN: title=2026年7月期 第2四半期決算説明資料
[16:30:02] [INGEST] doc_id=f97aff7509c5c532 status=skipped_not_tanshin title=2026年7月期 第2四半期決算説明資料
[16:30:02] [DL] 既にダウンロード済み: data\docs\140120260312580923.pdf
[16:30:02] [抽出] SKIP_PDF_NOT_TANSHIN: title=売れるネット広告社グループ（9235）2026年７月期第2四半期決算説明資料
[16:30:02] [INGEST] doc_id=0b376bb3f7a7e79e status=skipped_not_tanshin title=売れるネット広告社グループ（9235）2026年７月期第2四半期決算説明資料
[16:30:02] [DL] 既にダウンロード済み: data\docs\140120260313581070.pdf
[16:30:02] [抽出] SKIP_PDF_NOT_TANSHIN: title=2026年10月期　第１四半期決算説明資料
[16:30:02] [INGEST] doc_id=3f144949896df324 status=skipped_not_tanshin title=2026年10月期　第１四半期決算説明資料
[16:30:02] [DL] 既にダウンロード済み: data\docs\140120260310579038.pdf
[16:30:02] [抽出] SKIP_PDF_NOT_TANSHIN: title=2026年７月期　第２四半期決算補足説明資料
[16:30:02] [INGEST] doc_id=2435c857359954ea status=skipped_not_tanshin title=2026年７月期　第２四半期決算補足説明資料
[16:30:02] [DL] 既にダウンロード済み: data\docs\140120260312580260.pdf
[16:30:02] [抽出] SKIP_PDF_NOT_TANSHIN: title=2026年10月期 第１四半期 決算説明資料
[16:30:02] [INGEST] doc_id=61115f05deb10312 status=skipped_not_tanshin title=2026年10月期 第１四半期 決算説明資料
[16:30:02] [DL] 既にダウンロード済み: data\docs\140120260313581418.pdf
[16:30:02] [抽出] SKIP_PDF_NOT_TANSHIN: title=2026年４月期　第３四半期決算説明資料
[16:30:02] [INGEST] doc_id=638b8c0a8c1ee3f8 status=skipped_not_tanshin title=2026年４月期　第３四半期決算説明資料
[16:30:02] [DL] 既にダウンロード済み: data\docs\140120260313581627.pdf
[16:30:02] [抽出] SKIP_PDF_NOT_TANSHIN: title=2026年４月期　第３四半期決算説明資料
[16:30:02] [INGEST] doc_id=8598ccc3ad37c7f4 status=skipped_not_tanshin title=2026年４月期　第３四半期決算説明資料
[16:30:02] [DL] 既にダウンロード済み: data\docs\140120260313581801.pdf
[16:30:02] [抽出] SKIP_PDF_NOT_TANSHIN: title=2026年10月期 第1四半期決算補足説明資料
[16:30:02] [INGEST] doc_id=293914e1d95d3f2e status=skipped_not_tanshin title=2026年10月期 第1四半期決算補足説明資料
[16:30:02] [DL] 既にダウンロード済み: data\docs\140120260312580829.pdf
[16:30:03] [抽出] SKIP_PDF_NOT_TANSHIN: title=2026年4月期 第３四半期決算説明資料
[16:30:03] [INGEST] doc_id=da020834f5388106 status=skipped_not_tanshin title=2026年4月期 第３四半期決算説明資料
[16:30:03] [DL] 既にダウンロード済み: data\docs\140120260313581540.pdf
[16:30:03] [抽出] SKIP_PDF_NOT_TANSHIN: title=2026年1月期 通期 決算説明資料(事業計画及び成長可能性に関する事項)
[16:30:03] [INGEST] doc_id=4334b680e79b765d status=skipped_not_tanshin title=2026年1月期 通期 決算説明資料(事業計画及び成長可能性に関する事項)
[16:30:03] [DL] 既にダウンロード済み: data\docs\140120260313581793.pdf
[16:30:05] [抽出] SKIP_PDF_NOT_TANSHIN: title=2026年４月期 第３四半期決算説明資料
[16:30:05] [INGEST] doc_id=6508deb5bc24c0cc status=skipped_not_tanshin title=2026年４月期 第３四半期決算説明資料
[16:30:05] [DL] 既にダウンロード済み: data\docs\140120260313581319.pdf
[16:30:05] [抽出] SKIP_PDF_NOT_TANSHIN: title=2026年４月期第３四半期決算説明資料
[16:30:05] [INGEST] doc_id=b99b4391f4fa9c37 status=skipped_not_tanshin title=2026年４月期第３四半期決算説明資料
[16:30:05] [DL] 既にダウンロード済み: data\docs\140120260313581723.pdf
[16:30:05] [抽出] SKIP_PDF_NOT_TANSHIN: title=2026年１月期通期決算説明会資料
[16:30:05] [INGEST] doc_id=ecc2e02fc2ccbdd5 status=skipped_not_tanshin title=2026年１月期通期決算説明会資料
[16:30:05] [DL] 既にダウンロード済み: data\docs\140120260313581308.pdf
[16:30:05] [抽出] SKIP_PDF_NOT_TANSHIN: title=2026年10月期 第１四半期決算説明資料
[16:30:05] [INGEST] doc_id=a78b4071b3b85b97 status=skipped_not_tanshin title=2026年10月期 第１四半期決算説明資料
[16:30:05] [DL] 既にダウンロード済み: data\docs\140120260313581315.pdf
[16:30:05] [抽出] SKIP_PDF_NOT_TANSHIN: title=2026年10月期 第１四半期決算説明資料（書き起こし）公開に関するお知らせ
[16:30:05] [INGEST] doc_id=c9e7ddeb7cbfce1f status=skipped_not_tanshin title=2026年10月期 第１四半期決算説明資料（書き起こし）公開に関するお知らせ
[16:30:05] [DL] 既にダウンロード済み: data\docs\140120260313581454.pdf
[16:30:05] [抽出] SKIP_PDF_NOT_TANSHIN: title=2026年10月期第１四半期決算説明資料
[16:30:05] [INGEST] doc_id=76f1d64eda1678a0 status=skipped_not_tanshin title=2026年10月期第１四半期決算説明資料
[16:30:05] [DL] 既にダウンロード済み: data\docs\140120260313581610.pdf
[16:30:06] [抽出] SKIP_PDF_NOT_TANSHIN: title=2026年７月期　第２四半期決算説明資料
[16:30:06] [INGEST] doc_id=8ba7cf79e9935209 status=skipped_not_tanshin title=2026年７月期　第２四半期決算説明資料
[16:30:06] [DL] 既にダウンロード済み: data\docs\140120260311579432.pdf
[16:30:06] [抽出] SKIP_PDF_NOT_TANSHIN: title=2026年10月期第１四半期 決算補足説明資料
[16:30:06] [INGEST] doc_id=e0daeec92a3e8cde status=skipped_not_tanshin title=2026年10月期第１四半期 決算補足説明資料
[16:30:06] [DL] 既にダウンロード済み: data\docs\140120260312580742.pdf
[16:30:06] [抽出] SKIP_PDF_NOT_TANSHIN: title=2026年７月期第２四半期決算説明資料
[16:30:06] [INGEST] doc_id=941a4b3b0407a6ac status=skipped_not_tanshin title=2026年７月期第２四半期決算説明資料
[16:30:06] [DL] 既にダウンロード済み: data\docs\140120260313581335.pdf
[16:30:06] [抽出] SKIP_PDF_NOT_TANSHIN: title=2026年10月期　第１四半期　決算説明資料
[16:30:06] [INGEST] doc_id=fe64e06c80691acf status=skipped_not_tanshin title=2026年10月期　第１四半期　決算説明資料
[16:30:06] [DL] 既にダウンロード済み: data\docs\140120260309578448.pdf
[16:30:06] [抽出] SKIP_PDF_NOT_TANSHIN: title=2026年10月期第1四半期決算ご説明（IR資料）
[16:30:06] [INGEST] doc_id=62b3ae94689f23c5 status=skipped_not_tanshin title=2026年10月期第1四半期決算ご説明（IR資料）
[16:30:06] [DL] 既にダウンロード済み: data\docs\140120260310578873.pdf
[16:30:06] [抽出] SKIP_PDF_NOT_TANSHIN: title=2026年10月期 第１四半期決算補足説明資料
[16:30:06] [INGEST] doc_id=9a2a3b585e7f1d13 status=skipped_not_tanshin title=2026年10月期 第１四半期決算補足説明資料
[16:30:06] [DL] 既にダウンロード済み: data\docs\140120260306577679.pdf
[16:30:06] [抽出] SKIP_PDF_NOT_TANSHIN: title=2026年10月期　第１四半期決算説明資料
[16:30:06] [INGEST] doc_id=717dfb74972167a6 status=skipped_not_tanshin title=2026年10月期　第１四半期決算説明資料
[16:30:06] [DL] 既にダウンロード済み: data\docs\140120260313581642.pdf
[16:30:06] [抽出] SKIP_PDF_NOT_TANSHIN: title=2026年7月期第2四半期決算説明資料
[16:30:06] [INGEST] doc_id=63e7a3cf1907b356 status=skipped_not_tanshin title=2026年7月期第2四半期決算説明資料
[16:30:06] [DL] 既にダウンロード済み: data\docs\140120260310579210.pdf
[16:30:06] [抽出] SKIP_PDF_NOT_TANSHIN: title=2026年７月期　第２四半期決算補足資料
[16:30:06] [INGEST] doc_id=a55cc3eec4e53f22 status=skipped_not_tanshin title=2026年７月期　第２四半期決算補足資料
[16:30:06] [DL] 既にダウンロード済み: data\docs\140120260313581150.pdf
[16:30:06] [抽出] SKIP_PDF_NOT_TANSHIN: title=2026年４月期第３四半期決算説明資料
[16:30:06] [INGEST] doc_id=235930b782b815ad status=skipped_not_tanshin title=2026年４月期第３四半期決算説明資料
[16:30:06] [DL] 既にダウンロード済み: data\docs\140120260312580364.pdf
[16:30:06] [抽出] SKIP_PDF_NOT_TANSHIN: title=2026年4月期_第3四半期決算説明資料
[16:30:06] [INGEST] doc_id=6684aeefdf1a8760 status=skipped_not_tanshin title=2026年4月期_第3四半期決算説明資料
[16:30:06] [INGEST] run=ingest-f20441d8 processed=31 success=0 skipped=31 error=0 (tanshin=31) SKIP_NOT_TANSHIN_TITLE=31
[16:30:06] [filings_ingest] done total=31 success=0 errors=0
[16:30:06] [pipeline_run] finished: ingest status=done elapsed=4.9s id=176 processed=31 success=0 failed=0
[2026/03/13 16:30:06.66] Finished (exit=0) 
[2026/03/13 16:40:01.30] Starting ingest 
[16:40:01] [db] config: write_key_type=service_role read_key_type=service_role
[16:40:01] [pipeline_run] started: ingest (id=177, trigger=scheduler)
[16:40:02] [filings_ingest] start dry_run=False company_code=ALL
[16:40:02] [API] yanoshin.jp APIから取得中: https://webapi.yanoshin.jp/webapi/tdnet/list/today.json
[16:40:02] [API] detected_schema=items, raw_items_count=300
[16:40:02] [API] first_item_preview: id=2152fea7ea81..., pubdate=2026-03-13 16:15:00, title=取締役および執行役員の異動に関するお知らせ, code=6648
[16:40:02] [API] fetched_count=300
[16:40:02] [API] fetched_count=300, filtered_count=134, forecast_revision_count=30, financial_statement_count=104
[16:40:02] [API] new_count=61 already_processed=73 already_processed_financial_statement=73 new_financial_statement=31
[16:40:02] [API] already_processed_tickers=172A,186A,3441,3524,3931,4378,5079,7050,7674,7850,9262,9425,218A,3444,4334,168A,1758,1766,1840,212A
[16:40:02] [INGEST] run=ingest-4f927ff1 new_items=61 target_statements=31 non_target=30 (forecast_revision=30, other=0)
[16:40:02] [DL] 既にダウンロード済み: data\docs\140120260313581682.pdf
[16:40:02] [抽出] SKIP_PDF_NOT_TANSHIN: title=2026年4月期第3四半期 決算説明資料
[16:40:02] [INGEST] doc_id=ece0026e15e66168 status=skipped_not_tanshin title=2026年4月期第3四半期 決算説明資料
[16:40:02] [DL] 既にダウンロード済み: data\docs\140120260312580915.pdf
[16:40:02] [抽出] SKIP_PDF_NOT_TANSHIN: title=2026年10月期第１四半期 決算説明資料
[16:40:02] [INGEST] doc_id=4ccbe79cd9b3d282 status=skipped_not_tanshin title=2026年10月期第１四半期 決算説明資料
[16:40:02] [DL] 既にダウンロード済み: data\docs\140120260313581864.pdf
[16:40:02] [抽出] SKIP_PDF_NOT_TANSHIN: title=2026年4月期第３四半期決算説明補足資料
[16:40:02] [INGEST] doc_id=05e1335e1aecce0d status=skipped_not_tanshin title=2026年4月期第３四半期決算説明補足資料
[16:40:02] [DL] 既にダウンロード済み: data\docs\140120260313581236.pdf
[16:40:02] [抽出] SKIP_PDF_NOT_TANSHIN: title=2026年１月期通期　決算説明資料
[16:40:02] [INGEST] doc_id=3a2488b580f82825 status=skipped_not_tanshin title=2026年１月期通期　決算説明資料
[16:40:02] [DL] 既にダウンロード済み: data\docs\140120260313581648.pdf
[16:40:02] [抽出] SKIP_PDF_NOT_TANSHIN: title=2026年7月期 第2四半期決算説明資料
[16:40:02] [INGEST] doc_id=f97aff7509c5c532 status=skipped_not_tanshin title=2026年7月期 第2四半期決算説明資料
[16:40:02] [DL] 既にダウンロード済み: data\docs\140120260312580923.pdf
[16:40:02] [抽出] SKIP_PDF_NOT_TANSHIN: title=売れるネット広告社グループ（9235）2026年７月期第2四半期決算説明資料
[16:40:02] [INGEST] doc_id=0b376bb3f7a7e79e status=skipped_not_tanshin title=売れるネット広告社グループ（9235）2026年７月期第2四半期決算説明資料
[16:40:02] [DL] 既にダウンロード済み: data\docs\140120260313581070.pdf
[16:40:02] [抽出] SKIP_PDF_NOT_TANSHIN: title=2026年10月期　第１四半期決算説明資料
[16:40:02] [INGEST] doc_id=3f144949896df324 status=skipped_not_tanshin title=2026年10月期　第１四半期決算説明資料
[16:40:02] [DL] 既にダウンロード済み: data\docs\140120260310579038.pdf
[16:40:02] [抽出] SKIP_PDF_NOT_TANSHIN: title=2026年７月期　第２四半期決算補足説明資料
[16:40:02] [INGEST] doc_id=2435c857359954ea status=skipped_not_tanshin title=2026年７月期　第２四半期決算補足説明資料
[16:40:02] [DL] 既にダウンロード済み: data\docs\140120260312580260.pdf
[16:40:02] [抽出] SKIP_PDF_NOT_TANSHIN: title=2026年10月期 第１四半期 決算説明資料
[16:40:02] [INGEST] doc_id=61115f05deb10312 status=skipped_not_tanshin title=2026年10月期 第１四半期 決算説明資料
[16:40:02] [DL] 既にダウンロード済み: data\docs\140120260313581418.pdf
[16:40:03] [抽出] SKIP_PDF_NOT_TANSHIN: title=2026年４月期　第３四半期決算説明資料
[16:40:03] [INGEST] doc_id=638b8c0a8c1ee3f8 status=skipped_not_tanshin title=2026年４月期　第３四半期決算説明資料
[16:40:03] [DL] 既にダウンロード済み: data\docs\140120260313581627.pdf
[16:40:03] [抽出] SKIP_PDF_NOT_TANSHIN: title=2026年４月期　第３四半期決算説明資料
[16:40:03] [INGEST] doc_id=8598ccc3ad37c7f4 status=skipped_not_tanshin title=2026年４月期　第３四半期決算説明資料
[16:40:03] [DL] 既にダウンロード済み: data\docs\140120260313581801.pdf
[16:40:03] [抽出] SKIP_PDF_NOT_TANSHIN: title=2026年10月期 第1四半期決算補足説明資料
[16:40:03] [INGEST] doc_id=293914e1d95d3f2e status=skipped_not_tanshin title=2026年10月期 第1四半期決算補足説明資料
[16:40:03] [DL] 既にダウンロード済み: data\docs\140120260312580829.pdf
[16:40:03] [抽出] SKIP_PDF_NOT_TANSHIN: title=2026年4月期 第３四半期決算説明資料
[16:40:03] [INGEST] doc_id=da020834f5388106 status=skipped_not_tanshin title=2026年4月期 第３四半期決算説明資料
[16:40:03] [DL] 既にダウンロード済み: data\docs\140120260313581540.pdf
[16:40:03] [抽出] SKIP_PDF_NOT_TANSHIN: title=2026年1月期 通期 決算説明資料(事業計画及び成長可能性に関する事項)
[16:40:03] [INGEST] doc_id=4334b680e79b765d status=skipped_not_tanshin title=2026年1月期 通期 決算説明資料(事業計画及び成長可能性に関する事項)
[16:40:03] [DL] 既にダウンロード済み: data\docs\140120260313581793.pdf
[16:40:05] [抽出] SKIP_PDF_NOT_TANSHIN: title=2026年４月期 第３四半期決算説明資料
[16:40:05] [INGEST] doc_id=6508deb5bc24c0cc status=skipped_not_tanshin title=2026年４月期 第３四半期決算説明資料
[16:40:05] [DL] 既にダウンロード済み: data\docs\140120260313581319.pdf
[16:40:05] [抽出] SKIP_PDF_NOT_TANSHIN: title=2026年４月期第３四半期決算説明資料
[16:40:05] [INGEST] doc_id=b99b4391f4fa9c37 status=skipped_not_tanshin title=2026年４月期第３四半期決算説明資料
[16:40:05] [DL] 既にダウンロード済み: data\docs\140120260313581723.pdf
[16:40:05] [抽出] SKIP_PDF_NOT_TANSHIN: title=2026年１月期通期決算説明会資料
[16:40:05] [INGEST] doc_id=ecc2e02fc2ccbdd5 status=skipped_not_tanshin title=2026年１月期通期決算説明会資料
[16:40:05] [DL] 既にダウンロード済み: data\docs\140120260313581308.pdf
[16:40:05] [抽出] SKIP_PDF_NOT_TANSHIN: title=2026年10月期 第１四半期決算説明資料
[16:40:05] [INGEST] doc_id=a78b4071b3b85b97 status=skipped_not_tanshin title=2026年10月期 第１四半期決算説明資料
[16:40:05] [DL] 既にダウンロード済み: data\docs\140120260313581315.pdf
[16:40:05] [抽出] SKIP_PDF_NOT_TANSHIN: title=2026年10月期 第１四半期決算説明資料（書き起こし）公開に関するお知らせ
[16:40:05] [INGEST] doc_id=c9e7ddeb7cbfce1f status=skipped_not_tanshin title=2026年10月期 第１四半期決算説明資料（書き起こし）公開に関するお知らせ
[16:40:05] [DL] 既にダウンロード済み: data\docs\140120260313581454.pdf
[16:40:05] [抽出] SKIP_PDF_NOT_TANSHIN: title=2026年10月期第１四半期決算説明資料
[16:40:05] [INGEST] doc_id=76f1d64eda1678a0 status=skipped_not_tanshin title=2026年10月期第１四半期決算説明資料
[16:40:05] [DL] 既にダウンロード済み: data\docs\140120260313581610.pdf
[16:40:06] [抽出] SKIP_PDF_NOT_TANSHIN: title=2026年７月期　第２四半期決算説明資料
[16:40:06] [INGEST] doc_id=8ba7cf79e9935209 status=skipped_not_tanshin title=2026年７月期　第２四半期決算説明資料
[16:40:06] [DL] 既にダウンロード済み: data\docs\140120260311579432.pdf
[16:40:06] [抽出] SKIP_PDF_NOT_TANSHIN: title=2026年10月期第１四半期 決算補足説明資料
[16:40:06] [INGEST] doc_id=e0daeec92a3e8cde status=skipped_not_tanshin title=2026年10月期第１四半期 決算補足説明資料
[16:40:06] [DL] 既にダウンロード済み: data\docs\140120260312580742.pdf
[16:40:06] [抽出] SKIP_PDF_NOT_TANSHIN: title=2026年７月期第２四半期決算説明資料
[16:40:06] [INGEST] doc_id=941a4b3b0407a6ac status=skipped_not_tanshin title=2026年７月期第２四半期決算説明資料
[16:40:06] [DL] 既にダウンロード済み: data\docs\140120260313581335.pdf
[16:40:06] [抽出] SKIP_PDF_NOT_TANSHIN: title=2026年10月期　第１四半期　決算説明資料
[16:40:06] [INGEST] doc_id=fe64e06c80691acf status=skipped_not_tanshin title=2026年10月期　第１四半期　決算説明資料
[16:40:06] [DL] 既にダウンロード済み: data\docs\140120260309578448.pdf
[16:40:06] [抽出] SKIP_PDF_NOT_TANSHIN: title=2026年10月期第1四半期決算ご説明（IR資料）
[16:40:06] [INGEST] doc_id=62b3ae94689f23c5 status=skipped_not_tanshin title=2026年10月期第1四半期決算ご説明（IR資料）
[16:40:06] [DL] 既にダウンロード済み: data\docs\140120260310578873.pdf
[16:40:06] [抽出] SKIP_PDF_NOT_TANSHIN: title=2026年10月期 第１四半期決算補足説明資料
[16:40:06] [INGEST] doc_id=9a2a3b585e7f1d13 status=skipped_not_tanshin title=2026年10月期 第１四半期決算補足説明資料
[16:40:06] [DL] 既にダウンロード済み: data\docs\140120260306577679.pdf
[16:40:06] [抽出] SKIP_PDF_NOT_TANSHIN: title=2026年10月期　第１四半期決算説明資料
[16:40:06] [INGEST] doc_id=717dfb74972167a6 status=skipped_not_tanshin title=2026年10月期　第１四半期決算説明資料
[16:40:06] [DL] 既にダウンロード済み: data\docs\140120260313581642.pdf
[16:40:06] [抽出] SKIP_PDF_NOT_TANSHIN: title=2026年7月期第2四半期決算説明資料
[16:40:06] [INGEST] doc_id=63e7a3cf1907b356 status=skipped_not_tanshin title=2026年7月期第2四半期決算説明資料
[16:40:06] [DL] 既にダウンロード済み: data\docs\140120260310579210.pdf
[16:40:06] [抽出] SKIP_PDF_NOT_TANSHIN: title=2026年７月期　第２四半期決算補足資料
[16:40:06] [INGEST] doc_id=a55cc3eec4e53f22 status=skipped_not_tanshin title=2026年７月期　第２四半期決算補足資料
[16:40:06] [DL] 既にダウンロード済み: data\docs\140120260313581150.pdf
[16:40:06] [抽出] SKIP_PDF_NOT_TANSHIN: title=2026年４月期第３四半期決算説明資料
[16:40:06] [INGEST] doc_id=235930b782b815ad status=skipped_not_tanshin title=2026年４月期第３四半期決算説明資料
[16:40:06] [DL] 既にダウンロード済み: data\docs\140120260312580364.pdf
[16:40:06] [抽出] SKIP_PDF_NOT_TANSHIN: title=2026年4月期_第3四半期決算説明資料
[16:40:06] [INGEST] doc_id=6684aeefdf1a8760 status=skipped_not_tanshin title=2026年4月期_第3四半期決算説明資料
[16:40:06] [INGEST] run=ingest-4f927ff1 processed=31 success=0 skipped=31 error=0 (tanshin=31) SKIP_NOT_TANSHIN_TITLE=31
[16:40:06] [filings_ingest] done total=31 success=0 errors=0
[16:40:06] [pipeline_run] finished: ingest status=done elapsed=5.1s id=177 processed=31 success=0 failed=0
[2026/03/13 16:40:06.97] Finished (exit=0) 
[2026/03/13 16:50:01.31] Starting ingest 
[16:50:01] [db] config: write_key_type=service_role read_key_type=service_role
[16:50:01] [pipeline_run] started: ingest (id=178, trigger=scheduler)
[16:50:01] [filings_ingest] start dry_run=False company_code=ALL
[16:50:01] [API] yanoshin.jp APIから取得中: https://webapi.yanoshin.jp/webapi/tdnet/list/today.json
[16:50:02] [API] detected_schema=items, raw_items_count=300
[16:50:02] [API] first_item_preview: id=2152fea7ea81..., pubdate=2026-03-13 16:15:00, title=取締役および執行役員の異動に関するお知らせ, code=6648
[16:50:02] [API] fetched_count=300
[16:50:02] [API] fetched_count=300, filtered_count=134, forecast_revision_count=30, financial_statement_count=104
[16:50:02] [API] new_count=61 already_processed=73 already_processed_financial_statement=73 new_financial_statement=31
[16:50:02] [API] already_processed_tickers=172A,186A,3441,3524,3931,4378,5079,7050,7674,7850,9262,9425,218A,3444,4334,168A,1758,1766,1840,212A
[16:50:02] [INGEST] run=ingest-a567ece3 new_items=61 target_statements=31 non_target=30 (forecast_revision=30, other=0)
[16:50:02] [DL] 既にダウンロード済み: data\docs\140120260313581682.pdf
[16:50:02] [抽出] SKIP_PDF_NOT_TANSHIN: title=2026年4月期第3四半期 決算説明資料
[16:50:02] [INGEST] doc_id=ece0026e15e66168 status=skipped_not_tanshin title=2026年4月期第3四半期 決算説明資料
[16:50:02] [DL] 既にダウンロード済み: data\docs\140120260312580915.pdf
[16:50:02] [抽出] SKIP_PDF_NOT_TANSHIN: title=2026年10月期第１四半期 決算説明資料
[16:50:02] [INGEST] doc_id=4ccbe79cd9b3d282 status=skipped_not_tanshin title=2026年10月期第１四半期 決算説明資料
[16:50:02] [DL] 既にダウンロード済み: data\docs\140120260313581864.pdf
[16:50:02] [抽出] SKIP_PDF_NOT_TANSHIN: title=2026年4月期第３四半期決算説明補足資料
[16:50:02] [INGEST] doc_id=05e1335e1aecce0d status=skipped_not_tanshin title=2026年4月期第３四半期決算説明補足資料
[16:50:02] [DL] 既にダウンロード済み: data\docs\140120260313581236.pdf
[16:50:02] [抽出] SKIP_PDF_NOT_TANSHIN: title=2026年１月期通期　決算説明資料
[16:50:02] [INGEST] doc_id=3a2488b580f82825 status=skipped_not_tanshin title=2026年１月期通期　決算説明資料
[16:50:02] [DL] 既にダウンロード済み: data\docs\140120260313581648.pdf
[16:50:02] [抽出] SKIP_PDF_NOT_TANSHIN: title=2026年7月期 第2四半期決算説明資料
[16:50:02] [INGEST] doc_id=f97aff7509c5c532 status=skipped_not_tanshin title=2026年7月期 第2四半期決算説明資料
[16:50:02] [DL] 既にダウンロード済み: data\docs\140120260312580923.pdf
[16:50:02] [抽出] SKIP_PDF_NOT_TANSHIN: title=売れるネット広告社グループ（9235）2026年７月期第2四半期決算説明資料
[16:50:02] [INGEST] doc_id=0b376bb3f7a7e79e status=skipped_not_tanshin title=売れるネット広告社グループ（9235）2026年７月期第2四半期決算説明資料
[16:50:02] [DL] 既にダウンロード済み: data\docs\140120260313581070.pdf
[16:50:02] [抽出] SKIP_PDF_NOT_TANSHIN: title=2026年10月期　第１四半期決算説明資料
[16:50:02] [INGEST] doc_id=3f144949896df324 status=skipped_not_tanshin title=2026年10月期　第１四半期決算説明資料
[16:50:02] [DL] 既にダウンロード済み: data\docs\140120260310579038.pdf
[16:50:02] [抽出] SKIP_PDF_NOT_TANSHIN: title=2026年７月期　第２四半期決算補足説明資料
[16:50:02] [INGEST] doc_id=2435c857359954ea status=skipped_not_tanshin title=2026年７月期　第２四半期決算補足説明資料
[16:50:02] [DL] 既にダウンロード済み: data\docs\140120260312580260.pdf
[16:50:02] [抽出] SKIP_PDF_NOT_TANSHIN: title=2026年10月期 第１四半期 決算説明資料
[16:50:02] [INGEST] doc_id=61115f05deb10312 status=skipped_not_tanshin title=2026年10月期 第１四半期 決算説明資料
[16:50:02] [DL] 既にダウンロード済み: data\docs\140120260313581418.pdf
[16:50:02] [抽出] SKIP_PDF_NOT_TANSHIN: title=2026年４月期　第３四半期決算説明資料
[16:50:02] [INGEST] doc_id=638b8c0a8c1ee3f8 status=skipped_not_tanshin title=2026年４月期　第３四半期決算説明資料
[16:50:02] [DL] 既にダウンロード済み: data\docs\140120260313581627.pdf
[16:50:02] [抽出] SKIP_PDF_NOT_TANSHIN: title=2026年４月期　第３四半期決算説明資料
[16:50:02] [INGEST] doc_id=8598ccc3ad37c7f4 status=skipped_not_tanshin title=2026年４月期　第３四半期決算説明資料
[16:50:02] [DL] 既にダウンロード済み: data\docs\140120260313581801.pdf
[16:50:02] [抽出] SKIP_PDF_NOT_TANSHIN: title=2026年10月期 第1四半期決算補足説明資料
[16:50:02] [INGEST] doc_id=293914e1d95d3f2e status=skipped_not_tanshin title=2026年10月期 第1四半期決算補足説明資料
[16:50:02] [DL] 既にダウンロード済み: data\docs\140120260312580829.pdf
[16:50:03] [抽出] SKIP_PDF_NOT_TANSHIN: title=2026年4月期 第３四半期決算説明資料
[16:50:03] [INGEST] doc_id=da020834f5388106 status=skipped_not_tanshin title=2026年4月期 第３四半期決算説明資料
[16:50:03] [DL] 既にダウンロード済み: data\docs\140120260313581540.pdf
[16:50:03] [抽出] SKIP_PDF_NOT_TANSHIN: title=2026年1月期 通期 決算説明資料(事業計画及び成長可能性に関する事項)
[16:50:03] [INGEST] doc_id=4334b680e79b765d status=skipped_not_tanshin title=2026年1月期 通期 決算説明資料(事業計画及び成長可能性に関する事項)
[16:50:03] [DL] 既にダウンロード済み: data\docs\140120260313581793.pdf
[16:50:05] [抽出] SKIP_PDF_NOT_TANSHIN: title=2026年４月期 第３四半期決算説明資料
[16:50:05] [INGEST] doc_id=6508deb5bc24c0cc status=skipped_not_tanshin title=2026年４月期 第３四半期決算説明資料
[16:50:05] [DL] 既にダウンロード済み: data\docs\140120260313581319.pdf
[16:50:05] [抽出] SKIP_PDF_NOT_TANSHIN: title=2026年４月期第３四半期決算説明資料
[16:50:05] [INGEST] doc_id=b99b4391f4fa9c37 status=skipped_not_tanshin title=2026年４月期第３四半期決算説明資料
[16:50:05] [DL] 既にダウンロード済み: data\docs\140120260313581723.pdf
[16:50:05] [抽出] SKIP_PDF_NOT_TANSHIN: title=2026年１月期通期決算説明会資料
[16:50:05] [INGEST] doc_id=ecc2e02fc2ccbdd5 status=skipped_not_tanshin title=2026年１月期通期決算説明会資料
[16:50:05] [DL] 既にダウンロード済み: data\docs\140120260313581308.pdf
[16:50:05] [抽出] SKIP_PDF_NOT_TANSHIN: title=2026年10月期 第１四半期決算説明資料
[16:50:05] [INGEST] doc_id=a78b4071b3b85b97 status=skipped_not_tanshin title=2026年10月期 第１四半期決算説明資料
[16:50:05] [DL] 既にダウンロード済み: data\docs\140120260313581315.pdf
[16:50:05] [抽出] SKIP_PDF_NOT_TANSHIN: title=2026年10月期 第１四半期決算説明資料（書き起こし）公開に関するお知らせ
[16:50:05] [INGEST] doc_id=c9e7ddeb7cbfce1f status=skipped_not_tanshin title=2026年10月期 第１四半期決算説明資料（書き起こし）公開に関するお知らせ
[16:50:05] [DL] 既にダウンロード済み: data\docs\140120260313581454.pdf
[16:50:05] [抽出] SKIP_PDF_NOT_TANSHIN: title=2026年10月期第１四半期決算説明資料
[16:50:05] [INGEST] doc_id=76f1d64eda1678a0 status=skipped_not_tanshin title=2026年10月期第１四半期決算説明資料
[16:50:05] [DL] 既にダウンロード済み: data\docs\140120260313581610.pdf
[16:50:06] [抽出] SKIP_PDF_NOT_TANSHIN: title=2026年７月期　第２四半期決算説明資料
[16:50:06] [INGEST] doc_id=8ba7cf79e9935209 status=skipped_not_tanshin title=2026年７月期　第２四半期決算説明資料
[16:50:06] [DL] 既にダウンロード済み: data\docs\140120260311579432.pdf
[16:50:06] [抽出] SKIP_PDF_NOT_TANSHIN: title=2026年10月期第１四半期 決算補足説明資料
[16:50:06] [INGEST] doc_id=e0daeec92a3e8cde status=skipped_not_tanshin title=2026年10月期第１四半期 決算補足説明資料
[16:50:06] [DL] 既にダウンロード済み: data\docs\140120260312580742.pdf
[16:50:06] [抽出] SKIP_PDF_NOT_TANSHIN: title=2026年７月期第２四半期決算説明資料
[16:50:06] [INGEST] doc_id=941a4b3b0407a6ac status=skipped_not_tanshin title=2026年７月期第２四半期決算説明資料
[16:50:06] [DL] 既にダウンロード済み: data\docs\140120260313581335.pdf
[16:50:06] [抽出] SKIP_PDF_NOT_TANSHIN: title=2026年10月期　第１四半期　決算説明資料
[16:50:06] [INGEST] doc_id=fe64e06c80691acf status=skipped_not_tanshin title=2026年10月期　第１四半期　決算説明資料
[16:50:06] [DL] 既にダウンロード済み: data\docs\140120260309578448.pdf
[16:50:06] [抽出] SKIP_PDF_NOT_TANSHIN: title=2026年10月期第1四半期決算ご説明（IR資料）
[16:50:06] [INGEST] doc_id=62b3ae94689f23c5 status=skipped_not_tanshin title=2026年10月期第1四半期決算ご説明（IR資料）
[16:50:06] [DL] 既にダウンロード済み: data\docs\140120260310578873.pdf
[16:50:06] [抽出] SKIP_PDF_NOT_TANSHIN: title=2026年10月期 第１四半期決算補足説明資料
[16:50:06] [INGEST] doc_id=9a2a3b585e7f1d13 status=skipped_not_tanshin title=2026年10月期 第１四半期決算補足説明資料
[16:50:06] [DL] 既にダウンロード済み: data\docs\140120260306577679.pdf
[16:50:06] [抽出] SKIP_PDF_NOT_TANSHIN: title=2026年10月期　第１四半期決算説明資料
[16:50:06] [INGEST] doc_id=717dfb74972167a6 status=skipped_not_tanshin title=2026年10月期　第１四半期決算説明資料
[16:50:06] [DL] 既にダウンロード済み: data\docs\140120260313581642.pdf
[16:50:06] [抽出] SKIP_PDF_NOT_TANSHIN: title=2026年7月期第2四半期決算説明資料
[16:50:06] [INGEST] doc_id=63e7a3cf1907b356 status=skipped_not_tanshin title=2026年7月期第2四半期決算説明資料
[16:50:06] [DL] 既にダウンロード済み: data\docs\140120260310579210.pdf
[16:50:06] [抽出] SKIP_PDF_NOT_TANSHIN: title=2026年７月期　第２四半期決算補足資料
[16:50:06] [INGEST] doc_id=a55cc3eec4e53f22 status=skipped_not_tanshin title=2026年７月期　第２四半期決算補足資料
[16:50:06] [DL] 既にダウンロード済み: data\docs\140120260313581150.pdf
[16:50:06] [抽出] SKIP_PDF_NOT_TANSHIN: title=2026年４月期第３四半期決算説明資料
[16:50:06] [INGEST] doc_id=235930b782b815ad status=skipped_not_tanshin title=2026年４月期第３四半期決算説明資料
[16:50:06] [DL] 既にダウンロード済み: data\docs\140120260312580364.pdf
[16:50:06] [抽出] SKIP_PDF_NOT_TANSHIN: title=2026年4月期_第3四半期決算説明資料
[16:50:06] [INGEST] doc_id=6684aeefdf1a8760 status=skipped_not_tanshin title=2026年4月期_第3四半期決算説明資料
[16:50:06] [INGEST] run=ingest-a567ece3 processed=31 success=0 skipped=31 error=0 (tanshin=31) SKIP_NOT_TANSHIN_TITLE=31
[16:50:06] [filings_ingest] done total=31 success=0 errors=0
[16:50:06] [pipeline_run] finished: ingest status=done elapsed=4.8s id=178 processed=31 success=0 failed=0
[2026/03/13 16:50:06.70] Finished (exit=0) 
[2026/03/13 17:00:01.32] Starting ingest 
[17:00:01] [db] config: write_key_type=service_role read_key_type=service_role
[17:00:01] [pipeline_run] started: ingest (id=179, trigger=scheduler)
[17:00:01] [filings_ingest] start dry_run=False company_code=ALL
[17:00:01] [API] yanoshin.jp APIから取得中: https://webapi.yanoshin.jp/webapi/tdnet/list/today.json
[17:00:02] [API] detected_schema=items, raw_items_count=300
[17:00:02] [API] first_item_preview: id=dd772eb57206..., pubdate=2026-03-13 16:50:00, title=自己株式の取得及び自己株式立会外買付取引による自己株式の買付け並びに自己株式の消, code=9073
[17:00:02] [API] fetched_count=300
[17:00:02] [API] fetched_count=300, filtered_count=133, forecast_revision_count=31, financial_statement_count=102
[17:00:02] [API] new_count=64 already_processed=69 already_processed_financial_statement=69 new_financial_statement=33
[17:00:02] [API] already_processed_tickers=172A,186A,3441,3524,3931,4378,5079,7050,7674,7850,9262,9425,218A,3444,4334,168A,1758,1766,1840,212A
[17:00:02] [INGEST] run=ingest-626c56a0 new_items=64 target_statements=33 non_target=31 (forecast_revision=31, other=0)
[17:00:02] [DL] ダウンロード中: https://webapi.yanoshin.jp/rd.php?https://www.release.tdnet.info/inbs/140120260312580598.pdf
[17:00:02] [DL] 保存完了: data\docs\140120260312580598.pdf (615.4KB)
[17:00:02] [抽出] SKIP_PDF_NOT_TANSHIN: title=2026年9月期 第1四半期決算にかかる機関投資家等との対話について
[17:00:02] [INGEST] doc_id=6c6b0eae45d97a2c status=skipped_not_tanshin title=2026年9月期 第1四半期決算にかかる機関投資家等との対話について
[17:00:02] [DL] ダウンロード中: https://webapi.yanoshin.jp/rd.php?https://www.release.tdnet.info/inbs/140120260311579609.pdf
[17:00:03] [DL] 保存完了: data\docs\140120260311579609.pdf (506.1KB)
[17:00:03] [DL] ダウンロード中: https://webapi.yanoshin.jp/rd.php?https://www.release.tdnet.info/inbs/081220260311579609.zip
[17:00:03] [DL] 保存完了: data\docs\081220260311579609.zip (70.1KB)
[17:00:03] [抽出] XBRL抽出を試行: data\docs\081220260311579609.zip
[17:00:03] [XBRL] 未知の財務タグ検出: ['tse-ed-t:ChangeInComprehensiveIncome', 'tse-ed-t:ChangeInNetSales', 'tse-ed-t:ChangeInOperatingIncome', 'tse-ed-t:ChangeInOrdinaryIncome', 'tse-ed-t:ChangeInProfitAttributableToOwnersOfParent', 'tse-ed-t:ComprehensiveIncome', 'tse-ed-t:DilutedNetIncomePerShare', 'tse-ed-t:NetIncomePerShare', 'tse-ed-t:ProfitAttributableToOwnersOfParent']
[17:00:03] [XBRL] Summary抽出成功: XBRLData/Summary/tse-qcedjpsm-31610-20260313331610-ixbrl.htm
[17:00:03] [XBRL] Summary不足項目: ['gross_profit', 'cost_of_sales'], PL Attachment候補: 1
[17:00:03] [XBRL] 未知の財務タグ検出: ['jppfs_cor:DividendsIncomeNOI', 'jppfs_cor:EquityInLossesOfAffiliatesNOE', 'jppfs_cor:ExtraordinaryIncome', 'jppfs_cor:ExtraordinaryLoss', 'jppfs_cor:ForeignExchangeLossesNOE', 'jppfs_cor:GainOnSalesOfGoodsNOI', 'jppfs_cor:GainOnSalesOfNoncurrentAssetsEI', 'jppfs_cor:ImpairmentLossEL', 'jppfs_cor:IncomeBeforeIncomeTaxes', 'jppfs_cor:IncomeTaxes', 'jppfs_cor:IncomeTaxesCurrent', 'jppfs_cor:IncomeTaxesDeferred', 'jppfs_cor:InterestIncomeNOI', 'jppfs_cor:LossOnInsuranceCancellationNOE', 'jppfs_cor:LossOnRetirementOfNoncurrentAssetsEL', 'jppfs_cor:NonOperatingExpenses', 'jppfs_cor:NonOperatingIncome', 'jppfs_cor:ProfitLoss', 'jppfs_cor:ProfitLossAttributableToOwnersOfParent']
[17:00:03] [XBRL] PL Attachment抽出成功: XBRLData/Attachment/0600000-qcpl11-tse-qcedjpfr-31610-2026-01-31-01-2026-03-13-ixbrl.htm
[17:00:03] [XBRL] Attachment補完: gross_profit=1241996000
[17:00:03] [XBRL] Attachment補完: cost_of_sales=4640587000
[17:00:03] [抽出] XBRL抽出成功: sales=5882000000, gp=1241996000, op=108000000
[17:00:03] [INGEST] doc_id=37baeea5f2618df2 zip_hash=84ecf55e945bdd2fb29f31d6a8a8492a2e15ac7ba59f39c5be8e32feb0bab182 status=success 3161 2026-04-30 3Q sales=5882000000 gp=1241996000 op=108000000
[17:00:05] [v2] セグメント抽出成功: 12件, engine=v2, unit=千円, profit_role=
[17:00:05] [SEGMENT] 3161 3Q 前第: sales=0.003 profit=None (inserted)
[17:00:05] [SEGMENT] 3161 3Q (自: sales=2.024 profit=None (inserted)
[17:00:05] [SEGMENT] 3161 3Q 四半期純利益: sales=161.643 profit=None (inserted)
[17:00:05] [SEGMENT] 3161 3Q その他有価証券評価差額金: sales=4.265 profit=None (inserted)
[17:00:05] [SEGMENT] 3161 3Q その他の包括利益合計: sales=0.13 profit=None (inserted)
[17:00:05] [SEGMENT] 3161 3Q 四半期包括利益: sales=161.773 profit=None (inserted)
[17:00:05] [SEGMENT] 3161 3Q 親会社株主に係る四半期包括利益: sales=161.773 profit=None (inserted)
[17:00:05] [SEGMENT] 3161 3Q 防護服・ ヘルスケア ライフ: sales=0.001 profit=None (inserted)
[17:00:05] [SEGMENT] 3161 3Q 環境資機材 製品 マテリアル: sales=0.003 profit=None (inserted)
[17:00:05] [SEGMENT] 3161 3Q の内部売上高: sales=0.007 profit=None (inserted)
[17:00:05] [SEGMENT] 3161 3Q (注): sales=0.001 profit=None (inserted)
[17:00:05] [SEGMENT] 3161 3Q ントに配分していない一般管理費等の全社費用: sales=-329.615 profit=None (inserted)
[17:00:06] [DL] ダウンロード中: https://webapi.yanoshin.jp/rd.php?https://www.release.tdnet.info/inbs/140120260313581742.pdf
[17:00:06] [DL] 保存完了: data\docs\140120260313581742.pdf (553.0KB)
[17:00:06] [DL] ダウンロード中: https://webapi.yanoshin.jp/rd.php?https://www.release.tdnet.info/inbs/081220260313581742.zip
[17:00:07] [DL] 保存完了: data\docs\081220260313581742.zip (55.9KB)
[17:00:07] [抽出] XBRL抽出を試行: data\docs\081220260313581742.zip
[17:00:07] [XBRL] 未知の財務タグ検出: ['tse-ed-t:ChangeInComprehensiveIncome', 'tse-ed-t:ChangeInNetSales', 'tse-ed-t:ChangeInOperatingIncome', 'tse-ed-t:ChangeInOrdinaryIncome', 'tse-ed-t:ChangeInProfitAttributableToOwnersOfParent', 'tse-ed-t:ComprehensiveIncome', 'tse-ed-t:DilutedNetIncomePerShare', 'tse-ed-t:NetIncomePerShare', 'tse-ed-t:ProfitAttributableToOwnersOfParent']
[17:00:07] [XBRL] Summary抽出成功: XBRLData/Summary/tse-qcedjpsm-92540-20260313392540-ixbrl.htm
[17:00:07] [XBRL] Summary不足項目: ['gross_profit', 'cost_of_sales'], PL Attachment候補: 1
[17:00:07] [XBRL] 未知の財務タグ検出: ['jppfs_cor:ExtraordinaryIncome', 'jppfs_cor:IncomeBeforeIncomeTaxes', 'jppfs_cor:IncomeTaxes', 'jppfs_cor:IncomeTaxesCurrent', 'jppfs_cor:IncomeTaxesDeferred', 'jppfs_cor:NonOperatingExpenses', 'jppfs_cor:NonOperatingIncome', 'jppfs_cor:ProfitLoss', 'jppfs_cor:ProfitLossAttributableToNonControllingInterests', 'jppfs_cor:ProfitLossAttributableToOwnersOfParent']
[17:00:07] [XBRL] PL Attachment抽出成功: XBRLData/Attachment/0600000-qcpl11-tse-qcedjpfr-92540-2026-01-31-01-2026-03-13-ixbrl.htm
[17:00:07] [XBRL] Attachment補完: gross_profit=320165000
[17:00:07] [XBRL] Attachment補完: cost_of_sales=368789000
[17:00:07] [抽出] XBRL抽出成功: sales=688000000, gp=320165000, op=15000000
[17:00:07] [INGEST] doc_id=ed5de6e2b8b6dd79 zip_hash=27506d075c53f2217ce808d7d671e0e64f4d29eb84bcc9d077b44af2e39cb485 status=success 9254 2026-03-31 1Q sales=688000000 gp=320165000 op=15000000
[17:00:08] [v2] セグメント抽出成功: 20件, engine=v2, unit=千円, profit_role=
[17:00:08] [SEGMENT] 9254 1Q 前第: sales=0.001 profit=None (inserted)
[17:00:08] [SEGMENT] 9254 1Q (自: sales=2.024 profit=None (inserted)
[17:00:08] [SEGMENT] 9254 1Q 売上高: sales=619.38 profit=None (inserted)
[17:00:08] [SEGMENT] 9254 1Q 売上原価: sales=332.623 profit=None (inserted)
[17:00:08] [SEGMENT] 9254 1Q 売上総利益: sales=286.757 profit=None (inserted)
[17:00:08] [SEGMENT] 9254 1Q 販売費及び一般管理費: sales=287.628 profit=None (inserted)
[17:00:08] [SEGMENT] 9254 1Q 営業利益又は営業損失(: sales=-0.871 profit=None (inserted)
[17:00:08] [SEGMENT] 9254 1Q 為替差益: sales=10.913 profit=None (inserted)
[17:00:08] [SEGMENT] 9254 1Q 受取手数料: sales=0.677 profit=None (inserted)
[17:00:08] [SEGMENT] 9254 1Q その他: sales=3.162 profit=None (inserted)
[17:00:08] [SEGMENT] 9254 1Q 支払利息: sales=3.271 profit=None (inserted)
[17:00:08] [SEGMENT] 9254 1Q 株式交付費: sales=2.371 profit=None (inserted)
[17:00:08] [SEGMENT] 9254 1Q その他: sales=0.008 profit=None (updated)
[17:00:08] [SEGMENT] 9254 1Q 経常利益: sales=10.601 profit=None (inserted)
[17:00:08] [SEGMENT] 9254 1Q 新株予約権戻入益: sales=9.196 profit=None (inserted)
[17:00:08] [SEGMENT] 9254 1Q 税金等調整前四半期純利益: sales=19.798000000000002 profit=None (inserted)
[17:00:08] [SEGMENT] 9254 1Q 法人税、住民税及び事業税: sales=2.773 profit=None (inserted)
[17:00:08] [SEGMENT] 9254 1Q 四半期純利益: sales=9.370000000000001 profit=None (inserted)
[17:00:08] [SEGMENT] 9254 1Q 非支配株主に帰属する四半期純利益: sales=0.7010000000000001 profit=None (inserted)
[17:00:08] [SEGMENT] 9254 1Q 親会社株主に帰属する四半期純利益: sales=8.668000000000001 profit=None (inserted)
[17:00:09] [DL] ダウンロード中: https://webapi.yanoshin.jp/rd.php?https://www.release.tdnet.info/inbs/140120260313581824.pdf
[17:00:10] [DL] 保存完了: data\docs\140120260313581824.pdf (4691.8KB)
[17:00:10] [抽出] SKIP_PDF_NOT_TANSHIN: title=2026年3月期第１四半期 決算説明資料
[17:00:10] [INGEST] doc_id=c038d23197af192f status=skipped_not_tanshin title=2026年3月期第１四半期 決算説明資料
[17:00:10] [DL] 既にダウンロード済み: data\docs\140120260313581682.pdf
[17:00:10] [抽出] SKIP_PDF_NOT_TANSHIN: title=2026年4月期第3四半期 決算説明資料
[17:00:10] [INGEST] doc_id=ece0026e15e66168 status=skipped_not_tanshin title=2026年4月期第3四半期 決算説明資料
[17:00:10] [DL] 既にダウンロード済み: data\docs\140120260312580915.pdf
[17:00:10] [抽出] SKIP_PDF_NOT_TANSHIN: title=2026年10月期第１四半期 決算説明資料
[17:00:10] [INGEST] doc_id=4ccbe79cd9b3d282 status=skipped_not_tanshin title=2026年10月期第１四半期 決算説明資料
[17:00:10] [DL] 既にダウンロード済み: data\docs\140120260313581864.pdf
[17:00:10] [抽出] SKIP_PDF_NOT_TANSHIN: title=2026年4月期第３四半期決算説明補足資料
[17:00:10] [INGEST] doc_id=05e1335e1aecce0d status=skipped_not_tanshin title=2026年4月期第３四半期決算説明補足資料
[17:00:10] [DL] 既にダウンロード済み: data\docs\140120260313581236.pdf
[17:00:10] [抽出] SKIP_PDF_NOT_TANSHIN: title=2026年１月期通期　決算説明資料
[17:00:10] [INGEST] doc_id=3a2488b580f82825 status=skipped_not_tanshin title=2026年１月期通期　決算説明資料
[17:00:10] [DL] 既にダウンロード済み: data\docs\140120260313581648.pdf
[17:00:10] [抽出] SKIP_PDF_NOT_TANSHIN: title=2026年7月期 第2四半期決算説明資料
[17:00:10] [INGEST] doc_id=f97aff7509c5c532 status=skipped_not_tanshin title=2026年7月期 第2四半期決算説明資料
[17:00:10] [DL] 既にダウンロード済み: data\docs\140120260312580923.pdf
[17:00:10] [抽出] SKIP_PDF_NOT_TANSHIN: title=売れるネット広告社グループ（9235）2026年７月期第2四半期決算説明資料
[17:00:10] [INGEST] doc_id=0b376bb3f7a7e79e status=skipped_not_tanshin title=売れるネット広告社グループ（9235）2026年７月期第2四半期決算説明資料
[17:00:10] [DL] 既にダウンロード済み: data\docs\140120260313581070.pdf
[17:00:10] [抽出] SKIP_PDF_NOT_TANSHIN: title=2026年10月期　第１四半期決算説明資料
[17:00:10] [INGEST] doc_id=3f144949896df324 status=skipped_not_tanshin title=2026年10月期　第１四半期決算説明資料
[17:00:10] [DL] 既にダウンロード済み: data\docs\140120260310579038.pdf
[17:00:10] [抽出] SKIP_PDF_NOT_TANSHIN: title=2026年７月期　第２四半期決算補足説明資料
[17:00:10] [INGEST] doc_id=2435c857359954ea status=skipped_not_tanshin title=2026年７月期　第２四半期決算補足説明資料
[17:00:10] [DL] 既にダウンロード済み: data\docs\140120260312580260.pdf
[17:00:10] [抽出] SKIP_PDF_NOT_TANSHIN: title=2026年10月期 第１四半期 決算説明資料
[17:00:10] [INGEST] doc_id=61115f05deb10312 status=skipped_not_tanshin title=2026年10月期 第１四半期 決算説明資料
[17:00:10] [DL] 既にダウンロード済み: data\docs\140120260313581418.pdf
[17:00:11] [抽出] SKIP_PDF_NOT_TANSHIN: title=2026年４月期　第３四半期決算説明資料
[17:00:11] [INGEST] doc_id=638b8c0a8c1ee3f8 status=skipped_not_tanshin title=2026年４月期　第３四半期決算説明資料
[17:00:11] [DL] 既にダウンロード済み: data\docs\140120260313581627.pdf
[17:00:11] [抽出] SKIP_PDF_NOT_TANSHIN: title=2026年４月期　第３四半期決算説明資料
[17:00:11] [INGEST] doc_id=8598ccc3ad37c7f4 status=skipped_not_tanshin title=2026年４月期　第３四半期決算説明資料
[17:00:11] [DL] 既にダウンロード済み: data\docs\140120260313581801.pdf
[17:00:11] [抽出] SKIP_PDF_NOT_TANSHIN: title=2026年10月期 第1四半期決算補足説明資料
[17:00:11] [INGEST] doc_id=293914e1d95d3f2e status=skipped_not_tanshin title=2026年10月期 第1四半期決算補足説明資料
[17:00:11] [DL] 既にダウンロード済み: data\docs\140120260312580829.pdf
[17:00:11] [抽出] SKIP_PDF_NOT_TANSHIN: title=2026年4月期 第３四半期決算説明資料
[17:00:11] [INGEST] doc_id=da020834f5388106 status=skipped_not_tanshin title=2026年4月期 第３四半期決算説明資料
[17:00:11] [DL] 既にダウンロード済み: data\docs\140120260313581540.pdf
[17:00:11] [抽出] SKIP_PDF_NOT_TANSHIN: title=2026年1月期 通期 決算説明資料(事業計画及び成長可能性に関する事項)
[17:00:11] [INGEST] doc_id=4334b680e79b765d status=skipped_not_tanshin title=2026年1月期 通期 決算説明資料(事業計画及び成長可能性に関する事項)
[17:00:11] [DL] 既にダウンロード済み: data\docs\140120260313581793.pdf
[17:00:13] [抽出] SKIP_PDF_NOT_TANSHIN: title=2026年４月期 第３四半期決算説明資料
[17:00:13] [INGEST] doc_id=6508deb5bc24c0cc status=skipped_not_tanshin title=2026年４月期 第３四半期決算説明資料
[17:00:13] [DL] 既にダウンロード済み: data\docs\140120260313581319.pdf
[17:00:13] [抽出] SKIP_PDF_NOT_TANSHIN: title=2026年４月期第３四半期決算説明資料
[17:00:13] [INGEST] doc_id=b99b4391f4fa9c37 status=skipped_not_tanshin title=2026年４月期第３四半期決算説明資料
[17:00:13] [DL] 既にダウンロード済み: data\docs\140120260313581723.pdf
[17:00:13] [抽出] SKIP_PDF_NOT_TANSHIN: title=2026年１月期通期決算説明会資料
[17:00:13] [INGEST] doc_id=ecc2e02fc2ccbdd5 status=skipped_not_tanshin title=2026年１月期通期決算説明会資料
[17:00:13] [DL] 既にダウンロード済み: data\docs\140120260313581308.pdf
[17:00:13] [抽出] SKIP_PDF_NOT_TANSHIN: title=2026年10月期 第１四半期決算説明資料
[17:00:13] [INGEST] doc_id=a78b4071b3b85b97 status=skipped_not_tanshin title=2026年10月期 第１四半期決算説明資料
[17:00:13] [DL] 既にダウンロード済み: data\docs\140120260313581315.pdf
[17:00:13] [抽出] SKIP_PDF_NOT_TANSHIN: title=2026年10月期 第１四半期決算説明資料（書き起こし）公開に関するお知らせ
[17:00:13] [INGEST] doc_id=c9e7ddeb7cbfce1f status=skipped_not_tanshin title=2026年10月期 第１四半期決算説明資料（書き起こし）公開に関するお知らせ
[17:00:13] [DL] 既にダウンロード済み: data\docs\140120260313581454.pdf
[17:00:13] [抽出] SKIP_PDF_NOT_TANSHIN: title=2026年10月期第１四半期決算説明資料
[17:00:13] [INGEST] doc_id=76f1d64eda1678a0 status=skipped_not_tanshin title=2026年10月期第１四半期決算説明資料
[17:00:13] [DL] 既にダウンロード済み: data\docs\140120260313581610.pdf
[17:00:14] [抽出] SKIP_PDF_NOT_TANSHIN: title=2026年７月期　第２四半期決算説明資料
[17:00:14] [INGEST] doc_id=8ba7cf79e9935209 status=skipped_not_tanshin title=2026年７月期　第２四半期決算説明資料
[17:00:14] [DL] 既にダウンロード済み: data\docs\140120260311579432.pdf
[17:00:14] [抽出] SKIP_PDF_NOT_TANSHIN: title=2026年10月期第１四半期 決算補足説明資料
[17:00:14] [INGEST] doc_id=e0daeec92a3e8cde status=skipped_not_tanshin title=2026年10月期第１四半期 決算補足説明資料
[17:00:14] [DL] 既にダウンロード済み: data\docs\140120260312580742.pdf
[17:00:14] [抽出] SKIP_PDF_NOT_TANSHIN: title=2026年７月期第２四半期決算説明資料
[17:00:14] [INGEST] doc_id=941a4b3b0407a6ac status=skipped_not_tanshin title=2026年７月期第２四半期決算説明資料
[17:00:14] [DL] 既にダウンロード済み: data\docs\140120260313581335.pdf
[17:00:14] [抽出] SKIP_PDF_NOT_TANSHIN: title=2026年10月期　第１四半期　決算説明資料
[17:00:14] [INGEST] doc_id=fe64e06c80691acf status=skipped_not_tanshin title=2026年10月期　第１四半期　決算説明資料
[17:00:14] [DL] 既にダウンロード済み: data\docs\140120260309578448.pdf
[17:00:14] [抽出] SKIP_PDF_NOT_TANSHIN: title=2026年10月期第1四半期決算ご説明（IR資料）
[17:00:14] [INGEST] doc_id=62b3ae94689f23c5 status=skipped_not_tanshin title=2026年10月期第1四半期決算ご説明（IR資料）
[17:00:14] [DL] 既にダウンロード済み: data\docs\140120260310578873.pdf
[17:00:14] [抽出] SKIP_PDF_NOT_TANSHIN: title=2026年10月期 第１四半期決算補足説明資料
[17:00:14] [INGEST] doc_id=9a2a3b585e7f1d13 status=skipped_not_tanshin title=2026年10月期 第１四半期決算補足説明資料
[17:00:14] [DL] 既にダウンロード済み: data\docs\140120260306577679.pdf
[17:00:14] [抽出] SKIP_PDF_NOT_TANSHIN: title=2026年10月期　第１四半期決算説明資料
[17:00:14] [INGEST] doc_id=717dfb74972167a6 status=skipped_not_tanshin title=2026年10月期　第１四半期決算説明資料
[17:00:14] [DL] 既にダウンロード済み: data\docs\140120260313581642.pdf
[17:00:14] [抽出] SKIP_PDF_NOT_TANSHIN: title=2026年7月期第2四半期決算説明資料
[17:00:14] [INGEST] doc_id=63e7a3cf1907b356 status=skipped_not_tanshin title=2026年7月期第2四半期決算説明資料
[17:00:14] [DL] 既にダウンロード済み: data\docs\140120260310579210.pdf
[17:00:14] [抽出] SKIP_PDF_NOT_TANSHIN: title=2026年７月期　第２四半期決算補足資料
[17:00:14] [INGEST] doc_id=a55cc3eec4e53f22 status=skipped_not_tanshin title=2026年７月期　第２四半期決算補足資料
[17:00:14] [INGEST] run=ingest-626c56a0 processed=33 success=2 skipped=31 error=0 (tanshin=33) SKIP_NOT_TANSHIN_TITLE=31
[17:00:14] [filings_ingest] done total=33 success=0 errors=0
[17:00:14] [pipeline_run] finished: ingest status=done elapsed=12.8s id=179 processed=33 success=0 failed=0
[2026/03/13 17:00:14.67] Finished (exit=0) 
[2026/03/13 17:10:01.33] Starting ingest 
[17:10:01] [db] config: write_key_type=service_role read_key_type=service_role
[17:10:01] [pipeline_run] started: ingest (id=180, trigger=scheduler)
[17:10:02] [filings_ingest] start dry_run=False company_code=ALL
[17:10:02] [API] yanoshin.jp APIから取得中: https://webapi.yanoshin.jp/webapi/tdnet/list/today.json
[17:10:02] [API] detected_schema=items, raw_items_count=300
[17:10:02] [API] first_item_preview: id=ba596e6061c2..., pubdate=2026-03-13 17:00:00, title=（開示事項の経過）固定資産取得に伴う資金の借入（コミットメント期間付きタームロー, code=207A
[17:10:02] [API] fetched_count=300
[17:10:02] [API] fetched_count=300, filtered_count=131, forecast_revision_count=31, financial_statement_count=100
[17:10:02] [API] new_count=65 already_processed=66 already_processed_financial_statement=66 new_financial_statement=34
[17:10:02] [API] already_processed_tickers=3161,9254,172A,186A,3441,3524,3931,4378,5079,7050,7674,7850,9262,9425,218A,3444,4334,168A,1758,1766
[17:10:02] [INGEST] run=ingest-9c73dc45 new_items=65 target_statements=34 non_target=31 (forecast_revision=31, other=0)
[17:10:02] [DL] ダウンロード中: https://webapi.yanoshin.jp/rd.php?https://www.release.tdnet.info/inbs/140120260313581337.pdf
[17:10:02] [DL] 保存完了: data\docs\140120260313581337.pdf (271.9KB)
[17:10:02] [DL] ダウンロード中: https://webapi.yanoshin.jp/rd.php?https://www.release.tdnet.info/inbs/081220260313581337.zip
[17:10:02] [DL] 保存完了: data\docs\081220260313581337.zip (70.2KB)
[17:10:03] [抽出] XBRL抽出を試行: data\docs\081220260313581337.zip
[17:10:03] [XBRL] 未知の財務タグ検出: ['tse-ed-t:ChangeInComprehensiveIncome', 'tse-ed-t:ChangeInNetSales', 'tse-ed-t:ChangeInOperatingIncome', 'tse-ed-t:ChangeInOrdinaryIncome', 'tse-ed-t:ChangeInProfitAttributableToOwnersOfParent', 'tse-ed-t:ComprehensiveIncome', 'tse-ed-t:DilutedNetIncomePerShare', 'tse-ed-t:NetIncomePerShare', 'tse-ed-t:ProfitAttributableToOwnersOfParent']
[17:10:03] [XBRL] Summary抽出成功: XBRLData/Summary/tse-scedjpsy-34210-20260313334210-ixbrl.htm
[17:10:03] [XBRL] Summary不足項目: ['gross_profit', 'cost_of_sales'], PL Attachment候補: 1
[17:10:03] [XBRL] 未知の財務タグ検出: ['jppfs_cor:DividendsIncomeNOI', 'jppfs_cor:ExtraordinaryIncome', 'jppfs_cor:ExtraordinaryLoss', 'jppfs_cor:GainOnSalesOfNoncurrentAssetsEI', 'jppfs_cor:GainOnSalesOfScraps1NOI', 'jppfs_cor:IncomeBeforeIncomeTaxes', 'jppfs_cor:IncomeTaxes', 'jppfs_cor:IncomeTaxesCurrent', 'jppfs_cor:IncomeTaxesDeferred', 'jppfs_cor:InterestIncomeNOI', 'jppfs_cor:LossOnRetirementOfNoncurrentAssetsEL', 'jppfs_cor:LossOnSalesOfNoncurrentAssetsEL', 'jppfs_cor:MiscellaneousIncomeNOI', 'jppfs_cor:MiscellaneousLossNOE', 'jppfs_cor:NonOperatingExpenses', 'jppfs_cor:NonOperatingIncome', 'jppfs_cor:ProfitLoss', 'jppfs_cor:ProfitLossAttributableToOwnersOfParent']
[17:10:03] [XBRL] PL Attachment抽出成功: XBRLData/Attachment/0102010-scpl15-tse-scedjpfr-34210-2026-01-31-01-2026-03-13-ixbrl.htm
[17:10:03] [XBRL] Attachment補完: gross_profit=4648660000
[17:10:03] [XBRL] Attachment補完: cost_of_sales=15255082000
[17:10:03] [抽出] XBRL抽出成功: sales=19744000000, gp=4648660000, op=637000000
[17:10:03] [INGEST] doc_id=7c6b3c1d63357c0a zip_hash=bb06666f26d2f9e908af83d540e721fddf03724c5c8079d4b32565961a731d69 status=success 3421 2026-07-31 2Q sales=19744000000 gp=4648660000 op=637000000
[17:10:03] [v2] セグメント抽出成功: 7件, engine=v2, unit=千円, profit_role=
[17:10:03] [SEGMENT] 3421 2Q I 前中間連結会計期間(自: sales=2.024 profit=None (inserted)
[17:10:03] [SEGMENT] 3421 2Q （注）: sales=0.001 profit=None (inserted)
[17:10:03] [SEGMENT] 3421 2Q （注）: sales=0.002 profit=None (updated)
[17:10:03] [SEGMENT] 3421 2Q 外部顧客への売上高: sales=14192.519 profit=None (inserted)
[17:10:03] [SEGMENT] 3421 2Q セグメント利益又は損失(: sales=1085.404 profit=None (inserted)
[17:10:03] [SEGMENT] 3421 2Q （注）: sales=0.001 profit=None (updated)
[17:10:03] [SEGMENT] 3421 2Q セグメントに配分していない全社費用: sales=-481.837 profit=None (inserted)
[17:10:04] [DL] ダウンロード中: https://webapi.yanoshin.jp/rd.php?https://www.release.tdnet.info/inbs/140120260313581050.pdf
[17:10:04] [DL] 保存完了: data\docs\140120260313581050.pdf (507.6KB)
[17:10:05] [抽出] PDF抽出を試行: data\docs\140120260313581050.pdf
[17:10:05] [INGEST] doc_id=fe47e15df7456122 zip_hash=4e2201e66621e2051efda8ae24c68053f5fd6696d7c2e969fe632b594983995b source_url=https://webapi.yanoshin.jp/rd.php?https://www.release.tdnet.info/inbs/140120260313581050.pdf status=extract_failed reason=売上高・営業利益ともに抽出できず
[17:10:05] [DL] ダウンロード中: https://webapi.yanoshin.jp/rd.php?https://www.release.tdnet.info/inbs/140120260313581728.pdf
[17:10:05] [DL] 保存完了: data\docs\140120260313581728.pdf (552.4KB)
[17:10:05] [DL] ダウンロード中: https://webapi.yanoshin.jp/rd.php?https://www.release.tdnet.info/inbs/081220260313581728.zip
[17:10:05] [DL] 保存完了: data\docs\081220260313581728.zip (54.4KB)
[17:10:05] [抽出] XBRL抽出を試行: data\docs\081220260313581728.zip
[17:10:06] [XBRL] 未知の財務タグ検出: ['tse-ed-t:ChangeInComprehensiveIncome', 'tse-ed-t:ChangeInNetSales', 'tse-ed-t:ChangeInOperatingIncome', 'tse-ed-t:ChangeInOrdinaryIncome', 'tse-ed-t:ChangeInProfitAttributableToOwnersOfParent', 'tse-ed-t:ComprehensiveIncome', 'tse-ed-t:DilutedNetIncomePerShare', 'tse-ed-t:NetIncomePerShare', 'tse-ed-t:ProfitAttributableToOwnersOfParent']
[17:10:06] [XBRL] Summary抽出成功: XBRLData/Summary/tse-qcedjpsm-44310-20260313344310-ixbrl.htm
[17:10:06] [XBRL] Summary不足項目: ['gross_profit', 'cost_of_sales'], PL Attachment候補: 1
[17:10:06] [XBRL] 未知の財務タグ検出: ['jppfs_cor:IncomeBeforeIncomeTaxes', 'jppfs_cor:IncomeTaxes', 'jppfs_cor:IncomeTaxesCurrent', 'jppfs_cor:IncomeTaxesDeferred', 'jppfs_cor:InterestIncomeNOI', 'jppfs_cor:NonOperatingExpenses', 'jppfs_cor:NonOperatingIncome', 'jppfs_cor:ProfitLoss', 'jppfs_cor:ProfitLossAttributableToOwnersOfParent']
[17:10:06] [XBRL] PL Attachment抽出成功: XBRLData/Attachment/0600000-qcpl11-tse-qcedjpfr-44310-2026-01-31-01-2026-03-13-ixbrl.htm
[17:10:06] [XBRL] Attachment補完: gross_profit=6356507000
[17:10:06] [XBRL] Attachment補完: cost_of_sales=3258825000
[17:10:06] [抽出] XBRL抽出成功: sales=9615000000, gp=6356507000, op=2229000000
[17:10:06] [INGEST] doc_id=5367c42365f4ba5f zip_hash=cc6b839b8be3439cf0beba58cf327ebcae1fafd14920144b7ea134af1c0cc9db status=success 4431 2026-04-30 3Q sales=9615000000 gp=6356507000 op=2229000000
[17:10:07] [v2] fallback to v1: segment_table_found_but_no_sales_profit_columns stage=column_classification
[17:10:08] [quarantine] 4431: v2_reason:segment_table_found_but_no_sales_profit_columns|segment_table_found_but_no_sales_profit_columns (DB write skipped \u2014 persist OFF)
[17:10:08] [SEGMENT] 4431 quarantine: v2_reason:segment_table_found_but_no_sales_profit_columns|segment_table_found_bu
[17:10:08] [DL] ダウンロード中: https://webapi.yanoshin.jp/rd.php?https://www.release.tdnet.info/inbs/140120260313581862.pdf
[17:10:08] [DL] 保存完了: data\docs\140120260313581862.pdf (2697.4KB)
[17:10:09] [抽出] SKIP_PDF_NOT_TANSHIN: title=2026年4月期第3四半期決算説明資料
[17:10:09] [INGEST] doc_id=487d3393278a1da2 status=skipped_not_tanshin title=2026年4月期第3四半期決算説明資料
[17:10:09] [DL] ダウンロード中: https://webapi.yanoshin.jp/rd.php?https://www.release.tdnet.info/inbs/140120260312580849.pdf
[17:10:09] [DL] 保存完了: data\docs\140120260312580849.pdf (437.1KB)
[17:10:09] [抽出] PDF抽出を試行: data\docs\140120260312580849.pdf
[17:10:09] [INGEST] doc_id=321da674aa2aeead zip_hash=1cf44ec66d4b0289e8ade1c77f05211f3c10a5878d48848d38f88ed2261e3d26 source_url=https://webapi.yanoshin.jp/rd.php?https://www.release.tdnet.info/inbs/140120260312580849.pdf status=extract_failed reason=売上高・営業利益ともに抽出できず
[17:10:09] [DL] 既にダウンロード済み: data\docs\140120260312580598.pdf
[17:10:09] [抽出] SKIP_PDF_NOT_TANSHIN: title=2026年9月期 第1四半期決算にかかる機関投資家等との対話について
[17:10:09] [INGEST] doc_id=6c6b0eae45d97a2c status=skipped_not_tanshin title=2026年9月期 第1四半期決算にかかる機関投資家等との対話について
[17:10:09] [DL] 既にダウンロード済み: data\docs\140120260313581824.pdf
[17:10:09] [抽出] SKIP_PDF_NOT_TANSHIN: title=2026年3月期第１四半期 決算説明資料
[17:10:09] [INGEST] doc_id=c038d23197af192f status=skipped_not_tanshin title=2026年3月期第１四半期 決算説明資料
[17:10:09] [DL] 既にダウンロード済み: data\docs\140120260313581682.pdf
[17:10:10] [抽出] SKIP_PDF_NOT_TANSHIN: title=2026年4月期第3四半期 決算説明資料
[17:10:10] [INGEST] doc_id=ece0026e15e66168 status=skipped_not_tanshin title=2026年4月期第3四半期 決算説明資料
[17:10:10] [DL] 既にダウンロード済み: data\docs\140120260312580915.pdf
[17:10:10] [抽出] SKIP_PDF_NOT_TANSHIN: title=2026年10月期第１四半期 決算説明資料
[17:10:10] [INGEST] doc_id=4ccbe79cd9b3d282 status=skipped_not_tanshin title=2026年10月期第１四半期 決算説明資料
[17:10:10] [DL] 既にダウンロード済み: data\docs\140120260313581864.pdf
[17:10:10] [抽出] SKIP_PDF_NOT_TANSHIN: title=2026年4月期第３四半期決算説明補足資料
[17:10:10] [INGEST] doc_id=05e1335e1aecce0d status=skipped_not_tanshin title=2026年4月期第３四半期決算説明補足資料
[17:10:10] [DL] 既にダウンロード済み: data\docs\140120260313581236.pdf
[17:10:10] [抽出] SKIP_PDF_NOT_TANSHIN: title=2026年１月期通期　決算説明資料
[17:10:10] [INGEST] doc_id=3a2488b580f82825 status=skipped_not_tanshin title=2026年１月期通期　決算説明資料
[17:10:10] [DL] 既にダウンロード済み: data\docs\140120260313581648.pdf
[17:10:10] [抽出] SKIP_PDF_NOT_TANSHIN: title=2026年7月期 第2四半期決算説明資料
[17:10:10] [INGEST] doc_id=f97aff7509c5c532 status=skipped_not_tanshin title=2026年7月期 第2四半期決算説明資料
[17:10:10] [DL] 既にダウンロード済み: data\docs\140120260312580923.pdf
[17:10:10] [抽出] SKIP_PDF_NOT_TANSHIN: title=売れるネット広告社グループ（9235）2026年７月期第2四半期決算説明資料
[17:10:10] [INGEST] doc_id=0b376bb3f7a7e79e status=skipped_not_tanshin title=売れるネット広告社グループ（9235）2026年７月期第2四半期決算説明資料
[17:10:10] [DL] 既にダウンロード済み: data\docs\140120260313581070.pdf
[17:10:10] [抽出] SKIP_PDF_NOT_TANSHIN: title=2026年10月期　第１四半期決算説明資料
[17:10:10] [INGEST] doc_id=3f144949896df324 status=skipped_not_tanshin title=2026年10月期　第１四半期決算説明資料
[17:10:10] [DL] 既にダウンロード済み: data\docs\140120260310579038.pdf
[17:10:10] [抽出] SKIP_PDF_NOT_TANSHIN: title=2026年７月期　第２四半期決算補足説明資料
[17:10:10] [INGEST] doc_id=2435c857359954ea status=skipped_not_tanshin title=2026年７月期　第２四半期決算補足説明資料
[17:10:10] [DL] 既にダウンロード済み: data\docs\140120260312580260.pdf
[17:10:10] [抽出] SKIP_PDF_NOT_TANSHIN: title=2026年10月期 第１四半期 決算説明資料
[17:10:10] [INGEST] doc_id=61115f05deb10312 status=skipped_not_tanshin title=2026年10月期 第１四半期 決算説明資料
[17:10:10] [DL] 既にダウンロード済み: data\docs\140120260313581418.pdf
[17:10:10] [抽出] SKIP_PDF_NOT_TANSHIN: title=2026年４月期　第３四半期決算説明資料
[17:10:10] [INGEST] doc_id=638b8c0a8c1ee3f8 status=skipped_not_tanshin title=2026年４月期　第３四半期決算説明資料
[17:10:10] [DL] 既にダウンロード済み: data\docs\140120260313581627.pdf
[17:10:10] [抽出] SKIP_PDF_NOT_TANSHIN: title=2026年４月期　第３四半期決算説明資料
[17:10:10] [INGEST] doc_id=8598ccc3ad37c7f4 status=skipped_not_tanshin title=2026年４月期　第３四半期決算説明資料
[17:10:10] [DL] 既にダウンロード済み: data\docs\140120260313581801.pdf
[17:10:10] [抽出] SKIP_PDF_NOT_TANSHIN: title=2026年10月期 第1四半期決算補足説明資料
[17:10:10] [INGEST] doc_id=293914e1d95d3f2e status=skipped_not_tanshin title=2026年10月期 第1四半期決算補足説明資料
[17:10:10] [DL] 既にダウンロード済み: data\docs\140120260312580829.pdf
[17:10:10] [抽出] SKIP_PDF_NOT_TANSHIN: title=2026年4月期 第３四半期決算説明資料
[17:10:10] [INGEST] doc_id=da020834f5388106 status=skipped_not_tanshin title=2026年4月期 第３四半期決算説明資料
[17:10:10] [DL] 既にダウンロード済み: data\docs\140120260313581540.pdf
[17:10:10] [抽出] SKIP_PDF_NOT_TANSHIN: title=2026年1月期 通期 決算説明資料(事業計画及び成長可能性に関する事項)
[17:10:10] [INGEST] doc_id=4334b680e79b765d status=skipped_not_tanshin title=2026年1月期 通期 決算説明資料(事業計画及び成長可能性に関する事項)
[17:10:10] [DL] 既にダウンロード済み: data\docs\140120260313581793.pdf
[17:10:14] [抽出] SKIP_PDF_NOT_TANSHIN: title=2026年４月期 第３四半期決算説明資料
[17:10:14] [INGEST] doc_id=6508deb5bc24c0cc status=skipped_not_tanshin title=2026年４月期 第３四半期決算説明資料
[17:10:14] [DL] 既にダウンロード済み: data\docs\140120260313581319.pdf
[17:10:14] [抽出] SKIP_PDF_NOT_TANSHIN: title=2026年４月期第３四半期決算説明資料
[17:10:14] [INGEST] doc_id=b99b4391f4fa9c37 status=skipped_not_tanshin title=2026年４月期第３四半期決算説明資料
[17:10:14] [DL] 既にダウンロード済み: data\docs\140120260313581723.pdf
[17:10:14] [抽出] SKIP_PDF_NOT_TANSHIN: title=2026年１月期通期決算説明会資料
[17:10:14] [INGEST] doc_id=ecc2e02fc2ccbdd5 status=skipped_not_tanshin title=2026年１月期通期決算説明会資料
[17:10:14] [DL] 既にダウンロード済み: data\docs\140120260313581308.pdf
[17:10:14] [抽出] SKIP_PDF_NOT_TANSHIN: title=2026年10月期 第１四半期決算説明資料
[17:10:14] [INGEST] doc_id=a78b4071b3b85b97 status=skipped_not_tanshin title=2026年10月期 第１四半期決算説明資料
[17:10:14] [DL] 既にダウンロード済み: data\docs\140120260313581315.pdf
[17:10:14] [抽出] SKIP_PDF_NOT_TANSHIN: title=2026年10月期 第１四半期決算説明資料（書き起こし）公開に関するお知らせ
[17:10:14] [INGEST] doc_id=c9e7ddeb7cbfce1f status=skipped_not_tanshin title=2026年10月期 第１四半期決算説明資料（書き起こし）公開に関するお知らせ
[17:10:14] [DL] 既にダウンロード済み: data\docs\140120260313581454.pdf
[17:10:14] [抽出] SKIP_PDF_NOT_TANSHIN: title=2026年10月期第１四半期決算説明資料
[17:10:14] [INGEST] doc_id=76f1d64eda1678a0 status=skipped_not_tanshin title=2026年10月期第１四半期決算説明資料
[17:10:14] [DL] 既にダウンロード済み: data\docs\140120260313581610.pdf
[17:10:15] [抽出] SKIP_PDF_NOT_TANSHIN: title=2026年７月期　第２四半期決算説明資料
[17:10:15] [INGEST] doc_id=8ba7cf79e9935209 status=skipped_not_tanshin title=2026年７月期　第２四半期決算説明資料
[17:10:15] [DL] 既にダウンロード済み: data\docs\140120260311579432.pdf
[17:10:15] [抽出] SKIP_PDF_NOT_TANSHIN: title=2026年10月期第１四半期 決算補足説明資料
[17:10:15] [INGEST] doc_id=e0daeec92a3e8cde status=skipped_not_tanshin title=2026年10月期第１四半期 決算補足説明資料
[17:10:15] [DL] 既にダウンロード済み: data\docs\140120260312580742.pdf
[17:10:15] [抽出] SKIP_PDF_NOT_TANSHIN: title=2026年７月期第２四半期決算説明資料
[17:10:15] [INGEST] doc_id=941a4b3b0407a6ac status=skipped_not_tanshin title=2026年７月期第２四半期決算説明資料
[17:10:15] [DL] 既にダウンロード済み: data\docs\140120260313581335.pdf
[17:10:15] [抽出] SKIP_PDF_NOT_TANSHIN: title=2026年10月期　第１四半期　決算説明資料
[17:10:15] [INGEST] doc_id=fe64e06c80691acf status=skipped_not_tanshin title=2026年10月期　第１四半期　決算説明資料
[17:10:15] [DL] 既にダウンロード済み: data\docs\140120260309578448.pdf
[17:10:15] [抽出] SKIP_PDF_NOT_TANSHIN: title=2026年10月期第1四半期決算ご説明（IR資料）
[17:10:15] [INGEST] doc_id=62b3ae94689f23c5 status=skipped_not_tanshin title=2026年10月期第1四半期決算ご説明（IR資料）
[17:10:15] [DL] 既にダウンロード済み: data\docs\140120260310578873.pdf
[17:10:16] [抽出] SKIP_PDF_NOT_TANSHIN: title=2026年10月期 第１四半期決算補足説明資料
[17:10:16] [INGEST] doc_id=9a2a3b585e7f1d13 status=skipped_not_tanshin title=2026年10月期 第１四半期決算補足説明資料
[17:10:16] [DL] 既にダウンロード済み: data\docs\140120260306577679.pdf
[17:10:16] [抽出] SKIP_PDF_NOT_TANSHIN: title=2026年10月期　第１四半期決算説明資料
[17:10:16] [INGEST] doc_id=717dfb74972167a6 status=skipped_not_tanshin title=2026年10月期　第１四半期決算説明資料
[17:10:16] [INGEST] run=ingest-9c73dc45 processed=34 success=2 skipped=30 error=2 (tanshin=34) SKIP_NOT_TANSHIN_TITLE=30
[17:10:16] [filings_ingest] done total=34 success=0 errors=2
[17:10:16] [pipeline_run] finished: ingest status=done elapsed=14.5s id=180 processed=34 success=0 failed=0
[2026/03/13 17:10:16.42] Finished (exit=0) 
[2026/03/13 17:20:01.37] Starting ingest 
[17:20:01] [db] config: write_key_type=service_role read_key_type=service_role
[17:20:01] [pipeline_run] started: ingest (id=181, trigger=scheduler)
[17:20:02] [filings_ingest] start dry_run=False company_code=ALL
[17:20:02] [API] yanoshin.jp APIから取得中: https://webapi.yanoshin.jp/webapi/tdnet/list/today.json
[17:20:02] [API] detected_schema=items, raw_items_count=300
[17:20:02] [API] first_item_preview: id=ba596e6061c2..., pubdate=2026-03-13 17:00:00, title=（開示事項の経過）固定資産取得に伴う資金の借入（コミットメント期間付きタームロー, code=207A
[17:20:02] [API] fetched_count=300
[17:20:02] [API] fetched_count=300, filtered_count=131, forecast_revision_count=31, financial_statement_count=100
[17:20:02] [API] new_count=61 already_processed=70 already_processed_financial_statement=70 new_financial_statement=30
[17:20:02] [API] already_processed_tickers=3421,359A,4431,5598,3161,9254,172A,186A,3441,3524,3931,4378,5079,7050,7674,7850,9262,9425,218A,3444
[17:20:02] [INGEST] run=ingest-dc3e72d0 new_items=61 target_statements=30 non_target=31 (forecast_revision=31, other=0)
[17:20:02] [DL] 既にダウンロード済み: data\docs\140120260313581862.pdf
[17:20:02] [抽出] SKIP_PDF_NOT_TANSHIN: title=2026年4月期第3四半期決算説明資料
[17:20:02] [INGEST] doc_id=487d3393278a1da2 status=skipped_not_tanshin title=2026年4月期第3四半期決算説明資料
[17:20:02] [DL] 既にダウンロード済み: data\docs\140120260312580598.pdf
[17:20:02] [抽出] SKIP_PDF_NOT_TANSHIN: title=2026年9月期 第1四半期決算にかかる機関投資家等との対話について
[17:20:02] [INGEST] doc_id=6c6b0eae45d97a2c status=skipped_not_tanshin title=2026年9月期 第1四半期決算にかかる機関投資家等との対話について
[17:20:02] [DL] 既にダウンロード済み: data\docs\140120260313581824.pdf
[17:20:02] [抽出] SKIP_PDF_NOT_TANSHIN: title=2026年3月期第１四半期 決算説明資料
[17:20:02] [INGEST] doc_id=c038d23197af192f status=skipped_not_tanshin title=2026年3月期第１四半期 決算説明資料
[17:20:02] [DL] 既にダウンロード済み: data\docs\140120260313581682.pdf
[17:20:02] [抽出] SKIP_PDF_NOT_TANSHIN: title=2026年4月期第3四半期 決算説明資料
[17:20:02] [INGEST] doc_id=ece0026e15e66168 status=skipped_not_tanshin title=2026年4月期第3四半期 決算説明資料
[17:20:02] [DL] 既にダウンロード済み: data\docs\140120260312580915.pdf
[17:20:02] [抽出] SKIP_PDF_NOT_TANSHIN: title=2026年10月期第１四半期 決算説明資料
[17:20:02] [INGEST] doc_id=4ccbe79cd9b3d282 status=skipped_not_tanshin title=2026年10月期第１四半期 決算説明資料
[17:20:02] [DL] 既にダウンロード済み: data\docs\140120260313581864.pdf
[17:20:02] [抽出] SKIP_PDF_NOT_TANSHIN: title=2026年4月期第３四半期決算説明補足資料
[17:20:02] [INGEST] doc_id=05e1335e1aecce0d status=skipped_not_tanshin title=2026年4月期第３四半期決算説明補足資料
[17:20:02] [DL] 既にダウンロード済み: data\docs\140120260313581236.pdf
[17:20:02] [抽出] SKIP_PDF_NOT_TANSHIN: title=2026年１月期通期　決算説明資料
[17:20:02] [INGEST] doc_id=3a2488b580f82825 status=skipped_not_tanshin title=2026年１月期通期　決算説明資料
[17:20:02] [DL] 既にダウンロード済み: data\docs\140120260313581648.pdf
[17:20:02] [抽出] SKIP_PDF_NOT_TANSHIN: title=2026年7月期 第2四半期決算説明資料
[17:20:02] [INGEST] doc_id=f97aff7509c5c532 status=skipped_not_tanshin title=2026年7月期 第2四半期決算説明資料
[17:20:02] [DL] 既にダウンロード済み: data\docs\140120260312580923.pdf
[17:20:03] [抽出] SKIP_PDF_NOT_TANSHIN: title=売れるネット広告社グループ（9235）2026年７月期第2四半期決算説明資料
[17:20:03] [INGEST] doc_id=0b376bb3f7a7e79e status=skipped_not_tanshin title=売れるネット広告社グループ（9235）2026年７月期第2四半期決算説明資料
[17:20:03] [DL] 既にダウンロード済み: data\docs\140120260313581070.pdf
[17:20:03] [抽出] SKIP_PDF_NOT_TANSHIN: title=2026年10月期　第１四半期決算説明資料
[17:20:03] [INGEST] doc_id=3f144949896df324 status=skipped_not_tanshin title=2026年10月期　第１四半期決算説明資料
[17:20:03] [DL] 既にダウンロード済み: data\docs\140120260310579038.pdf
[17:20:03] [抽出] SKIP_PDF_NOT_TANSHIN: title=2026年７月期　第２四半期決算補足説明資料
[17:20:03] [INGEST] doc_id=2435c857359954ea status=skipped_not_tanshin title=2026年７月期　第２四半期決算補足説明資料
[17:20:03] [DL] 既にダウンロード済み: data\docs\140120260312580260.pdf
[17:20:03] [抽出] SKIP_PDF_NOT_TANSHIN: title=2026年10月期 第１四半期 決算説明資料
[17:20:03] [INGEST] doc_id=61115f05deb10312 status=skipped_not_tanshin title=2026年10月期 第１四半期 決算説明資料
[17:20:03] [DL] 既にダウンロード済み: data\docs\140120260313581418.pdf
[17:20:03] [抽出] SKIP_PDF_NOT_TANSHIN: title=2026年４月期　第３四半期決算説明資料
[17:20:03] [INGEST] doc_id=638b8c0a8c1ee3f8 status=skipped_not_tanshin title=2026年４月期　第３四半期決算説明資料
[17:20:03] [DL] 既にダウンロード済み: data\docs\140120260313581627.pdf
[17:20:03] [抽出] SKIP_PDF_NOT_TANSHIN: title=2026年４月期　第３四半期決算説明資料
[17:20:03] [INGEST] doc_id=8598ccc3ad37c7f4 status=skipped_not_tanshin title=2026年４月期　第３四半期決算説明資料
[17:20:03] [DL] 既にダウンロード済み: data\docs\140120260313581801.pdf
[17:20:03] [抽出] SKIP_PDF_NOT_TANSHIN: title=2026年10月期 第1四半期決算補足説明資料
[17:20:03] [INGEST] doc_id=293914e1d95d3f2e status=skipped_not_tanshin title=2026年10月期 第1四半期決算補足説明資料
[17:20:03] [DL] 既にダウンロード済み: data\docs\140120260312580829.pdf
[17:20:03] [抽出] SKIP_PDF_NOT_TANSHIN: title=2026年4月期 第３四半期決算説明資料
[17:20:03] [INGEST] doc_id=da020834f5388106 status=skipped_not_tanshin title=2026年4月期 第３四半期決算説明資料
[17:20:03] [DL] 既にダウンロード済み: data\docs\140120260313581540.pdf
[17:20:03] [抽出] SKIP_PDF_NOT_TANSHIN: title=2026年1月期 通期 決算説明資料(事業計画及び成長可能性に関する事項)
[17:20:03] [INGEST] doc_id=4334b680e79b765d status=skipped_not_tanshin title=2026年1月期 通期 決算説明資料(事業計画及び成長可能性に関する事項)
[17:20:03] [DL] 既にダウンロード済み: data\docs\140120260313581793.pdf
[17:20:05] [抽出] SKIP_PDF_NOT_TANSHIN: title=2026年４月期 第３四半期決算説明資料
[17:20:05] [INGEST] doc_id=6508deb5bc24c0cc status=skipped_not_tanshin title=2026年４月期 第３四半期決算説明資料
[17:20:05] [DL] 既にダウンロード済み: data\docs\140120260313581319.pdf
[17:20:05] [抽出] SKIP_PDF_NOT_TANSHIN: title=2026年４月期第３四半期決算説明資料
[17:20:05] [INGEST] doc_id=b99b4391f4fa9c37 status=skipped_not_tanshin title=2026年４月期第３四半期決算説明資料
[17:20:05] [DL] 既にダウンロード済み: data\docs\140120260313581723.pdf
[17:20:05] [抽出] SKIP_PDF_NOT_TANSHIN: title=2026年１月期通期決算説明会資料
[17:20:05] [INGEST] doc_id=ecc2e02fc2ccbdd5 status=skipped_not_tanshin title=2026年１月期通期決算説明会資料
[17:20:05] [DL] 既にダウンロード済み: data\docs\140120260313581308.pdf
[17:20:06] [抽出] SKIP_PDF_NOT_TANSHIN: title=2026年10月期 第１四半期決算説明資料
[17:20:06] [INGEST] doc_id=a78b4071b3b85b97 status=skipped_not_tanshin title=2026年10月期 第１四半期決算説明資料
[17:20:06] [DL] 既にダウンロード済み: data\docs\140120260313581315.pdf
[17:20:06] [抽出] SKIP_PDF_NOT_TANSHIN: title=2026年10月期 第１四半期決算説明資料（書き起こし）公開に関するお知らせ
[17:20:06] [INGEST] doc_id=c9e7ddeb7cbfce1f status=skipped_not_tanshin title=2026年10月期 第１四半期決算説明資料（書き起こし）公開に関するお知らせ
[17:20:06] [DL] 既にダウンロード済み: data\docs\140120260313581454.pdf
[17:20:06] [抽出] SKIP_PDF_NOT_TANSHIN: title=2026年10月期第１四半期決算説明資料
[17:20:06] [INGEST] doc_id=76f1d64eda1678a0 status=skipped_not_tanshin title=2026年10月期第１四半期決算説明資料
[17:20:06] [DL] 既にダウンロード済み: data\docs\140120260313581610.pdf
[17:20:06] [抽出] SKIP_PDF_NOT_TANSHIN: title=2026年７月期　第２四半期決算説明資料
[17:20:06] [INGEST] doc_id=8ba7cf79e9935209 status=skipped_not_tanshin title=2026年７月期　第２四半期決算説明資料
[17:20:06] [DL] 既にダウンロード済み: data\docs\140120260311579432.pdf
[17:20:06] [抽出] SKIP_PDF_NOT_TANSHIN: title=2026年10月期第１四半期 決算補足説明資料
[17:20:06] [INGEST] doc_id=e0daeec92a3e8cde status=skipped_not_tanshin title=2026年10月期第１四半期 決算補足説明資料
[17:20:06] [DL] 既にダウンロード済み: data\docs\140120260312580742.pdf
[17:20:06] [抽出] SKIP_PDF_NOT_TANSHIN: title=2026年７月期第２四半期決算説明資料
[17:20:06] [INGEST] doc_id=941a4b3b0407a6ac status=skipped_not_tanshin title=2026年７月期第２四半期決算説明資料
[17:20:06] [DL] 既にダウンロード済み: data\docs\140120260313581335.pdf
[17:20:06] [抽出] SKIP_PDF_NOT_TANSHIN: title=2026年10月期　第１四半期　決算説明資料
[17:20:06] [INGEST] doc_id=fe64e06c80691acf status=skipped_not_tanshin title=2026年10月期　第１四半期　決算説明資料
[17:20:06] [DL] 既にダウンロード済み: data\docs\140120260309578448.pdf
[17:20:06] [抽出] SKIP_PDF_NOT_TANSHIN: title=2026年10月期第1四半期決算ご説明（IR資料）
[17:20:06] [INGEST] doc_id=62b3ae94689f23c5 status=skipped_not_tanshin title=2026年10月期第1四半期決算ご説明（IR資料）
[17:20:06] [DL] 既にダウンロード済み: data\docs\140120260310578873.pdf
[17:20:06] [抽出] SKIP_PDF_NOT_TANSHIN: title=2026年10月期 第１四半期決算補足説明資料
[17:20:06] [INGEST] doc_id=9a2a3b585e7f1d13 status=skipped_not_tanshin title=2026年10月期 第１四半期決算補足説明資料
[17:20:06] [DL] 既にダウンロード済み: data\docs\140120260306577679.pdf
[17:20:06] [抽出] SKIP_PDF_NOT_TANSHIN: title=2026年10月期　第１四半期決算説明資料
[17:20:06] [INGEST] doc_id=717dfb74972167a6 status=skipped_not_tanshin title=2026年10月期　第１四半期決算説明資料
[17:20:06] [INGEST] run=ingest-dc3e72d0 processed=30 success=0 skipped=30 error=0 (tanshin=30) SKIP_NOT_TANSHIN_TITLE=30
[17:20:06] [filings_ingest] done total=30 success=0 errors=0
[17:20:07] [pipeline_run] finished: ingest status=done elapsed=5.2s id=181 processed=30 success=0 failed=0
[2026/03/13 17:20:07.08] Finished (exit=0) 
[2026/03/13 17:30:01.35] Starting ingest 
[17:30:01] [db] config: write_key_type=service_role read_key_type=service_role
[17:30:01] [pipeline_run] started: ingest (id=182, trigger=scheduler)
[17:30:02] [filings_ingest] start dry_run=False company_code=ALL
[17:30:02] [API] yanoshin.jp APIから取得中: https://webapi.yanoshin.jp/webapi/tdnet/list/today.json
[17:30:02] [API] detected_schema=items, raw_items_count=300
[17:30:02] [API] first_item_preview: id=433ef8a80d47..., pubdate=2026-03-13 17:20:00, title=当社子会社による訴訟提起に関するお知らせ, code=9444
[17:30:02] [API] fetched_count=300
[17:30:02] [API] fetched_count=300, filtered_count=130, forecast_revision_count=31, financial_statement_count=99
[17:30:02] [API] new_count=61 already_processed=69 already_processed_financial_statement=69 new_financial_statement=30
[17:30:02] [API] already_processed_tickers=3421,359A,4431,5598,3161,9254,172A,186A,3441,3524,3931,4378,5079,7050,7674,7850,9262,9425,218A,3444
[17:30:02] [INGEST] run=ingest-15fdf470 new_items=61 target_statements=30 non_target=31 (forecast_revision=31, other=0)
[17:30:02] [DL] 既にダウンロード済み: data\docs\140120260313581862.pdf
[17:30:02] [抽出] SKIP_PDF_NOT_TANSHIN: title=2026年4月期第3四半期決算説明資料
[17:30:02] [INGEST] doc_id=487d3393278a1da2 status=skipped_not_tanshin title=2026年4月期第3四半期決算説明資料
[17:30:02] [DL] 既にダウンロード済み: data\docs\140120260312580598.pdf
[17:30:02] [抽出] SKIP_PDF_NOT_TANSHIN: title=2026年9月期 第1四半期決算にかかる機関投資家等との対話について
[17:30:02] [INGEST] doc_id=6c6b0eae45d97a2c status=skipped_not_tanshin title=2026年9月期 第1四半期決算にかかる機関投資家等との対話について
[17:30:02] [DL] 既にダウンロード済み: data\docs\140120260313581824.pdf
[17:30:02] [抽出] SKIP_PDF_NOT_TANSHIN: title=2026年3月期第１四半期 決算説明資料
[17:30:02] [INGEST] doc_id=c038d23197af192f status=skipped_not_tanshin title=2026年3月期第１四半期 決算説明資料
[17:30:02] [DL] 既にダウンロード済み: data\docs\140120260313581682.pdf
[17:30:02] [抽出] SKIP_PDF_NOT_TANSHIN: title=2026年4月期第3四半期 決算説明資料
[17:30:02] [INGEST] doc_id=ece0026e15e66168 status=skipped_not_tanshin title=2026年4月期第3四半期 決算説明資料
[17:30:02] [DL] 既にダウンロード済み: data\docs\140120260312580915.pdf
[17:30:02] [抽出] SKIP_PDF_NOT_TANSHIN: title=2026年10月期第１四半期 決算説明資料
[17:30:02] [INGEST] doc_id=4ccbe79cd9b3d282 status=skipped_not_tanshin title=2026年10月期第１四半期 決算説明資料
[17:30:02] [DL] 既にダウンロード済み: data\docs\140120260313581864.pdf
[17:30:02] [抽出] SKIP_PDF_NOT_TANSHIN: title=2026年4月期第３四半期決算説明補足資料
[17:30:02] [INGEST] doc_id=05e1335e1aecce0d status=skipped_not_tanshin title=2026年4月期第３四半期決算説明補足資料
[17:30:02] [DL] 既にダウンロード済み: data\docs\140120260313581236.pdf
[17:30:02] [抽出] SKIP_PDF_NOT_TANSHIN: title=2026年１月期通期　決算説明資料
[17:30:02] [INGEST] doc_id=3a2488b580f82825 status=skipped_not_tanshin title=2026年１月期通期　決算説明資料
[17:30:02] [DL] 既にダウンロード済み: data\docs\140120260313581648.pdf
[17:30:03] [抽出] SKIP_PDF_NOT_TANSHIN: title=2026年7月期 第2四半期決算説明資料
[17:30:03] [INGEST] doc_id=f97aff7509c5c532 status=skipped_not_tanshin title=2026年7月期 第2四半期決算説明資料
[17:30:03] [DL] 既にダウンロード済み: data\docs\140120260312580923.pdf
[17:30:03] [抽出] SKIP_PDF_NOT_TANSHIN: title=売れるネット広告社グループ（9235）2026年７月期第2四半期決算説明資料
[17:30:03] [INGEST] doc_id=0b376bb3f7a7e79e status=skipped_not_tanshin title=売れるネット広告社グループ（9235）2026年７月期第2四半期決算説明資料
[17:30:03] [DL] 既にダウンロード済み: data\docs\140120260313581070.pdf
[17:30:03] [抽出] SKIP_PDF_NOT_TANSHIN: title=2026年10月期　第１四半期決算説明資料
[17:30:03] [INGEST] doc_id=3f144949896df324 status=skipped_not_tanshin title=2026年10月期　第１四半期決算説明資料
[17:30:03] [DL] 既にダウンロード済み: data\docs\140120260310579038.pdf
[17:30:03] [抽出] SKIP_PDF_NOT_TANSHIN: title=2026年７月期　第２四半期決算補足説明資料
[17:30:03] [INGEST] doc_id=2435c857359954ea status=skipped_not_tanshin title=2026年７月期　第２四半期決算補足説明資料
[17:30:03] [DL] 既にダウンロード済み: data\docs\140120260312580260.pdf
[17:30:03] [抽出] SKIP_PDF_NOT_TANSHIN: title=2026年10月期 第１四半期 決算説明資料
[17:30:03] [INGEST] doc_id=61115f05deb10312 status=skipped_not_tanshin title=2026年10月期 第１四半期 決算説明資料
[17:30:03] [DL] 既にダウンロード済み: data\docs\140120260313581418.pdf
[17:30:03] [抽出] SKIP_PDF_NOT_TANSHIN: title=2026年４月期　第３四半期決算説明資料
[17:30:03] [INGEST] doc_id=638b8c0a8c1ee3f8 status=skipped_not_tanshin title=2026年４月期　第３四半期決算説明資料
[17:30:03] [DL] 既にダウンロード済み: data\docs\140120260313581627.pdf
[17:30:03] [抽出] SKIP_PDF_NOT_TANSHIN: title=2026年４月期　第３四半期決算説明資料
[17:30:03] [INGEST] doc_id=8598ccc3ad37c7f4 status=skipped_not_tanshin title=2026年４月期　第３四半期決算説明資料
[17:30:03] [DL] 既にダウンロード済み: data\docs\140120260313581801.pdf
[17:30:03] [抽出] SKIP_PDF_NOT_TANSHIN: title=2026年10月期 第1四半期決算補足説明資料
[17:30:03] [INGEST] doc_id=293914e1d95d3f2e status=skipped_not_tanshin title=2026年10月期 第1四半期決算補足説明資料
[17:30:03] [DL] 既にダウンロード済み: data\docs\140120260312580829.pdf
[17:30:03] [抽出] SKIP_PDF_NOT_TANSHIN: title=2026年4月期 第３四半期決算説明資料
[17:30:03] [INGEST] doc_id=da020834f5388106 status=skipped_not_tanshin title=2026年4月期 第３四半期決算説明資料
[17:30:03] [DL] 既にダウンロード済み: data\docs\140120260313581540.pdf
[17:30:03] [抽出] SKIP_PDF_NOT_TANSHIN: title=2026年1月期 通期 決算説明資料(事業計画及び成長可能性に関する事項)
[17:30:03] [INGEST] doc_id=4334b680e79b765d status=skipped_not_tanshin title=2026年1月期 通期 決算説明資料(事業計画及び成長可能性に関する事項)
[17:30:03] [DL] 既にダウンロード済み: data\docs\140120260313581793.pdf
[17:30:05] [抽出] SKIP_PDF_NOT_TANSHIN: title=2026年４月期 第３四半期決算説明資料
[17:30:05] [INGEST] doc_id=6508deb5bc24c0cc status=skipped_not_tanshin title=2026年４月期 第３四半期決算説明資料
[17:30:05] [DL] 既にダウンロード済み: data\docs\140120260313581319.pdf
[17:30:05] [抽出] SKIP_PDF_NOT_TANSHIN: title=2026年４月期第３四半期決算説明資料
[17:30:05] [INGEST] doc_id=b99b4391f4fa9c37 status=skipped_not_tanshin title=2026年４月期第３四半期決算説明資料
[17:30:05] [DL] 既にダウンロード済み: data\docs\140120260313581723.pdf
[17:30:06] [抽出] SKIP_PDF_NOT_TANSHIN: title=2026年１月期通期決算説明会資料
[17:30:06] [INGEST] doc_id=ecc2e02fc2ccbdd5 status=skipped_not_tanshin title=2026年１月期通期決算説明会資料
[17:30:06] [DL] 既にダウンロード済み: data\docs\140120260313581308.pdf
[17:30:06] [抽出] SKIP_PDF_NOT_TANSHIN: title=2026年10月期 第１四半期決算説明資料
[17:30:06] [INGEST] doc_id=a78b4071b3b85b97 status=skipped_not_tanshin title=2026年10月期 第１四半期決算説明資料
[17:30:06] [DL] 既にダウンロード済み: data\docs\140120260313581315.pdf
[17:30:06] [抽出] SKIP_PDF_NOT_TANSHIN: title=2026年10月期 第１四半期決算説明資料（書き起こし）公開に関するお知らせ
[17:30:06] [INGEST] doc_id=c9e7ddeb7cbfce1f status=skipped_not_tanshin title=2026年10月期 第１四半期決算説明資料（書き起こし）公開に関するお知らせ
[17:30:06] [DL] 既にダウンロード済み: data\docs\140120260313581454.pdf
[17:30:06] [抽出] SKIP_PDF_NOT_TANSHIN: title=2026年10月期第１四半期決算説明資料
[17:30:06] [INGEST] doc_id=76f1d64eda1678a0 status=skipped_not_tanshin title=2026年10月期第１四半期決算説明資料
[17:30:06] [DL] 既にダウンロード済み: data\docs\140120260313581610.pdf
[17:30:06] [抽出] SKIP_PDF_NOT_TANSHIN: title=2026年７月期　第２四半期決算説明資料
[17:30:06] [INGEST] doc_id=8ba7cf79e9935209 status=skipped_not_tanshin title=2026年７月期　第２四半期決算説明資料
[17:30:06] [DL] 既にダウンロード済み: data\docs\140120260311579432.pdf
[17:30:06] [抽出] SKIP_PDF_NOT_TANSHIN: title=2026年10月期第１四半期 決算補足説明資料
[17:30:06] [INGEST] doc_id=e0daeec92a3e8cde status=skipped_not_tanshin title=2026年10月期第１四半期 決算補足説明資料
[17:30:06] [DL] 既にダウンロード済み: data\docs\140120260312580742.pdf
[17:30:06] [抽出] SKIP_PDF_NOT_TANSHIN: title=2026年７月期第２四半期決算説明資料
[17:30:06] [INGEST] doc_id=941a4b3b0407a6ac status=skipped_not_tanshin title=2026年７月期第２四半期決算説明資料
[17:30:06] [DL] 既にダウンロード済み: data\docs\140120260313581335.pdf
[17:30:06] [抽出] SKIP_PDF_NOT_TANSHIN: title=2026年10月期　第１四半期　決算説明資料
[17:30:06] [INGEST] doc_id=fe64e06c80691acf status=skipped_not_tanshin title=2026年10月期　第１四半期　決算説明資料
[17:30:06] [DL] 既にダウンロード済み: data\docs\140120260309578448.pdf
[17:30:06] [抽出] SKIP_PDF_NOT_TANSHIN: title=2026年10月期第1四半期決算ご説明（IR資料）
[17:30:06] [INGEST] doc_id=62b3ae94689f23c5 status=skipped_not_tanshin title=2026年10月期第1四半期決算ご説明（IR資料）
[17:30:06] [DL] 既にダウンロード済み: data\docs\140120260310578873.pdf
[17:30:06] [抽出] SKIP_PDF_NOT_TANSHIN: title=2026年10月期 第１四半期決算補足説明資料
[17:30:06] [INGEST] doc_id=9a2a3b585e7f1d13 status=skipped_not_tanshin title=2026年10月期 第１四半期決算補足説明資料
[17:30:06] [DL] 既にダウンロード済み: data\docs\140120260306577679.pdf
[17:30:06] [抽出] SKIP_PDF_NOT_TANSHIN: title=2026年10月期　第１四半期決算説明資料
[17:30:06] [INGEST] doc_id=717dfb74972167a6 status=skipped_not_tanshin title=2026年10月期　第１四半期決算説明資料
[17:30:06] [INGEST] run=ingest-15fdf470 processed=30 success=0 skipped=30 error=0 (tanshin=30) SKIP_NOT_TANSHIN_TITLE=30
[17:30:06] [filings_ingest] done total=30 success=0 errors=0
[17:30:06] [pipeline_run] finished: ingest status=done elapsed=5.1s id=182 processed=30 success=0 failed=0
[2026/03/13 17:30:07.02] Finished (exit=0) 
[2026/03/13 17:40:01.39] Starting ingest 
[17:40:01] [db] config: write_key_type=service_role read_key_type=service_role
[17:40:02] [pipeline_run] started: ingest (id=183, trigger=scheduler)
[17:40:02] [filings_ingest] start dry_run=False company_code=ALL
[17:40:02] [API] yanoshin.jp APIから取得中: https://webapi.yanoshin.jp/webapi/tdnet/list/today.json
[17:40:03] [API] detected_schema=items, raw_items_count=300
[17:40:03] [API] first_item_preview: id=433ef8a80d47..., pubdate=2026-03-13 17:20:00, title=当社子会社による訴訟提起に関するお知らせ, code=9444
[17:40:03] [API] fetched_count=300
[17:40:03] [API] fetched_count=300, filtered_count=130, forecast_revision_count=31, financial_statement_count=99
[17:40:03] [API] new_count=61 already_processed=69 already_processed_financial_statement=69 new_financial_statement=30
[17:40:03] [API] already_processed_tickers=3421,359A,4431,5598,3161,9254,172A,186A,3441,3524,3931,4378,5079,7050,7674,7850,9262,9425,218A,3444
[17:40:03] [INGEST] run=ingest-ea432c10 new_items=61 target_statements=30 non_target=31 (forecast_revision=31, other=0)
[17:40:03] [DL] 既にダウンロード済み: data\docs\140120260313581862.pdf
[17:40:03] [抽出] SKIP_PDF_NOT_TANSHIN: title=2026年4月期第3四半期決算説明資料
[17:40:03] [INGEST] doc_id=487d3393278a1da2 status=skipped_not_tanshin title=2026年4月期第3四半期決算説明資料
[17:40:03] [DL] 既にダウンロード済み: data\docs\140120260312580598.pdf
[17:40:03] [抽出] SKIP_PDF_NOT_TANSHIN: title=2026年9月期 第1四半期決算にかかる機関投資家等との対話について
[17:40:03] [INGEST] doc_id=6c6b0eae45d97a2c status=skipped_not_tanshin title=2026年9月期 第1四半期決算にかかる機関投資家等との対話について
[17:40:03] [DL] 既にダウンロード済み: data\docs\140120260313581824.pdf
[17:40:03] [抽出] SKIP_PDF_NOT_TANSHIN: title=2026年3月期第１四半期 決算説明資料
[17:40:03] [INGEST] doc_id=c038d23197af192f status=skipped_not_tanshin title=2026年3月期第１四半期 決算説明資料
[17:40:03] [DL] 既にダウンロード済み: data\docs\140120260313581682.pdf
[17:40:03] [抽出] SKIP_PDF_NOT_TANSHIN: title=2026年4月期第3四半期 決算説明資料
[17:40:03] [INGEST] doc_id=ece0026e15e66168 status=skipped_not_tanshin title=2026年4月期第3四半期 決算説明資料
[17:40:03] [DL] 既にダウンロード済み: data\docs\140120260312580915.pdf
[17:40:03] [抽出] SKIP_PDF_NOT_TANSHIN: title=2026年10月期第１四半期 決算説明資料
[17:40:03] [INGEST] doc_id=4ccbe79cd9b3d282 status=skipped_not_tanshin title=2026年10月期第１四半期 決算説明資料
[17:40:03] [DL] 既にダウンロード済み: data\docs\140120260313581864.pdf
[17:40:03] [抽出] SKIP_PDF_NOT_TANSHIN: title=2026年4月期第３四半期決算説明補足資料
[17:40:03] [INGEST] doc_id=05e1335e1aecce0d status=skipped_not_tanshin title=2026年4月期第３四半期決算説明補足資料
[17:40:03] [DL] 既にダウンロード済み: data\docs\140120260313581236.pdf
[17:40:03] [抽出] SKIP_PDF_NOT_TANSHIN: title=2026年１月期通期　決算説明資料
[17:40:03] [INGEST] doc_id=3a2488b580f82825 status=skipped_not_tanshin title=2026年１月期通期　決算説明資料
[17:40:03] [DL] 既にダウンロード済み: data\docs\140120260313581648.pdf
[17:40:03] [抽出] SKIP_PDF_NOT_TANSHIN: title=2026年7月期 第2四半期決算説明資料
[17:40:03] [INGEST] doc_id=f97aff7509c5c532 status=skipped_not_tanshin title=2026年7月期 第2四半期決算説明資料
[17:40:03] [DL] 既にダウンロード済み: data\docs\140120260312580923.pdf
[17:40:03] [抽出] SKIP_PDF_NOT_TANSHIN: title=売れるネット広告社グループ（9235）2026年７月期第2四半期決算説明資料
[17:40:03] [INGEST] doc_id=0b376bb3f7a7e79e status=skipped_not_tanshin title=売れるネット広告社グループ（9235）2026年７月期第2四半期決算説明資料
[17:40:03] [DL] 既にダウンロード済み: data\docs\140120260313581070.pdf
[17:40:03] [抽出] SKIP_PDF_NOT_TANSHIN: title=2026年10月期　第１四半期決算説明資料
[17:40:03] [INGEST] doc_id=3f144949896df324 status=skipped_not_tanshin title=2026年10月期　第１四半期決算説明資料
[17:40:03] [DL] 既にダウンロード済み: data\docs\140120260310579038.pdf
[17:40:03] [抽出] SKIP_PDF_NOT_TANSHIN: title=2026年７月期　第２四半期決算補足説明資料
[17:40:03] [INGEST] doc_id=2435c857359954ea status=skipped_not_tanshin title=2026年７月期　第２四半期決算補足説明資料
[17:40:03] [DL] 既にダウンロード済み: data\docs\140120260312580260.pdf
[17:40:03] [抽出] SKIP_PDF_NOT_TANSHIN: title=2026年10月期 第１四半期 決算説明資料
[17:40:03] [INGEST] doc_id=61115f05deb10312 status=skipped_not_tanshin title=2026年10月期 第１四半期 決算説明資料
[17:40:03] [DL] 既にダウンロード済み: data\docs\140120260313581418.pdf
[17:40:03] [抽出] SKIP_PDF_NOT_TANSHIN: title=2026年４月期　第３四半期決算説明資料
[17:40:03] [INGEST] doc_id=638b8c0a8c1ee3f8 status=skipped_not_tanshin title=2026年４月期　第３四半期決算説明資料
[17:40:03] [DL] 既にダウンロード済み: data\docs\140120260313581627.pdf
[17:40:03] [抽出] SKIP_PDF_NOT_TANSHIN: title=2026年４月期　第３四半期決算説明資料
[17:40:03] [INGEST] doc_id=8598ccc3ad37c7f4 status=skipped_not_tanshin title=2026年４月期　第３四半期決算説明資料
[17:40:03] [DL] 既にダウンロード済み: data\docs\140120260313581801.pdf
[17:40:03] [抽出] SKIP_PDF_NOT_TANSHIN: title=2026年10月期 第1四半期決算補足説明資料
[17:40:03] [INGEST] doc_id=293914e1d95d3f2e status=skipped_not_tanshin title=2026年10月期 第1四半期決算補足説明資料
[17:40:03] [DL] 既にダウンロード済み: data\docs\140120260312580829.pdf
[17:40:04] [抽出] SKIP_PDF_NOT_TANSHIN: title=2026年4月期 第３四半期決算説明資料
[17:40:04] [INGEST] doc_id=da020834f5388106 status=skipped_not_tanshin title=2026年4月期 第３四半期決算説明資料
[17:40:04] [DL] 既にダウンロード済み: data\docs\140120260313581540.pdf
[17:40:04] [抽出] SKIP_PDF_NOT_TANSHIN: title=2026年1月期 通期 決算説明資料(事業計画及び成長可能性に関する事項)
[17:40:04] [INGEST] doc_id=4334b680e79b765d status=skipped_not_tanshin title=2026年1月期 通期 決算説明資料(事業計画及び成長可能性に関する事項)
[17:40:04] [DL] 既にダウンロード済み: data\docs\140120260313581793.pdf
[17:40:06] [抽出] SKIP_PDF_NOT_TANSHIN: title=2026年４月期 第３四半期決算説明資料
[17:40:06] [INGEST] doc_id=6508deb5bc24c0cc status=skipped_not_tanshin title=2026年４月期 第３四半期決算説明資料
[17:40:06] [DL] 既にダウンロード済み: data\docs\140120260313581319.pdf
[17:40:06] [抽出] SKIP_PDF_NOT_TANSHIN: title=2026年４月期第３四半期決算説明資料
[17:40:06] [INGEST] doc_id=b99b4391f4fa9c37 status=skipped_not_tanshin title=2026年４月期第３四半期決算説明資料
[17:40:06] [DL] 既にダウンロード済み: data\docs\140120260313581723.pdf
[17:40:06] [抽出] SKIP_PDF_NOT_TANSHIN: title=2026年１月期通期決算説明会資料
[17:40:06] [INGEST] doc_id=ecc2e02fc2ccbdd5 status=skipped_not_tanshin title=2026年１月期通期決算説明会資料
[17:40:06] [DL] 既にダウンロード済み: data\docs\140120260313581308.pdf
[17:40:06] [抽出] SKIP_PDF_NOT_TANSHIN: title=2026年10月期 第１四半期決算説明資料
[17:40:06] [INGEST] doc_id=a78b4071b3b85b97 status=skipped_not_tanshin title=2026年10月期 第１四半期決算説明資料
[17:40:06] [DL] 既にダウンロード済み: data\docs\140120260313581315.pdf
[17:40:06] [抽出] SKIP_PDF_NOT_TANSHIN: title=2026年10月期 第１四半期決算説明資料（書き起こし）公開に関するお知らせ
[17:40:06] [INGEST] doc_id=c9e7ddeb7cbfce1f status=skipped_not_tanshin title=2026年10月期 第１四半期決算説明資料（書き起こし）公開に関するお知らせ
[17:40:06] [DL] 既にダウンロード済み: data\docs\140120260313581454.pdf
[17:40:06] [抽出] SKIP_PDF_NOT_TANSHIN: title=2026年10月期第１四半期決算説明資料
[17:40:06] [INGEST] doc_id=76f1d64eda1678a0 status=skipped_not_tanshin title=2026年10月期第１四半期決算説明資料
[17:40:06] [DL] 既にダウンロード済み: data\docs\140120260313581610.pdf
[17:40:07] [抽出] SKIP_PDF_NOT_TANSHIN: title=2026年７月期　第２四半期決算説明資料
[17:40:07] [INGEST] doc_id=8ba7cf79e9935209 status=skipped_not_tanshin title=2026年７月期　第２四半期決算説明資料
[17:40:07] [DL] 既にダウンロード済み: data\docs\140120260311579432.pdf
[17:40:07] [抽出] SKIP_PDF_NOT_TANSHIN: title=2026年10月期第１四半期 決算補足説明資料
[17:40:07] [INGEST] doc_id=e0daeec92a3e8cde status=skipped_not_tanshin title=2026年10月期第１四半期 決算補足説明資料
[17:40:07] [DL] 既にダウンロード済み: data\docs\140120260312580742.pdf
[17:40:07] [抽出] SKIP_PDF_NOT_TANSHIN: title=2026年７月期第２四半期決算説明資料
[17:40:07] [INGEST] doc_id=941a4b3b0407a6ac status=skipped_not_tanshin title=2026年７月期第２四半期決算説明資料
[17:40:07] [DL] 既にダウンロード済み: data\docs\140120260313581335.pdf
[17:40:07] [抽出] SKIP_PDF_NOT_TANSHIN: title=2026年10月期　第１四半期　決算説明資料
[17:40:07] [INGEST] doc_id=fe64e06c80691acf status=skipped_not_tanshin title=2026年10月期　第１四半期　決算説明資料
[17:40:07] [DL] 既にダウンロード済み: data\docs\140120260309578448.pdf
[17:40:07] [抽出] SKIP_PDF_NOT_TANSHIN: title=2026年10月期第1四半期決算ご説明（IR資料）
[17:40:07] [INGEST] doc_id=62b3ae94689f23c5 status=skipped_not_tanshin title=2026年10月期第1四半期決算ご説明（IR資料）
[17:40:07] [DL] 既にダウンロード済み: data\docs\140120260310578873.pdf
[17:40:07] [抽出] SKIP_PDF_NOT_TANSHIN: title=2026年10月期 第１四半期決算補足説明資料
[17:40:07] [INGEST] doc_id=9a2a3b585e7f1d13 status=skipped_not_tanshin title=2026年10月期 第１四半期決算補足説明資料
[17:40:07] [DL] 既にダウンロード済み: data\docs\140120260306577679.pdf
[17:40:07] [抽出] SKIP_PDF_NOT_TANSHIN: title=2026年10月期　第１四半期決算説明資料
[17:40:07] [INGEST] doc_id=717dfb74972167a6 status=skipped_not_tanshin title=2026年10月期　第１四半期決算説明資料
[17:40:07] [INGEST] run=ingest-ea432c10 processed=30 success=0 skipped=30 error=0 (tanshin=30) SKIP_NOT_TANSHIN_TITLE=30
[17:40:07] [filings_ingest] done total=30 success=0 errors=0
[17:40:07] [pipeline_run] finished: ingest status=done elapsed=5.0s id=183 processed=30 success=0 failed=0
[2026/03/13 17:40:07.56] Finished (exit=0) 
[2026/03/13 17:50:01.38] Starting ingest 
[17:50:01] [db] config: write_key_type=service_role read_key_type=service_role
[17:50:02] [pipeline_run] started: ingest (id=184, trigger=scheduler)
[17:50:02] [filings_ingest] start dry_run=False company_code=ALL
[17:50:02] [API] yanoshin.jp APIから取得中: https://webapi.yanoshin.jp/webapi/tdnet/list/today.json
[17:50:03] [API] detected_schema=items, raw_items_count=300
[17:50:03] [API] first_item_preview: id=8955f0e0b423..., pubdate=2026-03-13 17:35:00, title=役員人事について, code=9535
[17:50:03] [API] fetched_count=300
[17:50:03] [API] fetched_count=300, filtered_count=129, forecast_revision_count=30, financial_statement_count=99
[17:50:03] [API] new_count=61 already_processed=68 already_processed_financial_statement=68 new_financial_statement=31
[17:50:03] [API] already_processed_tickers=3421,359A,4431,5598,3161,9254,172A,186A,3441,3524,3931,4378,5079,7050,7674,7850,9262,9425,218A,3444
[17:50:03] [INGEST] run=ingest-c1376394 new_items=61 target_statements=31 non_target=30 (forecast_revision=30, other=0)
[17:50:03] [DL] ダウンロード中: https://webapi.yanoshin.jp/rd.php?https://www.release.tdnet.info/inbs/140120260313581949.pdf
[17:50:03] [DL] 保存完了: data\docs\140120260313581949.pdf (512.9KB)
[17:50:03] [抽出] SKIP_PDF_NOT_TANSHIN: title=（追加）「2026年10月期　第１四半期　決算説明資料」の一部追加について
[17:50:03] [INGEST] doc_id=c1d69b788cc8900f status=skipped_not_tanshin title=（追加）「2026年10月期　第１四半期　決算説明資料」の一部追加について
[17:50:03] [DL] ダウンロード中: https://webapi.yanoshin.jp/rd.php?https://www.release.tdnet.info/inbs/140120260313581538.pdf
[17:50:04] [DL] 保存完了: data\docs\140120260313581538.pdf (3234.9KB)
[17:50:04] [抽出] SKIP_PDF_NOT_TANSHIN: title=2026年7月期 第2四半期 決算説明資料
[17:50:04] [INGEST] doc_id=6da97293e362a01f status=skipped_not_tanshin title=2026年7月期 第2四半期 決算説明資料
[17:50:04] [DL] 既にダウンロード済み: data\docs\140120260313581862.pdf
[17:50:04] [抽出] SKIP_PDF_NOT_TANSHIN: title=2026年4月期第3四半期決算説明資料
[17:50:04] [INGEST] doc_id=487d3393278a1da2 status=skipped_not_tanshin title=2026年4月期第3四半期決算説明資料
[17:50:04] [DL] 既にダウンロード済み: data\docs\140120260312580598.pdf
[17:50:04] [抽出] SKIP_PDF_NOT_TANSHIN: title=2026年9月期 第1四半期決算にかかる機関投資家等との対話について
[17:50:04] [INGEST] doc_id=6c6b0eae45d97a2c status=skipped_not_tanshin title=2026年9月期 第1四半期決算にかかる機関投資家等との対話について
[17:50:04] [DL] 既にダウンロード済み: data\docs\140120260313581824.pdf
[17:50:04] [抽出] SKIP_PDF_NOT_TANSHIN: title=2026年3月期第１四半期 決算説明資料
[17:50:04] [INGEST] doc_id=c038d23197af192f status=skipped_not_tanshin title=2026年3月期第１四半期 決算説明資料
[17:50:04] [DL] 既にダウンロード済み: data\docs\140120260313581682.pdf
[17:50:04] [抽出] SKIP_PDF_NOT_TANSHIN: title=2026年4月期第3四半期 決算説明資料
[17:50:04] [INGEST] doc_id=ece0026e15e66168 status=skipped_not_tanshin title=2026年4月期第3四半期 決算説明資料
[17:50:04] [DL] 既にダウンロード済み: data\docs\140120260312580915.pdf
[17:50:04] [抽出] SKIP_PDF_NOT_TANSHIN: title=2026年10月期第１四半期 決算説明資料
[17:50:04] [INGEST] doc_id=4ccbe79cd9b3d282 status=skipped_not_tanshin title=2026年10月期第１四半期 決算説明資料
[17:50:04] [DL] 既にダウンロード済み: data\docs\140120260313581864.pdf
[17:50:04] [抽出] SKIP_PDF_NOT_TANSHIN: title=2026年4月期第３四半期決算説明補足資料
[17:50:04] [INGEST] doc_id=05e1335e1aecce0d status=skipped_not_tanshin title=2026年4月期第３四半期決算説明補足資料
[17:50:04] [DL] 既にダウンロード済み: data\docs\140120260313581236.pdf
[17:50:04] [抽出] SKIP_PDF_NOT_TANSHIN: title=2026年１月期通期　決算説明資料
[17:50:04] [INGEST] doc_id=3a2488b580f82825 status=skipped_not_tanshin title=2026年１月期通期　決算説明資料
[17:50:04] [DL] 既にダウンロード済み: data\docs\140120260313581648.pdf
[17:50:04] [抽出] SKIP_PDF_NOT_TANSHIN: title=2026年7月期 第2四半期決算説明資料
[17:50:04] [INGEST] doc_id=f97aff7509c5c532 status=skipped_not_tanshin title=2026年7月期 第2四半期決算説明資料
[17:50:04] [DL] 既にダウンロード済み: data\docs\140120260312580923.pdf
[17:50:04] [抽出] SKIP_PDF_NOT_TANSHIN: title=売れるネット広告社グループ（9235）2026年７月期第2四半期決算説明資料
[17:50:04] [INGEST] doc_id=0b376bb3f7a7e79e status=skipped_not_tanshin title=売れるネット広告社グループ（9235）2026年７月期第2四半期決算説明資料
[17:50:04] [DL] 既にダウンロード済み: data\docs\140120260313581070.pdf
[17:50:04] [抽出] SKIP_PDF_NOT_TANSHIN: title=2026年10月期　第１四半期決算説明資料
[17:50:04] [INGEST] doc_id=3f144949896df324 status=skipped_not_tanshin title=2026年10月期　第１四半期決算説明資料
[17:50:04] [DL] 既にダウンロード済み: data\docs\140120260310579038.pdf
[17:50:04] [抽出] SKIP_PDF_NOT_TANSHIN: title=2026年７月期　第２四半期決算補足説明資料
[17:50:04] [INGEST] doc_id=2435c857359954ea status=skipped_not_tanshin title=2026年７月期　第２四半期決算補足説明資料
[17:50:04] [DL] 既にダウンロード済み: data\docs\140120260312580260.pdf
[17:50:04] [抽出] SKIP_PDF_NOT_TANSHIN: title=2026年10月期 第１四半期 決算説明資料
[17:50:04] [INGEST] doc_id=61115f05deb10312 status=skipped_not_tanshin title=2026年10月期 第１四半期 決算説明資料
[17:50:04] [DL] 既にダウンロード済み: data\docs\140120260313581418.pdf
[17:50:04] [抽出] SKIP_PDF_NOT_TANSHIN: title=2026年４月期　第３四半期決算説明資料
[17:50:04] [INGEST] doc_id=638b8c0a8c1ee3f8 status=skipped_not_tanshin title=2026年４月期　第３四半期決算説明資料
[17:50:04] [DL] 既にダウンロード済み: data\docs\140120260313581627.pdf
[17:50:05] [抽出] SKIP_PDF_NOT_TANSHIN: title=2026年４月期　第３四半期決算説明資料
[17:50:05] [INGEST] doc_id=8598ccc3ad37c7f4 status=skipped_not_tanshin title=2026年４月期　第３四半期決算説明資料
[17:50:05] [DL] 既にダウンロード済み: data\docs\140120260313581801.pdf
[17:50:05] [抽出] SKIP_PDF_NOT_TANSHIN: title=2026年10月期 第1四半期決算補足説明資料
[17:50:05] [INGEST] doc_id=293914e1d95d3f2e status=skipped_not_tanshin title=2026年10月期 第1四半期決算補足説明資料
[17:50:05] [DL] 既にダウンロード済み: data\docs\140120260312580829.pdf
[17:50:05] [抽出] SKIP_PDF_NOT_TANSHIN: title=2026年4月期 第３四半期決算説明資料
[17:50:05] [INGEST] doc_id=da020834f5388106 status=skipped_not_tanshin title=2026年4月期 第３四半期決算説明資料
[17:50:05] [DL] 既にダウンロード済み: data\docs\140120260313581540.pdf
[17:50:05] [抽出] SKIP_PDF_NOT_TANSHIN: title=2026年1月期 通期 決算説明資料(事業計画及び成長可能性に関する事項)
[17:50:05] [INGEST] doc_id=4334b680e79b765d status=skipped_not_tanshin title=2026年1月期 通期 決算説明資料(事業計画及び成長可能性に関する事項)
[17:50:05] [DL] 既にダウンロード済み: data\docs\140120260313581793.pdf
[17:50:07] [抽出] SKIP_PDF_NOT_TANSHIN: title=2026年４月期 第３四半期決算説明資料
[17:50:07] [INGEST] doc_id=6508deb5bc24c0cc status=skipped_not_tanshin title=2026年４月期 第３四半期決算説明資料
[17:50:07] [DL] 既にダウンロード済み: data\docs\140120260313581319.pdf
[17:50:07] [抽出] SKIP_PDF_NOT_TANSHIN: title=2026年４月期第３四半期決算説明資料
[17:50:07] [INGEST] doc_id=b99b4391f4fa9c37 status=skipped_not_tanshin title=2026年４月期第３四半期決算説明資料
[17:50:07] [DL] 既にダウンロード済み: data\docs\140120260313581723.pdf
[17:50:07] [抽出] SKIP_PDF_NOT_TANSHIN: title=2026年１月期通期決算説明会資料
[17:50:07] [INGEST] doc_id=ecc2e02fc2ccbdd5 status=skipped_not_tanshin title=2026年１月期通期決算説明会資料
[17:50:07] [DL] 既にダウンロード済み: data\docs\140120260313581308.pdf
[17:50:07] [抽出] SKIP_PDF_NOT_TANSHIN: title=2026年10月期 第１四半期決算説明資料
[17:50:07] [INGEST] doc_id=a78b4071b3b85b97 status=skipped_not_tanshin title=2026年10月期 第１四半期決算説明資料
[17:50:07] [DL] 既にダウンロード済み: data\docs\140120260313581315.pdf
[17:50:07] [抽出] SKIP_PDF_NOT_TANSHIN: title=2026年10月期 第１四半期決算説明資料（書き起こし）公開に関するお知らせ
[17:50:07] [INGEST] doc_id=c9e7ddeb7cbfce1f status=skipped_not_tanshin title=2026年10月期 第１四半期決算説明資料（書き起こし）公開に関するお知らせ
[17:50:07] [DL] 既にダウンロード済み: data\docs\140120260313581454.pdf
[17:50:07] [抽出] SKIP_PDF_NOT_TANSHIN: title=2026年10月期第１四半期決算説明資料
[17:50:07] [INGEST] doc_id=76f1d64eda1678a0 status=skipped_not_tanshin title=2026年10月期第１四半期決算説明資料
[17:50:07] [DL] 既にダウンロード済み: data\docs\140120260313581610.pdf
[17:50:08] [抽出] SKIP_PDF_NOT_TANSHIN: title=2026年７月期　第２四半期決算説明資料
[17:50:08] [INGEST] doc_id=8ba7cf79e9935209 status=skipped_not_tanshin title=2026年７月期　第２四半期決算説明資料
[17:50:08] [DL] 既にダウンロード済み: data\docs\140120260311579432.pdf
[17:50:08] [抽出] SKIP_PDF_NOT_TANSHIN: title=2026年10月期第１四半期 決算補足説明資料
[17:50:08] [INGEST] doc_id=e0daeec92a3e8cde status=skipped_not_tanshin title=2026年10月期第１四半期 決算補足説明資料
[17:50:08] [DL] 既にダウンロード済み: data\docs\140120260312580742.pdf
[17:50:08] [抽出] SKIP_PDF_NOT_TANSHIN: title=2026年７月期第２四半期決算説明資料
[17:50:08] [INGEST] doc_id=941a4b3b0407a6ac status=skipped_not_tanshin title=2026年７月期第２四半期決算説明資料
[17:50:08] [DL] 既にダウンロード済み: data\docs\140120260313581335.pdf
[17:50:08] [抽出] SKIP_PDF_NOT_TANSHIN: title=2026年10月期　第１四半期　決算説明資料
[17:50:08] [INGEST] doc_id=fe64e06c80691acf status=skipped_not_tanshin title=2026年10月期　第１四半期　決算説明資料
[17:50:08] [DL] 既にダウンロード済み: data\docs\140120260309578448.pdf
[17:50:08] [抽出] SKIP_PDF_NOT_TANSHIN: title=2026年10月期第1四半期決算ご説明（IR資料）
[17:50:08] [INGEST] doc_id=62b3ae94689f23c5 status=skipped_not_tanshin title=2026年10月期第1四半期決算ご説明（IR資料）
[17:50:08] [DL] 既にダウンロード済み: data\docs\140120260310578873.pdf
[17:50:08] [抽出] SKIP_PDF_NOT_TANSHIN: title=2026年10月期 第１四半期決算補足説明資料
[17:50:08] [INGEST] doc_id=9a2a3b585e7f1d13 status=skipped_not_tanshin title=2026年10月期 第１四半期決算補足説明資料
[17:50:08] [INGEST] run=ingest-c1376394 processed=31 success=0 skipped=31 error=0 (tanshin=31) SKIP_NOT_TANSHIN_TITLE=31
[17:50:08] [filings_ingest] done total=31 success=0 errors=0
[17:50:08] [pipeline_run] finished: ingest status=done elapsed=5.9s id=184 processed=31 success=0 failed=0
[2026/03/13 17:50:08.49] Finished (exit=0) 
[2026/03/13 18:00:01.35] Starting ingest 
[18:00:01] [db] config: write_key_type=service_role read_key_type=service_role
[18:00:02] [pipeline_run] started: ingest (id=185, trigger=scheduler)
[18:00:02] [filings_ingest] start dry_run=False company_code=ALL
[18:00:02] [API] yanoshin.jp APIから取得中: https://webapi.yanoshin.jp/webapi/tdnet/list/today.json
[18:00:03] [API] detected_schema=items, raw_items_count=300
[18:00:03] [API] first_item_preview: id=8955f0e0b423..., pubdate=2026-03-13 17:35:00, title=役員人事について, code=9535
[18:00:03] [API] fetched_count=300
[18:00:03] [API] fetched_count=300, filtered_count=129, forecast_revision_count=30, financial_statement_count=99
[18:00:03] [API] new_count=61 already_processed=68 already_processed_financial_statement=68 new_financial_statement=31
[18:00:03] [API] already_processed_tickers=3421,359A,4431,5598,3161,9254,172A,186A,3441,3524,3931,4378,5079,7050,7674,7850,9262,9425,218A,3444
[18:00:03] [INGEST] run=ingest-7245d94c new_items=61 target_statements=31 non_target=30 (forecast_revision=30, other=0)
[18:00:03] [DL] 既にダウンロード済み: data\docs\140120260313581949.pdf
[18:00:03] [抽出] SKIP_PDF_NOT_TANSHIN: title=（追加）「2026年10月期　第１四半期　決算説明資料」の一部追加について
[18:00:03] [INGEST] doc_id=c1d69b788cc8900f status=skipped_not_tanshin title=（追加）「2026年10月期　第１四半期　決算説明資料」の一部追加について
[18:00:03] [DL] 既にダウンロード済み: data\docs\140120260313581538.pdf
[18:00:03] [抽出] SKIP_PDF_NOT_TANSHIN: title=2026年7月期 第2四半期 決算説明資料
[18:00:03] [INGEST] doc_id=6da97293e362a01f status=skipped_not_tanshin title=2026年7月期 第2四半期 決算説明資料
[18:00:03] [DL] 既にダウンロード済み: data\docs\140120260313581862.pdf
[18:00:03] [抽出] SKIP_PDF_NOT_TANSHIN: title=2026年4月期第3四半期決算説明資料
[18:00:03] [INGEST] doc_id=487d3393278a1da2 status=skipped_not_tanshin title=2026年4月期第3四半期決算説明資料
[18:00:03] [DL] 既にダウンロード済み: data\docs\140120260312580598.pdf
[18:00:03] [抽出] SKIP_PDF_NOT_TANSHIN: title=2026年9月期 第1四半期決算にかかる機関投資家等との対話について
[18:00:03] [INGEST] doc_id=6c6b0eae45d97a2c status=skipped_not_tanshin title=2026年9月期 第1四半期決算にかかる機関投資家等との対話について
[18:00:03] [DL] 既にダウンロード済み: data\docs\140120260313581824.pdf
[18:00:03] [抽出] SKIP_PDF_NOT_TANSHIN: title=2026年3月期第１四半期 決算説明資料
[18:00:03] [INGEST] doc_id=c038d23197af192f status=skipped_not_tanshin title=2026年3月期第１四半期 決算説明資料
[18:00:03] [DL] 既にダウンロード済み: data\docs\140120260313581682.pdf
[18:00:03] [抽出] SKIP_PDF_NOT_TANSHIN: title=2026年4月期第3四半期 決算説明資料
[18:00:03] [INGEST] doc_id=ece0026e15e66168 status=skipped_not_tanshin title=2026年4月期第3四半期 決算説明資料
[18:00:03] [DL] 既にダウンロード済み: data\docs\140120260312580915.pdf
[18:00:03] [抽出] SKIP_PDF_NOT_TANSHIN: title=2026年10月期第１四半期 決算説明資料
[18:00:03] [INGEST] doc_id=4ccbe79cd9b3d282 status=skipped_not_tanshin title=2026年10月期第１四半期 決算説明資料
[18:00:03] [DL] 既にダウンロード済み: data\docs\140120260313581864.pdf
[18:00:03] [抽出] SKIP_PDF_NOT_TANSHIN: title=2026年4月期第３四半期決算説明補足資料
[18:00:03] [INGEST] doc_id=05e1335e1aecce0d status=skipped_not_tanshin title=2026年4月期第３四半期決算説明補足資料
[18:00:03] [DL] 既にダウンロード済み: data\docs\140120260313581236.pdf
[18:00:03] [抽出] SKIP_PDF_NOT_TANSHIN: title=2026年１月期通期　決算説明資料
[18:00:03] [INGEST] doc_id=3a2488b580f82825 status=skipped_not_tanshin title=2026年１月期通期　決算説明資料
[18:00:03] [DL] 既にダウンロード済み: data\docs\140120260313581648.pdf
[18:00:03] [抽出] SKIP_PDF_NOT_TANSHIN: title=2026年7月期 第2四半期決算説明資料
[18:00:03] [INGEST] doc_id=f97aff7509c5c532 status=skipped_not_tanshin title=2026年7月期 第2四半期決算説明資料
[18:00:03] [DL] 既にダウンロード済み: data\docs\140120260312580923.pdf
[18:00:03] [抽出] SKIP_PDF_NOT_TANSHIN: title=売れるネット広告社グループ（9235）2026年７月期第2四半期決算説明資料
[18:00:03] [INGEST] doc_id=0b376bb3f7a7e79e status=skipped_not_tanshin title=売れるネット広告社グループ（9235）2026年７月期第2四半期決算説明資料
[18:00:03] [DL] 既にダウンロード済み: data\docs\140120260313581070.pdf
[18:00:03] [抽出] SKIP_PDF_NOT_TANSHIN: title=2026年10月期　第１四半期決算説明資料
[18:00:03] [INGEST] doc_id=3f144949896df324 status=skipped_not_tanshin title=2026年10月期　第１四半期決算説明資料
[18:00:03] [DL] 既にダウンロード済み: data\docs\140120260310579038.pdf
[18:00:03] [抽出] SKIP_PDF_NOT_TANSHIN: title=2026年７月期　第２四半期決算補足説明資料
[18:00:03] [INGEST] doc_id=2435c857359954ea status=skipped_not_tanshin title=2026年７月期　第２四半期決算補足説明資料
[18:00:03] [DL] 既にダウンロード済み: data\docs\140120260312580260.pdf
[18:00:03] [抽出] SKIP_PDF_NOT_TANSHIN: title=2026年10月期 第１四半期 決算説明資料
[18:00:03] [INGEST] doc_id=61115f05deb10312 status=skipped_not_tanshin title=2026年10月期 第１四半期 決算説明資料
[18:00:03] [DL] 既にダウンロード済み: data\docs\140120260313581418.pdf
[18:00:03] [抽出] SKIP_PDF_NOT_TANSHIN: title=2026年４月期　第３四半期決算説明資料
[18:00:03] [INGEST] doc_id=638b8c0a8c1ee3f8 status=skipped_not_tanshin title=2026年４月期　第３四半期決算説明資料
[18:00:03] [DL] 既にダウンロード済み: data\docs\140120260313581627.pdf
[18:00:04] [抽出] SKIP_PDF_NOT_TANSHIN: title=2026年４月期　第３四半期決算説明資料
[18:00:04] [INGEST] doc_id=8598ccc3ad37c7f4 status=skipped_not_tanshin title=2026年４月期　第３四半期決算説明資料
[18:00:04] [DL] 既にダウンロード済み: data\docs\140120260313581801.pdf
[18:00:04] [抽出] SKIP_PDF_NOT_TANSHIN: title=2026年10月期 第1四半期決算補足説明資料
[18:00:04] [INGEST] doc_id=293914e1d95d3f2e status=skipped_not_tanshin title=2026年10月期 第1四半期決算補足説明資料
[18:00:04] [DL] 既にダウンロード済み: data\docs\140120260312580829.pdf
[18:00:04] [抽出] SKIP_PDF_NOT_TANSHIN: title=2026年4月期 第３四半期決算説明資料
[18:00:04] [INGEST] doc_id=da020834f5388106 status=skipped_not_tanshin title=2026年4月期 第３四半期決算説明資料
[18:00:04] [DL] 既にダウンロード済み: data\docs\140120260313581540.pdf
[18:00:04] [抽出] SKIP_PDF_NOT_TANSHIN: title=2026年1月期 通期 決算説明資料(事業計画及び成長可能性に関する事項)
[18:00:04] [INGEST] doc_id=4334b680e79b765d status=skipped_not_tanshin title=2026年1月期 通期 決算説明資料(事業計画及び成長可能性に関する事項)
[18:00:04] [DL] 既にダウンロード済み: data\docs\140120260313581793.pdf
[18:00:06] [抽出] SKIP_PDF_NOT_TANSHIN: title=2026年４月期 第３四半期決算説明資料
[18:00:06] [INGEST] doc_id=6508deb5bc24c0cc status=skipped_not_tanshin title=2026年４月期 第３四半期決算説明資料
[18:00:06] [DL] 既にダウンロード済み: data\docs\140120260313581319.pdf
[18:00:06] [抽出] SKIP_PDF_NOT_TANSHIN: title=2026年４月期第３四半期決算説明資料
[18:00:06] [INGEST] doc_id=b99b4391f4fa9c37 status=skipped_not_tanshin title=2026年４月期第３四半期決算説明資料
[18:00:06] [DL] 既にダウンロード済み: data\docs\140120260313581723.pdf
[18:00:06] [抽出] SKIP_PDF_NOT_TANSHIN: title=2026年１月期通期決算説明会資料
[18:00:06] [INGEST] doc_id=ecc2e02fc2ccbdd5 status=skipped_not_tanshin title=2026年１月期通期決算説明会資料
[18:00:06] [DL] 既にダウンロード済み: data\docs\140120260313581308.pdf
[18:00:06] [抽出] SKIP_PDF_NOT_TANSHIN: title=2026年10月期 第１四半期決算説明資料
[18:00:06] [INGEST] doc_id=a78b4071b3b85b97 status=skipped_not_tanshin title=2026年10月期 第１四半期決算説明資料
[18:00:06] [DL] 既にダウンロード済み: data\docs\140120260313581315.pdf
[18:00:06] [抽出] SKIP_PDF_NOT_TANSHIN: title=2026年10月期 第１四半期決算説明資料（書き起こし）公開に関するお知らせ
[18:00:06] [INGEST] doc_id=c9e7ddeb7cbfce1f status=skipped_not_tanshin title=2026年10月期 第１四半期決算説明資料（書き起こし）公開に関するお知らせ
[18:00:06] [DL] 既にダウンロード済み: data\docs\140120260313581454.pdf
[18:00:06] [抽出] SKIP_PDF_NOT_TANSHIN: title=2026年10月期第１四半期決算説明資料
[18:00:06] [INGEST] doc_id=76f1d64eda1678a0 status=skipped_not_tanshin title=2026年10月期第１四半期決算説明資料
[18:00:06] [DL] 既にダウンロード済み: data\docs\140120260313581610.pdf
[18:00:07] [抽出] SKIP_PDF_NOT_TANSHIN: title=2026年７月期　第２四半期決算説明資料
[18:00:07] [INGEST] doc_id=8ba7cf79e9935209 status=skipped_not_tanshin title=2026年７月期　第２四半期決算説明資料
[18:00:07] [DL] 既にダウンロード済み: data\docs\140120260311579432.pdf
[18:00:07] [抽出] SKIP_PDF_NOT_TANSHIN: title=2026年10月期第１四半期 決算補足説明資料
[18:00:07] [INGEST] doc_id=e0daeec92a3e8cde status=skipped_not_tanshin title=2026年10月期第１四半期 決算補足説明資料
[18:00:07] [DL] 既にダウンロード済み: data\docs\140120260312580742.pdf
[18:00:07] [抽出] SKIP_PDF_NOT_TANSHIN: title=2026年７月期第２四半期決算説明資料
[18:00:07] [INGEST] doc_id=941a4b3b0407a6ac status=skipped_not_tanshin title=2026年７月期第２四半期決算説明資料
[18:00:07] [DL] 既にダウンロード済み: data\docs\140120260313581335.pdf
[18:00:07] [抽出] SKIP_PDF_NOT_TANSHIN: title=2026年10月期　第１四半期　決算説明資料
[18:00:07] [INGEST] doc_id=fe64e06c80691acf status=skipped_not_tanshin title=2026年10月期　第１四半期　決算説明資料
[18:00:07] [DL] 既にダウンロード済み: data\docs\140120260309578448.pdf
[18:00:07] [抽出] SKIP_PDF_NOT_TANSHIN: title=2026年10月期第1四半期決算ご説明（IR資料）
[18:00:07] [INGEST] doc_id=62b3ae94689f23c5 status=skipped_not_tanshin title=2026年10月期第1四半期決算ご説明（IR資料）
[18:00:07] [DL] 既にダウンロード済み: data\docs\140120260310578873.pdf
[18:00:07] [抽出] SKIP_PDF_NOT_TANSHIN: title=2026年10月期 第１四半期決算補足説明資料
[18:00:07] [INGEST] doc_id=9a2a3b585e7f1d13 status=skipped_not_tanshin title=2026年10月期 第１四半期決算補足説明資料
[18:00:07] [INGEST] run=ingest-7245d94c processed=31 success=0 skipped=31 error=0 (tanshin=31) SKIP_NOT_TANSHIN_TITLE=31
[18:00:07] [filings_ingest] done total=31 success=0 errors=0
[18:00:07] [pipeline_run] finished: ingest status=done elapsed=5.0s id=185 processed=31 success=0 failed=0
[2026/03/13 18:00:07.48] Finished (exit=0) 
[2026/03/13 18:10:01.35] Starting ingest 
[18:10:01] [db] config: write_key_type=service_role read_key_type=service_role
[18:10:02] [pipeline_run] started: ingest (id=186, trigger=scheduler)
[18:10:02] [filings_ingest] start dry_run=False company_code=ALL
[18:10:02] [API] yanoshin.jp APIから取得中: https://webapi.yanoshin.jp/webapi/tdnet/list/today.json
[18:10:03] [API] detected_schema=items, raw_items_count=300
[18:10:03] [API] first_item_preview: id=8955f0e0b423..., pubdate=2026-03-13 17:35:00, title=役員人事について, code=9535
[18:10:03] [API] fetched_count=300
[18:10:03] [API] fetched_count=300, filtered_count=129, forecast_revision_count=30, financial_statement_count=99
[18:10:03] [API] new_count=61 already_processed=68 already_processed_financial_statement=68 new_financial_statement=31
[18:10:03] [API] already_processed_tickers=3421,359A,4431,5598,3161,9254,172A,186A,3441,3524,3931,4378,5079,7050,7674,7850,9262,9425,218A,3444
[18:10:03] [INGEST] run=ingest-92f27eb2 new_items=61 target_statements=31 non_target=30 (forecast_revision=30, other=0)
[18:10:03] [DL] 既にダウンロード済み: data\docs\140120260313581949.pdf
[18:10:03] [抽出] SKIP_PDF_NOT_TANSHIN: title=（追加）「2026年10月期　第１四半期　決算説明資料」の一部追加について
[18:10:03] [INGEST] doc_id=c1d69b788cc8900f status=skipped_not_tanshin title=（追加）「2026年10月期　第１四半期　決算説明資料」の一部追加について
[18:10:03] [DL] 既にダウンロード済み: data\docs\140120260313581538.pdf
[18:10:03] [抽出] SKIP_PDF_NOT_TANSHIN: title=2026年7月期 第2四半期 決算説明資料
[18:10:03] [INGEST] doc_id=6da97293e362a01f status=skipped_not_tanshin title=2026年7月期 第2四半期 決算説明資料
[18:10:03] [DL] 既にダウンロード済み: data\docs\140120260313581862.pdf
[18:10:03] [抽出] SKIP_PDF_NOT_TANSHIN: title=2026年4月期第3四半期決算説明資料
[18:10:03] [INGEST] doc_id=487d3393278a1da2 status=skipped_not_tanshin title=2026年4月期第3四半期決算説明資料
[18:10:03] [DL] 既にダウンロード済み: data\docs\140120260312580598.pdf
[18:10:03] [抽出] SKIP_PDF_NOT_TANSHIN: title=2026年9月期 第1四半期決算にかかる機関投資家等との対話について
[18:10:03] [INGEST] doc_id=6c6b0eae45d97a2c status=skipped_not_tanshin title=2026年9月期 第1四半期決算にかかる機関投資家等との対話について
[18:10:03] [DL] 既にダウンロード済み: data\docs\140120260313581824.pdf
[18:10:03] [抽出] SKIP_PDF_NOT_TANSHIN: title=2026年3月期第１四半期 決算説明資料
[18:10:03] [INGEST] doc_id=c038d23197af192f status=skipped_not_tanshin title=2026年3月期第１四半期 決算説明資料
[18:10:03] [DL] 既にダウンロード済み: data\docs\140120260313581682.pdf
[18:10:03] [抽出] SKIP_PDF_NOT_TANSHIN: title=2026年4月期第3四半期 決算説明資料
[18:10:03] [INGEST] doc_id=ece0026e15e66168 status=skipped_not_tanshin title=2026年4月期第3四半期 決算説明資料
[18:10:03] [DL] 既にダウンロード済み: data\docs\140120260312580915.pdf
[18:10:03] [抽出] SKIP_PDF_NOT_TANSHIN: title=2026年10月期第１四半期 決算説明資料
[18:10:03] [INGEST] doc_id=4ccbe79cd9b3d282 status=skipped_not_tanshin title=2026年10月期第１四半期 決算説明資料
[18:10:03] [DL] 既にダウンロード済み: data\docs\140120260313581864.pdf
[18:10:03] [抽出] SKIP_PDF_NOT_TANSHIN: title=2026年4月期第３四半期決算説明補足資料
[18:10:03] [INGEST] doc_id=05e1335e1aecce0d status=skipped_not_tanshin title=2026年4月期第３四半期決算説明補足資料
[18:10:03] [DL] 既にダウンロード済み: data\docs\140120260313581236.pdf
[18:10:03] [抽出] SKIP_PDF_NOT_TANSHIN: title=2026年１月期通期　決算説明資料
[18:10:03] [INGEST] doc_id=3a2488b580f82825 status=skipped_not_tanshin title=2026年１月期通期　決算説明資料
[18:10:03] [DL] 既にダウンロード済み: data\docs\140120260313581648.pdf
[18:10:03] [抽出] SKIP_PDF_NOT_TANSHIN: title=2026年7月期 第2四半期決算説明資料
[18:10:03] [INGEST] doc_id=f97aff7509c5c532 status=skipped_not_tanshin title=2026年7月期 第2四半期決算説明資料
[18:10:03] [DL] 既にダウンロード済み: data\docs\140120260312580923.pdf
[18:10:03] [抽出] SKIP_PDF_NOT_TANSHIN: title=売れるネット広告社グループ（9235）2026年７月期第2四半期決算説明資料
[18:10:03] [INGEST] doc_id=0b376bb3f7a7e79e status=skipped_not_tanshin title=売れるネット広告社グループ（9235）2026年７月期第2四半期決算説明資料
[18:10:03] [DL] 既にダウンロード済み: data\docs\140120260313581070.pdf
[18:10:04] [抽出] SKIP_PDF_NOT_TANSHIN: title=2026年10月期　第１四半期決算説明資料
[18:10:04] [INGEST] doc_id=3f144949896df324 status=skipped_not_tanshin title=2026年10月期　第１四半期決算説明資料
[18:10:04] [DL] 既にダウンロード済み: data\docs\140120260310579038.pdf
[18:10:04] [抽出] SKIP_PDF_NOT_TANSHIN: title=2026年７月期　第２四半期決算補足説明資料
[18:10:04] [INGEST] doc_id=2435c857359954ea status=skipped_not_tanshin title=2026年７月期　第２四半期決算補足説明資料
[18:10:04] [DL] 既にダウンロード済み: data\docs\140120260312580260.pdf
[18:10:04] [抽出] SKIP_PDF_NOT_TANSHIN: title=2026年10月期 第１四半期 決算説明資料
[18:10:04] [INGEST] doc_id=61115f05deb10312 status=skipped_not_tanshin title=2026年10月期 第１四半期 決算説明資料
[18:10:04] [DL] 既にダウンロード済み: data\docs\140120260313581418.pdf
[18:10:04] [抽出] SKIP_PDF_NOT_TANSHIN: title=2026年４月期　第３四半期決算説明資料
[18:10:04] [INGEST] doc_id=638b8c0a8c1ee3f8 status=skipped_not_tanshin title=2026年４月期　第３四半期決算説明資料
[18:10:04] [DL] 既にダウンロード済み: data\docs\140120260313581627.pdf
[18:10:04] [抽出] SKIP_PDF_NOT_TANSHIN: title=2026年４月期　第３四半期決算説明資料
[18:10:04] [INGEST] doc_id=8598ccc3ad37c7f4 status=skipped_not_tanshin title=2026年４月期　第３四半期決算説明資料
[18:10:04] [DL] 既にダウンロード済み: data\docs\140120260313581801.pdf
[18:10:04] [抽出] SKIP_PDF_NOT_TANSHIN: title=2026年10月期 第1四半期決算補足説明資料
[18:10:04] [INGEST] doc_id=293914e1d95d3f2e status=skipped_not_tanshin title=2026年10月期 第1四半期決算補足説明資料
[18:10:04] [DL] 既にダウンロード済み: data\docs\140120260312580829.pdf
[18:10:04] [抽出] SKIP_PDF_NOT_TANSHIN: title=2026年4月期 第３四半期決算説明資料
[18:10:04] [INGEST] doc_id=da020834f5388106 status=skipped_not_tanshin title=2026年4月期 第３四半期決算説明資料
[18:10:04] [DL] 既にダウンロード済み: data\docs\140120260313581540.pdf
[18:10:04] [抽出] SKIP_PDF_NOT_TANSHIN: title=2026年1月期 通期 決算説明資料(事業計画及び成長可能性に関する事項)
[18:10:04] [INGEST] doc_id=4334b680e79b765d status=skipped_not_tanshin title=2026年1月期 通期 決算説明資料(事業計画及び成長可能性に関する事項)
[18:10:04] [DL] 既にダウンロード済み: data\docs\140120260313581793.pdf
[18:10:06] [抽出] SKIP_PDF_NOT_TANSHIN: title=2026年４月期 第３四半期決算説明資料
[18:10:06] [INGEST] doc_id=6508deb5bc24c0cc status=skipped_not_tanshin title=2026年４月期 第３四半期決算説明資料
[18:10:06] [DL] 既にダウンロード済み: data\docs\140120260313581319.pdf
[18:10:06] [抽出] SKIP_PDF_NOT_TANSHIN: title=2026年４月期第３四半期決算説明資料
[18:10:06] [INGEST] doc_id=b99b4391f4fa9c37 status=skipped_not_tanshin title=2026年４月期第３四半期決算説明資料
[18:10:06] [DL] 既にダウンロード済み: data\docs\140120260313581723.pdf
[18:10:06] [抽出] SKIP_PDF_NOT_TANSHIN: title=2026年１月期通期決算説明会資料
[18:10:06] [INGEST] doc_id=ecc2e02fc2ccbdd5 status=skipped_not_tanshin title=2026年１月期通期決算説明会資料
[18:10:06] [DL] 既にダウンロード済み: data\docs\140120260313581308.pdf
[18:10:06] [抽出] SKIP_PDF_NOT_TANSHIN: title=2026年10月期 第１四半期決算説明資料
[18:10:06] [INGEST] doc_id=a78b4071b3b85b97 status=skipped_not_tanshin title=2026年10月期 第１四半期決算説明資料
[18:10:06] [DL] 既にダウンロード済み: data\docs\140120260313581315.pdf
[18:10:06] [抽出] SKIP_PDF_NOT_TANSHIN: title=2026年10月期 第１四半期決算説明資料（書き起こし）公開に関するお知らせ
[18:10:06] [INGEST] doc_id=c9e7ddeb7cbfce1f status=skipped_not_tanshin title=2026年10月期 第１四半期決算説明資料（書き起こし）公開に関するお知らせ
[18:10:06] [DL] 既にダウンロード済み: data\docs\140120260313581454.pdf
[18:10:06] [抽出] SKIP_PDF_NOT_TANSHIN: title=2026年10月期第１四半期決算説明資料
[18:10:06] [INGEST] doc_id=76f1d64eda1678a0 status=skipped_not_tanshin title=2026年10月期第１四半期決算説明資料
[18:10:06] [DL] 既にダウンロード済み: data\docs\140120260313581610.pdf
[18:10:07] [抽出] SKIP_PDF_NOT_TANSHIN: title=2026年７月期　第２四半期決算説明資料
[18:10:07] [INGEST] doc_id=8ba7cf79e9935209 status=skipped_not_tanshin title=2026年７月期　第２四半期決算説明資料
[18:10:07] [DL] 既にダウンロード済み: data\docs\140120260311579432.pdf
[18:10:07] [抽出] SKIP_PDF_NOT_TANSHIN: title=2026年10月期第１四半期 決算補足説明資料
[18:10:07] [INGEST] doc_id=e0daeec92a3e8cde status=skipped_not_tanshin title=2026年10月期第１四半期 決算補足説明資料
[18:10:07] [DL] 既にダウンロード済み: data\docs\140120260312580742.pdf
[18:10:07] [抽出] SKIP_PDF_NOT_TANSHIN: title=2026年７月期第２四半期決算説明資料
[18:10:07] [INGEST] doc_id=941a4b3b0407a6ac status=skipped_not_tanshin title=2026年７月期第２四半期決算説明資料
[18:10:07] [DL] 既にダウンロード済み: data\docs\140120260313581335.pdf
[18:10:07] [抽出] SKIP_PDF_NOT_TANSHIN: title=2026年10月期　第１四半期　決算説明資料
[18:10:07] [INGEST] doc_id=fe64e06c80691acf status=skipped_not_tanshin title=2026年10月期　第１四半期　決算説明資料
[18:10:07] [DL] 既にダウンロード済み: data\docs\140120260309578448.pdf
[18:10:07] [抽出] SKIP_PDF_NOT_TANSHIN: title=2026年10月期第1四半期決算ご説明（IR資料）
[18:10:07] [INGEST] doc_id=62b3ae94689f23c5 status=skipped_not_tanshin title=2026年10月期第1四半期決算ご説明（IR資料）
[18:10:07] [DL] 既にダウンロード済み: data\docs\140120260310578873.pdf
[18:10:07] [抽出] SKIP_PDF_NOT_TANSHIN: title=2026年10月期 第１四半期決算補足説明資料
[18:10:07] [INGEST] doc_id=9a2a3b585e7f1d13 status=skipped_not_tanshin title=2026年10月期 第１四半期決算補足説明資料
[18:10:07] [INGEST] run=ingest-92f27eb2 processed=31 success=0 skipped=31 error=0 (tanshin=31) SKIP_NOT_TANSHIN_TITLE=31
[18:10:07] [filings_ingest] done total=31 success=0 errors=0
[18:10:07] [pipeline_run] finished: ingest status=done elapsed=5.0s id=186 processed=31 success=0 failed=0
[2026/03/13 18:10:07.66] Finished (exit=0) 
[2026/03/13 18:20:01.35] Starting ingest 
[18:20:01] [db] config: write_key_type=service_role read_key_type=service_role
[18:20:02] [pipeline_run] started: ingest (id=187, trigger=scheduler)
[18:20:02] [filings_ingest] start dry_run=False company_code=ALL
[18:20:02] [API] yanoshin.jp APIから取得中: https://webapi.yanoshin.jp/webapi/tdnet/list/today.json
[18:20:03] [API] detected_schema=items, raw_items_count=300
[18:20:03] [API] first_item_preview: id=8955f0e0b423..., pubdate=2026-03-13 17:35:00, title=役員人事について, code=9535
[18:20:03] [API] fetched_count=300
[18:20:03] [API] fetched_count=300, filtered_count=129, forecast_revision_count=30, financial_statement_count=99
[18:20:03] [API] new_count=61 already_processed=68 already_processed_financial_statement=68 new_financial_statement=31
[18:20:03] [API] already_processed_tickers=3421,359A,4431,5598,3161,9254,172A,186A,3441,3524,3931,4378,5079,7050,7674,7850,9262,9425,218A,3444
[18:20:03] [INGEST] run=ingest-c92ffd84 new_items=61 target_statements=31 non_target=30 (forecast_revision=30, other=0)
[18:20:03] [DL] 既にダウンロード済み: data\docs\140120260313581949.pdf
[18:20:03] [抽出] SKIP_PDF_NOT_TANSHIN: title=（追加）「2026年10月期　第１四半期　決算説明資料」の一部追加について
[18:20:03] [INGEST] doc_id=c1d69b788cc8900f status=skipped_not_tanshin title=（追加）「2026年10月期　第１四半期　決算説明資料」の一部追加について
[18:20:03] [DL] 既にダウンロード済み: data\docs\140120260313581538.pdf
[18:20:03] [抽出] SKIP_PDF_NOT_TANSHIN: title=2026年7月期 第2四半期 決算説明資料
[18:20:03] [INGEST] doc_id=6da97293e362a01f status=skipped_not_tanshin title=2026年7月期 第2四半期 決算説明資料
[18:20:03] [DL] 既にダウンロード済み: data\docs\140120260313581862.pdf
[18:20:03] [抽出] SKIP_PDF_NOT_TANSHIN: title=2026年4月期第3四半期決算説明資料
[18:20:03] [INGEST] doc_id=487d3393278a1da2 status=skipped_not_tanshin title=2026年4月期第3四半期決算説明資料
[18:20:03] [DL] 既にダウンロード済み: data\docs\140120260312580598.pdf
[18:20:03] [抽出] SKIP_PDF_NOT_TANSHIN: title=2026年9月期 第1四半期決算にかかる機関投資家等との対話について
[18:20:03] [INGEST] doc_id=6c6b0eae45d97a2c status=skipped_not_tanshin title=2026年9月期 第1四半期決算にかかる機関投資家等との対話について
[18:20:03] [DL] 既にダウンロード済み: data\docs\140120260313581824.pdf
[18:20:03] [抽出] SKIP_PDF_NOT_TANSHIN: title=2026年3月期第１四半期 決算説明資料
[18:20:03] [INGEST] doc_id=c038d23197af192f status=skipped_not_tanshin title=2026年3月期第１四半期 決算説明資料
[18:20:03] [DL] 既にダウンロード済み: data\docs\140120260313581682.pdf
[18:20:03] [抽出] SKIP_PDF_NOT_TANSHIN: title=2026年4月期第3四半期 決算説明資料
[18:20:03] [INGEST] doc_id=ece0026e15e66168 status=skipped_not_tanshin title=2026年4月期第3四半期 決算説明資料
[18:20:03] [DL] 既にダウンロード済み: data\docs\140120260312580915.pdf
[18:20:03] [抽出] SKIP_PDF_NOT_TANSHIN: title=2026年10月期第１四半期 決算説明資料
[18:20:03] [INGEST] doc_id=4ccbe79cd9b3d282 status=skipped_not_tanshin title=2026年10月期第１四半期 決算説明資料
[18:20:03] [DL] 既にダウンロード済み: data\docs\140120260313581864.pdf
[18:20:03] [抽出] SKIP_PDF_NOT_TANSHIN: title=2026年4月期第３四半期決算説明補足資料
[18:20:03] [INGEST] doc_id=05e1335e1aecce0d status=skipped_not_tanshin title=2026年4月期第３四半期決算説明補足資料
[18:20:03] [DL] 既にダウンロード済み: data\docs\140120260313581236.pdf
[18:20:03] [抽出] SKIP_PDF_NOT_TANSHIN: title=2026年１月期通期　決算説明資料
[18:20:03] [INGEST] doc_id=3a2488b580f82825 status=skipped_not_tanshin title=2026年１月期通期　決算説明資料
[18:20:03] [DL] 既にダウンロード済み: data\docs\140120260313581648.pdf
[18:20:03] [抽出] SKIP_PDF_NOT_TANSHIN: title=2026年7月期 第2四半期決算説明資料
[18:20:03] [INGEST] doc_id=f97aff7509c5c532 status=skipped_not_tanshin title=2026年7月期 第2四半期決算説明資料
[18:20:03] [DL] 既にダウンロード済み: data\docs\140120260312580923.pdf
[18:20:03] [抽出] SKIP_PDF_NOT_TANSHIN: title=売れるネット広告社グループ（9235）2026年７月期第2四半期決算説明資料
[18:20:03] [INGEST] doc_id=0b376bb3f7a7e79e status=skipped_not_tanshin title=売れるネット広告社グループ（9235）2026年７月期第2四半期決算説明資料
[18:20:03] [DL] 既にダウンロード済み: data\docs\140120260313581070.pdf
[18:20:04] [抽出] SKIP_PDF_NOT_TANSHIN: title=2026年10月期　第１四半期決算説明資料
[18:20:04] [INGEST] doc_id=3f144949896df324 status=skipped_not_tanshin title=2026年10月期　第１四半期決算説明資料
[18:20:04] [DL] 既にダウンロード済み: data\docs\140120260310579038.pdf
[18:20:04] [抽出] SKIP_PDF_NOT_TANSHIN: title=2026年７月期　第２四半期決算補足説明資料
[18:20:04] [INGEST] doc_id=2435c857359954ea status=skipped_not_tanshin title=2026年７月期　第２四半期決算補足説明資料
[18:20:04] [DL] 既にダウンロード済み: data\docs\140120260312580260.pdf
[18:20:04] [抽出] SKIP_PDF_NOT_TANSHIN: title=2026年10月期 第１四半期 決算説明資料
[18:20:04] [INGEST] doc_id=61115f05deb10312 status=skipped_not_tanshin title=2026年10月期 第１四半期 決算説明資料
[18:20:04] [DL] 既にダウンロード済み: data\docs\140120260313581418.pdf
[18:20:04] [抽出] SKIP_PDF_NOT_TANSHIN: title=2026年４月期　第３四半期決算説明資料
[18:20:04] [INGEST] doc_id=638b8c0a8c1ee3f8 status=skipped_not_tanshin title=2026年４月期　第３四半期決算説明資料
[18:20:04] [DL] 既にダウンロード済み: data\docs\140120260313581627.pdf
[18:20:04] [抽出] SKIP_PDF_NOT_TANSHIN: title=2026年４月期　第３四半期決算説明資料
[18:20:04] [INGEST] doc_id=8598ccc3ad37c7f4 status=skipped_not_tanshin title=2026年４月期　第３四半期決算説明資料
[18:20:04] [DL] 既にダウンロード済み: data\docs\140120260313581801.pdf
[18:20:04] [抽出] SKIP_PDF_NOT_TANSHIN: title=2026年10月期 第1四半期決算補足説明資料
[18:20:04] [INGEST] doc_id=293914e1d95d3f2e status=skipped_not_tanshin title=2026年10月期 第1四半期決算補足説明資料
[18:20:04] [DL] 既にダウンロード済み: data\docs\140120260312580829.pdf
[18:20:04] [抽出] SKIP_PDF_NOT_TANSHIN: title=2026年4月期 第３四半期決算説明資料
[18:20:04] [INGEST] doc_id=da020834f5388106 status=skipped_not_tanshin title=2026年4月期 第３四半期決算説明資料
[18:20:04] [DL] 既にダウンロード済み: data\docs\140120260313581540.pdf
[18:20:04] [抽出] SKIP_PDF_NOT_TANSHIN: title=2026年1月期 通期 決算説明資料(事業計画及び成長可能性に関する事項)
[18:20:04] [INGEST] doc_id=4334b680e79b765d status=skipped_not_tanshin title=2026年1月期 通期 決算説明資料(事業計画及び成長可能性に関する事項)
[18:20:04] [DL] 既にダウンロード済み: data\docs\140120260313581793.pdf
[18:20:06] [抽出] SKIP_PDF_NOT_TANSHIN: title=2026年４月期 第３四半期決算説明資料
[18:20:06] [INGEST] doc_id=6508deb5bc24c0cc status=skipped_not_tanshin title=2026年４月期 第３四半期決算説明資料
[18:20:06] [DL] 既にダウンロード済み: data\docs\140120260313581319.pdf
[18:20:06] [抽出] SKIP_PDF_NOT_TANSHIN: title=2026年４月期第３四半期決算説明資料
[18:20:06] [INGEST] doc_id=b99b4391f4fa9c37 status=skipped_not_tanshin title=2026年４月期第３四半期決算説明資料
[18:20:06] [DL] 既にダウンロード済み: data\docs\140120260313581723.pdf
[18:20:06] [抽出] SKIP_PDF_NOT_TANSHIN: title=2026年１月期通期決算説明会資料
[18:20:06] [INGEST] doc_id=ecc2e02fc2ccbdd5 status=skipped_not_tanshin title=2026年１月期通期決算説明会資料
[18:20:06] [DL] 既にダウンロード済み: data\docs\140120260313581308.pdf
[18:20:06] [抽出] SKIP_PDF_NOT_TANSHIN: title=2026年10月期 第１四半期決算説明資料
[18:20:06] [INGEST] doc_id=a78b4071b3b85b97 status=skipped_not_tanshin title=2026年10月期 第１四半期決算説明資料
[18:20:06] [DL] 既にダウンロード済み: data\docs\140120260313581315.pdf
[18:20:06] [抽出] SKIP_PDF_NOT_TANSHIN: title=2026年10月期 第１四半期決算説明資料（書き起こし）公開に関するお知らせ
[18:20:06] [INGEST] doc_id=c9e7ddeb7cbfce1f status=skipped_not_tanshin title=2026年10月期 第１四半期決算説明資料（書き起こし）公開に関するお知らせ
[18:20:06] [DL] 既にダウンロード済み: data\docs\140120260313581454.pdf
[18:20:06] [抽出] SKIP_PDF_NOT_TANSHIN: title=2026年10月期第１四半期決算説明資料
[18:20:06] [INGEST] doc_id=76f1d64eda1678a0 status=skipped_not_tanshin title=2026年10月期第１四半期決算説明資料
[18:20:06] [DL] 既にダウンロード済み: data\docs\140120260313581610.pdf
[18:20:07] [抽出] SKIP_PDF_NOT_TANSHIN: title=2026年７月期　第２四半期決算説明資料
[18:20:07] [INGEST] doc_id=8ba7cf79e9935209 status=skipped_not_tanshin title=2026年７月期　第２四半期決算説明資料
[18:20:07] [DL] 既にダウンロード済み: data\docs\140120260311579432.pdf
[18:20:07] [抽出] SKIP_PDF_NOT_TANSHIN: title=2026年10月期第１四半期 決算補足説明資料
[18:20:07] [INGEST] doc_id=e0daeec92a3e8cde status=skipped_not_tanshin title=2026年10月期第１四半期 決算補足説明資料
[18:20:07] [DL] 既にダウンロード済み: data\docs\140120260312580742.pdf
[18:20:07] [抽出] SKIP_PDF_NOT_TANSHIN: title=2026年７月期第２四半期決算説明資料
[18:20:07] [INGEST] doc_id=941a4b3b0407a6ac status=skipped_not_tanshin title=2026年７月期第２四半期決算説明資料
[18:20:07] [DL] 既にダウンロード済み: data\docs\140120260313581335.pdf
[18:20:07] [抽出] SKIP_PDF_NOT_TANSHIN: title=2026年10月期　第１四半期　決算説明資料
[18:20:07] [INGEST] doc_id=fe64e06c80691acf status=skipped_not_tanshin title=2026年10月期　第１四半期　決算説明資料
[18:20:07] [DL] 既にダウンロード済み: data\docs\140120260309578448.pdf
[18:20:07] [抽出] SKIP_PDF_NOT_TANSHIN: title=2026年10月期第1四半期決算ご説明（IR資料）
[18:20:07] [INGEST] doc_id=62b3ae94689f23c5 status=skipped_not_tanshin title=2026年10月期第1四半期決算ご説明（IR資料）
[18:20:07] [DL] 既にダウンロード済み: data\docs\140120260310578873.pdf
[18:20:07] [抽出] SKIP_PDF_NOT_TANSHIN: title=2026年10月期 第１四半期決算補足説明資料
[18:20:07] [INGEST] doc_id=9a2a3b585e7f1d13 status=skipped_not_tanshin title=2026年10月期 第１四半期決算補足説明資料
[18:20:07] [INGEST] run=ingest-c92ffd84 processed=31 success=0 skipped=31 error=0 (tanshin=31) SKIP_NOT_TANSHIN_TITLE=31
[18:20:07] [filings_ingest] done total=31 success=0 errors=0
[18:20:07] [pipeline_run] finished: ingest status=done elapsed=5.2s id=187 processed=31 success=0 failed=0
[2026/03/13 18:20:07.76] Finished (exit=0) 
[2026/03/13 18:30:01.56] Starting ingest 
[18:30:01] [db] config: write_key_type=service_role read_key_type=service_role
[18:30:02] [pipeline_run] started: ingest (id=188, trigger=scheduler)
[18:30:02] [filings_ingest] start dry_run=False company_code=ALL
[18:30:02] [API] yanoshin.jp APIから取得中: https://webapi.yanoshin.jp/webapi/tdnet/list/today.json
[18:30:03] [API] detected_schema=items, raw_items_count=300
[18:30:03] [API] first_item_preview: id=8cc022776314..., pubdate=2026-03-13 18:15:00, title=当社が提起していた創業家ファミリー企業問題に関する損害賠償請求訴訟の差戻審判決に, code=8358
[18:30:03] [API] fetched_count=300
[18:30:03] [API] fetched_count=300, filtered_count=129, forecast_revision_count=30, financial_statement_count=99
[18:30:03] [API] new_count=61 already_processed=68 already_processed_financial_statement=68 new_financial_statement=31
[18:30:03] [API] already_processed_tickers=3421,359A,4431,5598,3161,9254,172A,186A,3441,3524,3931,4378,5079,7050,7674,7850,9262,9425,218A,3444
[18:30:03] [INGEST] run=ingest-6d1f63c5 new_items=61 target_statements=31 non_target=30 (forecast_revision=30, other=0)
[18:30:03] [DL] 既にダウンロード済み: data\docs\140120260313581949.pdf
[18:30:03] [抽出] SKIP_PDF_NOT_TANSHIN: title=（追加）「2026年10月期　第１四半期　決算説明資料」の一部追加について
[18:30:03] [INGEST] doc_id=c1d69b788cc8900f status=skipped_not_tanshin title=（追加）「2026年10月期　第１四半期　決算説明資料」の一部追加について
[18:30:03] [DL] 既にダウンロード済み: data\docs\140120260313581538.pdf
[18:30:03] [抽出] SKIP_PDF_NOT_TANSHIN: title=2026年7月期 第2四半期 決算説明資料
[18:30:03] [INGEST] doc_id=6da97293e362a01f status=skipped_not_tanshin title=2026年7月期 第2四半期 決算説明資料
[18:30:03] [DL] 既にダウンロード済み: data\docs\140120260313581862.pdf
[18:30:03] [抽出] SKIP_PDF_NOT_TANSHIN: title=2026年4月期第3四半期決算説明資料
[18:30:03] [INGEST] doc_id=487d3393278a1da2 status=skipped_not_tanshin title=2026年4月期第3四半期決算説明資料
[18:30:03] [DL] 既にダウンロード済み: data\docs\140120260312580598.pdf
[18:30:03] [抽出] SKIP_PDF_NOT_TANSHIN: title=2026年9月期 第1四半期決算にかかる機関投資家等との対話について
[18:30:03] [INGEST] doc_id=6c6b0eae45d97a2c status=skipped_not_tanshin title=2026年9月期 第1四半期決算にかかる機関投資家等との対話について
[18:30:03] [DL] 既にダウンロード済み: data\docs\140120260313581824.pdf
[18:30:03] [抽出] SKIP_PDF_NOT_TANSHIN: title=2026年3月期第１四半期 決算説明資料
[18:30:03] [INGEST] doc_id=c038d23197af192f status=skipped_not_tanshin title=2026年3月期第１四半期 決算説明資料
[18:30:03] [DL] 既にダウンロード済み: data\docs\140120260313581682.pdf
[18:30:03] [抽出] SKIP_PDF_NOT_TANSHIN: title=2026年4月期第3四半期 決算説明資料
[18:30:03] [INGEST] doc_id=ece0026e15e66168 status=skipped_not_tanshin title=2026年4月期第3四半期 決算説明資料
[18:30:03] [DL] 既にダウンロード済み: data\docs\140120260312580915.pdf
[18:30:03] [抽出] SKIP_PDF_NOT_TANSHIN: title=2026年10月期第１四半期 決算説明資料
[18:30:03] [INGEST] doc_id=4ccbe79cd9b3d282 status=skipped_not_tanshin title=2026年10月期第１四半期 決算説明資料
[18:30:03] [DL] 既にダウンロード済み: data\docs\140120260313581864.pdf
[18:30:03] [抽出] SKIP_PDF_NOT_TANSHIN: title=2026年4月期第３四半期決算説明補足資料
[18:30:03] [INGEST] doc_id=05e1335e1aecce0d status=skipped_not_tanshin title=2026年4月期第３四半期決算説明補足資料
[18:30:03] [DL] 既にダウンロード済み: data\docs\140120260313581236.pdf
[18:30:03] [抽出] SKIP_PDF_NOT_TANSHIN: title=2026年１月期通期　決算説明資料
[18:30:03] [INGEST] doc_id=3a2488b580f82825 status=skipped_not_tanshin title=2026年１月期通期　決算説明資料
[18:30:03] [DL] 既にダウンロード済み: data\docs\140120260313581648.pdf
[18:30:03] [抽出] SKIP_PDF_NOT_TANSHIN: title=2026年7月期 第2四半期決算説明資料
[18:30:03] [INGEST] doc_id=f97aff7509c5c532 status=skipped_not_tanshin title=2026年7月期 第2四半期決算説明資料
[18:30:03] [DL] 既にダウンロード済み: data\docs\140120260312580923.pdf
[18:30:04] [抽出] SKIP_PDF_NOT_TANSHIN: title=売れるネット広告社グループ（9235）2026年７月期第2四半期決算説明資料
[18:30:04] [INGEST] doc_id=0b376bb3f7a7e79e status=skipped_not_tanshin title=売れるネット広告社グループ（9235）2026年７月期第2四半期決算説明資料
[18:30:04] [DL] 既にダウンロード済み: data\docs\140120260313581070.pdf
[18:30:04] [抽出] SKIP_PDF_NOT_TANSHIN: title=2026年10月期　第１四半期決算説明資料
[18:30:04] [INGEST] doc_id=3f144949896df324 status=skipped_not_tanshin title=2026年10月期　第１四半期決算説明資料
[18:30:04] [DL] 既にダウンロード済み: data\docs\140120260310579038.pdf
[18:30:04] [抽出] SKIP_PDF_NOT_TANSHIN: title=2026年７月期　第２四半期決算補足説明資料
[18:30:04] [INGEST] doc_id=2435c857359954ea status=skipped_not_tanshin title=2026年７月期　第２四半期決算補足説明資料
[18:30:04] [DL] 既にダウンロード済み: data\docs\140120260312580260.pdf
[18:30:04] [抽出] SKIP_PDF_NOT_TANSHIN: title=2026年10月期 第１四半期 決算説明資料
[18:30:04] [INGEST] doc_id=61115f05deb10312 status=skipped_not_tanshin title=2026年10月期 第１四半期 決算説明資料
[18:30:04] [DL] 既にダウンロード済み: data\docs\140120260313581418.pdf
[18:30:04] [抽出] SKIP_PDF_NOT_TANSHIN: title=2026年４月期　第３四半期決算説明資料
[18:30:04] [INGEST] doc_id=638b8c0a8c1ee3f8 status=skipped_not_tanshin title=2026年４月期　第３四半期決算説明資料
[18:30:04] [DL] 既にダウンロード済み: data\docs\140120260313581627.pdf
[18:30:04] [抽出] SKIP_PDF_NOT_TANSHIN: title=2026年４月期　第３四半期決算説明資料
[18:30:04] [INGEST] doc_id=8598ccc3ad37c7f4 status=skipped_not_tanshin title=2026年４月期　第３四半期決算説明資料
[18:30:04] [DL] 既にダウンロード済み: data\docs\140120260313581801.pdf
[18:30:04] [抽出] SKIP_PDF_NOT_TANSHIN: title=2026年10月期 第1四半期決算補足説明資料
[18:30:04] [INGEST] doc_id=293914e1d95d3f2e status=skipped_not_tanshin title=2026年10月期 第1四半期決算補足説明資料
[18:30:04] [DL] 既にダウンロード済み: data\docs\140120260312580829.pdf
[18:30:04] [抽出] SKIP_PDF_NOT_TANSHIN: title=2026年4月期 第３四半期決算説明資料
[18:30:04] [INGEST] doc_id=da020834f5388106 status=skipped_not_tanshin title=2026年4月期 第３四半期決算説明資料
[18:30:04] [DL] 既にダウンロード済み: data\docs\140120260313581540.pdf
[18:30:04] [抽出] SKIP_PDF_NOT_TANSHIN: title=2026年1月期 通期 決算説明資料(事業計画及び成長可能性に関する事項)
[18:30:04] [INGEST] doc_id=4334b680e79b765d status=skipped_not_tanshin title=2026年1月期 通期 決算説明資料(事業計画及び成長可能性に関する事項)
[18:30:04] [DL] 既にダウンロード済み: data\docs\140120260313581793.pdf
[18:30:06] [抽出] SKIP_PDF_NOT_TANSHIN: title=2026年４月期 第３四半期決算説明資料
[18:30:06] [INGEST] doc_id=6508deb5bc24c0cc status=skipped_not_tanshin title=2026年４月期 第３四半期決算説明資料
[18:30:06] [DL] 既にダウンロード済み: data\docs\140120260313581319.pdf
[18:30:06] [抽出] SKIP_PDF_NOT_TANSHIN: title=2026年４月期第３四半期決算説明資料
[18:30:06] [INGEST] doc_id=b99b4391f4fa9c37 status=skipped_not_tanshin title=2026年４月期第３四半期決算説明資料
[18:30:06] [DL] 既にダウンロード済み: data\docs\140120260313581723.pdf
[18:30:06] [抽出] SKIP_PDF_NOT_TANSHIN: title=2026年１月期通期決算説明会資料
[18:30:06] [INGEST] doc_id=ecc2e02fc2ccbdd5 status=skipped_not_tanshin title=2026年１月期通期決算説明会資料
[18:30:06] [DL] 既にダウンロード済み: data\docs\140120260313581308.pdf
[18:30:06] [抽出] SKIP_PDF_NOT_TANSHIN: title=2026年10月期 第１四半期決算説明資料
[18:30:06] [INGEST] doc_id=a78b4071b3b85b97 status=skipped_not_tanshin title=2026年10月期 第１四半期決算説明資料
[18:30:06] [DL] 既にダウンロード済み: data\docs\140120260313581315.pdf
[18:30:07] [抽出] SKIP_PDF_NOT_TANSHIN: title=2026年10月期 第１四半期決算説明資料（書き起こし）公開に関するお知らせ
[18:30:07] [INGEST] doc_id=c9e7ddeb7cbfce1f status=skipped_not_tanshin title=2026年10月期 第１四半期決算説明資料（書き起こし）公開に関するお知らせ
[18:30:07] [DL] 既にダウンロード済み: data\docs\140120260313581454.pdf
[18:30:07] [抽出] SKIP_PDF_NOT_TANSHIN: title=2026年10月期第１四半期決算説明資料
[18:30:07] [INGEST] doc_id=76f1d64eda1678a0 status=skipped_not_tanshin title=2026年10月期第１四半期決算説明資料
[18:30:07] [DL] 既にダウンロード済み: data\docs\140120260313581610.pdf
[18:30:07] [抽出] SKIP_PDF_NOT_TANSHIN: title=2026年７月期　第２四半期決算説明資料
[18:30:07] [INGEST] doc_id=8ba7cf79e9935209 status=skipped_not_tanshin title=2026年７月期　第２四半期決算説明資料
[18:30:07] [DL] 既にダウンロード済み: data\docs\140120260311579432.pdf
[18:30:07] [抽出] SKIP_PDF_NOT_TANSHIN: title=2026年10月期第１四半期 決算補足説明資料
[18:30:07] [INGEST] doc_id=e0daeec92a3e8cde status=skipped_not_tanshin title=2026年10月期第１四半期 決算補足説明資料
[18:30:07] [DL] 既にダウンロード済み: data\docs\140120260312580742.pdf
[18:30:07] [抽出] SKIP_PDF_NOT_TANSHIN: title=2026年７月期第２四半期決算説明資料
[18:30:07] [INGEST] doc_id=941a4b3b0407a6ac status=skipped_not_tanshin title=2026年７月期第２四半期決算説明資料
[18:30:07] [DL] 既にダウンロード済み: data\docs\140120260313581335.pdf
[18:30:07] [抽出] SKIP_PDF_NOT_TANSHIN: title=2026年10月期　第１四半期　決算説明資料
[18:30:07] [INGEST] doc_id=fe64e06c80691acf status=skipped_not_tanshin title=2026年10月期　第１四半期　決算説明資料
[18:30:07] [DL] 既にダウンロード済み: data\docs\140120260309578448.pdf
[18:30:07] [抽出] SKIP_PDF_NOT_TANSHIN: title=2026年10月期第1四半期決算ご説明（IR資料）
[18:30:07] [INGEST] doc_id=62b3ae94689f23c5 status=skipped_not_tanshin title=2026年10月期第1四半期決算ご説明（IR資料）
[18:30:07] [DL] 既にダウンロード済み: data\docs\140120260310578873.pdf
[18:30:07] [抽出] SKIP_PDF_NOT_TANSHIN: title=2026年10月期 第１四半期決算補足説明資料
[18:30:07] [INGEST] doc_id=9a2a3b585e7f1d13 status=skipped_not_tanshin title=2026年10月期 第１四半期決算補足説明資料
[18:30:07] [INGEST] run=ingest-6d1f63c5 processed=31 success=0 skipped=31 error=0 (tanshin=31) SKIP_NOT_TANSHIN_TITLE=31
[18:30:07] [filings_ingest] done total=31 success=0 errors=0
[18:30:07] [pipeline_run] finished: ingest status=done elapsed=5.0s id=188 processed=31 success=0 failed=0
[2026/03/13 18:30:07.83] Finished (exit=0) 
[2026/03/13 18:40:01.41] Starting ingest 
[18:40:01] [db] config: write_key_type=service_role read_key_type=service_role
[18:40:02] [pipeline_run] started: ingest (id=189, trigger=scheduler)
[18:40:02] [filings_ingest] start dry_run=False company_code=ALL
[18:40:02] [API] yanoshin.jp APIから取得中: https://webapi.yanoshin.jp/webapi/tdnet/list/today.json
[18:40:03] [API] detected_schema=items, raw_items_count=300
[18:40:03] [API] first_item_preview: id=8cc022776314..., pubdate=2026-03-13 18:15:00, title=当社が提起していた創業家ファミリー企業問題に関する損害賠償請求訴訟の差戻審判決に, code=8358
[18:40:03] [API] fetched_count=300
[18:40:03] [API] fetched_count=300, filtered_count=129, forecast_revision_count=30, financial_statement_count=99
[18:40:03] [API] new_count=61 already_processed=68 already_processed_financial_statement=68 new_financial_statement=31
[18:40:03] [API] already_processed_tickers=3421,359A,4431,5598,3161,9254,172A,186A,3441,3524,3931,4378,5079,7050,7674,7850,9262,9425,218A,3444
[18:40:03] [INGEST] run=ingest-7900ae99 new_items=61 target_statements=31 non_target=30 (forecast_revision=30, other=0)
[18:40:03] [DL] 既にダウンロード済み: data\docs\140120260313581949.pdf
[18:40:03] [抽出] SKIP_PDF_NOT_TANSHIN: title=（追加）「2026年10月期　第１四半期　決算説明資料」の一部追加について
[18:40:03] [INGEST] doc_id=c1d69b788cc8900f status=skipped_not_tanshin title=（追加）「2026年10月期　第１四半期　決算説明資料」の一部追加について
[18:40:03] [DL] 既にダウンロード済み: data\docs\140120260313581538.pdf
[18:40:03] [抽出] SKIP_PDF_NOT_TANSHIN: title=2026年7月期 第2四半期 決算説明資料
[18:40:03] [INGEST] doc_id=6da97293e362a01f status=skipped_not_tanshin title=2026年7月期 第2四半期 決算説明資料
[18:40:03] [DL] 既にダウンロード済み: data\docs\140120260313581862.pdf
[18:40:03] [抽出] SKIP_PDF_NOT_TANSHIN: title=2026年4月期第3四半期決算説明資料
[18:40:03] [INGEST] doc_id=487d3393278a1da2 status=skipped_not_tanshin title=2026年4月期第3四半期決算説明資料
[18:40:03] [DL] 既にダウンロード済み: data\docs\140120260312580598.pdf
[18:40:03] [抽出] SKIP_PDF_NOT_TANSHIN: title=2026年9月期 第1四半期決算にかかる機関投資家等との対話について
[18:40:03] [INGEST] doc_id=6c6b0eae45d97a2c status=skipped_not_tanshin title=2026年9月期 第1四半期決算にかかる機関投資家等との対話について
[18:40:03] [DL] 既にダウンロード済み: data\docs\140120260313581824.pdf
[18:40:03] [抽出] SKIP_PDF_NOT_TANSHIN: title=2026年3月期第１四半期 決算説明資料
[18:40:03] [INGEST] doc_id=c038d23197af192f status=skipped_not_tanshin title=2026年3月期第１四半期 決算説明資料
[18:40:03] [DL] 既にダウンロード済み: data\docs\140120260313581682.pdf
[18:40:03] [抽出] SKIP_PDF_NOT_TANSHIN: title=2026年4月期第3四半期 決算説明資料
[18:40:03] [INGEST] doc_id=ece0026e15e66168 status=skipped_not_tanshin title=2026年4月期第3四半期 決算説明資料
[18:40:03] [DL] 既にダウンロード済み: data\docs\140120260312580915.pdf
[18:40:03] [抽出] SKIP_PDF_NOT_TANSHIN: title=2026年10月期第１四半期 決算説明資料
[18:40:03] [INGEST] doc_id=4ccbe79cd9b3d282 status=skipped_not_tanshin title=2026年10月期第１四半期 決算説明資料
[18:40:03] [DL] 既にダウンロード済み: data\docs\140120260313581864.pdf
[18:40:03] [抽出] SKIP_PDF_NOT_TANSHIN: title=2026年4月期第３四半期決算説明補足資料
[18:40:03] [INGEST] doc_id=05e1335e1aecce0d status=skipped_not_tanshin title=2026年4月期第３四半期決算説明補足資料
[18:40:03] [DL] 既にダウンロード済み: data\docs\140120260313581236.pdf
[18:40:03] [抽出] SKIP_PDF_NOT_TANSHIN: title=2026年１月期通期　決算説明資料
[18:40:03] [INGEST] doc_id=3a2488b580f82825 status=skipped_not_tanshin title=2026年１月期通期　決算説明資料
[18:40:03] [DL] 既にダウンロード済み: data\docs\140120260313581648.pdf
[18:40:03] [抽出] SKIP_PDF_NOT_TANSHIN: title=2026年7月期 第2四半期決算説明資料
[18:40:03] [INGEST] doc_id=f97aff7509c5c532 status=skipped_not_tanshin title=2026年7月期 第2四半期決算説明資料
[18:40:03] [DL] 既にダウンロード済み: data\docs\140120260312580923.pdf
[18:40:03] [抽出] SKIP_PDF_NOT_TANSHIN: title=売れるネット広告社グループ（9235）2026年７月期第2四半期決算説明資料
[18:40:03] [INGEST] doc_id=0b376bb3f7a7e79e status=skipped_not_tanshin title=売れるネット広告社グループ（9235）2026年７月期第2四半期決算説明資料
[18:40:03] [DL] 既にダウンロード済み: data\docs\140120260313581070.pdf
[18:40:03] [抽出] SKIP_PDF_NOT_TANSHIN: title=2026年10月期　第１四半期決算説明資料
[18:40:03] [INGEST] doc_id=3f144949896df324 status=skipped_not_tanshin title=2026年10月期　第１四半期決算説明資料
[18:40:03] [DL] 既にダウンロード済み: data\docs\140120260310579038.pdf
[18:40:04] [抽出] SKIP_PDF_NOT_TANSHIN: title=2026年７月期　第２四半期決算補足説明資料
[18:40:04] [INGEST] doc_id=2435c857359954ea status=skipped_not_tanshin title=2026年７月期　第２四半期決算補足説明資料
[18:40:04] [DL] 既にダウンロード済み: data\docs\140120260312580260.pdf
[18:40:04] [抽出] SKIP_PDF_NOT_TANSHIN: title=2026年10月期 第１四半期 決算説明資料
[18:40:04] [INGEST] doc_id=61115f05deb10312 status=skipped_not_tanshin title=2026年10月期 第１四半期 決算説明資料
[18:40:04] [DL] 既にダウンロード済み: data\docs\140120260313581418.pdf
[18:40:04] [抽出] SKIP_PDF_NOT_TANSHIN: title=2026年４月期　第３四半期決算説明資料
[18:40:04] [INGEST] doc_id=638b8c0a8c1ee3f8 status=skipped_not_tanshin title=2026年４月期　第３四半期決算説明資料
[18:40:04] [DL] 既にダウンロード済み: data\docs\140120260313581627.pdf
[18:40:04] [抽出] SKIP_PDF_NOT_TANSHIN: title=2026年４月期　第３四半期決算説明資料
[18:40:04] [INGEST] doc_id=8598ccc3ad37c7f4 status=skipped_not_tanshin title=2026年４月期　第３四半期決算説明資料
[18:40:04] [DL] 既にダウンロード済み: data\docs\140120260313581801.pdf
[18:40:04] [抽出] SKIP_PDF_NOT_TANSHIN: title=2026年10月期 第1四半期決算補足説明資料
[18:40:04] [INGEST] doc_id=293914e1d95d3f2e status=skipped_not_tanshin title=2026年10月期 第1四半期決算補足説明資料
[18:40:04] [DL] 既にダウンロード済み: data\docs\140120260312580829.pdf
[18:40:04] [抽出] SKIP_PDF_NOT_TANSHIN: title=2026年4月期 第３四半期決算説明資料
[18:40:04] [INGEST] doc_id=da020834f5388106 status=skipped_not_tanshin title=2026年4月期 第３四半期決算説明資料
[18:40:04] [DL] 既にダウンロード済み: data\docs\140120260313581540.pdf
[18:40:04] [抽出] SKIP_PDF_NOT_TANSHIN: title=2026年1月期 通期 決算説明資料(事業計画及び成長可能性に関する事項)
[18:40:04] [INGEST] doc_id=4334b680e79b765d status=skipped_not_tanshin title=2026年1月期 通期 決算説明資料(事業計画及び成長可能性に関する事項)
[18:40:04] [DL] 既にダウンロード済み: data\docs\140120260313581793.pdf
[18:40:06] [抽出] SKIP_PDF_NOT_TANSHIN: title=2026年４月期 第３四半期決算説明資料
[18:40:06] [INGEST] doc_id=6508deb5bc24c0cc status=skipped_not_tanshin title=2026年４月期 第３四半期決算説明資料
[18:40:06] [DL] 既にダウンロード済み: data\docs\140120260313581319.pdf
[18:40:06] [抽出] SKIP_PDF_NOT_TANSHIN: title=2026年４月期第３四半期決算説明資料
[18:40:06] [INGEST] doc_id=b99b4391f4fa9c37 status=skipped_not_tanshin title=2026年４月期第３四半期決算説明資料
[18:40:06] [DL] 既にダウンロード済み: data\docs\140120260313581723.pdf
[18:40:06] [抽出] SKIP_PDF_NOT_TANSHIN: title=2026年１月期通期決算説明会資料
[18:40:06] [INGEST] doc_id=ecc2e02fc2ccbdd5 status=skipped_not_tanshin title=2026年１月期通期決算説明会資料
[18:40:06] [DL] 既にダウンロード済み: data\docs\140120260313581308.pdf
[18:40:06] [抽出] SKIP_PDF_NOT_TANSHIN: title=2026年10月期 第１四半期決算説明資料
[18:40:06] [INGEST] doc_id=a78b4071b3b85b97 status=skipped_not_tanshin title=2026年10月期 第１四半期決算説明資料
[18:40:06] [DL] 既にダウンロード済み: data\docs\140120260313581315.pdf
[18:40:06] [抽出] SKIP_PDF_NOT_TANSHIN: title=2026年10月期 第１四半期決算説明資料（書き起こし）公開に関するお知らせ
[18:40:06] [INGEST] doc_id=c9e7ddeb7cbfce1f status=skipped_not_tanshin title=2026年10月期 第１四半期決算説明資料（書き起こし）公開に関するお知らせ
[18:40:06] [DL] 既にダウンロード済み: data\docs\140120260313581454.pdf
[18:40:06] [抽出] SKIP_PDF_NOT_TANSHIN: title=2026年10月期第１四半期決算説明資料
[18:40:06] [INGEST] doc_id=76f1d64eda1678a0 status=skipped_not_tanshin title=2026年10月期第１四半期決算説明資料
[18:40:06] [DL] 既にダウンロード済み: data\docs\140120260313581610.pdf
[18:40:07] [抽出] SKIP_PDF_NOT_TANSHIN: title=2026年７月期　第２四半期決算説明資料
[18:40:07] [INGEST] doc_id=8ba7cf79e9935209 status=skipped_not_tanshin title=2026年７月期　第２四半期決算説明資料
[18:40:07] [DL] 既にダウンロード済み: data\docs\140120260311579432.pdf
[18:40:07] [抽出] SKIP_PDF_NOT_TANSHIN: title=2026年10月期第１四半期 決算補足説明資料
[18:40:07] [INGEST] doc_id=e0daeec92a3e8cde status=skipped_not_tanshin title=2026年10月期第１四半期 決算補足説明資料
[18:40:07] [DL] 既にダウンロード済み: data\docs\140120260312580742.pdf
[18:40:07] [抽出] SKIP_PDF_NOT_TANSHIN: title=2026年７月期第２四半期決算説明資料
[18:40:07] [INGEST] doc_id=941a4b3b0407a6ac status=skipped_not_tanshin title=2026年７月期第２四半期決算説明資料
[18:40:07] [DL] 既にダウンロード済み: data\docs\140120260313581335.pdf
[18:40:07] [抽出] SKIP_PDF_NOT_TANSHIN: title=2026年10月期　第１四半期　決算説明資料
[18:40:07] [INGEST] doc_id=fe64e06c80691acf status=skipped_not_tanshin title=2026年10月期　第１四半期　決算説明資料
[18:40:07] [DL] 既にダウンロード済み: data\docs\140120260309578448.pdf
[18:40:07] [抽出] SKIP_PDF_NOT_TANSHIN: title=2026年10月期第1四半期決算ご説明（IR資料）
[18:40:07] [INGEST] doc_id=62b3ae94689f23c5 status=skipped_not_tanshin title=2026年10月期第1四半期決算ご説明（IR資料）
[18:40:07] [DL] 既にダウンロード済み: data\docs\140120260310578873.pdf
[18:40:07] [抽出] SKIP_PDF_NOT_TANSHIN: title=2026年10月期 第１四半期決算補足説明資料
[18:40:07] [INGEST] doc_id=9a2a3b585e7f1d13 status=skipped_not_tanshin title=2026年10月期 第１四半期決算補足説明資料
[18:40:07] [INGEST] run=ingest-7900ae99 processed=31 success=0 skipped=31 error=0 (tanshin=31) SKIP_NOT_TANSHIN_TITLE=31
[18:40:07] [filings_ingest] done total=31 success=0 errors=0
[18:40:07] [pipeline_run] finished: ingest status=done elapsed=5.0s id=189 processed=31 success=0 failed=0
[2026/03/13 18:40:07.77] Finished (exit=0) 
[2026/03/13 18:50:01.42] Starting ingest 
[18:50:01] [db] config: write_key_type=service_role read_key_type=service_role
[18:50:02] [pipeline_run] started: ingest (id=190, trigger=scheduler)
[18:50:03] [filings_ingest] start dry_run=False company_code=ALL
[18:50:03] [API] yanoshin.jp APIから取得中: https://webapi.yanoshin.jp/webapi/tdnet/list/today.json
[18:50:03] [API] detected_schema=items, raw_items_count=300
[18:50:03] [API] first_item_preview: id=8cc022776314..., pubdate=2026-03-13 18:15:00, title=当社が提起していた創業家ファミリー企業問題に関する損害賠償請求訴訟の差戻審判決に, code=8358
[18:50:03] [API] fetched_count=300
[18:50:03] [API] fetched_count=300, filtered_count=129, forecast_revision_count=30, financial_statement_count=99
[18:50:03] [API] new_count=61 already_processed=68 already_processed_financial_statement=68 new_financial_statement=31
[18:50:03] [API] already_processed_tickers=3421,359A,4431,5598,3161,9254,172A,186A,3441,3524,3931,4378,5079,7050,7674,7850,9262,9425,218A,3444
[18:50:03] [INGEST] run=ingest-31d4a217 new_items=61 target_statements=31 non_target=30 (forecast_revision=30, other=0)
[18:50:03] [DL] 既にダウンロード済み: data\docs\140120260313581949.pdf
[18:50:03] [抽出] SKIP_PDF_NOT_TANSHIN: title=（追加）「2026年10月期　第１四半期　決算説明資料」の一部追加について
[18:50:03] [INGEST] doc_id=c1d69b788cc8900f status=skipped_not_tanshin title=（追加）「2026年10月期　第１四半期　決算説明資料」の一部追加について
[18:50:03] [DL] 既にダウンロード済み: data\docs\140120260313581538.pdf
[18:50:03] [抽出] SKIP_PDF_NOT_TANSHIN: title=2026年7月期 第2四半期 決算説明資料
[18:50:03] [INGEST] doc_id=6da97293e362a01f status=skipped_not_tanshin title=2026年7月期 第2四半期 決算説明資料
[18:50:03] [DL] 既にダウンロード済み: data\docs\140120260313581862.pdf
[18:50:03] [抽出] SKIP_PDF_NOT_TANSHIN: title=2026年4月期第3四半期決算説明資料
[18:50:03] [INGEST] doc_id=487d3393278a1da2 status=skipped_not_tanshin title=2026年4月期第3四半期決算説明資料
[18:50:03] [DL] 既にダウンロード済み: data\docs\140120260312580598.pdf
[18:50:03] [抽出] SKIP_PDF_NOT_TANSHIN: title=2026年9月期 第1四半期決算にかかる機関投資家等との対話について
[18:50:03] [INGEST] doc_id=6c6b0eae45d97a2c status=skipped_not_tanshin title=2026年9月期 第1四半期決算にかかる機関投資家等との対話について
[18:50:03] [DL] 既にダウンロード済み: data\docs\140120260313581824.pdf
[18:50:03] [抽出] SKIP_PDF_NOT_TANSHIN: title=2026年3月期第１四半期 決算説明資料
[18:50:03] [INGEST] doc_id=c038d23197af192f status=skipped_not_tanshin title=2026年3月期第１四半期 決算説明資料
[18:50:03] [DL] 既にダウンロード済み: data\docs\140120260313581682.pdf
[18:50:03] [抽出] SKIP_PDF_NOT_TANSHIN: title=2026年4月期第3四半期 決算説明資料
[18:50:03] [INGEST] doc_id=ece0026e15e66168 status=skipped_not_tanshin title=2026年4月期第3四半期 決算説明資料
[18:50:03] [DL] 既にダウンロード済み: data\docs\140120260312580915.pdf
[18:50:03] [抽出] SKIP_PDF_NOT_TANSHIN: title=2026年10月期第１四半期 決算説明資料
[18:50:03] [INGEST] doc_id=4ccbe79cd9b3d282 status=skipped_not_tanshin title=2026年10月期第１四半期 決算説明資料
[18:50:03] [DL] 既にダウンロード済み: data\docs\140120260313581864.pdf
[18:50:03] [抽出] SKIP_PDF_NOT_TANSHIN: title=2026年4月期第３四半期決算説明補足資料
[18:50:03] [INGEST] doc_id=05e1335e1aecce0d status=skipped_not_tanshin title=2026年4月期第３四半期決算説明補足資料
[18:50:03] [DL] 既にダウンロード済み: data\docs\140120260313581236.pdf
[18:50:03] [抽出] SKIP_PDF_NOT_TANSHIN: title=2026年１月期通期　決算説明資料
[18:50:03] [INGEST] doc_id=3a2488b580f82825 status=skipped_not_tanshin title=2026年１月期通期　決算説明資料
[18:50:03] [DL] 既にダウンロード済み: data\docs\140120260313581648.pdf
[18:50:04] [抽出] SKIP_PDF_NOT_TANSHIN: title=2026年7月期 第2四半期決算説明資料
[18:50:04] [INGEST] doc_id=f97aff7509c5c532 status=skipped_not_tanshin title=2026年7月期 第2四半期決算説明資料
[18:50:04] [DL] 既にダウンロード済み: data\docs\140120260312580923.pdf
[18:50:04] [抽出] SKIP_PDF_NOT_TANSHIN: title=売れるネット広告社グループ（9235）2026年７月期第2四半期決算説明資料
[18:50:04] [INGEST] doc_id=0b376bb3f7a7e79e status=skipped_not_tanshin title=売れるネット広告社グループ（9235）2026年７月期第2四半期決算説明資料
[18:50:04] [DL] 既にダウンロード済み: data\docs\140120260313581070.pdf
[18:50:04] [抽出] SKIP_PDF_NOT_TANSHIN: title=2026年10月期　第１四半期決算説明資料
[18:50:04] [INGEST] doc_id=3f144949896df324 status=skipped_not_tanshin title=2026年10月期　第１四半期決算説明資料
[18:50:04] [DL] 既にダウンロード済み: data\docs\140120260310579038.pdf
[18:50:04] [抽出] SKIP_PDF_NOT_TANSHIN: title=2026年７月期　第２四半期決算補足説明資料
[18:50:04] [INGEST] doc_id=2435c857359954ea status=skipped_not_tanshin title=2026年７月期　第２四半期決算補足説明資料
[18:50:04] [DL] 既にダウンロード済み: data\docs\140120260312580260.pdf
[18:50:04] [抽出] SKIP_PDF_NOT_TANSHIN: title=2026年10月期 第１四半期 決算説明資料
[18:50:04] [INGEST] doc_id=61115f05deb10312 status=skipped_not_tanshin title=2026年10月期 第１四半期 決算説明資料
[18:50:04] [DL] 既にダウンロード済み: data\docs\140120260313581418.pdf
[18:50:04] [抽出] SKIP_PDF_NOT_TANSHIN: title=2026年４月期　第３四半期決算説明資料
[18:50:04] [INGEST] doc_id=638b8c0a8c1ee3f8 status=skipped_not_tanshin title=2026年４月期　第３四半期決算説明資料
[18:50:04] [DL] 既にダウンロード済み: data\docs\140120260313581627.pdf
[18:50:04] [抽出] SKIP_PDF_NOT_TANSHIN: title=2026年４月期　第３四半期決算説明資料
[18:50:04] [INGEST] doc_id=8598ccc3ad37c7f4 status=skipped_not_tanshin title=2026年４月期　第３四半期決算説明資料
[18:50:04] [DL] 既にダウンロード済み: data\docs\140120260313581801.pdf
[18:50:04] [抽出] SKIP_PDF_NOT_TANSHIN: title=2026年10月期 第1四半期決算補足説明資料
[18:50:04] [INGEST] doc_id=293914e1d95d3f2e status=skipped_not_tanshin title=2026年10月期 第1四半期決算補足説明資料
[18:50:04] [DL] 既にダウンロード済み: data\docs\140120260312580829.pdf
[18:50:04] [抽出] SKIP_PDF_NOT_TANSHIN: title=2026年4月期 第３四半期決算説明資料
[18:50:04] [INGEST] doc_id=da020834f5388106 status=skipped_not_tanshin title=2026年4月期 第３四半期決算説明資料
[18:50:04] [DL] 既にダウンロード済み: data\docs\140120260313581540.pdf
[18:50:04] [抽出] SKIP_PDF_NOT_TANSHIN: title=2026年1月期 通期 決算説明資料(事業計画及び成長可能性に関する事項)
[18:50:04] [INGEST] doc_id=4334b680e79b765d status=skipped_not_tanshin title=2026年1月期 通期 決算説明資料(事業計画及び成長可能性に関する事項)
[18:50:04] [DL] 既にダウンロード済み: data\docs\140120260313581793.pdf
[18:50:06] [抽出] SKIP_PDF_NOT_TANSHIN: title=2026年４月期 第３四半期決算説明資料
[18:50:06] [INGEST] doc_id=6508deb5bc24c0cc status=skipped_not_tanshin title=2026年４月期 第３四半期決算説明資料
[18:50:06] [DL] 既にダウンロード済み: data\docs\140120260313581319.pdf
[18:50:06] [抽出] SKIP_PDF_NOT_TANSHIN: title=2026年４月期第３四半期決算説明資料
[18:50:06] [INGEST] doc_id=b99b4391f4fa9c37 status=skipped_not_tanshin title=2026年４月期第３四半期決算説明資料
[18:50:06] [DL] 既にダウンロード済み: data\docs\140120260313581723.pdf
[18:50:06] [抽出] SKIP_PDF_NOT_TANSHIN: title=2026年１月期通期決算説明会資料
[18:50:06] [INGEST] doc_id=ecc2e02fc2ccbdd5 status=skipped_not_tanshin title=2026年１月期通期決算説明会資料
[18:50:06] [DL] 既にダウンロード済み: data\docs\140120260313581308.pdf
[18:50:07] [抽出] SKIP_PDF_NOT_TANSHIN: title=2026年10月期 第１四半期決算説明資料
[18:50:07] [INGEST] doc_id=a78b4071b3b85b97 status=skipped_not_tanshin title=2026年10月期 第１四半期決算説明資料
[18:50:07] [DL] 既にダウンロード済み: data\docs\140120260313581315.pdf
[18:50:07] [抽出] SKIP_PDF_NOT_TANSHIN: title=2026年10月期 第１四半期決算説明資料（書き起こし）公開に関するお知らせ
[18:50:07] [INGEST] doc_id=c9e7ddeb7cbfce1f status=skipped_not_tanshin title=2026年10月期 第１四半期決算説明資料（書き起こし）公開に関するお知らせ
[18:50:07] [DL] 既にダウンロード済み: data\docs\140120260313581454.pdf
[18:50:07] [抽出] SKIP_PDF_NOT_TANSHIN: title=2026年10月期第１四半期決算説明資料
[18:50:07] [INGEST] doc_id=76f1d64eda1678a0 status=skipped_not_tanshin title=2026年10月期第１四半期決算説明資料
[18:50:07] [DL] 既にダウンロード済み: data\docs\140120260313581610.pdf
[18:50:07] [抽出] SKIP_PDF_NOT_TANSHIN: title=2026年７月期　第２四半期決算説明資料
[18:50:07] [INGEST] doc_id=8ba7cf79e9935209 status=skipped_not_tanshin title=2026年７月期　第２四半期決算説明資料
[18:50:07] [DL] 既にダウンロード済み: data\docs\140120260311579432.pdf
[18:50:07] [抽出] SKIP_PDF_NOT_TANSHIN: title=2026年10月期第１四半期 決算補足説明資料
[18:50:07] [INGEST] doc_id=e0daeec92a3e8cde status=skipped_not_tanshin title=2026年10月期第１四半期 決算補足説明資料
[18:50:07] [DL] 既にダウンロード済み: data\docs\140120260312580742.pdf
[18:50:07] [抽出] SKIP_PDF_NOT_TANSHIN: title=2026年７月期第２四半期決算説明資料
[18:50:07] [INGEST] doc_id=941a4b3b0407a6ac status=skipped_not_tanshin title=2026年７月期第２四半期決算説明資料
[18:50:07] [DL] 既にダウンロード済み: data\docs\140120260313581335.pdf
[18:50:07] [抽出] SKIP_PDF_NOT_TANSHIN: title=2026年10月期　第１四半期　決算説明資料
[18:50:07] [INGEST] doc_id=fe64e06c80691acf status=skipped_not_tanshin title=2026年10月期　第１四半期　決算説明資料
[18:50:07] [DL] 既にダウンロード済み: data\docs\140120260309578448.pdf
[18:50:07] [抽出] SKIP_PDF_NOT_TANSHIN: title=2026年10月期第1四半期決算ご説明（IR資料）
[18:50:07] [INGEST] doc_id=62b3ae94689f23c5 status=skipped_not_tanshin title=2026年10月期第1四半期決算ご説明（IR資料）
[18:50:07] [DL] 既にダウンロード済み: data\docs\140120260310578873.pdf
[18:50:07] [抽出] SKIP_PDF_NOT_TANSHIN: title=2026年10月期 第１四半期決算補足説明資料
[18:50:07] [INGEST] doc_id=9a2a3b585e7f1d13 status=skipped_not_tanshin title=2026年10月期 第１四半期決算補足説明資料
[18:50:07] [INGEST] run=ingest-31d4a217 processed=31 success=0 skipped=31 error=0 (tanshin=31) SKIP_NOT_TANSHIN_TITLE=31
[18:50:07] [filings_ingest] done total=31 success=0 errors=0
[18:50:07] [pipeline_run] finished: ingest status=done elapsed=5.1s id=190 processed=31 success=0 failed=0
[2026/03/13 18:50:07.90] Finished (exit=0) 
[2026/03/13 19:00:01.45] Starting ingest 
[19:00:01] [db] config: write_key_type=service_role read_key_type=service_role
[19:00:02] [pipeline_run] started: ingest (id=191, trigger=scheduler)
[19:00:02] [filings_ingest] start dry_run=False company_code=ALL
[19:00:02] [API] yanoshin.jp APIから取得中: https://webapi.yanoshin.jp/webapi/tdnet/list/today.json
[19:00:02] [API] detected_schema=items, raw_items_count=300
[19:00:02] [API] first_item_preview: id=ee4fbaedbfe3..., pubdate=2026-03-13 18:30:00, title=株式分割に関するお知らせ, code=338A
[19:00:02] [API] fetched_count=300
[19:00:02] [API] fetched_count=300, filtered_count=128, forecast_revision_count=29, financial_statement_count=99
[19:00:02] [API] new_count=60 already_processed=68 already_processed_financial_statement=68 new_financial_statement=31
[19:00:02] [API] already_processed_tickers=3421,359A,4431,5598,3161,9254,172A,186A,3441,3524,3931,4378,5079,7050,7674,7850,9262,9425,218A,3444
[19:00:02] [INGEST] run=ingest-3211c144 new_items=60 target_statements=31 non_target=29 (forecast_revision=29, other=0)
[19:00:02] [DL] 既にダウンロード済み: data\docs\140120260313581949.pdf
[19:00:02] [抽出] SKIP_PDF_NOT_TANSHIN: title=（追加）「2026年10月期　第１四半期　決算説明資料」の一部追加について
[19:00:02] [INGEST] doc_id=c1d69b788cc8900f status=skipped_not_tanshin title=（追加）「2026年10月期　第１四半期　決算説明資料」の一部追加について
[19:00:02] [DL] 既にダウンロード済み: data\docs\140120260313581538.pdf
[19:00:03] [抽出] SKIP_PDF_NOT_TANSHIN: title=2026年7月期 第2四半期 決算説明資料
[19:00:03] [INGEST] doc_id=6da97293e362a01f status=skipped_not_tanshin title=2026年7月期 第2四半期 決算説明資料
[19:00:03] [DL] 既にダウンロード済み: data\docs\140120260313581862.pdf
[19:00:03] [抽出] SKIP_PDF_NOT_TANSHIN: title=2026年4月期第3四半期決算説明資料
[19:00:03] [INGEST] doc_id=487d3393278a1da2 status=skipped_not_tanshin title=2026年4月期第3四半期決算説明資料
[19:00:03] [DL] 既にダウンロード済み: data\docs\140120260312580598.pdf
[19:00:03] [抽出] SKIP_PDF_NOT_TANSHIN: title=2026年9月期 第1四半期決算にかかる機関投資家等との対話について
[19:00:03] [INGEST] doc_id=6c6b0eae45d97a2c status=skipped_not_tanshin title=2026年9月期 第1四半期決算にかかる機関投資家等との対話について
[19:00:03] [DL] 既にダウンロード済み: data\docs\140120260313581824.pdf
[19:00:03] [抽出] SKIP_PDF_NOT_TANSHIN: title=2026年3月期第１四半期 決算説明資料
[19:00:03] [INGEST] doc_id=c038d23197af192f status=skipped_not_tanshin title=2026年3月期第１四半期 決算説明資料
[19:00:03] [DL] 既にダウンロード済み: data\docs\140120260313581682.pdf
[19:00:03] [抽出] SKIP_PDF_NOT_TANSHIN: title=2026年4月期第3四半期 決算説明資料
[19:00:03] [INGEST] doc_id=ece0026e15e66168 status=skipped_not_tanshin title=2026年4月期第3四半期 決算説明資料
[19:00:03] [DL] 既にダウンロード済み: data\docs\140120260312580915.pdf
[19:00:03] [抽出] SKIP_PDF_NOT_TANSHIN: title=2026年10月期第１四半期 決算説明資料
[19:00:03] [INGEST] doc_id=4ccbe79cd9b3d282 status=skipped_not_tanshin title=2026年10月期第１四半期 決算説明資料
[19:00:03] [DL] 既にダウンロード済み: data\docs\140120260313581864.pdf
[19:00:03] [抽出] SKIP_PDF_NOT_TANSHIN: title=2026年4月期第３四半期決算説明補足資料
[19:00:03] [INGEST] doc_id=05e1335e1aecce0d status=skipped_not_tanshin title=2026年4月期第３四半期決算説明補足資料
[19:00:03] [DL] 既にダウンロード済み: data\docs\140120260313581236.pdf
[19:00:03] [抽出] SKIP_PDF_NOT_TANSHIN: title=2026年１月期通期　決算説明資料
[19:00:03] [INGEST] doc_id=3a2488b580f82825 status=skipped_not_tanshin title=2026年１月期通期　決算説明資料
[19:00:03] [DL] 既にダウンロード済み: data\docs\140120260313581648.pdf
[19:00:03] [抽出] SKIP_PDF_NOT_TANSHIN: title=2026年7月期 第2四半期決算説明資料
[19:00:03] [INGEST] doc_id=f97aff7509c5c532 status=skipped_not_tanshin title=2026年7月期 第2四半期決算説明資料
[19:00:03] [DL] 既にダウンロード済み: data\docs\140120260312580923.pdf
[19:00:03] [抽出] SKIP_PDF_NOT_TANSHIN: title=売れるネット広告社グループ（9235）2026年７月期第2四半期決算説明資料
[19:00:03] [INGEST] doc_id=0b376bb3f7a7e79e status=skipped_not_tanshin title=売れるネット広告社グループ（9235）2026年７月期第2四半期決算説明資料
[19:00:03] [DL] 既にダウンロード済み: data\docs\140120260313581070.pdf
[19:00:03] [抽出] SKIP_PDF_NOT_TANSHIN: title=2026年10月期　第１四半期決算説明資料
[19:00:03] [INGEST] doc_id=3f144949896df324 status=skipped_not_tanshin title=2026年10月期　第１四半期決算説明資料
[19:00:03] [DL] 既にダウンロード済み: data\docs\140120260310579038.pdf
[19:00:03] [抽出] SKIP_PDF_NOT_TANSHIN: title=2026年７月期　第２四半期決算補足説明資料
[19:00:03] [INGEST] doc_id=2435c857359954ea status=skipped_not_tanshin title=2026年７月期　第２四半期決算補足説明資料
[19:00:03] [DL] 既にダウンロード済み: data\docs\140120260312580260.pdf
[19:00:03] [抽出] SKIP_PDF_NOT_TANSHIN: title=2026年10月期 第１四半期 決算説明資料
[19:00:03] [INGEST] doc_id=61115f05deb10312 status=skipped_not_tanshin title=2026年10月期 第１四半期 決算説明資料
[19:00:03] [DL] 既にダウンロード済み: data\docs\140120260313581418.pdf
[19:00:03] [抽出] SKIP_PDF_NOT_TANSHIN: title=2026年４月期　第３四半期決算説明資料
[19:00:03] [INGEST] doc_id=638b8c0a8c1ee3f8 status=skipped_not_tanshin title=2026年４月期　第３四半期決算説明資料
[19:00:03] [DL] 既にダウンロード済み: data\docs\140120260313581627.pdf
[19:00:03] [抽出] SKIP_PDF_NOT_TANSHIN: title=2026年４月期　第３四半期決算説明資料
[19:00:03] [INGEST] doc_id=8598ccc3ad37c7f4 status=skipped_not_tanshin title=2026年４月期　第３四半期決算説明資料
[19:00:03] [DL] 既にダウンロード済み: data\docs\140120260313581801.pdf
[19:00:04] [抽出] SKIP_PDF_NOT_TANSHIN: title=2026年10月期 第1四半期決算補足説明資料
[19:00:04] [INGEST] doc_id=293914e1d95d3f2e status=skipped_not_tanshin title=2026年10月期 第1四半期決算補足説明資料
[19:00:04] [DL] 既にダウンロード済み: data\docs\140120260312580829.pdf
[19:00:04] [抽出] SKIP_PDF_NOT_TANSHIN: title=2026年4月期 第３四半期決算説明資料
[19:00:04] [INGEST] doc_id=da020834f5388106 status=skipped_not_tanshin title=2026年4月期 第３四半期決算説明資料
[19:00:04] [DL] 既にダウンロード済み: data\docs\140120260313581540.pdf
[19:00:04] [抽出] SKIP_PDF_NOT_TANSHIN: title=2026年1月期 通期 決算説明資料(事業計画及び成長可能性に関する事項)
[19:00:04] [INGEST] doc_id=4334b680e79b765d status=skipped_not_tanshin title=2026年1月期 通期 決算説明資料(事業計画及び成長可能性に関する事項)
[19:00:04] [DL] 既にダウンロード済み: data\docs\140120260313581793.pdf
[19:00:06] [抽出] SKIP_PDF_NOT_TANSHIN: title=2026年４月期 第３四半期決算説明資料
[19:00:06] [INGEST] doc_id=6508deb5bc24c0cc status=skipped_not_tanshin title=2026年４月期 第３四半期決算説明資料
[19:00:06] [DL] 既にダウンロード済み: data\docs\140120260313581319.pdf
[19:00:06] [抽出] SKIP_PDF_NOT_TANSHIN: title=2026年４月期第３四半期決算説明資料
[19:00:06] [INGEST] doc_id=b99b4391f4fa9c37 status=skipped_not_tanshin title=2026年４月期第３四半期決算説明資料
[19:00:06] [DL] 既にダウンロード済み: data\docs\140120260313581723.pdf
[19:00:06] [抽出] SKIP_PDF_NOT_TANSHIN: title=2026年１月期通期決算説明会資料
[19:00:06] [INGEST] doc_id=ecc2e02fc2ccbdd5 status=skipped_not_tanshin title=2026年１月期通期決算説明会資料
[19:00:06] [DL] 既にダウンロード済み: data\docs\140120260313581308.pdf
[19:00:06] [抽出] SKIP_PDF_NOT_TANSHIN: title=2026年10月期 第１四半期決算説明資料
[19:00:06] [INGEST] doc_id=a78b4071b3b85b97 status=skipped_not_tanshin title=2026年10月期 第１四半期決算説明資料
[19:00:06] [DL] 既にダウンロード済み: data\docs\140120260313581315.pdf
[19:00:06] [抽出] SKIP_PDF_NOT_TANSHIN: title=2026年10月期 第１四半期決算説明資料（書き起こし）公開に関するお知らせ
[19:00:06] [INGEST] doc_id=c9e7ddeb7cbfce1f status=skipped_not_tanshin title=2026年10月期 第１四半期決算説明資料（書き起こし）公開に関するお知らせ
[19:00:06] [DL] 既にダウンロード済み: data\docs\140120260313581454.pdf
[19:00:06] [抽出] SKIP_PDF_NOT_TANSHIN: title=2026年10月期第１四半期決算説明資料
[19:00:06] [INGEST] doc_id=76f1d64eda1678a0 status=skipped_not_tanshin title=2026年10月期第１四半期決算説明資料
[19:00:06] [DL] 既にダウンロード済み: data\docs\140120260313581610.pdf
[19:00:07] [抽出] SKIP_PDF_NOT_TANSHIN: title=2026年７月期　第２四半期決算説明資料
[19:00:07] [INGEST] doc_id=8ba7cf79e9935209 status=skipped_not_tanshin title=2026年７月期　第２四半期決算説明資料
[19:00:07] [DL] 既にダウンロード済み: data\docs\140120260311579432.pdf
[19:00:07] [抽出] SKIP_PDF_NOT_TANSHIN: title=2026年10月期第１四半期 決算補足説明資料
[19:00:07] [INGEST] doc_id=e0daeec92a3e8cde status=skipped_not_tanshin title=2026年10月期第１四半期 決算補足説明資料
[19:00:07] [DL] 既にダウンロード済み: data\docs\140120260312580742.pdf
[19:00:07] [抽出] SKIP_PDF_NOT_TANSHIN: title=2026年７月期第２四半期決算説明資料
[19:00:07] [INGEST] doc_id=941a4b3b0407a6ac status=skipped_not_tanshin title=2026年７月期第２四半期決算説明資料
[19:00:07] [DL] 既にダウンロード済み: data\docs\140120260313581335.pdf
[19:00:07] [抽出] SKIP_PDF_NOT_TANSHIN: title=2026年10月期　第１四半期　決算説明資料
[19:00:07] [INGEST] doc_id=fe64e06c80691acf status=skipped_not_tanshin title=2026年10月期　第１四半期　決算説明資料
[19:00:07] [DL] 既にダウンロード済み: data\docs\140120260309578448.pdf
[19:00:07] [抽出] SKIP_PDF_NOT_TANSHIN: title=2026年10月期第1四半期決算ご説明（IR資料）
[19:00:07] [INGEST] doc_id=62b3ae94689f23c5 status=skipped_not_tanshin title=2026年10月期第1四半期決算ご説明（IR資料）
[19:00:07] [DL] 既にダウンロード済み: data\docs\140120260310578873.pdf
[19:00:07] [抽出] SKIP_PDF_NOT_TANSHIN: title=2026年10月期 第１四半期決算補足説明資料
[19:00:07] [INGEST] doc_id=9a2a3b585e7f1d13 status=skipped_not_tanshin title=2026年10月期 第１四半期決算補足説明資料
[19:00:07] [INGEST] run=ingest-3211c144 processed=31 success=0 skipped=31 error=0 (tanshin=31) SKIP_NOT_TANSHIN_TITLE=31
[19:00:07] [filings_ingest] done total=31 success=0 errors=0
[19:00:07] [pipeline_run] finished: ingest status=done elapsed=5.2s id=191 processed=31 success=0 failed=0
[2026/03/13 19:00:07.60] Finished (exit=0) 
[2026/03/13 19:10:01.45] Starting ingest 
[19:10:01] [db] config: write_key_type=service_role read_key_type=service_role
[19:10:02] [pipeline_run] started: ingest (id=193, trigger=scheduler)
[19:10:02] [filings_ingest] start dry_run=False company_code=ALL
[19:10:02] [API] yanoshin.jp APIから取得中: https://webapi.yanoshin.jp/webapi/tdnet/list/today.json
[19:10:02] [API] detected_schema=items, raw_items_count=300
[19:10:02] [API] first_item_preview: id=ee4fbaedbfe3..., pubdate=2026-03-13 18:30:00, title=株式分割に関するお知らせ, code=338A
[19:10:02] [API] fetched_count=300
[19:10:02] [API] fetched_count=300, filtered_count=128, forecast_revision_count=29, financial_statement_count=99
[19:10:02] [API] new_count=60 already_processed=68 already_processed_financial_statement=68 new_financial_statement=31
[19:10:02] [API] already_processed_tickers=3421,359A,4431,5598,3161,9254,172A,186A,3441,3524,3931,4378,5079,7050,7674,7850,9262,9425,218A,3444
[19:10:02] [INGEST] run=ingest-b5af6eb6 new_items=60 target_statements=31 non_target=29 (forecast_revision=29, other=0)
[19:10:02] [DL] 既にダウンロード済み: data\docs\140120260313581949.pdf
[19:10:02] [抽出] SKIP_PDF_NOT_TANSHIN: title=（追加）「2026年10月期　第１四半期　決算説明資料」の一部追加について
[19:10:02] [INGEST] doc_id=c1d69b788cc8900f status=skipped_not_tanshin title=（追加）「2026年10月期　第１四半期　決算説明資料」の一部追加について
[19:10:02] [DL] 既にダウンロード済み: data\docs\140120260313581538.pdf
[19:10:02] [抽出] SKIP_PDF_NOT_TANSHIN: title=2026年7月期 第2四半期 決算説明資料
[19:10:02] [INGEST] doc_id=6da97293e362a01f status=skipped_not_tanshin title=2026年7月期 第2四半期 決算説明資料
[19:10:02] [DL] 既にダウンロード済み: data\docs\140120260313581862.pdf
[19:10:02] [抽出] SKIP_PDF_NOT_TANSHIN: title=2026年4月期第3四半期決算説明資料
[19:10:02] [INGEST] doc_id=487d3393278a1da2 status=skipped_not_tanshin title=2026年4月期第3四半期決算説明資料
[19:10:02] [DL] 既にダウンロード済み: data\docs\140120260312580598.pdf
[19:10:02] [抽出] SKIP_PDF_NOT_TANSHIN: title=2026年9月期 第1四半期決算にかかる機関投資家等との対話について
[19:10:02] [INGEST] doc_id=6c6b0eae45d97a2c status=skipped_not_tanshin title=2026年9月期 第1四半期決算にかかる機関投資家等との対話について
[19:10:02] [DL] 既にダウンロード済み: data\docs\140120260313581824.pdf
[19:10:02] [抽出] SKIP_PDF_NOT_TANSHIN: title=2026年3月期第１四半期 決算説明資料
[19:10:02] [INGEST] doc_id=c038d23197af192f status=skipped_not_tanshin title=2026年3月期第１四半期 決算説明資料
[19:10:02] [DL] 既にダウンロード済み: data\docs\140120260313581682.pdf
[19:10:02] [抽出] SKIP_PDF_NOT_TANSHIN: title=2026年4月期第3四半期 決算説明資料
[19:10:02] [INGEST] doc_id=ece0026e15e66168 status=skipped_not_tanshin title=2026年4月期第3四半期 決算説明資料
[19:10:02] [DL] 既にダウンロード済み: data\docs\140120260312580915.pdf
[19:10:02] [抽出] SKIP_PDF_NOT_TANSHIN: title=2026年10月期第１四半期 決算説明資料
[19:10:02] [INGEST] doc_id=4ccbe79cd9b3d282 status=skipped_not_tanshin title=2026年10月期第１四半期 決算説明資料
[19:10:02] [DL] 既にダウンロード済み: data\docs\140120260313581864.pdf
[19:10:03] [抽出] SKIP_PDF_NOT_TANSHIN: title=2026年4月期第３四半期決算説明補足資料
[19:10:03] [INGEST] doc_id=05e1335e1aecce0d status=skipped_not_tanshin title=2026年4月期第３四半期決算説明補足資料
[19:10:03] [DL] 既にダウンロード済み: data\docs\140120260313581236.pdf
[19:10:03] [抽出] SKIP_PDF_NOT_TANSHIN: title=2026年１月期通期　決算説明資料
[19:10:03] [INGEST] doc_id=3a2488b580f82825 status=skipped_not_tanshin title=2026年１月期通期　決算説明資料
[19:10:03] [DL] 既にダウンロード済み: data\docs\140120260313581648.pdf
[19:10:03] [抽出] SKIP_PDF_NOT_TANSHIN: title=2026年7月期 第2四半期決算説明資料
[19:10:03] [INGEST] doc_id=f97aff7509c5c532 status=skipped_not_tanshin title=2026年7月期 第2四半期決算説明資料
[19:10:03] [DL] 既にダウンロード済み: data\docs\140120260312580923.pdf
[19:10:03] [抽出] SKIP_PDF_NOT_TANSHIN: title=売れるネット広告社グループ（9235）2026年７月期第2四半期決算説明資料
[19:10:03] [INGEST] doc_id=0b376bb3f7a7e79e status=skipped_not_tanshin title=売れるネット広告社グループ（9235）2026年７月期第2四半期決算説明資料
[19:10:03] [DL] 既にダウンロード済み: data\docs\140120260313581070.pdf
[19:10:03] [抽出] SKIP_PDF_NOT_TANSHIN: title=2026年10月期　第１四半期決算説明資料
[19:10:03] [INGEST] doc_id=3f144949896df324 status=skipped_not_tanshin title=2026年10月期　第１四半期決算説明資料
[19:10:03] [DL] 既にダウンロード済み: data\docs\140120260310579038.pdf
[19:10:03] [抽出] SKIP_PDF_NOT_TANSHIN: title=2026年７月期　第２四半期決算補足説明資料
[19:10:03] [INGEST] doc_id=2435c857359954ea status=skipped_not_tanshin title=2026年７月期　第２四半期決算補足説明資料
[19:10:03] [DL] 既にダウンロード済み: data\docs\140120260312580260.pdf
[19:10:03] [抽出] SKIP_PDF_NOT_TANSHIN: title=2026年10月期 第１四半期 決算説明資料
[19:10:03] [INGEST] doc_id=61115f05deb10312 status=skipped_not_tanshin title=2026年10月期 第１四半期 決算説明資料
[19:10:03] [DL] 既にダウンロード済み: data\docs\140120260313581418.pdf
[19:10:03] [抽出] SKIP_PDF_NOT_TANSHIN: title=2026年４月期　第３四半期決算説明資料
[19:10:03] [INGEST] doc_id=638b8c0a8c1ee3f8 status=skipped_not_tanshin title=2026年４月期　第３四半期決算説明資料
[19:10:03] [DL] 既にダウンロード済み: data\docs\140120260313581627.pdf
[19:10:03] [抽出] SKIP_PDF_NOT_TANSHIN: title=2026年４月期　第３四半期決算説明資料
[19:10:03] [INGEST] doc_id=8598ccc3ad37c7f4 status=skipped_not_tanshin title=2026年４月期　第３四半期決算説明資料
[19:10:03] [DL] 既にダウンロード済み: data\docs\140120260313581801.pdf
[19:10:03] [抽出] SKIP_PDF_NOT_TANSHIN: title=2026年10月期 第1四半期決算補足説明資料
[19:10:03] [INGEST] doc_id=293914e1d95d3f2e status=skipped_not_tanshin title=2026年10月期 第1四半期決算補足説明資料
[19:10:03] [DL] 既にダウンロード済み: data\docs\140120260312580829.pdf
[19:10:03] [抽出] SKIP_PDF_NOT_TANSHIN: title=2026年4月期 第３四半期決算説明資料
[19:10:03] [INGEST] doc_id=da020834f5388106 status=skipped_not_tanshin title=2026年4月期 第３四半期決算説明資料
[19:10:03] [DL] 既にダウンロード済み: data\docs\140120260313581540.pdf
[19:10:03] [抽出] SKIP_PDF_NOT_TANSHIN: title=2026年1月期 通期 決算説明資料(事業計画及び成長可能性に関する事項)
[19:10:03] [INGEST] doc_id=4334b680e79b765d status=skipped_not_tanshin title=2026年1月期 通期 決算説明資料(事業計画及び成長可能性に関する事項)
[19:10:03] [DL] 既にダウンロード済み: data\docs\140120260313581793.pdf
[19:10:05] [抽出] SKIP_PDF_NOT_TANSHIN: title=2026年４月期 第３四半期決算説明資料
[19:10:05] [INGEST] doc_id=6508deb5bc24c0cc status=skipped_not_tanshin title=2026年４月期 第３四半期決算説明資料
[19:10:05] [DL] 既にダウンロード済み: data\docs\140120260313581319.pdf
[19:10:06] [抽出] SKIP_PDF_NOT_TANSHIN: title=2026年４月期第３四半期決算説明資料
[19:10:06] [INGEST] doc_id=b99b4391f4fa9c37 status=skipped_not_tanshin title=2026年４月期第３四半期決算説明資料
[19:10:06] [DL] 既にダウンロード済み: data\docs\140120260313581723.pdf
[19:10:06] [抽出] SKIP_PDF_NOT_TANSHIN: title=2026年１月期通期決算説明会資料
[19:10:06] [INGEST] doc_id=ecc2e02fc2ccbdd5 status=skipped_not_tanshin title=2026年１月期通期決算説明会資料
[19:10:06] [DL] 既にダウンロード済み: data\docs\140120260313581308.pdf
[19:10:06] [抽出] SKIP_PDF_NOT_TANSHIN: title=2026年10月期 第１四半期決算説明資料
[19:10:06] [INGEST] doc_id=a78b4071b3b85b97 status=skipped_not_tanshin title=2026年10月期 第１四半期決算説明資料
[19:10:06] [DL] 既にダウンロード済み: data\docs\140120260313581315.pdf
[19:10:06] [抽出] SKIP_PDF_NOT_TANSHIN: title=2026年10月期 第１四半期決算説明資料（書き起こし）公開に関するお知らせ
[19:10:06] [INGEST] doc_id=c9e7ddeb7cbfce1f status=skipped_not_tanshin title=2026年10月期 第１四半期決算説明資料（書き起こし）公開に関するお知らせ
[19:10:06] [DL] 既にダウンロード済み: data\docs\140120260313581454.pdf
[19:10:06] [抽出] SKIP_PDF_NOT_TANSHIN: title=2026年10月期第１四半期決算説明資料
[19:10:06] [INGEST] doc_id=76f1d64eda1678a0 status=skipped_not_tanshin title=2026年10月期第１四半期決算説明資料
[19:10:06] [DL] 既にダウンロード済み: data\docs\140120260313581610.pdf
[19:10:06] [抽出] SKIP_PDF_NOT_TANSHIN: title=2026年７月期　第２四半期決算説明資料
[19:10:06] [INGEST] doc_id=8ba7cf79e9935209 status=skipped_not_tanshin title=2026年７月期　第２四半期決算説明資料
[19:10:06] [DL] 既にダウンロード済み: data\docs\140120260311579432.pdf
[19:10:06] [抽出] SKIP_PDF_NOT_TANSHIN: title=2026年10月期第１四半期 決算補足説明資料
[19:10:06] [INGEST] doc_id=e0daeec92a3e8cde status=skipped_not_tanshin title=2026年10月期第１四半期 決算補足説明資料
[19:10:06] [DL] 既にダウンロード済み: data\docs\140120260312580742.pdf
[19:10:06] [抽出] SKIP_PDF_NOT_TANSHIN: title=2026年７月期第２四半期決算説明資料
[19:10:06] [INGEST] doc_id=941a4b3b0407a6ac status=skipped_not_tanshin title=2026年７月期第２四半期決算説明資料
[19:10:06] [DL] 既にダウンロード済み: data\docs\140120260313581335.pdf
[19:10:06] [抽出] SKIP_PDF_NOT_TANSHIN: title=2026年10月期　第１四半期　決算説明資料
[19:10:06] [INGEST] doc_id=fe64e06c80691acf status=skipped_not_tanshin title=2026年10月期　第１四半期　決算説明資料
[19:10:06] [DL] 既にダウンロード済み: data\docs\140120260309578448.pdf
[19:10:06] [抽出] SKIP_PDF_NOT_TANSHIN: title=2026年10月期第1四半期決算ご説明（IR資料）
[19:10:06] [INGEST] doc_id=62b3ae94689f23c5 status=skipped_not_tanshin title=2026年10月期第1四半期決算ご説明（IR資料）
[19:10:06] [DL] 既にダウンロード済み: data\docs\140120260310578873.pdf
[19:10:06] [抽出] SKIP_PDF_NOT_TANSHIN: title=2026年10月期 第１四半期決算補足説明資料
[19:10:06] [INGEST] doc_id=9a2a3b585e7f1d13 status=skipped_not_tanshin title=2026年10月期 第１四半期決算補足説明資料
[19:10:06] [INGEST] run=ingest-b5af6eb6 processed=31 success=0 skipped=31 error=0 (tanshin=31) SKIP_NOT_TANSHIN_TITLE=31
[19:10:06] [filings_ingest] done total=31 success=0 errors=0
[19:10:07] [pipeline_run] finished: ingest status=done elapsed=5.0s id=193 processed=31 success=0 failed=0
[2026/03/13 19:10:07.10] Finished (exit=0) 
[2026/03/13 19:20:01.45] Starting ingest 
[19:20:01] [db] config: write_key_type=service_role read_key_type=service_role
[19:20:02] [pipeline_run] started: ingest (id=194, trigger=scheduler)
[19:20:02] [filings_ingest] start dry_run=False company_code=ALL
[19:20:02] [API] yanoshin.jp APIから取得中: https://webapi.yanoshin.jp/webapi/tdnet/list/today.json
[19:20:02] [API] detected_schema=items, raw_items_count=300
[19:20:02] [API] first_item_preview: id=4df3ccdb0c96..., pubdate=2026-03-13 19:00:00, title=役員持株会設立に関するお知らせ, code=265A
[19:20:02] [API] fetched_count=300
[19:20:02] [API] fetched_count=300, filtered_count=126, forecast_revision_count=29, financial_statement_count=97
[19:20:02] [API] new_count=60 already_processed=66 already_processed_financial_statement=66 new_financial_statement=31
[19:20:02] [API] already_processed_tickers=3421,359A,4431,5598,3161,9254,172A,186A,3441,3524,3931,4378,5079,7050,7674,7850,9262,9425,218A,3444
[19:20:02] [INGEST] run=ingest-b807ef6b new_items=60 target_statements=31 non_target=29 (forecast_revision=29, other=0)
[19:20:02] [DL] 既にダウンロード済み: data\docs\140120260313581949.pdf
[19:20:02] [抽出] SKIP_PDF_NOT_TANSHIN: title=（追加）「2026年10月期　第１四半期　決算説明資料」の一部追加について
[19:20:02] [INGEST] doc_id=c1d69b788cc8900f status=skipped_not_tanshin title=（追加）「2026年10月期　第１四半期　決算説明資料」の一部追加について
[19:20:02] [DL] 既にダウンロード済み: data\docs\140120260313581538.pdf
[19:20:02] [抽出] SKIP_PDF_NOT_TANSHIN: title=2026年7月期 第2四半期 決算説明資料
[19:20:02] [INGEST] doc_id=6da97293e362a01f status=skipped_not_tanshin title=2026年7月期 第2四半期 決算説明資料
[19:20:02] [DL] 既にダウンロード済み: data\docs\140120260313581862.pdf
[19:20:02] [抽出] SKIP_PDF_NOT_TANSHIN: title=2026年4月期第3四半期決算説明資料
[19:20:02] [INGEST] doc_id=487d3393278a1da2 status=skipped_not_tanshin title=2026年4月期第3四半期決算説明資料
[19:20:02] [DL] 既にダウンロード済み: data\docs\140120260312580598.pdf
[19:20:02] [抽出] SKIP_PDF_NOT_TANSHIN: title=2026年9月期 第1四半期決算にかかる機関投資家等との対話について
[19:20:02] [INGEST] doc_id=6c6b0eae45d97a2c status=skipped_not_tanshin title=2026年9月期 第1四半期決算にかかる機関投資家等との対話について
[19:20:02] [DL] 既にダウンロード済み: data\docs\140120260313581824.pdf
[19:20:02] [抽出] SKIP_PDF_NOT_TANSHIN: title=2026年3月期第１四半期 決算説明資料
[19:20:02] [INGEST] doc_id=c038d23197af192f status=skipped_not_tanshin title=2026年3月期第１四半期 決算説明資料
[19:20:02] [DL] 既にダウンロード済み: data\docs\140120260313581682.pdf
[19:20:02] [抽出] SKIP_PDF_NOT_TANSHIN: title=2026年4月期第3四半期 決算説明資料
[19:20:02] [INGEST] doc_id=ece0026e15e66168 status=skipped_not_tanshin title=2026年4月期第3四半期 決算説明資料
[19:20:02] [DL] 既にダウンロード済み: data\docs\140120260312580915.pdf
[19:20:03] [抽出] SKIP_PDF_NOT_TANSHIN: title=2026年10月期第１四半期 決算説明資料
[19:20:03] [INGEST] doc_id=4ccbe79cd9b3d282 status=skipped_not_tanshin title=2026年10月期第１四半期 決算説明資料
[19:20:03] [DL] 既にダウンロード済み: data\docs\140120260313581864.pdf
[19:20:03] [抽出] SKIP_PDF_NOT_TANSHIN: title=2026年4月期第３四半期決算説明補足資料
[19:20:03] [INGEST] doc_id=05e1335e1aecce0d status=skipped_not_tanshin title=2026年4月期第３四半期決算説明補足資料
[19:20:03] [DL] 既にダウンロード済み: data\docs\140120260313581236.pdf
[19:20:03] [抽出] SKIP_PDF_NOT_TANSHIN: title=2026年１月期通期　決算説明資料
[19:20:03] [INGEST] doc_id=3a2488b580f82825 status=skipped_not_tanshin title=2026年１月期通期　決算説明資料
[19:20:03] [DL] 既にダウンロード済み: data\docs\140120260313581648.pdf
[19:20:03] [抽出] SKIP_PDF_NOT_TANSHIN: title=2026年7月期 第2四半期決算説明資料
[19:20:03] [INGEST] doc_id=f97aff7509c5c532 status=skipped_not_tanshin title=2026年7月期 第2四半期決算説明資料
[19:20:03] [DL] 既にダウンロード済み: data\docs\140120260312580923.pdf
[19:20:03] [抽出] SKIP_PDF_NOT_TANSHIN: title=売れるネット広告社グループ（9235）2026年７月期第2四半期決算説明資料
[19:20:03] [INGEST] doc_id=0b376bb3f7a7e79e status=skipped_not_tanshin title=売れるネット広告社グループ（9235）2026年７月期第2四半期決算説明資料
[19:20:03] [DL] 既にダウンロード済み: data\docs\140120260313581070.pdf
[19:20:03] [抽出] SKIP_PDF_NOT_TANSHIN: title=2026年10月期　第１四半期決算説明資料
[19:20:03] [INGEST] doc_id=3f144949896df324 status=skipped_not_tanshin title=2026年10月期　第１四半期決算説明資料
[19:20:03] [DL] 既にダウンロード済み: data\docs\140120260310579038.pdf
[19:20:03] [抽出] SKIP_PDF_NOT_TANSHIN: title=2026年７月期　第２四半期決算補足説明資料
[19:20:03] [INGEST] doc_id=2435c857359954ea status=skipped_not_tanshin title=2026年７月期　第２四半期決算補足説明資料
[19:20:03] [DL] 既にダウンロード済み: data\docs\140120260312580260.pdf
[19:20:03] [抽出] SKIP_PDF_NOT_TANSHIN: title=2026年10月期 第１四半期 決算説明資料
[19:20:03] [INGEST] doc_id=61115f05deb10312 status=skipped_not_tanshin title=2026年10月期 第１四半期 決算説明資料
[19:20:03] [DL] 既にダウンロード済み: data\docs\140120260313581418.pdf
[19:20:03] [抽出] SKIP_PDF_NOT_TANSHIN: title=2026年４月期　第３四半期決算説明資料
[19:20:03] [INGEST] doc_id=638b8c0a8c1ee3f8 status=skipped_not_tanshin title=2026年４月期　第３四半期決算説明資料
[19:20:03] [DL] 既にダウンロード済み: data\docs\140120260313581627.pdf
[19:20:03] [抽出] SKIP_PDF_NOT_TANSHIN: title=2026年４月期　第３四半期決算説明資料
[19:20:03] [INGEST] doc_id=8598ccc3ad37c7f4 status=skipped_not_tanshin title=2026年４月期　第３四半期決算説明資料
[19:20:03] [DL] 既にダウンロード済み: data\docs\140120260313581801.pdf
[19:20:03] [抽出] SKIP_PDF_NOT_TANSHIN: title=2026年10月期 第1四半期決算補足説明資料
[19:20:03] [INGEST] doc_id=293914e1d95d3f2e status=skipped_not_tanshin title=2026年10月期 第1四半期決算補足説明資料
[19:20:03] [DL] 既にダウンロード済み: data\docs\140120260312580829.pdf
[19:20:03] [抽出] SKIP_PDF_NOT_TANSHIN: title=2026年4月期 第３四半期決算説明資料
[19:20:03] [INGEST] doc_id=da020834f5388106 status=skipped_not_tanshin title=2026年4月期 第３四半期決算説明資料
[19:20:03] [DL] 既にダウンロード済み: data\docs\140120260313581540.pdf
[19:20:03] [抽出] SKIP_PDF_NOT_TANSHIN: title=2026年1月期 通期 決算説明資料(事業計画及び成長可能性に関する事項)
[19:20:03] [INGEST] doc_id=4334b680e79b765d status=skipped_not_tanshin title=2026年1月期 通期 決算説明資料(事業計画及び成長可能性に関する事項)
[19:20:03] [DL] 既にダウンロード済み: data\docs\140120260313581793.pdf
[19:20:06] [抽出] SKIP_PDF_NOT_TANSHIN: title=2026年４月期 第３四半期決算説明資料
[19:20:06] [INGEST] doc_id=6508deb5bc24c0cc status=skipped_not_tanshin title=2026年４月期 第３四半期決算説明資料
[19:20:06] [DL] 既にダウンロード済み: data\docs\140120260313581319.pdf
[19:20:06] [抽出] SKIP_PDF_NOT_TANSHIN: title=2026年４月期第３四半期決算説明資料
[19:20:06] [INGEST] doc_id=b99b4391f4fa9c37 status=skipped_not_tanshin title=2026年４月期第３四半期決算説明資料
[19:20:06] [DL] 既にダウンロード済み: data\docs\140120260313581723.pdf
[19:20:06] [抽出] SKIP_PDF_NOT_TANSHIN: title=2026年１月期通期決算説明会資料
[19:20:06] [INGEST] doc_id=ecc2e02fc2ccbdd5 status=skipped_not_tanshin title=2026年１月期通期決算説明会資料
[19:20:06] [DL] 既にダウンロード済み: data\docs\140120260313581308.pdf
[19:20:06] [抽出] SKIP_PDF_NOT_TANSHIN: title=2026年10月期 第１四半期決算説明資料
[19:20:06] [INGEST] doc_id=a78b4071b3b85b97 status=skipped_not_tanshin title=2026年10月期 第１四半期決算説明資料
[19:20:06] [DL] 既にダウンロード済み: data\docs\140120260313581315.pdf
[19:20:06] [抽出] SKIP_PDF_NOT_TANSHIN: title=2026年10月期 第１四半期決算説明資料（書き起こし）公開に関するお知らせ
[19:20:06] [INGEST] doc_id=c9e7ddeb7cbfce1f status=skipped_not_tanshin title=2026年10月期 第１四半期決算説明資料（書き起こし）公開に関するお知らせ
[19:20:06] [DL] 既にダウンロード済み: data\docs\140120260313581454.pdf
[19:20:06] [抽出] SKIP_PDF_NOT_TANSHIN: title=2026年10月期第１四半期決算説明資料
[19:20:06] [INGEST] doc_id=76f1d64eda1678a0 status=skipped_not_tanshin title=2026年10月期第１四半期決算説明資料
[19:20:06] [DL] 既にダウンロード済み: data\docs\140120260313581610.pdf
[19:20:06] [抽出] SKIP_PDF_NOT_TANSHIN: title=2026年７月期　第２四半期決算説明資料
[19:20:06] [INGEST] doc_id=8ba7cf79e9935209 status=skipped_not_tanshin title=2026年７月期　第２四半期決算説明資料
[19:20:06] [DL] 既にダウンロード済み: data\docs\140120260311579432.pdf
[19:20:06] [抽出] SKIP_PDF_NOT_TANSHIN: title=2026年10月期第１四半期 決算補足説明資料
[19:20:06] [INGEST] doc_id=e0daeec92a3e8cde status=skipped_not_tanshin title=2026年10月期第１四半期 決算補足説明資料
[19:20:06] [DL] 既にダウンロード済み: data\docs\140120260312580742.pdf
[19:20:06] [抽出] SKIP_PDF_NOT_TANSHIN: title=2026年７月期第２四半期決算説明資料
[19:20:06] [INGEST] doc_id=941a4b3b0407a6ac status=skipped_not_tanshin title=2026年７月期第２四半期決算説明資料
[19:20:06] [DL] 既にダウンロード済み: data\docs\140120260313581335.pdf
[19:20:06] [抽出] SKIP_PDF_NOT_TANSHIN: title=2026年10月期　第１四半期　決算説明資料
[19:20:06] [INGEST] doc_id=fe64e06c80691acf status=skipped_not_tanshin title=2026年10月期　第１四半期　決算説明資料
[19:20:06] [DL] 既にダウンロード済み: data\docs\140120260309578448.pdf
[19:20:06] [抽出] SKIP_PDF_NOT_TANSHIN: title=2026年10月期第1四半期決算ご説明（IR資料）
[19:20:06] [INGEST] doc_id=62b3ae94689f23c5 status=skipped_not_tanshin title=2026年10月期第1四半期決算ご説明（IR資料）
[19:20:06] [DL] 既にダウンロード済み: data\docs\140120260310578873.pdf
[19:20:06] [抽出] SKIP_PDF_NOT_TANSHIN: title=2026年10月期 第１四半期決算補足説明資料
[19:20:06] [INGEST] doc_id=9a2a3b585e7f1d13 status=skipped_not_tanshin title=2026年10月期 第１四半期決算補足説明資料
[19:20:06] [INGEST] run=ingest-b807ef6b processed=31 success=0 skipped=31 error=0 (tanshin=31) SKIP_NOT_TANSHIN_TITLE=31
[19:20:06] [filings_ingest] done total=31 success=0 errors=0
[19:20:07] [pipeline_run] finished: ingest status=done elapsed=5.1s id=194 processed=31 success=0 failed=0
[2026/03/13 19:20:07.16] Finished (exit=0) 
[2026/03/13 19:30:01.49] Starting ingest 
[19:30:01] [db] config: write_key_type=service_role read_key_type=service_role
[19:30:01] [pipeline_run] started: ingest (id=195, trigger=scheduler)
[19:30:02] [filings_ingest] start dry_run=False company_code=ALL
[19:30:02] [API] yanoshin.jp APIから取得中: https://webapi.yanoshin.jp/webapi/tdnet/list/today.json
[19:30:02] [API] detected_schema=items, raw_items_count=300
[19:30:02] [API] first_item_preview: id=4df3ccdb0c96..., pubdate=2026-03-13 19:00:00, title=役員持株会設立に関するお知らせ, code=265A
[19:30:02] [API] fetched_count=300
[19:30:02] [API] fetched_count=300, filtered_count=126, forecast_revision_count=29, financial_statement_count=97
[19:30:02] [API] new_count=60 already_processed=66 already_processed_financial_statement=66 new_financial_statement=31
[19:30:02] [API] already_processed_tickers=3421,359A,4431,5598,3161,9254,172A,186A,3441,3524,3931,4378,5079,7050,7674,7850,9262,9425,218A,3444
[19:30:02] [INGEST] run=ingest-b28b7392 new_items=60 target_statements=31 non_target=29 (forecast_revision=29, other=0)
[19:30:02] [DL] 既にダウンロード済み: data\docs\140120260313581949.pdf
[19:30:02] [抽出] SKIP_PDF_NOT_TANSHIN: title=（追加）「2026年10月期　第１四半期　決算説明資料」の一部追加について
[19:30:02] [INGEST] doc_id=c1d69b788cc8900f status=skipped_not_tanshin title=（追加）「2026年10月期　第１四半期　決算説明資料」の一部追加について
[19:30:02] [DL] 既にダウンロード済み: data\docs\140120260313581538.pdf
[19:30:02] [抽出] SKIP_PDF_NOT_TANSHIN: title=2026年7月期 第2四半期 決算説明資料
[19:30:02] [INGEST] doc_id=6da97293e362a01f status=skipped_not_tanshin title=2026年7月期 第2四半期 決算説明資料
[19:30:02] [DL] 既にダウンロード済み: data\docs\140120260313581862.pdf
[19:30:02] [抽出] SKIP_PDF_NOT_TANSHIN: title=2026年4月期第3四半期決算説明資料
[19:30:02] [INGEST] doc_id=487d3393278a1da2 status=skipped_not_tanshin title=2026年4月期第3四半期決算説明資料
[19:30:02] [DL] 既にダウンロード済み: data\docs\140120260312580598.pdf
[19:30:02] [抽出] SKIP_PDF_NOT_TANSHIN: title=2026年9月期 第1四半期決算にかかる機関投資家等との対話について
[19:30:02] [INGEST] doc_id=6c6b0eae45d97a2c status=skipped_not_tanshin title=2026年9月期 第1四半期決算にかかる機関投資家等との対話について
[19:30:02] [DL] 既にダウンロード済み: data\docs\140120260313581824.pdf
[19:30:02] [抽出] SKIP_PDF_NOT_TANSHIN: title=2026年3月期第１四半期 決算説明資料
[19:30:02] [INGEST] doc_id=c038d23197af192f status=skipped_not_tanshin title=2026年3月期第１四半期 決算説明資料
[19:30:02] [DL] 既にダウンロード済み: data\docs\140120260313581682.pdf
[19:30:02] [抽出] SKIP_PDF_NOT_TANSHIN: title=2026年4月期第3四半期 決算説明資料
[19:30:02] [INGEST] doc_id=ece0026e15e66168 status=skipped_not_tanshin title=2026年4月期第3四半期 決算説明資料
[19:30:02] [DL] 既にダウンロード済み: data\docs\140120260312580915.pdf
[19:30:02] [抽出] SKIP_PDF_NOT_TANSHIN: title=2026年10月期第１四半期 決算説明資料
[19:30:02] [INGEST] doc_id=4ccbe79cd9b3d282 status=skipped_not_tanshin title=2026年10月期第１四半期 決算説明資料
[19:30:02] [DL] 既にダウンロード済み: data\docs\140120260313581864.pdf
[19:30:02] [抽出] SKIP_PDF_NOT_TANSHIN: title=2026年4月期第３四半期決算説明補足資料
[19:30:02] [INGEST] doc_id=05e1335e1aecce0d status=skipped_not_tanshin title=2026年4月期第３四半期決算説明補足資料
[19:30:02] [DL] 既にダウンロード済み: data\docs\140120260313581236.pdf
[19:30:02] [抽出] SKIP_PDF_NOT_TANSHIN: title=2026年１月期通期　決算説明資料
[19:30:02] [INGEST] doc_id=3a2488b580f82825 status=skipped_not_tanshin title=2026年１月期通期　決算説明資料
[19:30:02] [DL] 既にダウンロード済み: data\docs\140120260313581648.pdf
[19:30:03] [抽出] SKIP_PDF_NOT_TANSHIN: title=2026年7月期 第2四半期決算説明資料
[19:30:03] [INGEST] doc_id=f97aff7509c5c532 status=skipped_not_tanshin title=2026年7月期 第2四半期決算説明資料
[19:30:03] [DL] 既にダウンロード済み: data\docs\140120260312580923.pdf
[19:30:03] [抽出] SKIP_PDF_NOT_TANSHIN: title=売れるネット広告社グループ（9235）2026年７月期第2四半期決算説明資料
[19:30:03] [INGEST] doc_id=0b376bb3f7a7e79e status=skipped_not_tanshin title=売れるネット広告社グループ（9235）2026年７月期第2四半期決算説明資料
[19:30:03] [DL] 既にダウンロード済み: data\docs\140120260313581070.pdf
[19:30:03] [抽出] SKIP_PDF_NOT_TANSHIN: title=2026年10月期　第１四半期決算説明資料
[19:30:03] [INGEST] doc_id=3f144949896df324 status=skipped_not_tanshin title=2026年10月期　第１四半期決算説明資料
[19:30:03] [DL] 既にダウンロード済み: data\docs\140120260310579038.pdf
[19:30:03] [抽出] SKIP_PDF_NOT_TANSHIN: title=2026年７月期　第２四半期決算補足説明資料
[19:30:03] [INGEST] doc_id=2435c857359954ea status=skipped_not_tanshin title=2026年７月期　第２四半期決算補足説明資料
[19:30:03] [DL] 既にダウンロード済み: data\docs\140120260312580260.pdf
[19:30:03] [抽出] SKIP_PDF_NOT_TANSHIN: title=2026年10月期 第１四半期 決算説明資料
[19:30:03] [INGEST] doc_id=61115f05deb10312 status=skipped_not_tanshin title=2026年10月期 第１四半期 決算説明資料
[19:30:03] [DL] 既にダウンロード済み: data\docs\140120260313581418.pdf
[19:30:03] [抽出] SKIP_PDF_NOT_TANSHIN: title=2026年４月期　第３四半期決算説明資料
[19:30:03] [INGEST] doc_id=638b8c0a8c1ee3f8 status=skipped_not_tanshin title=2026年４月期　第３四半期決算説明資料
[19:30:03] [DL] 既にダウンロード済み: data\docs\140120260313581627.pdf
[19:30:03] [抽出] SKIP_PDF_NOT_TANSHIN: title=2026年４月期　第３四半期決算説明資料
[19:30:03] [INGEST] doc_id=8598ccc3ad37c7f4 status=skipped_not_tanshin title=2026年４月期　第３四半期決算説明資料
[19:30:03] [DL] 既にダウンロード済み: data\docs\140120260313581801.pdf
[19:30:03] [抽出] SKIP_PDF_NOT_TANSHIN: title=2026年10月期 第1四半期決算補足説明資料
[19:30:03] [INGEST] doc_id=293914e1d95d3f2e status=skipped_not_tanshin title=2026年10月期 第1四半期決算補足説明資料
[19:30:03] [DL] 既にダウンロード済み: data\docs\140120260312580829.pdf
[19:30:03] [抽出] SKIP_PDF_NOT_TANSHIN: title=2026年4月期 第３四半期決算説明資料
[19:30:03] [INGEST] doc_id=da020834f5388106 status=skipped_not_tanshin title=2026年4月期 第３四半期決算説明資料
[19:30:03] [DL] 既にダウンロード済み: data\docs\140120260313581540.pdf
[19:30:03] [抽出] SKIP_PDF_NOT_TANSHIN: title=2026年1月期 通期 決算説明資料(事業計画及び成長可能性に関する事項)
[19:30:03] [INGEST] doc_id=4334b680e79b765d status=skipped_not_tanshin title=2026年1月期 通期 決算説明資料(事業計画及び成長可能性に関する事項)
[19:30:03] [DL] 既にダウンロード済み: data\docs\140120260313581793.pdf
[19:30:05] [抽出] SKIP_PDF_NOT_TANSHIN: title=2026年４月期 第３四半期決算説明資料
[19:30:05] [INGEST] doc_id=6508deb5bc24c0cc status=skipped_not_tanshin title=2026年４月期 第３四半期決算説明資料
[19:30:05] [DL] 既にダウンロード済み: data\docs\140120260313581319.pdf
[19:30:06] [抽出] SKIP_PDF_NOT_TANSHIN: title=2026年４月期第３四半期決算説明資料
[19:30:06] [INGEST] doc_id=b99b4391f4fa9c37 status=skipped_not_tanshin title=2026年４月期第３四半期決算説明資料
[19:30:06] [DL] 既にダウンロード済み: data\docs\140120260313581723.pdf
[19:30:06] [抽出] SKIP_PDF_NOT_TANSHIN: title=2026年１月期通期決算説明会資料
[19:30:06] [INGEST] doc_id=ecc2e02fc2ccbdd5 status=skipped_not_tanshin title=2026年１月期通期決算説明会資料
[19:30:06] [DL] 既にダウンロード済み: data\docs\140120260313581308.pdf
[19:30:06] [抽出] SKIP_PDF_NOT_TANSHIN: title=2026年10月期 第１四半期決算説明資料
[19:30:06] [INGEST] doc_id=a78b4071b3b85b97 status=skipped_not_tanshin title=2026年10月期 第１四半期決算説明資料
[19:30:06] [DL] 既にダウンロード済み: data\docs\140120260313581315.pdf
[19:30:06] [抽出] SKIP_PDF_NOT_TANSHIN: title=2026年10月期 第１四半期決算説明資料（書き起こし）公開に関するお知らせ
[19:30:06] [INGEST] doc_id=c9e7ddeb7cbfce1f status=skipped_not_tanshin title=2026年10月期 第１四半期決算説明資料（書き起こし）公開に関するお知らせ
[19:30:06] [DL] 既にダウンロード済み: data\docs\140120260313581454.pdf
[19:30:06] [抽出] SKIP_PDF_NOT_TANSHIN: title=2026年10月期第１四半期決算説明資料
[19:30:06] [INGEST] doc_id=76f1d64eda1678a0 status=skipped_not_tanshin title=2026年10月期第１四半期決算説明資料
[19:30:06] [DL] 既にダウンロード済み: data\docs\140120260313581610.pdf
[19:30:06] [抽出] SKIP_PDF_NOT_TANSHIN: title=2026年７月期　第２四半期決算説明資料
[19:30:06] [INGEST] doc_id=8ba7cf79e9935209 status=skipped_not_tanshin title=2026年７月期　第２四半期決算説明資料
[19:30:06] [DL] 既にダウンロード済み: data\docs\140120260311579432.pdf
[19:30:06] [抽出] SKIP_PDF_NOT_TANSHIN: title=2026年10月期第１四半期 決算補足説明資料
[19:30:06] [INGEST] doc_id=e0daeec92a3e8cde status=skipped_not_tanshin title=2026年10月期第１四半期 決算補足説明資料
[19:30:06] [DL] 既にダウンロード済み: data\docs\140120260312580742.pdf
[19:30:06] [抽出] SKIP_PDF_NOT_TANSHIN: title=2026年７月期第２四半期決算説明資料
[19:30:06] [INGEST] doc_id=941a4b3b0407a6ac status=skipped_not_tanshin title=2026年７月期第２四半期決算説明資料
[19:30:06] [DL] 既にダウンロード済み: data\docs\140120260313581335.pdf
[19:30:06] [抽出] SKIP_PDF_NOT_TANSHIN: title=2026年10月期　第１四半期　決算説明資料
[19:30:06] [INGEST] doc_id=fe64e06c80691acf status=skipped_not_tanshin title=2026年10月期　第１四半期　決算説明資料
[19:30:06] [DL] 既にダウンロード済み: data\docs\140120260309578448.pdf
[19:30:06] [抽出] SKIP_PDF_NOT_TANSHIN: title=2026年10月期第1四半期決算ご説明（IR資料）
[19:30:06] [INGEST] doc_id=62b3ae94689f23c5 status=skipped_not_tanshin title=2026年10月期第1四半期決算ご説明（IR資料）
[19:30:06] [DL] 既にダウンロード済み: data\docs\140120260310578873.pdf
[19:30:06] [抽出] SKIP_PDF_NOT_TANSHIN: title=2026年10月期 第１四半期決算補足説明資料
[19:30:06] [INGEST] doc_id=9a2a3b585e7f1d13 status=skipped_not_tanshin title=2026年10月期 第１四半期決算補足説明資料
[19:30:06] [INGEST] run=ingest-b28b7392 processed=31 success=0 skipped=31 error=0 (tanshin=31) SKIP_NOT_TANSHIN_TITLE=31
[19:30:06] [filings_ingest] done total=31 success=0 errors=0
[19:30:07] [pipeline_run] finished: ingest status=done elapsed=5.1s id=195 processed=31 success=0 failed=0
[2026/03/13 19:30:07.07] Finished (exit=0) 
[2026/03/13 19:40:01.47] Starting ingest 
[19:40:01] [db] config: write_key_type=service_role read_key_type=service_role
[19:40:02] [pipeline_run] started: ingest (id=196, trigger=scheduler)
[19:40:02] [filings_ingest] start dry_run=False company_code=ALL
[19:40:02] [API] yanoshin.jp APIから取得中: https://webapi.yanoshin.jp/webapi/tdnet/list/today.json
[19:40:02] [API] detected_schema=items, raw_items_count=300
[19:40:02] [API] first_item_preview: id=4df3ccdb0c96..., pubdate=2026-03-13 19:00:00, title=役員持株会設立に関するお知らせ, code=265A
[19:40:02] [API] fetched_count=300
[19:40:02] [API] fetched_count=300, filtered_count=126, forecast_revision_count=29, financial_statement_count=97
[19:40:02] [API] new_count=60 already_processed=66 already_processed_financial_statement=66 new_financial_statement=31
[19:40:02] [API] already_processed_tickers=3421,359A,4431,5598,3161,9254,172A,186A,3441,3524,3931,4378,5079,7050,7674,7850,9262,9425,218A,3444
[19:40:02] [INGEST] run=ingest-d7a6844f new_items=60 target_statements=31 non_target=29 (forecast_revision=29, other=0)
[19:40:02] [DL] 既にダウンロード済み: data\docs\140120260313581949.pdf
[19:40:02] [抽出] SKIP_PDF_NOT_TANSHIN: title=（追加）「2026年10月期　第１四半期　決算説明資料」の一部追加について
[19:40:02] [INGEST] doc_id=c1d69b788cc8900f status=skipped_not_tanshin title=（追加）「2026年10月期　第１四半期　決算説明資料」の一部追加について
[19:40:02] [DL] 既にダウンロード済み: data\docs\140120260313581538.pdf
[19:40:02] [抽出] SKIP_PDF_NOT_TANSHIN: title=2026年7月期 第2四半期 決算説明資料
[19:40:02] [INGEST] doc_id=6da97293e362a01f status=skipped_not_tanshin title=2026年7月期 第2四半期 決算説明資料
[19:40:02] [DL] 既にダウンロード済み: data\docs\140120260313581862.pdf
[19:40:02] [抽出] SKIP_PDF_NOT_TANSHIN: title=2026年4月期第3四半期決算説明資料
[19:40:02] [INGEST] doc_id=487d3393278a1da2 status=skipped_not_tanshin title=2026年4月期第3四半期決算説明資料
[19:40:02] [DL] 既にダウンロード済み: data\docs\140120260312580598.pdf
[19:40:02] [抽出] SKIP_PDF_NOT_TANSHIN: title=2026年9月期 第1四半期決算にかかる機関投資家等との対話について
[19:40:02] [INGEST] doc_id=6c6b0eae45d97a2c status=skipped_not_tanshin title=2026年9月期 第1四半期決算にかかる機関投資家等との対話について
[19:40:02] [DL] 既にダウンロード済み: data\docs\140120260313581824.pdf
[19:40:02] [抽出] SKIP_PDF_NOT_TANSHIN: title=2026年3月期第１四半期 決算説明資料
[19:40:02] [INGEST] doc_id=c038d23197af192f status=skipped_not_tanshin title=2026年3月期第１四半期 決算説明資料
[19:40:02] [DL] 既にダウンロード済み: data\docs\140120260313581682.pdf
[19:40:02] [抽出] SKIP_PDF_NOT_TANSHIN: title=2026年4月期第3四半期 決算説明資料
[19:40:02] [INGEST] doc_id=ece0026e15e66168 status=skipped_not_tanshin title=2026年4月期第3四半期 決算説明資料
[19:40:02] [DL] 既にダウンロード済み: data\docs\140120260312580915.pdf
[19:40:03] [抽出] SKIP_PDF_NOT_TANSHIN: title=2026年10月期第１四半期 決算説明資料
[19:40:03] [INGEST] doc_id=4ccbe79cd9b3d282 status=skipped_not_tanshin title=2026年10月期第１四半期 決算説明資料
[19:40:03] [DL] 既にダウンロード済み: data\docs\140120260313581864.pdf
[19:40:03] [抽出] SKIP_PDF_NOT_TANSHIN: title=2026年4月期第３四半期決算説明補足資料
[19:40:03] [INGEST] doc_id=05e1335e1aecce0d status=skipped_not_tanshin title=2026年4月期第３四半期決算説明補足資料
[19:40:03] [DL] 既にダウンロード済み: data\docs\140120260313581236.pdf
[19:40:03] [抽出] SKIP_PDF_NOT_TANSHIN: title=2026年１月期通期　決算説明資料
[19:40:03] [INGEST] doc_id=3a2488b580f82825 status=skipped_not_tanshin title=2026年１月期通期　決算説明資料
[19:40:03] [DL] 既にダウンロード済み: data\docs\140120260313581648.pdf
[19:40:03] [抽出] SKIP_PDF_NOT_TANSHIN: title=2026年7月期 第2四半期決算説明資料
[19:40:03] [INGEST] doc_id=f97aff7509c5c532 status=skipped_not_tanshin title=2026年7月期 第2四半期決算説明資料
[19:40:03] [DL] 既にダウンロード済み: data\docs\140120260312580923.pdf
[19:40:03] [抽出] SKIP_PDF_NOT_TANSHIN: title=売れるネット広告社グループ（9235）2026年７月期第2四半期決算説明資料
[19:40:03] [INGEST] doc_id=0b376bb3f7a7e79e status=skipped_not_tanshin title=売れるネット広告社グループ（9235）2026年７月期第2四半期決算説明資料
[19:40:03] [DL] 既にダウンロード済み: data\docs\140120260313581070.pdf
[19:40:03] [抽出] SKIP_PDF_NOT_TANSHIN: title=2026年10月期　第１四半期決算説明資料
[19:40:03] [INGEST] doc_id=3f144949896df324 status=skipped_not_tanshin title=2026年10月期　第１四半期決算説明資料
[19:40:03] [DL] 既にダウンロード済み: data\docs\140120260310579038.pdf
[19:40:03] [抽出] SKIP_PDF_NOT_TANSHIN: title=2026年７月期　第２四半期決算補足説明資料
[19:40:03] [INGEST] doc_id=2435c857359954ea status=skipped_not_tanshin title=2026年７月期　第２四半期決算補足説明資料
[19:40:03] [DL] 既にダウンロード済み: data\docs\140120260312580260.pdf
[19:40:03] [抽出] SKIP_PDF_NOT_TANSHIN: title=2026年10月期 第１四半期 決算説明資料
[19:40:03] [INGEST] doc_id=61115f05deb10312 status=skipped_not_tanshin title=2026年10月期 第１四半期 決算説明資料
[19:40:03] [DL] 既にダウンロード済み: data\docs\140120260313581418.pdf
[19:40:03] [抽出] SKIP_PDF_NOT_TANSHIN: title=2026年４月期　第３四半期決算説明資料
[19:40:03] [INGEST] doc_id=638b8c0a8c1ee3f8 status=skipped_not_tanshin title=2026年４月期　第３四半期決算説明資料
[19:40:03] [DL] 既にダウンロード済み: data\docs\140120260313581627.pdf
[19:40:03] [抽出] SKIP_PDF_NOT_TANSHIN: title=2026年４月期　第３四半期決算説明資料
[19:40:03] [INGEST] doc_id=8598ccc3ad37c7f4 status=skipped_not_tanshin title=2026年４月期　第３四半期決算説明資料
[19:40:03] [DL] 既にダウンロード済み: data\docs\140120260313581801.pdf
[19:40:03] [抽出] SKIP_PDF_NOT_TANSHIN: title=2026年10月期 第1四半期決算補足説明資料
[19:40:03] [INGEST] doc_id=293914e1d95d3f2e status=skipped_not_tanshin title=2026年10月期 第1四半期決算補足説明資料
[19:40:03] [DL] 既にダウンロード済み: data\docs\140120260312580829.pdf
[19:40:03] [抽出] SKIP_PDF_NOT_TANSHIN: title=2026年4月期 第３四半期決算説明資料
[19:40:03] [INGEST] doc_id=da020834f5388106 status=skipped_not_tanshin title=2026年4月期 第３四半期決算説明資料
[19:40:03] [DL] 既にダウンロード済み: data\docs\140120260313581540.pdf
[19:40:03] [抽出] SKIP_PDF_NOT_TANSHIN: title=2026年1月期 通期 決算説明資料(事業計画及び成長可能性に関する事項)
[19:40:03] [INGEST] doc_id=4334b680e79b765d status=skipped_not_tanshin title=2026年1月期 通期 決算説明資料(事業計画及び成長可能性に関する事項)
[19:40:03] [DL] 既にダウンロード済み: data\docs\140120260313581793.pdf
[19:40:06] [抽出] SKIP_PDF_NOT_TANSHIN: title=2026年４月期 第３四半期決算説明資料
[19:40:06] [INGEST] doc_id=6508deb5bc24c0cc status=skipped_not_tanshin title=2026年４月期 第３四半期決算説明資料
[19:40:06] [DL] 既にダウンロード済み: data\docs\140120260313581319.pdf
[19:40:06] [抽出] SKIP_PDF_NOT_TANSHIN: title=2026年４月期第３四半期決算説明資料
[19:40:06] [INGEST] doc_id=b99b4391f4fa9c37 status=skipped_not_tanshin title=2026年４月期第３四半期決算説明資料
[19:40:06] [DL] 既にダウンロード済み: data\docs\140120260313581723.pdf
[19:40:06] [抽出] SKIP_PDF_NOT_TANSHIN: title=2026年１月期通期決算説明会資料
[19:40:06] [INGEST] doc_id=ecc2e02fc2ccbdd5 status=skipped_not_tanshin title=2026年１月期通期決算説明会資料
[19:40:06] [DL] 既にダウンロード済み: data\docs\140120260313581308.pdf
[19:40:06] [抽出] SKIP_PDF_NOT_TANSHIN: title=2026年10月期 第１四半期決算説明資料
[19:40:06] [INGEST] doc_id=a78b4071b3b85b97 status=skipped_not_tanshin title=2026年10月期 第１四半期決算説明資料
[19:40:06] [DL] 既にダウンロード済み: data\docs\140120260313581315.pdf
[19:40:06] [抽出] SKIP_PDF_NOT_TANSHIN: title=2026年10月期 第１四半期決算説明資料（書き起こし）公開に関するお知らせ
[19:40:06] [INGEST] doc_id=c9e7ddeb7cbfce1f status=skipped_not_tanshin title=2026年10月期 第１四半期決算説明資料（書き起こし）公開に関するお知らせ
[19:40:06] [DL] 既にダウンロード済み: data\docs\140120260313581454.pdf
[19:40:06] [抽出] SKIP_PDF_NOT_TANSHIN: title=2026年10月期第１四半期決算説明資料
[19:40:06] [INGEST] doc_id=76f1d64eda1678a0 status=skipped_not_tanshin title=2026年10月期第１四半期決算説明資料
[19:40:06] [DL] 既にダウンロード済み: data\docs\140120260313581610.pdf
[19:40:06] [抽出] SKIP_PDF_NOT_TANSHIN: title=2026年７月期　第２四半期決算説明資料
[19:40:06] [INGEST] doc_id=8ba7cf79e9935209 status=skipped_not_tanshin title=2026年７月期　第２四半期決算説明資料
[19:40:06] [DL] 既にダウンロード済み: data\docs\140120260311579432.pdf
[19:40:06] [抽出] SKIP_PDF_NOT_TANSHIN: title=2026年10月期第１四半期 決算補足説明資料
[19:40:06] [INGEST] doc_id=e0daeec92a3e8cde status=skipped_not_tanshin title=2026年10月期第１四半期 決算補足説明資料
[19:40:06] [DL] 既にダウンロード済み: data\docs\140120260312580742.pdf
[19:40:06] [抽出] SKIP_PDF_NOT_TANSHIN: title=2026年７月期第２四半期決算説明資料
[19:40:06] [INGEST] doc_id=941a4b3b0407a6ac status=skipped_not_tanshin title=2026年７月期第２四半期決算説明資料
[19:40:06] [DL] 既にダウンロード済み: data\docs\140120260313581335.pdf
[19:40:06] [抽出] SKIP_PDF_NOT_TANSHIN: title=2026年10月期　第１四半期　決算説明資料
[19:40:06] [INGEST] doc_id=fe64e06c80691acf status=skipped_not_tanshin title=2026年10月期　第１四半期　決算説明資料
[19:40:06] [DL] 既にダウンロード済み: data\docs\140120260309578448.pdf
[19:40:06] [抽出] SKIP_PDF_NOT_TANSHIN: title=2026年10月期第1四半期決算ご説明（IR資料）
[19:40:06] [INGEST] doc_id=62b3ae94689f23c5 status=skipped_not_tanshin title=2026年10月期第1四半期決算ご説明（IR資料）
[19:40:06] [DL] 既にダウンロード済み: data\docs\140120260310578873.pdf
[19:40:06] [抽出] SKIP_PDF_NOT_TANSHIN: title=2026年10月期 第１四半期決算補足説明資料
[19:40:06] [INGEST] doc_id=9a2a3b585e7f1d13 status=skipped_not_tanshin title=2026年10月期 第１四半期決算補足説明資料
[19:40:06] [INGEST] run=ingest-d7a6844f processed=31 success=0 skipped=31 error=0 (tanshin=31) SKIP_NOT_TANSHIN_TITLE=31
[19:40:06] [filings_ingest] done total=31 success=0 errors=0
[19:40:07] [pipeline_run] finished: ingest status=done elapsed=5.0s id=196 processed=31 success=0 failed=0
[2026/03/13 19:40:07.14] Finished (exit=0) 
[2026/03/13 19:50:01.51] Starting ingest 
[19:50:01] [db] config: write_key_type=service_role read_key_type=service_role
[19:50:02] [pipeline_run] started: ingest (id=197, trigger=scheduler)
[19:50:02] [filings_ingest] start dry_run=False company_code=ALL
[19:50:02] [API] yanoshin.jp APIから取得中: https://webapi.yanoshin.jp/webapi/tdnet/list/today.json
[19:50:02] [API] detected_schema=items, raw_items_count=300
[19:50:02] [API] first_item_preview: id=4df3ccdb0c96..., pubdate=2026-03-13 19:00:00, title=役員持株会設立に関するお知らせ, code=265A
[19:50:02] [API] fetched_count=300
[19:50:02] [API] fetched_count=300, filtered_count=126, forecast_revision_count=29, financial_statement_count=97
[19:50:02] [API] new_count=60 already_processed=66 already_processed_financial_statement=66 new_financial_statement=31
[19:50:02] [API] already_processed_tickers=3421,359A,4431,5598,3161,9254,172A,186A,3441,3524,3931,4378,5079,7050,7674,7850,9262,9425,218A,3444
[19:50:02] [INGEST] run=ingest-20ad7347 new_items=60 target_statements=31 non_target=29 (forecast_revision=29, other=0)
[19:50:02] [DL] 既にダウンロード済み: data\docs\140120260313581949.pdf
[19:50:02] [抽出] SKIP_PDF_NOT_TANSHIN: title=（追加）「2026年10月期　第１四半期　決算説明資料」の一部追加について
[19:50:02] [INGEST] doc_id=c1d69b788cc8900f status=skipped_not_tanshin title=（追加）「2026年10月期　第１四半期　決算説明資料」の一部追加について
[19:50:02] [DL] 既にダウンロード済み: data\docs\140120260313581538.pdf
[19:50:02] [抽出] SKIP_PDF_NOT_TANSHIN: title=2026年7月期 第2四半期 決算説明資料
[19:50:02] [INGEST] doc_id=6da97293e362a01f status=skipped_not_tanshin title=2026年7月期 第2四半期 決算説明資料
[19:50:02] [DL] 既にダウンロード済み: data\docs\140120260313581862.pdf
[19:50:02] [抽出] SKIP_PDF_NOT_TANSHIN: title=2026年4月期第3四半期決算説明資料
[19:50:02] [INGEST] doc_id=487d3393278a1da2 status=skipped_not_tanshin title=2026年4月期第3四半期決算説明資料
[19:50:02] [DL] 既にダウンロード済み: data\docs\140120260312580598.pdf
[19:50:02] [抽出] SKIP_PDF_NOT_TANSHIN: title=2026年9月期 第1四半期決算にかかる機関投資家等との対話について
[19:50:02] [INGEST] doc_id=6c6b0eae45d97a2c status=skipped_not_tanshin title=2026年9月期 第1四半期決算にかかる機関投資家等との対話について
[19:50:02] [DL] 既にダウンロード済み: data\docs\140120260313581824.pdf
[19:50:02] [抽出] SKIP_PDF_NOT_TANSHIN: title=2026年3月期第１四半期 決算説明資料
[19:50:02] [INGEST] doc_id=c038d23197af192f status=skipped_not_tanshin title=2026年3月期第１四半期 決算説明資料
[19:50:02] [DL] 既にダウンロード済み: data\docs\140120260313581682.pdf
[19:50:03] [抽出] SKIP_PDF_NOT_TANSHIN: title=2026年4月期第3四半期 決算説明資料
[19:50:03] [INGEST] doc_id=ece0026e15e66168 status=skipped_not_tanshin title=2026年4月期第3四半期 決算説明資料
[19:50:03] [DL] 既にダウンロード済み: data\docs\140120260312580915.pdf
[19:50:03] [抽出] SKIP_PDF_NOT_TANSHIN: title=2026年10月期第１四半期 決算説明資料
[19:50:03] [INGEST] doc_id=4ccbe79cd9b3d282 status=skipped_not_tanshin title=2026年10月期第１四半期 決算説明資料
[19:50:03] [DL] 既にダウンロード済み: data\docs\140120260313581864.pdf
[19:50:03] [抽出] SKIP_PDF_NOT_TANSHIN: title=2026年4月期第３四半期決算説明補足資料
[19:50:03] [INGEST] doc_id=05e1335e1aecce0d status=skipped_not_tanshin title=2026年4月期第３四半期決算説明補足資料
[19:50:03] [DL] 既にダウンロード済み: data\docs\140120260313581236.pdf
[19:50:03] [抽出] SKIP_PDF_NOT_TANSHIN: title=2026年１月期通期　決算説明資料
[19:50:03] [INGEST] doc_id=3a2488b580f82825 status=skipped_not_tanshin title=2026年１月期通期　決算説明資料
[19:50:03] [DL] 既にダウンロード済み: data\docs\140120260313581648.pdf
[19:50:03] [抽出] SKIP_PDF_NOT_TANSHIN: title=2026年7月期 第2四半期決算説明資料
[19:50:03] [INGEST] doc_id=f97aff7509c5c532 status=skipped_not_tanshin title=2026年7月期 第2四半期決算説明資料
[19:50:03] [DL] 既にダウンロード済み: data\docs\140120260312580923.pdf
[19:50:03] [抽出] SKIP_PDF_NOT_TANSHIN: title=売れるネット広告社グループ（9235）2026年７月期第2四半期決算説明資料
[19:50:03] [INGEST] doc_id=0b376bb3f7a7e79e status=skipped_not_tanshin title=売れるネット広告社グループ（9235）2026年７月期第2四半期決算説明資料
[19:50:03] [DL] 既にダウンロード済み: data\docs\140120260313581070.pdf
[19:50:03] [抽出] SKIP_PDF_NOT_TANSHIN: title=2026年10月期　第１四半期決算説明資料
[19:50:03] [INGEST] doc_id=3f144949896df324 status=skipped_not_tanshin title=2026年10月期　第１四半期決算説明資料
[19:50:03] [DL] 既にダウンロード済み: data\docs\140120260310579038.pdf
[19:50:03] [抽出] SKIP_PDF_NOT_TANSHIN: title=2026年７月期　第２四半期決算補足説明資料
[19:50:03] [INGEST] doc_id=2435c857359954ea status=skipped_not_tanshin title=2026年７月期　第２四半期決算補足説明資料
[19:50:03] [DL] 既にダウンロード済み: data\docs\140120260312580260.pdf
[19:50:03] [抽出] SKIP_PDF_NOT_TANSHIN: title=2026年10月期 第１四半期 決算説明資料
[19:50:03] [INGEST] doc_id=61115f05deb10312 status=skipped_not_tanshin title=2026年10月期 第１四半期 決算説明資料
[19:50:03] [DL] 既にダウンロード済み: data\docs\140120260313581418.pdf
[19:50:03] [抽出] SKIP_PDF_NOT_TANSHIN: title=2026年４月期　第３四半期決算説明資料
[19:50:03] [INGEST] doc_id=638b8c0a8c1ee3f8 status=skipped_not_tanshin title=2026年４月期　第３四半期決算説明資料
[19:50:03] [DL] 既にダウンロード済み: data\docs\140120260313581627.pdf
[19:50:03] [抽出] SKIP_PDF_NOT_TANSHIN: title=2026年４月期　第３四半期決算説明資料
[19:50:03] [INGEST] doc_id=8598ccc3ad37c7f4 status=skipped_not_tanshin title=2026年４月期　第３四半期決算説明資料
[19:50:03] [DL] 既にダウンロード済み: data\docs\140120260313581801.pdf
[19:50:03] [抽出] SKIP_PDF_NOT_TANSHIN: title=2026年10月期 第1四半期決算補足説明資料
[19:50:03] [INGEST] doc_id=293914e1d95d3f2e status=skipped_not_tanshin title=2026年10月期 第1四半期決算補足説明資料
[19:50:03] [DL] 既にダウンロード済み: data\docs\140120260312580829.pdf
[19:50:03] [抽出] SKIP_PDF_NOT_TANSHIN: title=2026年4月期 第３四半期決算説明資料
[19:50:03] [INGEST] doc_id=da020834f5388106 status=skipped_not_tanshin title=2026年4月期 第３四半期決算説明資料
[19:50:03] [DL] 既にダウンロード済み: data\docs\140120260313581540.pdf
[19:50:03] [抽出] SKIP_PDF_NOT_TANSHIN: title=2026年1月期 通期 決算説明資料(事業計画及び成長可能性に関する事項)
[19:50:03] [INGEST] doc_id=4334b680e79b765d status=skipped_not_tanshin title=2026年1月期 通期 決算説明資料(事業計画及び成長可能性に関する事項)
[19:50:03] [DL] 既にダウンロード済み: data\docs\140120260313581793.pdf
[19:50:06] [抽出] SKIP_PDF_NOT_TANSHIN: title=2026年４月期 第３四半期決算説明資料
[19:50:06] [INGEST] doc_id=6508deb5bc24c0cc status=skipped_not_tanshin title=2026年４月期 第３四半期決算説明資料
[19:50:06] [DL] 既にダウンロード済み: data\docs\140120260313581319.pdf
[19:50:06] [抽出] SKIP_PDF_NOT_TANSHIN: title=2026年４月期第３四半期決算説明資料
[19:50:06] [INGEST] doc_id=b99b4391f4fa9c37 status=skipped_not_tanshin title=2026年４月期第３四半期決算説明資料
[19:50:06] [DL] 既にダウンロード済み: data\docs\140120260313581723.pdf
[19:50:06] [抽出] SKIP_PDF_NOT_TANSHIN: title=2026年１月期通期決算説明会資料
[19:50:06] [INGEST] doc_id=ecc2e02fc2ccbdd5 status=skipped_not_tanshin title=2026年１月期通期決算説明会資料
[19:50:06] [DL] 既にダウンロード済み: data\docs\140120260313581308.pdf
[19:50:06] [抽出] SKIP_PDF_NOT_TANSHIN: title=2026年10月期 第１四半期決算説明資料
[19:50:06] [INGEST] doc_id=a78b4071b3b85b97 status=skipped_not_tanshin title=2026年10月期 第１四半期決算説明資料
[19:50:06] [DL] 既にダウンロード済み: data\docs\140120260313581315.pdf
[19:50:06] [抽出] SKIP_PDF_NOT_TANSHIN: title=2026年10月期 第１四半期決算説明資料（書き起こし）公開に関するお知らせ
[19:50:06] [INGEST] doc_id=c9e7ddeb7cbfce1f status=skipped_not_tanshin title=2026年10月期 第１四半期決算説明資料（書き起こし）公開に関するお知らせ
[19:50:06] [DL] 既にダウンロード済み: data\docs\140120260313581454.pdf
[19:50:06] [抽出] SKIP_PDF_NOT_TANSHIN: title=2026年10月期第１四半期決算説明資料
[19:50:06] [INGEST] doc_id=76f1d64eda1678a0 status=skipped_not_tanshin title=2026年10月期第１四半期決算説明資料
[19:50:06] [DL] 既にダウンロード済み: data\docs\140120260313581610.pdf
[19:50:07] [抽出] SKIP_PDF_NOT_TANSHIN: title=2026年７月期　第２四半期決算説明資料
[19:50:07] [INGEST] doc_id=8ba7cf79e9935209 status=skipped_not_tanshin title=2026年７月期　第２四半期決算説明資料
[19:50:07] [DL] 既にダウンロード済み: data\docs\140120260311579432.pdf
[19:50:07] [抽出] SKIP_PDF_NOT_TANSHIN: title=2026年10月期第１四半期 決算補足説明資料
[19:50:07] [INGEST] doc_id=e0daeec92a3e8cde status=skipped_not_tanshin title=2026年10月期第１四半期 決算補足説明資料
[19:50:07] [DL] 既にダウンロード済み: data\docs\140120260312580742.pdf
[19:50:07] [抽出] SKIP_PDF_NOT_TANSHIN: title=2026年７月期第２四半期決算説明資料
[19:50:07] [INGEST] doc_id=941a4b3b0407a6ac status=skipped_not_tanshin title=2026年７月期第２四半期決算説明資料
[19:50:07] [DL] 既にダウンロード済み: data\docs\140120260313581335.pdf
[19:50:07] [抽出] SKIP_PDF_NOT_TANSHIN: title=2026年10月期　第１四半期　決算説明資料
[19:50:07] [INGEST] doc_id=fe64e06c80691acf status=skipped_not_tanshin title=2026年10月期　第１四半期　決算説明資料
[19:50:07] [DL] 既にダウンロード済み: data\docs\140120260309578448.pdf
[19:50:07] [抽出] SKIP_PDF_NOT_TANSHIN: title=2026年10月期第1四半期決算ご説明（IR資料）
[19:50:07] [INGEST] doc_id=62b3ae94689f23c5 status=skipped_not_tanshin title=2026年10月期第1四半期決算ご説明（IR資料）
[19:50:07] [DL] 既にダウンロード済み: data\docs\140120260310578873.pdf
[19:50:07] [抽出] SKIP_PDF_NOT_TANSHIN: title=2026年10月期 第１四半期決算補足説明資料
[19:50:07] [INGEST] doc_id=9a2a3b585e7f1d13 status=skipped_not_tanshin title=2026年10月期 第１四半期決算補足説明資料
[19:50:07] [INGEST] run=ingest-20ad7347 processed=31 success=0 skipped=31 error=0 (tanshin=31) SKIP_NOT_TANSHIN_TITLE=31
[19:50:07] [filings_ingest] done total=31 success=0 errors=0
[19:50:07] [pipeline_run] finished: ingest status=done elapsed=5.3s id=197 processed=31 success=0 failed=0
[2026/03/13 19:50:07.39] Finished (exit=0) 
[2026/03/13 20:00:01.51] Starting ingest 
[20:00:01] [db] config: write_key_type=service_role read_key_type=service_role
[20:00:02] [pipeline_run] started: ingest (id=198, trigger=scheduler)
[20:00:02] [filings_ingest] start dry_run=False company_code=ALL
[20:00:02] [API] yanoshin.jp APIから取得中: https://webapi.yanoshin.jp/webapi/tdnet/list/today.json
[20:00:02] [API] detected_schema=items, raw_items_count=300
[20:00:02] [API] first_item_preview: id=4df3ccdb0c96..., pubdate=2026-03-13 19:00:00, title=役員持株会設立に関するお知らせ, code=265A
[20:00:02] [API] fetched_count=300
[20:00:02] [API] fetched_count=300, filtered_count=126, forecast_revision_count=29, financial_statement_count=97
[20:00:02] [API] new_count=60 already_processed=66 already_processed_financial_statement=66 new_financial_statement=31
[20:00:02] [API] already_processed_tickers=3421,359A,4431,5598,3161,9254,172A,186A,3441,3524,3931,4378,5079,7050,7674,7850,9262,9425,218A,3444
[20:00:02] [INGEST] run=ingest-ade45e9f new_items=60 target_statements=31 non_target=29 (forecast_revision=29, other=0)
[20:00:02] [DL] 既にダウンロード済み: data\docs\140120260313581949.pdf
[20:00:02] [抽出] SKIP_PDF_NOT_TANSHIN: title=（追加）「2026年10月期　第１四半期　決算説明資料」の一部追加について
[20:00:02] [INGEST] doc_id=c1d69b788cc8900f status=skipped_not_tanshin title=（追加）「2026年10月期　第１四半期　決算説明資料」の一部追加について
[20:00:02] [DL] 既にダウンロード済み: data\docs\140120260313581538.pdf
[20:00:02] [抽出] SKIP_PDF_NOT_TANSHIN: title=2026年7月期 第2四半期 決算説明資料
[20:00:02] [INGEST] doc_id=6da97293e362a01f status=skipped_not_tanshin title=2026年7月期 第2四半期 決算説明資料
[20:00:02] [DL] 既にダウンロード済み: data\docs\140120260313581862.pdf
[20:00:02] [抽出] SKIP_PDF_NOT_TANSHIN: title=2026年4月期第3四半期決算説明資料
[20:00:02] [INGEST] doc_id=487d3393278a1da2 status=skipped_not_tanshin title=2026年4月期第3四半期決算説明資料
[20:00:02] [DL] 既にダウンロード済み: data\docs\140120260312580598.pdf
[20:00:02] [抽出] SKIP_PDF_NOT_TANSHIN: title=2026年9月期 第1四半期決算にかかる機関投資家等との対話について
[20:00:02] [INGEST] doc_id=6c6b0eae45d97a2c status=skipped_not_tanshin title=2026年9月期 第1四半期決算にかかる機関投資家等との対話について
[20:00:02] [DL] 既にダウンロード済み: data\docs\140120260313581824.pdf
[20:00:03] [抽出] SKIP_PDF_NOT_TANSHIN: title=2026年3月期第１四半期 決算説明資料
[20:00:03] [INGEST] doc_id=c038d23197af192f status=skipped_not_tanshin title=2026年3月期第１四半期 決算説明資料
[20:00:03] [DL] 既にダウンロード済み: data\docs\140120260313581682.pdf
[20:00:03] [抽出] SKIP_PDF_NOT_TANSHIN: title=2026年4月期第3四半期 決算説明資料
[20:00:03] [INGEST] doc_id=ece0026e15e66168 status=skipped_not_tanshin title=2026年4月期第3四半期 決算説明資料
[20:00:03] [DL] 既にダウンロード済み: data\docs\140120260312580915.pdf
[20:00:03] [抽出] SKIP_PDF_NOT_TANSHIN: title=2026年10月期第１四半期 決算説明資料
[20:00:03] [INGEST] doc_id=4ccbe79cd9b3d282 status=skipped_not_tanshin title=2026年10月期第１四半期 決算説明資料
[20:00:03] [DL] 既にダウンロード済み: data\docs\140120260313581864.pdf
[20:00:03] [抽出] SKIP_PDF_NOT_TANSHIN: title=2026年4月期第３四半期決算説明補足資料
[20:00:03] [INGEST] doc_id=05e1335e1aecce0d status=skipped_not_tanshin title=2026年4月期第３四半期決算説明補足資料
[20:00:03] [DL] 既にダウンロード済み: data\docs\140120260313581236.pdf
[20:00:03] [抽出] SKIP_PDF_NOT_TANSHIN: title=2026年１月期通期　決算説明資料
[20:00:03] [INGEST] doc_id=3a2488b580f82825 status=skipped_not_tanshin title=2026年１月期通期　決算説明資料
[20:00:03] [DL] 既にダウンロード済み: data\docs\140120260313581648.pdf
[20:00:03] [抽出] SKIP_PDF_NOT_TANSHIN: title=2026年7月期 第2四半期決算説明資料
[20:00:03] [INGEST] doc_id=f97aff7509c5c532 status=skipped_not_tanshin title=2026年7月期 第2四半期決算説明資料
[20:00:03] [DL] 既にダウンロード済み: data\docs\140120260312580923.pdf
[20:00:03] [抽出] SKIP_PDF_NOT_TANSHIN: title=売れるネット広告社グループ（9235）2026年７月期第2四半期決算説明資料
[20:00:03] [INGEST] doc_id=0b376bb3f7a7e79e status=skipped_not_tanshin title=売れるネット広告社グループ（9235）2026年７月期第2四半期決算説明資料
[20:00:03] [DL] 既にダウンロード済み: data\docs\140120260313581070.pdf
[20:00:03] [抽出] SKIP_PDF_NOT_TANSHIN: title=2026年10月期　第１四半期決算説明資料
[20:00:03] [INGEST] doc_id=3f144949896df324 status=skipped_not_tanshin title=2026年10月期　第１四半期決算説明資料
[20:00:03] [DL] 既にダウンロード済み: data\docs\140120260310579038.pdf
[20:00:03] [抽出] SKIP_PDF_NOT_TANSHIN: title=2026年７月期　第２四半期決算補足説明資料
[20:00:03] [INGEST] doc_id=2435c857359954ea status=skipped_not_tanshin title=2026年７月期　第２四半期決算補足説明資料
[20:00:03] [DL] 既にダウンロード済み: data\docs\140120260312580260.pdf
[20:00:03] [抽出] SKIP_PDF_NOT_TANSHIN: title=2026年10月期 第１四半期 決算説明資料
[20:00:03] [INGEST] doc_id=61115f05deb10312 status=skipped_not_tanshin title=2026年10月期 第１四半期 決算説明資料
[20:00:03] [DL] 既にダウンロード済み: data\docs\140120260313581418.pdf
[20:00:03] [抽出] SKIP_PDF_NOT_TANSHIN: title=2026年４月期　第３四半期決算説明資料
[20:00:03] [INGEST] doc_id=638b8c0a8c1ee3f8 status=skipped_not_tanshin title=2026年４月期　第３四半期決算説明資料
[20:00:03] [DL] 既にダウンロード済み: data\docs\140120260313581627.pdf
[20:00:03] [抽出] SKIP_PDF_NOT_TANSHIN: title=2026年４月期　第３四半期決算説明資料
[20:00:03] [INGEST] doc_id=8598ccc3ad37c7f4 status=skipped_not_tanshin title=2026年４月期　第３四半期決算説明資料
[20:00:03] [DL] 既にダウンロード済み: data\docs\140120260313581801.pdf
[20:00:03] [抽出] SKIP_PDF_NOT_TANSHIN: title=2026年10月期 第1四半期決算補足説明資料
[20:00:03] [INGEST] doc_id=293914e1d95d3f2e status=skipped_not_tanshin title=2026年10月期 第1四半期決算補足説明資料
[20:00:03] [DL] 既にダウンロード済み: data\docs\140120260312580829.pdf
[20:00:03] [抽出] SKIP_PDF_NOT_TANSHIN: title=2026年4月期 第３四半期決算説明資料
[20:00:03] [INGEST] doc_id=da020834f5388106 status=skipped_not_tanshin title=2026年4月期 第３四半期決算説明資料
[20:00:03] [DL] 既にダウンロード済み: data\docs\140120260313581540.pdf
[20:00:03] [抽出] SKIP_PDF_NOT_TANSHIN: title=2026年1月期 通期 決算説明資料(事業計画及び成長可能性に関する事項)
[20:00:03] [INGEST] doc_id=4334b680e79b765d status=skipped_not_tanshin title=2026年1月期 通期 決算説明資料(事業計画及び成長可能性に関する事項)
[20:00:03] [DL] 既にダウンロード済み: data\docs\140120260313581793.pdf
[20:00:06] [抽出] SKIP_PDF_NOT_TANSHIN: title=2026年４月期 第３四半期決算説明資料
[20:00:06] [INGEST] doc_id=6508deb5bc24c0cc status=skipped_not_tanshin title=2026年４月期 第３四半期決算説明資料
[20:00:06] [DL] 既にダウンロード済み: data\docs\140120260313581319.pdf
[20:00:06] [抽出] SKIP_PDF_NOT_TANSHIN: title=2026年４月期第３四半期決算説明資料
[20:00:06] [INGEST] doc_id=b99b4391f4fa9c37 status=skipped_not_tanshin title=2026年４月期第３四半期決算説明資料
[20:00:06] [DL] 既にダウンロード済み: data\docs\140120260313581723.pdf
[20:00:06] [抽出] SKIP_PDF_NOT_TANSHIN: title=2026年１月期通期決算説明会資料
[20:00:06] [INGEST] doc_id=ecc2e02fc2ccbdd5 status=skipped_not_tanshin title=2026年１月期通期決算説明会資料
[20:00:06] [DL] 既にダウンロード済み: data\docs\140120260313581308.pdf
[20:00:06] [抽出] SKIP_PDF_NOT_TANSHIN: title=2026年10月期 第１四半期決算説明資料
[20:00:06] [INGEST] doc_id=a78b4071b3b85b97 status=skipped_not_tanshin title=2026年10月期 第１四半期決算説明資料
[20:00:06] [DL] 既にダウンロード済み: data\docs\140120260313581315.pdf
[20:00:06] [抽出] SKIP_PDF_NOT_TANSHIN: title=2026年10月期 第１四半期決算説明資料（書き起こし）公開に関するお知らせ
[20:00:06] [INGEST] doc_id=c9e7ddeb7cbfce1f status=skipped_not_tanshin title=2026年10月期 第１四半期決算説明資料（書き起こし）公開に関するお知らせ
[20:00:06] [DL] 既にダウンロード済み: data\docs\140120260313581454.pdf
[20:00:06] [抽出] SKIP_PDF_NOT_TANSHIN: title=2026年10月期第１四半期決算説明資料
[20:00:06] [INGEST] doc_id=76f1d64eda1678a0 status=skipped_not_tanshin title=2026年10月期第１四半期決算説明資料
[20:00:06] [DL] 既にダウンロード済み: data\docs\140120260313581610.pdf
[20:00:07] [抽出] SKIP_PDF_NOT_TANSHIN: title=2026年７月期　第２四半期決算説明資料
[20:00:07] [INGEST] doc_id=8ba7cf79e9935209 status=skipped_not_tanshin title=2026年７月期　第２四半期決算説明資料
[20:00:07] [DL] 既にダウンロード済み: data\docs\140120260311579432.pdf
[20:00:07] [抽出] SKIP_PDF_NOT_TANSHIN: title=2026年10月期第１四半期 決算補足説明資料
[20:00:07] [INGEST] doc_id=e0daeec92a3e8cde status=skipped_not_tanshin title=2026年10月期第１四半期 決算補足説明資料
[20:00:07] [DL] 既にダウンロード済み: data\docs\140120260312580742.pdf
[20:00:07] [抽出] SKIP_PDF_NOT_TANSHIN: title=2026年７月期第２四半期決算説明資料
[20:00:07] [INGEST] doc_id=941a4b3b0407a6ac status=skipped_not_tanshin title=2026年７月期第２四半期決算説明資料
[20:00:07] [DL] 既にダウンロード済み: data\docs\140120260313581335.pdf
[20:00:07] [抽出] SKIP_PDF_NOT_TANSHIN: title=2026年10月期　第１四半期　決算説明資料
[20:00:07] [INGEST] doc_id=fe64e06c80691acf status=skipped_not_tanshin title=2026年10月期　第１四半期　決算説明資料
[20:00:07] [DL] 既にダウンロード済み: data\docs\140120260309578448.pdf
[20:00:07] [抽出] SKIP_PDF_NOT_TANSHIN: title=2026年10月期第1四半期決算ご説明（IR資料）
[20:00:07] [INGEST] doc_id=62b3ae94689f23c5 status=skipped_not_tanshin title=2026年10月期第1四半期決算ご説明（IR資料）
[20:00:07] [DL] 既にダウンロード済み: data\docs\140120260310578873.pdf
[20:00:07] [抽出] SKIP_PDF_NOT_TANSHIN: title=2026年10月期 第１四半期決算補足説明資料
[20:00:07] [INGEST] doc_id=9a2a3b585e7f1d13 status=skipped_not_tanshin title=2026年10月期 第１四半期決算補足説明資料
[20:00:07] [INGEST] run=ingest-ade45e9f processed=31 success=0 skipped=31 error=0 (tanshin=31) SKIP_NOT_TANSHIN_TITLE=31
[20:00:07] [filings_ingest] done total=31 success=0 errors=0
[20:00:07] [pipeline_run] finished: ingest status=done elapsed=5.3s id=198 processed=31 success=0 failed=0
[2026/03/13 20:00:07.39] Finished (exit=0) 
[2026/03/13 20:10:01.52] Starting ingest 
[20:10:01] [db] config: write_key_type=service_role read_key_type=service_role
[20:10:02] [pipeline_run] started: ingest (id=199, trigger=scheduler)
[20:10:02] [filings_ingest] start dry_run=False company_code=ALL
[20:10:02] [API] yanoshin.jp APIから取得中: https://webapi.yanoshin.jp/webapi/tdnet/list/today.json
[20:10:02] [API] detected_schema=items, raw_items_count=300
[20:10:02] [API] first_item_preview: id=4df3ccdb0c96..., pubdate=2026-03-13 19:00:00, title=役員持株会設立に関するお知らせ, code=265A
[20:10:02] [API] fetched_count=300
[20:10:02] [API] fetched_count=300, filtered_count=126, forecast_revision_count=29, financial_statement_count=97
[20:10:02] [API] new_count=60 already_processed=66 already_processed_financial_statement=66 new_financial_statement=31
[20:10:02] [API] already_processed_tickers=3421,359A,4431,5598,3161,9254,172A,186A,3441,3524,3931,4378,5079,7050,7674,7850,9262,9425,218A,3444
[20:10:02] [INGEST] run=ingest-e1572b13 new_items=60 target_statements=31 non_target=29 (forecast_revision=29, other=0)
[20:10:02] [DL] 既にダウンロード済み: data\docs\140120260313581949.pdf
[20:10:02] [抽出] SKIP_PDF_NOT_TANSHIN: title=（追加）「2026年10月期　第１四半期　決算説明資料」の一部追加について
[20:10:02] [INGEST] doc_id=c1d69b788cc8900f status=skipped_not_tanshin title=（追加）「2026年10月期　第１四半期　決算説明資料」の一部追加について
[20:10:02] [DL] 既にダウンロード済み: data\docs\140120260313581538.pdf
[20:10:02] [抽出] SKIP_PDF_NOT_TANSHIN: title=2026年7月期 第2四半期 決算説明資料
[20:10:02] [INGEST] doc_id=6da97293e362a01f status=skipped_not_tanshin title=2026年7月期 第2四半期 決算説明資料
[20:10:02] [DL] 既にダウンロード済み: data\docs\140120260313581862.pdf
[20:10:02] [抽出] SKIP_PDF_NOT_TANSHIN: title=2026年4月期第3四半期決算説明資料
[20:10:02] [INGEST] doc_id=487d3393278a1da2 status=skipped_not_tanshin title=2026年4月期第3四半期決算説明資料
[20:10:02] [DL] 既にダウンロード済み: data\docs\140120260312580598.pdf
[20:10:02] [抽出] SKIP_PDF_NOT_TANSHIN: title=2026年9月期 第1四半期決算にかかる機関投資家等との対話について
[20:10:02] [INGEST] doc_id=6c6b0eae45d97a2c status=skipped_not_tanshin title=2026年9月期 第1四半期決算にかかる機関投資家等との対話について
[20:10:02] [DL] 既にダウンロード済み: data\docs\140120260313581824.pdf
[20:10:02] [抽出] SKIP_PDF_NOT_TANSHIN: title=2026年3月期第１四半期 決算説明資料
[20:10:02] [INGEST] doc_id=c038d23197af192f status=skipped_not_tanshin title=2026年3月期第１四半期 決算説明資料
[20:10:02] [DL] 既にダウンロード済み: data\docs\140120260313581682.pdf
[20:10:03] [抽出] SKIP_PDF_NOT_TANSHIN: title=2026年4月期第3四半期 決算説明資料
[20:10:03] [INGEST] doc_id=ece0026e15e66168 status=skipped_not_tanshin title=2026年4月期第3四半期 決算説明資料
[20:10:03] [DL] 既にダウンロード済み: data\docs\140120260312580915.pdf
[20:10:03] [抽出] SKIP_PDF_NOT_TANSHIN: title=2026年10月期第１四半期 決算説明資料
[20:10:03] [INGEST] doc_id=4ccbe79cd9b3d282 status=skipped_not_tanshin title=2026年10月期第１四半期 決算説明資料
[20:10:03] [DL] 既にダウンロード済み: data\docs\140120260313581864.pdf
[20:10:03] [抽出] SKIP_PDF_NOT_TANSHIN: title=2026年4月期第３四半期決算説明補足資料
[20:10:03] [INGEST] doc_id=05e1335e1aecce0d status=skipped_not_tanshin title=2026年4月期第３四半期決算説明補足資料
[20:10:03] [DL] 既にダウンロード済み: data\docs\140120260313581236.pdf
[20:10:03] [抽出] SKIP_PDF_NOT_TANSHIN: title=2026年１月期通期　決算説明資料
[20:10:03] [INGEST] doc_id=3a2488b580f82825 status=skipped_not_tanshin title=2026年１月期通期　決算説明資料
[20:10:03] [DL] 既にダウンロード済み: data\docs\140120260313581648.pdf
[20:10:03] [抽出] SKIP_PDF_NOT_TANSHIN: title=2026年7月期 第2四半期決算説明資料
[20:10:03] [INGEST] doc_id=f97aff7509c5c532 status=skipped_not_tanshin title=2026年7月期 第2四半期決算説明資料
[20:10:03] [DL] 既にダウンロード済み: data\docs\140120260312580923.pdf
[20:10:03] [抽出] SKIP_PDF_NOT_TANSHIN: title=売れるネット広告社グループ（9235）2026年７月期第2四半期決算説明資料
[20:10:03] [INGEST] doc_id=0b376bb3f7a7e79e status=skipped_not_tanshin title=売れるネット広告社グループ（9235）2026年７月期第2四半期決算説明資料
[20:10:03] [DL] 既にダウンロード済み: data\docs\140120260313581070.pdf
[20:10:03] [抽出] SKIP_PDF_NOT_TANSHIN: title=2026年10月期　第１四半期決算説明資料
[20:10:03] [INGEST] doc_id=3f144949896df324 status=skipped_not_tanshin title=2026年10月期　第１四半期決算説明資料
[20:10:03] [DL] 既にダウンロード済み: data\docs\140120260310579038.pdf
[20:10:03] [抽出] SKIP_PDF_NOT_TANSHIN: title=2026年７月期　第２四半期決算補足説明資料
[20:10:03] [INGEST] doc_id=2435c857359954ea status=skipped_not_tanshin title=2026年７月期　第２四半期決算補足説明資料
[20:10:03] [DL] 既にダウンロード済み: data\docs\140120260312580260.pdf
[20:10:03] [抽出] SKIP_PDF_NOT_TANSHIN: title=2026年10月期 第１四半期 決算説明資料
[20:10:03] [INGEST] doc_id=61115f05deb10312 status=skipped_not_tanshin title=2026年10月期 第１四半期 決算説明資料
[20:10:03] [DL] 既にダウンロード済み: data\docs\140120260313581418.pdf
[20:10:03] [抽出] SKIP_PDF_NOT_TANSHIN: title=2026年４月期　第３四半期決算説明資料
[20:10:03] [INGEST] doc_id=638b8c0a8c1ee3f8 status=skipped_not_tanshin title=2026年４月期　第３四半期決算説明資料
[20:10:03] [DL] 既にダウンロード済み: data\docs\140120260313581627.pdf
[20:10:03] [抽出] SKIP_PDF_NOT_TANSHIN: title=2026年４月期　第３四半期決算説明資料
[20:10:03] [INGEST] doc_id=8598ccc3ad37c7f4 status=skipped_not_tanshin title=2026年４月期　第３四半期決算説明資料
[20:10:03] [DL] 既にダウンロード済み: data\docs\140120260313581801.pdf
[20:10:03] [抽出] SKIP_PDF_NOT_TANSHIN: title=2026年10月期 第1四半期決算補足説明資料
[20:10:03] [INGEST] doc_id=293914e1d95d3f2e status=skipped_not_tanshin title=2026年10月期 第1四半期決算補足説明資料
[20:10:03] [DL] 既にダウンロード済み: data\docs\140120260312580829.pdf
[20:10:03] [抽出] SKIP_PDF_NOT_TANSHIN: title=2026年4月期 第３四半期決算説明資料
[20:10:03] [INGEST] doc_id=da020834f5388106 status=skipped_not_tanshin title=2026年4月期 第３四半期決算説明資料
[20:10:03] [DL] 既にダウンロード済み: data\docs\140120260313581540.pdf
[20:10:03] [抽出] SKIP_PDF_NOT_TANSHIN: title=2026年1月期 通期 決算説明資料(事業計画及び成長可能性に関する事項)
[20:10:03] [INGEST] doc_id=4334b680e79b765d status=skipped_not_tanshin title=2026年1月期 通期 決算説明資料(事業計画及び成長可能性に関する事項)
[20:10:03] [DL] 既にダウンロード済み: data\docs\140120260313581793.pdf
[20:10:06] [抽出] SKIP_PDF_NOT_TANSHIN: title=2026年４月期 第３四半期決算説明資料
[20:10:06] [INGEST] doc_id=6508deb5bc24c0cc status=skipped_not_tanshin title=2026年４月期 第３四半期決算説明資料
[20:10:06] [DL] 既にダウンロード済み: data\docs\140120260313581319.pdf
[20:10:06] [抽出] SKIP_PDF_NOT_TANSHIN: title=2026年４月期第３四半期決算説明資料
[20:10:06] [INGEST] doc_id=b99b4391f4fa9c37 status=skipped_not_tanshin title=2026年４月期第３四半期決算説明資料
[20:10:06] [DL] 既にダウンロード済み: data\docs\140120260313581723.pdf
[20:10:06] [抽出] SKIP_PDF_NOT_TANSHIN: title=2026年１月期通期決算説明会資料
[20:10:06] [INGEST] doc_id=ecc2e02fc2ccbdd5 status=skipped_not_tanshin title=2026年１月期通期決算説明会資料
[20:10:06] [DL] 既にダウンロード済み: data\docs\140120260313581308.pdf
[20:10:06] [抽出] SKIP_PDF_NOT_TANSHIN: title=2026年10月期 第１四半期決算説明資料
[20:10:06] [INGEST] doc_id=a78b4071b3b85b97 status=skipped_not_tanshin title=2026年10月期 第１四半期決算説明資料
[20:10:06] [DL] 既にダウンロード済み: data\docs\140120260313581315.pdf
[20:10:06] [抽出] SKIP_PDF_NOT_TANSHIN: title=2026年10月期 第１四半期決算説明資料（書き起こし）公開に関するお知らせ
[20:10:06] [INGEST] doc_id=c9e7ddeb7cbfce1f status=skipped_not_tanshin title=2026年10月期 第１四半期決算説明資料（書き起こし）公開に関するお知らせ
[20:10:06] [DL] 既にダウンロード済み: data\docs\140120260313581454.pdf
[20:10:06] [抽出] SKIP_PDF_NOT_TANSHIN: title=2026年10月期第１四半期決算説明資料
[20:10:06] [INGEST] doc_id=76f1d64eda1678a0 status=skipped_not_tanshin title=2026年10月期第１四半期決算説明資料
[20:10:06] [DL] 既にダウンロード済み: data\docs\140120260313581610.pdf
[20:10:06] [抽出] SKIP_PDF_NOT_TANSHIN: title=2026年７月期　第２四半期決算説明資料
[20:10:06] [INGEST] doc_id=8ba7cf79e9935209 status=skipped_not_tanshin title=2026年７月期　第２四半期決算説明資料
[20:10:06] [DL] 既にダウンロード済み: data\docs\140120260311579432.pdf
[20:10:06] [抽出] SKIP_PDF_NOT_TANSHIN: title=2026年10月期第１四半期 決算補足説明資料
[20:10:06] [INGEST] doc_id=e0daeec92a3e8cde status=skipped_not_tanshin title=2026年10月期第１四半期 決算補足説明資料
[20:10:06] [DL] 既にダウンロード済み: data\docs\140120260312580742.pdf
[20:10:06] [抽出] SKIP_PDF_NOT_TANSHIN: title=2026年７月期第２四半期決算説明資料
[20:10:06] [INGEST] doc_id=941a4b3b0407a6ac status=skipped_not_tanshin title=2026年７月期第２四半期決算説明資料
[20:10:06] [DL] 既にダウンロード済み: data\docs\140120260313581335.pdf
[20:10:06] [抽出] SKIP_PDF_NOT_TANSHIN: title=2026年10月期　第１四半期　決算説明資料
[20:10:06] [INGEST] doc_id=fe64e06c80691acf status=skipped_not_tanshin title=2026年10月期　第１四半期　決算説明資料
[20:10:06] [DL] 既にダウンロード済み: data\docs\140120260309578448.pdf
[20:10:06] [抽出] SKIP_PDF_NOT_TANSHIN: title=2026年10月期第1四半期決算ご説明（IR資料）
[20:10:06] [INGEST] doc_id=62b3ae94689f23c5 status=skipped_not_tanshin title=2026年10月期第1四半期決算ご説明（IR資料）
[20:10:06] [DL] 既にダウンロード済み: data\docs\140120260310578873.pdf
[20:10:06] [抽出] SKIP_PDF_NOT_TANSHIN: title=2026年10月期 第１四半期決算補足説明資料
[20:10:06] [INGEST] doc_id=9a2a3b585e7f1d13 status=skipped_not_tanshin title=2026年10月期 第１四半期決算補足説明資料
[20:10:06] [INGEST] run=ingest-e1572b13 processed=31 success=0 skipped=31 error=0 (tanshin=31) SKIP_NOT_TANSHIN_TITLE=31
[20:10:06] [filings_ingest] done total=31 success=0 errors=0
[20:10:07] [pipeline_run] finished: ingest status=done elapsed=5.0s id=199 processed=31 success=0 failed=0
[2026/03/13 20:10:07.15] Finished (exit=0) 
[2026/03/13 20:20:01.52] Starting ingest 
[20:20:01] [db] config: write_key_type=service_role read_key_type=service_role
[20:20:02] [pipeline_run] started: ingest (id=200, trigger=scheduler)
[20:20:02] [filings_ingest] start dry_run=False company_code=ALL
[20:20:02] [API] yanoshin.jp APIから取得中: https://webapi.yanoshin.jp/webapi/tdnet/list/today.json
[20:20:02] [API] detected_schema=items, raw_items_count=300
[20:20:02] [API] first_item_preview: id=4df3ccdb0c96..., pubdate=2026-03-13 19:00:00, title=役員持株会設立に関するお知らせ, code=265A
[20:20:02] [API] fetched_count=300
[20:20:02] [API] fetched_count=300, filtered_count=126, forecast_revision_count=29, financial_statement_count=97
[20:20:02] [API] new_count=60 already_processed=66 already_processed_financial_statement=66 new_financial_statement=31
[20:20:02] [API] already_processed_tickers=3421,359A,4431,5598,3161,9254,172A,186A,3441,3524,3931,4378,5079,7050,7674,7850,9262,9425,218A,3444
[20:20:02] [INGEST] run=ingest-266728e0 new_items=60 target_statements=31 non_target=29 (forecast_revision=29, other=0)
[20:20:02] [DL] 既にダウンロード済み: data\docs\140120260313581949.pdf
[20:20:02] [抽出] SKIP_PDF_NOT_TANSHIN: title=（追加）「2026年10月期　第１四半期　決算説明資料」の一部追加について
[20:20:02] [INGEST] doc_id=c1d69b788cc8900f status=skipped_not_tanshin title=（追加）「2026年10月期　第１四半期　決算説明資料」の一部追加について
[20:20:02] [DL] 既にダウンロード済み: data\docs\140120260313581538.pdf
[20:20:02] [抽出] SKIP_PDF_NOT_TANSHIN: title=2026年7月期 第2四半期 決算説明資料
[20:20:02] [INGEST] doc_id=6da97293e362a01f status=skipped_not_tanshin title=2026年7月期 第2四半期 決算説明資料
[20:20:02] [DL] 既にダウンロード済み: data\docs\140120260313581862.pdf
[20:20:02] [抽出] SKIP_PDF_NOT_TANSHIN: title=2026年4月期第3四半期決算説明資料
[20:20:02] [INGEST] doc_id=487d3393278a1da2 status=skipped_not_tanshin title=2026年4月期第3四半期決算説明資料
[20:20:02] [DL] 既にダウンロード済み: data\docs\140120260312580598.pdf
[20:20:02] [抽出] SKIP_PDF_NOT_TANSHIN: title=2026年9月期 第1四半期決算にかかる機関投資家等との対話について
[20:20:02] [INGEST] doc_id=6c6b0eae45d97a2c status=skipped_not_tanshin title=2026年9月期 第1四半期決算にかかる機関投資家等との対話について
[20:20:02] [DL] 既にダウンロード済み: data\docs\140120260313581824.pdf
[20:20:02] [抽出] SKIP_PDF_NOT_TANSHIN: title=2026年3月期第１四半期 決算説明資料
[20:20:02] [INGEST] doc_id=c038d23197af192f status=skipped_not_tanshin title=2026年3月期第１四半期 決算説明資料
[20:20:02] [DL] 既にダウンロード済み: data\docs\140120260313581682.pdf
[20:20:02] [抽出] SKIP_PDF_NOT_TANSHIN: title=2026年4月期第3四半期 決算説明資料
[20:20:02] [INGEST] doc_id=ece0026e15e66168 status=skipped_not_tanshin title=2026年4月期第3四半期 決算説明資料
[20:20:02] [DL] 既にダウンロード済み: data\docs\140120260312580915.pdf
[20:20:03] [抽出] SKIP_PDF_NOT_TANSHIN: title=2026年10月期第１四半期 決算説明資料
[20:20:03] [INGEST] doc_id=4ccbe79cd9b3d282 status=skipped_not_tanshin title=2026年10月期第１四半期 決算説明資料
[20:20:03] [DL] 既にダウンロード済み: data\docs\140120260313581864.pdf
[20:20:03] [抽出] SKIP_PDF_NOT_TANSHIN: title=2026年4月期第３四半期決算説明補足資料
[20:20:03] [INGEST] doc_id=05e1335e1aecce0d status=skipped_not_tanshin title=2026年4月期第３四半期決算説明補足資料
[20:20:03] [DL] 既にダウンロード済み: data\docs\140120260313581236.pdf
[20:20:03] [抽出] SKIP_PDF_NOT_TANSHIN: title=2026年１月期通期　決算説明資料
[20:20:03] [INGEST] doc_id=3a2488b580f82825 status=skipped_not_tanshin title=2026年１月期通期　決算説明資料
[20:20:03] [DL] 既にダウンロード済み: data\docs\140120260313581648.pdf
[20:20:03] [抽出] SKIP_PDF_NOT_TANSHIN: title=2026年7月期 第2四半期決算説明資料
[20:20:03] [INGEST] doc_id=f97aff7509c5c532 status=skipped_not_tanshin title=2026年7月期 第2四半期決算説明資料
[20:20:03] [DL] 既にダウンロード済み: data\docs\140120260312580923.pdf
[20:20:03] [抽出] SKIP_PDF_NOT_TANSHIN: title=売れるネット広告社グループ（9235）2026年７月期第2四半期決算説明資料
[20:20:03] [INGEST] doc_id=0b376bb3f7a7e79e status=skipped_not_tanshin title=売れるネット広告社グループ（9235）2026年７月期第2四半期決算説明資料
[20:20:03] [DL] 既にダウンロード済み: data\docs\140120260313581070.pdf
[20:20:03] [抽出] SKIP_PDF_NOT_TANSHIN: title=2026年10月期　第１四半期決算説明資料
[20:20:03] [INGEST] doc_id=3f144949896df324 status=skipped_not_tanshin title=2026年10月期　第１四半期決算説明資料
[20:20:03] [DL] 既にダウンロード済み: data\docs\140120260310579038.pdf
[20:20:03] [抽出] SKIP_PDF_NOT_TANSHIN: title=2026年７月期　第２四半期決算補足説明資料
[20:20:03] [INGEST] doc_id=2435c857359954ea status=skipped_not_tanshin title=2026年７月期　第２四半期決算補足説明資料
[20:20:03] [DL] 既にダウンロード済み: data\docs\140120260312580260.pdf
[20:20:03] [抽出] SKIP_PDF_NOT_TANSHIN: title=2026年10月期 第１四半期 決算説明資料
[20:20:03] [INGEST] doc_id=61115f05deb10312 status=skipped_not_tanshin title=2026年10月期 第１四半期 決算説明資料
[20:20:03] [DL] 既にダウンロード済み: data\docs\140120260313581418.pdf
[20:20:03] [抽出] SKIP_PDF_NOT_TANSHIN: title=2026年４月期　第３四半期決算説明資料
[20:20:03] [INGEST] doc_id=638b8c0a8c1ee3f8 status=skipped_not_tanshin title=2026年４月期　第３四半期決算説明資料
[20:20:03] [DL] 既にダウンロード済み: data\docs\140120260313581627.pdf
[20:20:03] [抽出] SKIP_PDF_NOT_TANSHIN: title=2026年４月期　第３四半期決算説明資料
[20:20:03] [INGEST] doc_id=8598ccc3ad37c7f4 status=skipped_not_tanshin title=2026年４月期　第３四半期決算説明資料
[20:20:03] [DL] 既にダウンロード済み: data\docs\140120260313581801.pdf
[20:20:03] [抽出] SKIP_PDF_NOT_TANSHIN: title=2026年10月期 第1四半期決算補足説明資料
[20:20:03] [INGEST] doc_id=293914e1d95d3f2e status=skipped_not_tanshin title=2026年10月期 第1四半期決算補足説明資料
[20:20:03] [DL] 既にダウンロード済み: data\docs\140120260312580829.pdf
[20:20:03] [抽出] SKIP_PDF_NOT_TANSHIN: title=2026年4月期 第３四半期決算説明資料
[20:20:03] [INGEST] doc_id=da020834f5388106 status=skipped_not_tanshin title=2026年4月期 第３四半期決算説明資料
[20:20:03] [DL] 既にダウンロード済み: data\docs\140120260313581540.pdf
[20:20:03] [抽出] SKIP_PDF_NOT_TANSHIN: title=2026年1月期 通期 決算説明資料(事業計画及び成長可能性に関する事項)
[20:20:03] [INGEST] doc_id=4334b680e79b765d status=skipped_not_tanshin title=2026年1月期 通期 決算説明資料(事業計画及び成長可能性に関する事項)
[20:20:03] [DL] 既にダウンロード済み: data\docs\140120260313581793.pdf
[20:20:06] [抽出] SKIP_PDF_NOT_TANSHIN: title=2026年４月期 第３四半期決算説明資料
[20:20:06] [INGEST] doc_id=6508deb5bc24c0cc status=skipped_not_tanshin title=2026年４月期 第３四半期決算説明資料
[20:20:06] [DL] 既にダウンロード済み: data\docs\140120260313581319.pdf
[20:20:06] [抽出] SKIP_PDF_NOT_TANSHIN: title=2026年４月期第３四半期決算説明資料
[20:20:06] [INGEST] doc_id=b99b4391f4fa9c37 status=skipped_not_tanshin title=2026年４月期第３四半期決算説明資料
[20:20:06] [DL] 既にダウンロード済み: data\docs\140120260313581723.pdf
[20:20:06] [抽出] SKIP_PDF_NOT_TANSHIN: title=2026年１月期通期決算説明会資料
[20:20:06] [INGEST] doc_id=ecc2e02fc2ccbdd5 status=skipped_not_tanshin title=2026年１月期通期決算説明会資料
[20:20:06] [DL] 既にダウンロード済み: data\docs\140120260313581308.pdf
[20:20:06] [抽出] SKIP_PDF_NOT_TANSHIN: title=2026年10月期 第１四半期決算説明資料
[20:20:06] [INGEST] doc_id=a78b4071b3b85b97 status=skipped_not_tanshin title=2026年10月期 第１四半期決算説明資料
[20:20:06] [DL] 既にダウンロード済み: data\docs\140120260313581315.pdf
[20:20:06] [抽出] SKIP_PDF_NOT_TANSHIN: title=2026年10月期 第１四半期決算説明資料（書き起こし）公開に関するお知らせ
[20:20:06] [INGEST] doc_id=c9e7ddeb7cbfce1f status=skipped_not_tanshin title=2026年10月期 第１四半期決算説明資料（書き起こし）公開に関するお知らせ
[20:20:06] [DL] 既にダウンロード済み: data\docs\140120260313581454.pdf
[20:20:06] [抽出] SKIP_PDF_NOT_TANSHIN: title=2026年10月期第１四半期決算説明資料
[20:20:06] [INGEST] doc_id=76f1d64eda1678a0 status=skipped_not_tanshin title=2026年10月期第１四半期決算説明資料
[20:20:06] [DL] 既にダウンロード済み: data\docs\140120260313581610.pdf
[20:20:06] [抽出] SKIP_PDF_NOT_TANSHIN: title=2026年７月期　第２四半期決算説明資料
[20:20:06] [INGEST] doc_id=8ba7cf79e9935209 status=skipped_not_tanshin title=2026年７月期　第２四半期決算説明資料
[20:20:06] [DL] 既にダウンロード済み: data\docs\140120260311579432.pdf
[20:20:06] [抽出] SKIP_PDF_NOT_TANSHIN: title=2026年10月期第１四半期 決算補足説明資料
[20:20:06] [INGEST] doc_id=e0daeec92a3e8cde status=skipped_not_tanshin title=2026年10月期第１四半期 決算補足説明資料
[20:20:06] [DL] 既にダウンロード済み: data\docs\140120260312580742.pdf
[20:20:06] [抽出] SKIP_PDF_NOT_TANSHIN: title=2026年７月期第２四半期決算説明資料
[20:20:06] [INGEST] doc_id=941a4b3b0407a6ac status=skipped_not_tanshin title=2026年７月期第２四半期決算説明資料
[20:20:06] [DL] 既にダウンロード済み: data\docs\140120260313581335.pdf
[20:20:06] [抽出] SKIP_PDF_NOT_TANSHIN: title=2026年10月期　第１四半期　決算説明資料
[20:20:06] [INGEST] doc_id=fe64e06c80691acf status=skipped_not_tanshin title=2026年10月期　第１四半期　決算説明資料
[20:20:06] [DL] 既にダウンロード済み: data\docs\140120260309578448.pdf
[20:20:06] [抽出] SKIP_PDF_NOT_TANSHIN: title=2026年10月期第1四半期決算ご説明（IR資料）
[20:20:06] [INGEST] doc_id=62b3ae94689f23c5 status=skipped_not_tanshin title=2026年10月期第1四半期決算ご説明（IR資料）
[20:20:06] [DL] 既にダウンロード済み: data\docs\140120260310578873.pdf
[20:20:07] [抽出] SKIP_PDF_NOT_TANSHIN: title=2026年10月期 第１四半期決算補足説明資料
[20:20:07] [INGEST] doc_id=9a2a3b585e7f1d13 status=skipped_not_tanshin title=2026年10月期 第１四半期決算補足説明資料
[20:20:07] [INGEST] run=ingest-266728e0 processed=31 success=0 skipped=31 error=0 (tanshin=31) SKIP_NOT_TANSHIN_TITLE=31
[20:20:07] [filings_ingest] done total=31 success=0 errors=0
[20:20:07] [pipeline_run] finished: ingest status=done elapsed=5.1s id=200 processed=31 success=0 failed=0
[2026/03/13 20:20:07.18] Finished (exit=0) 
[2026/03/13 20:30:01.54] Starting ingest 
[20:30:01] [db] config: write_key_type=service_role read_key_type=service_role
[20:30:02] [pipeline_run] started: ingest (id=201, trigger=scheduler)
[20:30:02] [filings_ingest] start dry_run=False company_code=ALL
[20:30:02] [API] yanoshin.jp APIから取得中: https://webapi.yanoshin.jp/webapi/tdnet/list/today.json
[20:30:02] [API] detected_schema=items, raw_items_count=300
[20:30:02] [API] first_item_preview: id=4df3ccdb0c96..., pubdate=2026-03-13 19:00:00, title=役員持株会設立に関するお知らせ, code=265A
[20:30:02] [API] fetched_count=300
[20:30:02] [API] fetched_count=300, filtered_count=126, forecast_revision_count=29, financial_statement_count=97
[20:30:02] [API] new_count=60 already_processed=66 already_processed_financial_statement=66 new_financial_statement=31
[20:30:02] [API] already_processed_tickers=3421,359A,4431,5598,3161,9254,172A,186A,3441,3524,3931,4378,5079,7050,7674,7850,9262,9425,218A,3444
[20:30:02] [INGEST] run=ingest-c3eedfe0 new_items=60 target_statements=31 non_target=29 (forecast_revision=29, other=0)
[20:30:02] [DL] 既にダウンロード済み: data\docs\140120260313581949.pdf
[20:30:02] [抽出] SKIP_PDF_NOT_TANSHIN: title=（追加）「2026年10月期　第１四半期　決算説明資料」の一部追加について
[20:30:02] [INGEST] doc_id=c1d69b788cc8900f status=skipped_not_tanshin title=（追加）「2026年10月期　第１四半期　決算説明資料」の一部追加について
[20:30:02] [DL] 既にダウンロード済み: data\docs\140120260313581538.pdf
[20:30:02] [抽出] SKIP_PDF_NOT_TANSHIN: title=2026年7月期 第2四半期 決算説明資料
[20:30:02] [INGEST] doc_id=6da97293e362a01f status=skipped_not_tanshin title=2026年7月期 第2四半期 決算説明資料
[20:30:02] [DL] 既にダウンロード済み: data\docs\140120260313581862.pdf
[20:30:02] [抽出] SKIP_PDF_NOT_TANSHIN: title=2026年4月期第3四半期決算説明資料
[20:30:02] [INGEST] doc_id=487d3393278a1da2 status=skipped_not_tanshin title=2026年4月期第3四半期決算説明資料
[20:30:02] [DL] 既にダウンロード済み: data\docs\140120260312580598.pdf
[20:30:02] [抽出] SKIP_PDF_NOT_TANSHIN: title=2026年9月期 第1四半期決算にかかる機関投資家等との対話について
[20:30:02] [INGEST] doc_id=6c6b0eae45d97a2c status=skipped_not_tanshin title=2026年9月期 第1四半期決算にかかる機関投資家等との対話について
[20:30:02] [DL] 既にダウンロード済み: data\docs\140120260313581824.pdf
[20:30:02] [抽出] SKIP_PDF_NOT_TANSHIN: title=2026年3月期第１四半期 決算説明資料
[20:30:02] [INGEST] doc_id=c038d23197af192f status=skipped_not_tanshin title=2026年3月期第１四半期 決算説明資料
[20:30:02] [DL] 既にダウンロード済み: data\docs\140120260313581682.pdf
[20:30:03] [抽出] SKIP_PDF_NOT_TANSHIN: title=2026年4月期第3四半期 決算説明資料
[20:30:03] [INGEST] doc_id=ece0026e15e66168 status=skipped_not_tanshin title=2026年4月期第3四半期 決算説明資料
[20:30:03] [DL] 既にダウンロード済み: data\docs\140120260312580915.pdf
[20:30:03] [抽出] SKIP_PDF_NOT_TANSHIN: title=2026年10月期第１四半期 決算説明資料
[20:30:03] [INGEST] doc_id=4ccbe79cd9b3d282 status=skipped_not_tanshin title=2026年10月期第１四半期 決算説明資料
[20:30:03] [DL] 既にダウンロード済み: data\docs\140120260313581864.pdf
[20:30:03] [抽出] SKIP_PDF_NOT_TANSHIN: title=2026年4月期第３四半期決算説明補足資料
[20:30:03] [INGEST] doc_id=05e1335e1aecce0d status=skipped_not_tanshin title=2026年4月期第３四半期決算説明補足資料
[20:30:03] [DL] 既にダウンロード済み: data\docs\140120260313581236.pdf
[20:30:03] [抽出] SKIP_PDF_NOT_TANSHIN: title=2026年１月期通期　決算説明資料
[20:30:03] [INGEST] doc_id=3a2488b580f82825 status=skipped_not_tanshin title=2026年１月期通期　決算説明資料
[20:30:03] [DL] 既にダウンロード済み: data\docs\140120260313581648.pdf
[20:30:03] [抽出] SKIP_PDF_NOT_TANSHIN: title=2026年7月期 第2四半期決算説明資料
[20:30:03] [INGEST] doc_id=f97aff7509c5c532 status=skipped_not_tanshin title=2026年7月期 第2四半期決算説明資料
[20:30:03] [DL] 既にダウンロード済み: data\docs\140120260312580923.pdf
[20:30:03] [抽出] SKIP_PDF_NOT_TANSHIN: title=売れるネット広告社グループ（9235）2026年７月期第2四半期決算説明資料
[20:30:03] [INGEST] doc_id=0b376bb3f7a7e79e status=skipped_not_tanshin title=売れるネット広告社グループ（9235）2026年７月期第2四半期決算説明資料
[20:30:03] [DL] 既にダウンロード済み: data\docs\140120260313581070.pdf
[20:30:03] [抽出] SKIP_PDF_NOT_TANSHIN: title=2026年10月期　第１四半期決算説明資料
[20:30:03] [INGEST] doc_id=3f144949896df324 status=skipped_not_tanshin title=2026年10月期　第１四半期決算説明資料
[20:30:03] [DL] 既にダウンロード済み: data\docs\140120260310579038.pdf
[20:30:03] [抽出] SKIP_PDF_NOT_TANSHIN: title=2026年７月期　第２四半期決算補足説明資料
[20:30:03] [INGEST] doc_id=2435c857359954ea status=skipped_not_tanshin title=2026年７月期　第２四半期決算補足説明資料
[20:30:03] [DL] 既にダウンロード済み: data\docs\140120260312580260.pdf
[20:30:03] [抽出] SKIP_PDF_NOT_TANSHIN: title=2026年10月期 第１四半期 決算説明資料
[20:30:03] [INGEST] doc_id=61115f05deb10312 status=skipped_not_tanshin title=2026年10月期 第１四半期 決算説明資料
[20:30:03] [DL] 既にダウンロード済み: data\docs\140120260313581418.pdf
[20:30:03] [抽出] SKIP_PDF_NOT_TANSHIN: title=2026年４月期　第３四半期決算説明資料
[20:30:03] [INGEST] doc_id=638b8c0a8c1ee3f8 status=skipped_not_tanshin title=2026年４月期　第３四半期決算説明資料
[20:30:03] [DL] 既にダウンロード済み: data\docs\140120260313581627.pdf
[20:30:03] [抽出] SKIP_PDF_NOT_TANSHIN: title=2026年４月期　第３四半期決算説明資料
[20:30:03] [INGEST] doc_id=8598ccc3ad37c7f4 status=skipped_not_tanshin title=2026年４月期　第３四半期決算説明資料
[20:30:03] [DL] 既にダウンロード済み: data\docs\140120260313581801.pdf
[20:30:03] [抽出] SKIP_PDF_NOT_TANSHIN: title=2026年10月期 第1四半期決算補足説明資料
[20:30:03] [INGEST] doc_id=293914e1d95d3f2e status=skipped_not_tanshin title=2026年10月期 第1四半期決算補足説明資料
[20:30:03] [DL] 既にダウンロード済み: data\docs\140120260312580829.pdf
[20:30:03] [抽出] SKIP_PDF_NOT_TANSHIN: title=2026年4月期 第３四半期決算説明資料
[20:30:03] [INGEST] doc_id=da020834f5388106 status=skipped_not_tanshin title=2026年4月期 第３四半期決算説明資料
[20:30:03] [DL] 既にダウンロード済み: data\docs\140120260313581540.pdf
[20:30:03] [抽出] SKIP_PDF_NOT_TANSHIN: title=2026年1月期 通期 決算説明資料(事業計画及び成長可能性に関する事項)
[20:30:03] [INGEST] doc_id=4334b680e79b765d status=skipped_not_tanshin title=2026年1月期 通期 決算説明資料(事業計画及び成長可能性に関する事項)
[20:30:03] [DL] 既にダウンロード済み: data\docs\140120260313581793.pdf
[20:30:06] [抽出] SKIP_PDF_NOT_TANSHIN: title=2026年４月期 第３四半期決算説明資料
[20:30:06] [INGEST] doc_id=6508deb5bc24c0cc status=skipped_not_tanshin title=2026年４月期 第３四半期決算説明資料
[20:30:06] [DL] 既にダウンロード済み: data\docs\140120260313581319.pdf
[20:30:06] [抽出] SKIP_PDF_NOT_TANSHIN: title=2026年４月期第３四半期決算説明資料
[20:30:06] [INGEST] doc_id=b99b4391f4fa9c37 status=skipped_not_tanshin title=2026年４月期第３四半期決算説明資料
[20:30:06] [DL] 既にダウンロード済み: data\docs\140120260313581723.pdf
[20:30:06] [抽出] SKIP_PDF_NOT_TANSHIN: title=2026年１月期通期決算説明会資料
[20:30:06] [INGEST] doc_id=ecc2e02fc2ccbdd5 status=skipped_not_tanshin title=2026年１月期通期決算説明会資料
[20:30:06] [DL] 既にダウンロード済み: data\docs\140120260313581308.pdf
[20:30:06] [抽出] SKIP_PDF_NOT_TANSHIN: title=2026年10月期 第１四半期決算説明資料
[20:30:06] [INGEST] doc_id=a78b4071b3b85b97 status=skipped_not_tanshin title=2026年10月期 第１四半期決算説明資料
[20:30:06] [DL] 既にダウンロード済み: data\docs\140120260313581315.pdf
[20:30:06] [抽出] SKIP_PDF_NOT_TANSHIN: title=2026年10月期 第１四半期決算説明資料（書き起こし）公開に関するお知らせ
[20:30:06] [INGEST] doc_id=c9e7ddeb7cbfce1f status=skipped_not_tanshin title=2026年10月期 第１四半期決算説明資料（書き起こし）公開に関するお知らせ
[20:30:06] [DL] 既にダウンロード済み: data\docs\140120260313581454.pdf
[20:30:06] [抽出] SKIP_PDF_NOT_TANSHIN: title=2026年10月期第１四半期決算説明資料
[20:30:06] [INGEST] doc_id=76f1d64eda1678a0 status=skipped_not_tanshin title=2026年10月期第１四半期決算説明資料
[20:30:06] [DL] 既にダウンロード済み: data\docs\140120260313581610.pdf
[20:30:06] [抽出] SKIP_PDF_NOT_TANSHIN: title=2026年７月期　第２四半期決算説明資料
[20:30:06] [INGEST] doc_id=8ba7cf79e9935209 status=skipped_not_tanshin title=2026年７月期　第２四半期決算説明資料
[20:30:06] [DL] 既にダウンロード済み: data\docs\140120260311579432.pdf
[20:30:06] [抽出] SKIP_PDF_NOT_TANSHIN: title=2026年10月期第１四半期 決算補足説明資料
[20:30:06] [INGEST] doc_id=e0daeec92a3e8cde status=skipped_not_tanshin title=2026年10月期第１四半期 決算補足説明資料
[20:30:06] [DL] 既にダウンロード済み: data\docs\140120260312580742.pdf
[20:30:06] [抽出] SKIP_PDF_NOT_TANSHIN: title=2026年７月期第２四半期決算説明資料
[20:30:06] [INGEST] doc_id=941a4b3b0407a6ac status=skipped_not_tanshin title=2026年７月期第２四半期決算説明資料
[20:30:06] [DL] 既にダウンロード済み: data\docs\140120260313581335.pdf
[20:30:06] [抽出] SKIP_PDF_NOT_TANSHIN: title=2026年10月期　第１四半期　決算説明資料
[20:30:06] [INGEST] doc_id=fe64e06c80691acf status=skipped_not_tanshin title=2026年10月期　第１四半期　決算説明資料
[20:30:06] [DL] 既にダウンロード済み: data\docs\140120260309578448.pdf
[20:30:06] [抽出] SKIP_PDF_NOT_TANSHIN: title=2026年10月期第1四半期決算ご説明（IR資料）
[20:30:06] [INGEST] doc_id=62b3ae94689f23c5 status=skipped_not_tanshin title=2026年10月期第1四半期決算ご説明（IR資料）
[20:30:06] [DL] 既にダウンロード済み: data\docs\140120260310578873.pdf
[20:30:06] [抽出] SKIP_PDF_NOT_TANSHIN: title=2026年10月期 第１四半期決算補足説明資料
[20:30:06] [INGEST] doc_id=9a2a3b585e7f1d13 status=skipped_not_tanshin title=2026年10月期 第１四半期決算補足説明資料
[20:30:06] [INGEST] run=ingest-c3eedfe0 processed=31 success=0 skipped=31 error=0 (tanshin=31) SKIP_NOT_TANSHIN_TITLE=31
[20:30:06] [filings_ingest] done total=31 success=0 errors=0
[20:30:07] [pipeline_run] finished: ingest status=done elapsed=5.0s id=201 processed=31 success=0 failed=0
[2026/03/13 20:30:07.16] Finished (exit=0) 
[2026/03/13 20:40:01.53] Starting ingest 
[20:40:01] [db] config: write_key_type=service_role read_key_type=service_role
[20:40:02] [pipeline_run] started: ingest (id=202, trigger=scheduler)
[20:40:02] [filings_ingest] start dry_run=False company_code=ALL
[20:40:02] [API] yanoshin.jp APIから取得中: https://webapi.yanoshin.jp/webapi/tdnet/list/today.json
[20:40:02] [API] detected_schema=items, raw_items_count=300
[20:40:02] [API] first_item_preview: id=4df3ccdb0c96..., pubdate=2026-03-13 19:00:00, title=役員持株会設立に関するお知らせ, code=265A
[20:40:02] [API] fetched_count=300
[20:40:02] [API] fetched_count=300, filtered_count=126, forecast_revision_count=29, financial_statement_count=97
[20:40:02] [API] new_count=60 already_processed=66 already_processed_financial_statement=66 new_financial_statement=31
[20:40:02] [API] already_processed_tickers=3421,359A,4431,5598,3161,9254,172A,186A,3441,3524,3931,4378,5079,7050,7674,7850,9262,9425,218A,3444
[20:40:02] [INGEST] run=ingest-50958aa6 new_items=60 target_statements=31 non_target=29 (forecast_revision=29, other=0)
[20:40:02] [DL] 既にダウンロード済み: data\docs\140120260313581949.pdf
[20:40:02] [抽出] SKIP_PDF_NOT_TANSHIN: title=（追加）「2026年10月期　第１四半期　決算説明資料」の一部追加について
[20:40:02] [INGEST] doc_id=c1d69b788cc8900f status=skipped_not_tanshin title=（追加）「2026年10月期　第１四半期　決算説明資料」の一部追加について
[20:40:02] [DL] 既にダウンロード済み: data\docs\140120260313581538.pdf
[20:40:02] [抽出] SKIP_PDF_NOT_TANSHIN: title=2026年7月期 第2四半期 決算説明資料
[20:40:02] [INGEST] doc_id=6da97293e362a01f status=skipped_not_tanshin title=2026年7月期 第2四半期 決算説明資料
[20:40:02] [DL] 既にダウンロード済み: data\docs\140120260313581862.pdf
[20:40:02] [抽出] SKIP_PDF_NOT_TANSHIN: title=2026年4月期第3四半期決算説明資料
[20:40:02] [INGEST] doc_id=487d3393278a1da2 status=skipped_not_tanshin title=2026年4月期第3四半期決算説明資料
[20:40:02] [DL] 既にダウンロード済み: data\docs\140120260312580598.pdf
[20:40:02] [抽出] SKIP_PDF_NOT_TANSHIN: title=2026年9月期 第1四半期決算にかかる機関投資家等との対話について
[20:40:02] [INGEST] doc_id=6c6b0eae45d97a2c status=skipped_not_tanshin title=2026年9月期 第1四半期決算にかかる機関投資家等との対話について
[20:40:02] [DL] 既にダウンロード済み: data\docs\140120260313581824.pdf
[20:40:02] [抽出] SKIP_PDF_NOT_TANSHIN: title=2026年3月期第１四半期 決算説明資料
[20:40:02] [INGEST] doc_id=c038d23197af192f status=skipped_not_tanshin title=2026年3月期第１四半期 決算説明資料
[20:40:02] [DL] 既にダウンロード済み: data\docs\140120260313581682.pdf
[20:40:03] [抽出] SKIP_PDF_NOT_TANSHIN: title=2026年4月期第3四半期 決算説明資料
[20:40:03] [INGEST] doc_id=ece0026e15e66168 status=skipped_not_tanshin title=2026年4月期第3四半期 決算説明資料
[20:40:03] [DL] 既にダウンロード済み: data\docs\140120260312580915.pdf
[20:40:03] [抽出] SKIP_PDF_NOT_TANSHIN: title=2026年10月期第１四半期 決算説明資料
[20:40:03] [INGEST] doc_id=4ccbe79cd9b3d282 status=skipped_not_tanshin title=2026年10月期第１四半期 決算説明資料
[20:40:03] [DL] 既にダウンロード済み: data\docs\140120260313581864.pdf
[20:40:03] [抽出] SKIP_PDF_NOT_TANSHIN: title=2026年4月期第３四半期決算説明補足資料
[20:40:03] [INGEST] doc_id=05e1335e1aecce0d status=skipped_not_tanshin title=2026年4月期第３四半期決算説明補足資料
[20:40:03] [DL] 既にダウンロード済み: data\docs\140120260313581236.pdf
[20:40:03] [抽出] SKIP_PDF_NOT_TANSHIN: title=2026年１月期通期　決算説明資料
[20:40:03] [INGEST] doc_id=3a2488b580f82825 status=skipped_not_tanshin title=2026年１月期通期　決算説明資料
[20:40:03] [DL] 既にダウンロード済み: data\docs\140120260313581648.pdf
[20:40:03] [抽出] SKIP_PDF_NOT_TANSHIN: title=2026年7月期 第2四半期決算説明資料
[20:40:03] [INGEST] doc_id=f97aff7509c5c532 status=skipped_not_tanshin title=2026年7月期 第2四半期決算説明資料
[20:40:03] [DL] 既にダウンロード済み: data\docs\140120260312580923.pdf
[20:40:03] [抽出] SKIP_PDF_NOT_TANSHIN: title=売れるネット広告社グループ（9235）2026年７月期第2四半期決算説明資料
[20:40:03] [INGEST] doc_id=0b376bb3f7a7e79e status=skipped_not_tanshin title=売れるネット広告社グループ（9235）2026年７月期第2四半期決算説明資料
[20:40:03] [DL] 既にダウンロード済み: data\docs\140120260313581070.pdf
[20:40:03] [抽出] SKIP_PDF_NOT_TANSHIN: title=2026年10月期　第１四半期決算説明資料
[20:40:03] [INGEST] doc_id=3f144949896df324 status=skipped_not_tanshin title=2026年10月期　第１四半期決算説明資料
[20:40:03] [DL] 既にダウンロード済み: data\docs\140120260310579038.pdf
[20:40:03] [抽出] SKIP_PDF_NOT_TANSHIN: title=2026年７月期　第２四半期決算補足説明資料
[20:40:03] [INGEST] doc_id=2435c857359954ea status=skipped_not_tanshin title=2026年７月期　第２四半期決算補足説明資料
[20:40:03] [DL] 既にダウンロード済み: data\docs\140120260312580260.pdf
[20:40:03] [抽出] SKIP_PDF_NOT_TANSHIN: title=2026年10月期 第１四半期 決算説明資料
[20:40:03] [INGEST] doc_id=61115f05deb10312 status=skipped_not_tanshin title=2026年10月期 第１四半期 決算説明資料
[20:40:03] [DL] 既にダウンロード済み: data\docs\140120260313581418.pdf
[20:40:03] [抽出] SKIP_PDF_NOT_TANSHIN: title=2026年４月期　第３四半期決算説明資料
[20:40:03] [INGEST] doc_id=638b8c0a8c1ee3f8 status=skipped_not_tanshin title=2026年４月期　第３四半期決算説明資料
[20:40:03] [DL] 既にダウンロード済み: data\docs\140120260313581627.pdf
[20:40:03] [抽出] SKIP_PDF_NOT_TANSHIN: title=2026年４月期　第３四半期決算説明資料
[20:40:03] [INGEST] doc_id=8598ccc3ad37c7f4 status=skipped_not_tanshin title=2026年４月期　第３四半期決算説明資料
[20:40:03] [DL] 既にダウンロード済み: data\docs\140120260313581801.pdf
[20:40:03] [抽出] SKIP_PDF_NOT_TANSHIN: title=2026年10月期 第1四半期決算補足説明資料
[20:40:03] [INGEST] doc_id=293914e1d95d3f2e status=skipped_not_tanshin title=2026年10月期 第1四半期決算補足説明資料
[20:40:03] [DL] 既にダウンロード済み: data\docs\140120260312580829.pdf
[20:40:03] [抽出] SKIP_PDF_NOT_TANSHIN: title=2026年4月期 第３四半期決算説明資料
[20:40:03] [INGEST] doc_id=da020834f5388106 status=skipped_not_tanshin title=2026年4月期 第３四半期決算説明資料
[20:40:03] [DL] 既にダウンロード済み: data\docs\140120260313581540.pdf
[20:40:03] [抽出] SKIP_PDF_NOT_TANSHIN: title=2026年1月期 通期 決算説明資料(事業計画及び成長可能性に関する事項)
[20:40:03] [INGEST] doc_id=4334b680e79b765d status=skipped_not_tanshin title=2026年1月期 通期 決算説明資料(事業計画及び成長可能性に関する事項)
[20:40:03] [DL] 既にダウンロード済み: data\docs\140120260313581793.pdf
[20:40:06] [抽出] SKIP_PDF_NOT_TANSHIN: title=2026年４月期 第３四半期決算説明資料
[20:40:06] [INGEST] doc_id=6508deb5bc24c0cc status=skipped_not_tanshin title=2026年４月期 第３四半期決算説明資料
[20:40:06] [DL] 既にダウンロード済み: data\docs\140120260313581319.pdf
[20:40:06] [抽出] SKIP_PDF_NOT_TANSHIN: title=2026年４月期第３四半期決算説明資料
[20:40:06] [INGEST] doc_id=b99b4391f4fa9c37 status=skipped_not_tanshin title=2026年４月期第３四半期決算説明資料
[20:40:06] [DL] 既にダウンロード済み: data\docs\140120260313581723.pdf
[20:40:06] [抽出] SKIP_PDF_NOT_TANSHIN: title=2026年１月期通期決算説明会資料
[20:40:06] [INGEST] doc_id=ecc2e02fc2ccbdd5 status=skipped_not_tanshin title=2026年１月期通期決算説明会資料
[20:40:06] [DL] 既にダウンロード済み: data\docs\140120260313581308.pdf
[20:40:06] [抽出] SKIP_PDF_NOT_TANSHIN: title=2026年10月期 第１四半期決算説明資料
[20:40:06] [INGEST] doc_id=a78b4071b3b85b97 status=skipped_not_tanshin title=2026年10月期 第１四半期決算説明資料
[20:40:06] [DL] 既にダウンロード済み: data\docs\140120260313581315.pdf
[20:40:06] [抽出] SKIP_PDF_NOT_TANSHIN: title=2026年10月期 第１四半期決算説明資料（書き起こし）公開に関するお知らせ
[20:40:06] [INGEST] doc_id=c9e7ddeb7cbfce1f status=skipped_not_tanshin title=2026年10月期 第１四半期決算説明資料（書き起こし）公開に関するお知らせ
[20:40:06] [DL] 既にダウンロード済み: data\docs\140120260313581454.pdf
[20:40:06] [抽出] SKIP_PDF_NOT_TANSHIN: title=2026年10月期第１四半期決算説明資料
[20:40:06] [INGEST] doc_id=76f1d64eda1678a0 status=skipped_not_tanshin title=2026年10月期第１四半期決算説明資料
[20:40:06] [DL] 既にダウンロード済み: data\docs\140120260313581610.pdf
[20:40:06] [抽出] SKIP_PDF_NOT_TANSHIN: title=2026年７月期　第２四半期決算説明資料
[20:40:06] [INGEST] doc_id=8ba7cf79e9935209 status=skipped_not_tanshin title=2026年７月期　第２四半期決算説明資料
[20:40:06] [DL] 既にダウンロード済み: data\docs\140120260311579432.pdf
[20:40:06] [抽出] SKIP_PDF_NOT_TANSHIN: title=2026年10月期第１四半期 決算補足説明資料
[20:40:06] [INGEST] doc_id=e0daeec92a3e8cde status=skipped_not_tanshin title=2026年10月期第１四半期 決算補足説明資料
[20:40:06] [DL] 既にダウンロード済み: data\docs\140120260312580742.pdf
[20:40:06] [抽出] SKIP_PDF_NOT_TANSHIN: title=2026年７月期第２四半期決算説明資料
[20:40:06] [INGEST] doc_id=941a4b3b0407a6ac status=skipped_not_tanshin title=2026年７月期第２四半期決算説明資料
[20:40:06] [DL] 既にダウンロード済み: data\docs\140120260313581335.pdf
[20:40:06] [抽出] SKIP_PDF_NOT_TANSHIN: title=2026年10月期　第１四半期　決算説明資料
[20:40:06] [INGEST] doc_id=fe64e06c80691acf status=skipped_not_tanshin title=2026年10月期　第１四半期　決算説明資料
[20:40:06] [DL] 既にダウンロード済み: data\docs\140120260309578448.pdf
[20:40:06] [抽出] SKIP_PDF_NOT_TANSHIN: title=2026年10月期第1四半期決算ご説明（IR資料）
[20:40:06] [INGEST] doc_id=62b3ae94689f23c5 status=skipped_not_tanshin title=2026年10月期第1四半期決算ご説明（IR資料）
[20:40:06] [DL] 既にダウンロード済み: data\docs\140120260310578873.pdf
[20:40:07] [抽出] SKIP_PDF_NOT_TANSHIN: title=2026年10月期 第１四半期決算補足説明資料
[20:40:07] [INGEST] doc_id=9a2a3b585e7f1d13 status=skipped_not_tanshin title=2026年10月期 第１四半期決算補足説明資料
[20:40:07] [INGEST] run=ingest-50958aa6 processed=31 success=0 skipped=31 error=0 (tanshin=31) SKIP_NOT_TANSHIN_TITLE=31
[20:40:07] [filings_ingest] done total=31 success=0 errors=0
[20:40:07] [pipeline_run] finished: ingest status=done elapsed=5.1s id=202 processed=31 success=0 failed=0
[2026/03/13 20:40:07.22] Finished (exit=0) 
[2026/03/13 20:50:01.54] Starting ingest 
[20:50:01] [db] config: write_key_type=service_role read_key_type=service_role
[20:50:02] [pipeline_run] started: ingest (id=203, trigger=scheduler)
[20:50:02] [filings_ingest] start dry_run=False company_code=ALL
[20:50:02] [API] yanoshin.jp APIから取得中: https://webapi.yanoshin.jp/webapi/tdnet/list/today.json
[20:50:02] [API] detected_schema=items, raw_items_count=300
[20:50:02] [API] first_item_preview: id=4df3ccdb0c96..., pubdate=2026-03-13 19:00:00, title=役員持株会設立に関するお知らせ, code=265A
[20:50:02] [API] fetched_count=300
[20:50:02] [API] fetched_count=300, filtered_count=126, forecast_revision_count=29, financial_statement_count=97
[20:50:02] [API] new_count=60 already_processed=66 already_processed_financial_statement=66 new_financial_statement=31
[20:50:02] [API] already_processed_tickers=3421,359A,4431,5598,3161,9254,172A,186A,3441,3524,3931,4378,5079,7050,7674,7850,9262,9425,218A,3444
[20:50:02] [INGEST] run=ingest-72031c6d new_items=60 target_statements=31 non_target=29 (forecast_revision=29, other=0)
[20:50:02] [DL] 既にダウンロード済み: data\docs\140120260313581949.pdf
[20:50:02] [抽出] SKIP_PDF_NOT_TANSHIN: title=（追加）「2026年10月期　第１四半期　決算説明資料」の一部追加について
[20:50:02] [INGEST] doc_id=c1d69b788cc8900f status=skipped_not_tanshin title=（追加）「2026年10月期　第１四半期　決算説明資料」の一部追加について
[20:50:02] [DL] 既にダウンロード済み: data\docs\140120260313581538.pdf
[20:50:02] [抽出] SKIP_PDF_NOT_TANSHIN: title=2026年7月期 第2四半期 決算説明資料
[20:50:02] [INGEST] doc_id=6da97293e362a01f status=skipped_not_tanshin title=2026年7月期 第2四半期 決算説明資料
[20:50:02] [DL] 既にダウンロード済み: data\docs\140120260313581862.pdf
[20:50:02] [抽出] SKIP_PDF_NOT_TANSHIN: title=2026年4月期第3四半期決算説明資料
[20:50:02] [INGEST] doc_id=487d3393278a1da2 status=skipped_not_tanshin title=2026年4月期第3四半期決算説明資料
[20:50:02] [DL] 既にダウンロード済み: data\docs\140120260312580598.pdf
[20:50:02] [抽出] SKIP_PDF_NOT_TANSHIN: title=2026年9月期 第1四半期決算にかかる機関投資家等との対話について
[20:50:02] [INGEST] doc_id=6c6b0eae45d97a2c status=skipped_not_tanshin title=2026年9月期 第1四半期決算にかかる機関投資家等との対話について
[20:50:02] [DL] 既にダウンロード済み: data\docs\140120260313581824.pdf
[20:50:02] [抽出] SKIP_PDF_NOT_TANSHIN: title=2026年3月期第１四半期 決算説明資料
[20:50:02] [INGEST] doc_id=c038d23197af192f status=skipped_not_tanshin title=2026年3月期第１四半期 決算説明資料
[20:50:02] [DL] 既にダウンロード済み: data\docs\140120260313581682.pdf
[20:50:02] [抽出] SKIP_PDF_NOT_TANSHIN: title=2026年4月期第3四半期 決算説明資料
[20:50:02] [INGEST] doc_id=ece0026e15e66168 status=skipped_not_tanshin title=2026年4月期第3四半期 決算説明資料
[20:50:02] [DL] 既にダウンロード済み: data\docs\140120260312580915.pdf
[20:50:03] [抽出] SKIP_PDF_NOT_TANSHIN: title=2026年10月期第１四半期 決算説明資料
[20:50:03] [INGEST] doc_id=4ccbe79cd9b3d282 status=skipped_not_tanshin title=2026年10月期第１四半期 決算説明資料
[20:50:03] [DL] 既にダウンロード済み: data\docs\140120260313581864.pdf
[20:50:03] [抽出] SKIP_PDF_NOT_TANSHIN: title=2026年4月期第３四半期決算説明補足資料
[20:50:03] [INGEST] doc_id=05e1335e1aecce0d status=skipped_not_tanshin title=2026年4月期第３四半期決算説明補足資料
[20:50:03] [DL] 既にダウンロード済み: data\docs\140120260313581236.pdf
[20:50:03] [抽出] SKIP_PDF_NOT_TANSHIN: title=2026年１月期通期　決算説明資料
[20:50:03] [INGEST] doc_id=3a2488b580f82825 status=skipped_not_tanshin title=2026年１月期通期　決算説明資料
[20:50:03] [DL] 既にダウンロード済み: data\docs\140120260313581648.pdf
[20:50:03] [抽出] SKIP_PDF_NOT_TANSHIN: title=2026年7月期 第2四半期決算説明資料
[20:50:03] [INGEST] doc_id=f97aff7509c5c532 status=skipped_not_tanshin title=2026年7月期 第2四半期決算説明資料
[20:50:03] [DL] 既にダウンロード済み: data\docs\140120260312580923.pdf
[20:50:03] [抽出] SKIP_PDF_NOT_TANSHIN: title=売れるネット広告社グループ（9235）2026年７月期第2四半期決算説明資料
[20:50:03] [INGEST] doc_id=0b376bb3f7a7e79e status=skipped_not_tanshin title=売れるネット広告社グループ（9235）2026年７月期第2四半期決算説明資料
[20:50:03] [DL] 既にダウンロード済み: data\docs\140120260313581070.pdf
[20:50:03] [抽出] SKIP_PDF_NOT_TANSHIN: title=2026年10月期　第１四半期決算説明資料
[20:50:03] [INGEST] doc_id=3f144949896df324 status=skipped_not_tanshin title=2026年10月期　第１四半期決算説明資料
[20:50:03] [DL] 既にダウンロード済み: data\docs\140120260310579038.pdf
[20:50:03] [抽出] SKIP_PDF_NOT_TANSHIN: title=2026年７月期　第２四半期決算補足説明資料
[20:50:03] [INGEST] doc_id=2435c857359954ea status=skipped_not_tanshin title=2026年７月期　第２四半期決算補足説明資料
[20:50:03] [DL] 既にダウンロード済み: data\docs\140120260312580260.pdf
[20:50:03] [抽出] SKIP_PDF_NOT_TANSHIN: title=2026年10月期 第１四半期 決算説明資料
[20:50:03] [INGEST] doc_id=61115f05deb10312 status=skipped_not_tanshin title=2026年10月期 第１四半期 決算説明資料
[20:50:03] [DL] 既にダウンロード済み: data\docs\140120260313581418.pdf
[20:50:03] [抽出] SKIP_PDF_NOT_TANSHIN: title=2026年４月期　第３四半期決算説明資料
[20:50:03] [INGEST] doc_id=638b8c0a8c1ee3f8 status=skipped_not_tanshin title=2026年４月期　第３四半期決算説明資料
[20:50:03] [DL] 既にダウンロード済み: data\docs\140120260313581627.pdf
[20:50:03] [抽出] SKIP_PDF_NOT_TANSHIN: title=2026年４月期　第３四半期決算説明資料
[20:50:03] [INGEST] doc_id=8598ccc3ad37c7f4 status=skipped_not_tanshin title=2026年４月期　第３四半期決算説明資料
[20:50:03] [DL] 既にダウンロード済み: data\docs\140120260313581801.pdf
[20:50:03] [抽出] SKIP_PDF_NOT_TANSHIN: title=2026年10月期 第1四半期決算補足説明資料
[20:50:03] [INGEST] doc_id=293914e1d95d3f2e status=skipped_not_tanshin title=2026年10月期 第1四半期決算補足説明資料
[20:50:03] [DL] 既にダウンロード済み: data\docs\140120260312580829.pdf
[20:50:03] [抽出] SKIP_PDF_NOT_TANSHIN: title=2026年4月期 第３四半期決算説明資料
[20:50:03] [INGEST] doc_id=da020834f5388106 status=skipped_not_tanshin title=2026年4月期 第３四半期決算説明資料
[20:50:03] [DL] 既にダウンロード済み: data\docs\140120260313581540.pdf
[20:50:03] [抽出] SKIP_PDF_NOT_TANSHIN: title=2026年1月期 通期 決算説明資料(事業計画及び成長可能性に関する事項)
[20:50:03] [INGEST] doc_id=4334b680e79b765d status=skipped_not_tanshin title=2026年1月期 通期 決算説明資料(事業計画及び成長可能性に関する事項)
[20:50:03] [DL] 既にダウンロード済み: data\docs\140120260313581793.pdf
[20:50:06] [抽出] SKIP_PDF_NOT_TANSHIN: title=2026年４月期 第３四半期決算説明資料
[20:50:06] [INGEST] doc_id=6508deb5bc24c0cc status=skipped_not_tanshin title=2026年４月期 第３四半期決算説明資料
[20:50:06] [DL] 既にダウンロード済み: data\docs\140120260313581319.pdf
[20:50:06] [抽出] SKIP_PDF_NOT_TANSHIN: title=2026年４月期第３四半期決算説明資料
[20:50:06] [INGEST] doc_id=b99b4391f4fa9c37 status=skipped_not_tanshin title=2026年４月期第３四半期決算説明資料
[20:50:06] [DL] 既にダウンロード済み: data\docs\140120260313581723.pdf
[20:50:06] [抽出] SKIP_PDF_NOT_TANSHIN: title=2026年１月期通期決算説明会資料
[20:50:06] [INGEST] doc_id=ecc2e02fc2ccbdd5 status=skipped_not_tanshin title=2026年１月期通期決算説明会資料
[20:50:06] [DL] 既にダウンロード済み: data\docs\140120260313581308.pdf
[20:50:06] [抽出] SKIP_PDF_NOT_TANSHIN: title=2026年10月期 第１四半期決算説明資料
[20:50:06] [INGEST] doc_id=a78b4071b3b85b97 status=skipped_not_tanshin title=2026年10月期 第１四半期決算説明資料
[20:50:06] [DL] 既にダウンロード済み: data\docs\140120260313581315.pdf
[20:50:06] [抽出] SKIP_PDF_NOT_TANSHIN: title=2026年10月期 第１四半期決算説明資料（書き起こし）公開に関するお知らせ
[20:50:06] [INGEST] doc_id=c9e7ddeb7cbfce1f status=skipped_not_tanshin title=2026年10月期 第１四半期決算説明資料（書き起こし）公開に関するお知らせ
[20:50:06] [DL] 既にダウンロード済み: data\docs\140120260313581454.pdf
[20:50:06] [抽出] SKIP_PDF_NOT_TANSHIN: title=2026年10月期第１四半期決算説明資料
[20:50:06] [INGEST] doc_id=76f1d64eda1678a0 status=skipped_not_tanshin title=2026年10月期第１四半期決算説明資料
[20:50:06] [DL] 既にダウンロード済み: data\docs\140120260313581610.pdf
[20:50:06] [抽出] SKIP_PDF_NOT_TANSHIN: title=2026年７月期　第２四半期決算説明資料
[20:50:06] [INGEST] doc_id=8ba7cf79e9935209 status=skipped_not_tanshin title=2026年７月期　第２四半期決算説明資料
[20:50:06] [DL] 既にダウンロード済み: data\docs\140120260311579432.pdf
[20:50:06] [抽出] SKIP_PDF_NOT_TANSHIN: title=2026年10月期第１四半期 決算補足説明資料
[20:50:06] [INGEST] doc_id=e0daeec92a3e8cde status=skipped_not_tanshin title=2026年10月期第１四半期 決算補足説明資料
[20:50:06] [DL] 既にダウンロード済み: data\docs\140120260312580742.pdf
[20:50:06] [抽出] SKIP_PDF_NOT_TANSHIN: title=2026年７月期第２四半期決算説明資料
[20:50:06] [INGEST] doc_id=941a4b3b0407a6ac status=skipped_not_tanshin title=2026年７月期第２四半期決算説明資料
[20:50:06] [DL] 既にダウンロード済み: data\docs\140120260313581335.pdf
[20:50:06] [抽出] SKIP_PDF_NOT_TANSHIN: title=2026年10月期　第１四半期　決算説明資料
[20:50:06] [INGEST] doc_id=fe64e06c80691acf status=skipped_not_tanshin title=2026年10月期　第１四半期　決算説明資料
[20:50:06] [DL] 既にダウンロード済み: data\docs\140120260309578448.pdf
[20:50:06] [抽出] SKIP_PDF_NOT_TANSHIN: title=2026年10月期第1四半期決算ご説明（IR資料）
[20:50:06] [INGEST] doc_id=62b3ae94689f23c5 status=skipped_not_tanshin title=2026年10月期第1四半期決算ご説明（IR資料）
[20:50:06] [DL] 既にダウンロード済み: data\docs\140120260310578873.pdf
[20:50:06] [抽出] SKIP_PDF_NOT_TANSHIN: title=2026年10月期 第１四半期決算補足説明資料
[20:50:06] [INGEST] doc_id=9a2a3b585e7f1d13 status=skipped_not_tanshin title=2026年10月期 第１四半期決算補足説明資料
[20:50:06] [INGEST] run=ingest-72031c6d processed=31 success=0 skipped=31 error=0 (tanshin=31) SKIP_NOT_TANSHIN_TITLE=31
[20:50:07] [filings_ingest] done total=31 success=0 errors=0
[20:50:07] [pipeline_run] finished: ingest status=done elapsed=5.0s id=203 processed=31 success=0 failed=0
[2026/03/13 20:50:07.15] Finished (exit=0) 
[2026/03/13 21:00:01.56] Starting ingest 
[21:00:01] [db] config: write_key_type=service_role read_key_type=service_role
[21:00:02] [pipeline_run] started: ingest (id=204, trigger=scheduler)
[21:00:02] [filings_ingest] start dry_run=False company_code=ALL
[21:00:02] [API] yanoshin.jp APIから取得中: https://webapi.yanoshin.jp/webapi/tdnet/list/today.json
[21:00:02] [API] detected_schema=items, raw_items_count=300
[21:00:02] [API] first_item_preview: id=4df3ccdb0c96..., pubdate=2026-03-13 19:00:00, title=役員持株会設立に関するお知らせ, code=265A
[21:00:02] [API] fetched_count=300
[21:00:02] [API] fetched_count=300, filtered_count=126, forecast_revision_count=29, financial_statement_count=97
[21:00:02] [API] new_count=60 already_processed=66 already_processed_financial_statement=66 new_financial_statement=31
[21:00:02] [API] already_processed_tickers=3421,359A,4431,5598,3161,9254,172A,186A,3441,3524,3931,4378,5079,7050,7674,7850,9262,9425,218A,3444
[21:00:02] [INGEST] run=ingest-3be267ab new_items=60 target_statements=31 non_target=29 (forecast_revision=29, other=0)
[21:00:02] [DL] 既にダウンロード済み: data\docs\140120260313581949.pdf
[21:00:02] [抽出] SKIP_PDF_NOT_TANSHIN: title=（追加）「2026年10月期　第１四半期　決算説明資料」の一部追加について
[21:00:02] [INGEST] doc_id=c1d69b788cc8900f status=skipped_not_tanshin title=（追加）「2026年10月期　第１四半期　決算説明資料」の一部追加について
[21:00:02] [DL] 既にダウンロード済み: data\docs\140120260313581538.pdf
[21:00:02] [抽出] SKIP_PDF_NOT_TANSHIN: title=2026年7月期 第2四半期 決算説明資料
[21:00:02] [INGEST] doc_id=6da97293e362a01f status=skipped_not_tanshin title=2026年7月期 第2四半期 決算説明資料
[21:00:02] [DL] 既にダウンロード済み: data\docs\140120260313581862.pdf
[21:00:02] [抽出] SKIP_PDF_NOT_TANSHIN: title=2026年4月期第3四半期決算説明資料
[21:00:02] [INGEST] doc_id=487d3393278a1da2 status=skipped_not_tanshin title=2026年4月期第3四半期決算説明資料
[21:00:02] [DL] 既にダウンロード済み: data\docs\140120260312580598.pdf
[21:00:02] [抽出] SKIP_PDF_NOT_TANSHIN: title=2026年9月期 第1四半期決算にかかる機関投資家等との対話について
[21:00:02] [INGEST] doc_id=6c6b0eae45d97a2c status=skipped_not_tanshin title=2026年9月期 第1四半期決算にかかる機関投資家等との対話について
[21:00:02] [DL] 既にダウンロード済み: data\docs\140120260313581824.pdf
[21:00:02] [抽出] SKIP_PDF_NOT_TANSHIN: title=2026年3月期第１四半期 決算説明資料
[21:00:02] [INGEST] doc_id=c038d23197af192f status=skipped_not_tanshin title=2026年3月期第１四半期 決算説明資料
[21:00:02] [DL] 既にダウンロード済み: data\docs\140120260313581682.pdf
[21:00:03] [抽出] SKIP_PDF_NOT_TANSHIN: title=2026年4月期第3四半期 決算説明資料
[21:00:03] [INGEST] doc_id=ece0026e15e66168 status=skipped_not_tanshin title=2026年4月期第3四半期 決算説明資料
[21:00:03] [DL] 既にダウンロード済み: data\docs\140120260312580915.pdf
[21:00:03] [抽出] SKIP_PDF_NOT_TANSHIN: title=2026年10月期第１四半期 決算説明資料
[21:00:03] [INGEST] doc_id=4ccbe79cd9b3d282 status=skipped_not_tanshin title=2026年10月期第１四半期 決算説明資料
[21:00:03] [DL] 既にダウンロード済み: data\docs\140120260313581864.pdf
[21:00:03] [抽出] SKIP_PDF_NOT_TANSHIN: title=2026年4月期第３四半期決算説明補足資料
[21:00:03] [INGEST] doc_id=05e1335e1aecce0d status=skipped_not_tanshin title=2026年4月期第３四半期決算説明補足資料
[21:00:03] [DL] 既にダウンロード済み: data\docs\140120260313581236.pdf
[21:00:03] [抽出] SKIP_PDF_NOT_TANSHIN: title=2026年１月期通期　決算説明資料
[21:00:03] [INGEST] doc_id=3a2488b580f82825 status=skipped_not_tanshin title=2026年１月期通期　決算説明資料
[21:00:03] [DL] 既にダウンロード済み: data\docs\140120260313581648.pdf
[21:00:03] [抽出] SKIP_PDF_NOT_TANSHIN: title=2026年7月期 第2四半期決算説明資料
[21:00:03] [INGEST] doc_id=f97aff7509c5c532 status=skipped_not_tanshin title=2026年7月期 第2四半期決算説明資料
[21:00:03] [DL] 既にダウンロード済み: data\docs\140120260312580923.pdf
[21:00:03] [抽出] SKIP_PDF_NOT_TANSHIN: title=売れるネット広告社グループ（9235）2026年７月期第2四半期決算説明資料
[21:00:03] [INGEST] doc_id=0b376bb3f7a7e79e status=skipped_not_tanshin title=売れるネット広告社グループ（9235）2026年７月期第2四半期決算説明資料
[21:00:03] [DL] 既にダウンロード済み: data\docs\140120260313581070.pdf
[21:00:03] [抽出] SKIP_PDF_NOT_TANSHIN: title=2026年10月期　第１四半期決算説明資料
[21:00:03] [INGEST] doc_id=3f144949896df324 status=skipped_not_tanshin title=2026年10月期　第１四半期決算説明資料
[21:00:03] [DL] 既にダウンロード済み: data\docs\140120260310579038.pdf
[21:00:03] [抽出] SKIP_PDF_NOT_TANSHIN: title=2026年７月期　第２四半期決算補足説明資料
[21:00:03] [INGEST] doc_id=2435c857359954ea status=skipped_not_tanshin title=2026年７月期　第２四半期決算補足説明資料
[21:00:03] [DL] 既にダウンロード済み: data\docs\140120260312580260.pdf
[21:00:03] [抽出] SKIP_PDF_NOT_TANSHIN: title=2026年10月期 第１四半期 決算説明資料
[21:00:03] [INGEST] doc_id=61115f05deb10312 status=skipped_not_tanshin title=2026年10月期 第１四半期 決算説明資料
[21:00:03] [DL] 既にダウンロード済み: data\docs\140120260313581418.pdf
[21:00:03] [抽出] SKIP_PDF_NOT_TANSHIN: title=2026年４月期　第３四半期決算説明資料
[21:00:03] [INGEST] doc_id=638b8c0a8c1ee3f8 status=skipped_not_tanshin title=2026年４月期　第３四半期決算説明資料
[21:00:03] [DL] 既にダウンロード済み: data\docs\140120260313581627.pdf
[21:00:03] [抽出] SKIP_PDF_NOT_TANSHIN: title=2026年４月期　第３四半期決算説明資料
[21:00:03] [INGEST] doc_id=8598ccc3ad37c7f4 status=skipped_not_tanshin title=2026年４月期　第３四半期決算説明資料
[21:00:03] [DL] 既にダウンロード済み: data\docs\140120260313581801.pdf
[21:00:03] [抽出] SKIP_PDF_NOT_TANSHIN: title=2026年10月期 第1四半期決算補足説明資料
[21:00:03] [INGEST] doc_id=293914e1d95d3f2e status=skipped_not_tanshin title=2026年10月期 第1四半期決算補足説明資料
[21:00:03] [DL] 既にダウンロード済み: data\docs\140120260312580829.pdf
[21:00:03] [抽出] SKIP_PDF_NOT_TANSHIN: title=2026年4月期 第３四半期決算説明資料
[21:00:03] [INGEST] doc_id=da020834f5388106 status=skipped_not_tanshin title=2026年4月期 第３四半期決算説明資料
[21:00:03] [DL] 既にダウンロード済み: data\docs\140120260313581540.pdf
[21:00:03] [抽出] SKIP_PDF_NOT_TANSHIN: title=2026年1月期 通期 決算説明資料(事業計画及び成長可能性に関する事項)
[21:00:03] [INGEST] doc_id=4334b680e79b765d status=skipped_not_tanshin title=2026年1月期 通期 決算説明資料(事業計画及び成長可能性に関する事項)
[21:00:03] [DL] 既にダウンロード済み: data\docs\140120260313581793.pdf
[21:00:06] [抽出] SKIP_PDF_NOT_TANSHIN: title=2026年４月期 第３四半期決算説明資料
[21:00:06] [INGEST] doc_id=6508deb5bc24c0cc status=skipped_not_tanshin title=2026年４月期 第３四半期決算説明資料
[21:00:06] [DL] 既にダウンロード済み: data\docs\140120260313581319.pdf
[21:00:06] [抽出] SKIP_PDF_NOT_TANSHIN: title=2026年４月期第３四半期決算説明資料
[21:00:06] [INGEST] doc_id=b99b4391f4fa9c37 status=skipped_not_tanshin title=2026年４月期第３四半期決算説明資料
[21:00:06] [DL] 既にダウンロード済み: data\docs\140120260313581723.pdf
[21:00:06] [抽出] SKIP_PDF_NOT_TANSHIN: title=2026年１月期通期決算説明会資料
[21:00:06] [INGEST] doc_id=ecc2e02fc2ccbdd5 status=skipped_not_tanshin title=2026年１月期通期決算説明会資料
[21:00:06] [DL] 既にダウンロード済み: data\docs\140120260313581308.pdf
[21:00:06] [抽出] SKIP_PDF_NOT_TANSHIN: title=2026年10月期 第１四半期決算説明資料
[21:00:06] [INGEST] doc_id=a78b4071b3b85b97 status=skipped_not_tanshin title=2026年10月期 第１四半期決算説明資料
[21:00:06] [DL] 既にダウンロード済み: data\docs\140120260313581315.pdf
[21:00:06] [抽出] SKIP_PDF_NOT_TANSHIN: title=2026年10月期 第１四半期決算説明資料（書き起こし）公開に関するお知らせ
[21:00:06] [INGEST] doc_id=c9e7ddeb7cbfce1f status=skipped_not_tanshin title=2026年10月期 第１四半期決算説明資料（書き起こし）公開に関するお知らせ
[21:00:06] [DL] 既にダウンロード済み: data\docs\140120260313581454.pdf
[21:00:06] [抽出] SKIP_PDF_NOT_TANSHIN: title=2026年10月期第１四半期決算説明資料
[21:00:06] [INGEST] doc_id=76f1d64eda1678a0 status=skipped_not_tanshin title=2026年10月期第１四半期決算説明資料
[21:00:06] [DL] 既にダウンロード済み: data\docs\140120260313581610.pdf
[21:00:06] [抽出] SKIP_PDF_NOT_TANSHIN: title=2026年７月期　第２四半期決算説明資料
[21:00:06] [INGEST] doc_id=8ba7cf79e9935209 status=skipped_not_tanshin title=2026年７月期　第２四半期決算説明資料
[21:00:06] [DL] 既にダウンロード済み: data\docs\140120260311579432.pdf
[21:00:06] [抽出] SKIP_PDF_NOT_TANSHIN: title=2026年10月期第１四半期 決算補足説明資料
[21:00:06] [INGEST] doc_id=e0daeec92a3e8cde status=skipped_not_tanshin title=2026年10月期第１四半期 決算補足説明資料
[21:00:06] [DL] 既にダウンロード済み: data\docs\140120260312580742.pdf
[21:00:06] [抽出] SKIP_PDF_NOT_TANSHIN: title=2026年７月期第２四半期決算説明資料
[21:00:06] [INGEST] doc_id=941a4b3b0407a6ac status=skipped_not_tanshin title=2026年７月期第２四半期決算説明資料
[21:00:06] [DL] 既にダウンロード済み: data\docs\140120260313581335.pdf
[21:00:06] [抽出] SKIP_PDF_NOT_TANSHIN: title=2026年10月期　第１四半期　決算説明資料
[21:00:06] [INGEST] doc_id=fe64e06c80691acf status=skipped_not_tanshin title=2026年10月期　第１四半期　決算説明資料
[21:00:06] [DL] 既にダウンロード済み: data\docs\140120260309578448.pdf
[21:00:06] [抽出] SKIP_PDF_NOT_TANSHIN: title=2026年10月期第1四半期決算ご説明（IR資料）
[21:00:06] [INGEST] doc_id=62b3ae94689f23c5 status=skipped_not_tanshin title=2026年10月期第1四半期決算ご説明（IR資料）
[21:00:06] [DL] 既にダウンロード済み: data\docs\140120260310578873.pdf
[21:00:07] [抽出] SKIP_PDF_NOT_TANSHIN: title=2026年10月期 第１四半期決算補足説明資料
[21:00:07] [INGEST] doc_id=9a2a3b585e7f1d13 status=skipped_not_tanshin title=2026年10月期 第１四半期決算補足説明資料
[21:00:07] [INGEST] run=ingest-3be267ab processed=31 success=0 skipped=31 error=0 (tanshin=31) SKIP_NOT_TANSHIN_TITLE=31
[21:00:07] [filings_ingest] done total=31 success=0 errors=0
[21:00:07] [pipeline_run] finished: ingest status=done elapsed=5.1s id=204 processed=31 success=0 failed=0
[2026/03/13 21:00:07.21] Finished (exit=0) 
[2026/03/13 21:10:01.55] Starting ingest 
[21:10:01] [db] config: write_key_type=service_role read_key_type=service_role
[21:10:02] [pipeline_run] started: ingest (id=205, trigger=scheduler)
[21:10:02] [filings_ingest] start dry_run=False company_code=ALL
[21:10:02] [API] yanoshin.jp APIから取得中: https://webapi.yanoshin.jp/webapi/tdnet/list/today.json
[21:10:02] [API] detected_schema=items, raw_items_count=300
[21:10:02] [API] first_item_preview: id=4df3ccdb0c96..., pubdate=2026-03-13 19:00:00, title=役員持株会設立に関するお知らせ, code=265A
[21:10:02] [API] fetched_count=300
[21:10:02] [API] fetched_count=300, filtered_count=126, forecast_revision_count=29, financial_statement_count=97
[21:10:02] [API] new_count=60 already_processed=66 already_processed_financial_statement=66 new_financial_statement=31
[21:10:02] [API] already_processed_tickers=3421,359A,4431,5598,3161,9254,172A,186A,3441,3524,3931,4378,5079,7050,7674,7850,9262,9425,218A,3444
[21:10:02] [INGEST] run=ingest-472029e0 new_items=60 target_statements=31 non_target=29 (forecast_revision=29, other=0)
[21:10:02] [DL] 既にダウンロード済み: data\docs\140120260313581949.pdf
[21:10:02] [抽出] SKIP_PDF_NOT_TANSHIN: title=（追加）「2026年10月期　第１四半期　決算説明資料」の一部追加について
[21:10:02] [INGEST] doc_id=c1d69b788cc8900f status=skipped_not_tanshin title=（追加）「2026年10月期　第１四半期　決算説明資料」の一部追加について
[21:10:02] [DL] 既にダウンロード済み: data\docs\140120260313581538.pdf
[21:10:02] [抽出] SKIP_PDF_NOT_TANSHIN: title=2026年7月期 第2四半期 決算説明資料
[21:10:02] [INGEST] doc_id=6da97293e362a01f status=skipped_not_tanshin title=2026年7月期 第2四半期 決算説明資料
[21:10:02] [DL] 既にダウンロード済み: data\docs\140120260313581862.pdf
[21:10:02] [抽出] SKIP_PDF_NOT_TANSHIN: title=2026年4月期第3四半期決算説明資料
[21:10:02] [INGEST] doc_id=487d3393278a1da2 status=skipped_not_tanshin title=2026年4月期第3四半期決算説明資料
[21:10:02] [DL] 既にダウンロード済み: data\docs\140120260312580598.pdf
[21:10:03] [抽出] SKIP_PDF_NOT_TANSHIN: title=2026年9月期 第1四半期決算にかかる機関投資家等との対話について
[21:10:03] [INGEST] doc_id=6c6b0eae45d97a2c status=skipped_not_tanshin title=2026年9月期 第1四半期決算にかかる機関投資家等との対話について
[21:10:03] [DL] 既にダウンロード済み: data\docs\140120260313581824.pdf
[21:10:03] [抽出] SKIP_PDF_NOT_TANSHIN: title=2026年3月期第１四半期 決算説明資料
[21:10:03] [INGEST] doc_id=c038d23197af192f status=skipped_not_tanshin title=2026年3月期第１四半期 決算説明資料
[21:10:03] [DL] 既にダウンロード済み: data\docs\140120260313581682.pdf
[21:10:03] [抽出] SKIP_PDF_NOT_TANSHIN: title=2026年4月期第3四半期 決算説明資料
[21:10:03] [INGEST] doc_id=ece0026e15e66168 status=skipped_not_tanshin title=2026年4月期第3四半期 決算説明資料
[21:10:03] [DL] 既にダウンロード済み: data\docs\140120260312580915.pdf
[21:10:03] [抽出] SKIP_PDF_NOT_TANSHIN: title=2026年10月期第１四半期 決算説明資料
[21:10:03] [INGEST] doc_id=4ccbe79cd9b3d282 status=skipped_not_tanshin title=2026年10月期第１四半期 決算説明資料
[21:10:03] [DL] 既にダウンロード済み: data\docs\140120260313581864.pdf
[21:10:03] [抽出] SKIP_PDF_NOT_TANSHIN: title=2026年4月期第３四半期決算説明補足資料
[21:10:03] [INGEST] doc_id=05e1335e1aecce0d status=skipped_not_tanshin title=2026年4月期第３四半期決算説明補足資料
[21:10:03] [DL] 既にダウンロード済み: data\docs\140120260313581236.pdf
[21:10:03] [抽出] SKIP_PDF_NOT_TANSHIN: title=2026年１月期通期　決算説明資料
[21:10:03] [INGEST] doc_id=3a2488b580f82825 status=skipped_not_tanshin title=2026年１月期通期　決算説明資料
[21:10:03] [DL] 既にダウンロード済み: data\docs\140120260313581648.pdf
[21:10:03] [抽出] SKIP_PDF_NOT_TANSHIN: title=2026年7月期 第2四半期決算説明資料
[21:10:03] [INGEST] doc_id=f97aff7509c5c532 status=skipped_not_tanshin title=2026年7月期 第2四半期決算説明資料
[21:10:03] [DL] 既にダウンロード済み: data\docs\140120260312580923.pdf
[21:10:03] [抽出] SKIP_PDF_NOT_TANSHIN: title=売れるネット広告社グループ（9235）2026年７月期第2四半期決算説明資料
[21:10:03] [INGEST] doc_id=0b376bb3f7a7e79e status=skipped_not_tanshin title=売れるネット広告社グループ（9235）2026年７月期第2四半期決算説明資料
[21:10:03] [DL] 既にダウンロード済み: data\docs\140120260313581070.pdf
[21:10:03] [抽出] SKIP_PDF_NOT_TANSHIN: title=2026年10月期　第１四半期決算説明資料
[21:10:03] [INGEST] doc_id=3f144949896df324 status=skipped_not_tanshin title=2026年10月期　第１四半期決算説明資料
[21:10:03] [DL] 既にダウンロード済み: data\docs\140120260310579038.pdf
[21:10:03] [抽出] SKIP_PDF_NOT_TANSHIN: title=2026年７月期　第２四半期決算補足説明資料
[21:10:03] [INGEST] doc_id=2435c857359954ea status=skipped_not_tanshin title=2026年７月期　第２四半期決算補足説明資料
[21:10:03] [DL] 既にダウンロード済み: data\docs\140120260312580260.pdf
[21:10:03] [抽出] SKIP_PDF_NOT_TANSHIN: title=2026年10月期 第１四半期 決算説明資料
[21:10:03] [INGEST] doc_id=61115f05deb10312 status=skipped_not_tanshin title=2026年10月期 第１四半期 決算説明資料
[21:10:03] [DL] 既にダウンロード済み: data\docs\140120260313581418.pdf
[21:10:03] [抽出] SKIP_PDF_NOT_TANSHIN: title=2026年４月期　第３四半期決算説明資料
[21:10:03] [INGEST] doc_id=638b8c0a8c1ee3f8 status=skipped_not_tanshin title=2026年４月期　第３四半期決算説明資料
[21:10:03] [DL] 既にダウンロード済み: data\docs\140120260313581627.pdf
[21:10:03] [抽出] SKIP_PDF_NOT_TANSHIN: title=2026年４月期　第３四半期決算説明資料
[21:10:03] [INGEST] doc_id=8598ccc3ad37c7f4 status=skipped_not_tanshin title=2026年４月期　第３四半期決算説明資料
[21:10:03] [DL] 既にダウンロード済み: data\docs\140120260313581801.pdf
[21:10:03] [抽出] SKIP_PDF_NOT_TANSHIN: title=2026年10月期 第1四半期決算補足説明資料
[21:10:03] [INGEST] doc_id=293914e1d95d3f2e status=skipped_not_tanshin title=2026年10月期 第1四半期決算補足説明資料
[21:10:03] [DL] 既にダウンロード済み: data\docs\140120260312580829.pdf
[21:10:03] [抽出] SKIP_PDF_NOT_TANSHIN: title=2026年4月期 第３四半期決算説明資料
[21:10:03] [INGEST] doc_id=da020834f5388106 status=skipped_not_tanshin title=2026年4月期 第３四半期決算説明資料
[21:10:03] [DL] 既にダウンロード済み: data\docs\140120260313581540.pdf
[21:10:04] [抽出] SKIP_PDF_NOT_TANSHIN: title=2026年1月期 通期 決算説明資料(事業計画及び成長可能性に関する事項)
[21:10:04] [INGEST] doc_id=4334b680e79b765d status=skipped_not_tanshin title=2026年1月期 通期 決算説明資料(事業計画及び成長可能性に関する事項)
[21:10:04] [DL] 既にダウンロード済み: data\docs\140120260313581793.pdf
[21:10:06] [抽出] SKIP_PDF_NOT_TANSHIN: title=2026年４月期 第３四半期決算説明資料
[21:10:06] [INGEST] doc_id=6508deb5bc24c0cc status=skipped_not_tanshin title=2026年４月期 第３四半期決算説明資料
[21:10:06] [DL] 既にダウンロード済み: data\docs\140120260313581319.pdf
[21:10:06] [抽出] SKIP_PDF_NOT_TANSHIN: title=2026年４月期第３四半期決算説明資料
[21:10:06] [INGEST] doc_id=b99b4391f4fa9c37 status=skipped_not_tanshin title=2026年４月期第３四半期決算説明資料
[21:10:06] [DL] 既にダウンロード済み: data\docs\140120260313581723.pdf
[21:10:06] [抽出] SKIP_PDF_NOT_TANSHIN: title=2026年１月期通期決算説明会資料
[21:10:06] [INGEST] doc_id=ecc2e02fc2ccbdd5 status=skipped_not_tanshin title=2026年１月期通期決算説明会資料
[21:10:06] [DL] 既にダウンロード済み: data\docs\140120260313581308.pdf
[21:10:06] [抽出] SKIP_PDF_NOT_TANSHIN: title=2026年10月期 第１四半期決算説明資料
[21:10:06] [INGEST] doc_id=a78b4071b3b85b97 status=skipped_not_tanshin title=2026年10月期 第１四半期決算説明資料
[21:10:06] [DL] 既にダウンロード済み: data\docs\140120260313581315.pdf
[21:10:06] [抽出] SKIP_PDF_NOT_TANSHIN: title=2026年10月期 第１四半期決算説明資料（書き起こし）公開に関するお知らせ
[21:10:06] [INGEST] doc_id=c9e7ddeb7cbfce1f status=skipped_not_tanshin title=2026年10月期 第１四半期決算説明資料（書き起こし）公開に関するお知らせ
[21:10:06] [DL] 既にダウンロード済み: data\docs\140120260313581454.pdf
[21:10:06] [抽出] SKIP_PDF_NOT_TANSHIN: title=2026年10月期第１四半期決算説明資料
[21:10:06] [INGEST] doc_id=76f1d64eda1678a0 status=skipped_not_tanshin title=2026年10月期第１四半期決算説明資料
[21:10:06] [DL] 既にダウンロード済み: data\docs\140120260313581610.pdf
[21:10:07] [抽出] SKIP_PDF_NOT_TANSHIN: title=2026年７月期　第２四半期決算説明資料
[21:10:07] [INGEST] doc_id=8ba7cf79e9935209 status=skipped_not_tanshin title=2026年７月期　第２四半期決算説明資料
[21:10:07] [DL] 既にダウンロード済み: data\docs\140120260311579432.pdf
[21:10:07] [抽出] SKIP_PDF_NOT_TANSHIN: title=2026年10月期第１四半期 決算補足説明資料
[21:10:07] [INGEST] doc_id=e0daeec92a3e8cde status=skipped_not_tanshin title=2026年10月期第１四半期 決算補足説明資料
[21:10:07] [DL] 既にダウンロード済み: data\docs\140120260312580742.pdf
[21:10:07] [抽出] SKIP_PDF_NOT_TANSHIN: title=2026年７月期第２四半期決算説明資料
[21:10:07] [INGEST] doc_id=941a4b3b0407a6ac status=skipped_not_tanshin title=2026年７月期第２四半期決算説明資料
[21:10:07] [DL] 既にダウンロード済み: data\docs\140120260313581335.pdf
[21:10:07] [抽出] SKIP_PDF_NOT_TANSHIN: title=2026年10月期　第１四半期　決算説明資料
[21:10:07] [INGEST] doc_id=fe64e06c80691acf status=skipped_not_tanshin title=2026年10月期　第１四半期　決算説明資料
[21:10:07] [DL] 既にダウンロード済み: data\docs\140120260309578448.pdf
[21:10:07] [抽出] SKIP_PDF_NOT_TANSHIN: title=2026年10月期第1四半期決算ご説明（IR資料）
[21:10:07] [INGEST] doc_id=62b3ae94689f23c5 status=skipped_not_tanshin title=2026年10月期第1四半期決算ご説明（IR資料）
[21:10:07] [DL] 既にダウンロード済み: data\docs\140120260310578873.pdf
[21:10:07] [抽出] SKIP_PDF_NOT_TANSHIN: title=2026年10月期 第１四半期決算補足説明資料
[21:10:07] [INGEST] doc_id=9a2a3b585e7f1d13 status=skipped_not_tanshin title=2026年10月期 第１四半期決算補足説明資料
[21:10:07] [INGEST] run=ingest-472029e0 processed=31 success=0 skipped=31 error=0 (tanshin=31) SKIP_NOT_TANSHIN_TITLE=31
[21:10:07] [filings_ingest] done total=31 success=0 errors=0
[21:10:07] [pipeline_run] finished: ingest status=done elapsed=5.2s id=205 processed=31 success=0 failed=0
[2026/03/13 21:10:07.38] Finished (exit=0) 
[2026/03/13 21:20:01.57] Starting ingest 
[21:20:01] [db] config: write_key_type=service_role read_key_type=service_role
[21:20:02] [pipeline_run] started: ingest (id=206, trigger=scheduler)
[21:20:02] [filings_ingest] start dry_run=False company_code=ALL
[21:20:02] [API] yanoshin.jp APIから取得中: https://webapi.yanoshin.jp/webapi/tdnet/list/today.json
[21:20:02] [API] detected_schema=items, raw_items_count=300
[21:20:02] [API] first_item_preview: id=4df3ccdb0c96..., pubdate=2026-03-13 19:00:00, title=役員持株会設立に関するお知らせ, code=265A
[21:20:02] [API] fetched_count=300
[21:20:02] [API] fetched_count=300, filtered_count=126, forecast_revision_count=29, financial_statement_count=97
[21:20:02] [API] new_count=60 already_processed=66 already_processed_financial_statement=66 new_financial_statement=31
[21:20:02] [API] already_processed_tickers=3421,359A,4431,5598,3161,9254,172A,186A,3441,3524,3931,4378,5079,7050,7674,7850,9262,9425,218A,3444
[21:20:02] [INGEST] run=ingest-e936808c new_items=60 target_statements=31 non_target=29 (forecast_revision=29, other=0)
[21:20:02] [DL] 既にダウンロード済み: data\docs\140120260313581949.pdf
[21:20:02] [抽出] SKIP_PDF_NOT_TANSHIN: title=（追加）「2026年10月期　第１四半期　決算説明資料」の一部追加について
[21:20:02] [INGEST] doc_id=c1d69b788cc8900f status=skipped_not_tanshin title=（追加）「2026年10月期　第１四半期　決算説明資料」の一部追加について
[21:20:02] [DL] 既にダウンロード済み: data\docs\140120260313581538.pdf
[21:20:02] [抽出] SKIP_PDF_NOT_TANSHIN: title=2026年7月期 第2四半期 決算説明資料
[21:20:02] [INGEST] doc_id=6da97293e362a01f status=skipped_not_tanshin title=2026年7月期 第2四半期 決算説明資料
[21:20:02] [DL] 既にダウンロード済み: data\docs\140120260313581862.pdf
[21:20:03] [抽出] SKIP_PDF_NOT_TANSHIN: title=2026年4月期第3四半期決算説明資料
[21:20:03] [INGEST] doc_id=487d3393278a1da2 status=skipped_not_tanshin title=2026年4月期第3四半期決算説明資料
[21:20:03] [DL] 既にダウンロード済み: data\docs\140120260312580598.pdf
[21:20:03] [抽出] SKIP_PDF_NOT_TANSHIN: title=2026年9月期 第1四半期決算にかかる機関投資家等との対話について
[21:20:03] [INGEST] doc_id=6c6b0eae45d97a2c status=skipped_not_tanshin title=2026年9月期 第1四半期決算にかかる機関投資家等との対話について
[21:20:03] [DL] 既にダウンロード済み: data\docs\140120260313581824.pdf
[21:20:03] [抽出] SKIP_PDF_NOT_TANSHIN: title=2026年3月期第１四半期 決算説明資料
[21:20:03] [INGEST] doc_id=c038d23197af192f status=skipped_not_tanshin title=2026年3月期第１四半期 決算説明資料
[21:20:03] [DL] 既にダウンロード済み: data\docs\140120260313581682.pdf
[21:20:03] [抽出] SKIP_PDF_NOT_TANSHIN: title=2026年4月期第3四半期 決算説明資料
[21:20:03] [INGEST] doc_id=ece0026e15e66168 status=skipped_not_tanshin title=2026年4月期第3四半期 決算説明資料
[21:20:03] [DL] 既にダウンロード済み: data\docs\140120260312580915.pdf
[21:20:03] [抽出] SKIP_PDF_NOT_TANSHIN: title=2026年10月期第１四半期 決算説明資料
[21:20:03] [INGEST] doc_id=4ccbe79cd9b3d282 status=skipped_not_tanshin title=2026年10月期第１四半期 決算説明資料
[21:20:03] [DL] 既にダウンロード済み: data\docs\140120260313581864.pdf
[21:20:03] [抽出] SKIP_PDF_NOT_TANSHIN: title=2026年4月期第３四半期決算説明補足資料
[21:20:03] [INGEST] doc_id=05e1335e1aecce0d status=skipped_not_tanshin title=2026年4月期第３四半期決算説明補足資料
[21:20:03] [DL] 既にダウンロード済み: data\docs\140120260313581236.pdf
[21:20:03] [抽出] SKIP_PDF_NOT_TANSHIN: title=2026年１月期通期　決算説明資料
[21:20:03] [INGEST] doc_id=3a2488b580f82825 status=skipped_not_tanshin title=2026年１月期通期　決算説明資料
[21:20:03] [DL] 既にダウンロード済み: data\docs\140120260313581648.pdf
[21:20:03] [抽出] SKIP_PDF_NOT_TANSHIN: title=2026年7月期 第2四半期決算説明資料
[21:20:03] [INGEST] doc_id=f97aff7509c5c532 status=skipped_not_tanshin title=2026年7月期 第2四半期決算説明資料
[21:20:03] [DL] 既にダウンロード済み: data\docs\140120260312580923.pdf
[21:20:03] [抽出] SKIP_PDF_NOT_TANSHIN: title=売れるネット広告社グループ（9235）2026年７月期第2四半期決算説明資料
[21:20:03] [INGEST] doc_id=0b376bb3f7a7e79e status=skipped_not_tanshin title=売れるネット広告社グループ（9235）2026年７月期第2四半期決算説明資料
[21:20:03] [DL] 既にダウンロード済み: data\docs\140120260313581070.pdf
[21:20:03] [抽出] SKIP_PDF_NOT_TANSHIN: title=2026年10月期　第１四半期決算説明資料
[21:20:03] [INGEST] doc_id=3f144949896df324 status=skipped_not_tanshin title=2026年10月期　第１四半期決算説明資料
[21:20:03] [DL] 既にダウンロード済み: data\docs\140120260310579038.pdf
[21:20:03] [抽出] SKIP_PDF_NOT_TANSHIN: title=2026年７月期　第２四半期決算補足説明資料
[21:20:03] [INGEST] doc_id=2435c857359954ea status=skipped_not_tanshin title=2026年７月期　第２四半期決算補足説明資料
[21:20:03] [DL] 既にダウンロード済み: data\docs\140120260312580260.pdf
[21:20:03] [抽出] SKIP_PDF_NOT_TANSHIN: title=2026年10月期 第１四半期 決算説明資料
[21:20:03] [INGEST] doc_id=61115f05deb10312 status=skipped_not_tanshin title=2026年10月期 第１四半期 決算説明資料
[21:20:03] [DL] 既にダウンロード済み: data\docs\140120260313581418.pdf
[21:20:03] [抽出] SKIP_PDF_NOT_TANSHIN: title=2026年４月期　第３四半期決算説明資料
[21:20:03] [INGEST] doc_id=638b8c0a8c1ee3f8 status=skipped_not_tanshin title=2026年４月期　第３四半期決算説明資料
[21:20:03] [DL] 既にダウンロード済み: data\docs\140120260313581627.pdf
[21:20:03] [抽出] SKIP_PDF_NOT_TANSHIN: title=2026年４月期　第３四半期決算説明資料
[21:20:03] [INGEST] doc_id=8598ccc3ad37c7f4 status=skipped_not_tanshin title=2026年４月期　第３四半期決算説明資料
[21:20:03] [DL] 既にダウンロード済み: data\docs\140120260313581801.pdf
[21:20:03] [抽出] SKIP_PDF_NOT_TANSHIN: title=2026年10月期 第1四半期決算補足説明資料
[21:20:03] [INGEST] doc_id=293914e1d95d3f2e status=skipped_not_tanshin title=2026年10月期 第1四半期決算補足説明資料
[21:20:03] [DL] 既にダウンロード済み: data\docs\140120260312580829.pdf
[21:20:04] [抽出] SKIP_PDF_NOT_TANSHIN: title=2026年4月期 第３四半期決算説明資料
[21:20:04] [INGEST] doc_id=da020834f5388106 status=skipped_not_tanshin title=2026年4月期 第３四半期決算説明資料
[21:20:04] [DL] 既にダウンロード済み: data\docs\140120260313581540.pdf
[21:20:04] [抽出] SKIP_PDF_NOT_TANSHIN: title=2026年1月期 通期 決算説明資料(事業計画及び成長可能性に関する事項)
[21:20:04] [INGEST] doc_id=4334b680e79b765d status=skipped_not_tanshin title=2026年1月期 通期 決算説明資料(事業計画及び成長可能性に関する事項)
[21:20:04] [DL] 既にダウンロード済み: data\docs\140120260313581793.pdf
[21:20:06] [抽出] SKIP_PDF_NOT_TANSHIN: title=2026年４月期 第３四半期決算説明資料
[21:20:06] [INGEST] doc_id=6508deb5bc24c0cc status=skipped_not_tanshin title=2026年４月期 第３四半期決算説明資料
[21:20:06] [DL] 既にダウンロード済み: data\docs\140120260313581319.pdf
[21:20:06] [抽出] SKIP_PDF_NOT_TANSHIN: title=2026年４月期第３四半期決算説明資料
[21:20:06] [INGEST] doc_id=b99b4391f4fa9c37 status=skipped_not_tanshin title=2026年４月期第３四半期決算説明資料
[21:20:06] [DL] 既にダウンロード済み: data\docs\140120260313581723.pdf
[21:20:06] [抽出] SKIP_PDF_NOT_TANSHIN: title=2026年１月期通期決算説明会資料
[21:20:06] [INGEST] doc_id=ecc2e02fc2ccbdd5 status=skipped_not_tanshin title=2026年１月期通期決算説明会資料
[21:20:06] [DL] 既にダウンロード済み: data\docs\140120260313581308.pdf
[21:20:06] [抽出] SKIP_PDF_NOT_TANSHIN: title=2026年10月期 第１四半期決算説明資料
[21:20:06] [INGEST] doc_id=a78b4071b3b85b97 status=skipped_not_tanshin title=2026年10月期 第１四半期決算説明資料
[21:20:06] [DL] 既にダウンロード済み: data\docs\140120260313581315.pdf
[21:20:06] [抽出] SKIP_PDF_NOT_TANSHIN: title=2026年10月期 第１四半期決算説明資料（書き起こし）公開に関するお知らせ
[21:20:06] [INGEST] doc_id=c9e7ddeb7cbfce1f status=skipped_not_tanshin title=2026年10月期 第１四半期決算説明資料（書き起こし）公開に関するお知らせ
[21:20:06] [DL] 既にダウンロード済み: data\docs\140120260313581454.pdf
[21:20:06] [抽出] SKIP_PDF_NOT_TANSHIN: title=2026年10月期第１四半期決算説明資料
[21:20:06] [INGEST] doc_id=76f1d64eda1678a0 status=skipped_not_tanshin title=2026年10月期第１四半期決算説明資料
[21:20:06] [DL] 既にダウンロード済み: data\docs\140120260313581610.pdf
[21:20:07] [抽出] SKIP_PDF_NOT_TANSHIN: title=2026年７月期　第２四半期決算説明資料
[21:20:07] [INGEST] doc_id=8ba7cf79e9935209 status=skipped_not_tanshin title=2026年７月期　第２四半期決算説明資料
[21:20:07] [DL] 既にダウンロード済み: data\docs\140120260311579432.pdf
[21:20:07] [抽出] SKIP_PDF_NOT_TANSHIN: title=2026年10月期第１四半期 決算補足説明資料
[21:20:07] [INGEST] doc_id=e0daeec92a3e8cde status=skipped_not_tanshin title=2026年10月期第１四半期 決算補足説明資料
[21:20:07] [DL] 既にダウンロード済み: data\docs\140120260312580742.pdf
[21:20:07] [抽出] SKIP_PDF_NOT_TANSHIN: title=2026年７月期第２四半期決算説明資料
[21:20:07] [INGEST] doc_id=941a4b3b0407a6ac status=skipped_not_tanshin title=2026年７月期第２四半期決算説明資料
[21:20:07] [DL] 既にダウンロード済み: data\docs\140120260313581335.pdf
[21:20:07] [抽出] SKIP_PDF_NOT_TANSHIN: title=2026年10月期　第１四半期　決算説明資料
[21:20:07] [INGEST] doc_id=fe64e06c80691acf status=skipped_not_tanshin title=2026年10月期　第１四半期　決算説明資料
[21:20:07] [DL] 既にダウンロード済み: data\docs\140120260309578448.pdf
[21:20:07] [抽出] SKIP_PDF_NOT_TANSHIN: title=2026年10月期第1四半期決算ご説明（IR資料）
[21:20:07] [INGEST] doc_id=62b3ae94689f23c5 status=skipped_not_tanshin title=2026年10月期第1四半期決算ご説明（IR資料）
[21:20:07] [DL] 既にダウンロード済み: data\docs\140120260310578873.pdf
[21:20:07] [抽出] SKIP_PDF_NOT_TANSHIN: title=2026年10月期 第１四半期決算補足説明資料
[21:20:07] [INGEST] doc_id=9a2a3b585e7f1d13 status=skipped_not_tanshin title=2026年10月期 第１四半期決算補足説明資料
[21:20:07] [INGEST] run=ingest-e936808c processed=31 success=0 skipped=31 error=0 (tanshin=31) SKIP_NOT_TANSHIN_TITLE=31
[21:20:07] [filings_ingest] done total=31 success=0 errors=0
[21:20:07] [pipeline_run] finished: ingest status=done elapsed=5.4s id=206 processed=31 success=0 failed=0
[2026/03/13 21:20:07.55] Finished (exit=0) 
[2026/03/13 21:30:01.59] Starting ingest 
[21:30:01] [db] config: write_key_type=service_role read_key_type=service_role
[21:30:02] [pipeline_run] started: ingest (id=207, trigger=scheduler)
[21:30:03] [filings_ingest] start dry_run=False company_code=ALL
[21:30:03] [API] yanoshin.jp APIから取得中: https://webapi.yanoshin.jp/webapi/tdnet/list/today.json
[21:30:03] [API] detected_schema=items, raw_items_count=300
[21:30:03] [API] first_item_preview: id=4df3ccdb0c96..., pubdate=2026-03-13 19:00:00, title=役員持株会設立に関するお知らせ, code=265A
[21:30:03] [API] fetched_count=300
[21:30:03] [API] fetched_count=300, filtered_count=126, forecast_revision_count=29, financial_statement_count=97
[21:30:03] [API] new_count=60 already_processed=66 already_processed_financial_statement=66 new_financial_statement=31
[21:30:03] [API] already_processed_tickers=3421,359A,4431,5598,3161,9254,172A,186A,3441,3524,3931,4378,5079,7050,7674,7850,9262,9425,218A,3444
[21:30:03] [INGEST] run=ingest-7668e67c new_items=60 target_statements=31 non_target=29 (forecast_revision=29, other=0)
[21:30:03] [DL] 既にダウンロード済み: data\docs\140120260313581949.pdf
[21:30:04] [抽出] SKIP_PDF_NOT_TANSHIN: title=（追加）「2026年10月期　第１四半期　決算説明資料」の一部追加について
[21:30:04] [INGEST] doc_id=c1d69b788cc8900f status=skipped_not_tanshin title=（追加）「2026年10月期　第１四半期　決算説明資料」の一部追加について
[21:30:04] [DL] 既にダウンロード済み: data\docs\140120260313581538.pdf
[21:30:04] [抽出] SKIP_PDF_NOT_TANSHIN: title=2026年7月期 第2四半期 決算説明資料
[21:30:04] [INGEST] doc_id=6da97293e362a01f status=skipped_not_tanshin title=2026年7月期 第2四半期 決算説明資料
[21:30:04] [DL] 既にダウンロード済み: data\docs\140120260313581862.pdf
[21:30:04] [抽出] SKIP_PDF_NOT_TANSHIN: title=2026年4月期第3四半期決算説明資料
[21:30:04] [INGEST] doc_id=487d3393278a1da2 status=skipped_not_tanshin title=2026年4月期第3四半期決算説明資料
[21:30:04] [DL] 既にダウンロード済み: data\docs\140120260312580598.pdf
[21:30:04] [抽出] SKIP_PDF_NOT_TANSHIN: title=2026年9月期 第1四半期決算にかかる機関投資家等との対話について
[21:30:04] [INGEST] doc_id=6c6b0eae45d97a2c status=skipped_not_tanshin title=2026年9月期 第1四半期決算にかかる機関投資家等との対話について
[21:30:04] [DL] 既にダウンロード済み: data\docs\140120260313581824.pdf
[21:30:04] [抽出] SKIP_PDF_NOT_TANSHIN: title=2026年3月期第１四半期 決算説明資料
[21:30:04] [INGEST] doc_id=c038d23197af192f status=skipped_not_tanshin title=2026年3月期第１四半期 決算説明資料
[21:30:04] [DL] 既にダウンロード済み: data\docs\140120260313581682.pdf
[21:30:04] [抽出] SKIP_PDF_NOT_TANSHIN: title=2026年4月期第3四半期 決算説明資料
[21:30:04] [INGEST] doc_id=ece0026e15e66168 status=skipped_not_tanshin title=2026年4月期第3四半期 決算説明資料
[21:30:04] [DL] 既にダウンロード済み: data\docs\140120260312580915.pdf
[21:30:04] [抽出] SKIP_PDF_NOT_TANSHIN: title=2026年10月期第１四半期 決算説明資料
[21:30:04] [INGEST] doc_id=4ccbe79cd9b3d282 status=skipped_not_tanshin title=2026年10月期第１四半期 決算説明資料
[21:30:04] [DL] 既にダウンロード済み: data\docs\140120260313581864.pdf
[21:30:04] [抽出] SKIP_PDF_NOT_TANSHIN: title=2026年4月期第３四半期決算説明補足資料
[21:30:04] [INGEST] doc_id=05e1335e1aecce0d status=skipped_not_tanshin title=2026年4月期第３四半期決算説明補足資料
[21:30:04] [DL] 既にダウンロード済み: data\docs\140120260313581236.pdf
[21:30:04] [抽出] SKIP_PDF_NOT_TANSHIN: title=2026年１月期通期　決算説明資料
[21:30:04] [INGEST] doc_id=3a2488b580f82825 status=skipped_not_tanshin title=2026年１月期通期　決算説明資料
[21:30:04] [DL] 既にダウンロード済み: data\docs\140120260313581648.pdf
[21:30:04] [抽出] SKIP_PDF_NOT_TANSHIN: title=2026年7月期 第2四半期決算説明資料
[21:30:04] [INGEST] doc_id=f97aff7509c5c532 status=skipped_not_tanshin title=2026年7月期 第2四半期決算説明資料
[21:30:04] [DL] 既にダウンロード済み: data\docs\140120260312580923.pdf
[21:30:05] [抽出] SKIP_PDF_NOT_TANSHIN: title=売れるネット広告社グループ（9235）2026年７月期第2四半期決算説明資料
[21:30:05] [INGEST] doc_id=0b376bb3f7a7e79e status=skipped_not_tanshin title=売れるネット広告社グループ（9235）2026年７月期第2四半期決算説明資料
[21:30:05] [DL] 既にダウンロード済み: data\docs\140120260313581070.pdf
[21:30:05] [抽出] SKIP_PDF_NOT_TANSHIN: title=2026年10月期　第１四半期決算説明資料
[21:30:05] [INGEST] doc_id=3f144949896df324 status=skipped_not_tanshin title=2026年10月期　第１四半期決算説明資料
[21:30:05] [DL] 既にダウンロード済み: data\docs\140120260310579038.pdf
[21:30:06] [抽出] SKIP_PDF_NOT_TANSHIN: title=2026年７月期　第２四半期決算補足説明資料
[21:30:06] [INGEST] doc_id=2435c857359954ea status=skipped_not_tanshin title=2026年７月期　第２四半期決算補足説明資料
[21:30:06] [DL] 既にダウンロード済み: data\docs\140120260312580260.pdf
[21:30:06] [抽出] SKIP_PDF_NOT_TANSHIN: title=2026年10月期 第１四半期 決算説明資料
[21:30:06] [INGEST] doc_id=61115f05deb10312 status=skipped_not_tanshin title=2026年10月期 第１四半期 決算説明資料
[21:30:06] [DL] 既にダウンロード済み: data\docs\140120260313581418.pdf
[21:30:06] [抽出] SKIP_PDF_NOT_TANSHIN: title=2026年４月期　第３四半期決算説明資料
[21:30:06] [INGEST] doc_id=638b8c0a8c1ee3f8 status=skipped_not_tanshin title=2026年４月期　第３四半期決算説明資料
[21:30:06] [DL] 既にダウンロード済み: data\docs\140120260313581627.pdf
[21:30:07] [抽出] SKIP_PDF_NOT_TANSHIN: title=2026年４月期　第３四半期決算説明資料
[21:30:07] [INGEST] doc_id=8598ccc3ad37c7f4 status=skipped_not_tanshin title=2026年４月期　第３四半期決算説明資料
[21:30:07] [DL] 既にダウンロード済み: data\docs\140120260313581801.pdf
[21:30:07] [抽出] SKIP_PDF_NOT_TANSHIN: title=2026年10月期 第1四半期決算補足説明資料
[21:30:07] [INGEST] doc_id=293914e1d95d3f2e status=skipped_not_tanshin title=2026年10月期 第1四半期決算補足説明資料
[21:30:07] [DL] 既にダウンロード済み: data\docs\140120260312580829.pdf
[21:30:07] [抽出] SKIP_PDF_NOT_TANSHIN: title=2026年4月期 第３四半期決算説明資料
[21:30:07] [INGEST] doc_id=da020834f5388106 status=skipped_not_tanshin title=2026年4月期 第３四半期決算説明資料
[21:30:07] [DL] 既にダウンロード済み: data\docs\140120260313581540.pdf
[21:30:07] [抽出] SKIP_PDF_NOT_TANSHIN: title=2026年1月期 通期 決算説明資料(事業計画及び成長可能性に関する事項)
[21:30:07] [INGEST] doc_id=4334b680e79b765d status=skipped_not_tanshin title=2026年1月期 通期 決算説明資料(事業計画及び成長可能性に関する事項)
[21:30:07] [DL] 既にダウンロード済み: data\docs\140120260313581793.pdf
[21:30:09] [抽出] SKIP_PDF_NOT_TANSHIN: title=2026年４月期 第３四半期決算説明資料
[21:30:09] [INGEST] doc_id=6508deb5bc24c0cc status=skipped_not_tanshin title=2026年４月期 第３四半期決算説明資料
[21:30:09] [DL] 既にダウンロード済み: data\docs\140120260313581319.pdf
[21:30:09] [抽出] SKIP_PDF_NOT_TANSHIN: title=2026年４月期第３四半期決算説明資料
[21:30:09] [INGEST] doc_id=b99b4391f4fa9c37 status=skipped_not_tanshin title=2026年４月期第３四半期決算説明資料
[21:30:09] [DL] 既にダウンロード済み: data\docs\140120260313581723.pdf
[21:30:10] [抽出] SKIP_PDF_NOT_TANSHIN: title=2026年１月期通期決算説明会資料
[21:30:10] [INGEST] doc_id=ecc2e02fc2ccbdd5 status=skipped_not_tanshin title=2026年１月期通期決算説明会資料
[21:30:10] [DL] 既にダウンロード済み: data\docs\140120260313581308.pdf
[21:30:10] [抽出] SKIP_PDF_NOT_TANSHIN: title=2026年10月期 第１四半期決算説明資料
[21:30:10] [INGEST] doc_id=a78b4071b3b85b97 status=skipped_not_tanshin title=2026年10月期 第１四半期決算説明資料
[21:30:10] [DL] 既にダウンロード済み: data\docs\140120260313581315.pdf
[21:30:10] [抽出] SKIP_PDF_NOT_TANSHIN: title=2026年10月期 第１四半期決算説明資料（書き起こし）公開に関するお知らせ
[21:30:10] [INGEST] doc_id=c9e7ddeb7cbfce1f status=skipped_not_tanshin title=2026年10月期 第１四半期決算説明資料（書き起こし）公開に関するお知らせ
[21:30:10] [DL] 既にダウンロード済み: data\docs\140120260313581454.pdf
[21:30:10] [抽出] SKIP_PDF_NOT_TANSHIN: title=2026年10月期第１四半期決算説明資料
[21:30:10] [INGEST] doc_id=76f1d64eda1678a0 status=skipped_not_tanshin title=2026年10月期第１四半期決算説明資料
[21:30:10] [DL] 既にダウンロード済み: data\docs\140120260313581610.pdf
[21:30:10] [抽出] SKIP_PDF_NOT_TANSHIN: title=2026年７月期　第２四半期決算説明資料
[21:30:10] [INGEST] doc_id=8ba7cf79e9935209 status=skipped_not_tanshin title=2026年７月期　第２四半期決算説明資料
[21:30:10] [DL] 既にダウンロード済み: data\docs\140120260311579432.pdf
[21:30:10] [抽出] SKIP_PDF_NOT_TANSHIN: title=2026年10月期第１四半期 決算補足説明資料
[21:30:10] [INGEST] doc_id=e0daeec92a3e8cde status=skipped_not_tanshin title=2026年10月期第１四半期 決算補足説明資料
[21:30:10] [DL] 既にダウンロード済み: data\docs\140120260312580742.pdf
[21:30:11] [抽出] SKIP_PDF_NOT_TANSHIN: title=2026年７月期第２四半期決算説明資料
[21:30:11] [INGEST] doc_id=941a4b3b0407a6ac status=skipped_not_tanshin title=2026年７月期第２四半期決算説明資料
[21:30:11] [DL] 既にダウンロード済み: data\docs\140120260313581335.pdf
[21:30:11] [抽出] SKIP_PDF_NOT_TANSHIN: title=2026年10月期　第１四半期　決算説明資料
[21:30:11] [INGEST] doc_id=fe64e06c80691acf status=skipped_not_tanshin title=2026年10月期　第１四半期　決算説明資料
[21:30:11] [DL] 既にダウンロード済み: data\docs\140120260309578448.pdf
[21:30:11] [抽出] SKIP_PDF_NOT_TANSHIN: title=2026年10月期第1四半期決算ご説明（IR資料）
[21:30:11] [INGEST] doc_id=62b3ae94689f23c5 status=skipped_not_tanshin title=2026年10月期第1四半期決算ご説明（IR資料）
[21:30:11] [DL] 既にダウンロード済み: data\docs\140120260310578873.pdf
[21:30:11] [抽出] SKIP_PDF_NOT_TANSHIN: title=2026年10月期 第１四半期決算補足説明資料
[21:30:11] [INGEST] doc_id=9a2a3b585e7f1d13 status=skipped_not_tanshin title=2026年10月期 第１四半期決算補足説明資料
[21:30:11] [INGEST] run=ingest-7668e67c processed=31 success=0 skipped=31 error=0 (tanshin=31) SKIP_NOT_TANSHIN_TITLE=31
[21:30:11] [filings_ingest] done total=31 success=0 errors=0
[21:30:11] [pipeline_run] finished: ingest status=done elapsed=8.7s id=207 processed=31 success=0 failed=0
[2026/03/13 21:30:11.34] Finished (exit=0) 
[2026/03/13 21:40:01.57] Starting ingest 
[21:40:01] [db] config: write_key_type=service_role read_key_type=service_role
[21:40:02] [pipeline_run] started: ingest (id=208, trigger=scheduler)
[21:40:02] [filings_ingest] start dry_run=False company_code=ALL
[21:40:02] [API] yanoshin.jp APIから取得中: https://webapi.yanoshin.jp/webapi/tdnet/list/today.json
[21:40:02] [API] detected_schema=items, raw_items_count=300
[21:40:02] [API] first_item_preview: id=4df3ccdb0c96..., pubdate=2026-03-13 19:00:00, title=役員持株会設立に関するお知らせ, code=265A
[21:40:02] [API] fetched_count=300
[21:40:02] [API] fetched_count=300, filtered_count=126, forecast_revision_count=29, financial_statement_count=97
[21:40:02] [API] new_count=60 already_processed=66 already_processed_financial_statement=66 new_financial_statement=31
[21:40:02] [API] already_processed_tickers=3421,359A,4431,5598,3161,9254,172A,186A,3441,3524,3931,4378,5079,7050,7674,7850,9262,9425,218A,3444
[21:40:02] [INGEST] run=ingest-b115cf22 new_items=60 target_statements=31 non_target=29 (forecast_revision=29, other=0)
[21:40:02] [DL] 既にダウンロード済み: data\docs\140120260313581949.pdf
[21:40:02] [抽出] SKIP_PDF_NOT_TANSHIN: title=（追加）「2026年10月期　第１四半期　決算説明資料」の一部追加について
[21:40:02] [INGEST] doc_id=c1d69b788cc8900f status=skipped_not_tanshin title=（追加）「2026年10月期　第１四半期　決算説明資料」の一部追加について
[21:40:02] [DL] 既にダウンロード済み: data\docs\140120260313581538.pdf
[21:40:02] [抽出] SKIP_PDF_NOT_TANSHIN: title=2026年7月期 第2四半期 決算説明資料
[21:40:02] [INGEST] doc_id=6da97293e362a01f status=skipped_not_tanshin title=2026年7月期 第2四半期 決算説明資料
[21:40:02] [DL] 既にダウンロード済み: data\docs\140120260313581862.pdf
[21:40:02] [抽出] SKIP_PDF_NOT_TANSHIN: title=2026年4月期第3四半期決算説明資料
[21:40:02] [INGEST] doc_id=487d3393278a1da2 status=skipped_not_tanshin title=2026年4月期第3四半期決算説明資料
[21:40:02] [DL] 既にダウンロード済み: data\docs\140120260312580598.pdf
[21:40:02] [抽出] SKIP_PDF_NOT_TANSHIN: title=2026年9月期 第1四半期決算にかかる機関投資家等との対話について
[21:40:02] [INGEST] doc_id=6c6b0eae45d97a2c status=skipped_not_tanshin title=2026年9月期 第1四半期決算にかかる機関投資家等との対話について
[21:40:02] [DL] 既にダウンロード済み: data\docs\140120260313581824.pdf
[21:40:02] [抽出] SKIP_PDF_NOT_TANSHIN: title=2026年3月期第１四半期 決算説明資料
[21:40:02] [INGEST] doc_id=c038d23197af192f status=skipped_not_tanshin title=2026年3月期第１四半期 決算説明資料
[21:40:02] [DL] 既にダウンロード済み: data\docs\140120260313581682.pdf
[21:40:02] [抽出] SKIP_PDF_NOT_TANSHIN: title=2026年4月期第3四半期 決算説明資料
[21:40:02] [INGEST] doc_id=ece0026e15e66168 status=skipped_not_tanshin title=2026年4月期第3四半期 決算説明資料
[21:40:02] [DL] 既にダウンロード済み: data\docs\140120260312580915.pdf
[21:40:03] [抽出] SKIP_PDF_NOT_TANSHIN: title=2026年10月期第１四半期 決算説明資料
[21:40:03] [INGEST] doc_id=4ccbe79cd9b3d282 status=skipped_not_tanshin title=2026年10月期第１四半期 決算説明資料
[21:40:03] [DL] 既にダウンロード済み: data\docs\140120260313581864.pdf
[21:40:03] [抽出] SKIP_PDF_NOT_TANSHIN: title=2026年4月期第３四半期決算説明補足資料
[21:40:03] [INGEST] doc_id=05e1335e1aecce0d status=skipped_not_tanshin title=2026年4月期第３四半期決算説明補足資料
[21:40:03] [DL] 既にダウンロード済み: data\docs\140120260313581236.pdf
[21:40:03] [抽出] SKIP_PDF_NOT_TANSHIN: title=2026年１月期通期　決算説明資料
[21:40:03] [INGEST] doc_id=3a2488b580f82825 status=skipped_not_tanshin title=2026年１月期通期　決算説明資料
[21:40:03] [DL] 既にダウンロード済み: data\docs\140120260313581648.pdf
[21:40:03] [抽出] SKIP_PDF_NOT_TANSHIN: title=2026年7月期 第2四半期決算説明資料
[21:40:03] [INGEST] doc_id=f97aff7509c5c532 status=skipped_not_tanshin title=2026年7月期 第2四半期決算説明資料
[21:40:03] [DL] 既にダウンロード済み: data\docs\140120260312580923.pdf
[21:40:03] [抽出] SKIP_PDF_NOT_TANSHIN: title=売れるネット広告社グループ（9235）2026年７月期第2四半期決算説明資料
[21:40:03] [INGEST] doc_id=0b376bb3f7a7e79e status=skipped_not_tanshin title=売れるネット広告社グループ（9235）2026年７月期第2四半期決算説明資料
[21:40:03] [DL] 既にダウンロード済み: data\docs\140120260313581070.pdf
[21:40:03] [抽出] SKIP_PDF_NOT_TANSHIN: title=2026年10月期　第１四半期決算説明資料
[21:40:03] [INGEST] doc_id=3f144949896df324 status=skipped_not_tanshin title=2026年10月期　第１四半期決算説明資料
[21:40:03] [DL] 既にダウンロード済み: data\docs\140120260310579038.pdf
[21:40:03] [抽出] SKIP_PDF_NOT_TANSHIN: title=2026年７月期　第２四半期決算補足説明資料
[21:40:03] [INGEST] doc_id=2435c857359954ea status=skipped_not_tanshin title=2026年７月期　第２四半期決算補足説明資料
[21:40:03] [DL] 既にダウンロード済み: data\docs\140120260312580260.pdf
[21:40:03] [抽出] SKIP_PDF_NOT_TANSHIN: title=2026年10月期 第１四半期 決算説明資料
[21:40:03] [INGEST] doc_id=61115f05deb10312 status=skipped_not_tanshin title=2026年10月期 第１四半期 決算説明資料
[21:40:03] [DL] 既にダウンロード済み: data\docs\140120260313581418.pdf
[21:40:03] [抽出] SKIP_PDF_NOT_TANSHIN: title=2026年４月期　第３四半期決算説明資料
[21:40:03] [INGEST] doc_id=638b8c0a8c1ee3f8 status=skipped_not_tanshin title=2026年４月期　第３四半期決算説明資料
[21:40:03] [DL] 既にダウンロード済み: data\docs\140120260313581627.pdf
[21:40:03] [抽出] SKIP_PDF_NOT_TANSHIN: title=2026年４月期　第３四半期決算説明資料
[21:40:03] [INGEST] doc_id=8598ccc3ad37c7f4 status=skipped_not_tanshin title=2026年４月期　第３四半期決算説明資料
[21:40:03] [DL] 既にダウンロード済み: data\docs\140120260313581801.pdf
[21:40:03] [抽出] SKIP_PDF_NOT_TANSHIN: title=2026年10月期 第1四半期決算補足説明資料
[21:40:03] [INGEST] doc_id=293914e1d95d3f2e status=skipped_not_tanshin title=2026年10月期 第1四半期決算補足説明資料
[21:40:03] [DL] 既にダウンロード済み: data\docs\140120260312580829.pdf
[21:40:03] [抽出] SKIP_PDF_NOT_TANSHIN: title=2026年4月期 第３四半期決算説明資料
[21:40:03] [INGEST] doc_id=da020834f5388106 status=skipped_not_tanshin title=2026年4月期 第３四半期決算説明資料
[21:40:03] [DL] 既にダウンロード済み: data\docs\140120260313581540.pdf
[21:40:03] [抽出] SKIP_PDF_NOT_TANSHIN: title=2026年1月期 通期 決算説明資料(事業計画及び成長可能性に関する事項)
[21:40:03] [INGEST] doc_id=4334b680e79b765d status=skipped_not_tanshin title=2026年1月期 通期 決算説明資料(事業計画及び成長可能性に関する事項)
[21:40:03] [DL] 既にダウンロード済み: data\docs\140120260313581793.pdf
[21:40:06] [抽出] SKIP_PDF_NOT_TANSHIN: title=2026年４月期 第３四半期決算説明資料
[21:40:06] [INGEST] doc_id=6508deb5bc24c0cc status=skipped_not_tanshin title=2026年４月期 第３四半期決算説明資料
[21:40:06] [DL] 既にダウンロード済み: data\docs\140120260313581319.pdf
[21:40:06] [抽出] SKIP_PDF_NOT_TANSHIN: title=2026年４月期第３四半期決算説明資料
[21:40:06] [INGEST] doc_id=b99b4391f4fa9c37 status=skipped_not_tanshin title=2026年４月期第３四半期決算説明資料
[21:40:06] [DL] 既にダウンロード済み: data\docs\140120260313581723.pdf
[21:40:06] [抽出] SKIP_PDF_NOT_TANSHIN: title=2026年１月期通期決算説明会資料
[21:40:06] [INGEST] doc_id=ecc2e02fc2ccbdd5 status=skipped_not_tanshin title=2026年１月期通期決算説明会資料
[21:40:06] [DL] 既にダウンロード済み: data\docs\140120260313581308.pdf
[21:40:06] [抽出] SKIP_PDF_NOT_TANSHIN: title=2026年10月期 第１四半期決算説明資料
[21:40:06] [INGEST] doc_id=a78b4071b3b85b97 status=skipped_not_tanshin title=2026年10月期 第１四半期決算説明資料
[21:40:06] [DL] 既にダウンロード済み: data\docs\140120260313581315.pdf
[21:40:06] [抽出] SKIP_PDF_NOT_TANSHIN: title=2026年10月期 第１四半期決算説明資料（書き起こし）公開に関するお知らせ
[21:40:06] [INGEST] doc_id=c9e7ddeb7cbfce1f status=skipped_not_tanshin title=2026年10月期 第１四半期決算説明資料（書き起こし）公開に関するお知らせ
[21:40:06] [DL] 既にダウンロード済み: data\docs\140120260313581454.pdf
[21:40:06] [抽出] SKIP_PDF_NOT_TANSHIN: title=2026年10月期第１四半期決算説明資料
[21:40:06] [INGEST] doc_id=76f1d64eda1678a0 status=skipped_not_tanshin title=2026年10月期第１四半期決算説明資料
[21:40:06] [DL] 既にダウンロード済み: data\docs\140120260313581610.pdf
[21:40:06] [抽出] SKIP_PDF_NOT_TANSHIN: title=2026年７月期　第２四半期決算説明資料
[21:40:06] [INGEST] doc_id=8ba7cf79e9935209 status=skipped_not_tanshin title=2026年７月期　第２四半期決算説明資料
[21:40:06] [DL] 既にダウンロード済み: data\docs\140120260311579432.pdf
[21:40:06] [抽出] SKIP_PDF_NOT_TANSHIN: title=2026年10月期第１四半期 決算補足説明資料
[21:40:06] [INGEST] doc_id=e0daeec92a3e8cde status=skipped_not_tanshin title=2026年10月期第１四半期 決算補足説明資料
[21:40:06] [DL] 既にダウンロード済み: data\docs\140120260312580742.pdf
[21:40:06] [抽出] SKIP_PDF_NOT_TANSHIN: title=2026年７月期第２四半期決算説明資料
[21:40:06] [INGEST] doc_id=941a4b3b0407a6ac status=skipped_not_tanshin title=2026年７月期第２四半期決算説明資料
[21:40:06] [DL] 既にダウンロード済み: data\docs\140120260313581335.pdf
[21:40:06] [抽出] SKIP_PDF_NOT_TANSHIN: title=2026年10月期　第１四半期　決算説明資料
[21:40:06] [INGEST] doc_id=fe64e06c80691acf status=skipped_not_tanshin title=2026年10月期　第１四半期　決算説明資料
[21:40:06] [DL] 既にダウンロード済み: data\docs\140120260309578448.pdf
[21:40:06] [抽出] SKIP_PDF_NOT_TANSHIN: title=2026年10月期第1四半期決算ご説明（IR資料）
[21:40:06] [INGEST] doc_id=62b3ae94689f23c5 status=skipped_not_tanshin title=2026年10月期第1四半期決算ご説明（IR資料）
[21:40:06] [DL] 既にダウンロード済み: data\docs\140120260310578873.pdf
[21:40:07] [抽出] SKIP_PDF_NOT_TANSHIN: title=2026年10月期 第１四半期決算補足説明資料
[21:40:07] [INGEST] doc_id=9a2a3b585e7f1d13 status=skipped_not_tanshin title=2026年10月期 第１四半期決算補足説明資料
[21:40:07] [INGEST] run=ingest-b115cf22 processed=31 success=0 skipped=31 error=0 (tanshin=31) SKIP_NOT_TANSHIN_TITLE=31
[21:40:07] [filings_ingest] done total=31 success=0 errors=0
[21:40:07] [pipeline_run] finished: ingest status=done elapsed=5.0s id=208 processed=31 success=0 failed=0
[2026/03/13 21:40:07.15] Finished (exit=0) 
[2026/03/13 21:50:01.59] Starting ingest 
[21:50:01] [db] config: write_key_type=service_role read_key_type=service_role
[21:50:02] [pipeline_run] started: ingest (id=209, trigger=scheduler)
[21:50:02] [filings_ingest] start dry_run=False company_code=ALL
[21:50:02] [API] yanoshin.jp APIから取得中: https://webapi.yanoshin.jp/webapi/tdnet/list/today.json
[21:50:02] [API] detected_schema=items, raw_items_count=300
[21:50:02] [API] first_item_preview: id=4df3ccdb0c96..., pubdate=2026-03-13 19:00:00, title=役員持株会設立に関するお知らせ, code=265A
[21:50:02] [API] fetched_count=300
[21:50:02] [API] fetched_count=300, filtered_count=126, forecast_revision_count=29, financial_statement_count=97
[21:50:02] [API] new_count=60 already_processed=66 already_processed_financial_statement=66 new_financial_statement=31
[21:50:02] [API] already_processed_tickers=3421,359A,4431,5598,3161,9254,172A,186A,3441,3524,3931,4378,5079,7050,7674,7850,9262,9425,218A,3444
[21:50:02] [INGEST] run=ingest-b93f3ca9 new_items=60 target_statements=31 non_target=29 (forecast_revision=29, other=0)
[21:50:02] [DL] 既にダウンロード済み: data\docs\140120260313581949.pdf
[21:50:02] [抽出] SKIP_PDF_NOT_TANSHIN: title=（追加）「2026年10月期　第１四半期　決算説明資料」の一部追加について
[21:50:02] [INGEST] doc_id=c1d69b788cc8900f status=skipped_not_tanshin title=（追加）「2026年10月期　第１四半期　決算説明資料」の一部追加について
[21:50:02] [DL] 既にダウンロード済み: data\docs\140120260313581538.pdf
[21:50:02] [抽出] SKIP_PDF_NOT_TANSHIN: title=2026年7月期 第2四半期 決算説明資料
[21:50:02] [INGEST] doc_id=6da97293e362a01f status=skipped_not_tanshin title=2026年7月期 第2四半期 決算説明資料
[21:50:02] [DL] 既にダウンロード済み: data\docs\140120260313581862.pdf
[21:50:02] [抽出] SKIP_PDF_NOT_TANSHIN: title=2026年4月期第3四半期決算説明資料
[21:50:02] [INGEST] doc_id=487d3393278a1da2 status=skipped_not_tanshin title=2026年4月期第3四半期決算説明資料
[21:50:02] [DL] 既にダウンロード済み: data\docs\140120260312580598.pdf
[21:50:02] [抽出] SKIP_PDF_NOT_TANSHIN: title=2026年9月期 第1四半期決算にかかる機関投資家等との対話について
[21:50:02] [INGEST] doc_id=6c6b0eae45d97a2c status=skipped_not_tanshin title=2026年9月期 第1四半期決算にかかる機関投資家等との対話について
[21:50:02] [DL] 既にダウンロード済み: data\docs\140120260313581824.pdf
[21:50:02] [抽出] SKIP_PDF_NOT_TANSHIN: title=2026年3月期第１四半期 決算説明資料
[21:50:02] [INGEST] doc_id=c038d23197af192f status=skipped_not_tanshin title=2026年3月期第１四半期 決算説明資料
[21:50:02] [DL] 既にダウンロード済み: data\docs\140120260313581682.pdf
[21:50:03] [抽出] SKIP_PDF_NOT_TANSHIN: title=2026年4月期第3四半期 決算説明資料
[21:50:03] [INGEST] doc_id=ece0026e15e66168 status=skipped_not_tanshin title=2026年4月期第3四半期 決算説明資料
[21:50:03] [DL] 既にダウンロード済み: data\docs\140120260312580915.pdf
[21:50:03] [抽出] SKIP_PDF_NOT_TANSHIN: title=2026年10月期第１四半期 決算説明資料
[21:50:03] [INGEST] doc_id=4ccbe79cd9b3d282 status=skipped_not_tanshin title=2026年10月期第１四半期 決算説明資料
[21:50:03] [DL] 既にダウンロード済み: data\docs\140120260313581864.pdf
[21:50:03] [抽出] SKIP_PDF_NOT_TANSHIN: title=2026年4月期第３四半期決算説明補足資料
[21:50:03] [INGEST] doc_id=05e1335e1aecce0d status=skipped_not_tanshin title=2026年4月期第３四半期決算説明補足資料
[21:50:03] [DL] 既にダウンロード済み: data\docs\140120260313581236.pdf
[21:50:03] [抽出] SKIP_PDF_NOT_TANSHIN: title=2026年１月期通期　決算説明資料
[21:50:03] [INGEST] doc_id=3a2488b580f82825 status=skipped_not_tanshin title=2026年１月期通期　決算説明資料
[21:50:03] [DL] 既にダウンロード済み: data\docs\140120260313581648.pdf
[21:50:03] [抽出] SKIP_PDF_NOT_TANSHIN: title=2026年7月期 第2四半期決算説明資料
[21:50:03] [INGEST] doc_id=f97aff7509c5c532 status=skipped_not_tanshin title=2026年7月期 第2四半期決算説明資料
[21:50:03] [DL] 既にダウンロード済み: data\docs\140120260312580923.pdf
[21:50:03] [抽出] SKIP_PDF_NOT_TANSHIN: title=売れるネット広告社グループ（9235）2026年７月期第2四半期決算説明資料
[21:50:03] [INGEST] doc_id=0b376bb3f7a7e79e status=skipped_not_tanshin title=売れるネット広告社グループ（9235）2026年７月期第2四半期決算説明資料
[21:50:03] [DL] 既にダウンロード済み: data\docs\140120260313581070.pdf
[21:50:03] [抽出] SKIP_PDF_NOT_TANSHIN: title=2026年10月期　第１四半期決算説明資料
[21:50:03] [INGEST] doc_id=3f144949896df324 status=skipped_not_tanshin title=2026年10月期　第１四半期決算説明資料
[21:50:03] [DL] 既にダウンロード済み: data\docs\140120260310579038.pdf
[21:50:03] [抽出] SKIP_PDF_NOT_TANSHIN: title=2026年７月期　第２四半期決算補足説明資料
[21:50:03] [INGEST] doc_id=2435c857359954ea status=skipped_not_tanshin title=2026年７月期　第２四半期決算補足説明資料
[21:50:03] [DL] 既にダウンロード済み: data\docs\140120260312580260.pdf
[21:50:03] [抽出] SKIP_PDF_NOT_TANSHIN: title=2026年10月期 第１四半期 決算説明資料
[21:50:03] [INGEST] doc_id=61115f05deb10312 status=skipped_not_tanshin title=2026年10月期 第１四半期 決算説明資料
[21:50:03] [DL] 既にダウンロード済み: data\docs\140120260313581418.pdf
[21:50:03] [抽出] SKIP_PDF_NOT_TANSHIN: title=2026年４月期　第３四半期決算説明資料
[21:50:03] [INGEST] doc_id=638b8c0a8c1ee3f8 status=skipped_not_tanshin title=2026年４月期　第３四半期決算説明資料
[21:50:03] [DL] 既にダウンロード済み: data\docs\140120260313581627.pdf
[21:50:03] [抽出] SKIP_PDF_NOT_TANSHIN: title=2026年４月期　第３四半期決算説明資料
[21:50:03] [INGEST] doc_id=8598ccc3ad37c7f4 status=skipped_not_tanshin title=2026年４月期　第３四半期決算説明資料
[21:50:03] [DL] 既にダウンロード済み: data\docs\140120260313581801.pdf
[21:50:03] [抽出] SKIP_PDF_NOT_TANSHIN: title=2026年10月期 第1四半期決算補足説明資料
[21:50:03] [INGEST] doc_id=293914e1d95d3f2e status=skipped_not_tanshin title=2026年10月期 第1四半期決算補足説明資料
[21:50:03] [DL] 既にダウンロード済み: data\docs\140120260312580829.pdf
[21:50:03] [抽出] SKIP_PDF_NOT_TANSHIN: title=2026年4月期 第３四半期決算説明資料
[21:50:03] [INGEST] doc_id=da020834f5388106 status=skipped_not_tanshin title=2026年4月期 第３四半期決算説明資料
[21:50:03] [DL] 既にダウンロード済み: data\docs\140120260313581540.pdf
[21:50:03] [抽出] SKIP_PDF_NOT_TANSHIN: title=2026年1月期 通期 決算説明資料(事業計画及び成長可能性に関する事項)
[21:50:03] [INGEST] doc_id=4334b680e79b765d status=skipped_not_tanshin title=2026年1月期 通期 決算説明資料(事業計画及び成長可能性に関する事項)
[21:50:03] [DL] 既にダウンロード済み: data\docs\140120260313581793.pdf
[21:50:06] [抽出] SKIP_PDF_NOT_TANSHIN: title=2026年４月期 第３四半期決算説明資料
[21:50:06] [INGEST] doc_id=6508deb5bc24c0cc status=skipped_not_tanshin title=2026年４月期 第３四半期決算説明資料
[21:50:06] [DL] 既にダウンロード済み: data\docs\140120260313581319.pdf
[21:50:06] [抽出] SKIP_PDF_NOT_TANSHIN: title=2026年４月期第３四半期決算説明資料
[21:50:06] [INGEST] doc_id=b99b4391f4fa9c37 status=skipped_not_tanshin title=2026年４月期第３四半期決算説明資料
[21:50:06] [DL] 既にダウンロード済み: data\docs\140120260313581723.pdf
[21:50:06] [抽出] SKIP_PDF_NOT_TANSHIN: title=2026年１月期通期決算説明会資料
[21:50:06] [INGEST] doc_id=ecc2e02fc2ccbdd5 status=skipped_not_tanshin title=2026年１月期通期決算説明会資料
[21:50:06] [DL] 既にダウンロード済み: data\docs\140120260313581308.pdf
[21:50:06] [抽出] SKIP_PDF_NOT_TANSHIN: title=2026年10月期 第１四半期決算説明資料
[21:50:06] [INGEST] doc_id=a78b4071b3b85b97 status=skipped_not_tanshin title=2026年10月期 第１四半期決算説明資料
[21:50:06] [DL] 既にダウンロード済み: data\docs\140120260313581315.pdf
[21:50:06] [抽出] SKIP_PDF_NOT_TANSHIN: title=2026年10月期 第１四半期決算説明資料（書き起こし）公開に関するお知らせ
[21:50:06] [INGEST] doc_id=c9e7ddeb7cbfce1f status=skipped_not_tanshin title=2026年10月期 第１四半期決算説明資料（書き起こし）公開に関するお知らせ
[21:50:06] [DL] 既にダウンロード済み: data\docs\140120260313581454.pdf
[21:50:06] [抽出] SKIP_PDF_NOT_TANSHIN: title=2026年10月期第１四半期決算説明資料
[21:50:06] [INGEST] doc_id=76f1d64eda1678a0 status=skipped_not_tanshin title=2026年10月期第１四半期決算説明資料
[21:50:06] [DL] 既にダウンロード済み: data\docs\140120260313581610.pdf
[21:50:06] [抽出] SKIP_PDF_NOT_TANSHIN: title=2026年７月期　第２四半期決算説明資料
[21:50:06] [INGEST] doc_id=8ba7cf79e9935209 status=skipped_not_tanshin title=2026年７月期　第２四半期決算説明資料
[21:50:06] [DL] 既にダウンロード済み: data\docs\140120260311579432.pdf
[21:50:06] [抽出] SKIP_PDF_NOT_TANSHIN: title=2026年10月期第１四半期 決算補足説明資料
[21:50:06] [INGEST] doc_id=e0daeec92a3e8cde status=skipped_not_tanshin title=2026年10月期第１四半期 決算補足説明資料
[21:50:06] [DL] 既にダウンロード済み: data\docs\140120260312580742.pdf
[21:50:06] [抽出] SKIP_PDF_NOT_TANSHIN: title=2026年７月期第２四半期決算説明資料
[21:50:06] [INGEST] doc_id=941a4b3b0407a6ac status=skipped_not_tanshin title=2026年７月期第２四半期決算説明資料
[21:50:06] [DL] 既にダウンロード済み: data\docs\140120260313581335.pdf
[21:50:07] [抽出] SKIP_PDF_NOT_TANSHIN: title=2026年10月期　第１四半期　決算説明資料
[21:50:07] [INGEST] doc_id=fe64e06c80691acf status=skipped_not_tanshin title=2026年10月期　第１四半期　決算説明資料
[21:50:07] [DL] 既にダウンロード済み: data\docs\140120260309578448.pdf
[21:50:07] [抽出] SKIP_PDF_NOT_TANSHIN: title=2026年10月期第1四半期決算ご説明（IR資料）
[21:50:07] [INGEST] doc_id=62b3ae94689f23c5 status=skipped_not_tanshin title=2026年10月期第1四半期決算ご説明（IR資料）
[21:50:07] [DL] 既にダウンロード済み: data\docs\140120260310578873.pdf
[21:50:07] [抽出] SKIP_PDF_NOT_TANSHIN: title=2026年10月期 第１四半期決算補足説明資料
[21:50:07] [INGEST] doc_id=9a2a3b585e7f1d13 status=skipped_not_tanshin title=2026年10月期 第１四半期決算補足説明資料
[21:50:07] [INGEST] run=ingest-b93f3ca9 processed=31 success=0 skipped=31 error=0 (tanshin=31) SKIP_NOT_TANSHIN_TITLE=31
[21:50:07] [filings_ingest] done total=31 success=0 errors=0
[21:50:07] [pipeline_run] finished: ingest status=done elapsed=5.1s id=209 processed=31 success=0 failed=0
[2026/03/13 21:50:07.26] Finished (exit=0) 
