[2026/03/12  0:00:01.70] Starting ingest 
[00:00:01] [db] config: write_key_type=service_role read_key_type=service_role
[00:00:02] [pipeline_run] started: ingest (id=6, trigger=scheduler)
[00:00:03] [filings_ingest] start dry_run=False company_code=ALL
[00:00:03] [API] yanoshin.jp APIから取得中: https://webapi.yanoshin.jp/webapi/tdnet/list/today.json
[00:00:03] [API] detected_schema=items, raw_items_count=173
[00:00:03] [API] first_item_preview: id=f1eda7bcfe37..., pubdate=2026-03-11 18:15:00, title=(訂正)「第三者割当による自己新株予約権の処分に関するお知らせ」の一部訂正及び付, code=9327
[00:00:03] [API] fetched_count=173
[00:00:03] [API] skip_reason=instrument_excluded, code=5842, name=Ｇ－インテグラル, title=３号ファンドシリーズからのキャリードインタレストの追加受領に係るお知らせ
[00:00:03] [API] skip_reason=instrument_excluded, code=13494, name=Ｅ－ＳＳＧＡ－ＳＩＮ, title=アジア国債・公債ＥＴＦ（正式名称：ＡＢＦ汎アジア債券インデックス・ファンド）に関する日々の開示事項
[00:00:03] [API] skip_reason=instrument_excluded, code=15574, name=Ｅ－ＳＳＧＡＴＣ, title=State Street SPDR S&amp;P500 ETFに関する日々の開示事項
[00:00:03] [API] skip_reason=instrument_excluded, code=20704, name=Ｎ－三菱ＵＦＪ証ＨＤ, title=上場ETN（発行者：三菱UFJ証券ホールディングス株式会社）に関する日々の開示事項
[00:00:03] [API] skip_reason=instrument_excluded, code=1458, name=楽天２２５ダブルブル, title=ETFの収益分配金見込額のお知らせ
[00:00:03] [API] skip_reason=instrument_excluded, code=1459, name=楽天２２５ダブルベア, title=ETFの収益分配金見込額のお知らせ
[00:00:03] [API] skip_reason=instrument_excluded, code=16714, name=Ｅ－シンプレクス, title=上場ＥＴＦ(管理会社：シンプレクス・アセット・マネジメント)に関する日々の開示事項
[00:00:03] [API] skip_reason=instrument_excluded, code=16724, name=Ｅ－ＷｉｓｄｏｍＴｒ, title=上場ETF（管理会社：WisdomTree、外国投資法人：MSL）に関する日々の開示事項　
[00:00:03] [API] skip_reason=instrument_excluded, code=16724, name=Ｅ－ＷｉｓｄｏｍＴｒ, title=上場ETF（管理会社：WisdomTree、外国投資法人：CSL）に関する日々の開示事項　
[00:00:03] [API] skip_reason=instrument_excluded, code=489A, name=物流フォーカス, title=ＥＴＦの収益分配金見込額のお知らせ
[00:00:03] [API] skip_reason=instrument_excluded, code=13294, name=Ｅ－ブラックロック, title=上場ETF（管理会社：ブラックロック・ジャパン）に関する日々の開示事項
[00:00:03] [API] instrument_skipped_count=11
[00:00:03] [API] fetched_count=173, filtered_count=38, forecast_revision_count=13, financial_statement_count=25
[00:00:03] [API] new_count=38 already_processed=0 already_processed_financial_statement=0 new_financial_statement=25
[00:00:03] [INGEST] run=ingest-8561c991 new_items=38 target_statements=25 non_target=13 (forecast_revision=13, other=0)
[00:00:03] [DL] 既にダウンロード済み: data\docs\140120260311579688.pdf
[00:00:03] [抽出] SKIP_PDF_NOT_TANSHIN: title=2025年12月期 通期決算に関する質疑応答集
[00:00:03] [INGEST] doc_id=3a3843e99c78184b status=skipped_not_tanshin title=2025年12月期 通期決算に関する質疑応答集
[00:00:03] [DL] 既にダウンロード済み: data\docs\140120260311579423.pdf
[00:00:03] [DL] 既にダウンロード済み: data\docs\081220260311579423.zip
[00:00:03] [抽出] XBRL抽出を試行: data\docs\081220260311579423.zip
[00:00:03] [XBRL] 未知の財務タグ検出: ['tse-ed-t:ChangeInComprehensiveIncome', 'tse-ed-t:ChangeInNetSales', 'tse-ed-t:ChangeInOperatingIncome', 'tse-ed-t:ChangeInOrdinaryIncome', 'tse-ed-t:ChangeInProfitAttributableToOwnersOfParent', 'tse-ed-t:ComprehensiveIncome', 'tse-ed-t:DilutedNetIncomePerShare', 'tse-ed-t:NetIncomePerShare', 'tse-ed-t:ProfitAttributableToOwnersOfParent']
[00:00:03] [XBRL] Summary抽出成功: XBRLData/Summary/tse-qcedjpsm-27510-20260311579423-ixbrl.htm
[00:00:03] [XBRL] Summary不足項目: ['gross_profit', 'cost_of_sales'], PL Attachment候補: 1
[00:00:03] [XBRL] 未知の財務タグ検出: ['jppfs_cor:DividendsIncomeNOI', 'jppfs_cor:ExtraordinaryIncome', 'jppfs_cor:ExtraordinaryLoss', 'jppfs_cor:GainOnSalesOfNoncurrentAssetsEI', 'jppfs_cor:IncomeBeforeIncomeTaxes', 'jppfs_cor:IncomeTaxes', 'jppfs_cor:IncomeTaxesCurrent', 'jppfs_cor:IncomeTaxesDeferred', 'jppfs_cor:InterestIncomeNOI', 'jppfs_cor:LossOnSalesOfNoncurrentAssetsEL', 'jppfs_cor:NonOperatingExpenses', 'jppfs_cor:NonOperatingIncome', 'jppfs_cor:ProfitLoss', 'jppfs_cor:ProfitLossAttributableToNonControllingInterests', 'jppfs_cor:ProfitLossAttributableToOwnersOfParent']
[00:00:03] [XBRL] PL Attachment抽出成功: XBRLData/Attachment/0600000-qcpl11-tse-qcedjpfr-27510-2026-01-31-01-2026-03-11-ixbrl.htm
[00:00:03] [XBRL] Attachment補完: gross_profit=15805000000
[00:00:03] [XBRL] Attachment補完: cost_of_sales=23227000000
[00:00:03] [抽出] XBRL抽出成功: sales=39033000000, gp=15805000000, op=2104000000
[00:00:03] [INGEST] doc_id=451836c04e691688 zip_hash=af6ae54efd11d132e3438692caa42cb562e452d8866256daa96baf4393faa9b8 status=success 2751 2026-04-30 3Q sales=39033000000 gp=15805000000 op=2104000000
[00:00:05] [v2] セグメント抽出成功: 15件, engine=v2, unit=百万円, profit_role=
[00:00:05] [SEGMENT] 2751 3Q 売上高の増収に貢献した大きな要因は、: sales=2025.0 profit=7.0 (inserted)
[00:00:05] [SEGMENT] 2751 3Q サービスを企業買収し、第: sales=2.0 profit=None (inserted)
[00:00:05] [SEGMENT] 2751 3Q 社テンポスバスターズが: sales=154.0 profit=7.0 (inserted)
[00:00:05] [SEGMENT] 2751 3Q 一方で、営業利益がわずか: sales=4.1 profit=None (inserted)
[00:00:05] [SEGMENT] 2751 3Q ムは: sales=61.0 profit=331.2 (inserted)
[00:00:05] [SEGMENT] 2751 3Q %増)と微増に留まり、飲食企業や食品スーパーへの直販営業をしているキッチンテクノ株式会社に至っては: sales=1.0 profit=7.0 (inserted)
[00:00:05] [SEGMENT] 2751 3Q 円(同: sales=38.4 profit=None (inserted)
[00:00:05] [SEGMENT] 2751 3Q タジオテンポス: sales=18.0 profit=69.9 (inserted)
[00:00:05] [SEGMENT] 2751 3Q (前年同期は: sales=1.0 profit=18.0 (inserted)
[00:00:05] [SEGMENT] 2751 3Q マトサカナ株式会社が: sales=3.0 profit=52.0 (inserted)
[00:00:05] [SEGMENT] 2751 3Q 前第: sales=3.0 profit=3.0 (inserted)
[00:00:05] [SEGMENT] 2751 3Q 事業名 自: sales=2024.0 profit=5.0 (inserted)
[00:00:05] [SEGMENT] 2751 3Q 外食関連物販: sales=1762.0 profit=1859.0 (inserted)
[00:00:05] [SEGMENT] 2751 3Q 情報・サービス: sales=118.0 profit=-65.0 (inserted)
[00:00:05] [SEGMENT] 2751 3Q 飲食: sales=212.0 profit=405.0 (inserted)
[00:00:07] [DL] 既にダウンロード済み: data\docs\140120260311579719.pdf
[00:00:07] [DL] 既にダウンロード済み: data\docs\081220260311579719.zip
[00:00:07] [抽出] XBRL抽出を試行: data\docs\081220260311579719.zip
[00:00:07] [XBRL] 未知の財務タグ検出: ['tse-ed-t:ChangeInNetIncome', 'tse-ed-t:ChangeInNetSales', 'tse-ed-t:ChangeInOperatingIncome', 'tse-ed-t:ChangeInOrdinaryIncome', 'tse-ed-t:DilutedNetIncomePerShare', 'tse-ed-t:NetIncome', 'tse-ed-t:NetIncomePerShare']
[00:00:07] [XBRL] Summary抽出成功: XBRLData/Summary/tse-qnedjpsm-51320-20260311351320-ixbrl.htm
[00:00:07] [XBRL] Summary不足項目: ['gross_profit', 'cost_of_sales'], PL Attachment候補: 1
[00:00:07] [XBRL] 未知の財務タグ検出: ['jppfs_cor:IncomeBeforeIncomeTaxes', 'jppfs_cor:IncomeTaxes', 'jppfs_cor:IncomeTaxesCurrent', 'jppfs_cor:IncomeTaxesDeferred', 'jppfs_cor:MiscellaneousIncomeNOI', 'jppfs_cor:NonOperatingIncome', 'jppfs_cor:ProfitLoss']
[00:00:07] [XBRL] PL Attachment抽出成功: XBRLData/Attachment/1200000-qnpl12-tse-qnedjpfr-51320-2026-01-31-01-2026-03-11-ixbrl.htm
[00:00:07] [XBRL] Attachment補完: gross_profit=236843000
[00:00:07] [XBRL] Attachment補完: cost_of_sales=154636000
[00:00:07] [抽出] XBRL抽出成功: sales=391000000, gp=236843000, op=126000000
[00:00:07] [INGEST] doc_id=e314b62eda3ea480 zip_hash=88a6d9d86cc212a029dc043e6d24a13de6f3d531fff433aaa66bf5a79db2a5ba status=success 5132 2026-10-31 1Q sales=391000000 gp=236843000 op=126000000
[00:00:08] [v2] セグメント抽出成功: 12件, engine=v2, unit=千円, profit_role=
[00:00:08] [SEGMENT] 5132 1Q 前第: sales=0.001 profit=0.001 (inserted)
[00:00:08] [SEGMENT] 5132 1Q (自: sales=2.024 profit=0.011 (inserted)
[00:00:08] [SEGMENT] 5132 1Q 売上高: sales=375.207 profit=391.479 (inserted)
[00:00:08] [SEGMENT] 5132 1Q 売上原価: sales=159.473 profit=154.636 (inserted)
[00:00:08] [SEGMENT] 5132 1Q 売上総利益: sales=215.733 profit=236.84300000000002 (inserted)
[00:00:08] [SEGMENT] 5132 1Q 販売費及び一般管理費: sales=89.384 profit=109.99600000000001 (inserted)
[00:00:08] [SEGMENT] 5132 1Q 営業利益: sales=126.348 profit=126.846 (inserted)
[00:00:08] [SEGMENT] 5132 1Q 雑収入: sales=0.085 profit=0.041 (inserted)
[00:00:08] [SEGMENT] 5132 1Q 経常利益: sales=126.434 profit=126.887 (inserted)
[00:00:08] [SEGMENT] 5132 1Q 税引前四半期純利益: sales=126.434 profit=126.887 (inserted)
[00:00:08] [SEGMENT] 5132 1Q 法人税、住民税及び事業税: sales=16.541 profit=10.122 (inserted)
[00:00:08] [SEGMENT] 5132 1Q 四半期純利益: sales=80.404 profit=84.428 (inserted)
[00:00:09] [DL] 既にダウンロード済み: data\docs\140120260311579692.pdf
[00:00:09] [抽出] SKIP_PDF_NOT_TANSHIN: title=2026年10月期 第1四半期 決算説明資料
[00:00:09] [INGEST] doc_id=046cb7601a9aaf4c status=skipped_not_tanshin title=2026年10月期 第1四半期 決算説明資料
[00:00:09] [DL] 既にダウンロード済み: data\docs\140120260309578531.pdf
[00:00:09] [DL] 既にダウンロード済み: data\docs\081220260309578531.zip
[00:00:09] [抽出] XBRL抽出を試行: data\docs\081220260309578531.zip
[00:00:09] [XBRL] 未知の財務タグ検出: ['tse-ed-t:CashFlowsFromOperatingActivities', 'tse-ed-t:ChangeInNetIncome', 'tse-ed-t:ChangeInNetSales', 'tse-ed-t:ChangeInOperatingIncome', 'tse-ed-t:ChangeInOrdinaryIncome', 'tse-ed-t:DilutedNetIncomePerShare', 'tse-ed-t:InvestmentProfitLossOnEquityMethod', 'tse-ed-t:NetIncome', 'tse-ed-t:NetIncomePerShare', 'tse-ed-t:NetIncomeToShareholdersEquityRatio', 'tse-ed-t:OperatingIncomeToNetSalesRatio', 'tse-ed-t:OrdinaryIncomeToTotalAssetsRatio']
[00:00:09] [XBRL] Summary抽出成功: XBRLData/Summary/tse-anedjpsm-76780-20260309578531-ixbrl.htm
[00:00:09] [XBRL] Summary不足項目: ['gross_profit', 'cost_of_sales'], PL Attachment候補: 1
[00:00:09] [XBRL] 未知の財務タグ検出: ['jppfs_cor:ExtraordinaryIncome', 'jppfs_cor:ExtraordinaryLoss', 'jppfs_cor:GainOnSalesOfNoncurrentAssetsEI', 'jppfs_cor:ImpairmentLossEL', 'jppfs_cor:IncomeBeforeIncomeTaxes', 'jppfs_cor:IncomeTaxes', 'jppfs_cor:IncomeTaxesCurrent', 'jppfs_cor:IncomeTaxesDeferred', 'jppfs_cor:InterestAndDividendsIncomeNOI', 'jppfs_cor:LossOnClosingOfStoresEL', 'jppfs_cor:NonOperatingExpenses', 'jppfs_cor:NonOperatingIncome', 'jppfs_cor:ProfitLoss', 'tse-anedjpfr-76780:IncomeTaxesRefundPL']
[00:00:09] [XBRL] PL Attachment抽出成功: XBRLData/Attachment/0501000-anpl02-tse-anedjpfr-76780-2026-01-31-01-2026-03-11-ixbrl.htm
[00:00:09] [XBRL] Attachment補完: gross_profit=5635279000
[00:00:09] [XBRL] Attachment補完: cost_of_sales=4410604000
[00:00:09] [抽出] XBRL抽出成功: sales=10045000000, gp=5635279000, op=519000000
[00:00:09] [INGEST] doc_id=3e10635a383476e1 zip_hash=5bff469f8a4804b9f57495c191114e9ad99159c57d8fcf661e0d74acb4b6f020 status=parse_failed reason=年度/Q不明: year=R8/1, q=
[00:00:09] [DL] 既にダウンロード済み: data\docs\140120260225568936.pdf
[00:00:09] [DL] 既にダウンロード済み: data\docs\081220260225568936.zip
[00:00:10] [抽出] XBRL抽出を試行: data\docs\081220260225568936.zip
[00:00:10] [XBRL] 未知の財務タグ検出: ['tse-ed-t:ChangeInComprehensiveIncome', 'tse-ed-t:ChangeInNetSales', 'tse-ed-t:ChangeInOperatingIncome', 'tse-ed-t:ChangeInOrdinaryIncome', 'tse-ed-t:ChangeInProfitAttributableToOwnersOfParent', 'tse-ed-t:ComprehensiveIncome', 'tse-ed-t:DilutedNetIncomePerShare', 'tse-ed-t:NetIncomePerShare', 'tse-ed-t:ProfitAttributableToOwnersOfParent']
[00:00:10] [XBRL] Summary抽出成功: XBRLData/Summary/tse-qcedjpsm-74350-20260225568936-ixbrl.htm
[00:00:10] [XBRL] Summary不足項目: ['gross_profit', 'cost_of_sales'], PL Attachment候補: 1
[00:00:10] [XBRL] 未知の財務タグ検出: ['jppfs_cor:DividendsIncomeNOI', 'jppfs_cor:ExtraordinaryIncome', 'jppfs_cor:ExtraordinaryLoss', 'jppfs_cor:ForeignExchangeLossesNOE', 'jppfs_cor:GainOnSalesOfInvestmentSecuritiesEI', 'jppfs_cor:GainOnSalesOfNoncurrentAssetsEI', 'jppfs_cor:ImpairmentLossEL', 'jppfs_cor:IncomeBeforeIncomeTaxes', 'jppfs_cor:IncomeTaxes', 'jppfs_cor:IncomeTaxesCurrent', 'jppfs_cor:IncomeTaxesDeferred', 'jppfs_cor:InterestIncomeNOI', 'jppfs_cor:LossOnSalesAndRetirementOfNoncurrentAssetsEL', 'jppfs_cor:LossOnSalesOfInvestmentSecuritiesEL', 'jppfs_cor:LossOnValuationOfDerivativesNOE', 'jppfs_cor:NonOperatingExpenses', 'jppfs_cor:NonOperatingIncome', 'jppfs_cor:ProfitLoss', 'jppfs_cor:ProfitLossAttributableToNonControllingInterests', 'jppfs_cor:ProfitLossAttributableToOwnersOfParent', 'tse-qcedjpfr-74350:FraudRelatedLossesEL', 'tse-qcedjpfr-74350:LossOnBusinessRestructuringEL']
[00:00:10] [XBRL] PL Attachment抽出成功: XBRLData/Attachment/0600000-qcpl11-tse-qcedjpfr-74350-2026-01-31-01-2026-03-11-ixbrl.htm
[00:00:10] [XBRL] Attachment補完: gross_profit=4914392000
[00:00:10] [XBRL] Attachment補完: cost_of_sales=19576340000
[00:00:10] [抽出] XBRL抽出成功: sales=24490000000, gp=4914392000, op=537000000
[00:00:10] [INGEST] doc_id=2d75ae803c956a0b zip_hash=1baced545a97cae357b60d5c34549d1c55c0e7c2aea8fd00b582ec4ff1931ac8 status=success 7435 2026-04-30 3Q sales=24490000000 gp=4914392000 op=537000000
[00:00:11] [v2] セグメント抽出成功: 30件, engine=v2, unit=千円, profit_role=
[00:00:11] [SEGMENT] 7435 3Q (第: sales=0.003 profit=None (inserted)
[00:00:11] [SEGMENT] 7435 3Q 前第: sales=0.003 profit=0.003 (inserted)
[00:00:11] [SEGMENT] 7435 3Q (自: sales=2.024 profit=0.005 (inserted)
[00:00:11] [SEGMENT] 7435 3Q 売上高: sales=25984.05 profit=24490.733 (inserted)
[00:00:11] [SEGMENT] 7435 3Q 売上原価: sales=21182.168 profit=19576.34 (inserted)
[00:00:11] [SEGMENT] 7435 3Q 売上総利益: sales=4801.8820000000005 profit=4914.392 (inserted)
[00:00:11] [SEGMENT] 7435 3Q 販売費及び一般管理費: sales=4621.26 profit=4376.734 (inserted)
[00:00:11] [SEGMENT] 7435 3Q 営業利益: sales=180.621 profit=537.657 (inserted)
[00:00:11] [SEGMENT] 7435 3Q 受取利息: sales=58.759 profit=50.009 (inserted)
[00:00:11] [SEGMENT] 7435 3Q 受取配当金: sales=20.091 profit=19.789 (inserted)
[00:00:11] [SEGMENT] 7435 3Q 持分法による投資利益: sales=34.001 profit=36.9 (inserted)
[00:00:11] [SEGMENT] 7435 3Q 為替差益: sales=34.214 profit=None (inserted)
[00:00:11] [SEGMENT] 7435 3Q 支払利息: sales=7.548 profit=4.149 (inserted)
[00:00:11] [SEGMENT] 7435 3Q 為替差損: sales=95.021 profit=None (inserted)
[00:00:11] [SEGMENT] 7435 3Q デリバティブ評価損: sales=6.134 profit=18.988 (inserted)
[00:00:11] [SEGMENT] 7435 3Q 補助金返還額: sales=15.759 profit=None (inserted)
[00:00:11] [SEGMENT] 7435 3Q 経常利益: sales=264.945 profit=677.296 (inserted)
[00:00:11] [SEGMENT] 7435 3Q 固定資産売却益: sales=4.885 profit=11.217 (inserted)
[00:00:11] [SEGMENT] 7435 3Q 投資有価証券売却益: sales=9.18 profit=0.003 (inserted)
[00:00:11] [SEGMENT] 7435 3Q 抱合せ株式消滅差益: sales=4.033 profit=None (inserted)
[00:00:11] [SEGMENT] 7435 3Q 固定資産除売却損: sales=35.367 profit=1.975 (inserted)
[00:00:11] [SEGMENT] 7435 3Q 減損損失: sales=3.887 profit=56.911 (inserted)
[00:00:11] [SEGMENT] 7435 3Q 投資有価証券売却損: sales=0.044 profit=None (inserted)
[00:00:11] [SEGMENT] 7435 3Q 貸倒引当金繰入額: sales=0.001 profit=20.412 (inserted)
[00:00:11] [SEGMENT] 7435 3Q 事業再編損失: sales=0.002 profit=129.729 (inserted)
[00:00:11] [SEGMENT] 7435 3Q 事業再編損失引当金繰入額: sales=31.830000000000002 profit=None (inserted)
[00:00:11] [SEGMENT] 7435 3Q 不正関連損失: sales=0.001 profit=16.854 (inserted)
[00:00:11] [SEGMENT] 7435 3Q 特別調査費用等: sales=0.003 profit=181.728 (inserted)
[00:00:11] [SEGMENT] 7435 3Q 法人税、住民税及び事業税: sales=275.749 profit=279.561 (inserted)
[00:00:11] [SEGMENT] 7435 3Q 四半期純利益又は四半期純損失(: sales=-266.422 profit=170.262 (inserted)
[00:00:12] [DL] 既にダウンロード済み: data\docs\140120260225568979.pdf
[00:00:12] [抽出] SKIP_PDF_NOT_TANSHIN: title=2026年４月期　第３四半期決算補足説明資料
[00:00:12] [INGEST] doc_id=7b8beeaa189343eb status=skipped_not_tanshin title=2026年４月期　第３四半期決算補足説明資料
[00:00:12] [DL] 既にダウンロード済み: data\docs\140120260305576734.pdf
[00:00:12] [DL] 既にダウンロード済み: data\docs\081220260305576734.zip
[00:00:13] [抽出] XBRL抽出を試行: data\docs\081220260305576734.zip
[00:00:13] [XBRL] 未知の財務タグ検出: ['tse-ed-t:ChangeInComprehensiveIncome', 'tse-ed-t:ChangeInNetSales', 'tse-ed-t:ChangeInOperatingIncome', 'tse-ed-t:ChangeInOrdinaryIncome', 'tse-ed-t:ChangeInProfitAttributableToOwnersOfParent', 'tse-ed-t:ComprehensiveIncome', 'tse-ed-t:DilutedNetIncomePerShare', 'tse-ed-t:NetIncomePerShare', 'tse-ed-t:ProfitAttributableToOwnersOfParent']
[00:00:13] [XBRL] Summary抽出成功: XBRLData/Summary/tse-qcedjpsm-272A0-20260305576734-ixbrl.htm
[00:00:13] [XBRL] Summary不足項目: ['gross_profit', 'cost_of_sales'], PL Attachment候補: 1
[00:00:13] [XBRL] 未知の財務タグ検出: ['jppfs_cor:DividendsIncomeNOI', 'jppfs_cor:ForeignExchangeLossesNOE', 'jppfs_cor:IncomeBeforeIncomeTaxes', 'jppfs_cor:IncomeTaxes', 'jppfs_cor:IncomeTaxesCurrent', 'jppfs_cor:IncomeTaxesDeferred', 'jppfs_cor:InterestIncomeNOI', 'jppfs_cor:MiscellaneousIncomeNOI', 'jppfs_cor:MiscellaneousLossNOE', 'jppfs_cor:NonOperatingExpenses', 'jppfs_cor:NonOperatingIncome', 'jppfs_cor:ProfitLoss', 'jppfs_cor:ProfitLossAttributableToNonControllingInterests', 'jppfs_cor:ProfitLossAttributableToOwnersOfParent']
[00:00:13] [XBRL] PL Attachment抽出成功: XBRLData/Attachment/0102010-qcpl11-tse-qcedjpfr-272A0-2026-01-31-01-2026-03-11-ixbrl.htm
[00:00:13] [XBRL] Attachment補完: gross_profit=8041381000
[00:00:13] [XBRL] Attachment補完: cost_of_sales=14085503000
[00:00:13] [抽出] XBRL抽出成功: sales=22126000000, gp=8041381000, op=1343000000
[00:00:13] [INGEST] doc_id=bca2c05252e7cdcf zip_hash=4c9327c4ac3db641947b83a2339488027d2ad5bca0c4e03764f053eb18c67153 status=success 272A 2026-04-30 3Q sales=22126000000 gp=8041381000 op=1343000000
[00:00:13] [v2] セグメント抽出成功: 22件, engine=v2, unit=千円, profit_role=
[00:00:13] [SEGMENT] 272A 3Q 前第: sales=0.003 profit=None (inserted)
[00:00:13] [SEGMENT] 272A 3Q (自 令和: sales=0.006 profit=None (inserted)
[00:00:13] [SEGMENT] 272A 3Q 至 令和: sales=0.007 profit=None (inserted)
[00:00:13] [SEGMENT] 272A 3Q 売上高: sales=20614.566 profit=None (inserted)
[00:00:13] [SEGMENT] 272A 3Q 売上原価: sales=13128.557 profit=None (inserted)
[00:00:13] [SEGMENT] 272A 3Q 売上総利益: sales=7486.009 profit=None (inserted)
[00:00:13] [SEGMENT] 272A 3Q 販売費及び一般管理費: sales=6188.021 profit=None (inserted)
[00:00:13] [SEGMENT] 272A 3Q 営業利益: sales=1297.987 profit=None (inserted)
[00:00:13] [SEGMENT] 272A 3Q 受取利息: sales=0.1 profit=None (inserted)
[00:00:13] [SEGMENT] 272A 3Q 受取配当金: sales=14.746 profit=None (inserted)
[00:00:13] [SEGMENT] 272A 3Q 投資事業組合運用益: sales=12.013 profit=None (inserted)
[00:00:13] [SEGMENT] 272A 3Q 為替差益: sales=0.161 profit=None (inserted)
[00:00:13] [SEGMENT] 272A 3Q 雑収入: sales=31.448 profit=None (inserted)
[00:00:13] [SEGMENT] 272A 3Q 支払利息: sales=27.318 profit=None (inserted)
[00:00:13] [SEGMENT] 272A 3Q 為替差損: sales=0.556 profit=None (inserted)
[00:00:13] [SEGMENT] 272A 3Q 雑損失: sales=7.23 profit=None (inserted)
[00:00:13] [SEGMENT] 272A 3Q 経常利益: sales=1321.19 profit=None (inserted)
[00:00:13] [SEGMENT] 272A 3Q 税金等調整前四半期純利益: sales=1321.19 profit=None (inserted)
[00:00:13] [SEGMENT] 272A 3Q 法人税、住民税及び事業税: sales=468.8 profit=None (inserted)
[00:00:13] [SEGMENT] 272A 3Q 四半期純利益: sales=817.869 profit=None (inserted)
[00:00:13] [SEGMENT] 272A 3Q 非支配株主に帰属する四半期純利益: sales=5.905 profit=None (inserted)
[00:00:13] [SEGMENT] 272A 3Q 親会社株主に帰属する四半期純利益: sales=811.963 profit=None (inserted)
[00:00:13] [DL] 既にダウンロード済み: data\docs\140120260309578330.pdf
[00:00:13] [DL] 既にダウンロード済み: data\docs\081220260309578330.zip
[00:00:14] [抽出] XBRL抽出を試行: data\docs\081220260309578330.zip
[00:00:14] [XBRL] 未知の財務タグ検出: ['tse-ed-t:ChangeInComprehensiveIncome', 'tse-ed-t:ChangeInNetSales', 'tse-ed-t:ChangeInOperatingIncome', 'tse-ed-t:ChangeInOrdinaryIncome', 'tse-ed-t:ChangeInProfitAttributableToOwnersOfParent', 'tse-ed-t:ComprehensiveIncome', 'tse-ed-t:DilutedNetIncomePerShare', 'tse-ed-t:NetIncomePerShare', 'tse-ed-t:ProfitAttributableToOwnersOfParent']
[00:00:14] [XBRL] Summary抽出成功: XBRLData/Summary/tse-scedjpsy-350A0-202603113350A0-ixbrl.htm
[00:00:14] [XBRL] Summary不足項目: ['gross_profit', 'cost_of_sales'], PL Attachment候補: 1
[00:00:14] [XBRL] 未知の財務タグ検出: ['jppfs_cor:ExtraordinaryIncome', 'jppfs_cor:IncomeBeforeIncomeTaxes', 'jppfs_cor:IncomeTaxes', 'jppfs_cor:NonOperatingExpenses', 'jppfs_cor:NonOperatingIncome', 'jppfs_cor:ProfitLoss', 'jppfs_cor:ProfitLossAttributableToOwnersOfParent']
[00:00:14] [XBRL] PL Attachment抽出成功: XBRLData/Attachment/0101020-scpl15-tse-scedjpfr-350A0-2026-01-31-01-2026-03-11-ixbrl.htm
[00:00:14] [XBRL] Attachment補完: gross_profit=2459981000
[00:00:14] [XBRL] Attachment補完: cost_of_sales=848207000
[00:00:14] [抽出] XBRL抽出成功: sales=3328000000, gp=2459981000, op=1536000000
[00:00:14] [INGEST] doc_id=dbe43be9e02879bd zip_hash=648d08215abdf81b453350ca25c6ea2eaa75fd36e4ae527b143cce1e6648d443 status=success 350A 2026-07-31 2Q sales=3328000000 gp=2459981000 op=1536000000
^C[2026/03/12  8:50:01.66] Starting ingest 
[08:50:01] [db] config: write_key_type=service_role read_key_type=service_role
[08:50:03] [pipeline_run] started: ingest (id=11, trigger=scheduler)
[08:50:03] [filings_ingest] start dry_run=False company_code=ALL
[08:50:03] [API] yanoshin.jp APIから取得中: https://webapi.yanoshin.jp/webapi/tdnet/list/today.json
[08:50:03] [API] detected_schema=items, raw_items_count=173
[08:50:03] [API] first_item_preview: id=f1eda7bcfe37..., pubdate=2026-03-11 18:15:00, title=(訂正)「第三者割当による自己新株予約権の処分に関するお知らせ」の一部訂正及び付, code=9327
[08:50:03] [API] fetched_count=173
[08:50:03] [API] skip_reason=instrument_excluded, code=5842, name=Ｇ－インテグラル, title=３号ファンドシリーズからのキャリードインタレストの追加受領に係るお知らせ
[08:50:03] [API] skip_reason=instrument_excluded, code=13494, name=Ｅ－ＳＳＧＡ－ＳＩＮ, title=アジア国債・公債ＥＴＦ（正式名称：ＡＢＦ汎アジア債券インデックス・ファンド）に関する日々の開示事項
[08:50:03] [API] skip_reason=instrument_excluded, code=15574, name=Ｅ－ＳＳＧＡＴＣ, title=State Street SPDR S&amp;P500 ETFに関する日々の開示事項
[08:50:03] [API] skip_reason=instrument_excluded, code=20704, name=Ｎ－三菱ＵＦＪ証ＨＤ, title=上場ETN（発行者：三菱UFJ証券ホールディングス株式会社）に関する日々の開示事項
[08:50:03] [API] skip_reason=instrument_excluded, code=1458, name=楽天２２５ダブルブル, title=ETFの収益分配金見込額のお知らせ
[08:50:03] [API] skip_reason=instrument_excluded, code=1459, name=楽天２２５ダブルベア, title=ETFの収益分配金見込額のお知らせ
[08:50:03] [API] skip_reason=instrument_excluded, code=16714, name=Ｅ－シンプレクス, title=上場ＥＴＦ(管理会社：シンプレクス・アセット・マネジメント)に関する日々の開示事項
[08:50:03] [API] skip_reason=instrument_excluded, code=16724, name=Ｅ－ＷｉｓｄｏｍＴｒ, title=上場ETF（管理会社：WisdomTree、外国投資法人：MSL）に関する日々の開示事項　
[08:50:03] [API] skip_reason=instrument_excluded, code=16724, name=Ｅ－ＷｉｓｄｏｍＴｒ, title=上場ETF（管理会社：WisdomTree、外国投資法人：CSL）に関する日々の開示事項　
[08:50:03] [API] skip_reason=instrument_excluded, code=489A, name=物流フォーカス, title=ＥＴＦの収益分配金見込額のお知らせ
[08:50:03] [API] skip_reason=instrument_excluded, code=13294, name=Ｅ－ブラックロック, title=上場ETF（管理会社：ブラックロック・ジャパン）に関する日々の開示事項
[08:50:03] [API] instrument_skipped_count=11
[08:50:03] [API] fetched_count=173, filtered_count=38, forecast_revision_count=13, financial_statement_count=25
[08:50:03] [API] new_count=33 already_processed=5 already_processed_financial_statement=5 new_financial_statement=20
[08:50:03] [API] already_processed_tickers=2751,5132,7678,7435,272A
[08:50:03] [INGEST] run=ingest-9f7b9f07 new_items=33 target_statements=20 non_target=13 (forecast_revision=13, other=0)
[08:50:03] [DL] 既にダウンロード済み: data\docs\140120260311579688.pdf
[08:50:03] [抽出] SKIP_PDF_NOT_TANSHIN: title=2025年12月期 通期決算に関する質疑応答集
[08:50:03] [INGEST] doc_id=3a3843e99c78184b status=skipped_not_tanshin title=2025年12月期 通期決算に関する質疑応答集
[08:50:03] [DL] 既にダウンロード済み: data\docs\140120260311579692.pdf
[08:50:03] [抽出] SKIP_PDF_NOT_TANSHIN: title=2026年10月期 第1四半期 決算説明資料
[08:50:03] [INGEST] doc_id=046cb7601a9aaf4c status=skipped_not_tanshin title=2026年10月期 第1四半期 決算説明資料
[08:50:03] [DL] 既にダウンロード済み: data\docs\140120260225568979.pdf
[08:50:03] [抽出] SKIP_PDF_NOT_TANSHIN: title=2026年４月期　第３四半期決算補足説明資料
[08:50:03] [INGEST] doc_id=7b8beeaa189343eb status=skipped_not_tanshin title=2026年４月期　第３四半期決算補足説明資料
[08:50:03] [DL] 既にダウンロード済み: data\docs\140120260309578330.pdf
[08:50:03] [DL] 既にダウンロード済み: data\docs\081220260309578330.zip
[08:50:03] [抽出] XBRL抽出を試行: data\docs\081220260309578330.zip
[08:50:03] [XBRL] 未知の財務タグ検出: ['tse-ed-t:ChangeInComprehensiveIncome', 'tse-ed-t:ChangeInNetSales', 'tse-ed-t:ChangeInOperatingIncome', 'tse-ed-t:ChangeInOrdinaryIncome', 'tse-ed-t:ChangeInProfitAttributableToOwnersOfParent', 'tse-ed-t:ComprehensiveIncome', 'tse-ed-t:DilutedNetIncomePerShare', 'tse-ed-t:NetIncomePerShare', 'tse-ed-t:ProfitAttributableToOwnersOfParent']
[08:50:03] [XBRL] Summary抽出成功: XBRLData/Summary/tse-scedjpsy-350A0-202603113350A0-ixbrl.htm
[08:50:03] [XBRL] Summary不足項目: ['gross_profit', 'cost_of_sales'], PL Attachment候補: 1
[08:50:03] [XBRL] 未知の財務タグ検出: ['jppfs_cor:ExtraordinaryIncome', 'jppfs_cor:IncomeBeforeIncomeTaxes', 'jppfs_cor:IncomeTaxes', 'jppfs_cor:NonOperatingExpenses', 'jppfs_cor:NonOperatingIncome', 'jppfs_cor:ProfitLoss', 'jppfs_cor:ProfitLossAttributableToOwnersOfParent']
[08:50:03] [XBRL] PL Attachment抽出成功: XBRLData/Attachment/0101020-scpl15-tse-scedjpfr-350A0-2026-01-31-01-2026-03-11-ixbrl.htm
[08:50:03] [XBRL] Attachment補完: gross_profit=2459981000
[08:50:03] [XBRL] Attachment補完: cost_of_sales=848207000
[08:50:03] [抽出] XBRL抽出成功: sales=3328000000, gp=2459981000, op=1536000000
[08:50:03] [INGEST] doc_id=dbe43be9e02879bd zip_hash=648d08215abdf81b453350ca25c6ea2eaa75fd36e4ae527b143cce1e6648d443 status=success 350A 2026-07-31 2Q sales=3328000000 gp=2459981000 op=1536000000
[08:50:05] [v2] セグメント抽出成功: 10件, engine=v2, unit=千円, profit_role=
[08:50:05] [SEGMENT] 350A 2Q I 前中間連結会計期間(自: sales=2.024 profit=0.008 (inserted)
[08:50:05] [SEGMENT] 350A 2Q 事業 業: sales=0.001 profit=None (inserted)
[08:50:05] [SEGMENT] 350A 2Q （注）: sales=0.004 profit=None (inserted)
[08:50:05] [SEGMENT] 350A 2Q 外部顧客への売上高: sales=2363.539 profit=191.60500000000002 (inserted)
[08:50:05] [SEGMENT] 350A 2Q その他収益: sales=550.131 profit=13.508000000000001 (inserted)
[08:50:05] [SEGMENT] 350A 2Q DGP手数料収益: sales=2305.551 profit=118.352 (inserted)
[08:50:05] [SEGMENT] 350A 2Q その他収益: sales=57.988 profit=73.253 (updated)
[08:50:05] [SEGMENT] 350A 2Q 源泉から生じた収益: sales=550.131 profit=13.508000000000001 (inserted)
[08:50:05] [SEGMENT] 350A 2Q （注）: sales=0.003 profit=None (updated)
[08:50:05] [SEGMENT] 350A 2Q (注): sales=0.001 profit=None (inserted)
[08:50:06] [DL] 既にダウンロード済み: data\docs\140120260311579838.pdf
[08:50:07] [抽出] SKIP_PDF_NOT_TANSHIN: title=2026年7月期第2四半期決算説明資料
[08:50:07] [INGEST] doc_id=279b436ad47d72e2 status=skipped_not_tanshin title=2026年7月期第2四半期決算説明資料
[08:50:07] [DL] 既にダウンロード済み: data\docs\140120260311579846.pdf
[08:50:07] [抽出] SKIP_PDF_NOT_TANSHIN: title=よくあるご質問とご回答（26年7月期 第2四半期決算）
[08:50:07] [INGEST] doc_id=109bda747e508f3d status=skipped_not_tanshin title=よくあるご質問とご回答（26年7月期 第2四半期決算）
[08:50:07] [DL] 既にダウンロード済み: data\docs\140120260310579283.pdf
[08:50:07] [DL] 既にダウンロード済み: data\docs\081220260310579283.zip
[08:50:07] [抽出] XBRL抽出を試行: data\docs\081220260310579283.zip
[08:50:07] [XBRL] 未知の財務タグ検出: ['tse-ed-t:ChangeInNetIncome', 'tse-ed-t:ChangeInNetSales', 'tse-ed-t:ChangeInOperatingIncome', 'tse-ed-t:ChangeInOrdinaryIncome', 'tse-ed-t:DilutedNetIncomePerShare', 'tse-ed-t:NetIncome', 'tse-ed-t:NetIncomePerShare']
[08:50:07] [XBRL] 未知の財務タグ検出: ['jppfs_cor:IncomeTaxesPayable']
[08:50:07] [XBRL] 未知の財務タグ検出: ['jppfs_cor:DividendsIncomeNOI', 'jppfs_cor:ExtraordinaryIncome', 'jppfs_cor:ExtraordinaryLoss', 'jppfs_cor:ForeignExchangeLossesNOE', 'jppfs_cor:GainOnSalesOfGoodsNOI', 'jppfs_cor:GainOnSalesOfNoncurrentAssetsEI', 'jppfs_cor:IncomeBeforeIncomeTaxes', 'jppfs_cor:IncomeTaxes', 'jppfs_cor:IncomeTaxesCurrent', 'jppfs_cor:IncomeTaxesDeferred', 'jppfs_cor:InterestIncomeNOI', 'jppfs_cor:LossOnRetirementOfNoncurrentAssetsEL', 'jppfs_cor:MiscellaneousIncomeNOI', 'jppfs_cor:NonOperatingExpenses', 'jppfs_cor:NonOperatingIncome', 'jppfs_cor:ProfitLoss', 'jppfs_cor:SubsidyIncomeNOI', 'tse-snedjpfr-45990:OperatingExpensesOperatingExpenses', 'tse-snedjpfr-45990:OperatingRevenueRevOA', 'tse-snedjpfr-45990:RefundIncomeNOI', 'tse-snedjpfr-45990:ResearchAndDevelopmentExpensesOperatingExpenses', 'tse-snedjpfr-45990:SellingGeneralAndAdministrativeExpensesOperatingExpenses']
[08:50:07] [XBRL] 未知の財務タグ検出: ['jppfs_cor:IncomeBeforeIncomeTaxes', 'jppfs_cor:IncomeTaxesPaidOpeCF', 'jppfs_cor:IncreaseDecreaseInIncomeTaxesPayableTheFactorBasedTaxOpeCF', 'jppfs_cor:InterestAndDividendsIncomeOpeCF', 'jppfs_cor:InterestAndDividendsIncomeReceivedOpeCFInvCF', 'jppfs_cor:LossGainOnSalesOfNoncurrentAssetsOpeCF', 'jppfs_cor:LossOnRetirementOfNoncurrentAssetsOpeCF', 'jppfs_cor:NetCashProvidedByUsedInOperatingActivities', 'jppfs_cor:ProceedsFromSalesOfPropertyPlantAndEquipmentInvCF', 'jppfs_cor:SubsidyIncomeOpeCF', 'tse-snedjpfr-45990:RefundIncomeOpeCF']
[08:50:07] [XBRL] ZIP内の全候補で抽出失敗: data\docs\081220260310579283.zip
[08:50:07] [抽出] PDF抽出を試行: data\docs\140120260310579283.pdf
[08:50:07] [INGEST] doc_id=80a5516bb991fdbb zip_hash=2fe51e951f69721f9efd41ba0ee070fe507ac196830356724badf7dada832376 source_url=https://webapi.yanoshin.jp/rd.php?https://www.release.tdnet.info/inbs/140120260310579283.pdf status=extract_failed reason=売上高・営業利益ともに抽出できず
[08:50:07] [DL] 既にダウンロード済み: data\docs\140120260310579297.pdf
[08:50:07] [DL] 既にダウンロード済み: data\docs\081220260310579297.zip
[08:50:07] [抽出] XBRL抽出を試行: data\docs\081220260310579297.zip
[08:50:07] [XBRL] 未知の財務タグ検出: ['tse-ed-t:CashFlowsFromOperatingActivities', 'tse-ed-t:ChangeInNetIncome', 'tse-ed-t:ChangeInNetSales', 'tse-ed-t:ChangeInOperatingIncome', 'tse-ed-t:ChangeInOrdinaryIncome', 'tse-ed-t:DilutedNetIncomePerShare', 'tse-ed-t:InvestmentProfitLossOnEquityMethod', 'tse-ed-t:NetIncome', 'tse-ed-t:NetIncomePerShare', 'tse-ed-t:NetIncomeToShareholdersEquityRatio', 'tse-ed-t:OperatingIncomeToNetSalesRatio', 'tse-ed-t:OrdinaryIncomeToTotalAssetsRatio']
[08:50:07] [XBRL] Summary抽出成功: XBRLData/Summary/tse-anedjpsm-50310-20260311350310-ixbrl.htm
[08:50:07] [XBRL] Summary不足項目: ['gross_profit', 'cost_of_sales'], PL Attachment候補: 1
[08:50:07] [XBRL] 未知の財務タグ検出: ['jppfs_cor:ExtraordinaryLoss', 'jppfs_cor:ForeignExchangeLossesNOE', 'jppfs_cor:ImpairmentLossEL', 'jppfs_cor:IncomeBeforeIncomeTaxes', 'jppfs_cor:IncomeTaxes', 'jppfs_cor:IncomeTaxesCurrent', 'jppfs_cor:IncomeTaxesDeferred', 'jppfs_cor:InterestIncomeNOI', 'jppfs_cor:MiscellaneousIncomeNOI', 'jppfs_cor:MiscellaneousLossNOE', 'jppfs_cor:NonOperatingExpenses', 'jppfs_cor:NonOperatingIncome', 'jppfs_cor:ProfitLoss']
[08:50:07] [XBRL] PL Attachment抽出成功: XBRLData/Attachment/0102010-anpl02-tse-anedjpfr-50310-2026-01-31-01-2026-03-11-ixbrl.htm
[08:50:07] [XBRL] Attachment補完: gross_profit=3348297000
[08:50:07] [XBRL] Attachment補完: cost_of_sales=3340312000
[08:50:07] [抽出] XBRL抽出成功: sales=6688000000, gp=3348297000, op=339000000
[08:50:07] [INGEST] doc_id=cac2f77318402ec3 zip_hash=eb09656dda6a44115cfb24ebe2c9faf239cc055d4707ed5c83a6c5b20b69ec7b status=parse_failed reason=年度/Q不明: year=R8/1, q=
[08:50:07] [DL] 既にダウンロード済み: data\docs\140120260311579589.pdf
[08:50:07] [DL] 既にダウンロード済み: data\docs\081220260311579589.zip
[08:50:07] [抽出] XBRL抽出を試行: data\docs\081220260311579589.zip
[08:50:07] [XBRL] 未知の財務タグ検出: ['tse-ed-t:ChangeInNetIncome', 'tse-ed-t:ChangeInNetSales', 'tse-ed-t:ChangeInOperatingIncome', 'tse-ed-t:ChangeInOrdinaryIncome', 'tse-ed-t:DilutedNetIncomePerShare', 'tse-ed-t:NetIncome', 'tse-ed-t:NetIncomePerShare']
[08:50:07] [XBRL] Summary抽出成功: XBRLData/Summary/tse-qnedjpsm-50320-20260311350320-ixbrl.htm
[08:50:07] [XBRL] Summary不足項目: ['gross_profit', 'cost_of_sales'], PL Attachment候補: 1
[08:50:07] [XBRL] 未知の財務タグ検出: ['jppfs_cor:CompensationIncomeNOI', 'jppfs_cor:ForeignExchangeLossesNOE', 'jppfs_cor:IncomeBeforeIncomeTaxes', 'jppfs_cor:IncomeTaxes', 'jppfs_cor:IncomeTaxesCurrent', 'jppfs_cor:IncomeTaxesDeferred', 'jppfs_cor:InterestIncomeNOI', 'jppfs_cor:LossOnRetirementOfNoncurrentAssetsNOE', 'jppfs_cor:NonOperatingExpenses', 'jppfs_cor:NonOperatingIncome', 'jppfs_cor:ProfitLoss', 'jppfs_cor:SubsidyIncomeNOI']
[08:50:07] [XBRL] PL Attachment抽出成功: XBRLData/Attachment/0102010-qnpl12-tse-qnedjpfr-50320-2026-01-31-01-2026-03-11-ixbrl.htm
[08:50:07] [XBRL] Attachment補完: gross_profit=20010000000
[08:50:07] [XBRL] Attachment補完: cost_of_sales=22009000000
[08:50:07] [抽出] XBRL抽出成功: sales=42020000000, gp=20010000000, op=16909000000
[08:50:07] [INGEST] doc_id=5da027d4dd075373 zip_hash=93719a21f284c27a9ebe8c132036b4158560c02dd8cce05318b4fa577eec8d82 status=success 5032 2026-04-30 3Q sales=42020000000 gp=20010000000 op=16909000000
[08:50:08] [v2] セグメント抽出成功: 19件, engine=v2, unit=百万円, profit_role=
[08:50:08] [SEGMENT] 5032 3Q 前第: sales=3.0 profit=None (inserted)
[08:50:08] [SEGMENT] 5032 3Q (自: sales=2024.0 profit=None (inserted)
[08:50:08] [SEGMENT] 5032 3Q 売上高: sales=28904.0 profit=None (inserted)
[08:50:08] [SEGMENT] 5032 3Q 売上原価: sales=15391.0 profit=None (inserted)
[08:50:08] [SEGMENT] 5032 3Q 売上総利益: sales=13513.0 profit=None (inserted)
[08:50:08] [SEGMENT] 5032 3Q 販売費及び一般管理費: sales=2548.0 profit=None (inserted)
[08:50:08] [SEGMENT] 5032 3Q 営業利益: sales=10965.0 profit=None (inserted)
[08:50:08] [SEGMENT] 5032 3Q 受取利息: sales=0.0 profit=None (inserted)
[08:50:08] [SEGMENT] 5032 3Q 為替差益: sales=2.0 profit=None (inserted)
[08:50:08] [SEGMENT] 5032 3Q 補助金収入: sales=1.0 profit=None (inserted)
[08:50:08] [SEGMENT] 5032 3Q 受取補償金: sales=19.0 profit=None (inserted)
[08:50:08] [SEGMENT] 5032 3Q 支払利息: sales=0.0 profit=None (inserted)
[08:50:08] [SEGMENT] 5032 3Q 為替差損: sales=17.0 profit=None (inserted)
[08:50:08] [SEGMENT] 5032 3Q 支払手数料: sales=11.0 profit=None (inserted)
[08:50:08] [SEGMENT] 5032 3Q 固定資産除却損: sales=25.0 profit=None (inserted)
[08:50:08] [SEGMENT] 5032 3Q 経常利益: sales=10930.0 profit=None (inserted)
[08:50:08] [SEGMENT] 5032 3Q 税引前四半期純利益: sales=10930.0 profit=None (inserted)
[08:50:08] [SEGMENT] 5032 3Q 法人税、住民税及び事業税: sales=3309.0 profit=None (inserted)
[08:50:08] [SEGMENT] 5032 3Q 四半期純利益: sales=7582.0 profit=None (inserted)
[08:50:09] [DL] 既にダウンロード済み: data\docs\140120260311579611.pdf
[08:50:09] [抽出] SKIP_PDF_NOT_TANSHIN: title=2026年４月期 第３四半期決算説明資料
[08:50:09] [INGEST] doc_id=456fb1ccd3c31dd5 status=skipped_not_tanshin title=2026年４月期 第３四半期決算説明資料
[08:50:09] [DL] 既にダウンロード済み: data\docs\140120260311579530.pdf
[08:50:09] [DL] 既にダウンロード済み: data\docs\081220260311579530.zip
[08:50:09] [抽出] XBRL抽出を試行: data\docs\081220260311579530.zip
[08:50:09] [XBRL] 未知の財務タグ検出: ['tse-ed-t:CashFlowsFromOperatingActivities', 'tse-ed-t:ChangeInComprehensiveIncome', 'tse-ed-t:ChangeInNetIncome', 'tse-ed-t:ChangeInNetSales', 'tse-ed-t:ChangeInOperatingIncome', 'tse-ed-t:ChangeInOrdinaryIncome', 'tse-ed-t:ChangeInProfitAttributableToOwnersOfParent', 'tse-ed-t:ComprehensiveIncome', 'tse-ed-t:DilutedNetIncomePerShare', 'tse-ed-t:InvestmentProfitLossOnEquityMethod', 'tse-ed-t:NetIncome', 'tse-ed-t:NetIncomePerShare', 'tse-ed-t:NetIncomeToShareholdersEquityRatio', 'tse-ed-t:OperatingIncomeToNetSalesRatio', 'tse-ed-t:OrdinaryIncomeToTotalAssetsRatio', 'tse-ed-t:ProfitAttributableToOwnersOfParent']
[08:50:09] [XBRL] Summary抽出成功: XBRLData/Summary/tse-acedjpsm-69660-20260311369660-ixbrl.htm
[08:50:09] [XBRL] Summary不足項目: ['gross_profit', 'cost_of_sales'], PL Attachment候補: 1
[08:50:09] [XBRL] 未知の財務タグ検出: ['jppfs_cor:DividendsIncomeNOI', 'jppfs_cor:ExtraordinaryIncome', 'jppfs_cor:ExtraordinaryLoss', 'jppfs_cor:ImpairmentLossEL', 'jppfs_cor:IncomeBeforeIncomeTaxes', 'jppfs_cor:IncomeTaxes', 'jppfs_cor:IncomeTaxesCurrent', 'jppfs_cor:IncomeTaxesDeferred', 'jppfs_cor:InterestIncomeNOI', 'jppfs_cor:LossOnReductionOfNoncurrentAssetsEL', 'jppfs_cor:LossOnSalesAndRetirementOfNoncurrentAssetsNOE', 'jppfs_cor:LossOnValuationOfDerivativesNOE', 'jppfs_cor:NonOperatingExpenses', 'jppfs_cor:NonOperatingIncome', 'jppfs_cor:ProfitLoss', 'jppfs_cor:ProfitLossAttributableToNonControllingInterests', 'jppfs_cor:ProfitLossAttributableToOwnersOfParent', 'tse-acedjpfr-69660:LossOnBusinessOfEuropeEL', 'tse-acedjpfr-69660:ProductCompensationLossEL']
[08:50:09] [XBRL] PL Attachment抽出成功: XBRLData/Attachment/0102010-acpl01-tse-acedjpfr-69660-2026-01-31-01-2026-03-11-ixbrl.htm
[08:50:09] [XBRL] Attachment補完: gross_profit=32187000000
[08:50:09] [XBRL] Attachment補完: cost_of_sales=186141000000
[08:50:09] [抽出] XBRL抽出成功: sales=218329000000, gp=32187000000, op=12651000000
[08:50:09] [INGEST] doc_id=3c4f5abf9b166325 zip_hash=62ac0e9334116b7a3f8a2a5c05ac7bb303c42224e7832168ad51dada6d073529 status=parse_failed reason=年度/Q不明: year=R8/1, q=
[08:50:09] [DL] 既にダウンロード済み: data\docs\140120260310579159.pdf
[08:50:09] [DL] 既にダウンロード済み: data\docs\081220260310579159.zip
[08:50:09] [抽出] XBRL抽出を試行: data\docs\081220260310579159.zip
[08:50:09] [XBRL] 未知の財務タグ検出: ['tse-ed-t:CashFlowsFromOperatingActivities', 'tse-ed-t:ChangeInComprehensiveIncome', 'tse-ed-t:ChangeInNetIncome', 'tse-ed-t:ChangeInNetSales', 'tse-ed-t:ChangeInOperatingIncome', 'tse-ed-t:ChangeInOrdinaryIncome', 'tse-ed-t:ChangeInProfitAttributableToOwnersOfParent', 'tse-ed-t:ComprehensiveIncome', 'tse-ed-t:DilutedNetIncomePerShare', 'tse-ed-t:InvestmentProfitLossOnEquityMethod', 'tse-ed-t:NetIncome', 'tse-ed-t:NetIncomePerShare', 'tse-ed-t:NetIncomeToShareholdersEquityRatio', 'tse-ed-t:OperatingIncomeToNetSalesRatio', 'tse-ed-t:OrdinaryIncomeToTotalAssetsRatio', 'tse-ed-t:ProfitAttributableToOwnersOfParent']
[08:50:09] [XBRL] Summary抽出成功: XBRLData/Summary/tse-acedjpsm-70640-20260311370640-ixbrl.htm
[08:50:09] [XBRL] Summary不足項目: ['gross_profit', 'cost_of_sales'], PL Attachment候補: 1
[08:50:09] [XBRL] 未知の財務タグ検出: ['jppfs_cor:ExtraordinaryLoss', 'jppfs_cor:GainOnSalesOfNoncurrentAssetsNOI', 'jppfs_cor:ImpairmentLossEL', 'jppfs_cor:IncomeBeforeIncomeTaxes', 'jppfs_cor:IncomeTaxes', 'jppfs_cor:IncomeTaxesCurrent', 'jppfs_cor:IncomeTaxesDeferred', 'jppfs_cor:IncomeTaxesForPriorPeriodsIncomeTaxes', 'jppfs_cor:InterestIncomeNOI', 'jppfs_cor:LossOnSalesAndRetirementOfNoncurrentAssetsEL', 'jppfs_cor:LossOnValuationOfInvestmentSecuritiesEL', 'jppfs_cor:MiscellaneousIncomeNOI', 'jppfs_cor:NonOperatingExpenses', 'jppfs_cor:NonOperatingIncome', 'jppfs_cor:ProfitLoss', 'jppfs_cor:ProfitLossAttributableToOwnersOfParent', 'jppfs_cor:SubsidyIncomeNOIBounty']
[08:50:09] [XBRL] PL Attachment抽出成功: XBRLData/Attachment/0102010-acpl01-tse-acedjpfr-70640-2026-01-31-01-2026-03-11-ixbrl.htm
[08:50:09] [XBRL] Attachment補完: gross_profit=2033691000
[08:50:09] [XBRL] Attachment補完: cost_of_sales=524427000
[08:50:09] [抽出] XBRL抽出成功: sales=2558000000, gp=2033691000, op=251000000
[08:50:09] [INGEST] doc_id=ed5e972efed22082 zip_hash=24e71243c9d46b7ea2eea09e9f367576a0a34ea84adaea0203847d6446d2e86c status=parse_failed reason=年度/Q不明: year=R8/1, q=
[08:50:09] [DL] 既にダウンロード済み: data\docs\140120260310579201.pdf
[08:50:09] [抽出] SKIP_PDF_NOT_TANSHIN: title=2026年1月期 第4四半期 決算説明資料
[08:50:09] [INGEST] doc_id=0c1ac9762680fbb4 status=skipped_not_tanshin title=2026年1月期 第4四半期 決算説明資料
[08:50:09] [DL] 既にダウンロード済み: data\docs\140120260310578805.pdf
[08:50:09] [DL] 既にダウンロード済み: data\docs\081220260310578805.zip
[08:50:09] [抽出] XBRL抽出を試行: data\docs\081220260310578805.zip
[08:50:09] [XBRL] 未知の財務タグ検出: ['tse-ed-t:ChangeInNetIncome', 'tse-ed-t:ChangeInNetSales', 'tse-ed-t:ChangeInOperatingIncome', 'tse-ed-t:ChangeInOrdinaryIncome', 'tse-ed-t:DilutedNetIncomePerShare', 'tse-ed-t:NetIncome', 'tse-ed-t:NetIncomePerShare']
[08:50:09] [XBRL] Summary抽出成功: XBRLData/Summary/tse-qnedjpsm-92360-20260311392360-ixbrl.htm
[08:50:09] [XBRL] Summary不足項目: ['gross_profit', 'cost_of_sales'], PL Attachment候補: 1
[08:50:09] [XBRL] 未知の財務タグ検出: ['jppfs_cor:IncomeBeforeIncomeTaxes', 'jppfs_cor:IncomeTaxes', 'jppfs_cor:InterestIncomeNOI', 'jppfs_cor:MiscellaneousIncomeNOI', 'jppfs_cor:NonOperatingIncome', 'jppfs_cor:ProfitLoss']
[08:50:09] [XBRL] PL Attachment抽出成功: XBRLData/Attachment/1200000-qnpl12-tse-qnedjpfr-92360-2026-01-31-01-2026-03-11-ixbrl.htm
[08:50:09] [XBRL] Attachment補完: gross_profit=56307000
[08:50:09] [XBRL] Attachment補完: cost_of_sales=103393000
[08:50:09] [抽出] XBRL抽出成功: sales=159000000, gp=56307000, op=5000000
[08:50:09] [INGEST] doc_id=e20c5565e0ff50d2 zip_hash=ad9bbd101f4601eea7cf3c79445db17c5265742695e382337a582a37560f1620 status=success 9236 2026-10-31 1Q sales=159000000 gp=56307000 op=5000000
[08:50:11] [v2] セグメント抽出成功: 14件, engine=v2, unit=千円, profit_role=
[08:50:11] [SEGMENT] 9236 1Q 前第: sales=0.001 profit=None (inserted)
[08:50:11] [SEGMENT] 9236 1Q (自: sales=2.024 profit=None (inserted)
[08:50:11] [SEGMENT] 9236 1Q 売上高: sales=118.465 profit=None (inserted)
[08:50:11] [SEGMENT] 9236 1Q 売上原価: sales=101.524 profit=None (inserted)
[08:50:11] [SEGMENT] 9236 1Q 売上総利益: sales=16.941 profit=None (inserted)
[08:50:11] [SEGMENT] 9236 1Q 販売費及び一般管理費: sales=64.831 profit=None (inserted)
[08:50:11] [SEGMENT] 9236 1Q 営業利益又は営業損失(: sales=-47.889 profit=None (inserted)
[08:50:11] [SEGMENT] 9236 1Q 雑収入: sales=0.0 profit=None (inserted)
[08:50:11] [SEGMENT] 9236 1Q 受取利息: sales=0.012 profit=None (inserted)
[08:50:11] [SEGMENT] 9236 1Q 新株予約権戻入益: sales=4.392 profit=None (inserted)
[08:50:11] [SEGMENT] 9236 1Q 経常利益又は経常損失(: sales=-43.497 profit=None (inserted)
[08:50:11] [SEGMENT] 9236 1Q 税引前四半期純利益又は税引前四半期純損失(: sales=-43.497 profit=None (inserted)
[08:50:11] [SEGMENT] 9236 1Q 法人税等: sales=-13.318 profit=None (inserted)
[08:50:11] [SEGMENT] 9236 1Q 四半期純利益又は四半期純損失(: sales=-30.178 profit=None (inserted)
[08:50:12] [DL] 既にダウンロード済み: data\docs\140120260310578808.pdf
[08:50:12] [抽出] SKIP_PDF_NOT_TANSHIN: title=2026年10月期 第１四半期  決算説明資料
[08:50:12] [INGEST] doc_id=64fd7a27db679a9e status=skipped_not_tanshin title=2026年10月期 第１四半期  決算説明資料
[08:50:12] [DL] 既にダウンロード済み: data\docs\140120260310578801.pdf
[08:50:12] [DL] 既にダウンロード済み: data\docs\081220260310578801.zip
[08:50:12] [抽出] XBRL抽出を試行: data\docs\081220260310578801.zip
[08:50:12] [XBRL] 未知の財務タグ検出: ['tse-ed-t:ChangeInNetIncome', 'tse-ed-t:ChangeInNetSales', 'tse-ed-t:ChangeInOperatingIncome', 'tse-ed-t:ChangeInOrdinaryIncome', 'tse-ed-t:DilutedNetIncomePerShare', 'tse-ed-t:NetIncome', 'tse-ed-t:NetIncomePerShare']
[08:50:12] [XBRL] Summary抽出成功: XBRLData/Summary/tse-qnedjpsm-40260-20260311340260-ixbrl.htm
[08:50:12] [XBRL] Summary不足項目: ['gross_profit', 'cost_of_sales'], PL Attachment候補: 1
[08:50:12] [XBRL] 未知の財務タグ検出: ['jppfs_cor:DividendsIncomeNOI', 'jppfs_cor:ExtraordinaryLoss', 'jppfs_cor:GainOnSalesOfGoodsNOI', 'jppfs_cor:IncomeBeforeIncomeTaxes', 'jppfs_cor:IncomeTaxes', 'jppfs_cor:IncomeTaxesCurrent', 'jppfs_cor:IncomeTaxesDeferred', 'jppfs_cor:LossOnRetirementOfNoncurrentAssetsEL', 'jppfs_cor:NonOperatingExpenses', 'jppfs_cor:NonOperatingIncome', 'jppfs_cor:ProfitLoss', 'jppfs_cor:ProvisionForLossOnLitigationEL']
[08:50:12] [XBRL] PL Attachment抽出成功: XBRLData/Attachment/0600000-qnpl12-tse-qnedjpfr-40260-2026-01-31-01-2026-03-11-ixbrl.htm
[08:50:12] [XBRL] Attachment補完: gross_profit=5972000000
[08:50:12] [XBRL] Attachment補完: cost_of_sales=14821000000
[08:50:12] [抽出] XBRL抽出成功: sales=20793000000, gp=5972000000, op=1895000000
[08:50:12] [INGEST] doc_id=7d732b5fcfb25f50 zip_hash=feb27f1bfc29467b0cb0c46a6b1f41e05c2a190cf045fed819e8bdc49ff8e789 status=success 4026 2026-04-30 3Q sales=20793000000 gp=5972000000 op=1895000000
[08:50:13] [v2] セグメント抽出成功: 10件, engine=v2, unit=百万円, profit_role=
[08:50:13] [SEGMENT] 4026 3Q I 前第: sales=3.0 profit=2024.0 (inserted)
[08:50:13] [SEGMENT] 4026 3Q 建材事業 化成品事業 計: sales=1.0 profit=2.0 (inserted)
[08:50:13] [SEGMENT] 4026 3Q 外部顧客への売上高: sales=11462.0 profit=9179.0 (inserted)
[08:50:13] [SEGMENT] 4026 3Q セグメント利益: sales=761.0 profit=1196.0 (inserted)
[08:50:13] [SEGMENT] 4026 3Q (注): sales=1.0 profit=None (inserted)
[08:50:13] [SEGMENT] 4026 3Q II 当第: sales=3.0 profit=2025.0 (inserted)
[08:50:13] [SEGMENT] 4026 3Q 建材事業 化成品事業 計: sales=1.0 profit=2.0 (updated)
[08:50:13] [SEGMENT] 4026 3Q 外部顧客への売上高: sales=11551.0 profit=9242.0 (updated)
[08:50:13] [SEGMENT] 4026 3Q セグメント利益: sales=1055.0 profit=1532.0 (updated)
[08:50:13] [SEGMENT] 4026 3Q (注): sales=1.0 profit=None (updated)
[08:50:14] [DL] 既にダウンロード済み: data\docs\140120260311579586.pdf
[08:50:14] [DL] 既にダウンロード済み: data\docs\081220260311579586.zip
[08:50:14] [抽出] XBRL抽出を試行: data\docs\081220260311579586.zip
[08:50:14] [XBRL] 未知の財務タグ検出: ['jppfs_cor:ElectronicallyRecordedMonetaryClaimsOperatingCA', 'jppfs_cor:IncomeTaxesPayable', 'jppfs_cor:ProvisionForLossOnConstructionContracts', 'jppfs_cor:ValuationDifferenceOnAvailableForSaleSecurities', 'tse-acedjpfr-68700:ProvisionForLossOnRelatedToProductRepairNCL']
[08:50:14] [XBRL] 未知の財務タグ検出: ['jppfs_cor:ProfitLossAttributableToOwnersOfParent']
[08:50:14] [XBRL] 未知の財務タグ検出: ['jppfs_cor:DividendsIncomeNOI', 'jppfs_cor:DividendsIncomeOfInsuranceNOI', 'jppfs_cor:ExtraordinaryIncome', 'jppfs_cor:ExtraordinaryLoss', 'jppfs_cor:ForeignExchangeLossesNOE', 'jppfs_cor:GainOnSalesOfInvestmentSecuritiesEI', 'jppfs_cor:IncomeBeforeIncomeTaxes', 'jppfs_cor:IncomeTaxes', 'jppfs_cor:IncomeTaxesCurrent', 'jppfs_cor:IncomeTaxesDeferred', 'jppfs_cor:InsuranceIncomeNOI', 'jppfs_cor:InterestIncomeNOI', 'jppfs_cor:NonOperatingExpenses', 'jppfs_cor:NonOperatingIncome', 'jppfs_cor:ProfitLoss', 'jppfs_cor:ProfitLossAttributableToOwnersOfParent', 'tse-acedjpfr-68700:ReversalOfProvisionForLossOnRelatedToProductRepairEI']
[08:50:14] [XBRL] ZIP内ファイルから抽出成功: XBRLData/Attachment/0102010-acpl01-tse-acedjpfr-68700-2025-12-31-01-2026-02-10-ixbrl.htm
[08:50:14] [抽出] XBRL抽出成功: sales=12909850000, gp=4162642000, op=1056697000
[08:50:14] [INGEST] doc_id=2f182a600930dfe6 zip_hash=92927852098bf2f1627c2340378cd351b979355b3f1e63afdacf8113dc5ac5be status=parse_failed reason=年度/Q不明: year=R7/12, q=
[08:50:14] [DL] 既にダウンロード済み: data\docs\140120260310579240.pdf
[08:50:14] [DL] 既にダウンロード済み: data\docs\081220260310579240.zip
[08:50:15] [抽出] XBRL抽出を試行: data\docs\081220260310579240.zip
[08:50:15] [XBRL] 未知の財務タグ検出: ['tse-ed-t:CashFlowsFromOperatingActivities', 'tse-ed-t:ChangeInComprehensiveIncome', 'tse-ed-t:ChangeInNetIncome', 'tse-ed-t:ChangeInNetSales', 'tse-ed-t:ChangeInOperatingIncome', 'tse-ed-t:ChangeInOrdinaryIncome', 'tse-ed-t:ChangeInProfitAttributableToOwnersOfParent', 'tse-ed-t:ComprehensiveIncome', 'tse-ed-t:DilutedNetIncomePerShare', 'tse-ed-t:InvestmentProfitLossOnEquityMethod', 'tse-ed-t:NetIncome', 'tse-ed-t:NetIncomePerShare', 'tse-ed-t:NetIncomeToShareholdersEquityRatio', 'tse-ed-t:OperatingIncomeToNetSalesRatio', 'tse-ed-t:OrdinaryIncomeToTotalAssetsRatio', 'tse-ed-t:ProfitAttributableToOwnersOfParent']
[08:50:15] [XBRL] Summary抽出成功: XBRLData/Summary/tse-acedjpsm-39210-20260311339210-ixbrl.htm
[08:50:15] [XBRL] Summary不足項目: ['gross_profit', 'cost_of_sales'], PL Attachment候補: 1
[08:50:15] [XBRL] 未知の財務タグ検出: ['jppfs_cor:ExtraordinaryIncome', 'jppfs_cor:ExtraordinaryLoss', 'jppfs_cor:GainOnSalesOfInvestmentSecuritiesEI', 'jppfs_cor:GainOnSalesOfSecuritiesNOI', 'jppfs_cor:IncomeBeforeIncomeTaxes', 'jppfs_cor:IncomeTaxes', 'jppfs_cor:IncomeTaxesCurrent', 'jppfs_cor:IncomeTaxesDeferred', 'jppfs_cor:InterestIncomeNOI', 'jppfs_cor:LossOnRetirementOfNoncurrentAssetsEL', 'jppfs_cor:NonOperatingExpenses', 'jppfs_cor:NonOperatingIncome', 'jppfs_cor:ProfitLoss', 'jppfs_cor:ProfitLossAttributableToOwnersOfParent', 'jppfs_cor:SubsidyIncomeNOIBounty', 'tse-acedjpfr-39210:LossOnExtinguishmentShareBasedCompensationExpensesNOE']
[08:50:15] [XBRL] PL Attachment抽出成功: XBRLData/Attachment/0301000-acpl01-tse-acedjpfr-39210-2026-01-31-01-2026-03-11-ixbrl.htm
[08:50:15] [XBRL] Attachment補完: gross_profit=4736696000
[08:50:15] [XBRL] Attachment補完: cost_of_sales=3493534000
[08:50:15] [抽出] XBRL抽出成功: sales=8230000000, gp=4736696000, op=2497000000
[08:50:15] [INGEST] doc_id=94917e404737d5a1 zip_hash=d1dbcc70b1ef7238b24a31f7fb88742841ff4242a0f7e8cb669794fffd099ebe status=parse_failed reason=年度/Q不明: year=R8/1, q=
[08:50:15] [DL] 既にダウンロード済み: data\docs\140120260213562293.pdf
[08:50:15] [DL] 既にダウンロード済み: data\docs\081220260213562293.zip
[08:50:15] [抽出] XBRL抽出を試行: data\docs\081220260213562293.zip
[08:50:15] [XBRL] 未知の財務タグ検出: ['tse-ed-t:ChangeInComprehensiveIncome', 'tse-ed-t:ChangeInNetSales', 'tse-ed-t:ChangeInOperatingIncome', 'tse-ed-t:ChangeInOrdinaryIncome', 'tse-ed-t:ChangeInProfitAttributableToOwnersOfParent', 'tse-ed-t:ComprehensiveIncome', 'tse-ed-t:DilutedNetIncomePerShare', 'tse-ed-t:NetIncomePerShare', 'tse-ed-t:ProfitAttributableToOwnersOfParent']
[08:50:15] [XBRL] Summary抽出成功: XBRLData/Summary/tse-scedjpsy-65770-20260311365770-ixbrl.htm
[08:50:15] [XBRL] Summary不足項目: ['gross_profit', 'cost_of_sales'], PL Attachment候補: 1
[08:50:15] [XBRL] 未知の財務タグ検出: ['jppfs_cor:DividendsIncomeNOI', 'jppfs_cor:ForeignExchangeLossesNOE', 'jppfs_cor:IncomeBeforeIncomeTaxes', 'jppfs_cor:IncomeTaxes', 'jppfs_cor:InterestIncomeNOI', 'jppfs_cor:LossOnInvestmentsInPartnershipNOE', 'jppfs_cor:NonOperatingExpenses', 'jppfs_cor:NonOperatingIncome', 'jppfs_cor:ProfitLoss', 'jppfs_cor:ProfitLossAttributableToOwnersOfParent', 'tse-scedjpfr-65770:IncomeFromPointCordNOI']
[08:50:15] [XBRL] PL Attachment抽出成功: XBRLData/Attachment/0600000-scpl15-tse-scedjpfr-65770-2026-01-31-01-2026-03-11-ixbrl.htm
[08:50:15] [XBRL] Attachment補完: gross_profit=260383000
[08:50:15] [XBRL] Attachment補完: cost_of_sales=769646000
[08:50:15] [抽出] XBRL抽出成功: sales=1035000000, gp=260383000, op=-18000000
[08:50:15] [INGEST] doc_id=202d007a6c328685 zip_hash=75840205770d676f73e794f1b2174fd9982dea2a03b6087713b20643077743cd status=success 6577 2026-07-31 2Q sales=1035000000 gp=260383000 op=-18000000
[08:50:15] [quarantine] 6577: orders_total: キーワード'受注額'はあるが合計行が見つからない (DB write skipped \u2014 persist OFF)
[08:50:15] [ORDER] 6577 quarantine: orders_total: キーワード'受注額'はあるが合計行が見つからない
[08:50:16] [v2] セグメント抽出成功: 17件, engine=v2, unit=千円, profit_role=
[08:50:16] [SEGMENT] 6577 2Q (自: sales=2.024 profit=None (inserted)
[08:50:16] [SEGMENT] 6577 2Q 売上高: sales=1030.029 profit=None (inserted)
[08:50:16] [SEGMENT] 6577 2Q 売上原価: sales=769.6460000000001 profit=None (inserted)
[08:50:16] [SEGMENT] 6577 2Q 売上総利益: sales=260.383 profit=None (inserted)
[08:50:16] [SEGMENT] 6577 2Q 販売費及び一般管理費: sales=211.169 profit=None (inserted)
[08:50:16] [SEGMENT] 6577 2Q 営業利益又は営業損失(: sales=49.214 profit=None (inserted)
[08:50:16] [SEGMENT] 6577 2Q 受取利息: sales=1.018 profit=None (inserted)
[08:50:16] [SEGMENT] 6577 2Q 為替差益: sales=9.127 profit=None (inserted)
[08:50:16] [SEGMENT] 6577 2Q 受取配当金: sales=0.0 profit=None (inserted)
[08:50:16] [SEGMENT] 6577 2Q ポイント収入額: sales=0.8200000000000001 profit=None (inserted)
[08:50:16] [SEGMENT] 6577 2Q 支払利息: sales=4.008 profit=None (inserted)
[08:50:16] [SEGMENT] 6577 2Q 為替差損: sales=6.046 profit=None (inserted)
[08:50:16] [SEGMENT] 6577 2Q 新株予約権発行費償却: sales=0.81 profit=None (inserted)
[08:50:16] [SEGMENT] 6577 2Q 投資事業組合運用損: sales=1.682 profit=None (inserted)
[08:50:16] [SEGMENT] 6577 2Q 経常利益又は経常損失(: sales=53.802 profit=None (inserted)
[08:50:16] [SEGMENT] 6577 2Q 法人税等: sales=18.181 profit=None (inserted)
[08:50:16] [SEGMENT] 6577 2Q 中間純利益又は中間純損失(: sales=35.621 profit=None (inserted)
[08:50:17] [DL] 既にダウンロード済み: data\docs\140120260311579623.pdf
[08:50:17] [抽出] SKIP_PDF_NOT_TANSHIN: title=2026年７月期第２四半期決算説明資料
[08:50:17] [INGEST] doc_id=acb48f46c19877be status=skipped_not_tanshin title=2026年７月期第２四半期決算説明資料
[08:50:17] [INGEST] run=ingest-9f7b9f07 processed=20 success=5 skipped=9 error=6 (tanshin=20) SKIP_NOT_TANSHIN_TITLE=9
[08:50:17] [filings_ingest] done total=20 success=0 errors=6
[08:50:18] [pipeline_run] finished: ingest status=done elapsed=15.0s id=11 processed=20 success=0 failed=0
[2026/03/12  8:50:18.27] Finished (exit=0) 
[2026/03/12  8:50:20.18] Starting ingest 
[08:50:20] [db] config: write_key_type=service_role read_key_type=service_role
[08:50:20] [pipeline_run] started: ingest (id=12, trigger=scheduler)
[08:50:20] [filings_ingest] start dry_run=False company_code=ALL
[08:50:20] [API] yanoshin.jp APIから取得中: https://webapi.yanoshin.jp/webapi/tdnet/list/today.json
[08:50:21] [API] detected_schema=items, raw_items_count=1
[08:50:21] [API] first_item_preview: id=6c60a4a84ad7..., pubdate=2026-03-12 08:30:00, title=（訂正）決算説明資料の一部訂正に関するおしらせ, code=7064
[08:50:21] [API] fetched_count=1
[08:50:21] [API] fetched_count=1, filtered_count=0, forecast_revision_count=0, financial_statement_count=0
[08:50:21] [API] new_count=0 already_processed=0 already_processed_financial_statement=0 new_financial_statement=0
[08:50:21] [INGEST] run=ingest-357fd859 new_items=0 target_statements=0 non_target=0 (forecast_revision=0, other=0)
[08:50:21] [INGEST] run=ingest-357fd859 processed=0 success=0 skipped=0 error=0 (tanshin=0)
[08:50:21] [filings_ingest] done total=0 success=0 errors=0
[08:50:21] [pipeline_run] finished: ingest status=done elapsed=0.5s id=12 processed=0 success=0 failed=0
[2026/03/12  8:50:21.27] Finished (exit=0) 
[2026/03/12  9:00:01.66] Starting ingest 
[09:00:01] [db] config: write_key_type=service_role read_key_type=service_role
[09:00:02] [pipeline_run] started: ingest (id=13, trigger=scheduler)
[09:00:03] [filings_ingest] start dry_run=False company_code=ALL
[09:00:03] [API] yanoshin.jp APIから取得中: https://webapi.yanoshin.jp/webapi/tdnet/list/today.json
[09:00:03] [API] detected_schema=items, raw_items_count=1
[09:00:03] [API] first_item_preview: id=6c60a4a84ad7..., pubdate=2026-03-12 08:30:00, title=（訂正）決算説明資料の一部訂正に関するおしらせ, code=7064
[09:00:03] [API] fetched_count=1
[09:00:03] [API] fetched_count=1, filtered_count=0, forecast_revision_count=0, financial_statement_count=0
[09:00:03] [API] new_count=0 already_processed=0 already_processed_financial_statement=0 new_financial_statement=0
[09:00:03] [INGEST] run=ingest-09550b46 new_items=0 target_statements=0 non_target=0 (forecast_revision=0, other=0)
[09:00:03] [INGEST] run=ingest-09550b46 processed=0 success=0 skipped=0 error=0 (tanshin=0)
[09:00:03] [filings_ingest] done total=0 success=0 errors=0
[09:00:03] [pipeline_run] finished: ingest status=done elapsed=1.0s id=13 processed=0 success=0 failed=0
[2026/03/12  9:00:03.77] Finished (exit=0) 
[2026/03/12  9:10:01.69] Starting ingest 
[09:10:01] [db] config: write_key_type=service_role read_key_type=service_role
[09:10:03] [pipeline_run] started: ingest (id=14, trigger=scheduler)
[09:10:03] [filings_ingest] start dry_run=False company_code=ALL
[09:10:03] [API] yanoshin.jp APIから取得中: https://webapi.yanoshin.jp/webapi/tdnet/list/today.json
[09:10:03] [API] detected_schema=items, raw_items_count=1
[09:10:03] [API] first_item_preview: id=6c60a4a84ad7..., pubdate=2026-03-12 08:30:00, title=（訂正）決算説明資料の一部訂正に関するおしらせ, code=7064
[09:10:03] [API] fetched_count=1
[09:10:03] [API] fetched_count=1, filtered_count=0, forecast_revision_count=0, financial_statement_count=0
[09:10:03] [API] new_count=0 already_processed=0 already_processed_financial_statement=0 new_financial_statement=0
[09:10:03] [INGEST] run=ingest-6676a70d new_items=0 target_statements=0 non_target=0 (forecast_revision=0, other=0)
[09:10:03] [INGEST] run=ingest-6676a70d processed=0 success=0 skipped=0 error=0 (tanshin=0)
[09:10:03] [filings_ingest] done total=0 success=0 errors=0
[09:10:03] [pipeline_run] finished: ingest status=done elapsed=0.6s id=14 processed=0 success=0 failed=0
[2026/03/12  9:10:03.75] Finished (exit=0) 
[2026/03/12  9:20:01.68] Starting ingest 
[09:20:01] [db] config: write_key_type=service_role read_key_type=service_role
[09:20:03] [pipeline_run] started: ingest (id=15, trigger=scheduler)
[09:20:03] [filings_ingest] start dry_run=False company_code=ALL
[09:20:03] [API] yanoshin.jp APIから取得中: https://webapi.yanoshin.jp/webapi/tdnet/list/today.json
[09:20:03] [API] detected_schema=items, raw_items_count=1
[09:20:03] [API] first_item_preview: id=6c60a4a84ad7..., pubdate=2026-03-12 08:30:00, title=（訂正）決算説明資料の一部訂正に関するおしらせ, code=7064
[09:20:03] [API] fetched_count=1
[09:20:03] [API] fetched_count=1, filtered_count=0, forecast_revision_count=0, financial_statement_count=0
[09:20:03] [API] new_count=0 already_processed=0 already_processed_financial_statement=0 new_financial_statement=0
[09:20:03] [INGEST] run=ingest-f5e38143 new_items=0 target_statements=0 non_target=0 (forecast_revision=0, other=0)
[09:20:03] [INGEST] run=ingest-f5e38143 processed=0 success=0 skipped=0 error=0 (tanshin=0)
[09:20:03] [filings_ingest] done total=0 success=0 errors=0
[09:20:03] [pipeline_run] finished: ingest status=done elapsed=0.7s id=15 processed=0 success=0 failed=0
[2026/03/12  9:20:03.63] Finished (exit=0) 
[2026/03/12  9:30:01.69] Starting ingest 
[09:30:01] [db] config: write_key_type=service_role read_key_type=service_role
[09:30:02] [pipeline_run] started: ingest (id=16, trigger=scheduler)
[09:30:03] [filings_ingest] start dry_run=False company_code=ALL
[09:30:03] [API] yanoshin.jp APIから取得中: https://webapi.yanoshin.jp/webapi/tdnet/list/today.json
[09:30:03] [API] detected_schema=items, raw_items_count=4
[09:30:03] [API] first_item_preview: id=99ffdda0f8a9..., pubdate=2026-03-12 09:00:00, title=米国子会社「Metaplanet Asset Management Inc.」設, code=3350
[09:30:03] [API] fetched_count=4
[09:30:03] [API] fetched_count=4, filtered_count=0, forecast_revision_count=0, financial_statement_count=0
[09:30:03] [API] new_count=0 already_processed=0 already_processed_financial_statement=0 new_financial_statement=0
[09:30:03] [INGEST] run=ingest-4174ba2b new_items=0 target_statements=0 non_target=0 (forecast_revision=0, other=0)
[09:30:03] [INGEST] run=ingest-4174ba2b processed=0 success=0 skipped=0 error=0 (tanshin=0)
[09:30:03] [filings_ingest] done total=0 success=0 errors=0
[09:30:03] [pipeline_run] finished: ingest status=done elapsed=0.7s id=16 processed=0 success=0 failed=0
[2026/03/12  9:30:03.53] Finished (exit=0) 
[2026/03/12  9:40:01.70] Starting ingest 
[09:40:01] [db] config: write_key_type=service_role read_key_type=service_role
[09:40:02] [pipeline_run] started: ingest (id=17, trigger=scheduler)
[09:40:02] [filings_ingest] start dry_run=False company_code=ALL
[09:40:02] [API] yanoshin.jp APIから取得中: https://webapi.yanoshin.jp/webapi/tdnet/list/today.json
[09:40:03] [API] detected_schema=items, raw_items_count=4
[09:40:03] [API] first_item_preview: id=99ffdda0f8a9..., pubdate=2026-03-12 09:00:00, title=米国子会社「Metaplanet Asset Management Inc.」設, code=3350
[09:40:03] [API] fetched_count=4
[09:40:03] [API] fetched_count=4, filtered_count=0, forecast_revision_count=0, financial_statement_count=0
[09:40:03] [API] new_count=0 already_processed=0 already_processed_financial_statement=0 new_financial_statement=0
[09:40:03] [INGEST] run=ingest-a04b7f8d new_items=0 target_statements=0 non_target=0 (forecast_revision=0, other=0)
[09:40:03] [INGEST] run=ingest-a04b7f8d processed=0 success=0 skipped=0 error=0 (tanshin=0)
[09:40:03] [filings_ingest] done total=0 success=0 errors=0
[09:40:03] [pipeline_run] finished: ingest status=done elapsed=0.6s id=17 processed=0 success=0 failed=0
[2026/03/12  9:40:03.41] Finished (exit=0) 
[2026/03/12  9:50:01.99] Starting ingest 
[09:50:02] [db] config: write_key_type=service_role read_key_type=service_role
[09:50:03] [pipeline_run] started: ingest (id=18, trigger=scheduler)
[09:50:03] [filings_ingest] start dry_run=False company_code=ALL
[09:50:03] [API] yanoshin.jp APIから取得中: https://webapi.yanoshin.jp/webapi/tdnet/list/today.json
[09:50:03] [API] detected_schema=items, raw_items_count=4
[09:50:03] [API] first_item_preview: id=99ffdda0f8a9..., pubdate=2026-03-12 09:00:00, title=米国子会社「Metaplanet Asset Management Inc.」設, code=3350
[09:50:03] [API] fetched_count=4
[09:50:03] [API] fetched_count=4, filtered_count=0, forecast_revision_count=0, financial_statement_count=0
[09:50:03] [API] new_count=0 already_processed=0 already_processed_financial_statement=0 new_financial_statement=0
[09:50:03] [INGEST] run=ingest-c01646da new_items=0 target_statements=0 non_target=0 (forecast_revision=0, other=0)
[09:50:03] [INGEST] run=ingest-c01646da processed=0 success=0 skipped=0 error=0 (tanshin=0)
[09:50:03] [filings_ingest] done total=0 success=0 errors=0
[09:50:03] [pipeline_run] finished: ingest status=done elapsed=0.7s id=18 processed=0 success=0 failed=0
[2026/03/12  9:50:03.81] Finished (exit=0) 
[2026/03/12 10:00:02.02] Starting ingest 
[10:00:02] [db] config: write_key_type=service_role read_key_type=service_role
[10:00:03] [pipeline_run] started: ingest (id=19, trigger=scheduler)
[10:00:03] [filings_ingest] start dry_run=False company_code=ALL
[10:00:03] [API] yanoshin.jp APIから取得中: https://webapi.yanoshin.jp/webapi/tdnet/list/today.json
[10:00:03] [API] detected_schema=items, raw_items_count=8
[10:00:03] [API] first_item_preview: id=e9f10c99f850..., pubdate=2026-03-12 09:40:00, title=上場ETF（管理会社：ブラックロック・ジャパン）に関する日々の開示事項, code=13294
[10:00:03] [API] fetched_count=8
[10:00:03] [API] skip_reason=instrument_excluded, code=13294, name=Ｅ－ブラックロック, title=上場ETF（管理会社：ブラックロック・ジャパン）に関する日々の開示事項
[10:00:03] [API] instrument_skipped_count=1
[10:00:03] [API] fetched_count=8, filtered_count=0, forecast_revision_count=0, financial_statement_count=0
[10:00:03] [API] new_count=0 already_processed=0 already_processed_financial_statement=0 new_financial_statement=0
[10:00:03] [INGEST] run=ingest-75e9cbce new_items=0 target_statements=0 non_target=0 (forecast_revision=0, other=0)
[10:00:03] [INGEST] run=ingest-75e9cbce processed=0 success=0 skipped=0 error=0 (tanshin=0)
[10:00:03] [filings_ingest] done total=0 success=0 errors=0
[10:00:03] [pipeline_run] finished: ingest status=done elapsed=0.7s id=19 processed=0 success=0 failed=0
[2026/03/12 10:00:03.80] Finished (exit=0) 
[2026/03/12 10:10:01.78] Starting ingest 
[10:10:01] [db] config: write_key_type=service_role read_key_type=service_role
[10:10:02] [pipeline_run] started: ingest (id=20, trigger=scheduler)
[10:10:03] [filings_ingest] start dry_run=False company_code=ALL
[10:10:03] [API] yanoshin.jp APIから取得中: https://webapi.yanoshin.jp/webapi/tdnet/list/today.json
[10:10:03] [API] detected_schema=items, raw_items_count=8
[10:10:03] [API] first_item_preview: id=e9f10c99f850..., pubdate=2026-03-12 09:40:00, title=上場ETF（管理会社：ブラックロック・ジャパン）に関する日々の開示事項, code=13294
[10:10:03] [API] fetched_count=8
[10:10:03] [API] skip_reason=instrument_excluded, code=13294, name=Ｅ－ブラックロック, title=上場ETF（管理会社：ブラックロック・ジャパン）に関する日々の開示事項
[10:10:03] [API] instrument_skipped_count=1
[10:10:03] [API] fetched_count=8, filtered_count=0, forecast_revision_count=0, financial_statement_count=0
[10:10:03] [API] new_count=0 already_processed=0 already_processed_financial_statement=0 new_financial_statement=0
[10:10:03] [INGEST] run=ingest-0faa025f new_items=0 target_statements=0 non_target=0 (forecast_revision=0, other=0)
[10:10:03] [INGEST] run=ingest-0faa025f processed=0 success=0 skipped=0 error=0 (tanshin=0)
[10:10:03] [filings_ingest] done total=0 success=0 errors=0
[10:10:03] [pipeline_run] finished: ingest status=done elapsed=0.6s id=20 processed=0 success=0 failed=0
[2026/03/12 10:10:03.48] Finished (exit=0) 
[2026/03/12 10:20:02.06] Starting ingest 
[10:20:02] [db] config: write_key_type=service_role read_key_type=service_role
[10:20:03] [pipeline_run] started: ingest (id=21, trigger=scheduler)
[10:20:03] [filings_ingest] start dry_run=False company_code=ALL
[10:20:03] [API] yanoshin.jp APIから取得中: https://webapi.yanoshin.jp/webapi/tdnet/list/today.json
[10:20:03] [API] detected_schema=items, raw_items_count=11
[10:20:03] [API] first_item_preview: id=11d5ec1a91cc..., pubdate=2026-03-12 10:00:00, title=上場ＥＴＦ(管理会社：シンプレクス・アセット・マネジメント)に関する日々の開示事, code=16714
[10:20:03] [API] fetched_count=11
[10:20:03] [API] skip_reason=instrument_excluded, code=16714, name=Ｅ－シンプレクス, title=上場ＥＴＦ(管理会社：シンプレクス・アセット・マネジメント)に関する日々の開示事項
[10:20:03] [API] skip_reason=instrument_excluded, code=13294, name=Ｅ－ブラックロック, title=上場ETF（管理会社：ブラックロック・ジャパン）に関する日々の開示事項
[10:20:03] [API] instrument_skipped_count=2
[10:20:03] [API] fetched_count=11, filtered_count=0, forecast_revision_count=0, financial_statement_count=0
[10:20:03] [API] new_count=0 already_processed=0 already_processed_financial_statement=0 new_financial_statement=0
[10:20:03] [INGEST] run=ingest-719244b1 new_items=0 target_statements=0 non_target=0 (forecast_revision=0, other=0)
[10:20:03] [INGEST] run=ingest-719244b1 processed=0 success=0 skipped=0 error=0 (tanshin=0)
[10:20:03] [filings_ingest] done total=0 success=0 errors=0
[10:20:03] [pipeline_run] finished: ingest status=done elapsed=0.7s id=21 processed=0 success=0 failed=0
[2026/03/12 10:20:03.76] Finished (exit=0) 
[2026/03/12 10:30:01.77] Starting ingest 
[10:30:01] [db] config: write_key_type=service_role read_key_type=service_role
[10:30:02] [pipeline_run] started: ingest (id=22, trigger=scheduler)
[2026/03/12 10:40:01.78] Starting ingest 
[10:40:01] [db] config: write_key_type=service_role read_key_type=service_role
[10:40:02] [pipeline_run] concurrent run detected: ingest (id=22). Skipping.
[10:40:02] [PIPELINE] concurrent run detected for ingest, skipping
[2026/03/12 10:40:02.86] Finished (exit=0) 
[2026/03/12 10:50:01.83] Starting ingest 
[10:50:01] [db] config: write_key_type=service_role read_key_type=service_role
[10:50:02] [pipeline_run] concurrent run detected: ingest (id=22). Skipping.
[10:50:02] [PIPELINE] concurrent run detected for ingest, skipping
[2026/03/12 10:50:02.97] Finished (exit=0) 
[2026/03/12 11:00:01.80] Starting ingest 
[11:00:01] [db] config: write_key_type=service_role read_key_type=service_role
[11:00:02] [pipeline_run] concurrent run detected: ingest (id=22). Skipping.
[11:00:02] [PIPELINE] concurrent run detected for ingest, skipping
[2026/03/12 11:00:02.94] Finished (exit=0) 
[2026/03/12 11:10:01.80] Starting ingest 
[11:10:01] [db] config: write_key_type=service_role read_key_type=service_role
[11:10:02] [pipeline_run] concurrent run detected: ingest (id=22). Skipping.
[11:10:02] [PIPELINE] concurrent run detected for ingest, skipping
[2026/03/12 11:10:02.79] Finished (exit=0) 
[2026/03/12 11:20:01.81] Starting ingest 
[11:20:01] [db] config: write_key_type=service_role read_key_type=service_role
[11:20:02] [pipeline_run] concurrent run detected: ingest (id=22). Skipping.
[11:20:02] [PIPELINE] concurrent run detected for ingest, skipping
[2026/03/12 11:20:02.67] Finished (exit=0) 
[2026/03/12 11:30:01.82] Starting ingest 
[11:30:01] [db] config: write_key_type=service_role read_key_type=service_role
[11:30:02] [pipeline_run] concurrent run detected: ingest (id=22). Skipping.
[11:30:02] [PIPELINE] concurrent run detected for ingest, skipping
[2026/03/12 11:30:02.28] Finished (exit=0) 
[2026/03/12 11:40:01.84] Starting ingest 
[11:40:01] [db] config: write_key_type=service_role read_key_type=service_role
[11:40:02] [pipeline_run] started: ingest (id=23, trigger=scheduler)
[11:40:03] [filings_ingest] start dry_run=False company_code=ALL
[11:40:03] [API] yanoshin.jp APIから取得中: https://webapi.yanoshin.jp/webapi/tdnet/list/today.json
[11:40:03] [API] detected_schema=items, raw_items_count=17
[11:40:03] [API] first_item_preview: id=b148bf51cdf2..., pubdate=2026-03-12 11:00:00, title=上場投資信託（ETF）の投資信託約款変更のお知らせ, code=2628
[11:40:03] [API] fetched_count=17
[11:40:03] [API] skip_reason=instrument_excluded, code=2628, name=ｉＦ中国科創板５０, title=上場投資信託（ETF）の投資信託約款変更のお知らせ
[11:40:03] [API] skip_reason=instrument_excluded, code=2629, name=ｉＦ中国ＧＢＡ１００, title=上場投資信託（ETF）の投資信託約款変更のお知らせ
[11:40:03] [API] skip_reason=instrument_excluded, code=16724, name=Ｅ－ＷｉｓｄｏｍＴｒ, title=上場ETF（管理会社：WisdomTree、外国投資法人：MSL）に関する日々の開示事項　
[11:40:03] [API] skip_reason=instrument_excluded, code=16724, name=Ｅ－ＷｉｓｄｏｍＴｒ, title=上場ETF（管理会社：WisdomTree、外国投資法人：CSL）に関する日々の開示事項　
[11:40:03] [API] skip_reason=instrument_excluded, code=16714, name=Ｅ－シンプレクス, title=上場ＥＴＦ(管理会社：シンプレクス・アセット・マネジメント)に関する日々の開示事項
[11:40:03] [API] skip_reason=instrument_excluded, code=13294, name=Ｅ－ブラックロック, title=上場ETF（管理会社：ブラックロック・ジャパン）に関する日々の開示事項
[11:40:03] [API] instrument_skipped_count=6
[11:40:03] [API] fetched_count=17, filtered_count=0, forecast_revision_count=0, financial_statement_count=0
[11:40:03] [API] new_count=0 already_processed=0 already_processed_financial_statement=0 new_financial_statement=0
[11:40:03] [INGEST] run=ingest-8859e1fb new_items=0 target_statements=0 non_target=0 (forecast_revision=0, other=0)
[11:40:03] [INGEST] run=ingest-8859e1fb processed=0 success=0 skipped=0 error=0 (tanshin=0)
[11:40:03] [filings_ingest] done total=0 success=0 errors=0
[11:40:03] [pipeline_run] finished: ingest status=done elapsed=0.6s id=23 processed=0 success=0 failed=0
[2026/03/12 11:40:03.49] Finished (exit=0) 
[2026/03/12 11:50:02.75] Starting ingest 
[11:50:03] [db] config: write_key_type=service_role read_key_type=service_role
[11:50:04] [pipeline_run] started: ingest (id=24, trigger=scheduler)
[11:50:04] [filings_ingest] start dry_run=False company_code=ALL
[11:50:04] [API] yanoshin.jp APIから取得中: https://webapi.yanoshin.jp/webapi/tdnet/list/today.json
[11:50:05] [API] detected_schema=items, raw_items_count=17
[11:50:05] [API] first_item_preview: id=b148bf51cdf2..., pubdate=2026-03-12 11:00:00, title=上場投資信託（ETF）の投資信託約款変更のお知らせ, code=2628
[11:50:05] [API] fetched_count=17
[11:50:05] [API] skip_reason=instrument_excluded, code=2628, name=ｉＦ中国科創板５０, title=上場投資信託（ETF）の投資信託約款変更のお知らせ
[11:50:05] [API] skip_reason=instrument_excluded, code=2629, name=ｉＦ中国ＧＢＡ１００, title=上場投資信託（ETF）の投資信託約款変更のお知らせ
[11:50:05] [API] skip_reason=instrument_excluded, code=16724, name=Ｅ－ＷｉｓｄｏｍＴｒ, title=上場ETF（管理会社：WisdomTree、外国投資法人：MSL）に関する日々の開示事項　
[11:50:05] [API] skip_reason=instrument_excluded, code=16724, name=Ｅ－ＷｉｓｄｏｍＴｒ, title=上場ETF（管理会社：WisdomTree、外国投資法人：CSL）に関する日々の開示事項　
[11:50:05] [API] skip_reason=instrument_excluded, code=16714, name=Ｅ－シンプレクス, title=上場ＥＴＦ(管理会社：シンプレクス・アセット・マネジメント)に関する日々の開示事項
[11:50:05] [API] skip_reason=instrument_excluded, code=13294, name=Ｅ－ブラックロック, title=上場ETF（管理会社：ブラックロック・ジャパン）に関する日々の開示事項
[11:50:05] [API] instrument_skipped_count=6
[11:50:05] [API] fetched_count=17, filtered_count=0, forecast_revision_count=0, financial_statement_count=0
[11:50:05] [API] new_count=0 already_processed=0 already_processed_financial_statement=0 new_financial_statement=0
[11:50:05] [INGEST] run=ingest-9afdc116 new_items=0 target_statements=0 non_target=0 (forecast_revision=0, other=0)
[11:50:05] [INGEST] run=ingest-9afdc116 processed=0 success=0 skipped=0 error=0 (tanshin=0)
[11:50:05] [filings_ingest] done total=0 success=0 errors=0
[11:50:05] [pipeline_run] finished: ingest status=done elapsed=0.8s id=24 processed=0 success=0 failed=0
[2026/03/12 11:50:05.37] Finished (exit=0) 
[2026/03/12 12:00:01.87] Starting ingest 
[12:00:01] [db] config: write_key_type=service_role read_key_type=service_role
[12:00:03] [pipeline_run] started: ingest (id=25, trigger=scheduler)
[12:00:03] [filings_ingest] start dry_run=False company_code=ALL
[12:00:03] [API] yanoshin.jp APIから取得中: https://webapi.yanoshin.jp/webapi/tdnet/list/today.json
[12:00:03] [API] detected_schema=items, raw_items_count=23
[12:00:03] [API] first_item_preview: id=a235ccd8b2cf..., pubdate=2026-03-12 11:50:00, title=アジア国債・公債ＥＴＦ（正式名称：ＡＢＦ汎アジア債券インデックス・ファンド）に関, code=13494
[12:00:03] [API] fetched_count=23
[12:00:03] [API] skip_reason=instrument_excluded, code=13494, name=Ｅ－ＳＳＧＡ－ＳＩＮ, title=アジア国債・公債ＥＴＦ（正式名称：ＡＢＦ汎アジア債券インデックス・ファンド）に関する日々の開示事項
[12:00:03] [API] skip_reason=instrument_excluded, code=15574, name=Ｅ－ＳＳＧＡＴＣ, title=State Street SPDR S&amp;P500 ETFに関する日々の開示事項
[12:00:03] [API] skip_reason=instrument_excluded, code=20704, name=Ｎ－三菱ＵＦＪ証ＨＤ, title=上場ETN（発行者：三菱UFJ証券ホールディングス株式会社）に関する日々の開示事項
[12:00:03] [API] skip_reason=instrument_excluded, code=2628, name=ｉＦ中国科創板５０, title=上場投資信託（ETF）の投資信託約款変更のお知らせ
[12:00:03] [API] skip_reason=instrument_excluded, code=2629, name=ｉＦ中国ＧＢＡ１００, title=上場投資信託（ETF）の投資信託約款変更のお知らせ
[12:00:03] [API] skip_reason=instrument_excluded, code=16724, name=Ｅ－ＷｉｓｄｏｍＴｒ, title=上場ETF（管理会社：WisdomTree、外国投資法人：MSL）に関する日々の開示事項　
[12:00:03] [API] skip_reason=instrument_excluded, code=16724, name=Ｅ－ＷｉｓｄｏｍＴｒ, title=上場ETF（管理会社：WisdomTree、外国投資法人：CSL）に関する日々の開示事項　
[12:00:03] [API] skip_reason=instrument_excluded, code=16714, name=Ｅ－シンプレクス, title=上場ＥＴＦ(管理会社：シンプレクス・アセット・マネジメント)に関する日々の開示事項
[12:00:03] [API] skip_reason=instrument_excluded, code=13294, name=Ｅ－ブラックロック, title=上場ETF（管理会社：ブラックロック・ジャパン）に関する日々の開示事項
[12:00:03] [API] instrument_skipped_count=9
[12:00:03] [API] fetched_count=23, filtered_count=0, forecast_revision_count=0, financial_statement_count=0
[12:00:03] [API] new_count=0 already_processed=0 already_processed_financial_statement=0 new_financial_statement=0
[12:00:03] [INGEST] run=ingest-84bfec8f new_items=0 target_statements=0 non_target=0 (forecast_revision=0, other=0)
[12:00:03] [INGEST] run=ingest-84bfec8f processed=0 success=0 skipped=0 error=0 (tanshin=0)
[12:00:03] [filings_ingest] done total=0 success=0 errors=0
[12:00:03] [pipeline_run] finished: ingest status=done elapsed=0.7s id=25 processed=0 success=0 failed=0
[2026/03/12 12:00:03.79] Finished (exit=0) 
[2026/03/12 12:10:01.94] Starting ingest 
[12:10:02] [db] config: write_key_type=service_role read_key_type=service_role
[12:10:03] [pipeline_run] started: ingest (id=26, trigger=scheduler)
[12:10:03] [filings_ingest] start dry_run=False company_code=ALL
[12:10:03] [API] yanoshin.jp APIから取得中: https://webapi.yanoshin.jp/webapi/tdnet/list/today.json
[12:10:04] [API] detected_schema=items, raw_items_count=31
[12:10:04] [API] first_item_preview: id=3d61bb8f0199..., pubdate=2026-03-12 12:00:00, title=当社執行役員に対する譲渡制限付株式報酬としての自己株式の処分の払込完了に関するお, code=2124
[12:10:04] [API] fetched_count=31
[12:10:04] [API] skip_reason=instrument_excluded, code=13494, name=Ｅ－ＳＳＧＡ－ＳＩＮ, title=アジア国債・公債ＥＴＦ（正式名称：ＡＢＦ汎アジア債券インデックス・ファンド）に関する日々の開示事項
[12:10:04] [API] skip_reason=instrument_excluded, code=15574, name=Ｅ－ＳＳＧＡＴＣ, title=State Street SPDR S&amp;P500 ETFに関する日々の開示事項
[12:10:04] [API] skip_reason=instrument_excluded, code=20704, name=Ｎ－三菱ＵＦＪ証ＨＤ, title=上場ETN（発行者：三菱UFJ証券ホールディングス株式会社）に関する日々の開示事項
[12:10:04] [API] skip_reason=instrument_excluded, code=2628, name=ｉＦ中国科創板５０, title=上場投資信託（ETF）の投資信託約款変更のお知らせ
[12:10:04] [API] skip_reason=instrument_excluded, code=2629, name=ｉＦ中国ＧＢＡ１００, title=上場投資信託（ETF）の投資信託約款変更のお知らせ
[12:10:04] [API] skip_reason=instrument_excluded, code=16724, name=Ｅ－ＷｉｓｄｏｍＴｒ, title=上場ETF（管理会社：WisdomTree、外国投資法人：MSL）に関する日々の開示事項　
[12:10:04] [API] skip_reason=instrument_excluded, code=16724, name=Ｅ－ＷｉｓｄｏｍＴｒ, title=上場ETF（管理会社：WisdomTree、外国投資法人：CSL）に関する日々の開示事項　
[12:10:04] [API] skip_reason=instrument_excluded, code=16714, name=Ｅ－シンプレクス, title=上場ＥＴＦ(管理会社：シンプレクス・アセット・マネジメント)に関する日々の開示事項
[12:10:04] [API] skip_reason=instrument_excluded, code=13294, name=Ｅ－ブラックロック, title=上場ETF（管理会社：ブラックロック・ジャパン）に関する日々の開示事項
[12:10:04] [API] instrument_skipped_count=9
[12:10:04] [API] fetched_count=31, filtered_count=4, forecast_revision_count=0, financial_statement_count=4
[12:10:04] [API] new_count=4 already_processed=0 already_processed_financial_statement=0 new_financial_statement=4
[12:10:04] [INGEST] run=ingest-f42ee493 new_items=4 target_statements=4 non_target=0 (forecast_revision=0, other=0)
[12:10:04] [DL] ダウンロード中: https://webapi.yanoshin.jp/rd.php?https://www.release.tdnet.info/inbs/140120260310579106.pdf
[12:10:05] [DL] 保存完了: data\docs\140120260310579106.pdf (411.9KB)
[12:10:05] [DL] ダウンロード中: https://webapi.yanoshin.jp/rd.php?https://www.release.tdnet.info/inbs/081220260310579106.zip
[12:10:05] [DL] 保存完了: data\docs\081220260310579106.zip (70.0KB)
[12:10:05] [抽出] XBRL抽出を試行: data\docs\081220260310579106.zip
[12:10:05] [XBRL] 未知の財務タグ検出: ['tse-ed-t:ChangeInComprehensiveIncome', 'tse-ed-t:ChangeInNetSales', 'tse-ed-t:ChangeInOperatingIncome', 'tse-ed-t:ChangeInOrdinaryIncome', 'tse-ed-t:ChangeInProfitAttributableToOwnersOfParent', 'tse-ed-t:ComprehensiveIncome', 'tse-ed-t:DilutedNetIncomePerShare', 'tse-ed-t:NetIncomePerShare', 'tse-ed-t:ProfitAttributableToOwnersOfParent']
[12:10:05] [XBRL] Summary抽出成功: XBRLData/Summary/tse-scedjpsy-65350-20260312365350-ixbrl.htm
[12:10:05] [XBRL] Summary不足項目: ['gross_profit', 'cost_of_sales'], PL Attachment候補: 1
[12:10:05] [XBRL] 未知の財務タグ検出: ['jppfs_cor:ExtraordinaryLoss', 'jppfs_cor:IncomeBeforeIncomeTaxes', 'jppfs_cor:IncomeTaxes', 'jppfs_cor:IncomeTaxesCurrent', 'jppfs_cor:IncomeTaxesDeferred', 'jppfs_cor:InterestIncomeNOI', 'jppfs_cor:NonOperatingExpenses', 'jppfs_cor:NonOperatingIncome', 'jppfs_cor:ProfitLoss', 'jppfs_cor:ProfitLossAttributableToOwnersOfParent']
[12:10:05] [XBRL] PL Attachment抽出成功: XBRLData/Attachment/0600000-scpl15-tse-scedjpfr-65350-2026-01-31-01-2026-03-12-ixbrl.htm
[12:10:05] [XBRL] Attachment補完: gross_profit=16376000000
[12:10:05] [XBRL] Attachment補完: cost_of_sales=21000000
[12:10:05] [抽出] XBRL抽出成功: sales=16826000000, gp=16376000000, op=2875000000
[12:10:05] [INGEST] doc_id=440ba7b8dc0fa758 zip_hash=77bc7e4f957fdd927c802e5f75bd50cb696d23a299bc48ddd2a85561437af051 status=success 6535 2026-07-31 2Q sales=16826000000 gp=16376000000 op=2875000000
[12:10:08] [v2] セグメント抽出成功: 6件, engine=v2, unit=百万円, profit_role=
[12:10:08] [SEGMENT] 6535 2Q I.前中間連結会計期間(自: sales=2024.0 profit=8.0 (inserted)
[12:10:08] [SEGMENT] 6535 2Q コンシューマ インターネット: sales=1.0 profit=2.0 (inserted)
[12:10:08] [SEGMENT] 6535 2Q 一時点で移転される財: sales=25.0 profit=0.0 (inserted)
[12:10:08] [SEGMENT] 6535 2Q 外部顧客への売上高: sales=15133.0 profit=1239.0 (inserted)
[12:10:08] [SEGMENT] 6535 2Q セグメント利益: sales=3736.0 profit=77.0 (inserted)
[12:10:08] [SEGMENT] 6535 2Q (注): sales=1.0 profit=24.0 (inserted)
[12:10:09] [DL] ダウンロード中: https://webapi.yanoshin.jp/rd.php?https://www.release.tdnet.info/inbs/140120260311579677.pdf
[12:10:10] [DL] 保存完了: data\docs\140120260311579677.pdf (4371.5KB)
[12:10:10] [抽出] SKIP_PDF_NOT_TANSHIN: title=2026年７月期 第２四半期決算説明資料
[12:10:10] [INGEST] doc_id=f47cea3ce6a2cd77 status=skipped_not_tanshin title=2026年７月期 第２四半期決算説明資料
[12:10:10] [DL] ダウンロード中: https://webapi.yanoshin.jp/rd.php?https://www.release.tdnet.info/inbs/140120260312579392.pdf
[12:10:11] [DL] 保存完了: data\docs\140120260312579392.pdf (650.1KB)
[12:10:11] [DL] ダウンロード中: https://webapi.yanoshin.jp/rd.php?https://www.release.tdnet.info/inbs/081220260312579392.zip
[12:10:11] [DL] 保存完了: data\docs\081220260312579392.zip (79.1KB)
[12:10:11] [抽出] XBRL抽出を試行: data\docs\081220260312579392.zip
[12:10:11] [XBRL] 未知の財務タグ検出: ['tse-ed-t:CashFlowsFromOperatingActivities', 'tse-ed-t:ChangeInComprehensiveIncome', 'tse-ed-t:ChangeInNetIncome', 'tse-ed-t:ChangeInNetSales', 'tse-ed-t:ChangeInOperatingIncome', 'tse-ed-t:ChangeInOrdinaryIncome', 'tse-ed-t:ChangeInProfitAttributableToOwnersOfParent', 'tse-ed-t:ComprehensiveIncome', 'tse-ed-t:DilutedNetIncomePerShare', 'tse-ed-t:InvestmentProfitLossOnEquityMethod', 'tse-ed-t:NetIncome', 'tse-ed-t:NetIncomePerShare', 'tse-ed-t:NetIncomeToShareholdersEquityRatio', 'tse-ed-t:OperatingIncomeToNetSalesRatio', 'tse-ed-t:OrdinaryIncomeToTotalAssetsRatio', 'tse-ed-t:ProfitAttributableToOwnersOfParent']
[12:10:11] [XBRL] Summary抽出成功: XBRLData/Summary/tse-acedjpsm-66960-20260312366960-ixbrl.htm
[12:10:11] [XBRL] Summary不足項目: ['gross_profit', 'cost_of_sales'], PL Attachment候補: 1
[12:10:11] [XBRL] 未知の財務タグ検出: ['jppfs_cor:ExtraordinaryLoss', 'jppfs_cor:ImpairmentLossEL', 'jppfs_cor:IncomeBeforeIncomeTaxes', 'jppfs_cor:IncomeTaxes', 'jppfs_cor:IncomeTaxesCurrent', 'jppfs_cor:InterestIncomeNOI', 'jppfs_cor:LossOnRetirementOfNoncurrentAssetsEL', 'jppfs_cor:NonOperatingExpenses', 'jppfs_cor:NonOperatingIncome', 'jppfs_cor:ProfitLoss', 'jppfs_cor:ProfitLossAttributableToOwnersOfParent']
[12:10:11] [XBRL] PL Attachment抽出成功: XBRLData/Attachment/0301000-acpl01-tse-acedjpfr-66960-2026-01-31-01-2026-03-12-ixbrl.htm
[12:10:11] [XBRL] Attachment補完: gross_profit=222103000
[12:10:11] [XBRL] Attachment補完: cost_of_sales=263838000
[12:10:11] [抽出] XBRL抽出成功: sales=485000000, gp=222103000, op=-36000000
[12:10:11] [INGEST] doc_id=49c338500223c285 zip_hash=ec9ae19618c629dd581efe2a4499bc0a334b6e58c4797e8c2551f552169d1898 status=parse_failed reason=年度/Q不明: year=R8/1, q=
[12:10:11] [DL] ダウンロード中: https://webapi.yanoshin.jp/rd.php?https://www.release.tdnet.info/inbs/140120260312580388.pdf
[12:10:12] [DL] 保存完了: data\docs\140120260312580388.pdf (4028.5KB)
[12:10:12] [抽出] SKIP_PDF_NOT_TANSHIN: title=2026年１月期 通期決算説明資料
[12:10:12] [INGEST] doc_id=182601b5441f1a80 status=skipped_not_tanshin title=2026年１月期 通期決算説明資料
[12:10:12] [INGEST] run=ingest-f42ee493 processed=4 success=1 skipped=2 error=1 (tanshin=4) SKIP_NOT_TANSHIN_TITLE=2
[12:10:12] [filings_ingest] done total=4 success=0 errors=1
[12:10:12] [pipeline_run] finished: ingest status=done elapsed=9.3s id=26 processed=4 success=0 failed=0
[2026/03/12 12:10:12.65] Finished (exit=0) 
[2026/03/12 12:20:01.91] Starting ingest 
[12:20:02] [db] config: write_key_type=service_role read_key_type=service_role
[12:20:03] [pipeline_run] started: ingest (id=27, trigger=scheduler)
[12:20:03] [filings_ingest] start dry_run=False company_code=ALL
[12:20:03] [API] yanoshin.jp APIから取得中: https://webapi.yanoshin.jp/webapi/tdnet/list/today.json
[12:20:03] [API] detected_schema=items, raw_items_count=31
[12:20:03] [API] first_item_preview: id=3d61bb8f0199..., pubdate=2026-03-12 12:00:00, title=当社執行役員に対する譲渡制限付株式報酬としての自己株式の処分の払込完了に関するお, code=2124
[12:20:03] [API] fetched_count=31
[12:20:03] [API] skip_reason=instrument_excluded, code=13494, name=Ｅ－ＳＳＧＡ－ＳＩＮ, title=アジア国債・公債ＥＴＦ（正式名称：ＡＢＦ汎アジア債券インデックス・ファンド）に関する日々の開示事項
[12:20:03] [API] skip_reason=instrument_excluded, code=15574, name=Ｅ－ＳＳＧＡＴＣ, title=State Street SPDR S&amp;P500 ETFに関する日々の開示事項
[12:20:03] [API] skip_reason=instrument_excluded, code=20704, name=Ｎ－三菱ＵＦＪ証ＨＤ, title=上場ETN（発行者：三菱UFJ証券ホールディングス株式会社）に関する日々の開示事項
[12:20:03] [API] skip_reason=instrument_excluded, code=2628, name=ｉＦ中国科創板５０, title=上場投資信託（ETF）の投資信託約款変更のお知らせ
[12:20:03] [API] skip_reason=instrument_excluded, code=2629, name=ｉＦ中国ＧＢＡ１００, title=上場投資信託（ETF）の投資信託約款変更のお知らせ
[12:20:03] [API] skip_reason=instrument_excluded, code=16724, name=Ｅ－ＷｉｓｄｏｍＴｒ, title=上場ETF（管理会社：WisdomTree、外国投資法人：MSL）に関する日々の開示事項　
[12:20:03] [API] skip_reason=instrument_excluded, code=16724, name=Ｅ－ＷｉｓｄｏｍＴｒ, title=上場ETF（管理会社：WisdomTree、外国投資法人：CSL）に関する日々の開示事項　
[12:20:03] [API] skip_reason=instrument_excluded, code=16714, name=Ｅ－シンプレクス, title=上場ＥＴＦ(管理会社：シンプレクス・アセット・マネジメント)に関する日々の開示事項
[12:20:03] [API] skip_reason=instrument_excluded, code=13294, name=Ｅ－ブラックロック, title=上場ETF（管理会社：ブラックロック・ジャパン）に関する日々の開示事項
[12:20:03] [API] instrument_skipped_count=9
[12:20:03] [API] fetched_count=31, filtered_count=4, forecast_revision_count=0, financial_statement_count=4
[12:20:03] [API] new_count=2 already_processed=2 already_processed_financial_statement=2 new_financial_statement=2
[12:20:03] [API] already_processed_tickers=6535,6696
[12:20:03] [INGEST] run=ingest-f30e785b new_items=2 target_statements=2 non_target=0 (forecast_revision=0, other=0)
[12:20:03] [DL] 既にダウンロード済み: data\docs\140120260311579677.pdf
[12:20:03] [抽出] SKIP_PDF_NOT_TANSHIN: title=2026年７月期 第２四半期決算説明資料
[12:20:03] [INGEST] doc_id=f47cea3ce6a2cd77 status=skipped_not_tanshin title=2026年７月期 第２四半期決算説明資料
[12:20:03] [DL] 既にダウンロード済み: data\docs\140120260312580388.pdf
[12:20:03] [抽出] SKIP_PDF_NOT_TANSHIN: title=2026年１月期 通期決算説明資料
[12:20:03] [INGEST] doc_id=182601b5441f1a80 status=skipped_not_tanshin title=2026年１月期 通期決算説明資料
[12:20:03] [INGEST] run=ingest-f30e785b processed=2 success=0 skipped=2 error=0 (tanshin=2) SKIP_NOT_TANSHIN_TITLE=2
[12:20:03] [filings_ingest] done total=2 success=0 errors=0
[12:20:03] [pipeline_run] finished: ingest status=done elapsed=0.9s id=27 processed=2 success=0 failed=0
[2026/03/12 12:20:04.00] Finished (exit=0) 
[2026/03/12 12:30:02.04] Starting ingest 
[12:30:02] [db] config: write_key_type=service_role read_key_type=service_role
[12:30:03] [pipeline_run] started: ingest (id=28, trigger=scheduler)
[12:30:03] [filings_ingest] start dry_run=False company_code=ALL
[12:30:03] [API] yanoshin.jp APIから取得中: https://webapi.yanoshin.jp/webapi/tdnet/list/today.json
[12:30:03] [API] detected_schema=items, raw_items_count=31
[12:30:03] [API] first_item_preview: id=3d61bb8f0199..., pubdate=2026-03-12 12:00:00, title=当社執行役員に対する譲渡制限付株式報酬としての自己株式の処分の払込完了に関するお, code=2124
[12:30:03] [API] fetched_count=31
[12:30:03] [API] skip_reason=instrument_excluded, code=13494, name=Ｅ－ＳＳＧＡ－ＳＩＮ, title=アジア国債・公債ＥＴＦ（正式名称：ＡＢＦ汎アジア債券インデックス・ファンド）に関する日々の開示事項
[12:30:03] [API] skip_reason=instrument_excluded, code=15574, name=Ｅ－ＳＳＧＡＴＣ, title=State Street SPDR S&amp;P500 ETFに関する日々の開示事項
[12:30:03] [API] skip_reason=instrument_excluded, code=20704, name=Ｎ－三菱ＵＦＪ証ＨＤ, title=上場ETN（発行者：三菱UFJ証券ホールディングス株式会社）に関する日々の開示事項
[12:30:03] [API] skip_reason=instrument_excluded, code=2628, name=ｉＦ中国科創板５０, title=上場投資信託（ETF）の投資信託約款変更のお知らせ
[12:30:03] [API] skip_reason=instrument_excluded, code=2629, name=ｉＦ中国ＧＢＡ１００, title=上場投資信託（ETF）の投資信託約款変更のお知らせ
[12:30:03] [API] skip_reason=instrument_excluded, code=16724, name=Ｅ－ＷｉｓｄｏｍＴｒ, title=上場ETF（管理会社：WisdomTree、外国投資法人：MSL）に関する日々の開示事項　
[12:30:03] [API] skip_reason=instrument_excluded, code=16724, name=Ｅ－ＷｉｓｄｏｍＴｒ, title=上場ETF（管理会社：WisdomTree、外国投資法人：CSL）に関する日々の開示事項　
[12:30:03] [API] skip_reason=instrument_excluded, code=16714, name=Ｅ－シンプレクス, title=上場ＥＴＦ(管理会社：シンプレクス・アセット・マネジメント)に関する日々の開示事項
[12:30:03] [API] skip_reason=instrument_excluded, code=13294, name=Ｅ－ブラックロック, title=上場ETF（管理会社：ブラックロック・ジャパン）に関する日々の開示事項
[12:30:03] [API] instrument_skipped_count=9
[12:30:03] [API] fetched_count=31, filtered_count=4, forecast_revision_count=0, financial_statement_count=4
[12:30:03] [API] new_count=2 already_processed=2 already_processed_financial_statement=2 new_financial_statement=2
[12:30:03] [API] already_processed_tickers=6535,6696
[12:30:03] [INGEST] run=ingest-69b7b98f new_items=2 target_statements=2 non_target=0 (forecast_revision=0, other=0)
[12:30:03] [DL] 既にダウンロード済み: data\docs\140120260311579677.pdf
[12:30:03] [抽出] SKIP_PDF_NOT_TANSHIN: title=2026年７月期 第２四半期決算説明資料
[12:30:03] [INGEST] doc_id=f47cea3ce6a2cd77 status=skipped_not_tanshin title=2026年７月期 第２四半期決算説明資料
[12:30:03] [DL] 既にダウンロード済み: data\docs\140120260312580388.pdf
[12:30:03] [抽出] SKIP_PDF_NOT_TANSHIN: title=2026年１月期 通期決算説明資料
[12:30:03] [INGEST] doc_id=182601b5441f1a80 status=skipped_not_tanshin title=2026年１月期 通期決算説明資料
[12:30:03] [INGEST] run=ingest-69b7b98f processed=2 success=0 skipped=2 error=0 (tanshin=2) SKIP_NOT_TANSHIN_TITLE=2
[12:30:03] [filings_ingest] done total=2 success=0 errors=0
[12:30:04] [pipeline_run] finished: ingest status=done elapsed=0.8s id=28 processed=2 success=0 failed=0
[2026/03/12 12:30:04.17] Finished (exit=0) 
[2026/03/12 12:40:01.97] Starting ingest 
[12:40:02] [db] config: write_key_type=service_role read_key_type=service_role
[12:40:02] [pipeline_run] started: ingest (id=29, trigger=scheduler)
[12:40:02] [filings_ingest] start dry_run=False company_code=ALL
[12:40:02] [API] yanoshin.jp APIから取得中: https://webapi.yanoshin.jp/webapi/tdnet/list/today.json
[12:40:03] [API] detected_schema=items, raw_items_count=31
[12:40:03] [API] first_item_preview: id=3d61bb8f0199..., pubdate=2026-03-12 12:00:00, title=当社執行役員に対する譲渡制限付株式報酬としての自己株式の処分の払込完了に関するお, code=2124
[12:40:03] [API] fetched_count=31
[12:40:03] [API] skip_reason=instrument_excluded, code=13494, name=Ｅ－ＳＳＧＡ－ＳＩＮ, title=アジア国債・公債ＥＴＦ（正式名称：ＡＢＦ汎アジア債券インデックス・ファンド）に関する日々の開示事項
[12:40:03] [API] skip_reason=instrument_excluded, code=15574, name=Ｅ－ＳＳＧＡＴＣ, title=State Street SPDR S&amp;P500 ETFに関する日々の開示事項
[12:40:03] [API] skip_reason=instrument_excluded, code=20704, name=Ｎ－三菱ＵＦＪ証ＨＤ, title=上場ETN（発行者：三菱UFJ証券ホールディングス株式会社）に関する日々の開示事項
[12:40:03] [API] skip_reason=instrument_excluded, code=2628, name=ｉＦ中国科創板５０, title=上場投資信託（ETF）の投資信託約款変更のお知らせ
[12:40:03] [API] skip_reason=instrument_excluded, code=2629, name=ｉＦ中国ＧＢＡ１００, title=上場投資信託（ETF）の投資信託約款変更のお知らせ
[12:40:03] [API] skip_reason=instrument_excluded, code=16724, name=Ｅ－ＷｉｓｄｏｍＴｒ, title=上場ETF（管理会社：WisdomTree、外国投資法人：MSL）に関する日々の開示事項　
[12:40:03] [API] skip_reason=instrument_excluded, code=16724, name=Ｅ－ＷｉｓｄｏｍＴｒ, title=上場ETF（管理会社：WisdomTree、外国投資法人：CSL）に関する日々の開示事項　
[12:40:03] [API] skip_reason=instrument_excluded, code=16714, name=Ｅ－シンプレクス, title=上場ＥＴＦ(管理会社：シンプレクス・アセット・マネジメント)に関する日々の開示事項
[12:40:03] [API] skip_reason=instrument_excluded, code=13294, name=Ｅ－ブラックロック, title=上場ETF（管理会社：ブラックロック・ジャパン）に関する日々の開示事項
[12:40:03] [API] instrument_skipped_count=9
[12:40:03] [API] fetched_count=31, filtered_count=4, forecast_revision_count=0, financial_statement_count=4
[12:40:03] [API] new_count=2 already_processed=2 already_processed_financial_statement=2 new_financial_statement=2
[12:40:03] [API] already_processed_tickers=6535,6696
[12:40:03] [INGEST] run=ingest-59f66e92 new_items=2 target_statements=2 non_target=0 (forecast_revision=0, other=0)
[12:40:03] [DL] 既にダウンロード済み: data\docs\140120260311579677.pdf
[12:40:03] [抽出] SKIP_PDF_NOT_TANSHIN: title=2026年７月期 第２四半期決算説明資料
[12:40:03] [INGEST] doc_id=f47cea3ce6a2cd77 status=skipped_not_tanshin title=2026年７月期 第２四半期決算説明資料
[12:40:03] [DL] 既にダウンロード済み: data\docs\140120260312580388.pdf
[12:40:03] [抽出] SKIP_PDF_NOT_TANSHIN: title=2026年１月期 通期決算説明資料
[12:40:03] [INGEST] doc_id=182601b5441f1a80 status=skipped_not_tanshin title=2026年１月期 通期決算説明資料
[12:40:03] [INGEST] run=ingest-59f66e92 processed=2 success=0 skipped=2 error=0 (tanshin=2) SKIP_NOT_TANSHIN_TITLE=2
[12:40:03] [filings_ingest] done total=2 success=0 errors=0
[12:40:03] [pipeline_run] finished: ingest status=done elapsed=0.7s id=29 processed=2 success=0 failed=0
[2026/03/12 12:40:03.39] Finished (exit=0) 
[2026/03/12 12:50:01.96] Starting ingest 
[12:50:02] [db] config: write_key_type=service_role read_key_type=service_role
[12:50:02] [pipeline_run] started: ingest (id=30, trigger=scheduler)
[12:50:02] [filings_ingest] start dry_run=False company_code=ALL
[12:50:02] [API] yanoshin.jp APIから取得中: https://webapi.yanoshin.jp/webapi/tdnet/list/today.json
[12:50:02] [API] detected_schema=items, raw_items_count=31
[12:50:02] [API] first_item_preview: id=3d61bb8f0199..., pubdate=2026-03-12 12:00:00, title=当社執行役員に対する譲渡制限付株式報酬としての自己株式の処分の払込完了に関するお, code=2124
[12:50:02] [API] fetched_count=31
[12:50:02] [API] skip_reason=instrument_excluded, code=13494, name=Ｅ－ＳＳＧＡ－ＳＩＮ, title=アジア国債・公債ＥＴＦ（正式名称：ＡＢＦ汎アジア債券インデックス・ファンド）に関する日々の開示事項
[12:50:02] [API] skip_reason=instrument_excluded, code=15574, name=Ｅ－ＳＳＧＡＴＣ, title=State Street SPDR S&amp;P500 ETFに関する日々の開示事項
[12:50:02] [API] skip_reason=instrument_excluded, code=20704, name=Ｎ－三菱ＵＦＪ証ＨＤ, title=上場ETN（発行者：三菱UFJ証券ホールディングス株式会社）に関する日々の開示事項
[12:50:02] [API] skip_reason=instrument_excluded, code=2628, name=ｉＦ中国科創板５０, title=上場投資信託（ETF）の投資信託約款変更のお知らせ
[12:50:02] [API] skip_reason=instrument_excluded, code=2629, name=ｉＦ中国ＧＢＡ１００, title=上場投資信託（ETF）の投資信託約款変更のお知らせ
[12:50:02] [API] skip_reason=instrument_excluded, code=16724, name=Ｅ－ＷｉｓｄｏｍＴｒ, title=上場ETF（管理会社：WisdomTree、外国投資法人：MSL）に関する日々の開示事項　
[12:50:02] [API] skip_reason=instrument_excluded, code=16724, name=Ｅ－ＷｉｓｄｏｍＴｒ, title=上場ETF（管理会社：WisdomTree、外国投資法人：CSL）に関する日々の開示事項　
[12:50:02] [API] skip_reason=instrument_excluded, code=16714, name=Ｅ－シンプレクス, title=上場ＥＴＦ(管理会社：シンプレクス・アセット・マネジメント)に関する日々の開示事項
[12:50:02] [API] skip_reason=instrument_excluded, code=13294, name=Ｅ－ブラックロック, title=上場ETF（管理会社：ブラックロック・ジャパン）に関する日々の開示事項
[12:50:02] [API] instrument_skipped_count=9
[12:50:02] [API] fetched_count=31, filtered_count=4, forecast_revision_count=0, financial_statement_count=4
[12:50:02] [API] new_count=2 already_processed=2 already_processed_financial_statement=2 new_financial_statement=2
[12:50:02] [API] already_processed_tickers=6535,6696
[12:50:02] [INGEST] run=ingest-51ef9637 new_items=2 target_statements=2 non_target=0 (forecast_revision=0, other=0)
[12:50:02] [DL] 既にダウンロード済み: data\docs\140120260311579677.pdf
[12:50:02] [抽出] SKIP_PDF_NOT_TANSHIN: title=2026年７月期 第２四半期決算説明資料
[12:50:02] [INGEST] doc_id=f47cea3ce6a2cd77 status=skipped_not_tanshin title=2026年７月期 第２四半期決算説明資料
[12:50:02] [DL] 既にダウンロード済み: data\docs\140120260312580388.pdf
[12:50:03] [抽出] SKIP_PDF_NOT_TANSHIN: title=2026年１月期 通期決算説明資料
[12:50:03] [INGEST] doc_id=182601b5441f1a80 status=skipped_not_tanshin title=2026年１月期 通期決算説明資料
[12:50:03] [INGEST] run=ingest-51ef9637 processed=2 success=0 skipped=2 error=0 (tanshin=2) SKIP_NOT_TANSHIN_TITLE=2
[12:50:03] [filings_ingest] done total=2 success=0 errors=0
[12:50:03] [pipeline_run] finished: ingest status=done elapsed=0.7s id=30 processed=2 success=0 failed=0
[2026/03/12 12:50:03.18] Finished (exit=0) 
[2026/03/12 13:00:01.95] Starting ingest 
[13:00:02] [db] config: write_key_type=service_role read_key_type=service_role
[13:00:02] [pipeline_run] started: ingest (id=31, trigger=scheduler)
[13:00:02] [filings_ingest] start dry_run=False company_code=ALL
[13:00:02] [API] yanoshin.jp APIから取得中: https://webapi.yanoshin.jp/webapi/tdnet/list/today.json
[13:00:03] [API] detected_schema=items, raw_items_count=31
[13:00:03] [API] first_item_preview: id=3d61bb8f0199..., pubdate=2026-03-12 12:00:00, title=当社執行役員に対する譲渡制限付株式報酬としての自己株式の処分の払込完了に関するお, code=2124
[13:00:03] [API] fetched_count=31
[13:00:03] [API] skip_reason=instrument_excluded, code=13494, name=Ｅ－ＳＳＧＡ－ＳＩＮ, title=アジア国債・公債ＥＴＦ（正式名称：ＡＢＦ汎アジア債券インデックス・ファンド）に関する日々の開示事項
[13:00:03] [API] skip_reason=instrument_excluded, code=15574, name=Ｅ－ＳＳＧＡＴＣ, title=State Street SPDR S&amp;P500 ETFに関する日々の開示事項
[13:00:03] [API] skip_reason=instrument_excluded, code=20704, name=Ｎ－三菱ＵＦＪ証ＨＤ, title=上場ETN（発行者：三菱UFJ証券ホールディングス株式会社）に関する日々の開示事項
[13:00:03] [API] skip_reason=instrument_excluded, code=2628, name=ｉＦ中国科創板５０, title=上場投資信託（ETF）の投資信託約款変更のお知らせ
[13:00:03] [API] skip_reason=instrument_excluded, code=2629, name=ｉＦ中国ＧＢＡ１００, title=上場投資信託（ETF）の投資信託約款変更のお知らせ
[13:00:03] [API] skip_reason=instrument_excluded, code=16724, name=Ｅ－ＷｉｓｄｏｍＴｒ, title=上場ETF（管理会社：WisdomTree、外国投資法人：MSL）に関する日々の開示事項　
[13:00:03] [API] skip_reason=instrument_excluded, code=16724, name=Ｅ－ＷｉｓｄｏｍＴｒ, title=上場ETF（管理会社：WisdomTree、外国投資法人：CSL）に関する日々の開示事項　
[13:00:03] [API] skip_reason=instrument_excluded, code=16714, name=Ｅ－シンプレクス, title=上場ＥＴＦ(管理会社：シンプレクス・アセット・マネジメント)に関する日々の開示事項
[13:00:03] [API] skip_reason=instrument_excluded, code=13294, name=Ｅ－ブラックロック, title=上場ETF（管理会社：ブラックロック・ジャパン）に関する日々の開示事項
[13:00:03] [API] instrument_skipped_count=9
[13:00:03] [API] fetched_count=31, filtered_count=4, forecast_revision_count=0, financial_statement_count=4
[13:00:03] [API] new_count=2 already_processed=2 already_processed_financial_statement=2 new_financial_statement=2
[13:00:03] [API] already_processed_tickers=6535,6696
[13:00:03] [INGEST] run=ingest-1945bcd4 new_items=2 target_statements=2 non_target=0 (forecast_revision=0, other=0)
[13:00:03] [DL] 既にダウンロード済み: data\docs\140120260311579677.pdf
[13:00:03] [抽出] SKIP_PDF_NOT_TANSHIN: title=2026年７月期 第２四半期決算説明資料
[13:00:03] [INGEST] doc_id=f47cea3ce6a2cd77 status=skipped_not_tanshin title=2026年７月期 第２四半期決算説明資料
[13:00:03] [DL] 既にダウンロード済み: data\docs\140120260312580388.pdf
[13:00:03] [抽出] SKIP_PDF_NOT_TANSHIN: title=2026年１月期 通期決算説明資料
[13:00:03] [INGEST] doc_id=182601b5441f1a80 status=skipped_not_tanshin title=2026年１月期 通期決算説明資料
[13:00:03] [INGEST] run=ingest-1945bcd4 processed=2 success=0 skipped=2 error=0 (tanshin=2) SKIP_NOT_TANSHIN_TITLE=2
[13:00:03] [filings_ingest] done total=2 success=0 errors=0
[13:00:03] [pipeline_run] finished: ingest status=done elapsed=0.7s id=31 processed=2 success=0 failed=0
[2026/03/12 13:00:03.32] Finished (exit=0) 
[2026/03/12 13:10:01.93] Starting ingest 
[13:10:02] [db] config: write_key_type=service_role read_key_type=service_role
[13:10:02] [pipeline_run] started: ingest (id=32, trigger=scheduler)
[13:10:02] [filings_ingest] start dry_run=False company_code=ALL
[13:10:02] [API] yanoshin.jp APIから取得中: https://webapi.yanoshin.jp/webapi/tdnet/list/today.json
[13:10:03] [API] detected_schema=items, raw_items_count=31
[13:10:03] [API] first_item_preview: id=3d61bb8f0199..., pubdate=2026-03-12 12:00:00, title=当社執行役員に対する譲渡制限付株式報酬としての自己株式の処分の払込完了に関するお, code=2124
[13:10:03] [API] fetched_count=31
[13:10:03] [API] skip_reason=instrument_excluded, code=13494, name=Ｅ－ＳＳＧＡ－ＳＩＮ, title=アジア国債・公債ＥＴＦ（正式名称：ＡＢＦ汎アジア債券インデックス・ファンド）に関する日々の開示事項
[13:10:03] [API] skip_reason=instrument_excluded, code=15574, name=Ｅ－ＳＳＧＡＴＣ, title=State Street SPDR S&amp;P500 ETFに関する日々の開示事項
[13:10:03] [API] skip_reason=instrument_excluded, code=20704, name=Ｎ－三菱ＵＦＪ証ＨＤ, title=上場ETN（発行者：三菱UFJ証券ホールディングス株式会社）に関する日々の開示事項
[13:10:03] [API] skip_reason=instrument_excluded, code=2628, name=ｉＦ中国科創板５０, title=上場投資信託（ETF）の投資信託約款変更のお知らせ
[13:10:03] [API] skip_reason=instrument_excluded, code=2629, name=ｉＦ中国ＧＢＡ１００, title=上場投資信託（ETF）の投資信託約款変更のお知らせ
[13:10:03] [API] skip_reason=instrument_excluded, code=16724, name=Ｅ－ＷｉｓｄｏｍＴｒ, title=上場ETF（管理会社：WisdomTree、外国投資法人：MSL）に関する日々の開示事項　
[13:10:03] [API] skip_reason=instrument_excluded, code=16724, name=Ｅ－ＷｉｓｄｏｍＴｒ, title=上場ETF（管理会社：WisdomTree、外国投資法人：CSL）に関する日々の開示事項　
[13:10:03] [API] skip_reason=instrument_excluded, code=16714, name=Ｅ－シンプレクス, title=上場ＥＴＦ(管理会社：シンプレクス・アセット・マネジメント)に関する日々の開示事項
[13:10:03] [API] skip_reason=instrument_excluded, code=13294, name=Ｅ－ブラックロック, title=上場ETF（管理会社：ブラックロック・ジャパン）に関する日々の開示事項
[13:10:03] [API] instrument_skipped_count=9
[13:10:03] [API] fetched_count=31, filtered_count=4, forecast_revision_count=0, financial_statement_count=4
[13:10:03] [API] new_count=2 already_processed=2 already_processed_financial_statement=2 new_financial_statement=2
[13:10:03] [API] already_processed_tickers=6535,6696
[13:10:03] [INGEST] run=ingest-3bf767ea new_items=2 target_statements=2 non_target=0 (forecast_revision=0, other=0)
[13:10:03] [DL] 既にダウンロード済み: data\docs\140120260311579677.pdf
[13:10:03] [抽出] SKIP_PDF_NOT_TANSHIN: title=2026年７月期 第２四半期決算説明資料
[13:10:03] [INGEST] doc_id=f47cea3ce6a2cd77 status=skipped_not_tanshin title=2026年７月期 第２四半期決算説明資料
[13:10:03] [DL] 既にダウンロード済み: data\docs\140120260312580388.pdf
[13:10:03] [抽出] SKIP_PDF_NOT_TANSHIN: title=2026年１月期 通期決算説明資料
[13:10:03] [INGEST] doc_id=182601b5441f1a80 status=skipped_not_tanshin title=2026年１月期 通期決算説明資料
[13:10:03] [INGEST] run=ingest-3bf767ea processed=2 success=0 skipped=2 error=0 (tanshin=2) SKIP_NOT_TANSHIN_TITLE=2
[13:10:03] [filings_ingest] done total=2 success=0 errors=0
[13:10:03] [pipeline_run] finished: ingest status=done elapsed=0.7s id=32 processed=2 success=0 failed=0
[2026/03/12 13:10:03.32] Finished (exit=0) 
[2026/03/12 13:20:01.98] Starting ingest 
[13:20:02] [db] config: write_key_type=service_role read_key_type=service_role
[13:20:02] [pipeline_run] started: ingest (id=33, trigger=scheduler)
[13:20:02] [filings_ingest] start dry_run=False company_code=ALL
[13:20:02] [API] yanoshin.jp APIから取得中: https://webapi.yanoshin.jp/webapi/tdnet/list/today.json
[13:20:02] [API] detected_schema=items, raw_items_count=31
[13:20:02] [API] first_item_preview: id=3d61bb8f0199..., pubdate=2026-03-12 12:00:00, title=当社執行役員に対する譲渡制限付株式報酬としての自己株式の処分の払込完了に関するお, code=2124
[13:20:02] [API] fetched_count=31
[13:20:02] [API] skip_reason=instrument_excluded, code=13494, name=Ｅ－ＳＳＧＡ－ＳＩＮ, title=アジア国債・公債ＥＴＦ（正式名称：ＡＢＦ汎アジア債券インデックス・ファンド）に関する日々の開示事項
[13:20:02] [API] skip_reason=instrument_excluded, code=15574, name=Ｅ－ＳＳＧＡＴＣ, title=State Street SPDR S&amp;P500 ETFに関する日々の開示事項
[13:20:02] [API] skip_reason=instrument_excluded, code=20704, name=Ｎ－三菱ＵＦＪ証ＨＤ, title=上場ETN（発行者：三菱UFJ証券ホールディングス株式会社）に関する日々の開示事項
[13:20:02] [API] skip_reason=instrument_excluded, code=2628, name=ｉＦ中国科創板５０, title=上場投資信託（ETF）の投資信託約款変更のお知らせ
[13:20:02] [API] skip_reason=instrument_excluded, code=2629, name=ｉＦ中国ＧＢＡ１００, title=上場投資信託（ETF）の投資信託約款変更のお知らせ
[13:20:02] [API] skip_reason=instrument_excluded, code=16724, name=Ｅ－ＷｉｓｄｏｍＴｒ, title=上場ETF（管理会社：WisdomTree、外国投資法人：MSL）に関する日々の開示事項　
[13:20:02] [API] skip_reason=instrument_excluded, code=16724, name=Ｅ－ＷｉｓｄｏｍＴｒ, title=上場ETF（管理会社：WisdomTree、外国投資法人：CSL）に関する日々の開示事項　
[13:20:02] [API] skip_reason=instrument_excluded, code=16714, name=Ｅ－シンプレクス, title=上場ＥＴＦ(管理会社：シンプレクス・アセット・マネジメント)に関する日々の開示事項
[13:20:02] [API] skip_reason=instrument_excluded, code=13294, name=Ｅ－ブラックロック, title=上場ETF（管理会社：ブラックロック・ジャパン）に関する日々の開示事項
[13:20:02] [API] instrument_skipped_count=9
[13:20:02] [API] fetched_count=31, filtered_count=4, forecast_revision_count=0, financial_statement_count=4
[13:20:02] [API] new_count=2 already_processed=2 already_processed_financial_statement=2 new_financial_statement=2
[13:20:02] [API] already_processed_tickers=6535,6696
[13:20:02] [INGEST] run=ingest-4f1f18f8 new_items=2 target_statements=2 non_target=0 (forecast_revision=0, other=0)
[13:20:02] [DL] 既にダウンロード済み: data\docs\140120260311579677.pdf
[13:20:03] [抽出] SKIP_PDF_NOT_TANSHIN: title=2026年７月期 第２四半期決算説明資料
[13:20:03] [INGEST] doc_id=f47cea3ce6a2cd77 status=skipped_not_tanshin title=2026年７月期 第２四半期決算説明資料
[13:20:03] [DL] 既にダウンロード済み: data\docs\140120260312580388.pdf
[13:20:03] [抽出] SKIP_PDF_NOT_TANSHIN: title=2026年１月期 通期決算説明資料
[13:20:03] [INGEST] doc_id=182601b5441f1a80 status=skipped_not_tanshin title=2026年１月期 通期決算説明資料
[13:20:03] [INGEST] run=ingest-4f1f18f8 processed=2 success=0 skipped=2 error=0 (tanshin=2) SKIP_NOT_TANSHIN_TITLE=2
[13:20:03] [filings_ingest] done total=2 success=0 errors=0
[13:20:03] [pipeline_run] finished: ingest status=done elapsed=0.7s id=33 processed=2 success=0 failed=0
[2026/03/12 13:20:03.19] Finished (exit=0) 
[2026/03/12 13:30:01.98] Starting ingest 
[13:30:02] [db] config: write_key_type=service_role read_key_type=service_role
[13:30:02] [pipeline_run] started: ingest (id=34, trigger=scheduler)
[13:30:02] [filings_ingest] start dry_run=False company_code=ALL
[13:30:02] [API] yanoshin.jp APIから取得中: https://webapi.yanoshin.jp/webapi/tdnet/list/today.json
[13:30:02] [API] detected_schema=items, raw_items_count=34
[13:30:02] [API] first_item_preview: id=6a1e02ded8a3..., pubdate=2026-03-12 13:00:00, title=臨時株主総会の決議結果及び上場廃止申請に関するお知らせ, code=5883
[13:30:02] [API] fetched_count=34
[13:30:02] [API] skip_reason=instrument_excluded, code=13494, name=Ｅ－ＳＳＧＡ－ＳＩＮ, title=アジア国債・公債ＥＴＦ（正式名称：ＡＢＦ汎アジア債券インデックス・ファンド）に関する日々の開示事項
[13:30:02] [API] skip_reason=instrument_excluded, code=15574, name=Ｅ－ＳＳＧＡＴＣ, title=State Street SPDR S&amp;P500 ETFに関する日々の開示事項
[13:30:02] [API] skip_reason=instrument_excluded, code=20704, name=Ｎ－三菱ＵＦＪ証ＨＤ, title=上場ETN（発行者：三菱UFJ証券ホールディングス株式会社）に関する日々の開示事項
[13:30:02] [API] skip_reason=instrument_excluded, code=2628, name=ｉＦ中国科創板５０, title=上場投資信託（ETF）の投資信託約款変更のお知らせ
[13:30:02] [API] skip_reason=instrument_excluded, code=2629, name=ｉＦ中国ＧＢＡ１００, title=上場投資信託（ETF）の投資信託約款変更のお知らせ
[13:30:02] [API] skip_reason=instrument_excluded, code=16724, name=Ｅ－ＷｉｓｄｏｍＴｒ, title=上場ETF（管理会社：WisdomTree、外国投資法人：MSL）に関する日々の開示事項　
[13:30:02] [API] skip_reason=instrument_excluded, code=16724, name=Ｅ－ＷｉｓｄｏｍＴｒ, title=上場ETF（管理会社：WisdomTree、外国投資法人：CSL）に関する日々の開示事項　
[13:30:02] [API] skip_reason=instrument_excluded, code=16714, name=Ｅ－シンプレクス, title=上場ＥＴＦ(管理会社：シンプレクス・アセット・マネジメント)に関する日々の開示事項
[13:30:02] [API] skip_reason=instrument_excluded, code=13294, name=Ｅ－ブラックロック, title=上場ETF（管理会社：ブラックロック・ジャパン）に関する日々の開示事項
[13:30:02] [API] instrument_skipped_count=9
[13:30:02] [API] fetched_count=34, filtered_count=4, forecast_revision_count=0, financial_statement_count=4
[13:30:02] [API] new_count=2 already_processed=2 already_processed_financial_statement=2 new_financial_statement=2
[13:30:02] [API] already_processed_tickers=6535,6696
[13:30:02] [INGEST] run=ingest-75c2b796 new_items=2 target_statements=2 non_target=0 (forecast_revision=0, other=0)
[13:30:02] [DL] 既にダウンロード済み: data\docs\140120260311579677.pdf
[13:30:02] [抽出] SKIP_PDF_NOT_TANSHIN: title=2026年７月期 第２四半期決算説明資料
[13:30:02] [INGEST] doc_id=f47cea3ce6a2cd77 status=skipped_not_tanshin title=2026年７月期 第２四半期決算説明資料
[13:30:02] [DL] 既にダウンロード済み: data\docs\140120260312580388.pdf
[13:30:02] [抽出] SKIP_PDF_NOT_TANSHIN: title=2026年１月期 通期決算説明資料
[13:30:02] [INGEST] doc_id=182601b5441f1a80 status=skipped_not_tanshin title=2026年１月期 通期決算説明資料
[13:30:02] [INGEST] run=ingest-75c2b796 processed=2 success=0 skipped=2 error=0 (tanshin=2) SKIP_NOT_TANSHIN_TITLE=2
[13:30:02] [filings_ingest] done total=2 success=0 errors=0
[13:30:03] [pipeline_run] finished: ingest status=done elapsed=0.7s id=34 processed=2 success=0 failed=0
[2026/03/12 13:30:03.12] Finished (exit=0) 
[2026/03/12 13:40:01.95] Starting ingest 
[13:40:02] [db] config: write_key_type=service_role read_key_type=service_role
[13:40:02] [pipeline_run] started: ingest (id=35, trigger=scheduler)
[13:40:02] [filings_ingest] start dry_run=False company_code=ALL
[13:40:02] [API] yanoshin.jp APIから取得中: https://webapi.yanoshin.jp/webapi/tdnet/list/today.json
[13:40:02] [API] detected_schema=items, raw_items_count=34
[13:40:02] [API] first_item_preview: id=6a1e02ded8a3..., pubdate=2026-03-12 13:00:00, title=臨時株主総会の決議結果及び上場廃止申請に関するお知らせ, code=5883
[13:40:02] [API] fetched_count=34
[13:40:02] [API] skip_reason=instrument_excluded, code=13494, name=Ｅ－ＳＳＧＡ－ＳＩＮ, title=アジア国債・公債ＥＴＦ（正式名称：ＡＢＦ汎アジア債券インデックス・ファンド）に関する日々の開示事項
[13:40:02] [API] skip_reason=instrument_excluded, code=15574, name=Ｅ－ＳＳＧＡＴＣ, title=State Street SPDR S&amp;P500 ETFに関する日々の開示事項
[13:40:02] [API] skip_reason=instrument_excluded, code=20704, name=Ｎ－三菱ＵＦＪ証ＨＤ, title=上場ETN（発行者：三菱UFJ証券ホールディングス株式会社）に関する日々の開示事項
[13:40:02] [API] skip_reason=instrument_excluded, code=2628, name=ｉＦ中国科創板５０, title=上場投資信託（ETF）の投資信託約款変更のお知らせ
[13:40:02] [API] skip_reason=instrument_excluded, code=2629, name=ｉＦ中国ＧＢＡ１００, title=上場投資信託（ETF）の投資信託約款変更のお知らせ
[13:40:02] [API] skip_reason=instrument_excluded, code=16724, name=Ｅ－ＷｉｓｄｏｍＴｒ, title=上場ETF（管理会社：WisdomTree、外国投資法人：MSL）に関する日々の開示事項　
[13:40:02] [API] skip_reason=instrument_excluded, code=16724, name=Ｅ－ＷｉｓｄｏｍＴｒ, title=上場ETF（管理会社：WisdomTree、外国投資法人：CSL）に関する日々の開示事項　
[13:40:02] [API] skip_reason=instrument_excluded, code=16714, name=Ｅ－シンプレクス, title=上場ＥＴＦ(管理会社：シンプレクス・アセット・マネジメント)に関する日々の開示事項
[13:40:02] [API] skip_reason=instrument_excluded, code=13294, name=Ｅ－ブラックロック, title=上場ETF（管理会社：ブラックロック・ジャパン）に関する日々の開示事項
[13:40:02] [API] instrument_skipped_count=9
[13:40:02] [API] fetched_count=34, filtered_count=4, forecast_revision_count=0, financial_statement_count=4
[13:40:02] [API] new_count=2 already_processed=2 already_processed_financial_statement=2 new_financial_statement=2
[13:40:02] [API] already_processed_tickers=6535,6696
[13:40:02] [INGEST] run=ingest-60345067 new_items=2 target_statements=2 non_target=0 (forecast_revision=0, other=0)
[13:40:02] [DL] 既にダウンロード済み: data\docs\140120260311579677.pdf
[13:40:02] [抽出] SKIP_PDF_NOT_TANSHIN: title=2026年７月期 第２四半期決算説明資料
[13:40:02] [INGEST] doc_id=f47cea3ce6a2cd77 status=skipped_not_tanshin title=2026年７月期 第２四半期決算説明資料
[13:40:02] [DL] 既にダウンロード済み: data\docs\140120260312580388.pdf
[13:40:03] [抽出] SKIP_PDF_NOT_TANSHIN: title=2026年１月期 通期決算説明資料
[13:40:03] [INGEST] doc_id=182601b5441f1a80 status=skipped_not_tanshin title=2026年１月期 通期決算説明資料
[13:40:03] [INGEST] run=ingest-60345067 processed=2 success=0 skipped=2 error=0 (tanshin=2) SKIP_NOT_TANSHIN_TITLE=2
[13:40:03] [filings_ingest] done total=2 success=0 errors=0
[13:40:03] [pipeline_run] finished: ingest status=done elapsed=0.9s id=35 processed=2 success=0 failed=0
[2026/03/12 13:40:03.40] Finished (exit=0) 
[2026/03/12 13:50:01.94] Starting ingest 
[13:50:02] [db] config: write_key_type=service_role read_key_type=service_role
[13:50:02] [pipeline_run] started: ingest (id=36, trigger=scheduler)
[13:50:02] [filings_ingest] start dry_run=False company_code=ALL
[13:50:02] [API] yanoshin.jp APIから取得中: https://webapi.yanoshin.jp/webapi/tdnet/list/today.json
[13:50:02] [API] detected_schema=items, raw_items_count=34
[13:50:02] [API] first_item_preview: id=6a1e02ded8a3..., pubdate=2026-03-12 13:00:00, title=臨時株主総会の決議結果及び上場廃止申請に関するお知らせ, code=5883
[13:50:02] [API] fetched_count=34
[13:50:02] [API] skip_reason=instrument_excluded, code=13494, name=Ｅ－ＳＳＧＡ－ＳＩＮ, title=アジア国債・公債ＥＴＦ（正式名称：ＡＢＦ汎アジア債券インデックス・ファンド）に関する日々の開示事項
[13:50:02] [API] skip_reason=instrument_excluded, code=15574, name=Ｅ－ＳＳＧＡＴＣ, title=State Street SPDR S&amp;P500 ETFに関する日々の開示事項
[13:50:02] [API] skip_reason=instrument_excluded, code=20704, name=Ｎ－三菱ＵＦＪ証ＨＤ, title=上場ETN（発行者：三菱UFJ証券ホールディングス株式会社）に関する日々の開示事項
[13:50:02] [API] skip_reason=instrument_excluded, code=2628, name=ｉＦ中国科創板５０, title=上場投資信託（ETF）の投資信託約款変更のお知らせ
[13:50:02] [API] skip_reason=instrument_excluded, code=2629, name=ｉＦ中国ＧＢＡ１００, title=上場投資信託（ETF）の投資信託約款変更のお知らせ
[13:50:02] [API] skip_reason=instrument_excluded, code=16724, name=Ｅ－ＷｉｓｄｏｍＴｒ, title=上場ETF（管理会社：WisdomTree、外国投資法人：MSL）に関する日々の開示事項　
[13:50:02] [API] skip_reason=instrument_excluded, code=16724, name=Ｅ－ＷｉｓｄｏｍＴｒ, title=上場ETF（管理会社：WisdomTree、外国投資法人：CSL）に関する日々の開示事項　
[13:50:02] [API] skip_reason=instrument_excluded, code=16714, name=Ｅ－シンプレクス, title=上場ＥＴＦ(管理会社：シンプレクス・アセット・マネジメント)に関する日々の開示事項
[13:50:02] [API] skip_reason=instrument_excluded, code=13294, name=Ｅ－ブラックロック, title=上場ETF（管理会社：ブラックロック・ジャパン）に関する日々の開示事項
[13:50:02] [API] instrument_skipped_count=9
[13:50:02] [API] fetched_count=34, filtered_count=4, forecast_revision_count=0, financial_statement_count=4
[13:50:02] [API] new_count=2 already_processed=2 already_processed_financial_statement=2 new_financial_statement=2
[13:50:02] [API] already_processed_tickers=6535,6696
[13:50:02] [INGEST] run=ingest-84e2adff new_items=2 target_statements=2 non_target=0 (forecast_revision=0, other=0)
[13:50:02] [DL] 既にダウンロード済み: data\docs\140120260311579677.pdf
[13:50:02] [抽出] SKIP_PDF_NOT_TANSHIN: title=2026年７月期 第２四半期決算説明資料
[13:50:02] [INGEST] doc_id=f47cea3ce6a2cd77 status=skipped_not_tanshin title=2026年７月期 第２四半期決算説明資料
[13:50:02] [DL] 既にダウンロード済み: data\docs\140120260312580388.pdf
[13:50:02] [抽出] SKIP_PDF_NOT_TANSHIN: title=2026年１月期 通期決算説明資料
[13:50:02] [INGEST] doc_id=182601b5441f1a80 status=skipped_not_tanshin title=2026年１月期 通期決算説明資料
[13:50:02] [INGEST] run=ingest-84e2adff processed=2 success=0 skipped=2 error=0 (tanshin=2) SKIP_NOT_TANSHIN_TITLE=2
[13:50:02] [filings_ingest] done total=2 success=0 errors=0
[13:50:03] [pipeline_run] finished: ingest status=done elapsed=0.6s id=36 processed=2 success=0 failed=0
[2026/03/12 13:50:03.14] Finished (exit=0) 
[2026/03/12 14:00:01.97] Starting ingest 
[14:00:02] [db] config: write_key_type=service_role read_key_type=service_role
[14:00:02] [pipeline_run] started: ingest (id=37, trigger=scheduler)
[14:00:02] [filings_ingest] start dry_run=False company_code=ALL
[14:00:02] [API] yanoshin.jp APIから取得中: https://webapi.yanoshin.jp/webapi/tdnet/list/today.json
[14:00:03] [API] detected_schema=items, raw_items_count=34
[14:00:03] [API] first_item_preview: id=6a1e02ded8a3..., pubdate=2026-03-12 13:00:00, title=臨時株主総会の決議結果及び上場廃止申請に関するお知らせ, code=5883
[14:00:03] [API] fetched_count=34
[14:00:03] [API] skip_reason=instrument_excluded, code=13494, name=Ｅ－ＳＳＧＡ－ＳＩＮ, title=アジア国債・公債ＥＴＦ（正式名称：ＡＢＦ汎アジア債券インデックス・ファンド）に関する日々の開示事項
[14:00:03] [API] skip_reason=instrument_excluded, code=15574, name=Ｅ－ＳＳＧＡＴＣ, title=State Street SPDR S&amp;P500 ETFに関する日々の開示事項
[14:00:03] [API] skip_reason=instrument_excluded, code=20704, name=Ｎ－三菱ＵＦＪ証ＨＤ, title=上場ETN（発行者：三菱UFJ証券ホールディングス株式会社）に関する日々の開示事項
[14:00:03] [API] skip_reason=instrument_excluded, code=2628, name=ｉＦ中国科創板５０, title=上場投資信託（ETF）の投資信託約款変更のお知らせ
[14:00:03] [API] skip_reason=instrument_excluded, code=2629, name=ｉＦ中国ＧＢＡ１００, title=上場投資信託（ETF）の投資信託約款変更のお知らせ
[14:00:03] [API] skip_reason=instrument_excluded, code=16724, name=Ｅ－ＷｉｓｄｏｍＴｒ, title=上場ETF（管理会社：WisdomTree、外国投資法人：MSL）に関する日々の開示事項　
[14:00:03] [API] skip_reason=instrument_excluded, code=16724, name=Ｅ－ＷｉｓｄｏｍＴｒ, title=上場ETF（管理会社：WisdomTree、外国投資法人：CSL）に関する日々の開示事項　
[14:00:03] [API] skip_reason=instrument_excluded, code=16714, name=Ｅ－シンプレクス, title=上場ＥＴＦ(管理会社：シンプレクス・アセット・マネジメント)に関する日々の開示事項
[14:00:03] [API] skip_reason=instrument_excluded, code=13294, name=Ｅ－ブラックロック, title=上場ETF（管理会社：ブラックロック・ジャパン）に関する日々の開示事項
[14:00:03] [API] instrument_skipped_count=9
[14:00:03] [API] fetched_count=34, filtered_count=4, forecast_revision_count=0, financial_statement_count=4
[14:00:03] [API] new_count=2 already_processed=2 already_processed_financial_statement=2 new_financial_statement=2
[14:00:03] [API] already_processed_tickers=6535,6696
[14:00:03] [INGEST] run=ingest-823fd2d4 new_items=2 target_statements=2 non_target=0 (forecast_revision=0, other=0)
[14:00:03] [DL] 既にダウンロード済み: data\docs\140120260311579677.pdf
[14:00:03] [抽出] SKIP_PDF_NOT_TANSHIN: title=2026年７月期 第２四半期決算説明資料
[14:00:03] [INGEST] doc_id=f47cea3ce6a2cd77 status=skipped_not_tanshin title=2026年７月期 第２四半期決算説明資料
[14:00:03] [DL] 既にダウンロード済み: data\docs\140120260312580388.pdf
[14:00:03] [抽出] SKIP_PDF_NOT_TANSHIN: title=2026年１月期 通期決算説明資料
[14:00:03] [INGEST] doc_id=182601b5441f1a80 status=skipped_not_tanshin title=2026年１月期 通期決算説明資料
[14:00:03] [INGEST] run=ingest-823fd2d4 processed=2 success=0 skipped=2 error=0 (tanshin=2) SKIP_NOT_TANSHIN_TITLE=2
[14:00:03] [filings_ingest] done total=2 success=0 errors=0
[14:00:03] [pipeline_run] finished: ingest status=done elapsed=0.8s id=37 processed=2 success=0 failed=0
[2026/03/12 14:00:03.30] Finished (exit=0) 
[2026/03/12 14:10:02.00] Starting ingest 
[14:10:02] [db] config: write_key_type=service_role read_key_type=service_role
[14:10:02] [pipeline_run] started: ingest (id=38, trigger=scheduler)
[14:10:02] [filings_ingest] start dry_run=False company_code=ALL
[14:10:02] [API] yanoshin.jp APIから取得中: https://webapi.yanoshin.jp/webapi/tdnet/list/today.json
[14:10:02] [API] detected_schema=items, raw_items_count=34
[14:10:02] [API] first_item_preview: id=6a1e02ded8a3..., pubdate=2026-03-12 13:00:00, title=臨時株主総会の決議結果及び上場廃止申請に関するお知らせ, code=5883
[14:10:02] [API] fetched_count=34
[14:10:02] [API] skip_reason=instrument_excluded, code=13494, name=Ｅ－ＳＳＧＡ－ＳＩＮ, title=アジア国債・公債ＥＴＦ（正式名称：ＡＢＦ汎アジア債券インデックス・ファンド）に関する日々の開示事項
[14:10:02] [API] skip_reason=instrument_excluded, code=15574, name=Ｅ－ＳＳＧＡＴＣ, title=State Street SPDR S&amp;P500 ETFに関する日々の開示事項
[14:10:02] [API] skip_reason=instrument_excluded, code=20704, name=Ｎ－三菱ＵＦＪ証ＨＤ, title=上場ETN（発行者：三菱UFJ証券ホールディングス株式会社）に関する日々の開示事項
[14:10:02] [API] skip_reason=instrument_excluded, code=2628, name=ｉＦ中国科創板５０, title=上場投資信託（ETF）の投資信託約款変更のお知らせ
[14:10:02] [API] skip_reason=instrument_excluded, code=2629, name=ｉＦ中国ＧＢＡ１００, title=上場投資信託（ETF）の投資信託約款変更のお知らせ
[14:10:02] [API] skip_reason=instrument_excluded, code=16724, name=Ｅ－ＷｉｓｄｏｍＴｒ, title=上場ETF（管理会社：WisdomTree、外国投資法人：MSL）に関する日々の開示事項　
[14:10:02] [API] skip_reason=instrument_excluded, code=16724, name=Ｅ－ＷｉｓｄｏｍＴｒ, title=上場ETF（管理会社：WisdomTree、外国投資法人：CSL）に関する日々の開示事項　
[14:10:02] [API] skip_reason=instrument_excluded, code=16714, name=Ｅ－シンプレクス, title=上場ＥＴＦ(管理会社：シンプレクス・アセット・マネジメント)に関する日々の開示事項
[14:10:02] [API] skip_reason=instrument_excluded, code=13294, name=Ｅ－ブラックロック, title=上場ETF（管理会社：ブラックロック・ジャパン）に関する日々の開示事項
[14:10:02] [API] instrument_skipped_count=9
[14:10:02] [API] fetched_count=34, filtered_count=4, forecast_revision_count=0, financial_statement_count=4
[14:10:02] [API] new_count=2 already_processed=2 already_processed_financial_statement=2 new_financial_statement=2
[14:10:02] [API] already_processed_tickers=6535,6696
[14:10:02] [INGEST] run=ingest-de3498cb new_items=2 target_statements=2 non_target=0 (forecast_revision=0, other=0)
[14:10:02] [DL] 既にダウンロード済み: data\docs\140120260311579677.pdf
[14:10:02] [抽出] SKIP_PDF_NOT_TANSHIN: title=2026年７月期 第２四半期決算説明資料
[14:10:02] [INGEST] doc_id=f47cea3ce6a2cd77 status=skipped_not_tanshin title=2026年７月期 第２四半期決算説明資料
[14:10:02] [DL] 既にダウンロード済み: data\docs\140120260312580388.pdf
[14:10:03] [抽出] SKIP_PDF_NOT_TANSHIN: title=2026年１月期 通期決算説明資料
[14:10:03] [INGEST] doc_id=182601b5441f1a80 status=skipped_not_tanshin title=2026年１月期 通期決算説明資料
[14:10:03] [INGEST] run=ingest-de3498cb processed=2 success=0 skipped=2 error=0 (tanshin=2) SKIP_NOT_TANSHIN_TITLE=2
[14:10:03] [filings_ingest] done total=2 success=0 errors=0
[14:10:03] [pipeline_run] finished: ingest status=done elapsed=0.7s id=38 processed=2 success=0 failed=0
[2026/03/12 14:10:03.22] Finished (exit=0) 
[2026/03/12 14:20:02.11] Starting ingest 
[14:20:02] [db] config: write_key_type=service_role read_key_type=service_role
[14:20:02] [pipeline_run] started: ingest (id=39, trigger=scheduler)
[14:20:02] [filings_ingest] start dry_run=False company_code=ALL
[14:20:02] [API] yanoshin.jp APIから取得中: https://webapi.yanoshin.jp/webapi/tdnet/list/today.json
[14:20:03] [API] detected_schema=items, raw_items_count=34
[14:20:03] [API] first_item_preview: id=6a1e02ded8a3..., pubdate=2026-03-12 13:00:00, title=臨時株主総会の決議結果及び上場廃止申請に関するお知らせ, code=5883
[14:20:03] [API] fetched_count=34
[14:20:03] [API] skip_reason=instrument_excluded, code=13494, name=Ｅ－ＳＳＧＡ－ＳＩＮ, title=アジア国債・公債ＥＴＦ（正式名称：ＡＢＦ汎アジア債券インデックス・ファンド）に関する日々の開示事項
[14:20:03] [API] skip_reason=instrument_excluded, code=15574, name=Ｅ－ＳＳＧＡＴＣ, title=State Street SPDR S&amp;P500 ETFに関する日々の開示事項
[14:20:03] [API] skip_reason=instrument_excluded, code=20704, name=Ｎ－三菱ＵＦＪ証ＨＤ, title=上場ETN（発行者：三菱UFJ証券ホールディングス株式会社）に関する日々の開示事項
[14:20:03] [API] skip_reason=instrument_excluded, code=2628, name=ｉＦ中国科創板５０, title=上場投資信託（ETF）の投資信託約款変更のお知らせ
[14:20:03] [API] skip_reason=instrument_excluded, code=2629, name=ｉＦ中国ＧＢＡ１００, title=上場投資信託（ETF）の投資信託約款変更のお知らせ
[14:20:03] [API] skip_reason=instrument_excluded, code=16724, name=Ｅ－ＷｉｓｄｏｍＴｒ, title=上場ETF（管理会社：WisdomTree、外国投資法人：MSL）に関する日々の開示事項　
[14:20:03] [API] skip_reason=instrument_excluded, code=16724, name=Ｅ－ＷｉｓｄｏｍＴｒ, title=上場ETF（管理会社：WisdomTree、外国投資法人：CSL）に関する日々の開示事項　
[14:20:03] [API] skip_reason=instrument_excluded, code=16714, name=Ｅ－シンプレクス, title=上場ＥＴＦ(管理会社：シンプレクス・アセット・マネジメント)に関する日々の開示事項
[14:20:03] [API] skip_reason=instrument_excluded, code=13294, name=Ｅ－ブラックロック, title=上場ETF（管理会社：ブラックロック・ジャパン）に関する日々の開示事項
[14:20:03] [API] instrument_skipped_count=9
[14:20:03] [API] fetched_count=34, filtered_count=4, forecast_revision_count=0, financial_statement_count=4
[14:20:03] [API] new_count=2 already_processed=2 already_processed_financial_statement=2 new_financial_statement=2
[14:20:03] [API] already_processed_tickers=6535,6696
[14:20:03] [INGEST] run=ingest-3b13e692 new_items=2 target_statements=2 non_target=0 (forecast_revision=0, other=0)
[14:20:03] [DL] 既にダウンロード済み: data\docs\140120260311579677.pdf
[14:20:03] [抽出] SKIP_PDF_NOT_TANSHIN: title=2026年７月期 第２四半期決算説明資料
[14:20:03] [INGEST] doc_id=f47cea3ce6a2cd77 status=skipped_not_tanshin title=2026年７月期 第２四半期決算説明資料
[14:20:03] [DL] 既にダウンロード済み: data\docs\140120260312580388.pdf
[14:20:03] [抽出] SKIP_PDF_NOT_TANSHIN: title=2026年１月期 通期決算説明資料
[14:20:03] [INGEST] doc_id=182601b5441f1a80 status=skipped_not_tanshin title=2026年１月期 通期決算説明資料
[14:20:03] [INGEST] run=ingest-3b13e692 processed=2 success=0 skipped=2 error=0 (tanshin=2) SKIP_NOT_TANSHIN_TITLE=2
[14:20:03] [filings_ingest] done total=2 success=0 errors=0
[14:20:03] [pipeline_run] finished: ingest status=done elapsed=0.7s id=39 processed=2 success=0 failed=0
[2026/03/12 14:20:03.44] Finished (exit=0) 
[2026/03/12 14:30:02.11] Starting ingest 
[14:30:02] [db] config: write_key_type=service_role read_key_type=service_role
[14:30:02] [pipeline_run] started: ingest (id=40, trigger=scheduler)
[14:30:02] [filings_ingest] start dry_run=False company_code=ALL
[14:30:02] [API] yanoshin.jp APIから取得中: https://webapi.yanoshin.jp/webapi/tdnet/list/today.json
[14:30:03] [API] detected_schema=items, raw_items_count=37
[14:30:03] [API] first_item_preview: id=219c51beb546..., pubdate=2026-03-12 14:00:00, title=主要株主及びその他の関係会社の異動に関するお知らせ, code=3845
[14:30:03] [API] fetched_count=37
[14:30:03] [API] skip_reason=instrument_excluded, code=13494, name=Ｅ－ＳＳＧＡ－ＳＩＮ, title=アジア国債・公債ＥＴＦ（正式名称：ＡＢＦ汎アジア債券インデックス・ファンド）に関する日々の開示事項
[14:30:03] [API] skip_reason=instrument_excluded, code=15574, name=Ｅ－ＳＳＧＡＴＣ, title=State Street SPDR S&amp;P500 ETFに関する日々の開示事項
[14:30:03] [API] skip_reason=instrument_excluded, code=20704, name=Ｎ－三菱ＵＦＪ証ＨＤ, title=上場ETN（発行者：三菱UFJ証券ホールディングス株式会社）に関する日々の開示事項
[14:30:03] [API] skip_reason=instrument_excluded, code=2628, name=ｉＦ中国科創板５０, title=上場投資信託（ETF）の投資信託約款変更のお知らせ
[14:30:03] [API] skip_reason=instrument_excluded, code=2629, name=ｉＦ中国ＧＢＡ１００, title=上場投資信託（ETF）の投資信託約款変更のお知らせ
[14:30:03] [API] skip_reason=instrument_excluded, code=16724, name=Ｅ－ＷｉｓｄｏｍＴｒ, title=上場ETF（管理会社：WisdomTree、外国投資法人：MSL）に関する日々の開示事項　
[14:30:03] [API] skip_reason=instrument_excluded, code=16724, name=Ｅ－ＷｉｓｄｏｍＴｒ, title=上場ETF（管理会社：WisdomTree、外国投資法人：CSL）に関する日々の開示事項　
[14:30:03] [API] skip_reason=instrument_excluded, code=16714, name=Ｅ－シンプレクス, title=上場ＥＴＦ(管理会社：シンプレクス・アセット・マネジメント)に関する日々の開示事項
[14:30:03] [API] skip_reason=instrument_excluded, code=13294, name=Ｅ－ブラックロック, title=上場ETF（管理会社：ブラックロック・ジャパン）に関する日々の開示事項
[14:30:03] [API] instrument_skipped_count=9
[14:30:03] [API] fetched_count=37, filtered_count=4, forecast_revision_count=0, financial_statement_count=4
[14:30:03] [API] new_count=2 already_processed=2 already_processed_financial_statement=2 new_financial_statement=2
[14:30:03] [API] already_processed_tickers=6535,6696
[14:30:03] [INGEST] run=ingest-a1f9ad3d new_items=2 target_statements=2 non_target=0 (forecast_revision=0, other=0)
[14:30:03] [DL] 既にダウンロード済み: data\docs\140120260311579677.pdf
[14:30:03] [抽出] SKIP_PDF_NOT_TANSHIN: title=2026年７月期 第２四半期決算説明資料
[14:30:03] [INGEST] doc_id=f47cea3ce6a2cd77 status=skipped_not_tanshin title=2026年７月期 第２四半期決算説明資料
[14:30:03] [DL] 既にダウンロード済み: data\docs\140120260312580388.pdf
[14:30:03] [抽出] SKIP_PDF_NOT_TANSHIN: title=2026年１月期 通期決算説明資料
[14:30:03] [INGEST] doc_id=182601b5441f1a80 status=skipped_not_tanshin title=2026年１月期 通期決算説明資料
[14:30:03] [INGEST] run=ingest-a1f9ad3d processed=2 success=0 skipped=2 error=0 (tanshin=2) SKIP_NOT_TANSHIN_TITLE=2
[14:30:03] [filings_ingest] done total=2 success=0 errors=0
[14:30:03] [pipeline_run] finished: ingest status=done elapsed=0.7s id=40 processed=2 success=0 failed=0
[2026/03/12 14:30:03.39] Finished (exit=0) 
[2026/03/12 14:40:02.04] Starting ingest 
[14:40:02] [db] config: write_key_type=service_role read_key_type=service_role
[14:40:02] [pipeline_run] started: ingest (id=41, trigger=scheduler)
[14:40:02] [filings_ingest] start dry_run=False company_code=ALL
[14:40:02] [API] yanoshin.jp APIから取得中: https://webapi.yanoshin.jp/webapi/tdnet/list/today.json
[14:40:02] [API] detected_schema=items, raw_items_count=37
[14:40:02] [API] first_item_preview: id=219c51beb546..., pubdate=2026-03-12 14:00:00, title=主要株主及びその他の関係会社の異動に関するお知らせ, code=3845
[14:40:03] [API] fetched_count=37
[14:40:03] [API] skip_reason=instrument_excluded, code=13494, name=Ｅ－ＳＳＧＡ－ＳＩＮ, title=アジア国債・公債ＥＴＦ（正式名称：ＡＢＦ汎アジア債券インデックス・ファンド）に関する日々の開示事項
[14:40:03] [API] skip_reason=instrument_excluded, code=15574, name=Ｅ－ＳＳＧＡＴＣ, title=State Street SPDR S&amp;P500 ETFに関する日々の開示事項
[14:40:03] [API] skip_reason=instrument_excluded, code=20704, name=Ｎ－三菱ＵＦＪ証ＨＤ, title=上場ETN（発行者：三菱UFJ証券ホールディングス株式会社）に関する日々の開示事項
[14:40:03] [API] skip_reason=instrument_excluded, code=2628, name=ｉＦ中国科創板５０, title=上場投資信託（ETF）の投資信託約款変更のお知らせ
[14:40:03] [API] skip_reason=instrument_excluded, code=2629, name=ｉＦ中国ＧＢＡ１００, title=上場投資信託（ETF）の投資信託約款変更のお知らせ
[14:40:03] [API] skip_reason=instrument_excluded, code=16724, name=Ｅ－ＷｉｓｄｏｍＴｒ, title=上場ETF（管理会社：WisdomTree、外国投資法人：MSL）に関する日々の開示事項　
[14:40:03] [API] skip_reason=instrument_excluded, code=16724, name=Ｅ－ＷｉｓｄｏｍＴｒ, title=上場ETF（管理会社：WisdomTree、外国投資法人：CSL）に関する日々の開示事項　
[14:40:03] [API] skip_reason=instrument_excluded, code=16714, name=Ｅ－シンプレクス, title=上場ＥＴＦ(管理会社：シンプレクス・アセット・マネジメント)に関する日々の開示事項
[14:40:03] [API] skip_reason=instrument_excluded, code=13294, name=Ｅ－ブラックロック, title=上場ETF（管理会社：ブラックロック・ジャパン）に関する日々の開示事項
[14:40:03] [API] instrument_skipped_count=9
[14:40:03] [API] fetched_count=37, filtered_count=4, forecast_revision_count=0, financial_statement_count=4
[14:40:03] [API] new_count=2 already_processed=2 already_processed_financial_statement=2 new_financial_statement=2
[14:40:03] [API] already_processed_tickers=6535,6696
[14:40:03] [INGEST] run=ingest-ebd7634d new_items=2 target_statements=2 non_target=0 (forecast_revision=0, other=0)
[14:40:03] [DL] 既にダウンロード済み: data\docs\140120260311579677.pdf
[14:40:03] [抽出] SKIP_PDF_NOT_TANSHIN: title=2026年７月期 第２四半期決算説明資料
[14:40:03] [INGEST] doc_id=f47cea3ce6a2cd77 status=skipped_not_tanshin title=2026年７月期 第２四半期決算説明資料
[14:40:03] [DL] 既にダウンロード済み: data\docs\140120260312580388.pdf
[14:40:03] [抽出] SKIP_PDF_NOT_TANSHIN: title=2026年１月期 通期決算説明資料
[14:40:03] [INGEST] doc_id=182601b5441f1a80 status=skipped_not_tanshin title=2026年１月期 通期決算説明資料
[14:40:03] [INGEST] run=ingest-ebd7634d processed=2 success=0 skipped=2 error=0 (tanshin=2) SKIP_NOT_TANSHIN_TITLE=2
[14:40:03] [filings_ingest] done total=2 success=0 errors=0
[14:40:03] [pipeline_run] finished: ingest status=done elapsed=0.7s id=41 processed=2 success=0 failed=0
[2026/03/12 14:40:03.28] Finished (exit=0) 
[2026/03/12 14:50:02.02] Starting ingest 
[14:50:02] [db] config: write_key_type=service_role read_key_type=service_role
[14:50:02] [pipeline_run] started: ingest (id=42, trigger=scheduler)
[14:50:02] [filings_ingest] start dry_run=False company_code=ALL
[14:50:02] [API] yanoshin.jp APIから取得中: https://webapi.yanoshin.jp/webapi/tdnet/list/today.json
[14:50:02] [API] detected_schema=items, raw_items_count=39
[14:50:02] [API] first_item_preview: id=2116a6cc6804..., pubdate=2026-03-12 14:30:00, title=特別利益（投資有価証券売却益）の計上見込みに関するお知らせ, code=6358
[14:50:02] [API] fetched_count=39
[14:50:02] [API] skip_reason=instrument_excluded, code=13494, name=Ｅ－ＳＳＧＡ－ＳＩＮ, title=アジア国債・公債ＥＴＦ（正式名称：ＡＢＦ汎アジア債券インデックス・ファンド）に関する日々の開示事項
[14:50:02] [API] skip_reason=instrument_excluded, code=15574, name=Ｅ－ＳＳＧＡＴＣ, title=State Street SPDR S&amp;P500 ETFに関する日々の開示事項
[14:50:02] [API] skip_reason=instrument_excluded, code=20704, name=Ｎ－三菱ＵＦＪ証ＨＤ, title=上場ETN（発行者：三菱UFJ証券ホールディングス株式会社）に関する日々の開示事項
[14:50:02] [API] skip_reason=instrument_excluded, code=2628, name=ｉＦ中国科創板５０, title=上場投資信託（ETF）の投資信託約款変更のお知らせ
[14:50:02] [API] skip_reason=instrument_excluded, code=2629, name=ｉＦ中国ＧＢＡ１００, title=上場投資信託（ETF）の投資信託約款変更のお知らせ
[14:50:02] [API] skip_reason=instrument_excluded, code=16724, name=Ｅ－ＷｉｓｄｏｍＴｒ, title=上場ETF（管理会社：WisdomTree、外国投資法人：MSL）に関する日々の開示事項　
[14:50:02] [API] skip_reason=instrument_excluded, code=16724, name=Ｅ－ＷｉｓｄｏｍＴｒ, title=上場ETF（管理会社：WisdomTree、外国投資法人：CSL）に関する日々の開示事項　
[14:50:02] [API] skip_reason=instrument_excluded, code=16714, name=Ｅ－シンプレクス, title=上場ＥＴＦ(管理会社：シンプレクス・アセット・マネジメント)に関する日々の開示事項
[14:50:02] [API] skip_reason=instrument_excluded, code=13294, name=Ｅ－ブラックロック, title=上場ETF（管理会社：ブラックロック・ジャパン）に関する日々の開示事項
[14:50:02] [API] instrument_skipped_count=9
[14:50:02] [API] fetched_count=39, filtered_count=5, forecast_revision_count=1, financial_statement_count=4
[14:50:02] [API] new_count=3 already_processed=2 already_processed_financial_statement=2 new_financial_statement=2
[14:50:02] [API] already_processed_tickers=6535,6696
[14:50:02] [INGEST] run=ingest-20960f75 new_items=3 target_statements=2 non_target=1 (forecast_revision=1, other=0)
[14:50:02] [DL] 既にダウンロード済み: data\docs\140120260311579677.pdf
[14:50:03] [抽出] SKIP_PDF_NOT_TANSHIN: title=2026年７月期 第２四半期決算説明資料
[14:50:03] [INGEST] doc_id=f47cea3ce6a2cd77 status=skipped_not_tanshin title=2026年７月期 第２四半期決算説明資料
[14:50:03] [DL] 既にダウンロード済み: data\docs\140120260312580388.pdf
[14:50:03] [抽出] SKIP_PDF_NOT_TANSHIN: title=2026年１月期 通期決算説明資料
[14:50:03] [INGEST] doc_id=182601b5441f1a80 status=skipped_not_tanshin title=2026年１月期 通期決算説明資料
[14:50:03] [INGEST] run=ingest-20960f75 processed=2 success=0 skipped=2 error=0 (tanshin=2) SKIP_NOT_TANSHIN_TITLE=2
[14:50:03] [filings_ingest] done total=2 success=0 errors=0
[14:50:03] [pipeline_run] finished: ingest status=done elapsed=0.7s id=42 processed=2 success=0 failed=0
[2026/03/12 14:50:03.22] Finished (exit=0) 
[2026/03/12 15:00:02.04] Starting ingest 
[15:00:02] [db] config: write_key_type=service_role read_key_type=service_role
[15:00:03] [pipeline_run] started: ingest (id=43, trigger=scheduler)
[15:00:03] [filings_ingest] start dry_run=False company_code=ALL
[15:00:03] [API] yanoshin.jp APIから取得中: https://webapi.yanoshin.jp/webapi/tdnet/list/today.json
[15:00:03] [API] detected_schema=items, raw_items_count=39
[15:00:03] [API] first_item_preview: id=2116a6cc6804..., pubdate=2026-03-12 14:30:00, title=特別利益（投資有価証券売却益）の計上見込みに関するお知らせ, code=6358
[15:00:03] [API] fetched_count=39
[15:00:03] [API] skip_reason=instrument_excluded, code=13494, name=Ｅ－ＳＳＧＡ－ＳＩＮ, title=アジア国債・公債ＥＴＦ（正式名称：ＡＢＦ汎アジア債券インデックス・ファンド）に関する日々の開示事項
[15:00:03] [API] skip_reason=instrument_excluded, code=15574, name=Ｅ－ＳＳＧＡＴＣ, title=State Street SPDR S&amp;P500 ETFに関する日々の開示事項
[15:00:03] [API] skip_reason=instrument_excluded, code=20704, name=Ｎ－三菱ＵＦＪ証ＨＤ, title=上場ETN（発行者：三菱UFJ証券ホールディングス株式会社）に関する日々の開示事項
[15:00:03] [API] skip_reason=instrument_excluded, code=2628, name=ｉＦ中国科創板５０, title=上場投資信託（ETF）の投資信託約款変更のお知らせ
[15:00:03] [API] skip_reason=instrument_excluded, code=2629, name=ｉＦ中国ＧＢＡ１００, title=上場投資信託（ETF）の投資信託約款変更のお知らせ
[15:00:03] [API] skip_reason=instrument_excluded, code=16724, name=Ｅ－ＷｉｓｄｏｍＴｒ, title=上場ETF（管理会社：WisdomTree、外国投資法人：MSL）に関する日々の開示事項　
[15:00:03] [API] skip_reason=instrument_excluded, code=16724, name=Ｅ－ＷｉｓｄｏｍＴｒ, title=上場ETF（管理会社：WisdomTree、外国投資法人：CSL）に関する日々の開示事項　
[15:00:03] [API] skip_reason=instrument_excluded, code=16714, name=Ｅ－シンプレクス, title=上場ＥＴＦ(管理会社：シンプレクス・アセット・マネジメント)に関する日々の開示事項
[15:00:03] [API] skip_reason=instrument_excluded, code=13294, name=Ｅ－ブラックロック, title=上場ETF（管理会社：ブラックロック・ジャパン）に関する日々の開示事項
[15:00:03] [API] instrument_skipped_count=9
[15:00:03] [API] fetched_count=39, filtered_count=5, forecast_revision_count=1, financial_statement_count=4
[15:00:03] [API] new_count=3 already_processed=2 already_processed_financial_statement=2 new_financial_statement=2
[15:00:03] [API] already_processed_tickers=6535,6696
[15:00:03] [INGEST] run=ingest-839c9a6d new_items=3 target_statements=2 non_target=1 (forecast_revision=1, other=0)
[15:00:03] [DL] 既にダウンロード済み: data\docs\140120260311579677.pdf
[15:00:03] [抽出] SKIP_PDF_NOT_TANSHIN: title=2026年７月期 第２四半期決算説明資料
[15:00:03] [INGEST] doc_id=f47cea3ce6a2cd77 status=skipped_not_tanshin title=2026年７月期 第２四半期決算説明資料
[15:00:03] [DL] 既にダウンロード済み: data\docs\140120260312580388.pdf
[15:00:03] [抽出] SKIP_PDF_NOT_TANSHIN: title=2026年１月期 通期決算説明資料
[15:00:03] [INGEST] doc_id=182601b5441f1a80 status=skipped_not_tanshin title=2026年１月期 通期決算説明資料
[15:00:03] [INGEST] run=ingest-839c9a6d processed=2 success=0 skipped=2 error=0 (tanshin=2) SKIP_NOT_TANSHIN_TITLE=2
[15:00:03] [filings_ingest] done total=2 success=0 errors=0
[15:00:03] [pipeline_run] finished: ingest status=done elapsed=0.7s id=43 processed=2 success=0 failed=0
[2026/03/12 15:00:03.78] Finished (exit=0) 
[2026/03/12 15:10:02.66] Starting ingest 
[15:10:02] [db] config: write_key_type=service_role read_key_type=service_role
[15:10:03] [pipeline_run] started: ingest (id=44, trigger=scheduler)
[15:10:04] [filings_ingest] start dry_run=False company_code=ALL
[15:10:04] [API] yanoshin.jp APIから取得中: https://webapi.yanoshin.jp/webapi/tdnet/list/today.json
[15:10:04] [API] detected_schema=items, raw_items_count=45
[15:10:04] [API] first_item_preview: id=79b482684f78..., pubdate=2026-03-12 15:00:00, title=2026年10月期　第１四半期決算短信〔日本基準〕（連結）, code=2198
[15:10:04] [API] fetched_count=45
[15:10:04] [API] skip_reason=instrument_excluded, code=13494, name=Ｅ－ＳＳＧＡ－ＳＩＮ, title=アジア国債・公債ＥＴＦ（正式名称：ＡＢＦ汎アジア債券インデックス・ファンド）に関する日々の開示事項
[15:10:04] [API] skip_reason=instrument_excluded, code=15574, name=Ｅ－ＳＳＧＡＴＣ, title=State Street SPDR S&amp;P500 ETFに関する日々の開示事項
[15:10:04] [API] skip_reason=instrument_excluded, code=20704, name=Ｎ－三菱ＵＦＪ証ＨＤ, title=上場ETN（発行者：三菱UFJ証券ホールディングス株式会社）に関する日々の開示事項
[15:10:04] [API] skip_reason=instrument_excluded, code=2628, name=ｉＦ中国科創板５０, title=上場投資信託（ETF）の投資信託約款変更のお知らせ
[15:10:04] [API] skip_reason=instrument_excluded, code=2629, name=ｉＦ中国ＧＢＡ１００, title=上場投資信託（ETF）の投資信託約款変更のお知らせ
[15:10:04] [API] skip_reason=instrument_excluded, code=16724, name=Ｅ－ＷｉｓｄｏｍＴｒ, title=上場ETF（管理会社：WisdomTree、外国投資法人：MSL）に関する日々の開示事項　
[15:10:04] [API] skip_reason=instrument_excluded, code=16724, name=Ｅ－ＷｉｓｄｏｍＴｒ, title=上場ETF（管理会社：WisdomTree、外国投資法人：CSL）に関する日々の開示事項　
[15:10:04] [API] skip_reason=instrument_excluded, code=16714, name=Ｅ－シンプレクス, title=上場ＥＴＦ(管理会社：シンプレクス・アセット・マネジメント)に関する日々の開示事項
[15:10:04] [API] skip_reason=instrument_excluded, code=13294, name=Ｅ－ブラックロック, title=上場ETF（管理会社：ブラックロック・ジャパン）に関する日々の開示事項
[15:10:04] [API] instrument_skipped_count=9
[15:10:04] [API] fetched_count=45, filtered_count=8, forecast_revision_count=1, financial_statement_count=7
[15:10:04] [API] new_count=6 already_processed=2 already_processed_financial_statement=2 new_financial_statement=5
[15:10:04] [API] already_processed_tickers=6535,6696
[15:10:04] [INGEST] run=ingest-ade86665 new_items=6 target_statements=5 non_target=1 (forecast_revision=1, other=0)
[15:10:04] [DL] ダウンロード中: https://webapi.yanoshin.jp/rd.php?https://www.release.tdnet.info/inbs/140120260226570598.pdf
[15:10:04] [DL] 保存完了: data\docs\140120260226570598.pdf (185.5KB)
[15:10:04] [DL] ダウンロード中: https://webapi.yanoshin.jp/rd.php?https://www.release.tdnet.info/inbs/081220260226570598.zip
[15:10:04] [DL] 保存完了: data\docs\081220260226570598.zip (59.0KB)
[15:10:04] [抽出] XBRL抽出を試行: data\docs\081220260226570598.zip
[15:10:04] [XBRL] 未知の財務タグ検出: ['tse-ed-t:ChangeInComprehensiveIncome', 'tse-ed-t:ChangeInNetSales', 'tse-ed-t:ChangeInOperatingIncome', 'tse-ed-t:ChangeInOrdinaryIncome', 'tse-ed-t:ChangeInProfitAttributableToOwnersOfParent', 'tse-ed-t:ComprehensiveIncome', 'tse-ed-t:DilutedNetIncomePerShare', 'tse-ed-t:NetIncomePerShare', 'tse-ed-t:ProfitAttributableToOwnersOfParent']
[15:10:04] [XBRL] Summary抽出成功: XBRLData/Summary/tse-qcedjpsm-21980-20260226570598-ixbrl.htm
[15:10:04] [XBRL] Summary不足項目: ['gross_profit', 'cost_of_sales'], PL Attachment候補: 1
[15:10:04] [XBRL] 未知の財務タグ検出: ['jppfs_cor:ExtraordinaryIncome', 'jppfs_cor:ExtraordinaryLoss', 'jppfs_cor:GainOnSalesOfNoncurrentAssetsEI', 'jppfs_cor:IncomeBeforeIncomeTaxes', 'jppfs_cor:IncomeTaxes', 'jppfs_cor:IncomeTaxesCurrent', 'jppfs_cor:IncomeTaxesDeferred', 'jppfs_cor:InterestIncomeNOI', 'jppfs_cor:LossOnRetirementOfNoncurrentAssetsEL', 'jppfs_cor:NonOperatingExpenses', 'jppfs_cor:NonOperatingIncome', 'jppfs_cor:ProfitLoss', 'jppfs_cor:ProfitLossAttributableToNonControllingInterests', 'jppfs_cor:ProfitLossAttributableToOwnersOfParent']
[15:10:04] [XBRL] PL Attachment抽出成功: XBRLData/Attachment/0102010-qcpl11-tse-qcedjpfr-21980-2026-01-31-01-2026-03-12-ixbrl.htm
[15:10:04] [XBRL] Attachment補完: gross_profit=3254764000
[15:10:04] [XBRL] Attachment補完: cost_of_sales=2243162000
[15:10:04] [抽出] XBRL抽出成功: sales=5497000000, gp=3254764000, op=440000000
[15:10:04] [INGEST] doc_id=79b482684f780a72 zip_hash=952487bc77f35c91d260b6c613a3d9e8e82ee49a1948e7779c7eaa05ed117d7e status=success 2198 2026-10-31 1Q sales=5497000000 gp=3254764000 op=440000000
[15:10:05] [v2] セグメント抽出成功: 2件, engine=v2, unit=千円, profit_role=
[15:10:05] [SEGMENT] 2198 1Q 顧客との契約から生じ: sales=4581.932 profit=None (inserted)
[15:10:05] [SEGMENT] 2198 1Q 外部顧客への売上高: sales=4581.932 profit=None (inserted)
[15:10:06] [DL] ダウンロード中: https://webapi.yanoshin.jp/rd.php?https://www.release.tdnet.info/inbs/140120260311580112.pdf
[15:10:06] [DL] 保存完了: data\docs\140120260311580112.pdf (6588.0KB)
[15:10:06] [抽出] SKIP_PDF_NOT_TANSHIN: title=2026年10月期　第1四半期決算（補足資料）
[15:10:06] [INGEST] doc_id=18ecb4c90e668406 status=skipped_not_tanshin title=2026年10月期　第1四半期決算（補足資料）
[15:10:06] [DL] ダウンロード中: https://webapi.yanoshin.jp/rd.php?https://www.release.tdnet.info/inbs/140120260312580332.pdf
[15:10:07] [DL] 保存完了: data\docs\140120260312580332.pdf (635.6KB)
[15:10:07] [DL] ダウンロード中: https://webapi.yanoshin.jp/rd.php?https://www.release.tdnet.info/inbs/081220260312580332.zip
[15:10:07] [DL] 保存完了: data\docs\081220260312580332.zip (99.4KB)
[15:10:07] [抽出] XBRL抽出を試行: data\docs\081220260312580332.zip
[15:10:07] [XBRL] 未知の財務タグ検出: ['tse-ed-t:CashFlowsFromOperatingActivities', 'tse-ed-t:ChangeInComprehensiveIncome', 'tse-ed-t:ChangeInNetIncome', 'tse-ed-t:ChangeInNetSales', 'tse-ed-t:ChangeInOperatingIncome', 'tse-ed-t:ChangeInOrdinaryIncome', 'tse-ed-t:ChangeInProfitAttributableToOwnersOfParent', 'tse-ed-t:ComprehensiveIncome', 'tse-ed-t:DilutedNetIncomePerShare', 'tse-ed-t:InvestmentProfitLossOnEquityMethod', 'tse-ed-t:NetIncome', 'tse-ed-t:NetIncomePerShare', 'tse-ed-t:NetIncomeToShareholdersEquityRatio', 'tse-ed-t:OperatingIncomeToNetSalesRatio', 'tse-ed-t:OrdinaryIncomeToTotalAssetsRatio', 'tse-ed-t:ProfitAttributableToOwnersOfParent']
[15:10:07] [XBRL] Summary抽出成功: XBRLData/Summary/tse-acedjpsm-61840-20260312361840-ixbrl.htm
[15:10:07] [XBRL] Summary不足項目: ['gross_profit', 'cost_of_sales'], PL Attachment候補: 1
[15:10:07] [XBRL] 未知の財務タグ検出: ['jppfs_cor:ExtraordinaryIncome', 'jppfs_cor:ExtraordinaryLoss', 'jppfs_cor:ForeignExchangeLossesNOE', 'jppfs_cor:ImpairmentLossEL', 'jppfs_cor:IncomeBeforeIncomeTaxes', 'jppfs_cor:IncomeTaxes', 'jppfs_cor:IncomeTaxesCurrent', 'jppfs_cor:IncomeTaxesDeferred', 'jppfs_cor:InterestIncomeNOI', 'jppfs_cor:LossOnRetirementOfNoncurrentAssetsEL', 'jppfs_cor:LossOnSalesOfNoncurrentAssetsEL', 'jppfs_cor:NonOperatingExpenses', 'jppfs_cor:NonOperatingIncome', 'jppfs_cor:ProfitLoss', 'jppfs_cor:ProfitLossAttributableToNonControllingInterests', 'jppfs_cor:ProfitLossAttributableToOwnersOfParent']
[15:10:07] [XBRL] PL Attachment抽出成功: XBRLData/Attachment/0301000-acpl01-tse-acedjpfr-61840-2026-01-31-01-2026-03-12-ixbrl.htm
[15:10:07] [XBRL] Attachment補完: gross_profit=4580508000
[15:10:07] [XBRL] Attachment補完: cost_of_sales=3755011000
[15:10:07] [抽出] XBRL抽出成功: sales=8335000000, gp=4580508000, op=1161000000
[15:10:07] [INGEST] doc_id=d236367c74640624 zip_hash=18cc4eb5b8787df0349d037bb1a6f9be43d4b7f4e361ba8b71f17b5a41208abc status=parse_failed reason=年度/Q不明: year=R8/1, q=
[15:10:07] [DL] 既にダウンロード済み: data\docs\140120260311579677.pdf
[15:10:07] [抽出] SKIP_PDF_NOT_TANSHIN: title=2026年７月期 第２四半期決算説明資料
[15:10:07] [INGEST] doc_id=f47cea3ce6a2cd77 status=skipped_not_tanshin title=2026年７月期 第２四半期決算説明資料
[15:10:07] [DL] 既にダウンロード済み: data\docs\140120260312580388.pdf
[15:10:07] [抽出] SKIP_PDF_NOT_TANSHIN: title=2026年１月期 通期決算説明資料
[15:10:07] [INGEST] doc_id=182601b5441f1a80 status=skipped_not_tanshin title=2026年１月期 通期決算説明資料
[15:10:07] [INGEST] run=ingest-ade86665 processed=5 success=1 skipped=3 error=1 (tanshin=5) SKIP_NOT_TANSHIN_TITLE=3
[15:10:07] [filings_ingest] done total=5 success=0 errors=1
[15:10:08] [pipeline_run] finished: ingest status=done elapsed=4.4s id=44 processed=5 success=0 failed=0
[2026/03/12 15:10:08.10] Finished (exit=0) 
[2026/03/12 15:20:02.05] Starting ingest 
[15:20:02] [db] config: write_key_type=service_role read_key_type=service_role
[15:20:03] [pipeline_run] started: ingest (id=45, trigger=scheduler)
[15:20:03] [filings_ingest] start dry_run=False company_code=ALL
[15:20:03] [API] yanoshin.jp APIから取得中: https://webapi.yanoshin.jp/webapi/tdnet/list/today.json
[15:20:03] [API] detected_schema=items, raw_items_count=45
[15:20:03] [API] first_item_preview: id=79b482684f78..., pubdate=2026-03-12 15:00:00, title=2026年10月期　第１四半期決算短信〔日本基準〕（連結）, code=2198
[15:20:03] [API] fetched_count=45
[15:20:03] [API] skip_reason=instrument_excluded, code=13494, name=Ｅ－ＳＳＧＡ－ＳＩＮ, title=アジア国債・公債ＥＴＦ（正式名称：ＡＢＦ汎アジア債券インデックス・ファンド）に関する日々の開示事項
[15:20:03] [API] skip_reason=instrument_excluded, code=15574, name=Ｅ－ＳＳＧＡＴＣ, title=State Street SPDR S&amp;P500 ETFに関する日々の開示事項
[15:20:03] [API] skip_reason=instrument_excluded, code=20704, name=Ｎ－三菱ＵＦＪ証ＨＤ, title=上場ETN（発行者：三菱UFJ証券ホールディングス株式会社）に関する日々の開示事項
[15:20:03] [API] skip_reason=instrument_excluded, code=2628, name=ｉＦ中国科創板５０, title=上場投資信託（ETF）の投資信託約款変更のお知らせ
[15:20:03] [API] skip_reason=instrument_excluded, code=2629, name=ｉＦ中国ＧＢＡ１００, title=上場投資信託（ETF）の投資信託約款変更のお知らせ
[15:20:03] [API] skip_reason=instrument_excluded, code=16724, name=Ｅ－ＷｉｓｄｏｍＴｒ, title=上場ETF（管理会社：WisdomTree、外国投資法人：MSL）に関する日々の開示事項　
[15:20:03] [API] skip_reason=instrument_excluded, code=16724, name=Ｅ－ＷｉｓｄｏｍＴｒ, title=上場ETF（管理会社：WisdomTree、外国投資法人：CSL）に関する日々の開示事項　
[15:20:03] [API] skip_reason=instrument_excluded, code=16714, name=Ｅ－シンプレクス, title=上場ＥＴＦ(管理会社：シンプレクス・アセット・マネジメント)に関する日々の開示事項
[15:20:03] [API] skip_reason=instrument_excluded, code=13294, name=Ｅ－ブラックロック, title=上場ETF（管理会社：ブラックロック・ジャパン）に関する日々の開示事項
[15:20:03] [API] instrument_skipped_count=9
[15:20:03] [API] fetched_count=45, filtered_count=8, forecast_revision_count=1, financial_statement_count=7
[15:20:03] [API] new_count=4 already_processed=4 already_processed_financial_statement=4 new_financial_statement=3
[15:20:03] [API] already_processed_tickers=2198,6184,6535,6696
[15:20:03] [INGEST] run=ingest-2552e02d new_items=4 target_statements=3 non_target=1 (forecast_revision=1, other=0)
[15:20:03] [DL] 既にダウンロード済み: data\docs\140120260311580112.pdf
[15:20:04] [抽出] SKIP_PDF_NOT_TANSHIN: title=2026年10月期　第1四半期決算（補足資料）
[15:20:04] [INGEST] doc_id=18ecb4c90e668406 status=skipped_not_tanshin title=2026年10月期　第1四半期決算（補足資料）
[15:20:04] [DL] 既にダウンロード済み: data\docs\140120260311579677.pdf
[15:20:04] [抽出] SKIP_PDF_NOT_TANSHIN: title=2026年７月期 第２四半期決算説明資料
[15:20:04] [INGEST] doc_id=f47cea3ce6a2cd77 status=skipped_not_tanshin title=2026年７月期 第２四半期決算説明資料
[15:20:04] [DL] 既にダウンロード済み: data\docs\140120260312580388.pdf
[15:20:04] [抽出] SKIP_PDF_NOT_TANSHIN: title=2026年１月期 通期決算説明資料
[15:20:04] [INGEST] doc_id=182601b5441f1a80 status=skipped_not_tanshin title=2026年１月期 通期決算説明資料
[15:20:04] [INGEST] run=ingest-2552e02d processed=3 success=0 skipped=3 error=0 (tanshin=3) SKIP_NOT_TANSHIN_TITLE=3
[15:20:04] [filings_ingest] done total=3 success=0 errors=0
[15:20:04] [pipeline_run] finished: ingest status=done elapsed=0.9s id=45 processed=3 success=0 failed=0
[2026/03/12 15:20:04.42] Finished (exit=0) 
[2026/03/12 15:30:02.03] Starting ingest 
[15:30:02] [db] config: write_key_type=service_role read_key_type=service_role
[15:30:03] [pipeline_run] started: ingest (id=46, trigger=scheduler)
[15:30:03] [filings_ingest] start dry_run=False company_code=ALL
[15:30:03] [API] yanoshin.jp APIから取得中: https://webapi.yanoshin.jp/webapi/tdnet/list/today.json
[15:30:03] [API] detected_schema=items, raw_items_count=45
[15:30:03] [API] first_item_preview: id=79b482684f78..., pubdate=2026-03-12 15:00:00, title=2026年10月期　第１四半期決算短信〔日本基準〕（連結）, code=2198
[15:30:03] [API] fetched_count=45
[15:30:03] [API] skip_reason=instrument_excluded, code=13494, name=Ｅ－ＳＳＧＡ－ＳＩＮ, title=アジア国債・公債ＥＴＦ（正式名称：ＡＢＦ汎アジア債券インデックス・ファンド）に関する日々の開示事項
[15:30:03] [API] skip_reason=instrument_excluded, code=15574, name=Ｅ－ＳＳＧＡＴＣ, title=State Street SPDR S&amp;P500 ETFに関する日々の開示事項
[15:30:03] [API] skip_reason=instrument_excluded, code=20704, name=Ｎ－三菱ＵＦＪ証ＨＤ, title=上場ETN（発行者：三菱UFJ証券ホールディングス株式会社）に関する日々の開示事項
[15:30:03] [API] skip_reason=instrument_excluded, code=2628, name=ｉＦ中国科創板５０, title=上場投資信託（ETF）の投資信託約款変更のお知らせ
[15:30:03] [API] skip_reason=instrument_excluded, code=2629, name=ｉＦ中国ＧＢＡ１００, title=上場投資信託（ETF）の投資信託約款変更のお知らせ
[15:30:03] [API] skip_reason=instrument_excluded, code=16724, name=Ｅ－ＷｉｓｄｏｍＴｒ, title=上場ETF（管理会社：WisdomTree、外国投資法人：MSL）に関する日々の開示事項　
[15:30:03] [API] skip_reason=instrument_excluded, code=16724, name=Ｅ－ＷｉｓｄｏｍＴｒ, title=上場ETF（管理会社：WisdomTree、外国投資法人：CSL）に関する日々の開示事項　
[15:30:03] [API] skip_reason=instrument_excluded, code=16714, name=Ｅ－シンプレクス, title=上場ＥＴＦ(管理会社：シンプレクス・アセット・マネジメント)に関する日々の開示事項
[15:30:03] [API] skip_reason=instrument_excluded, code=13294, name=Ｅ－ブラックロック, title=上場ETF（管理会社：ブラックロック・ジャパン）に関する日々の開示事項
[15:30:03] [API] instrument_skipped_count=9
[15:30:03] [API] fetched_count=45, filtered_count=8, forecast_revision_count=1, financial_statement_count=7
[15:30:03] [API] new_count=4 already_processed=4 already_processed_financial_statement=4 new_financial_statement=3
[15:30:03] [API] already_processed_tickers=2198,6184,6535,6696
[15:30:03] [INGEST] run=ingest-1b120b3b new_items=4 target_statements=3 non_target=1 (forecast_revision=1, other=0)
[15:30:03] [DL] 既にダウンロード済み: data\docs\140120260311580112.pdf
[15:30:03] [抽出] SKIP_PDF_NOT_TANSHIN: title=2026年10月期　第1四半期決算（補足資料）
[15:30:03] [INGEST] doc_id=18ecb4c90e668406 status=skipped_not_tanshin title=2026年10月期　第1四半期決算（補足資料）
[15:30:03] [DL] 既にダウンロード済み: data\docs\140120260311579677.pdf
[15:30:03] [抽出] SKIP_PDF_NOT_TANSHIN: title=2026年７月期 第２四半期決算説明資料
[15:30:03] [INGEST] doc_id=f47cea3ce6a2cd77 status=skipped_not_tanshin title=2026年７月期 第２四半期決算説明資料
[15:30:03] [DL] 既にダウンロード済み: data\docs\140120260312580388.pdf
[15:30:03] [抽出] SKIP_PDF_NOT_TANSHIN: title=2026年１月期 通期決算説明資料
[15:30:03] [INGEST] doc_id=182601b5441f1a80 status=skipped_not_tanshin title=2026年１月期 通期決算説明資料
[15:30:03] [INGEST] run=ingest-1b120b3b processed=3 success=0 skipped=3 error=0 (tanshin=3) SKIP_NOT_TANSHIN_TITLE=3
[15:30:03] [filings_ingest] done total=3 success=0 errors=0
[15:30:04] [pipeline_run] finished: ingest status=done elapsed=0.8s id=46 processed=3 success=0 failed=0
[2026/03/12 15:30:04.03] Finished (exit=0) 
[2026/03/12 15:40:02.03] Starting ingest 
[15:40:02] [db] config: write_key_type=service_role read_key_type=service_role
[15:40:03] [pipeline_run] started: ingest (id=47, trigger=scheduler)
[15:40:03] [filings_ingest] start dry_run=False company_code=ALL
[15:40:03] [API] yanoshin.jp APIから取得中: https://webapi.yanoshin.jp/webapi/tdnet/list/today.json
[15:40:03] [API] detected_schema=items, raw_items_count=45
[15:40:03] [API] first_item_preview: id=79b482684f78..., pubdate=2026-03-12 15:00:00, title=2026年10月期　第１四半期決算短信〔日本基準〕（連結）, code=2198
[15:40:03] [API] fetched_count=45
[15:40:03] [API] skip_reason=instrument_excluded, code=13494, name=Ｅ－ＳＳＧＡ－ＳＩＮ, title=アジア国債・公債ＥＴＦ（正式名称：ＡＢＦ汎アジア債券インデックス・ファンド）に関する日々の開示事項
[15:40:03] [API] skip_reason=instrument_excluded, code=15574, name=Ｅ－ＳＳＧＡＴＣ, title=State Street SPDR S&amp;P500 ETFに関する日々の開示事項
[15:40:03] [API] skip_reason=instrument_excluded, code=20704, name=Ｎ－三菱ＵＦＪ証ＨＤ, title=上場ETN（発行者：三菱UFJ証券ホールディングス株式会社）に関する日々の開示事項
[15:40:03] [API] skip_reason=instrument_excluded, code=2628, name=ｉＦ中国科創板５０, title=上場投資信託（ETF）の投資信託約款変更のお知らせ
[15:40:03] [API] skip_reason=instrument_excluded, code=2629, name=ｉＦ中国ＧＢＡ１００, title=上場投資信託（ETF）の投資信託約款変更のお知らせ
[15:40:03] [API] skip_reason=instrument_excluded, code=16724, name=Ｅ－ＷｉｓｄｏｍＴｒ, title=上場ETF（管理会社：WisdomTree、外国投資法人：MSL）に関する日々の開示事項　
[15:40:03] [API] skip_reason=instrument_excluded, code=16724, name=Ｅ－ＷｉｓｄｏｍＴｒ, title=上場ETF（管理会社：WisdomTree、外国投資法人：CSL）に関する日々の開示事項　
[15:40:03] [API] skip_reason=instrument_excluded, code=16714, name=Ｅ－シンプレクス, title=上場ＥＴＦ(管理会社：シンプレクス・アセット・マネジメント)に関する日々の開示事項
[15:40:03] [API] skip_reason=instrument_excluded, code=13294, name=Ｅ－ブラックロック, title=上場ETF（管理会社：ブラックロック・ジャパン）に関する日々の開示事項
[15:40:03] [API] instrument_skipped_count=9
[15:40:03] [API] fetched_count=45, filtered_count=8, forecast_revision_count=1, financial_statement_count=7
[15:40:03] [API] new_count=4 already_processed=4 already_processed_financial_statement=4 new_financial_statement=3
[15:40:03] [API] already_processed_tickers=2198,6184,6535,6696
[15:40:03] [INGEST] run=ingest-2d1e8958 new_items=4 target_statements=3 non_target=1 (forecast_revision=1, other=0)
[15:40:03] [DL] 既にダウンロード済み: data\docs\140120260311580112.pdf
[15:40:04] [抽出] SKIP_PDF_NOT_TANSHIN: title=2026年10月期　第1四半期決算（補足資料）
[15:40:04] [INGEST] doc_id=18ecb4c90e668406 status=skipped_not_tanshin title=2026年10月期　第1四半期決算（補足資料）
[15:40:04] [DL] 既にダウンロード済み: data\docs\140120260311579677.pdf
[15:40:04] [抽出] SKIP_PDF_NOT_TANSHIN: title=2026年７月期 第２四半期決算説明資料
[15:40:04] [INGEST] doc_id=f47cea3ce6a2cd77 status=skipped_not_tanshin title=2026年７月期 第２四半期決算説明資料
[15:40:04] [DL] 既にダウンロード済み: data\docs\140120260312580388.pdf
[15:40:04] [抽出] SKIP_PDF_NOT_TANSHIN: title=2026年１月期 通期決算説明資料
[15:40:04] [INGEST] doc_id=182601b5441f1a80 status=skipped_not_tanshin title=2026年１月期 通期決算説明資料
[15:40:04] [INGEST] run=ingest-2d1e8958 processed=3 success=0 skipped=3 error=0 (tanshin=3) SKIP_NOT_TANSHIN_TITLE=3
[15:40:04] [filings_ingest] done total=3 success=0 errors=0
[15:40:04] [pipeline_run] finished: ingest status=done elapsed=0.8s id=47 processed=3 success=0 failed=0
[2026/03/12 15:40:04.35] Finished (exit=0) 
[2026/03/12 15:50:02.03] Starting ingest 
[15:50:02] [db] config: write_key_type=service_role read_key_type=service_role
[15:50:03] [pipeline_run] started: ingest (id=48, trigger=scheduler)
[15:50:03] [filings_ingest] start dry_run=False company_code=ALL
[15:50:03] [API] yanoshin.jp APIから取得中: https://webapi.yanoshin.jp/webapi/tdnet/list/today.json
[15:50:03] [API] detected_schema=items, raw_items_count=113
[15:50:03] [API] first_item_preview: id=d508b05270fa..., pubdate=2026-03-12 15:40:00, title=株主優待品目の拡充に関するお知らせ, code=6676
[15:50:03] [API] fetched_count=113
[15:50:03] [API] skip_reason=instrument_excluded, code=13494, name=Ｅ－ＳＳＧＡ－ＳＩＮ, title=アジア国債・公債ＥＴＦ（正式名称：ＡＢＦ汎アジア債券インデックス・ファンド）に関する日々の開示事項
[15:50:03] [API] skip_reason=instrument_excluded, code=15574, name=Ｅ－ＳＳＧＡＴＣ, title=State Street SPDR S&amp;P500 ETFに関する日々の開示事項
[15:50:03] [API] skip_reason=instrument_excluded, code=20704, name=Ｎ－三菱ＵＦＪ証ＨＤ, title=上場ETN（発行者：三菱UFJ証券ホールディングス株式会社）に関する日々の開示事項
[15:50:03] [API] skip_reason=instrument_excluded, code=2628, name=ｉＦ中国科創板５０, title=上場投資信託（ETF）の投資信託約款変更のお知らせ
[15:50:03] [API] skip_reason=instrument_excluded, code=2629, name=ｉＦ中国ＧＢＡ１００, title=上場投資信託（ETF）の投資信託約款変更のお知らせ
[15:50:03] [API] skip_reason=instrument_excluded, code=16724, name=Ｅ－ＷｉｓｄｏｍＴｒ, title=上場ETF（管理会社：WisdomTree、外国投資法人：MSL）に関する日々の開示事項　
[15:50:03] [API] skip_reason=instrument_excluded, code=16724, name=Ｅ－ＷｉｓｄｏｍＴｒ, title=上場ETF（管理会社：WisdomTree、外国投資法人：CSL）に関する日々の開示事項　
[15:50:03] [API] skip_reason=instrument_excluded, code=16714, name=Ｅ－シンプレクス, title=上場ＥＴＦ(管理会社：シンプレクス・アセット・マネジメント)に関する日々の開示事項
[15:50:03] [API] skip_reason=instrument_excluded, code=13294, name=Ｅ－ブラックロック, title=上場ETF（管理会社：ブラックロック・ジャパン）に関する日々の開示事項
[15:50:03] [API] instrument_skipped_count=9
[15:50:03] [API] fetched_count=113, filtered_count=37, forecast_revision_count=11, financial_statement_count=26
[15:50:03] [API] new_count=33 already_processed=4 already_processed_financial_statement=4 new_financial_statement=22
[15:50:03] [API] already_processed_tickers=2198,6184,6535,6696
[15:50:03] [INGEST] run=ingest-e6c409bf new_items=33 target_statements=22 non_target=11 (forecast_revision=11, other=0)
[15:50:03] [DL] ダウンロード中: https://webapi.yanoshin.jp/rd.php?https://www.release.tdnet.info/inbs/140120260311580114.pdf
[15:50:04] [DL] 保存完了: data\docs\140120260311580114.pdf (683.5KB)
[15:50:04] [DL] ダウンロード中: https://webapi.yanoshin.jp/rd.php?https://www.release.tdnet.info/inbs/081220260311580114.zip
[15:50:04] [DL] 保存完了: data\docs\081220260311580114.zip (121.1KB)
[15:50:04] [抽出] XBRL抽出を試行: data\docs\081220260311580114.zip
[15:50:04] [XBRL] 未知の財務タグ検出: ['tse-ed-t:CashFlowsFromOperatingActivities', 'tse-ed-t:ChangeInComprehensiveIncome', 'tse-ed-t:ChangeInNetIncome', 'tse-ed-t:ChangeInNetSales', 'tse-ed-t:ChangeInOperatingIncome', 'tse-ed-t:ChangeInOrdinaryIncome', 'tse-ed-t:ChangeInProfitAttributableToOwnersOfParent', 'tse-ed-t:ComprehensiveIncome', 'tse-ed-t:DilutedNetIncomePerShare', 'tse-ed-t:InvestmentProfitLossOnEquityMethod', 'tse-ed-t:NetIncome', 'tse-ed-t:NetIncomePerShare', 'tse-ed-t:NetIncomeToShareholdersEquityRatio', 'tse-ed-t:OperatingIncomeToNetSalesRatio', 'tse-ed-t:OrdinaryIncomeToTotalAssetsRatio', 'tse-ed-t:ProfitAttributableToOwnersOfParent']
[15:50:04] [XBRL] Summary抽出成功: XBRLData/Summary/tse-acedjpsm-14330-20260312314330-ixbrl.htm
[15:50:04] [XBRL] Summary不足項目: ['gross_profit', 'cost_of_sales'], PL Attachment候補: 1
[15:50:04] [XBRL] 未知の財務タグ検出: ['jppfs_cor:CostOfSalesOfCompletedConstructionContractsCNS', 'jppfs_cor:CostOfSalesOnSideLineBusinessCNS', 'jppfs_cor:DividendsIncomeNOI', 'jppfs_cor:ExtraordinaryIncome', 'jppfs_cor:ExtraordinaryLoss', 'jppfs_cor:GainOnSalesOfInvestmentSecuritiesEI', 'jppfs_cor:GainOnSalesOfNoncurrentAssetsEI', 'jppfs_cor:GainOnSalesOfSubsidiariesAndAffiliatesStocksEI', 'jppfs_cor:GrossProfitOnCompletedConstructionContractsCNS', 'jppfs_cor:GrossProfitOnSideLineBusinessCNS', 'jppfs_cor:ImpairmentLossEL', 'jppfs_cor:IncomeBeforeIncomeTaxes', 'jppfs_cor:IncomeTaxes', 'jppfs_cor:IncomeTaxesCurrent', 'jppfs_cor:IncomeTaxesDeferred', 'jppfs_cor:LossOnRetirementOfNoncurrentAssetsEL', 'jppfs_cor:NetSalesOfCompletedConstructionContractsCNS', 'jppfs_cor:NetSalesOfSideLineBusinessCNS', 'jppfs_cor:NonOperatingExpenses', 'jppfs_cor:NonOperatingIncome', 'jppfs_cor:ProfitLoss', 'jppfs_cor:ProfitLossAttributableToOwnersOfParent', 'tse-acedjpfr-14330:DistributionsOfProfitOrLossOnSilentPartnershipsNOI', 'tse-acedjpfr-14330:InsuranceIncomeForAccidentAndDamageEI', 'tse-acedjpfr-14330:LossOnCompensationForAccidentAndDamageEL']
[15:50:04] [XBRL] PL Attachment抽出成功: XBRLData/Attachment/0301000-acpl01-tse-acedjpfr-14330-2026-01-31-01-2026-03-12-ixbrl.htm
[15:50:04] [XBRL] Attachment補完: gross_profit=2237610000
[15:50:04] [XBRL] Attachment補完: cost_of_sales=8902775000
[15:50:04] [抽出] XBRL抽出成功: sales=11140000000, gp=2237610000, op=741000000
[15:50:04] [INGEST] doc_id=8048a6d0532021e0 zip_hash=8e5a5fbdae35c84ee6fe75ba059823c26e5f9ef43cbfcab64ee2d599a339163c status=parse_failed reason=年度/Q不明: year=R8/1, q=
[15:50:04] [DL] ダウンロード中: https://webapi.yanoshin.jp/rd.php?https://www.release.tdnet.info/inbs/140120260312580467.pdf
[15:50:04] [DL] 保存完了: data\docs\140120260312580467.pdf (535.0KB)
[15:50:04] [DL] ダウンロード中: https://webapi.yanoshin.jp/rd.php?https://www.release.tdnet.info/inbs/081220260312580467.zip
[15:50:05] [DL] 保存完了: data\docs\081220260312580467.zip (58.3KB)
[15:50:05] [抽出] XBRL抽出を試行: data\docs\081220260312580467.zip
[15:50:05] [XBRL] 未知の財務タグ検出: ['tse-ed-t:ChangeInComprehensiveIncome', 'tse-ed-t:ChangeInNetSales', 'tse-ed-t:ChangeInOperatingIncome', 'tse-ed-t:ChangeInOrdinaryIncome', 'tse-ed-t:ChangeInProfitAttributableToOwnersOfParent', 'tse-ed-t:ComprehensiveIncome', 'tse-ed-t:DilutedNetIncomePerShare', 'tse-ed-t:NetIncomePerShare', 'tse-ed-t:ProfitAttributableToOwnersOfParent']
[15:50:05] [XBRL] Summary抽出成功: XBRLData/Summary/tse-qcedjpsm-215A0-202603123215A0-ixbrl.htm
[15:50:05] [XBRL] Summary不足項目: ['gross_profit', 'cost_of_sales'], PL Attachment候補: 1
[15:50:05] [XBRL] 未知の財務タグ検出: ['jppfs_cor:IncomeBeforeIncomeTaxes', 'jppfs_cor:IncomeTaxes', 'jppfs_cor:IncomeTaxesCurrent', 'jppfs_cor:IncomeTaxesDeferred', 'jppfs_cor:InterestIncomeNOI', 'jppfs_cor:LossOnRetirementOfNoncurrentAssetsNOE', 'jppfs_cor:MiscellaneousIncomeNOI', 'jppfs_cor:NonOperatingExpenses', 'jppfs_cor:NonOperatingIncome', 'jppfs_cor:ProfitLoss', 'jppfs_cor:ProfitLossAttributableToOwnersOfParent', 'tse-qcedjpfr-215A0:PointIncomeNOI']
[15:50:05] [XBRL] PL Attachment抽出成功: XBRLData/Attachment/0600000-qcpl11-tse-qcedjpfr-215A0-2026-01-31-01-2026-03-12-ixbrl.htm
[15:50:05] [XBRL] Attachment補完: gross_profit=10002792000
[15:50:05] [XBRL] Attachment補完: cost_of_sales=853217000
[15:50:05] [抽出] XBRL抽出成功: sales=10856000000, gp=10002792000, op=2108000000
[15:50:05] [INGEST] doc_id=79867520ecfe6ce7 zip_hash=3676c02d2116411f43d736a04c62bc5d44d71a043b722afd73db7cbd3ba576d7 status=success 215A 2026-04-30 1Q sales=10856000000 gp=10002792000 op=2108000000
[15:50:06] [v2] セグメント抽出成功: 7件, engine=v2, unit=千円, profit_role=
[15:50:06] [SEGMENT] 215A 1Q 当第: sales=0.001 profit=2.025 (inserted)
[15:50:06] [SEGMENT] 215A 1Q (注: sales=0.001 profit=0.002 (inserted)
[15:50:06] [SEGMENT] 215A 1Q 外部顧客への売上高: sales=10539.523000000001 profit=316.486 (inserted)
[15:50:06] [SEGMENT] 215A 1Q セグメント利益又は損失(: sales=2165.994 profit=-57.471000000000004 (inserted)
[15:50:06] [SEGMENT] 215A 1Q (注: sales=0.001 profit=None (updated)
[15:50:06] [SEGMENT] 215A 1Q (注: sales=0.002 profit=None (updated)
[15:50:06] [SEGMENT] 215A 1Q 結子会社となったことに伴い、当第: sales=0.001 profit=None (inserted)
[15:50:07] [DL] ダウンロード中: https://webapi.yanoshin.jp/rd.php?https://www.release.tdnet.info/inbs/140120260312580477.pdf
[15:50:08] [DL] 保存完了: data\docs\140120260312580477.pdf (8464.5KB)
[15:50:08] [抽出] SKIP_PDF_NOT_TANSHIN: title=2026年4月期 第1四半期決算説明資料
[15:50:08] [INGEST] doc_id=605bfd889b04d93a status=skipped_not_tanshin title=2026年4月期 第1四半期決算説明資料
[15:50:08] [DL] ダウンロード中: https://webapi.yanoshin.jp/rd.php?https://www.release.tdnet.info/inbs/140120260311579494.pdf
[15:50:08] [DL] 保存完了: data\docs\140120260311579494.pdf (281.9KB)
[15:50:08] [DL] ダウンロード中: https://webapi.yanoshin.jp/rd.php?https://www.release.tdnet.info/inbs/081220260311579494.zip
[15:50:08] [DL] 保存完了: data\docs\081220260311579494.zip (62.8KB)
[15:50:08] [抽出] XBRL抽出を試行: data\docs\081220260311579494.zip
[15:50:09] [XBRL] 未知の財務タグ検出: ['tse-ed-t:ChangeInComprehensiveIncome', 'tse-ed-t:ChangeInNetSales', 'tse-ed-t:ChangeInOperatingIncome', 'tse-ed-t:ChangeInOrdinaryIncome', 'tse-ed-t:ChangeInProfitAttributableToOwnersOfParent', 'tse-ed-t:ComprehensiveIncome', 'tse-ed-t:DilutedNetIncomePerShare', 'tse-ed-t:NetIncomePerShare', 'tse-ed-t:ProfitAttributableToOwnersOfParent']
[15:50:09] [XBRL] Summary抽出成功: XBRLData/Summary/tse-qcedjpsm-22940-20260312322940-ixbrl.htm
[15:50:09] [XBRL] Summary不足項目: ['gross_profit', 'cost_of_sales'], PL Attachment候補: 1
[15:50:09] [XBRL] 未知の財務タグ検出: ['jppfs_cor:DividendsIncomeNOI', 'jppfs_cor:ExtraordinaryLoss', 'jppfs_cor:IncomeBeforeIncomeTaxes', 'jppfs_cor:IncomeTaxes', 'jppfs_cor:IncomeTaxesCurrent', 'jppfs_cor:IncomeTaxesDeferred', 'jppfs_cor:InterestIncomeNOI', 'jppfs_cor:LossOnSalesAndRetirementOfNoncurrentAssetsEL', 'jppfs_cor:NonOperatingExpenses', 'jppfs_cor:NonOperatingIncome', 'jppfs_cor:ProfitLoss', 'jppfs_cor:ProfitLossAttributableToOwnersOfParent', 'tse-qcedjpfr-22940:LossOnAssetRetirementObligationsEL']
[15:50:09] [XBRL] PL Attachment抽出成功: XBRLData/Attachment/0102010-qcpl11-tse-qcedjpfr-22940-2026-01-31-01-2026-03-12-ixbrl.htm
[15:50:09] [XBRL] Attachment補完: gross_profit=14883000000
[15:50:09] [XBRL] Attachment補完: cost_of_sales=13055000000
[15:50:09] [抽出] XBRL抽出成功: sales=27938000000, gp=14883000000, op=1343000000
[15:50:09] [INGEST] doc_id=8e7d28871f749269 zip_hash=7331759166caa6480753eba6cfbbba42a28cedcebbfb279d19d3d8b39ffaa8be status=success 2294 2026-04-30 3Q sales=27938000000 gp=14883000000 op=1343000000
[15:50:09] [v2] セグメント抽出成功: 6件, engine=v2, unit=百万円, profit_role=
[15:50:09] [SEGMENT] 2294 3Q I 前第: sales=3.0 profit=2024.0 (inserted)
[15:50:09] [SEGMENT] 2294 3Q (注): sales=1.0 profit=2.0 (inserted)
[15:50:09] [SEGMENT] 2294 3Q 精肉事業 惣菜事業 食品事業 計: sales=3.0 profit=None (inserted)
[15:50:09] [SEGMENT] 2294 3Q 内部売上高: sales=1272.0 profit=8.0 (inserted)
[15:50:09] [SEGMENT] 2294 3Q （注）: sales=1.0 profit=None (inserted)
[15:50:09] [SEGMENT] 2294 3Q 社費用: sales=-718.0 profit=18.0 (inserted)
[15:50:10] [DL] ダウンロード中: https://webapi.yanoshin.jp/rd.php?https://www.release.tdnet.info/inbs/140120260223566997.pdf
[15:50:10] [DL] 保存完了: data\docs\140120260223566997.pdf (283.6KB)
[15:50:10] [DL] ダウンロード中: https://webapi.yanoshin.jp/rd.php?https://www.release.tdnet.info/inbs/081220260223566997.zip
[15:50:10] [DL] 保存完了: data\docs\081220260223566997.zip (99.2KB)
[15:50:11] [抽出] XBRL抽出を試行: data\docs\081220260223566997.zip
[15:50:11] [XBRL] 未知の財務タグ検出: ['tse-ed-t:CashFlowsFromOperatingActivities', 'tse-ed-t:ChangeInComprehensiveIncome', 'tse-ed-t:ChangeInNetSales', 'tse-ed-t:ChangeInOperatingIncome', 'tse-ed-t:ChangeInOrdinaryIncome', 'tse-ed-t:ChangeInProfitAttributableToOwnersOfParent', 'tse-ed-t:ComprehensiveIncome', 'tse-ed-t:DilutedNetIncomePerShare', 'tse-ed-t:InvestmentProfitLossOnEquityMethod', 'tse-ed-t:NetIncomePerShare', 'tse-ed-t:NetIncomeToShareholdersEquityRatio', 'tse-ed-t:OperatingIncomeToNetSalesRatio', 'tse-ed-t:OrdinaryIncomeToTotalAssetsRatio', 'tse-ed-t:ProfitAttributableToOwnersOfParent']
[15:50:11] [XBRL] Summary抽出成功: XBRLData/Summary/tse-acedjpsm-32460-20260223566997-ixbrl.htm
[15:50:11] [XBRL] Summary不足項目: ['gross_profit', 'cost_of_sales'], PL Attachment候補: 1
[15:50:11] [XBRL] 未知の財務タグ検出: ['jppfs_cor:HouseRentIncomeNOI', 'jppfs_cor:IncomeBeforeIncomeTaxes', 'jppfs_cor:IncomeTaxes', 'jppfs_cor:IncomeTaxesCurrent', 'jppfs_cor:IncomeTaxesDeferred', 'jppfs_cor:NonOperatingExpenses', 'jppfs_cor:NonOperatingIncome', 'jppfs_cor:PenaltyIncomeNOI', 'jppfs_cor:ProfitLoss', 'jppfs_cor:ProfitLossAttributableToNonControllingInterests', 'jppfs_cor:ProfitLossAttributableToOwnersOfParent', 'jppfs_cor:RentIncomeNOI', 'tse-acedjpfr-32460:SettlementIncomeNOI']
[15:50:11] [XBRL] PL Attachment抽出成功: XBRLData/Attachment/0102010-acpl01-tse-acedjpfr-32460-2026-01-31-01-2026-03-12-ixbrl.htm
[15:50:11] [XBRL] Attachment補完: gross_profit=2319245000
[15:50:11] [XBRL] Attachment補完: cost_of_sales=7726376000
[15:50:11] [抽出] XBRL抽出成功: sales=10045000000, gp=2319245000, op=768000000
[15:50:11] [INGEST] doc_id=464bff8236c72317 zip_hash=8ec943603293886eaa49ef21e7af002fd286e2b3782113c47f2f74c1dbc607eb status=parse_failed reason=年度/Q不明: year=R8/1, q=
[15:50:11] [DL] ダウンロード中: https://webapi.yanoshin.jp/rd.php?https://www.release.tdnet.info/inbs/140120260311580031.pdf
[15:50:11] [DL] 保存完了: data\docs\140120260311580031.pdf (372.0KB)
[15:50:11] [DL] ダウンロード中: https://webapi.yanoshin.jp/rd.php?https://www.release.tdnet.info/inbs/081220260311580031.zip
[15:50:11] [DL] 保存完了: data\docs\081220260311580031.zip (103.7KB)
[15:50:11] [抽出] XBRL抽出を試行: data\docs\081220260311580031.zip
[15:50:11] [XBRL] 未知の財務タグ検出: ['tse-ed-t:CashFlowsFromOperatingActivities', 'tse-ed-t:ChangeInComprehensiveIncome', 'tse-ed-t:ChangeInNetSales', 'tse-ed-t:ChangeInOperatingIncome', 'tse-ed-t:ChangeInOrdinaryIncome', 'tse-ed-t:ChangeInProfitAttributableToOwnersOfParent', 'tse-ed-t:ComprehensiveIncome', 'tse-ed-t:DilutedNetIncomePerShare', 'tse-ed-t:InvestmentProfitLossOnEquityMethod', 'tse-ed-t:NetIncomePerShare', 'tse-ed-t:NetIncomeToShareholdersEquityRatio', 'tse-ed-t:OperatingIncomeToNetSalesRatio', 'tse-ed-t:OrdinaryIncomeToTotalAssetsRatio', 'tse-ed-t:ProfitAttributableToOwnersOfParent']
[15:50:11] [XBRL] Summary抽出成功: XBRLData/Summary/tse-acedjpsm-39550-20260312339550-ixbrl.htm
[15:50:11] [XBRL] Summary不足項目: ['gross_profit', 'cost_of_sales'], PL Attachment候補: 1
[15:50:11] [XBRL] 未知の財務タグ検出: ['jppfs_cor:DividendsIncomeNOI', 'jppfs_cor:DividendsIncomeOfInsuranceNOI', 'jppfs_cor:ElectricitySaleIncomeNOI', 'jppfs_cor:ExtraordinaryIncome', 'jppfs_cor:ExtraordinaryLoss', 'jppfs_cor:GainOnSalesOfInvestmentSecuritiesEI', 'jppfs_cor:GainOnSalesOfNoncurrentAssetsEI', 'jppfs_cor:IncomeBeforeIncomeTaxes', 'jppfs_cor:IncomeTaxes', 'jppfs_cor:IncomeTaxesCurrent', 'jppfs_cor:IncomeTaxesDeferred', 'jppfs_cor:InterestIncomeNOI', 'jppfs_cor:LossOnRetirementOfNoncurrentAssetsEL', 'jppfs_cor:LossOnSalesOfInvestmentSecuritiesEL', 'jppfs_cor:LossOnSalesOfNoncurrentAssetsEL', 'jppfs_cor:LossOnSalesOfStocksOfSubsidiariesAndAffiliatesEL', 'jppfs_cor:LossOnValuationOfInvestmentSecuritiesEL', 'jppfs_cor:NonOperatingExpenses', 'jppfs_cor:NonOperatingIncome', 'jppfs_cor:ProfitLoss', 'jppfs_cor:ProfitLossAttributableToNonControllingInterests', 'jppfs_cor:ProfitLossAttributableToOwnersOfParent', 'jppfs_cor:RentIncomeNOI', 'jppfs_cor:SubsidyIncome2EI']
[15:50:11] [XBRL] PL Attachment抽出成功: XBRLData/Attachment/0102010-acpl01-tse-acedjpfr-39550-2026-01-31-01-2026-03-12-ixbrl.htm
[15:50:11] [XBRL] Attachment補完: gross_profit=5651000000
[15:50:11] [XBRL] Attachment補完: cost_of_sales=16179000000
[15:50:11] [抽出] XBRL抽出成功: sales=21831000000, gp=5651000000, op=1137000000
[15:50:11] [INGEST] doc_id=7ea842fd078b5bd6 zip_hash=dea5e2ad1f457732e97e9531a39226cb55e68fc93b359ae6eb0a9a2e91ded857 status=parse_failed reason=年度/Q不明: year=R8/1, q=
[15:50:11] [DL] ダウンロード中: https://webapi.yanoshin.jp/rd.php?https://www.release.tdnet.info/inbs/140120260312580591.pdf
[15:50:12] [DL] 保存完了: data\docs\140120260312580591.pdf (600.7KB)
[15:50:12] [DL] ダウンロード中: https://webapi.yanoshin.jp/rd.php?https://www.release.tdnet.info/inbs/081220260312580591.zip
[15:50:12] [DL] 保存完了: data\docs\081220260312580591.zip (98.8KB)
[15:50:12] [抽出] XBRL抽出を試行: data\docs\081220260312580591.zip
[15:50:12] [XBRL] 未知の財務タグ検出: ['tse-ed-t:CashFlowsFromOperatingActivities', 'tse-ed-t:ChangeInComprehensiveIncome', 'tse-ed-t:ChangeInNetSales', 'tse-ed-t:ChangeInOperatingIncome', 'tse-ed-t:ChangeInOrdinaryIncome', 'tse-ed-t:ChangeInProfitAttributableToOwnersOfParent', 'tse-ed-t:ComprehensiveIncome', 'tse-ed-t:DilutedNetIncomePerShare', 'tse-ed-t:NetIncomePerShare', 'tse-ed-t:NetIncomeToShareholdersEquityRatio', 'tse-ed-t:OperatingIncomeToNetSalesRatio', 'tse-ed-t:OrdinaryIncomeToTotalAssetsRatio', 'tse-ed-t:ProfitAttributableToOwnersOfParent']
[15:50:12] [XBRL] Summary抽出成功: XBRLData/Summary/tse-acedjpsm-42870-20260312342870-ixbrl.htm
[15:50:12] [XBRL] Summary不足項目: ['gross_profit', 'cost_of_sales'], PL Attachment候補: 1
[15:50:12] [XBRL] 未知の財務タグ検出: ['jppfs_cor:ExtraordinaryIncome', 'jppfs_cor:ExtraordinaryLoss', 'jppfs_cor:HouseRentIncomeNOI', 'jppfs_cor:IncomeBeforeIncomeTaxes', 'jppfs_cor:IncomeTaxes', 'jppfs_cor:IncomeTaxesCurrent', 'jppfs_cor:IncomeTaxesDeferred', 'jppfs_cor:InsuranceIncomeEI', 'jppfs_cor:InterestIncomeNOI', 'jppfs_cor:LossOnValuationOfInvestmentSecuritiesEL', 'jppfs_cor:NonOperatingExpenses', 'jppfs_cor:NonOperatingIncome', 'jppfs_cor:ProfitLoss', 'jppfs_cor:ProfitLossAttributableToOwnersOfParent']
[15:50:12] [XBRL] PL Attachment抽出成功: XBRLData/Attachment/0301000-acpl01-tse-acedjpfr-42870-2026-01-31-01-2026-03-12-ixbrl.htm
[15:50:12] [XBRL] Attachment補完: gross_profit=1257777000
[15:50:12] [XBRL] Attachment補完: cost_of_sales=1276007000
[15:50:12] [抽出] XBRL抽出成功: sales=2533000000, gp=1257777000, op=607000000
[15:50:12] [INGEST] doc_id=ddfc5baed792df19 zip_hash=ec8287c39ff334efdcfeb845d5c199df5b85a1cdc945753865549f82e6548191 status=parse_failed reason=年度/Q不明: year=R8/1, q=
[15:50:12] [DL] ダウンロード中: https://webapi.yanoshin.jp/rd.php?https://www.release.tdnet.info/inbs/140120260310578680.pdf
[15:50:12] [DL] 保存完了: data\docs\140120260310578680.pdf (203.4KB)
[15:50:12] [DL] ダウンロード中: https://webapi.yanoshin.jp/rd.php?https://www.release.tdnet.info/inbs/081220260310578680.zip
[15:50:12] [DL] 保存完了: data\docs\081220260310578680.zip (49.6KB)
[15:50:13] [抽出] XBRL抽出を試行: data\docs\081220260310578680.zip
[15:50:13] [XBRL] 未知の財務タグ検出: ['tse-ed-t:ChangeInComprehensiveIncome', 'tse-ed-t:ChangeInNetSales', 'tse-ed-t:ChangeInOperatingIncome', 'tse-ed-t:ChangeInOrdinaryIncome', 'tse-ed-t:ChangeInProfitAttributableToOwnersOfParent', 'tse-ed-t:ComprehensiveIncome', 'tse-ed-t:DilutedNetIncomePerShare', 'tse-ed-t:NetIncomePerShare', 'tse-ed-t:ProfitAttributableToOwnersOfParent']
[15:50:13] [XBRL] Summary抽出成功: XBRLData/Summary/tse-scedjpsy-44220-20260312344220-ixbrl.htm
[15:50:13] [XBRL] Summary不足項目: ['gross_profit', 'cost_of_sales'], PL Attachment候補: 1
[15:50:13] [XBRL] 未知の財務タグ検出: ['jppfs_cor:ForeignExchangeLossesNOE', 'jppfs_cor:IncomeBeforeIncomeTaxes', 'jppfs_cor:IncomeTaxes', 'jppfs_cor:IncomeTaxesCurrent', 'jppfs_cor:InterestIncomeNOI', 'jppfs_cor:NonOperatingExpenses', 'jppfs_cor:NonOperatingIncome', 'jppfs_cor:ProfitLoss', 'jppfs_cor:ProfitLossAttributableToOwnersOfParent']
[15:50:13] [XBRL] PL Attachment抽出成功: XBRLData/Attachment/0102010-scpl15-tse-scedjpfr-44220-2026-01-31-01-2026-03-12-ixbrl.htm
[15:50:13] [XBRL] Attachment補完: gross_profit=198316000
[15:50:13] [XBRL] Attachment補完: cost_of_sales=58964000
[15:50:13] [抽出] XBRL抽出成功: sales=423000000, gp=198316000, op=61000000
[15:50:13] [INGEST] doc_id=04d105a5d4d9e198 zip_hash=1b1700d77c5631b8c5615663e34bbcb75a88ea6ada46cdb05d018b7692f0c7c3 status=success 4422 2026-07-31 2Q sales=423000000 gp=198316000 op=61000000
[15:50:13] [v2] セグメント抽出成功: 20件, engine=v2, unit=千円, profit_role=
[15:50:13] [SEGMENT] 4422 2Q (自: sales=2.024 profit=0.008 (inserted)
[15:50:13] [SEGMENT] 4422 2Q 売上高: sales=257.281 profit=423.41700000000003 (inserted)
[15:50:13] [SEGMENT] 4422 2Q 売上原価: sales=58.964 profit=99.68900000000001 (inserted)
[15:50:13] [SEGMENT] 4422 2Q 売上総利益: sales=198.316 profit=323.728 (inserted)
[15:50:13] [SEGMENT] 4422 2Q 販売費及び一般管理費: sales=324.729 profit=261.788 (inserted)
[15:50:13] [SEGMENT] 4422 2Q 営業利益又は営業損失(: sales=-126.412 profit=61.939 (inserted)
[15:50:13] [SEGMENT] 4422 2Q 受取利息: sales=1.107 profit=0.47800000000000004 (inserted)
[15:50:13] [SEGMENT] 4422 2Q 為替差益: sales=2.328 profit=None (inserted)
[15:50:13] [SEGMENT] 4422 2Q その他: sales=0.029 profit=0.01 (inserted)
[15:50:13] [SEGMENT] 4422 2Q 営業外収益: sales=1.1360000000000001 profit=2.817 (inserted)
[15:50:13] [SEGMENT] 4422 2Q 支払利息: sales=0.001 profit=None (inserted)
[15:50:13] [SEGMENT] 4422 2Q 為替差損: sales=0.844 profit=None (inserted)
[15:50:13] [SEGMENT] 4422 2Q 経常利益又は経常損失(: sales=-126.12100000000001 profit=64.757 (inserted)
[15:50:13] [SEGMENT] 4422 2Q 法人税、住民税及び事業税: sales=-0.663 profit=0.264 (inserted)
[15:50:13] [SEGMENT] 4422 2Q 中間純利益又は中間純損失(: sales=-125.45700000000001 profit=64.492 (inserted)
[15:50:13] [SEGMENT] 4422 2Q (自: sales=2.024 profit=0.008 (updated)
[15:50:13] [SEGMENT] 4422 2Q 中間純利益又は中間純損失(: sales=-125.45700000000001 profit=64.492 (updated)
[15:50:13] [SEGMENT] 4422 2Q その他の包括利益合計: sales=0.982 profit=0.659 (inserted)
[15:50:13] [SEGMENT] 4422 2Q 中間包括利益: sales=-124.474 profit=65.152 (inserted)
[15:50:13] [SEGMENT] 4422 2Q 親会社株主に係る中間包括利益: sales=-124.474 profit=65.152 (inserted)
[15:50:14] [DL] ダウンロード中: https://webapi.yanoshin.jp/rd.php?https://www.release.tdnet.info/inbs/140120260310578705.pdf
[15:50:14] [DL] 保存完了: data\docs\140120260310578705.pdf (2454.7KB)
[15:50:14] [抽出] SKIP_PDF_NOT_TANSHIN: title=2026年７月期　第２四半期決算補足説明資料
[15:50:14] [INGEST] doc_id=2d4c82964969397a status=skipped_not_tanshin title=2026年７月期　第２四半期決算補足説明資料
[15:50:14] [DL] ダウンロード中: https://webapi.yanoshin.jp/rd.php?https://www.release.tdnet.info/inbs/140120260312580430.pdf
[15:50:14] [DL] 保存完了: data\docs\140120260312580430.pdf (265.3KB)
[15:50:14] [DL] ダウンロード中: https://webapi.yanoshin.jp/rd.php?https://www.release.tdnet.info/inbs/081220260312580430.zip
[15:50:15] [DL] 保存完了: data\docs\081220260312580430.zip (65.8KB)
[15:50:15] [抽出] XBRL抽出を試行: data\docs\081220260312580430.zip
[15:50:15] [XBRL] 未知の財務タグ検出: ['tse-ed-t:ChangeInComprehensiveIncome', 'tse-ed-t:ChangeInNetSales', 'tse-ed-t:ChangeInOperatingIncome', 'tse-ed-t:ChangeInOrdinaryIncome', 'tse-ed-t:ChangeInProfitAttributableToOwnersOfParent', 'tse-ed-t:ComprehensiveIncome', 'tse-ed-t:DilutedNetIncomePerShare', 'tse-ed-t:NetIncomePerShare', 'tse-ed-t:ProfitAttributableToOwnersOfParent']
[15:50:15] [XBRL] Summary抽出成功: XBRLData/Summary/tse-scedjpsy-49340-20260312349340-ixbrl.htm
[15:50:15] [XBRL] Summary不足項目: ['gross_profit', 'cost_of_sales'], PL Attachment候補: 1
[15:50:15] [XBRL] 未知の財務タグ検出: ['jppfs_cor:ExtraordinaryIncome', 'jppfs_cor:ExtraordinaryLoss', 'jppfs_cor:GainOnSalesOfNoncurrentAssetsEI', 'jppfs_cor:IncomeBeforeIncomeTaxes', 'jppfs_cor:IncomeTaxes', 'jppfs_cor:IncomeTaxesForPriorPeriodsIncomeTaxes', 'jppfs_cor:InterestIncomeNOI', 'jppfs_cor:LossOnRetirementOfNoncurrentAssetsEL', 'jppfs_cor:MiscellaneousIncomeNOI', 'jppfs_cor:MiscellaneousLossNOE', 'jppfs_cor:NonOperatingExpenses', 'jppfs_cor:NonOperatingIncome', 'jppfs_cor:ProfitLoss', 'jppfs_cor:ProfitLossAttributableToOwnersOfParent']
[15:50:15] [XBRL] PL Attachment抽出成功: XBRLData/Attachment/0102010-scpl15-tse-scedjpfr-49340-2026-01-31-01-2026-03-12-ixbrl.htm
[15:50:15] [XBRL] Attachment補完: gross_profit=6776000000
[15:50:15] [XBRL] Attachment補完: cost_of_sales=1751000000
[15:50:15] [抽出] XBRL抽出成功: sales=7342000000, gp=6776000000, op=626000000
[15:50:15] [INGEST] doc_id=eb38097c0564b978 zip_hash=bb63e19fdf1452b702577646f3a203ed9f7452d4b006a78fab4126edadbb043a status=success 4934 2026-07-31 2Q sales=7342000000 gp=6776000000 op=626000000
[15:50:16] [v2] セグメント抽出成功: 1件, engine=v2, unit=百万円, profit_role=
[15:50:16] [SEGMENT] 4934 2Q I 前中間連結会計期間(自: sales=2024.0 profit=8.0 (inserted)
[15:50:16] [DL] ダウンロード中: https://webapi.yanoshin.jp/rd.php?https://www.release.tdnet.info/inbs/140120260312580527.pdf
[15:50:17] [DL] 保存完了: data\docs\140120260312580527.pdf (3188.2KB)
[15:50:18] [抽出] SKIP_PDF_NOT_TANSHIN: title=2026年７月期第２四半期決算説明資料
[15:50:18] [INGEST] doc_id=49a1f89c3bfeb3d4 status=skipped_not_tanshin title=2026年７月期第２四半期決算説明資料
[15:50:18] [DL] ダウンロード中: https://webapi.yanoshin.jp/rd.php?https://www.release.tdnet.info/inbs/140120260311580072.pdf
[15:50:18] [DL] 保存完了: data\docs\140120260311580072.pdf (539.7KB)
[15:50:18] [DL] ダウンロード中: https://webapi.yanoshin.jp/rd.php?https://www.release.tdnet.info/inbs/081220260311580072.zip
[15:50:18] [DL] 保存完了: data\docs\081220260311580072.zip (82.4KB)
[15:50:18] [抽出] XBRL抽出を試行: data\docs\081220260311580072.zip
[15:50:18] [XBRL] 未知の財務タグ検出: ['tse-ed-t:CashFlowsFromOperatingActivities', 'tse-ed-t:ChangeInNetIncome', 'tse-ed-t:ChangeInNetSales', 'tse-ed-t:ChangeInOperatingIncome', 'tse-ed-t:ChangeInOrdinaryIncome', 'tse-ed-t:DilutedNetIncomePerShare', 'tse-ed-t:InvestmentProfitLossOnEquityMethod', 'tse-ed-t:NetIncome', 'tse-ed-t:NetIncomePerShare', 'tse-ed-t:NetIncomeToShareholdersEquityRatio', 'tse-ed-t:OperatingIncomeToNetSalesRatio', 'tse-ed-t:OrdinaryIncomeToTotalAssetsRatio']
[15:50:18] [XBRL] Summary抽出成功: XBRLData/Summary/tse-anedjpsm-50750-20260312350750-ixbrl.htm
[15:50:18] [XBRL] Summary不足項目: ['gross_profit', 'cost_of_sales'], PL Attachment候補: 1
[15:50:18] [XBRL] 未知の財務タグ検出: ['jppfs_cor:CostOfSalesOfCompletedConstructionContractsCNS', 'jppfs_cor:GainOnSalesOfInvestmentSecuritiesNOI', 'jppfs_cor:GrossProfitOnCompletedConstructionContractsCNS', 'jppfs_cor:GrossProfitOnSideLineBusinessCNS', 'jppfs_cor:IncomeBeforeIncomeTaxes', 'jppfs_cor:IncomeTaxes', 'jppfs_cor:IncomeTaxesCurrent', 'jppfs_cor:IncomeTaxesDeferred', 'jppfs_cor:InterestAndDividendsIncomeNOI', 'jppfs_cor:LossOnSalesOfInvestmentSecuritiesNOE', 'jppfs_cor:NetSalesOfCompletedConstructionContractsCNS', 'jppfs_cor:NetSalesOfSideLineBusinessCNS', 'jppfs_cor:NonOperatingExpenses', 'jppfs_cor:NonOperatingIncome', 'jppfs_cor:ProfitLoss', 'jppfs_cor:SubsidyIncomeNOIBounty']
[15:50:18] [XBRL] PL Attachment抽出成功: XBRLData/Attachment/0501000-anpl02-tse-anedjpfr-50750-2026-01-31-01-2026-03-12-ixbrl.htm
[15:50:18] [XBRL] Attachment補完: gross_profit=911022000
[15:50:18] [XBRL] Attachment補完: cost_of_sales=476491000
[15:50:18] [抽出] XBRL抽出成功: sales=1387000000, gp=911022000, op=420000000
[15:50:18] [INGEST] doc_id=db80dfedb0b63f23 zip_hash=852fabc79d6a73174785629931d83986883a5a76af6c2f8819e075c2d3575301 status=parse_failed reason=年度/Q不明: year=R8/1, q=
[15:50:18] [DL] ダウンロード中: https://webapi.yanoshin.jp/rd.php?https://www.release.tdnet.info/inbs/140120260309578589.pdf
[15:50:19] [DL] 保存完了: data\docs\140120260309578589.pdf (266.0KB)
[15:50:19] [DL] ダウンロード中: https://webapi.yanoshin.jp/rd.php?https://www.release.tdnet.info/inbs/081220260309578589.zip
[15:50:19] [DL] 保存完了: data\docs\081220260309578589.zip (45.8KB)
[15:50:19] [抽出] XBRL抽出を試行: data\docs\081220260309578589.zip
[15:50:19] [XBRL] 未知の財務タグ検出: ['tse-ed-t:ChangeInNetIncome', 'tse-ed-t:ChangeInNetSales', 'tse-ed-t:ChangeInOperatingIncome', 'tse-ed-t:ChangeInOrdinaryIncome', 'tse-ed-t:DilutedNetIncomePerShare', 'tse-ed-t:NetIncome', 'tse-ed-t:NetIncomePerShare']
[15:50:19] [XBRL] Summary抽出成功: XBRLData/Summary/tse-qnedjpsm-51340-20260312351340-ixbrl.htm
[15:50:19] [XBRL] Summary不足項目: ['gross_profit', 'cost_of_sales'], PL Attachment候補: 1
[15:50:19] [XBRL] 未知の財務タグ検出: ['jppfs_cor:ExtraordinaryIncome', 'jppfs_cor:IncomeBeforeIncomeTaxes', 'jppfs_cor:IncomeTaxes', 'jppfs_cor:IncomeTaxesCurrent', 'jppfs_cor:IncomeTaxesDeferred', 'jppfs_cor:InterestIncomeNOI', 'jppfs_cor:NonOperatingExpenses', 'jppfs_cor:NonOperatingIncome', 'jppfs_cor:ProfitLoss']
[15:50:19] [XBRL] PL Attachment抽出成功: XBRLData/Attachment/0102010-qnpl12-tse-qnedjpfr-51340-2026-01-31-01-2026-03-12-ixbrl.htm
[15:50:19] [XBRL] Attachment補完: gross_profit=258887000
[15:50:19] [XBRL] Attachment補完: cost_of_sales=90255000
[15:50:19] [抽出] XBRL抽出成功: sales=349000000, gp=258887000, op=36000000
[15:50:19] [INGEST] doc_id=9cfaf2252e644be3 zip_hash=db92c1e59a3ed0f9ccb268b38b3085ef51be4ac25aa84190082900d0dab2ef00 status=success 5134 2026-10-31 1Q sales=349000000 gp=258887000 op=36000000
[15:50:20] [v2] fallback to v1: segment_table_found_but_no_sales_profit_columns stage=column_classification
[15:50:20] [quarantine] 5134: v2_reason:segment_table_found_but_no_sales_profit_columns|segment_table_found_but_no_sales_profit_columns (DB write skipped \u2014 persist OFF)
[15:50:20] [SEGMENT] 5134 quarantine: v2_reason:segment_table_found_but_no_sales_profit_columns|segment_table_found_bu
[15:50:20] [DL] ダウンロード中: https://webapi.yanoshin.jp/rd.php?https://www.release.tdnet.info/inbs/140120260309578590.pdf
[15:50:21] [DL] 保存完了: data\docs\140120260309578590.pdf (1445.1KB)
[15:50:21] [抽出] SKIP_PDF_NOT_TANSHIN: title=2026年10月期 第１四半期決算説明資料
[15:50:21] [INGEST] doc_id=4f6b64f6c6ad98a6 status=skipped_not_tanshin title=2026年10月期 第１四半期決算説明資料
[15:50:21] [DL] ダウンロード中: https://webapi.yanoshin.jp/rd.php?https://www.release.tdnet.info/inbs/140120260311579631.pdf
[15:50:21] [DL] 保存完了: data\docs\140120260311579631.pdf (242.2KB)
[15:50:21] [DL] ダウンロード中: https://webapi.yanoshin.jp/rd.php?https://www.release.tdnet.info/inbs/081220260311579631.zip
[15:50:21] [DL] 保存完了: data\docs\081220260311579631.zip (67.5KB)
[15:50:21] [抽出] XBRL抽出を試行: data\docs\081220260311579631.zip
[15:50:21] [XBRL] 未知の財務タグ検出: ['tse-ed-t:ChangeInNetIncome', 'tse-ed-t:ChangeInNetSales', 'tse-ed-t:ChangeInOperatingIncome', 'tse-ed-t:ChangeInOrdinaryIncome', 'tse-ed-t:DilutedNetIncomePerShare', 'tse-ed-t:NetIncome', 'tse-ed-t:NetIncomePerShare']
[15:50:21] [XBRL] Summary抽出成功: XBRLData/Summary/tse-snedjpsy-63870-20260312363870-ixbrl.htm
[15:50:21] [XBRL] Summary不足項目: ['gross_profit', 'cost_of_sales'], PL Attachment候補: 1
[15:50:21] [XBRL] 未知の財務タグ検出: ['jppfs_cor:DividendsIncomeNOI', 'jppfs_cor:IncomeBeforeIncomeTaxes', 'jppfs_cor:IncomeTaxes', 'jppfs_cor:InterestIncomeNOI', 'jppfs_cor:MiscellaneousIncomeNOI', 'jppfs_cor:NonOperatingExpenses', 'jppfs_cor:NonOperatingIncome', 'jppfs_cor:ProfitLoss', 'jppfs_cor:RentIncomeNOI', 'jppfs_cor:SubsidyIncomeNOI']
[15:50:21] [XBRL] PL Attachment抽出成功: XBRLData/Attachment/0102010-snpl16-tse-snedjpfr-63870-2026-01-31-01-2026-03-12-ixbrl.htm
[15:50:21] [XBRL] Attachment補完: gross_profit=2106849000
[15:50:21] [XBRL] Attachment補完: cost_of_sales=2014724000
[15:50:21] [抽出] XBRL抽出成功: sales=4587000000, gp=2106849000, op=1028000000
[15:50:21] [INGEST] doc_id=7721bc6a9e0d392c zip_hash=8d9d60ea323d62cf9766b59b32739570d44e0ef2977f3e7fbfb10a063f118f92 status=success 6387 2026-07-31 2Q sales=4587000000 gp=2106849000 op=1028000000
[15:50:22] [ORDER] 6387 2026-07-31 2Q orders_total=4121 (inserted)
[15:50:23] [v2] セグメント抽出成功: 21件, engine=v2, unit=千円, profit_role=
[15:50:23] [SEGMENT] 6387 2Q このような状況の下、当中間会計期間における業績は、売上高が: sales=4.587 profit=0.011300000000000001 (inserted)
[15:50:23] [SEGMENT] 6387 2Q 益は: sales=1.028 profit=0.0038 (inserted)
[15:50:23] [SEGMENT] 6387 2Q 円(前年同期比: sales=0.0050999999999999995 profit=None (inserted)
[15:50:23] [SEGMENT] 6387 2Q (自: sales=2.024 profit=0.008 (inserted)
[15:50:23] [SEGMENT] 6387 2Q 化合物半導体分野: sales=1111.292 profit=0.027 (inserted)
[15:50:23] [SEGMENT] 6387 2Q シリコン半導体分野: sales=940.196 profit=0.0228 (inserted)
[15:50:23] [SEGMENT] 6387 2Q 電子部品分野: sales=645.946 profit=0.0157 (inserted)
[15:50:23] [SEGMENT] 6387 2Q ヘルスケア関連分野: sales=81.562 profit=0.002 (inserted)
[15:50:23] [SEGMENT] 6387 2Q その他: sales=720.068 profit=0.0175 (inserted)
[15:50:23] [SEGMENT] 6387 2Q 部品・メンテナンス: sales=622.508 profit=0.0151 (inserted)
[15:50:23] [SEGMENT] 6387 2Q 通信関連等の光デバイス用途の販売の好調により、前年同期比: sales=0.0309 profit=None (inserted)
[15:50:23] [SEGMENT] 6387 2Q シリコンウェハーの欠陥解析用途の出荷が少なかったため、前年同期比: sales=0.06609999999999999 profit=None (inserted)
[15:50:23] [SEGMENT] 6387 2Q 大学等の共用設備向けの装置や表示デバイス用途での販売もありましたが、前年同期比: sales=0.0232 profit=None (inserted)
[15:50:23] [SEGMENT] 6387 2Q 当中間会計期間末における流動資産の残高は、: sales=13.502 profit=0.98 (inserted)
[15:50:23] [SEGMENT] 6387 2Q た。売掛金及び契約資産が: sales=0.595 profit=1.229 (inserted)
[15:50:23] [SEGMENT] 6387 2Q 当中間会計期間末における固定資産の残高は、: sales=5.283 profit=0.03 (inserted)
[15:50:23] [SEGMENT] 6387 2Q 保有株式の時価変動により投資有価証券が: sales=0.083 profit=None (inserted)
[15:50:23] [SEGMENT] 6387 2Q 当中間会計期間末における流動負債の残高は、: sales=3.914 profit=0.6990000000000001 (inserted)
[15:50:23] [SEGMENT] 6387 2Q 契約負債が: sales=0.849 profit=None (inserted)
[15:50:23] [SEGMENT] 6387 2Q 当中間会計期間末における固定負債の残高は、: sales=0.986 profit=0.014 (inserted)
[15:50:23] [SEGMENT] 6387 2Q 期借入金が: sales=0.019 profit=None (inserted)
[15:50:24] [DL] ダウンロード中: https://webapi.yanoshin.jp/rd.php?https://www.release.tdnet.info/inbs/140120260312580438.pdf
[15:50:24] [DL] 保存完了: data\docs\140120260312580438.pdf (272.6KB)
[15:50:24] [DL] ダウンロード中: https://webapi.yanoshin.jp/rd.php?https://www.release.tdnet.info/inbs/081220260312580438.zip
[15:50:25] [DL] 保存完了: data\docs\081220260312580438.zip (66.3KB)
[15:50:25] [抽出] XBRL抽出を試行: data\docs\081220260312580438.zip
[15:50:25] [XBRL] 未知の財務タグ検出: ['tse-ed-t:ChangeInComprehensiveIncome', 'tse-ed-t:ChangeInNetSales', 'tse-ed-t:ChangeInOperatingIncome', 'tse-ed-t:ChangeInOrdinaryIncome', 'tse-ed-t:ChangeInProfitAttributableToOwnersOfParent', 'tse-ed-t:ComprehensiveIncome', 'tse-ed-t:DilutedNetIncomePerShare', 'tse-ed-t:NetIncomePerShare', 'tse-ed-t:ProfitAttributableToOwnersOfParent']
[15:50:25] [XBRL] Summary抽出成功: XBRLData/Summary/tse-scedjpsy-67780-20260312367780-ixbrl.htm
[15:50:25] [XBRL] Summary不足項目: ['gross_profit', 'cost_of_sales'], PL Attachment候補: 1
[15:50:25] [XBRL] 未知の財務タグ検出: ['jppfs_cor:ExtraordinaryIncome', 'jppfs_cor:IncomeBeforeIncomeTaxes', 'jppfs_cor:IncomeTaxes', 'jppfs_cor:IncomeTaxesCurrent', 'jppfs_cor:IncomeTaxesDeferred', 'jppfs_cor:InterestAndDividendsIncomeNOI', 'jppfs_cor:LossOnInvestmentsInPartnershipNOE', 'jppfs_cor:NonOperatingExpenses', 'jppfs_cor:NonOperatingIncome', 'jppfs_cor:ProfitLoss', 'jppfs_cor:ProfitLossAttributableToOwnersOfParent']
[15:50:25] [XBRL] PL Attachment抽出成功: XBRLData/Attachment/0102010-scpl15-tse-scedjpfr-67780-2026-01-31-01-2026-03-12-ixbrl.htm
[15:50:25] [XBRL] Attachment補完: gross_profit=723647000
[15:50:25] [XBRL] Attachment補完: cost_of_sales=428309000
[15:50:25] [抽出] XBRL抽出成功: sales=1122000000, gp=723647000, op=29000000
[15:50:25] [INGEST] doc_id=6ea1f916746fd366 zip_hash=2610355e86ff4712ae06ccbf2b4c117fa580eb33e60aa9aebeb2926300036aa7 status=success 6778 2026-07-31 2Q sales=1122000000 gp=723647000 op=29000000
[15:50:26] [v2] セグメント抽出成功: 4件, engine=v2, unit=千円, profit_role=
[15:50:26] [SEGMENT] 6778 2Q 顧客との契約から生じる収益: sales=544.607 profit=None (inserted)
[15:50:26] [SEGMENT] 6778 2Q その他の収益: sales=0.002 profit=None (inserted)
[15:50:26] [SEGMENT] 6778 2Q 外部顧客への売上高: sales=544.607 profit=None (inserted)
[15:50:26] [SEGMENT] 6778 2Q セグメント利益又は損失(: sales=-142.452 profit=None (inserted)
[15:50:27] [DL] ダウンロード中: https://webapi.yanoshin.jp/rd.php?https://www.release.tdnet.info/inbs/140120260312580521.pdf
[15:50:27] [DL] 保存完了: data\docs\140120260312580521.pdf (2113.8KB)
[15:50:27] [抽出] SKIP_PDF_NOT_TANSHIN: title=2026年４月期 第３四半期 決算説明資料
[15:50:27] [INGEST] doc_id=d9046edfa776c148 status=skipped_not_tanshin title=2026年４月期 第３四半期 決算説明資料
[15:50:27] [DL] ダウンロード中: https://webapi.yanoshin.jp/rd.php?https://www.release.tdnet.info/inbs/140120260312580506.pdf
[15:50:27] [DL] 保存完了: data\docs\140120260312580506.pdf (530.5KB)
[15:50:27] [DL] ダウンロード中: https://webapi.yanoshin.jp/rd.php?https://www.release.tdnet.info/inbs/081220260312580506.zip
[15:50:28] [DL] 保存完了: data\docs\081220260312580506.zip (76.7KB)
[15:50:28] [抽出] XBRL抽出を試行: data\docs\081220260312580506.zip
[15:50:28] [XBRL] 未知の財務タグ検出: ['tse-ed-t:ChangeInOperatingIncomeIFRS', 'tse-ed-t:ChangeInProfitAttributableToOwnersOfParentIFRS', 'tse-ed-t:ChangeInProfitBeforeTaxIFRS', 'tse-ed-t:ChangeInProfitIFRS', 'tse-ed-t:ChangeInSalesIFRS', 'tse-ed-t:ChangesInTotalComprehensiveIncomeIFRS', 'tse-ed-t:OperatingIncomeIFRS', 'tse-ed-t:ProfitAttributableToOwnersOfParentIFRS', 'tse-ed-t:ProfitBeforeTaxIFRS', 'tse-ed-t:ProfitIFRS', 'tse-ed-t:SalesIFRS', 'tse-ed-t:TotalComprehensiveIncomeIFRS']
[15:50:28] [XBRL] 未知の財務タグ検出: ['jpigp_cor:ComprehensiveIncomeAttributableToNonControllingInterestsIFRS', 'jpigp_cor:ComprehensiveIncomeAttributableToOwnersOfParentIFRS', 'jpigp_cor:ComprehensiveIncomeIFRS', 'jpigp_cor:NetChangeInFairValueOfEquityInstrumentsDesignatedAsMeasuredAtFairValueThroughOtherComprehensiveIncomeNetOfTaxItemsThatWillNotBeReclassifiedToProfitOrLossOCIIFRS', 'jpigp_cor:OtherComprehensiveIncomeIFRS', 'jpigp_cor:ProfitLossIFRS']
[15:50:28] [XBRL] 未知の財務タグ検出: ['jpigp_cor:BasicEarningsLossPerShareIFRS', 'jpigp_cor:CostOfSalesIFRS', 'jpigp_cor:DilutedEarningsLossPerShareIFRS', 'jpigp_cor:FinanceIncomeIFRS', 'jpigp_cor:GrossProfitIFRS', 'jpigp_cor:IncomeTaxExpenseIFRS', 'jpigp_cor:OperatingProfitLossIFRS', 'jpigp_cor:OtherIncomeIFRS', 'jpigp_cor:ProfitLossAttributableToNonControllingInterestsIFRS', 'jpigp_cor:ProfitLossAttributableToOwnersOfParentIFRS', 'jpigp_cor:ProfitLossBeforeTaxIFRS', 'jpigp_cor:ProfitLossIFRS', 'jpigp_cor:RevenueIFRS']
[15:50:28] [XBRL] 未知の財務タグ検出: ['jpigp_cor:IncomeTaxesPayableCLIFRS']
[15:50:28] [XBRL] 未知の財務タグ検出: ['jpigp_cor:OperatingProfitLossIFRS', 'jpigp_cor:OtherIncomeIFRS', 'jpigp_cor:RevenueFromExternalCustomersIFRS', 'jpigp_cor:RevenueIFRS', 'jpigp_cor:SegmentProfitLossIFRS']
[15:50:28] [XBRL] 未知の財務タグ検出: ['jpigp_cor:FinanceIncomeAndFinanceCostsOpeCFIFRS', 'jpigp_cor:IncomeTaxesPaidOpeCFIFRS', 'jpigp_cor:IncomeTaxesRefundOpeCFIFRS', 'jpigp_cor:NetCashProvidedByUsedInOperatingActivitiesIFRS', 'jpigp_cor:ProfitLossBeforeTaxIFRS']
[15:50:28] [XBRL] 未知の財務タグ検出: ['jpigp_cor:ComprehensiveIncomeIFRS', 'jpigp_cor:OtherComprehensiveIncomeIFRS', 'jpigp_cor:ProfitLossIFRS']
[15:50:28] [XBRL] ZIP内の全候補で抽出失敗: data\docs\081220260312580506.zip
[15:50:28] [抽出] PDF抽出を試行: data\docs\140120260312580506.pdf
[15:50:28] [INGEST] doc_id=c73bb7df2d2c93fe zip_hash=45a6cb3828390b1add5f534055c1e7ec8fa1ea44220b78d626d07bc1f1fc14a6 source_url=https://webapi.yanoshin.jp/rd.php?https://www.release.tdnet.info/inbs/140120260312580506.pdf status=extract_failed reason=売上高・営業利益ともに抽出できず
[15:50:28] [DL] ダウンロード中: https://webapi.yanoshin.jp/rd.php?https://www.release.tdnet.info/inbs/140120260311579709.pdf
[15:50:29] [DL] 保存完了: data\docs\140120260311579709.pdf (5051.6KB)
[15:50:29] [抽出] SKIP_PDF_NOT_TANSHIN: title=2026年10月期第1四半期 決算説明資料
[15:50:29] [INGEST] doc_id=c557b9255644fb0f status=skipped_not_tanshin title=2026年10月期第1四半期 決算説明資料
[15:50:29] [DL] 既にダウンロード済み: data\docs\140120260311580112.pdf
[15:50:29] [抽出] SKIP_PDF_NOT_TANSHIN: title=2026年10月期　第1四半期決算（補足資料）
[15:50:29] [INGEST] doc_id=18ecb4c90e668406 status=skipped_not_tanshin title=2026年10月期　第1四半期決算（補足資料）
[15:50:29] [DL] 既にダウンロード済み: data\docs\140120260311579677.pdf
[15:50:30] [抽出] SKIP_PDF_NOT_TANSHIN: title=2026年７月期 第２四半期決算説明資料
[15:50:30] [INGEST] doc_id=f47cea3ce6a2cd77 status=skipped_not_tanshin title=2026年７月期 第２四半期決算説明資料
[15:50:30] [DL] 既にダウンロード済み: data\docs\140120260312580388.pdf
[15:50:30] [抽出] SKIP_PDF_NOT_TANSHIN: title=2026年１月期 通期決算説明資料
[15:50:30] [INGEST] doc_id=182601b5441f1a80 status=skipped_not_tanshin title=2026年１月期 通期決算説明資料
[15:50:30] [INGEST] run=ingest-e6c409bf processed=22 success=7 skipped=9 error=6 (tanshin=22) SKIP_NOT_TANSHIN_TITLE=9
[15:50:30] [filings_ingest] done total=22 success=0 errors=6
[15:50:30] [pipeline_run] finished: ingest status=done elapsed=27.0s id=48 processed=22 success=0 failed=0
[2026/03/12 15:50:30.44] Finished (exit=0) 
[2026/03/12 16:00:02.05] Starting ingest 
[16:00:02] [db] config: write_key_type=service_role read_key_type=service_role
[16:00:03] [pipeline_run] started: ingest (id=49, trigger=scheduler)
[16:00:03] [filings_ingest] start dry_run=False company_code=ALL
[16:00:03] [API] yanoshin.jp APIから取得中: https://webapi.yanoshin.jp/webapi/tdnet/list/today.json
[16:00:03] [API] detected_schema=items, raw_items_count=113
[16:00:03] [API] first_item_preview: id=d508b05270fa..., pubdate=2026-03-12 15:40:00, title=株主優待品目の拡充に関するお知らせ, code=6676
[16:00:03] [API] fetched_count=113
[16:00:03] [API] skip_reason=instrument_excluded, code=13494, name=Ｅ－ＳＳＧＡ－ＳＩＮ, title=アジア国債・公債ＥＴＦ（正式名称：ＡＢＦ汎アジア債券インデックス・ファンド）に関する日々の開示事項
[16:00:03] [API] skip_reason=instrument_excluded, code=15574, name=Ｅ－ＳＳＧＡＴＣ, title=State Street SPDR S&amp;P500 ETFに関する日々の開示事項
[16:00:03] [API] skip_reason=instrument_excluded, code=20704, name=Ｎ－三菱ＵＦＪ証ＨＤ, title=上場ETN（発行者：三菱UFJ証券ホールディングス株式会社）に関する日々の開示事項
[16:00:03] [API] skip_reason=instrument_excluded, code=2628, name=ｉＦ中国科創板５０, title=上場投資信託（ETF）の投資信託約款変更のお知らせ
[16:00:03] [API] skip_reason=instrument_excluded, code=2629, name=ｉＦ中国ＧＢＡ１００, title=上場投資信託（ETF）の投資信託約款変更のお知らせ
[16:00:03] [API] skip_reason=instrument_excluded, code=16724, name=Ｅ－ＷｉｓｄｏｍＴｒ, title=上場ETF（管理会社：WisdomTree、外国投資法人：MSL）に関する日々の開示事項　
[16:00:03] [API] skip_reason=instrument_excluded, code=16724, name=Ｅ－ＷｉｓｄｏｍＴｒ, title=上場ETF（管理会社：WisdomTree、外国投資法人：CSL）に関する日々の開示事項　
[16:00:03] [API] skip_reason=instrument_excluded, code=16714, name=Ｅ－シンプレクス, title=上場ＥＴＦ(管理会社：シンプレクス・アセット・マネジメント)に関する日々の開示事項
[16:00:03] [API] skip_reason=instrument_excluded, code=13294, name=Ｅ－ブラックロック, title=上場ETF（管理会社：ブラックロック・ジャパン）に関する日々の開示事項
[16:00:03] [API] instrument_skipped_count=9
[16:00:03] [API] fetched_count=113, filtered_count=37, forecast_revision_count=11, financial_statement_count=26
[16:00:03] [API] new_count=20 already_processed=17 already_processed_financial_statement=17 new_financial_statement=9
[16:00:03] [API] already_processed_tickers=1433,215A,2294,3246,3955,4287,4422,4934,5075,5134,6387,6778,7095,2198,6184,6535,6696
[16:00:03] [INGEST] run=ingest-e0519f44 new_items=20 target_statements=9 non_target=11 (forecast_revision=11, other=0)
[16:00:03] [DL] 既にダウンロード済み: data\docs\140120260312580477.pdf
[16:00:03] [抽出] SKIP_PDF_NOT_TANSHIN: title=2026年4月期 第1四半期決算説明資料
[16:00:03] [INGEST] doc_id=605bfd889b04d93a status=skipped_not_tanshin title=2026年4月期 第1四半期決算説明資料
[16:00:03] [DL] 既にダウンロード済み: data\docs\140120260310578705.pdf
[16:00:03] [抽出] SKIP_PDF_NOT_TANSHIN: title=2026年７月期　第２四半期決算補足説明資料
[16:00:03] [INGEST] doc_id=2d4c82964969397a status=skipped_not_tanshin title=2026年７月期　第２四半期決算補足説明資料
[16:00:03] [DL] 既にダウンロード済み: data\docs\140120260312580527.pdf
[16:00:03] [抽出] SKIP_PDF_NOT_TANSHIN: title=2026年７月期第２四半期決算説明資料
[16:00:03] [INGEST] doc_id=49a1f89c3bfeb3d4 status=skipped_not_tanshin title=2026年７月期第２四半期決算説明資料
[16:00:03] [DL] 既にダウンロード済み: data\docs\140120260309578590.pdf
[16:00:03] [抽出] SKIP_PDF_NOT_TANSHIN: title=2026年10月期 第１四半期決算説明資料
[16:00:03] [INGEST] doc_id=4f6b64f6c6ad98a6 status=skipped_not_tanshin title=2026年10月期 第１四半期決算説明資料
[16:00:03] [DL] 既にダウンロード済み: data\docs\140120260312580521.pdf
[16:00:03] [抽出] SKIP_PDF_NOT_TANSHIN: title=2026年４月期 第３四半期 決算説明資料
[16:00:03] [INGEST] doc_id=d9046edfa776c148 status=skipped_not_tanshin title=2026年４月期 第３四半期 決算説明資料
[16:00:03] [DL] 既にダウンロード済み: data\docs\140120260311579709.pdf
[16:00:04] [抽出] SKIP_PDF_NOT_TANSHIN: title=2026年10月期第1四半期 決算説明資料
[16:00:04] [INGEST] doc_id=c557b9255644fb0f status=skipped_not_tanshin title=2026年10月期第1四半期 決算説明資料
[16:00:04] [DL] 既にダウンロード済み: data\docs\140120260311580112.pdf
[16:00:04] [抽出] SKIP_PDF_NOT_TANSHIN: title=2026年10月期　第1四半期決算（補足資料）
[16:00:04] [INGEST] doc_id=18ecb4c90e668406 status=skipped_not_tanshin title=2026年10月期　第1四半期決算（補足資料）
[16:00:04] [DL] 既にダウンロード済み: data\docs\140120260311579677.pdf
[16:00:04] [抽出] SKIP_PDF_NOT_TANSHIN: title=2026年７月期 第２四半期決算説明資料
[16:00:04] [INGEST] doc_id=f47cea3ce6a2cd77 status=skipped_not_tanshin title=2026年７月期 第２四半期決算説明資料
[16:00:04] [DL] 既にダウンロード済み: data\docs\140120260312580388.pdf
[16:00:04] [抽出] SKIP_PDF_NOT_TANSHIN: title=2026年１月期 通期決算説明資料
[16:00:04] [INGEST] doc_id=182601b5441f1a80 status=skipped_not_tanshin title=2026年１月期 通期決算説明資料
[16:00:04] [INGEST] run=ingest-e0519f44 processed=9 success=0 skipped=9 error=0 (tanshin=9) SKIP_NOT_TANSHIN_TITLE=9
[16:00:04] [filings_ingest] done total=9 success=0 errors=0
[16:00:04] [pipeline_run] finished: ingest status=done elapsed=1.3s id=49 processed=9 success=0 failed=0
[2026/03/12 16:00:04.46] Finished (exit=0) 
[2026/03/12 16:10:02.05] Starting ingest 
[16:10:02] [db] config: write_key_type=service_role read_key_type=service_role
[16:10:03] [pipeline_run] started: ingest (id=50, trigger=scheduler)
[16:10:03] [filings_ingest] start dry_run=False company_code=ALL
[16:10:03] [API] yanoshin.jp APIから取得中: https://webapi.yanoshin.jp/webapi/tdnet/list/today.json
[16:10:03] [API] detected_schema=items, raw_items_count=113
[16:10:03] [API] first_item_preview: id=d508b05270fa..., pubdate=2026-03-12 15:40:00, title=株主優待品目の拡充に関するお知らせ, code=6676
[16:10:03] [API] fetched_count=113
[16:10:03] [API] skip_reason=instrument_excluded, code=13494, name=Ｅ－ＳＳＧＡ－ＳＩＮ, title=アジア国債・公債ＥＴＦ（正式名称：ＡＢＦ汎アジア債券インデックス・ファンド）に関する日々の開示事項
[16:10:03] [API] skip_reason=instrument_excluded, code=15574, name=Ｅ－ＳＳＧＡＴＣ, title=State Street SPDR S&amp;P500 ETFに関する日々の開示事項
[16:10:03] [API] skip_reason=instrument_excluded, code=20704, name=Ｎ－三菱ＵＦＪ証ＨＤ, title=上場ETN（発行者：三菱UFJ証券ホールディングス株式会社）に関する日々の開示事項
[16:10:03] [API] skip_reason=instrument_excluded, code=2628, name=ｉＦ中国科創板５０, title=上場投資信託（ETF）の投資信託約款変更のお知らせ
[16:10:03] [API] skip_reason=instrument_excluded, code=2629, name=ｉＦ中国ＧＢＡ１００, title=上場投資信託（ETF）の投資信託約款変更のお知らせ
[16:10:03] [API] skip_reason=instrument_excluded, code=16724, name=Ｅ－ＷｉｓｄｏｍＴｒ, title=上場ETF（管理会社：WisdomTree、外国投資法人：MSL）に関する日々の開示事項　
[16:10:03] [API] skip_reason=instrument_excluded, code=16724, name=Ｅ－ＷｉｓｄｏｍＴｒ, title=上場ETF（管理会社：WisdomTree、外国投資法人：CSL）に関する日々の開示事項　
[16:10:03] [API] skip_reason=instrument_excluded, code=16714, name=Ｅ－シンプレクス, title=上場ＥＴＦ(管理会社：シンプレクス・アセット・マネジメント)に関する日々の開示事項
[16:10:03] [API] skip_reason=instrument_excluded, code=13294, name=Ｅ－ブラックロック, title=上場ETF（管理会社：ブラックロック・ジャパン）に関する日々の開示事項
[16:10:03] [API] instrument_skipped_count=9
[16:10:03] [API] fetched_count=113, filtered_count=37, forecast_revision_count=11, financial_statement_count=26
[16:10:03] [API] new_count=20 already_processed=17 already_processed_financial_statement=17 new_financial_statement=9
[16:10:03] [API] already_processed_tickers=1433,215A,2294,3246,3955,4287,4422,4934,5075,5134,6387,6778,7095,2198,6184,6535,6696
[16:10:03] [INGEST] run=ingest-cc718ef8 new_items=20 target_statements=9 non_target=11 (forecast_revision=11, other=0)
[16:10:03] [DL] 既にダウンロード済み: data\docs\140120260312580477.pdf
[16:10:03] [抽出] SKIP_PDF_NOT_TANSHIN: title=2026年4月期 第1四半期決算説明資料
[16:10:03] [INGEST] doc_id=605bfd889b04d93a status=skipped_not_tanshin title=2026年4月期 第1四半期決算説明資料
[16:10:03] [DL] 既にダウンロード済み: data\docs\140120260310578705.pdf
[16:10:03] [抽出] SKIP_PDF_NOT_TANSHIN: title=2026年７月期　第２四半期決算補足説明資料
[16:10:03] [INGEST] doc_id=2d4c82964969397a status=skipped_not_tanshin title=2026年７月期　第２四半期決算補足説明資料
[16:10:03] [DL] 既にダウンロード済み: data\docs\140120260312580527.pdf
[16:10:03] [抽出] SKIP_PDF_NOT_TANSHIN: title=2026年７月期第２四半期決算説明資料
[16:10:03] [INGEST] doc_id=49a1f89c3bfeb3d4 status=skipped_not_tanshin title=2026年７月期第２四半期決算説明資料
[16:10:03] [DL] 既にダウンロード済み: data\docs\140120260309578590.pdf
[16:10:03] [抽出] SKIP_PDF_NOT_TANSHIN: title=2026年10月期 第１四半期決算説明資料
[16:10:03] [INGEST] doc_id=4f6b64f6c6ad98a6 status=skipped_not_tanshin title=2026年10月期 第１四半期決算説明資料
[16:10:03] [DL] 既にダウンロード済み: data\docs\140120260312580521.pdf
[16:10:03] [抽出] SKIP_PDF_NOT_TANSHIN: title=2026年４月期 第３四半期 決算説明資料
[16:10:03] [INGEST] doc_id=d9046edfa776c148 status=skipped_not_tanshin title=2026年４月期 第３四半期 決算説明資料
[16:10:03] [DL] 既にダウンロード済み: data\docs\140120260311579709.pdf
[16:10:03] [抽出] SKIP_PDF_NOT_TANSHIN: title=2026年10月期第1四半期 決算説明資料
[16:10:03] [INGEST] doc_id=c557b9255644fb0f status=skipped_not_tanshin title=2026年10月期第1四半期 決算説明資料
[16:10:03] [DL] 既にダウンロード済み: data\docs\140120260311580112.pdf
[16:10:03] [抽出] SKIP_PDF_NOT_TANSHIN: title=2026年10月期　第1四半期決算（補足資料）
[16:10:03] [INGEST] doc_id=18ecb4c90e668406 status=skipped_not_tanshin title=2026年10月期　第1四半期決算（補足資料）
[16:10:03] [DL] 既にダウンロード済み: data\docs\140120260311579677.pdf
[16:10:04] [抽出] SKIP_PDF_NOT_TANSHIN: title=2026年７月期 第２四半期決算説明資料
[16:10:04] [INGEST] doc_id=f47cea3ce6a2cd77 status=skipped_not_tanshin title=2026年７月期 第２四半期決算説明資料
[16:10:04] [DL] 既にダウンロード済み: data\docs\140120260312580388.pdf
[16:10:04] [抽出] SKIP_PDF_NOT_TANSHIN: title=2026年１月期 通期決算説明資料
[16:10:04] [INGEST] doc_id=182601b5441f1a80 status=skipped_not_tanshin title=2026年１月期 通期決算説明資料
[16:10:04] [INGEST] run=ingest-cc718ef8 processed=9 success=0 skipped=9 error=0 (tanshin=9) SKIP_NOT_TANSHIN_TITLE=9
[16:10:04] [filings_ingest] done total=9 success=0 errors=0
[16:10:04] [pipeline_run] finished: ingest status=done elapsed=1.2s id=50 processed=9 success=0 failed=0
[2026/03/12 16:10:04.26] Finished (exit=0) 
[2026/03/12 16:20:02.01] Starting ingest 
[16:20:02] [db] config: write_key_type=service_role read_key_type=service_role
[16:20:02] [pipeline_run] started: ingest (id=51, trigger=scheduler)
[16:20:02] [filings_ingest] start dry_run=False company_code=ALL
[16:20:02] [API] yanoshin.jp APIから取得中: https://webapi.yanoshin.jp/webapi/tdnet/list/today.json
[16:20:02] [API] detected_schema=items, raw_items_count=113
[16:20:02] [API] first_item_preview: id=d508b05270fa..., pubdate=2026-03-12 15:40:00, title=株主優待品目の拡充に関するお知らせ, code=6676
[16:20:03] [API] fetched_count=113
[16:20:03] [API] skip_reason=instrument_excluded, code=13494, name=Ｅ－ＳＳＧＡ－ＳＩＮ, title=アジア国債・公債ＥＴＦ（正式名称：ＡＢＦ汎アジア債券インデックス・ファンド）に関する日々の開示事項
[16:20:03] [API] skip_reason=instrument_excluded, code=15574, name=Ｅ－ＳＳＧＡＴＣ, title=State Street SPDR S&amp;P500 ETFに関する日々の開示事項
[16:20:03] [API] skip_reason=instrument_excluded, code=20704, name=Ｎ－三菱ＵＦＪ証ＨＤ, title=上場ETN（発行者：三菱UFJ証券ホールディングス株式会社）に関する日々の開示事項
[16:20:03] [API] skip_reason=instrument_excluded, code=2628, name=ｉＦ中国科創板５０, title=上場投資信託（ETF）の投資信託約款変更のお知らせ
[16:20:03] [API] skip_reason=instrument_excluded, code=2629, name=ｉＦ中国ＧＢＡ１００, title=上場投資信託（ETF）の投資信託約款変更のお知らせ
[16:20:03] [API] skip_reason=instrument_excluded, code=16724, name=Ｅ－ＷｉｓｄｏｍＴｒ, title=上場ETF（管理会社：WisdomTree、外国投資法人：MSL）に関する日々の開示事項　
[16:20:03] [API] skip_reason=instrument_excluded, code=16724, name=Ｅ－ＷｉｓｄｏｍＴｒ, title=上場ETF（管理会社：WisdomTree、外国投資法人：CSL）に関する日々の開示事項　
[16:20:03] [API] skip_reason=instrument_excluded, code=16714, name=Ｅ－シンプレクス, title=上場ＥＴＦ(管理会社：シンプレクス・アセット・マネジメント)に関する日々の開示事項
[16:20:03] [API] skip_reason=instrument_excluded, code=13294, name=Ｅ－ブラックロック, title=上場ETF（管理会社：ブラックロック・ジャパン）に関する日々の開示事項
[16:20:03] [API] instrument_skipped_count=9
[16:20:03] [API] fetched_count=113, filtered_count=37, forecast_revision_count=11, financial_statement_count=26
[16:20:03] [API] new_count=20 already_processed=17 already_processed_financial_statement=17 new_financial_statement=9
[16:20:03] [API] already_processed_tickers=1433,215A,2294,3246,3955,4287,4422,4934,5075,5134,6387,6778,7095,2198,6184,6535,6696
[16:20:03] [INGEST] run=ingest-0bc842a0 new_items=20 target_statements=9 non_target=11 (forecast_revision=11, other=0)
[16:20:03] [DL] 既にダウンロード済み: data\docs\140120260312580477.pdf
[16:20:03] [抽出] SKIP_PDF_NOT_TANSHIN: title=2026年4月期 第1四半期決算説明資料
[16:20:03] [INGEST] doc_id=605bfd889b04d93a status=skipped_not_tanshin title=2026年4月期 第1四半期決算説明資料
[16:20:03] [DL] 既にダウンロード済み: data\docs\140120260310578705.pdf
[16:20:03] [抽出] SKIP_PDF_NOT_TANSHIN: title=2026年７月期　第２四半期決算補足説明資料
[16:20:03] [INGEST] doc_id=2d4c82964969397a status=skipped_not_tanshin title=2026年７月期　第２四半期決算補足説明資料
[16:20:03] [DL] 既にダウンロード済み: data\docs\140120260312580527.pdf
[16:20:03] [抽出] SKIP_PDF_NOT_TANSHIN: title=2026年７月期第２四半期決算説明資料
[16:20:03] [INGEST] doc_id=49a1f89c3bfeb3d4 status=skipped_not_tanshin title=2026年７月期第２四半期決算説明資料
[16:20:03] [DL] 既にダウンロード済み: data\docs\140120260309578590.pdf
[16:20:03] [抽出] SKIP_PDF_NOT_TANSHIN: title=2026年10月期 第１四半期決算説明資料
[16:20:03] [INGEST] doc_id=4f6b64f6c6ad98a6 status=skipped_not_tanshin title=2026年10月期 第１四半期決算説明資料
[16:20:03] [DL] 既にダウンロード済み: data\docs\140120260312580521.pdf
[16:20:03] [抽出] SKIP_PDF_NOT_TANSHIN: title=2026年４月期 第３四半期 決算説明資料
[16:20:03] [INGEST] doc_id=d9046edfa776c148 status=skipped_not_tanshin title=2026年４月期 第３四半期 決算説明資料
[16:20:03] [DL] 既にダウンロード済み: data\docs\140120260311579709.pdf
[16:20:03] [抽出] SKIP_PDF_NOT_TANSHIN: title=2026年10月期第1四半期 決算説明資料
[16:20:03] [INGEST] doc_id=c557b9255644fb0f status=skipped_not_tanshin title=2026年10月期第1四半期 決算説明資料
[16:20:03] [DL] 既にダウンロード済み: data\docs\140120260311580112.pdf
[16:20:03] [抽出] SKIP_PDF_NOT_TANSHIN: title=2026年10月期　第1四半期決算（補足資料）
[16:20:03] [INGEST] doc_id=18ecb4c90e668406 status=skipped_not_tanshin title=2026年10月期　第1四半期決算（補足資料）
[16:20:03] [DL] 既にダウンロード済み: data\docs\140120260311579677.pdf
[16:20:03] [抽出] SKIP_PDF_NOT_TANSHIN: title=2026年７月期 第２四半期決算説明資料
[16:20:03] [INGEST] doc_id=f47cea3ce6a2cd77 status=skipped_not_tanshin title=2026年７月期 第２四半期決算説明資料
[16:20:03] [DL] 既にダウンロード済み: data\docs\140120260312580388.pdf
[16:20:03] [抽出] SKIP_PDF_NOT_TANSHIN: title=2026年１月期 通期決算説明資料
[16:20:03] [INGEST] doc_id=182601b5441f1a80 status=skipped_not_tanshin title=2026年１月期 通期決算説明資料
[16:20:03] [INGEST] run=ingest-0bc842a0 processed=9 success=0 skipped=9 error=0 (tanshin=9) SKIP_NOT_TANSHIN_TITLE=9
[16:20:03] [filings_ingest] done total=9 success=0 errors=0
[16:20:03] [pipeline_run] finished: ingest status=done elapsed=1.1s id=51 processed=9 success=0 failed=0
[2026/03/12 16:20:03.70] Finished (exit=0) 
[2026/03/12 16:30:02.62] Starting ingest 
[16:30:03] [db] config: write_key_type=service_role read_key_type=service_role
[16:30:03] [pipeline_run] started: ingest (id=52, trigger=scheduler)
[16:30:04] [filings_ingest] start dry_run=False company_code=ALL
[16:30:04] [API] yanoshin.jp APIから取得中: https://webapi.yanoshin.jp/webapi/tdnet/list/today.json
[16:30:04] [API] detected_schema=items, raw_items_count=113
[16:30:04] [API] first_item_preview: id=d508b05270fa..., pubdate=2026-03-12 15:40:00, title=株主優待品目の拡充に関するお知らせ, code=6676
[16:30:04] [API] fetched_count=113
[16:30:04] [API] skip_reason=instrument_excluded, code=13494, name=Ｅ－ＳＳＧＡ－ＳＩＮ, title=アジア国債・公債ＥＴＦ（正式名称：ＡＢＦ汎アジア債券インデックス・ファンド）に関する日々の開示事項
[16:30:04] [API] skip_reason=instrument_excluded, code=15574, name=Ｅ－ＳＳＧＡＴＣ, title=State Street SPDR S&amp;P500 ETFに関する日々の開示事項
[16:30:04] [API] skip_reason=instrument_excluded, code=20704, name=Ｎ－三菱ＵＦＪ証ＨＤ, title=上場ETN（発行者：三菱UFJ証券ホールディングス株式会社）に関する日々の開示事項
[16:30:04] [API] skip_reason=instrument_excluded, code=2628, name=ｉＦ中国科創板５０, title=上場投資信託（ETF）の投資信託約款変更のお知らせ
[16:30:04] [API] skip_reason=instrument_excluded, code=2629, name=ｉＦ中国ＧＢＡ１００, title=上場投資信託（ETF）の投資信託約款変更のお知らせ
[16:30:04] [API] skip_reason=instrument_excluded, code=16724, name=Ｅ－ＷｉｓｄｏｍＴｒ, title=上場ETF（管理会社：WisdomTree、外国投資法人：MSL）に関する日々の開示事項　
[16:30:04] [API] skip_reason=instrument_excluded, code=16724, name=Ｅ－ＷｉｓｄｏｍＴｒ, title=上場ETF（管理会社：WisdomTree、外国投資法人：CSL）に関する日々の開示事項　
[16:30:04] [API] skip_reason=instrument_excluded, code=16714, name=Ｅ－シンプレクス, title=上場ＥＴＦ(管理会社：シンプレクス・アセット・マネジメント)に関する日々の開示事項
[16:30:04] [API] skip_reason=instrument_excluded, code=13294, name=Ｅ－ブラックロック, title=上場ETF（管理会社：ブラックロック・ジャパン）に関する日々の開示事項
[16:30:04] [API] instrument_skipped_count=9
[16:30:04] [API] fetched_count=113, filtered_count=37, forecast_revision_count=11, financial_statement_count=26
[16:30:04] [API] new_count=20 already_processed=17 already_processed_financial_statement=17 new_financial_statement=9
[16:30:04] [API] already_processed_tickers=1433,215A,2294,3246,3955,4287,4422,4934,5075,5134,6387,6778,7095,2198,6184,6535,6696
[16:30:04] [INGEST] run=ingest-d85d7c27 new_items=20 target_statements=9 non_target=11 (forecast_revision=11, other=0)
[16:30:04] [DL] 既にダウンロード済み: data\docs\140120260312580477.pdf
[16:30:04] [抽出] SKIP_PDF_NOT_TANSHIN: title=2026年4月期 第1四半期決算説明資料
[16:30:04] [INGEST] doc_id=605bfd889b04d93a status=skipped_not_tanshin title=2026年4月期 第1四半期決算説明資料
[16:30:04] [DL] 既にダウンロード済み: data\docs\140120260310578705.pdf
[16:30:04] [抽出] SKIP_PDF_NOT_TANSHIN: title=2026年７月期　第２四半期決算補足説明資料
[16:30:04] [INGEST] doc_id=2d4c82964969397a status=skipped_not_tanshin title=2026年７月期　第２四半期決算補足説明資料
[16:30:04] [DL] 既にダウンロード済み: data\docs\140120260312580527.pdf
[16:30:05] [抽出] SKIP_PDF_NOT_TANSHIN: title=2026年７月期第２四半期決算説明資料
[16:30:05] [INGEST] doc_id=49a1f89c3bfeb3d4 status=skipped_not_tanshin title=2026年７月期第２四半期決算説明資料
[16:30:05] [DL] 既にダウンロード済み: data\docs\140120260309578590.pdf
[16:30:05] [抽出] SKIP_PDF_NOT_TANSHIN: title=2026年10月期 第１四半期決算説明資料
[16:30:05] [INGEST] doc_id=4f6b64f6c6ad98a6 status=skipped_not_tanshin title=2026年10月期 第１四半期決算説明資料
[16:30:05] [DL] 既にダウンロード済み: data\docs\140120260312580521.pdf
[16:30:05] [抽出] SKIP_PDF_NOT_TANSHIN: title=2026年４月期 第３四半期 決算説明資料
[16:30:05] [INGEST] doc_id=d9046edfa776c148 status=skipped_not_tanshin title=2026年４月期 第３四半期 決算説明資料
[16:30:05] [DL] 既にダウンロード済み: data\docs\140120260311579709.pdf
[16:30:06] [抽出] SKIP_PDF_NOT_TANSHIN: title=2026年10月期第1四半期 決算説明資料
[16:30:06] [INGEST] doc_id=c557b9255644fb0f status=skipped_not_tanshin title=2026年10月期第1四半期 決算説明資料
[16:30:06] [DL] 既にダウンロード済み: data\docs\140120260311580112.pdf
[16:30:06] [抽出] SKIP_PDF_NOT_TANSHIN: title=2026年10月期　第1四半期決算（補足資料）
[16:30:06] [INGEST] doc_id=18ecb4c90e668406 status=skipped_not_tanshin title=2026年10月期　第1四半期決算（補足資料）
[16:30:06] [DL] 既にダウンロード済み: data\docs\140120260311579677.pdf
[16:30:06] [抽出] SKIP_PDF_NOT_TANSHIN: title=2026年７月期 第２四半期決算説明資料
[16:30:06] [INGEST] doc_id=f47cea3ce6a2cd77 status=skipped_not_tanshin title=2026年７月期 第２四半期決算説明資料
[16:30:06] [DL] 既にダウンロード済み: data\docs\140120260312580388.pdf
[16:30:06] [抽出] SKIP_PDF_NOT_TANSHIN: title=2026年１月期 通期決算説明資料
[16:30:06] [INGEST] doc_id=182601b5441f1a80 status=skipped_not_tanshin title=2026年１月期 通期決算説明資料
[16:30:06] [INGEST] run=ingest-d85d7c27 processed=9 success=0 skipped=9 error=0 (tanshin=9) SKIP_NOT_TANSHIN_TITLE=9
[16:30:06] [filings_ingest] done total=9 success=0 errors=0
[16:30:06] [pipeline_run] finished: ingest status=done elapsed=2.8s id=52 processed=9 success=0 failed=0
[2026/03/12 16:30:06.58] Finished (exit=0) 
[2026/03/12 16:40:02.03] Starting ingest 
[16:40:02] [db] config: write_key_type=service_role read_key_type=service_role
[16:40:02] [pipeline_run] started: ingest (id=53, trigger=scheduler)
[16:40:02] [filings_ingest] start dry_run=False company_code=ALL
[16:40:02] [API] yanoshin.jp APIから取得中: https://webapi.yanoshin.jp/webapi/tdnet/list/today.json
[16:40:02] [API] detected_schema=items, raw_items_count=113
[16:40:02] [API] first_item_preview: id=d508b05270fa..., pubdate=2026-03-12 15:40:00, title=株主優待品目の拡充に関するお知らせ, code=6676
[16:40:02] [API] fetched_count=113
[16:40:02] [API] skip_reason=instrument_excluded, code=13494, name=Ｅ－ＳＳＧＡ－ＳＩＮ, title=アジア国債・公債ＥＴＦ（正式名称：ＡＢＦ汎アジア債券インデックス・ファンド）に関する日々の開示事項
[16:40:02] [API] skip_reason=instrument_excluded, code=15574, name=Ｅ－ＳＳＧＡＴＣ, title=State Street SPDR S&amp;P500 ETFに関する日々の開示事項
[16:40:02] [API] skip_reason=instrument_excluded, code=20704, name=Ｎ－三菱ＵＦＪ証ＨＤ, title=上場ETN（発行者：三菱UFJ証券ホールディングス株式会社）に関する日々の開示事項
[16:40:02] [API] skip_reason=instrument_excluded, code=2628, name=ｉＦ中国科創板５０, title=上場投資信託（ETF）の投資信託約款変更のお知らせ
[16:40:02] [API] skip_reason=instrument_excluded, code=2629, name=ｉＦ中国ＧＢＡ１００, title=上場投資信託（ETF）の投資信託約款変更のお知らせ
[16:40:02] [API] skip_reason=instrument_excluded, code=16724, name=Ｅ－ＷｉｓｄｏｍＴｒ, title=上場ETF（管理会社：WisdomTree、外国投資法人：MSL）に関する日々の開示事項　
[16:40:02] [API] skip_reason=instrument_excluded, code=16724, name=Ｅ－ＷｉｓｄｏｍＴｒ, title=上場ETF（管理会社：WisdomTree、外国投資法人：CSL）に関する日々の開示事項　
[16:40:02] [API] skip_reason=instrument_excluded, code=16714, name=Ｅ－シンプレクス, title=上場ＥＴＦ(管理会社：シンプレクス・アセット・マネジメント)に関する日々の開示事項
[16:40:02] [API] skip_reason=instrument_excluded, code=13294, name=Ｅ－ブラックロック, title=上場ETF（管理会社：ブラックロック・ジャパン）に関する日々の開示事項
[16:40:02] [API] instrument_skipped_count=9
[16:40:02] [API] fetched_count=113, filtered_count=37, forecast_revision_count=11, financial_statement_count=26
[16:40:02] [API] new_count=20 already_processed=17 already_processed_financial_statement=17 new_financial_statement=9
[16:40:02] [API] already_processed_tickers=1433,215A,2294,3246,3955,4287,4422,4934,5075,5134,6387,6778,7095,2198,6184,6535,6696
[16:40:02] [INGEST] run=ingest-2708bc47 new_items=20 target_statements=9 non_target=11 (forecast_revision=11, other=0)
[16:40:02] [DL] 既にダウンロード済み: data\docs\140120260312580477.pdf
[16:40:03] [抽出] SKIP_PDF_NOT_TANSHIN: title=2026年4月期 第1四半期決算説明資料
[16:40:03] [INGEST] doc_id=605bfd889b04d93a status=skipped_not_tanshin title=2026年4月期 第1四半期決算説明資料
[16:40:03] [DL] 既にダウンロード済み: data\docs\140120260310578705.pdf
[16:40:03] [抽出] SKIP_PDF_NOT_TANSHIN: title=2026年７月期　第２四半期決算補足説明資料
[16:40:03] [INGEST] doc_id=2d4c82964969397a status=skipped_not_tanshin title=2026年７月期　第２四半期決算補足説明資料
[16:40:03] [DL] 既にダウンロード済み: data\docs\140120260312580527.pdf
[16:40:03] [抽出] SKIP_PDF_NOT_TANSHIN: title=2026年７月期第２四半期決算説明資料
[16:40:03] [INGEST] doc_id=49a1f89c3bfeb3d4 status=skipped_not_tanshin title=2026年７月期第２四半期決算説明資料
[16:40:03] [DL] 既にダウンロード済み: data\docs\140120260309578590.pdf
[16:40:03] [抽出] SKIP_PDF_NOT_TANSHIN: title=2026年10月期 第１四半期決算説明資料
[16:40:03] [INGEST] doc_id=4f6b64f6c6ad98a6 status=skipped_not_tanshin title=2026年10月期 第１四半期決算説明資料
[16:40:03] [DL] 既にダウンロード済み: data\docs\140120260312580521.pdf
[16:40:03] [抽出] SKIP_PDF_NOT_TANSHIN: title=2026年４月期 第３四半期 決算説明資料
[16:40:03] [INGEST] doc_id=d9046edfa776c148 status=skipped_not_tanshin title=2026年４月期 第３四半期 決算説明資料
[16:40:03] [DL] 既にダウンロード済み: data\docs\140120260311579709.pdf
[16:40:03] [抽出] SKIP_PDF_NOT_TANSHIN: title=2026年10月期第1四半期 決算説明資料
[16:40:03] [INGEST] doc_id=c557b9255644fb0f status=skipped_not_tanshin title=2026年10月期第1四半期 決算説明資料
[16:40:03] [DL] 既にダウンロード済み: data\docs\140120260311580112.pdf
[16:40:03] [抽出] SKIP_PDF_NOT_TANSHIN: title=2026年10月期　第1四半期決算（補足資料）
[16:40:03] [INGEST] doc_id=18ecb4c90e668406 status=skipped_not_tanshin title=2026年10月期　第1四半期決算（補足資料）
[16:40:03] [DL] 既にダウンロード済み: data\docs\140120260311579677.pdf
[16:40:03] [抽出] SKIP_PDF_NOT_TANSHIN: title=2026年７月期 第２四半期決算説明資料
[16:40:03] [INGEST] doc_id=f47cea3ce6a2cd77 status=skipped_not_tanshin title=2026年７月期 第２四半期決算説明資料
[16:40:03] [DL] 既にダウンロード済み: data\docs\140120260312580388.pdf
[16:40:03] [抽出] SKIP_PDF_NOT_TANSHIN: title=2026年１月期 通期決算説明資料
[16:40:03] [INGEST] doc_id=182601b5441f1a80 status=skipped_not_tanshin title=2026年１月期 通期決算説明資料
[16:40:03] [INGEST] run=ingest-2708bc47 processed=9 success=0 skipped=9 error=0 (tanshin=9) SKIP_NOT_TANSHIN_TITLE=9
[16:40:03] [filings_ingest] done total=9 success=0 errors=0
[16:40:03] [pipeline_run] finished: ingest status=done elapsed=1.2s id=53 processed=9 success=0 failed=0
[2026/03/12 16:40:03.65] Finished (exit=0) 
[2026/03/12 16:50:02.03] Starting ingest 
[16:50:02] [db] config: write_key_type=service_role read_key_type=service_role
[16:50:02] [pipeline_run] started: ingest (id=54, trigger=scheduler)
[16:50:02] [filings_ingest] start dry_run=False company_code=ALL
[16:50:02] [API] yanoshin.jp APIから取得中: https://webapi.yanoshin.jp/webapi/tdnet/list/today.json
[16:50:03] [API] detected_schema=items, raw_items_count=113
[16:50:03] [API] first_item_preview: id=d508b05270fa..., pubdate=2026-03-12 15:40:00, title=株主優待品目の拡充に関するお知らせ, code=6676
[16:50:03] [API] fetched_count=113
[16:50:03] [API] skip_reason=instrument_excluded, code=13494, name=Ｅ－ＳＳＧＡ－ＳＩＮ, title=アジア国債・公債ＥＴＦ（正式名称：ＡＢＦ汎アジア債券インデックス・ファンド）に関する日々の開示事項
[16:50:03] [API] skip_reason=instrument_excluded, code=15574, name=Ｅ－ＳＳＧＡＴＣ, title=State Street SPDR S&amp;P500 ETFに関する日々の開示事項
[16:50:03] [API] skip_reason=instrument_excluded, code=20704, name=Ｎ－三菱ＵＦＪ証ＨＤ, title=上場ETN（発行者：三菱UFJ証券ホールディングス株式会社）に関する日々の開示事項
[16:50:03] [API] skip_reason=instrument_excluded, code=2628, name=ｉＦ中国科創板５０, title=上場投資信託（ETF）の投資信託約款変更のお知らせ
[16:50:03] [API] skip_reason=instrument_excluded, code=2629, name=ｉＦ中国ＧＢＡ１００, title=上場投資信託（ETF）の投資信託約款変更のお知らせ
[16:50:03] [API] skip_reason=instrument_excluded, code=16724, name=Ｅ－ＷｉｓｄｏｍＴｒ, title=上場ETF（管理会社：WisdomTree、外国投資法人：MSL）に関する日々の開示事項　
[16:50:03] [API] skip_reason=instrument_excluded, code=16724, name=Ｅ－ＷｉｓｄｏｍＴｒ, title=上場ETF（管理会社：WisdomTree、外国投資法人：CSL）に関する日々の開示事項　
[16:50:03] [API] skip_reason=instrument_excluded, code=16714, name=Ｅ－シンプレクス, title=上場ＥＴＦ(管理会社：シンプレクス・アセット・マネジメント)に関する日々の開示事項
[16:50:03] [API] skip_reason=instrument_excluded, code=13294, name=Ｅ－ブラックロック, title=上場ETF（管理会社：ブラックロック・ジャパン）に関する日々の開示事項
[16:50:03] [API] instrument_skipped_count=9
[16:50:03] [API] fetched_count=113, filtered_count=37, forecast_revision_count=11, financial_statement_count=26
[16:50:03] [API] new_count=20 already_processed=17 already_processed_financial_statement=17 new_financial_statement=9
[16:50:03] [API] already_processed_tickers=1433,215A,2294,3246,3955,4287,4422,4934,5075,5134,6387,6778,7095,2198,6184,6535,6696
[16:50:03] [INGEST] run=ingest-f4874b7e new_items=20 target_statements=9 non_target=11 (forecast_revision=11, other=0)
[16:50:03] [DL] 既にダウンロード済み: data\docs\140120260312580477.pdf
[16:50:03] [抽出] SKIP_PDF_NOT_TANSHIN: title=2026年4月期 第1四半期決算説明資料
[16:50:03] [INGEST] doc_id=605bfd889b04d93a status=skipped_not_tanshin title=2026年4月期 第1四半期決算説明資料
[16:50:03] [DL] 既にダウンロード済み: data\docs\140120260310578705.pdf
[16:50:03] [抽出] SKIP_PDF_NOT_TANSHIN: title=2026年７月期　第２四半期決算補足説明資料
[16:50:03] [INGEST] doc_id=2d4c82964969397a status=skipped_not_tanshin title=2026年７月期　第２四半期決算補足説明資料
[16:50:03] [DL] 既にダウンロード済み: data\docs\140120260312580527.pdf
[16:50:03] [抽出] SKIP_PDF_NOT_TANSHIN: title=2026年７月期第２四半期決算説明資料
[16:50:03] [INGEST] doc_id=49a1f89c3bfeb3d4 status=skipped_not_tanshin title=2026年７月期第２四半期決算説明資料
[16:50:03] [DL] 既にダウンロード済み: data\docs\140120260309578590.pdf
[16:50:03] [抽出] SKIP_PDF_NOT_TANSHIN: title=2026年10月期 第１四半期決算説明資料
[16:50:03] [INGEST] doc_id=4f6b64f6c6ad98a6 status=skipped_not_tanshin title=2026年10月期 第１四半期決算説明資料
[16:50:03] [DL] 既にダウンロード済み: data\docs\140120260312580521.pdf
[16:50:03] [抽出] SKIP_PDF_NOT_TANSHIN: title=2026年４月期 第３四半期 決算説明資料
[16:50:03] [INGEST] doc_id=d9046edfa776c148 status=skipped_not_tanshin title=2026年４月期 第３四半期 決算説明資料
[16:50:03] [DL] 既にダウンロード済み: data\docs\140120260311579709.pdf
[16:50:03] [抽出] SKIP_PDF_NOT_TANSHIN: title=2026年10月期第1四半期 決算説明資料
[16:50:03] [INGEST] doc_id=c557b9255644fb0f status=skipped_not_tanshin title=2026年10月期第1四半期 決算説明資料
[16:50:03] [DL] 既にダウンロード済み: data\docs\140120260311580112.pdf
[16:50:03] [抽出] SKIP_PDF_NOT_TANSHIN: title=2026年10月期　第1四半期決算（補足資料）
[16:50:03] [INGEST] doc_id=18ecb4c90e668406 status=skipped_not_tanshin title=2026年10月期　第1四半期決算（補足資料）
[16:50:03] [DL] 既にダウンロード済み: data\docs\140120260311579677.pdf
[16:50:03] [抽出] SKIP_PDF_NOT_TANSHIN: title=2026年７月期 第２四半期決算説明資料
[16:50:03] [INGEST] doc_id=f47cea3ce6a2cd77 status=skipped_not_tanshin title=2026年７月期 第２四半期決算説明資料
[16:50:03] [DL] 既にダウンロード済み: data\docs\140120260312580388.pdf
[16:50:03] [抽出] SKIP_PDF_NOT_TANSHIN: title=2026年１月期 通期決算説明資料
[16:50:03] [INGEST] doc_id=182601b5441f1a80 status=skipped_not_tanshin title=2026年１月期 通期決算説明資料
[16:50:03] [INGEST] run=ingest-f4874b7e processed=9 success=0 skipped=9 error=0 (tanshin=9) SKIP_NOT_TANSHIN_TITLE=9
[16:50:03] [filings_ingest] done total=9 success=0 errors=0
[16:50:03] [pipeline_run] finished: ingest status=done elapsed=1.2s id=54 processed=9 success=0 failed=0
[2026/03/12 16:50:03.75] Finished (exit=0) 
[2026/03/12 17:00:02.04] Starting ingest 
[17:00:02] [db] config: write_key_type=service_role read_key_type=service_role
[17:00:02] [pipeline_run] started: ingest (id=55, trigger=scheduler)
[17:00:02] [filings_ingest] start dry_run=False company_code=ALL
[17:00:02] [API] yanoshin.jp APIから取得中: https://webapi.yanoshin.jp/webapi/tdnet/list/today.json
[17:00:03] [API] detected_schema=items, raw_items_count=113
[17:00:03] [API] first_item_preview: id=d508b05270fa..., pubdate=2026-03-12 15:40:00, title=株主優待品目の拡充に関するお知らせ, code=6676
[17:00:03] [API] fetched_count=113
[17:00:03] [API] skip_reason=instrument_excluded, code=13494, name=Ｅ－ＳＳＧＡ－ＳＩＮ, title=アジア国債・公債ＥＴＦ（正式名称：ＡＢＦ汎アジア債券インデックス・ファンド）に関する日々の開示事項
[17:00:03] [API] skip_reason=instrument_excluded, code=15574, name=Ｅ－ＳＳＧＡＴＣ, title=State Street SPDR S&amp;P500 ETFに関する日々の開示事項
[17:00:03] [API] skip_reason=instrument_excluded, code=20704, name=Ｎ－三菱ＵＦＪ証ＨＤ, title=上場ETN（発行者：三菱UFJ証券ホールディングス株式会社）に関する日々の開示事項
[17:00:03] [API] skip_reason=instrument_excluded, code=2628, name=ｉＦ中国科創板５０, title=上場投資信託（ETF）の投資信託約款変更のお知らせ
[17:00:03] [API] skip_reason=instrument_excluded, code=2629, name=ｉＦ中国ＧＢＡ１００, title=上場投資信託（ETF）の投資信託約款変更のお知らせ
[17:00:03] [API] skip_reason=instrument_excluded, code=16724, name=Ｅ－ＷｉｓｄｏｍＴｒ, title=上場ETF（管理会社：WisdomTree、外国投資法人：MSL）に関する日々の開示事項　
[17:00:03] [API] skip_reason=instrument_excluded, code=16724, name=Ｅ－ＷｉｓｄｏｍＴｒ, title=上場ETF（管理会社：WisdomTree、外国投資法人：CSL）に関する日々の開示事項　
[17:00:03] [API] skip_reason=instrument_excluded, code=16714, name=Ｅ－シンプレクス, title=上場ＥＴＦ(管理会社：シンプレクス・アセット・マネジメント)に関する日々の開示事項
[17:00:03] [API] skip_reason=instrument_excluded, code=13294, name=Ｅ－ブラックロック, title=上場ETF（管理会社：ブラックロック・ジャパン）に関する日々の開示事項
[17:00:03] [API] instrument_skipped_count=9
[17:00:03] [API] fetched_count=113, filtered_count=37, forecast_revision_count=11, financial_statement_count=26
[17:00:03] [API] new_count=20 already_processed=17 already_processed_financial_statement=17 new_financial_statement=9
[17:00:03] [API] already_processed_tickers=1433,215A,2294,3246,3955,4287,4422,4934,5075,5134,6387,6778,7095,2198,6184,6535,6696
[17:00:03] [INGEST] run=ingest-a7e23abf new_items=20 target_statements=9 non_target=11 (forecast_revision=11, other=0)
[17:00:03] [DL] 既にダウンロード済み: data\docs\140120260312580477.pdf
[17:00:03] [抽出] SKIP_PDF_NOT_TANSHIN: title=2026年4月期 第1四半期決算説明資料
[17:00:03] [INGEST] doc_id=605bfd889b04d93a status=skipped_not_tanshin title=2026年4月期 第1四半期決算説明資料
[17:00:03] [DL] 既にダウンロード済み: data\docs\140120260310578705.pdf
[17:00:03] [抽出] SKIP_PDF_NOT_TANSHIN: title=2026年７月期　第２四半期決算補足説明資料
[17:00:03] [INGEST] doc_id=2d4c82964969397a status=skipped_not_tanshin title=2026年７月期　第２四半期決算補足説明資料
[17:00:03] [DL] 既にダウンロード済み: data\docs\140120260312580527.pdf
[17:00:03] [抽出] SKIP_PDF_NOT_TANSHIN: title=2026年７月期第２四半期決算説明資料
[17:00:03] [INGEST] doc_id=49a1f89c3bfeb3d4 status=skipped_not_tanshin title=2026年７月期第２四半期決算説明資料
[17:00:03] [DL] 既にダウンロード済み: data\docs\140120260309578590.pdf
[17:00:03] [抽出] SKIP_PDF_NOT_TANSHIN: title=2026年10月期 第１四半期決算説明資料
[17:00:03] [INGEST] doc_id=4f6b64f6c6ad98a6 status=skipped_not_tanshin title=2026年10月期 第１四半期決算説明資料
[17:00:03] [DL] 既にダウンロード済み: data\docs\140120260312580521.pdf
[17:00:03] [抽出] SKIP_PDF_NOT_TANSHIN: title=2026年４月期 第３四半期 決算説明資料
[17:00:03] [INGEST] doc_id=d9046edfa776c148 status=skipped_not_tanshin title=2026年４月期 第３四半期 決算説明資料
[17:00:03] [DL] 既にダウンロード済み: data\docs\140120260311579709.pdf
[17:00:03] [抽出] SKIP_PDF_NOT_TANSHIN: title=2026年10月期第1四半期 決算説明資料
[17:00:03] [INGEST] doc_id=c557b9255644fb0f status=skipped_not_tanshin title=2026年10月期第1四半期 決算説明資料
[17:00:03] [DL] 既にダウンロード済み: data\docs\140120260311580112.pdf
[17:00:03] [抽出] SKIP_PDF_NOT_TANSHIN: title=2026年10月期　第1四半期決算（補足資料）
[17:00:03] [INGEST] doc_id=18ecb4c90e668406 status=skipped_not_tanshin title=2026年10月期　第1四半期決算（補足資料）
[17:00:03] [DL] 既にダウンロード済み: data\docs\140120260311579677.pdf
[17:00:03] [抽出] SKIP_PDF_NOT_TANSHIN: title=2026年７月期 第２四半期決算説明資料
[17:00:03] [INGEST] doc_id=f47cea3ce6a2cd77 status=skipped_not_tanshin title=2026年７月期 第２四半期決算説明資料
[17:00:03] [DL] 既にダウンロード済み: data\docs\140120260312580388.pdf
[17:00:03] [抽出] SKIP_PDF_NOT_TANSHIN: title=2026年１月期 通期決算説明資料
[17:00:03] [INGEST] doc_id=182601b5441f1a80 status=skipped_not_tanshin title=2026年１月期 通期決算説明資料
[17:00:03] [INGEST] run=ingest-a7e23abf processed=9 success=0 skipped=9 error=0 (tanshin=9) SKIP_NOT_TANSHIN_TITLE=9
[17:00:03] [filings_ingest] done total=9 success=0 errors=0
[17:00:03] [pipeline_run] finished: ingest status=done elapsed=1.2s id=55 processed=9 success=0 failed=0
[2026/03/12 17:00:03.90] Finished (exit=0) 
[2026/03/12 17:10:02.05] Starting ingest 
[17:10:02] [db] config: write_key_type=service_role read_key_type=service_role
[17:10:02] [pipeline_run] started: ingest (id=56, trigger=scheduler)
[17:10:02] [filings_ingest] start dry_run=False company_code=ALL
[17:10:02] [API] yanoshin.jp APIから取得中: https://webapi.yanoshin.jp/webapi/tdnet/list/today.json
[17:10:02] [API] detected_schema=items, raw_items_count=113
[17:10:02] [API] first_item_preview: id=d508b05270fa..., pubdate=2026-03-12 15:40:00, title=株主優待品目の拡充に関するお知らせ, code=6676
[17:10:02] [API] fetched_count=113
[17:10:02] [API] skip_reason=instrument_excluded, code=13494, name=Ｅ－ＳＳＧＡ－ＳＩＮ, title=アジア国債・公債ＥＴＦ（正式名称：ＡＢＦ汎アジア債券インデックス・ファンド）に関する日々の開示事項
[17:10:02] [API] skip_reason=instrument_excluded, code=15574, name=Ｅ－ＳＳＧＡＴＣ, title=State Street SPDR S&amp;P500 ETFに関する日々の開示事項
[17:10:02] [API] skip_reason=instrument_excluded, code=20704, name=Ｎ－三菱ＵＦＪ証ＨＤ, title=上場ETN（発行者：三菱UFJ証券ホールディングス株式会社）に関する日々の開示事項
[17:10:02] [API] skip_reason=instrument_excluded, code=2628, name=ｉＦ中国科創板５０, title=上場投資信託（ETF）の投資信託約款変更のお知らせ
[17:10:02] [API] skip_reason=instrument_excluded, code=2629, name=ｉＦ中国ＧＢＡ１００, title=上場投資信託（ETF）の投資信託約款変更のお知らせ
[17:10:02] [API] skip_reason=instrument_excluded, code=16724, name=Ｅ－ＷｉｓｄｏｍＴｒ, title=上場ETF（管理会社：WisdomTree、外国投資法人：MSL）に関する日々の開示事項　
[17:10:02] [API] skip_reason=instrument_excluded, code=16724, name=Ｅ－ＷｉｓｄｏｍＴｒ, title=上場ETF（管理会社：WisdomTree、外国投資法人：CSL）に関する日々の開示事項　
[17:10:02] [API] skip_reason=instrument_excluded, code=16714, name=Ｅ－シンプレクス, title=上場ＥＴＦ(管理会社：シンプレクス・アセット・マネジメント)に関する日々の開示事項
[17:10:02] [API] skip_reason=instrument_excluded, code=13294, name=Ｅ－ブラックロック, title=上場ETF（管理会社：ブラックロック・ジャパン）に関する日々の開示事項
[17:10:02] [API] instrument_skipped_count=9
[17:10:02] [API] fetched_count=113, filtered_count=37, forecast_revision_count=11, financial_statement_count=26
[17:10:02] [API] new_count=20 already_processed=17 already_processed_financial_statement=17 new_financial_statement=9
[17:10:02] [API] already_processed_tickers=1433,215A,2294,3246,3955,4287,4422,4934,5075,5134,6387,6778,7095,2198,6184,6535,6696
[17:10:02] [INGEST] run=ingest-1a8297ba new_items=20 target_statements=9 non_target=11 (forecast_revision=11, other=0)
[17:10:02] [DL] 既にダウンロード済み: data\docs\140120260312580477.pdf
[17:10:03] [抽出] SKIP_PDF_NOT_TANSHIN: title=2026年4月期 第1四半期決算説明資料
[17:10:03] [INGEST] doc_id=605bfd889b04d93a status=skipped_not_tanshin title=2026年4月期 第1四半期決算説明資料
[17:10:03] [DL] 既にダウンロード済み: data\docs\140120260310578705.pdf
[17:10:03] [抽出] SKIP_PDF_NOT_TANSHIN: title=2026年７月期　第２四半期決算補足説明資料
[17:10:03] [INGEST] doc_id=2d4c82964969397a status=skipped_not_tanshin title=2026年７月期　第２四半期決算補足説明資料
[17:10:03] [DL] 既にダウンロード済み: data\docs\140120260312580527.pdf
[17:10:03] [抽出] SKIP_PDF_NOT_TANSHIN: title=2026年７月期第２四半期決算説明資料
[17:10:03] [INGEST] doc_id=49a1f89c3bfeb3d4 status=skipped_not_tanshin title=2026年７月期第２四半期決算説明資料
[17:10:03] [DL] 既にダウンロード済み: data\docs\140120260309578590.pdf
[17:10:03] [抽出] SKIP_PDF_NOT_TANSHIN: title=2026年10月期 第１四半期決算説明資料
[17:10:03] [INGEST] doc_id=4f6b64f6c6ad98a6 status=skipped_not_tanshin title=2026年10月期 第１四半期決算説明資料
[17:10:03] [DL] 既にダウンロード済み: data\docs\140120260312580521.pdf
[17:10:03] [抽出] SKIP_PDF_NOT_TANSHIN: title=2026年４月期 第３四半期 決算説明資料
[17:10:03] [INGEST] doc_id=d9046edfa776c148 status=skipped_not_tanshin title=2026年４月期 第３四半期 決算説明資料
[17:10:03] [DL] 既にダウンロード済み: data\docs\140120260311579709.pdf
[17:10:03] [抽出] SKIP_PDF_NOT_TANSHIN: title=2026年10月期第1四半期 決算説明資料
[17:10:03] [INGEST] doc_id=c557b9255644fb0f status=skipped_not_tanshin title=2026年10月期第1四半期 決算説明資料
[17:10:03] [DL] 既にダウンロード済み: data\docs\140120260311580112.pdf
[17:10:03] [抽出] SKIP_PDF_NOT_TANSHIN: title=2026年10月期　第1四半期決算（補足資料）
[17:10:03] [INGEST] doc_id=18ecb4c90e668406 status=skipped_not_tanshin title=2026年10月期　第1四半期決算（補足資料）
[17:10:03] [DL] 既にダウンロード済み: data\docs\140120260311579677.pdf
[17:10:03] [抽出] SKIP_PDF_NOT_TANSHIN: title=2026年７月期 第２四半期決算説明資料
[17:10:03] [INGEST] doc_id=f47cea3ce6a2cd77 status=skipped_not_tanshin title=2026年７月期 第２四半期決算説明資料
[17:10:03] [DL] 既にダウンロード済み: data\docs\140120260312580388.pdf
[17:10:03] [抽出] SKIP_PDF_NOT_TANSHIN: title=2026年１月期 通期決算説明資料
[17:10:03] [INGEST] doc_id=182601b5441f1a80 status=skipped_not_tanshin title=2026年１月期 通期決算説明資料
[17:10:03] [INGEST] run=ingest-1a8297ba processed=9 success=0 skipped=9 error=0 (tanshin=9) SKIP_NOT_TANSHIN_TITLE=9
[17:10:03] [filings_ingest] done total=9 success=0 errors=0
[17:10:03] [pipeline_run] finished: ingest status=done elapsed=1.1s id=56 processed=9 success=0 failed=0
[2026/03/12 17:10:03.66] Finished (exit=0) 
[2026/03/12 17:20:02.05] Starting ingest 
[17:20:02] [db] config: write_key_type=service_role read_key_type=service_role
[17:20:02] [pipeline_run] started: ingest (id=57, trigger=scheduler)
[17:20:02] [filings_ingest] start dry_run=False company_code=ALL
[17:20:02] [API] yanoshin.jp APIから取得中: https://webapi.yanoshin.jp/webapi/tdnet/list/today.json
[17:20:02] [API] detected_schema=items, raw_items_count=113
[17:20:02] [API] first_item_preview: id=d508b05270fa..., pubdate=2026-03-12 15:40:00, title=株主優待品目の拡充に関するお知らせ, code=6676
[17:20:02] [API] fetched_count=113
[17:20:02] [API] skip_reason=instrument_excluded, code=13494, name=Ｅ－ＳＳＧＡ－ＳＩＮ, title=アジア国債・公債ＥＴＦ（正式名称：ＡＢＦ汎アジア債券インデックス・ファンド）に関する日々の開示事項
[17:20:02] [API] skip_reason=instrument_excluded, code=15574, name=Ｅ－ＳＳＧＡＴＣ, title=State Street SPDR S&amp;P500 ETFに関する日々の開示事項
[17:20:02] [API] skip_reason=instrument_excluded, code=20704, name=Ｎ－三菱ＵＦＪ証ＨＤ, title=上場ETN（発行者：三菱UFJ証券ホールディングス株式会社）に関する日々の開示事項
[17:20:02] [API] skip_reason=instrument_excluded, code=2628, name=ｉＦ中国科創板５０, title=上場投資信託（ETF）の投資信託約款変更のお知らせ
[17:20:02] [API] skip_reason=instrument_excluded, code=2629, name=ｉＦ中国ＧＢＡ１００, title=上場投資信託（ETF）の投資信託約款変更のお知らせ
[17:20:02] [API] skip_reason=instrument_excluded, code=16724, name=Ｅ－ＷｉｓｄｏｍＴｒ, title=上場ETF（管理会社：WisdomTree、外国投資法人：MSL）に関する日々の開示事項　
[17:20:02] [API] skip_reason=instrument_excluded, code=16724, name=Ｅ－ＷｉｓｄｏｍＴｒ, title=上場ETF（管理会社：WisdomTree、外国投資法人：CSL）に関する日々の開示事項　
[17:20:02] [API] skip_reason=instrument_excluded, code=16714, name=Ｅ－シンプレクス, title=上場ＥＴＦ(管理会社：シンプレクス・アセット・マネジメント)に関する日々の開示事項
[17:20:02] [API] skip_reason=instrument_excluded, code=13294, name=Ｅ－ブラックロック, title=上場ETF（管理会社：ブラックロック・ジャパン）に関する日々の開示事項
[17:20:02] [API] instrument_skipped_count=9
[17:20:02] [API] fetched_count=113, filtered_count=37, forecast_revision_count=11, financial_statement_count=26
[17:20:02] [API] new_count=20 already_processed=17 already_processed_financial_statement=17 new_financial_statement=9
[17:20:02] [API] already_processed_tickers=1433,215A,2294,3246,3955,4287,4422,4934,5075,5134,6387,6778,7095,2198,6184,6535,6696
[17:20:02] [INGEST] run=ingest-41247844 new_items=20 target_statements=9 non_target=11 (forecast_revision=11, other=0)
[17:20:02] [DL] 既にダウンロード済み: data\docs\140120260312580477.pdf
[17:20:03] [抽出] SKIP_PDF_NOT_TANSHIN: title=2026年4月期 第1四半期決算説明資料
[17:20:03] [INGEST] doc_id=605bfd889b04d93a status=skipped_not_tanshin title=2026年4月期 第1四半期決算説明資料
[17:20:03] [DL] 既にダウンロード済み: data\docs\140120260310578705.pdf
[17:20:03] [抽出] SKIP_PDF_NOT_TANSHIN: title=2026年７月期　第２四半期決算補足説明資料
[17:20:03] [INGEST] doc_id=2d4c82964969397a status=skipped_not_tanshin title=2026年７月期　第２四半期決算補足説明資料
[17:20:03] [DL] 既にダウンロード済み: data\docs\140120260312580527.pdf
[17:20:03] [抽出] SKIP_PDF_NOT_TANSHIN: title=2026年７月期第２四半期決算説明資料
[17:20:03] [INGEST] doc_id=49a1f89c3bfeb3d4 status=skipped_not_tanshin title=2026年７月期第２四半期決算説明資料
[17:20:03] [DL] 既にダウンロード済み: data\docs\140120260309578590.pdf
[17:20:03] [抽出] SKIP_PDF_NOT_TANSHIN: title=2026年10月期 第１四半期決算説明資料
[17:20:03] [INGEST] doc_id=4f6b64f6c6ad98a6 status=skipped_not_tanshin title=2026年10月期 第１四半期決算説明資料
[17:20:03] [DL] 既にダウンロード済み: data\docs\140120260312580521.pdf
[17:20:03] [抽出] SKIP_PDF_NOT_TANSHIN: title=2026年４月期 第３四半期 決算説明資料
[17:20:03] [INGEST] doc_id=d9046edfa776c148 status=skipped_not_tanshin title=2026年４月期 第３四半期 決算説明資料
[17:20:03] [DL] 既にダウンロード済み: data\docs\140120260311579709.pdf
[17:20:03] [抽出] SKIP_PDF_NOT_TANSHIN: title=2026年10月期第1四半期 決算説明資料
[17:20:03] [INGEST] doc_id=c557b9255644fb0f status=skipped_not_tanshin title=2026年10月期第1四半期 決算説明資料
[17:20:03] [DL] 既にダウンロード済み: data\docs\140120260311580112.pdf
[17:20:03] [抽出] SKIP_PDF_NOT_TANSHIN: title=2026年10月期　第1四半期決算（補足資料）
[17:20:03] [INGEST] doc_id=18ecb4c90e668406 status=skipped_not_tanshin title=2026年10月期　第1四半期決算（補足資料）
[17:20:03] [DL] 既にダウンロード済み: data\docs\140120260311579677.pdf
[17:20:03] [抽出] SKIP_PDF_NOT_TANSHIN: title=2026年７月期 第２四半期決算説明資料
[17:20:03] [INGEST] doc_id=f47cea3ce6a2cd77 status=skipped_not_tanshin title=2026年７月期 第２四半期決算説明資料
[17:20:03] [DL] 既にダウンロード済み: data\docs\140120260312580388.pdf
[17:20:03] [抽出] SKIP_PDF_NOT_TANSHIN: title=2026年１月期 通期決算説明資料
[17:20:03] [INGEST] doc_id=182601b5441f1a80 status=skipped_not_tanshin title=2026年１月期 通期決算説明資料
[17:20:03] [INGEST] run=ingest-41247844 processed=9 success=0 skipped=9 error=0 (tanshin=9) SKIP_NOT_TANSHIN_TITLE=9
[17:20:03] [filings_ingest] done total=9 success=0 errors=0
[17:20:03] [pipeline_run] finished: ingest status=done elapsed=1.2s id=57 processed=9 success=0 failed=0
[2026/03/12 17:20:03.71] Finished (exit=0) 
[2026/03/12 17:30:02.08] Starting ingest 
[17:30:02] [db] config: write_key_type=service_role read_key_type=service_role
[17:30:02] [pipeline_run] started: ingest (id=58, trigger=scheduler)
[17:30:02] [filings_ingest] start dry_run=False company_code=ALL
[17:30:02] [API] yanoshin.jp APIから取得中: https://webapi.yanoshin.jp/webapi/tdnet/list/today.json
[17:30:03] [API] detected_schema=items, raw_items_count=113
[17:30:03] [API] first_item_preview: id=d508b05270fa..., pubdate=2026-03-12 15:40:00, title=株主優待品目の拡充に関するお知らせ, code=6676
[17:30:03] [API] fetched_count=113
[17:30:03] [API] skip_reason=instrument_excluded, code=13494, name=Ｅ－ＳＳＧＡ－ＳＩＮ, title=アジア国債・公債ＥＴＦ（正式名称：ＡＢＦ汎アジア債券インデックス・ファンド）に関する日々の開示事項
[17:30:03] [API] skip_reason=instrument_excluded, code=15574, name=Ｅ－ＳＳＧＡＴＣ, title=State Street SPDR S&amp;P500 ETFに関する日々の開示事項
[17:30:03] [API] skip_reason=instrument_excluded, code=20704, name=Ｎ－三菱ＵＦＪ証ＨＤ, title=上場ETN（発行者：三菱UFJ証券ホールディングス株式会社）に関する日々の開示事項
[17:30:03] [API] skip_reason=instrument_excluded, code=2628, name=ｉＦ中国科創板５０, title=上場投資信託（ETF）の投資信託約款変更のお知らせ
[17:30:03] [API] skip_reason=instrument_excluded, code=2629, name=ｉＦ中国ＧＢＡ１００, title=上場投資信託（ETF）の投資信託約款変更のお知らせ
[17:30:03] [API] skip_reason=instrument_excluded, code=16724, name=Ｅ－ＷｉｓｄｏｍＴｒ, title=上場ETF（管理会社：WisdomTree、外国投資法人：MSL）に関する日々の開示事項　
[17:30:03] [API] skip_reason=instrument_excluded, code=16724, name=Ｅ－ＷｉｓｄｏｍＴｒ, title=上場ETF（管理会社：WisdomTree、外国投資法人：CSL）に関する日々の開示事項　
[17:30:03] [API] skip_reason=instrument_excluded, code=16714, name=Ｅ－シンプレクス, title=上場ＥＴＦ(管理会社：シンプレクス・アセット・マネジメント)に関する日々の開示事項
[17:30:03] [API] skip_reason=instrument_excluded, code=13294, name=Ｅ－ブラックロック, title=上場ETF（管理会社：ブラックロック・ジャパン）に関する日々の開示事項
[17:30:03] [API] instrument_skipped_count=9
[17:30:03] [API] fetched_count=113, filtered_count=37, forecast_revision_count=11, financial_statement_count=26
[17:30:03] [API] new_count=20 already_processed=17 already_processed_financial_statement=17 new_financial_statement=9
[17:30:03] [API] already_processed_tickers=1433,215A,2294,3246,3955,4287,4422,4934,5075,5134,6387,6778,7095,2198,6184,6535,6696
[17:30:03] [INGEST] run=ingest-6cc37dba new_items=20 target_statements=9 non_target=11 (forecast_revision=11, other=0)
[17:30:03] [DL] 既にダウンロード済み: data\docs\140120260312580477.pdf
[17:30:03] [抽出] SKIP_PDF_NOT_TANSHIN: title=2026年4月期 第1四半期決算説明資料
[17:30:03] [INGEST] doc_id=605bfd889b04d93a status=skipped_not_tanshin title=2026年4月期 第1四半期決算説明資料
[17:30:03] [DL] 既にダウンロード済み: data\docs\140120260310578705.pdf
[17:30:03] [抽出] SKIP_PDF_NOT_TANSHIN: title=2026年７月期　第２四半期決算補足説明資料
[17:30:03] [INGEST] doc_id=2d4c82964969397a status=skipped_not_tanshin title=2026年７月期　第２四半期決算補足説明資料
[17:30:03] [DL] 既にダウンロード済み: data\docs\140120260312580527.pdf
[17:30:03] [抽出] SKIP_PDF_NOT_TANSHIN: title=2026年７月期第２四半期決算説明資料
[17:30:03] [INGEST] doc_id=49a1f89c3bfeb3d4 status=skipped_not_tanshin title=2026年７月期第２四半期決算説明資料
[17:30:03] [DL] 既にダウンロード済み: data\docs\140120260309578590.pdf
[17:30:03] [抽出] SKIP_PDF_NOT_TANSHIN: title=2026年10月期 第１四半期決算説明資料
[17:30:03] [INGEST] doc_id=4f6b64f6c6ad98a6 status=skipped_not_tanshin title=2026年10月期 第１四半期決算説明資料
[17:30:03] [DL] 既にダウンロード済み: data\docs\140120260312580521.pdf
[17:30:03] [抽出] SKIP_PDF_NOT_TANSHIN: title=2026年４月期 第３四半期 決算説明資料
[17:30:03] [INGEST] doc_id=d9046edfa776c148 status=skipped_not_tanshin title=2026年４月期 第３四半期 決算説明資料
[17:30:03] [DL] 既にダウンロード済み: data\docs\140120260311579709.pdf
[17:30:03] [抽出] SKIP_PDF_NOT_TANSHIN: title=2026年10月期第1四半期 決算説明資料
[17:30:03] [INGEST] doc_id=c557b9255644fb0f status=skipped_not_tanshin title=2026年10月期第1四半期 決算説明資料
[17:30:03] [DL] 既にダウンロード済み: data\docs\140120260311580112.pdf
[17:30:03] [抽出] SKIP_PDF_NOT_TANSHIN: title=2026年10月期　第1四半期決算（補足資料）
[17:30:03] [INGEST] doc_id=18ecb4c90e668406 status=skipped_not_tanshin title=2026年10月期　第1四半期決算（補足資料）
[17:30:03] [DL] 既にダウンロード済み: data\docs\140120260311579677.pdf
[17:30:03] [抽出] SKIP_PDF_NOT_TANSHIN: title=2026年７月期 第２四半期決算説明資料
[17:30:03] [INGEST] doc_id=f47cea3ce6a2cd77 status=skipped_not_tanshin title=2026年７月期 第２四半期決算説明資料
[17:30:03] [DL] 既にダウンロード済み: data\docs\140120260312580388.pdf
[17:30:03] [抽出] SKIP_PDF_NOT_TANSHIN: title=2026年１月期 通期決算説明資料
[17:30:03] [INGEST] doc_id=182601b5441f1a80 status=skipped_not_tanshin title=2026年１月期 通期決算説明資料
[17:30:03] [INGEST] run=ingest-6cc37dba processed=9 success=0 skipped=9 error=0 (tanshin=9) SKIP_NOT_TANSHIN_TITLE=9
[17:30:03] [filings_ingest] done total=9 success=0 errors=0
[17:30:03] [pipeline_run] finished: ingest status=done elapsed=1.2s id=58 processed=9 success=0 failed=0
[2026/03/12 17:30:03.84] Finished (exit=0) 
[2026/03/12 17:40:02.12] Starting ingest 
[17:40:02] [db] config: write_key_type=service_role read_key_type=service_role
[17:40:02] [pipeline_run] started: ingest (id=59, trigger=scheduler)
[17:40:02] [filings_ingest] start dry_run=False company_code=ALL
[17:40:02] [API] yanoshin.jp APIから取得中: https://webapi.yanoshin.jp/webapi/tdnet/list/today.json
[17:40:03] [API] detected_schema=items, raw_items_count=113
[17:40:03] [API] first_item_preview: id=d508b05270fa..., pubdate=2026-03-12 15:40:00, title=株主優待品目の拡充に関するお知らせ, code=6676
[17:40:03] [API] fetched_count=113
[17:40:03] [API] skip_reason=instrument_excluded, code=13494, name=Ｅ－ＳＳＧＡ－ＳＩＮ, title=アジア国債・公債ＥＴＦ（正式名称：ＡＢＦ汎アジア債券インデックス・ファンド）に関する日々の開示事項
[17:40:03] [API] skip_reason=instrument_excluded, code=15574, name=Ｅ－ＳＳＧＡＴＣ, title=State Street SPDR S&amp;P500 ETFに関する日々の開示事項
[17:40:03] [API] skip_reason=instrument_excluded, code=20704, name=Ｎ－三菱ＵＦＪ証ＨＤ, title=上場ETN（発行者：三菱UFJ証券ホールディングス株式会社）に関する日々の開示事項
[17:40:03] [API] skip_reason=instrument_excluded, code=2628, name=ｉＦ中国科創板５０, title=上場投資信託（ETF）の投資信託約款変更のお知らせ
[17:40:03] [API] skip_reason=instrument_excluded, code=2629, name=ｉＦ中国ＧＢＡ１００, title=上場投資信託（ETF）の投資信託約款変更のお知らせ
[17:40:03] [API] skip_reason=instrument_excluded, code=16724, name=Ｅ－ＷｉｓｄｏｍＴｒ, title=上場ETF（管理会社：WisdomTree、外国投資法人：MSL）に関する日々の開示事項　
[17:40:03] [API] skip_reason=instrument_excluded, code=16724, name=Ｅ－ＷｉｓｄｏｍＴｒ, title=上場ETF（管理会社：WisdomTree、外国投資法人：CSL）に関する日々の開示事項　
[17:40:03] [API] skip_reason=instrument_excluded, code=16714, name=Ｅ－シンプレクス, title=上場ＥＴＦ(管理会社：シンプレクス・アセット・マネジメント)に関する日々の開示事項
[17:40:03] [API] skip_reason=instrument_excluded, code=13294, name=Ｅ－ブラックロック, title=上場ETF（管理会社：ブラックロック・ジャパン）に関する日々の開示事項
[17:40:03] [API] instrument_skipped_count=9
[17:40:03] [API] fetched_count=113, filtered_count=37, forecast_revision_count=11, financial_statement_count=26
[17:40:03] [API] new_count=20 already_processed=17 already_processed_financial_statement=17 new_financial_statement=9
[17:40:03] [API] already_processed_tickers=1433,215A,2294,3246,3955,4287,4422,4934,5075,5134,6387,6778,7095,2198,6184,6535,6696
[17:40:03] [INGEST] run=ingest-982a7c74 new_items=20 target_statements=9 non_target=11 (forecast_revision=11, other=0)
[17:40:03] [DL] 既にダウンロード済み: data\docs\140120260312580477.pdf
[17:40:03] [抽出] SKIP_PDF_NOT_TANSHIN: title=2026年4月期 第1四半期決算説明資料
[17:40:03] [INGEST] doc_id=605bfd889b04d93a status=skipped_not_tanshin title=2026年4月期 第1四半期決算説明資料
[17:40:03] [DL] 既にダウンロード済み: data\docs\140120260310578705.pdf
[17:40:03] [抽出] SKIP_PDF_NOT_TANSHIN: title=2026年７月期　第２四半期決算補足説明資料
[17:40:03] [INGEST] doc_id=2d4c82964969397a status=skipped_not_tanshin title=2026年７月期　第２四半期決算補足説明資料
[17:40:03] [DL] 既にダウンロード済み: data\docs\140120260312580527.pdf
[17:40:03] [抽出] SKIP_PDF_NOT_TANSHIN: title=2026年７月期第２四半期決算説明資料
[17:40:03] [INGEST] doc_id=49a1f89c3bfeb3d4 status=skipped_not_tanshin title=2026年７月期第２四半期決算説明資料
[17:40:03] [DL] 既にダウンロード済み: data\docs\140120260309578590.pdf
[17:40:03] [抽出] SKIP_PDF_NOT_TANSHIN: title=2026年10月期 第１四半期決算説明資料
[17:40:03] [INGEST] doc_id=4f6b64f6c6ad98a6 status=skipped_not_tanshin title=2026年10月期 第１四半期決算説明資料
[17:40:03] [DL] 既にダウンロード済み: data\docs\140120260312580521.pdf
[17:40:03] [抽出] SKIP_PDF_NOT_TANSHIN: title=2026年４月期 第３四半期 決算説明資料
[17:40:03] [INGEST] doc_id=d9046edfa776c148 status=skipped_not_tanshin title=2026年４月期 第３四半期 決算説明資料
[17:40:03] [DL] 既にダウンロード済み: data\docs\140120260311579709.pdf
[17:40:03] [抽出] SKIP_PDF_NOT_TANSHIN: title=2026年10月期第1四半期 決算説明資料
[17:40:03] [INGEST] doc_id=c557b9255644fb0f status=skipped_not_tanshin title=2026年10月期第1四半期 決算説明資料
[17:40:03] [DL] 既にダウンロード済み: data\docs\140120260311580112.pdf
[17:40:03] [抽出] SKIP_PDF_NOT_TANSHIN: title=2026年10月期　第1四半期決算（補足資料）
[17:40:03] [INGEST] doc_id=18ecb4c90e668406 status=skipped_not_tanshin title=2026年10月期　第1四半期決算（補足資料）
[17:40:03] [DL] 既にダウンロード済み: data\docs\140120260311579677.pdf
[17:40:03] [抽出] SKIP_PDF_NOT_TANSHIN: title=2026年７月期 第２四半期決算説明資料
[17:40:03] [INGEST] doc_id=f47cea3ce6a2cd77 status=skipped_not_tanshin title=2026年７月期 第２四半期決算説明資料
[17:40:03] [DL] 既にダウンロード済み: data\docs\140120260312580388.pdf
[17:40:03] [抽出] SKIP_PDF_NOT_TANSHIN: title=2026年１月期 通期決算説明資料
[17:40:03] [INGEST] doc_id=182601b5441f1a80 status=skipped_not_tanshin title=2026年１月期 通期決算説明資料
[17:40:03] [INGEST] run=ingest-982a7c74 processed=9 success=0 skipped=9 error=0 (tanshin=9) SKIP_NOT_TANSHIN_TITLE=9
[17:40:03] [filings_ingest] done total=9 success=0 errors=0
[17:40:03] [pipeline_run] finished: ingest status=done elapsed=1.2s id=59 processed=9 success=0 failed=0
[2026/03/12 17:40:03.83] Finished (exit=0) 
[2026/03/12 17:50:02.12] Starting ingest 
[17:50:02] [db] config: write_key_type=service_role read_key_type=service_role
[17:50:02] [pipeline_run] started: ingest (id=60, trigger=scheduler)
[17:50:02] [filings_ingest] start dry_run=False company_code=ALL
[17:50:02] [API] yanoshin.jp APIから取得中: https://webapi.yanoshin.jp/webapi/tdnet/list/today.json
[17:50:03] [API] detected_schema=items, raw_items_count=113
[17:50:03] [API] first_item_preview: id=d508b05270fa..., pubdate=2026-03-12 15:40:00, title=株主優待品目の拡充に関するお知らせ, code=6676
[17:50:03] [API] fetched_count=113
[17:50:03] [API] skip_reason=instrument_excluded, code=13494, name=Ｅ－ＳＳＧＡ－ＳＩＮ, title=アジア国債・公債ＥＴＦ（正式名称：ＡＢＦ汎アジア債券インデックス・ファンド）に関する日々の開示事項
[17:50:03] [API] skip_reason=instrument_excluded, code=15574, name=Ｅ－ＳＳＧＡＴＣ, title=State Street SPDR S&amp;P500 ETFに関する日々の開示事項
[17:50:03] [API] skip_reason=instrument_excluded, code=20704, name=Ｎ－三菱ＵＦＪ証ＨＤ, title=上場ETN（発行者：三菱UFJ証券ホールディングス株式会社）に関する日々の開示事項
[17:50:03] [API] skip_reason=instrument_excluded, code=2628, name=ｉＦ中国科創板５０, title=上場投資信託（ETF）の投資信託約款変更のお知らせ
[17:50:03] [API] skip_reason=instrument_excluded, code=2629, name=ｉＦ中国ＧＢＡ１００, title=上場投資信託（ETF）の投資信託約款変更のお知らせ
[17:50:03] [API] skip_reason=instrument_excluded, code=16724, name=Ｅ－ＷｉｓｄｏｍＴｒ, title=上場ETF（管理会社：WisdomTree、外国投資法人：MSL）に関する日々の開示事項　
[17:50:03] [API] skip_reason=instrument_excluded, code=16724, name=Ｅ－ＷｉｓｄｏｍＴｒ, title=上場ETF（管理会社：WisdomTree、外国投資法人：CSL）に関する日々の開示事項　
[17:50:03] [API] skip_reason=instrument_excluded, code=16714, name=Ｅ－シンプレクス, title=上場ＥＴＦ(管理会社：シンプレクス・アセット・マネジメント)に関する日々の開示事項
[17:50:03] [API] skip_reason=instrument_excluded, code=13294, name=Ｅ－ブラックロック, title=上場ETF（管理会社：ブラックロック・ジャパン）に関する日々の開示事項
[17:50:03] [API] instrument_skipped_count=9
[17:50:03] [API] fetched_count=113, filtered_count=37, forecast_revision_count=11, financial_statement_count=26
[17:50:03] [API] new_count=20 already_processed=17 already_processed_financial_statement=17 new_financial_statement=9
[17:50:03] [API] already_processed_tickers=1433,215A,2294,3246,3955,4287,4422,4934,5075,5134,6387,6778,7095,2198,6184,6535,6696
[17:50:03] [INGEST] run=ingest-2029b4b2 new_items=20 target_statements=9 non_target=11 (forecast_revision=11, other=0)
[17:50:03] [DL] 既にダウンロード済み: data\docs\140120260312580477.pdf
[17:50:03] [抽出] SKIP_PDF_NOT_TANSHIN: title=2026年4月期 第1四半期決算説明資料
[17:50:03] [INGEST] doc_id=605bfd889b04d93a status=skipped_not_tanshin title=2026年4月期 第1四半期決算説明資料
[17:50:03] [DL] 既にダウンロード済み: data\docs\140120260310578705.pdf
[17:50:03] [抽出] SKIP_PDF_NOT_TANSHIN: title=2026年７月期　第２四半期決算補足説明資料
[17:50:03] [INGEST] doc_id=2d4c82964969397a status=skipped_not_tanshin title=2026年７月期　第２四半期決算補足説明資料
[17:50:03] [DL] 既にダウンロード済み: data\docs\140120260312580527.pdf
[17:50:03] [抽出] SKIP_PDF_NOT_TANSHIN: title=2026年７月期第２四半期決算説明資料
[17:50:03] [INGEST] doc_id=49a1f89c3bfeb3d4 status=skipped_not_tanshin title=2026年７月期第２四半期決算説明資料
[17:50:03] [DL] 既にダウンロード済み: data\docs\140120260309578590.pdf
[17:50:03] [抽出] SKIP_PDF_NOT_TANSHIN: title=2026年10月期 第１四半期決算説明資料
[17:50:03] [INGEST] doc_id=4f6b64f6c6ad98a6 status=skipped_not_tanshin title=2026年10月期 第１四半期決算説明資料
[17:50:03] [DL] 既にダウンロード済み: data\docs\140120260312580521.pdf
[17:50:03] [抽出] SKIP_PDF_NOT_TANSHIN: title=2026年４月期 第３四半期 決算説明資料
[17:50:03] [INGEST] doc_id=d9046edfa776c148 status=skipped_not_tanshin title=2026年４月期 第３四半期 決算説明資料
[17:50:03] [DL] 既にダウンロード済み: data\docs\140120260311579709.pdf
[17:50:03] [抽出] SKIP_PDF_NOT_TANSHIN: title=2026年10月期第1四半期 決算説明資料
[17:50:03] [INGEST] doc_id=c557b9255644fb0f status=skipped_not_tanshin title=2026年10月期第1四半期 決算説明資料
[17:50:03] [DL] 既にダウンロード済み: data\docs\140120260311580112.pdf
[17:50:03] [抽出] SKIP_PDF_NOT_TANSHIN: title=2026年10月期　第1四半期決算（補足資料）
[17:50:03] [INGEST] doc_id=18ecb4c90e668406 status=skipped_not_tanshin title=2026年10月期　第1四半期決算（補足資料）
[17:50:03] [DL] 既にダウンロード済み: data\docs\140120260311579677.pdf
[17:50:03] [抽出] SKIP_PDF_NOT_TANSHIN: title=2026年７月期 第２四半期決算説明資料
[17:50:03] [INGEST] doc_id=f47cea3ce6a2cd77 status=skipped_not_tanshin title=2026年７月期 第２四半期決算説明資料
[17:50:03] [DL] 既にダウンロード済み: data\docs\140120260312580388.pdf
[17:50:03] [抽出] SKIP_PDF_NOT_TANSHIN: title=2026年１月期 通期決算説明資料
[17:50:03] [INGEST] doc_id=182601b5441f1a80 status=skipped_not_tanshin title=2026年１月期 通期決算説明資料
[17:50:03] [INGEST] run=ingest-2029b4b2 processed=9 success=0 skipped=9 error=0 (tanshin=9) SKIP_NOT_TANSHIN_TITLE=9
[17:50:03] [filings_ingest] done total=9 success=0 errors=0
[17:50:03] [pipeline_run] finished: ingest status=done elapsed=1.1s id=60 processed=9 success=0 failed=0
[2026/03/12 17:50:03.91] Finished (exit=0) 
[2026/03/12 18:00:02.18] Starting ingest 
[18:00:02] [db] config: write_key_type=service_role read_key_type=service_role
[18:00:02] [pipeline_run] started: ingest (id=61, trigger=scheduler)
[18:00:02] [filings_ingest] start dry_run=False company_code=ALL
[18:00:02] [API] yanoshin.jp APIから取得中: https://webapi.yanoshin.jp/webapi/tdnet/list/today.json
[18:00:03] [API] detected_schema=items, raw_items_count=113
[18:00:03] [API] first_item_preview: id=d508b05270fa..., pubdate=2026-03-12 15:40:00, title=株主優待品目の拡充に関するお知らせ, code=6676
[18:00:03] [API] fetched_count=113
[18:00:03] [API] skip_reason=instrument_excluded, code=13494, name=Ｅ－ＳＳＧＡ－ＳＩＮ, title=アジア国債・公債ＥＴＦ（正式名称：ＡＢＦ汎アジア債券インデックス・ファンド）に関する日々の開示事項
[18:00:03] [API] skip_reason=instrument_excluded, code=15574, name=Ｅ－ＳＳＧＡＴＣ, title=State Street SPDR S&amp;P500 ETFに関する日々の開示事項
[18:00:03] [API] skip_reason=instrument_excluded, code=20704, name=Ｎ－三菱ＵＦＪ証ＨＤ, title=上場ETN（発行者：三菱UFJ証券ホールディングス株式会社）に関する日々の開示事項
[18:00:03] [API] skip_reason=instrument_excluded, code=2628, name=ｉＦ中国科創板５０, title=上場投資信託（ETF）の投資信託約款変更のお知らせ
[18:00:03] [API] skip_reason=instrument_excluded, code=2629, name=ｉＦ中国ＧＢＡ１００, title=上場投資信託（ETF）の投資信託約款変更のお知らせ
[18:00:03] [API] skip_reason=instrument_excluded, code=16724, name=Ｅ－ＷｉｓｄｏｍＴｒ, title=上場ETF（管理会社：WisdomTree、外国投資法人：MSL）に関する日々の開示事項　
[18:00:03] [API] skip_reason=instrument_excluded, code=16724, name=Ｅ－ＷｉｓｄｏｍＴｒ, title=上場ETF（管理会社：WisdomTree、外国投資法人：CSL）に関する日々の開示事項　
[18:00:03] [API] skip_reason=instrument_excluded, code=16714, name=Ｅ－シンプレクス, title=上場ＥＴＦ(管理会社：シンプレクス・アセット・マネジメント)に関する日々の開示事項
[18:00:03] [API] skip_reason=instrument_excluded, code=13294, name=Ｅ－ブラックロック, title=上場ETF（管理会社：ブラックロック・ジャパン）に関する日々の開示事項
[18:00:03] [API] instrument_skipped_count=9
[18:00:03] [API] fetched_count=113, filtered_count=37, forecast_revision_count=11, financial_statement_count=26
[18:00:03] [API] new_count=20 already_processed=17 already_processed_financial_statement=17 new_financial_statement=9
[18:00:03] [API] already_processed_tickers=1433,215A,2294,3246,3955,4287,4422,4934,5075,5134,6387,6778,7095,2198,6184,6535,6696
[18:00:03] [INGEST] run=ingest-5444d2f6 new_items=20 target_statements=9 non_target=11 (forecast_revision=11, other=0)
[18:00:03] [DL] 既にダウンロード済み: data\docs\140120260312580477.pdf
[18:00:03] [抽出] SKIP_PDF_NOT_TANSHIN: title=2026年4月期 第1四半期決算説明資料
[18:00:03] [INGEST] doc_id=605bfd889b04d93a status=skipped_not_tanshin title=2026年4月期 第1四半期決算説明資料
[18:00:03] [DL] 既にダウンロード済み: data\docs\140120260310578705.pdf
[18:00:03] [抽出] SKIP_PDF_NOT_TANSHIN: title=2026年７月期　第２四半期決算補足説明資料
[18:00:03] [INGEST] doc_id=2d4c82964969397a status=skipped_not_tanshin title=2026年７月期　第２四半期決算補足説明資料
[18:00:03] [DL] 既にダウンロード済み: data\docs\140120260312580527.pdf
[18:00:03] [抽出] SKIP_PDF_NOT_TANSHIN: title=2026年７月期第２四半期決算説明資料
[18:00:03] [INGEST] doc_id=49a1f89c3bfeb3d4 status=skipped_not_tanshin title=2026年７月期第２四半期決算説明資料
[18:00:03] [DL] 既にダウンロード済み: data\docs\140120260309578590.pdf
[18:00:03] [抽出] SKIP_PDF_NOT_TANSHIN: title=2026年10月期 第１四半期決算説明資料
[18:00:03] [INGEST] doc_id=4f6b64f6c6ad98a6 status=skipped_not_tanshin title=2026年10月期 第１四半期決算説明資料
[18:00:03] [DL] 既にダウンロード済み: data\docs\140120260312580521.pdf
[18:00:03] [抽出] SKIP_PDF_NOT_TANSHIN: title=2026年４月期 第３四半期 決算説明資料
[18:00:03] [INGEST] doc_id=d9046edfa776c148 status=skipped_not_tanshin title=2026年４月期 第３四半期 決算説明資料
[18:00:03] [DL] 既にダウンロード済み: data\docs\140120260311579709.pdf
[18:00:03] [抽出] SKIP_PDF_NOT_TANSHIN: title=2026年10月期第1四半期 決算説明資料
[18:00:03] [INGEST] doc_id=c557b9255644fb0f status=skipped_not_tanshin title=2026年10月期第1四半期 決算説明資料
[18:00:03] [DL] 既にダウンロード済み: data\docs\140120260311580112.pdf
[18:00:03] [抽出] SKIP_PDF_NOT_TANSHIN: title=2026年10月期　第1四半期決算（補足資料）
[18:00:03] [INGEST] doc_id=18ecb4c90e668406 status=skipped_not_tanshin title=2026年10月期　第1四半期決算（補足資料）
[18:00:03] [DL] 既にダウンロード済み: data\docs\140120260311579677.pdf
[18:00:03] [抽出] SKIP_PDF_NOT_TANSHIN: title=2026年７月期 第２四半期決算説明資料
[18:00:03] [INGEST] doc_id=f47cea3ce6a2cd77 status=skipped_not_tanshin title=2026年７月期 第２四半期決算説明資料
[18:00:03] [DL] 既にダウンロード済み: data\docs\140120260312580388.pdf
[18:00:03] [抽出] SKIP_PDF_NOT_TANSHIN: title=2026年１月期 通期決算説明資料
[18:00:03] [INGEST] doc_id=182601b5441f1a80 status=skipped_not_tanshin title=2026年１月期 通期決算説明資料
[18:00:03] [INGEST] run=ingest-5444d2f6 processed=9 success=0 skipped=9 error=0 (tanshin=9) SKIP_NOT_TANSHIN_TITLE=9
[18:00:03] [filings_ingest] done total=9 success=0 errors=0
[18:00:03] [pipeline_run] finished: ingest status=done elapsed=1.1s id=61 processed=9 success=0 failed=0
[2026/03/12 18:00:03.85] Finished (exit=0) 
[2026/03/12 18:10:02.20] Starting ingest 
[18:10:02] [db] config: write_key_type=service_role read_key_type=service_role
[18:10:02] [pipeline_run] started: ingest (id=62, trigger=scheduler)
[18:10:02] [filings_ingest] start dry_run=False company_code=ALL
[18:10:02] [API] yanoshin.jp APIから取得中: https://webapi.yanoshin.jp/webapi/tdnet/list/today.json
[18:10:03] [API] detected_schema=items, raw_items_count=113
[18:10:03] [API] first_item_preview: id=d508b05270fa..., pubdate=2026-03-12 15:40:00, title=株主優待品目の拡充に関するお知らせ, code=6676
[18:10:03] [API] fetched_count=113
[18:10:03] [API] skip_reason=instrument_excluded, code=13494, name=Ｅ－ＳＳＧＡ－ＳＩＮ, title=アジア国債・公債ＥＴＦ（正式名称：ＡＢＦ汎アジア債券インデックス・ファンド）に関する日々の開示事項
[18:10:03] [API] skip_reason=instrument_excluded, code=15574, name=Ｅ－ＳＳＧＡＴＣ, title=State Street SPDR S&amp;P500 ETFに関する日々の開示事項
[18:10:03] [API] skip_reason=instrument_excluded, code=20704, name=Ｎ－三菱ＵＦＪ証ＨＤ, title=上場ETN（発行者：三菱UFJ証券ホールディングス株式会社）に関する日々の開示事項
[18:10:03] [API] skip_reason=instrument_excluded, code=2628, name=ｉＦ中国科創板５０, title=上場投資信託（ETF）の投資信託約款変更のお知らせ
[18:10:03] [API] skip_reason=instrument_excluded, code=2629, name=ｉＦ中国ＧＢＡ１００, title=上場投資信託（ETF）の投資信託約款変更のお知らせ
[18:10:03] [API] skip_reason=instrument_excluded, code=16724, name=Ｅ－ＷｉｓｄｏｍＴｒ, title=上場ETF（管理会社：WisdomTree、外国投資法人：MSL）に関する日々の開示事項　
[18:10:03] [API] skip_reason=instrument_excluded, code=16724, name=Ｅ－ＷｉｓｄｏｍＴｒ, title=上場ETF（管理会社：WisdomTree、外国投資法人：CSL）に関する日々の開示事項　
[18:10:03] [API] skip_reason=instrument_excluded, code=16714, name=Ｅ－シンプレクス, title=上場ＥＴＦ(管理会社：シンプレクス・アセット・マネジメント)に関する日々の開示事項
[18:10:03] [API] skip_reason=instrument_excluded, code=13294, name=Ｅ－ブラックロック, title=上場ETF（管理会社：ブラックロック・ジャパン）に関する日々の開示事項
[18:10:03] [API] instrument_skipped_count=9
[18:10:03] [API] fetched_count=113, filtered_count=37, forecast_revision_count=11, financial_statement_count=26
[18:10:03] [API] new_count=20 already_processed=17 already_processed_financial_statement=17 new_financial_statement=9
[18:10:03] [API] already_processed_tickers=1433,215A,2294,3246,3955,4287,4422,4934,5075,5134,6387,6778,7095,2198,6184,6535,6696
[18:10:03] [INGEST] run=ingest-1e48455f new_items=20 target_statements=9 non_target=11 (forecast_revision=11, other=0)
[18:10:03] [DL] 既にダウンロード済み: data\docs\140120260312580477.pdf
[18:10:03] [抽出] SKIP_PDF_NOT_TANSHIN: title=2026年4月期 第1四半期決算説明資料
[18:10:03] [INGEST] doc_id=605bfd889b04d93a status=skipped_not_tanshin title=2026年4月期 第1四半期決算説明資料
[18:10:03] [DL] 既にダウンロード済み: data\docs\140120260310578705.pdf
[18:10:03] [抽出] SKIP_PDF_NOT_TANSHIN: title=2026年７月期　第２四半期決算補足説明資料
[18:10:03] [INGEST] doc_id=2d4c82964969397a status=skipped_not_tanshin title=2026年７月期　第２四半期決算補足説明資料
[18:10:03] [DL] 既にダウンロード済み: data\docs\140120260312580527.pdf
[18:10:03] [抽出] SKIP_PDF_NOT_TANSHIN: title=2026年７月期第２四半期決算説明資料
[18:10:03] [INGEST] doc_id=49a1f89c3bfeb3d4 status=skipped_not_tanshin title=2026年７月期第２四半期決算説明資料
[18:10:03] [DL] 既にダウンロード済み: data\docs\140120260309578590.pdf
[18:10:03] [抽出] SKIP_PDF_NOT_TANSHIN: title=2026年10月期 第１四半期決算説明資料
[18:10:03] [INGEST] doc_id=4f6b64f6c6ad98a6 status=skipped_not_tanshin title=2026年10月期 第１四半期決算説明資料
[18:10:03] [DL] 既にダウンロード済み: data\docs\140120260312580521.pdf
[18:10:03] [抽出] SKIP_PDF_NOT_TANSHIN: title=2026年４月期 第３四半期 決算説明資料
[18:10:03] [INGEST] doc_id=d9046edfa776c148 status=skipped_not_tanshin title=2026年４月期 第３四半期 決算説明資料
[18:10:03] [DL] 既にダウンロード済み: data\docs\140120260311579709.pdf
[18:10:03] [抽出] SKIP_PDF_NOT_TANSHIN: title=2026年10月期第1四半期 決算説明資料
[18:10:03] [INGEST] doc_id=c557b9255644fb0f status=skipped_not_tanshin title=2026年10月期第1四半期 決算説明資料
[18:10:03] [DL] 既にダウンロード済み: data\docs\140120260311580112.pdf
[18:10:03] [抽出] SKIP_PDF_NOT_TANSHIN: title=2026年10月期　第1四半期決算（補足資料）
[18:10:03] [INGEST] doc_id=18ecb4c90e668406 status=skipped_not_tanshin title=2026年10月期　第1四半期決算（補足資料）
[18:10:03] [DL] 既にダウンロード済み: data\docs\140120260311579677.pdf
[18:10:03] [抽出] SKIP_PDF_NOT_TANSHIN: title=2026年７月期 第２四半期決算説明資料
[18:10:03] [INGEST] doc_id=f47cea3ce6a2cd77 status=skipped_not_tanshin title=2026年７月期 第２四半期決算説明資料
[18:10:03] [DL] 既にダウンロード済み: data\docs\140120260312580388.pdf
[18:10:03] [抽出] SKIP_PDF_NOT_TANSHIN: title=2026年１月期 通期決算説明資料
[18:10:03] [INGEST] doc_id=182601b5441f1a80 status=skipped_not_tanshin title=2026年１月期 通期決算説明資料
[18:10:03] [INGEST] run=ingest-1e48455f processed=9 success=0 skipped=9 error=0 (tanshin=9) SKIP_NOT_TANSHIN_TITLE=9
[18:10:03] [filings_ingest] done total=9 success=0 errors=0
[18:10:03] [pipeline_run] finished: ingest status=done elapsed=1.2s id=62 processed=9 success=0 failed=0
[2026/03/12 18:10:03.94] Finished (exit=0) 
[2026/03/12 18:20:02.18] Starting ingest 
[18:20:02] [db] config: write_key_type=service_role read_key_type=service_role
[18:20:02] [pipeline_run] started: ingest (id=63, trigger=scheduler)
[18:20:02] [filings_ingest] start dry_run=False company_code=ALL
[18:20:02] [API] yanoshin.jp APIから取得中: https://webapi.yanoshin.jp/webapi/tdnet/list/today.json
[18:20:03] [API] detected_schema=items, raw_items_count=113
[18:20:03] [API] first_item_preview: id=d508b05270fa..., pubdate=2026-03-12 15:40:00, title=株主優待品目の拡充に関するお知らせ, code=6676
[18:20:03] [API] fetched_count=113
[18:20:03] [API] skip_reason=instrument_excluded, code=13494, name=Ｅ－ＳＳＧＡ－ＳＩＮ, title=アジア国債・公債ＥＴＦ（正式名称：ＡＢＦ汎アジア債券インデックス・ファンド）に関する日々の開示事項
[18:20:03] [API] skip_reason=instrument_excluded, code=15574, name=Ｅ－ＳＳＧＡＴＣ, title=State Street SPDR S&amp;P500 ETFに関する日々の開示事項
[18:20:03] [API] skip_reason=instrument_excluded, code=20704, name=Ｎ－三菱ＵＦＪ証ＨＤ, title=上場ETN（発行者：三菱UFJ証券ホールディングス株式会社）に関する日々の開示事項
[18:20:03] [API] skip_reason=instrument_excluded, code=2628, name=ｉＦ中国科創板５０, title=上場投資信託（ETF）の投資信託約款変更のお知らせ
[18:20:03] [API] skip_reason=instrument_excluded, code=2629, name=ｉＦ中国ＧＢＡ１００, title=上場投資信託（ETF）の投資信託約款変更のお知らせ
[18:20:03] [API] skip_reason=instrument_excluded, code=16724, name=Ｅ－ＷｉｓｄｏｍＴｒ, title=上場ETF（管理会社：WisdomTree、外国投資法人：MSL）に関する日々の開示事項　
[18:20:03] [API] skip_reason=instrument_excluded, code=16724, name=Ｅ－ＷｉｓｄｏｍＴｒ, title=上場ETF（管理会社：WisdomTree、外国投資法人：CSL）に関する日々の開示事項　
[18:20:03] [API] skip_reason=instrument_excluded, code=16714, name=Ｅ－シンプレクス, title=上場ＥＴＦ(管理会社：シンプレクス・アセット・マネジメント)に関する日々の開示事項
[18:20:03] [API] skip_reason=instrument_excluded, code=13294, name=Ｅ－ブラックロック, title=上場ETF（管理会社：ブラックロック・ジャパン）に関する日々の開示事項
[18:20:03] [API] instrument_skipped_count=9
[18:20:03] [API] fetched_count=113, filtered_count=37, forecast_revision_count=11, financial_statement_count=26
[18:20:03] [API] new_count=20 already_processed=17 already_processed_financial_statement=17 new_financial_statement=9
[18:20:03] [API] already_processed_tickers=1433,215A,2294,3246,3955,4287,4422,4934,5075,5134,6387,6778,7095,2198,6184,6535,6696
[18:20:03] [INGEST] run=ingest-e7eb351c new_items=20 target_statements=9 non_target=11 (forecast_revision=11, other=0)
[18:20:03] [DL] 既にダウンロード済み: data\docs\140120260312580477.pdf
[18:20:03] [抽出] SKIP_PDF_NOT_TANSHIN: title=2026年4月期 第1四半期決算説明資料
[18:20:03] [INGEST] doc_id=605bfd889b04d93a status=skipped_not_tanshin title=2026年4月期 第1四半期決算説明資料
[18:20:03] [DL] 既にダウンロード済み: data\docs\140120260310578705.pdf
[18:20:03] [抽出] SKIP_PDF_NOT_TANSHIN: title=2026年７月期　第２四半期決算補足説明資料
[18:20:03] [INGEST] doc_id=2d4c82964969397a status=skipped_not_tanshin title=2026年７月期　第２四半期決算補足説明資料
[18:20:03] [DL] 既にダウンロード済み: data\docs\140120260312580527.pdf
[18:20:03] [抽出] SKIP_PDF_NOT_TANSHIN: title=2026年７月期第２四半期決算説明資料
[18:20:03] [INGEST] doc_id=49a1f89c3bfeb3d4 status=skipped_not_tanshin title=2026年７月期第２四半期決算説明資料
[18:20:03] [DL] 既にダウンロード済み: data\docs\140120260309578590.pdf
[18:20:03] [抽出] SKIP_PDF_NOT_TANSHIN: title=2026年10月期 第１四半期決算説明資料
[18:20:03] [INGEST] doc_id=4f6b64f6c6ad98a6 status=skipped_not_tanshin title=2026年10月期 第１四半期決算説明資料
[18:20:03] [DL] 既にダウンロード済み: data\docs\140120260312580521.pdf
[18:20:03] [抽出] SKIP_PDF_NOT_TANSHIN: title=2026年４月期 第３四半期 決算説明資料
[18:20:03] [INGEST] doc_id=d9046edfa776c148 status=skipped_not_tanshin title=2026年４月期 第３四半期 決算説明資料
[18:20:03] [DL] 既にダウンロード済み: data\docs\140120260311579709.pdf
[18:20:03] [抽出] SKIP_PDF_NOT_TANSHIN: title=2026年10月期第1四半期 決算説明資料
[18:20:03] [INGEST] doc_id=c557b9255644fb0f status=skipped_not_tanshin title=2026年10月期第1四半期 決算説明資料
[18:20:03] [DL] 既にダウンロード済み: data\docs\140120260311580112.pdf
[18:20:03] [抽出] SKIP_PDF_NOT_TANSHIN: title=2026年10月期　第1四半期決算（補足資料）
[18:20:03] [INGEST] doc_id=18ecb4c90e668406 status=skipped_not_tanshin title=2026年10月期　第1四半期決算（補足資料）
[18:20:03] [DL] 既にダウンロード済み: data\docs\140120260311579677.pdf
[18:20:03] [抽出] SKIP_PDF_NOT_TANSHIN: title=2026年７月期 第２四半期決算説明資料
[18:20:03] [INGEST] doc_id=f47cea3ce6a2cd77 status=skipped_not_tanshin title=2026年７月期 第２四半期決算説明資料
[18:20:03] [DL] 既にダウンロード済み: data\docs\140120260312580388.pdf
[18:20:03] [抽出] SKIP_PDF_NOT_TANSHIN: title=2026年１月期 通期決算説明資料
[18:20:03] [INGEST] doc_id=182601b5441f1a80 status=skipped_not_tanshin title=2026年１月期 通期決算説明資料
[18:20:03] [INGEST] run=ingest-e7eb351c processed=9 success=0 skipped=9 error=0 (tanshin=9) SKIP_NOT_TANSHIN_TITLE=9
[18:20:03] [filings_ingest] done total=9 success=0 errors=0
[18:20:03] [pipeline_run] finished: ingest status=done elapsed=1.2s id=63 processed=9 success=0 failed=0
[2026/03/12 18:20:03.93] Finished (exit=0) 
[2026/03/12 18:30:02.21] Starting ingest 
[18:30:02] [db] config: write_key_type=service_role read_key_type=service_role
[18:30:02] [pipeline_run] started: ingest (id=64, trigger=scheduler)
[18:30:02] [filings_ingest] start dry_run=False company_code=ALL
[18:30:02] [API] yanoshin.jp APIから取得中: https://webapi.yanoshin.jp/webapi/tdnet/list/today.json
[18:30:03] [API] detected_schema=items, raw_items_count=113
[18:30:03] [API] first_item_preview: id=d508b05270fa..., pubdate=2026-03-12 15:40:00, title=株主優待品目の拡充に関するお知らせ, code=6676
[18:30:03] [API] fetched_count=113
[18:30:03] [API] skip_reason=instrument_excluded, code=13494, name=Ｅ－ＳＳＧＡ－ＳＩＮ, title=アジア国債・公債ＥＴＦ（正式名称：ＡＢＦ汎アジア債券インデックス・ファンド）に関する日々の開示事項
[18:30:03] [API] skip_reason=instrument_excluded, code=15574, name=Ｅ－ＳＳＧＡＴＣ, title=State Street SPDR S&amp;P500 ETFに関する日々の開示事項
[18:30:03] [API] skip_reason=instrument_excluded, code=20704, name=Ｎ－三菱ＵＦＪ証ＨＤ, title=上場ETN（発行者：三菱UFJ証券ホールディングス株式会社）に関する日々の開示事項
[18:30:03] [API] skip_reason=instrument_excluded, code=2628, name=ｉＦ中国科創板５０, title=上場投資信託（ETF）の投資信託約款変更のお知らせ
[18:30:03] [API] skip_reason=instrument_excluded, code=2629, name=ｉＦ中国ＧＢＡ１００, title=上場投資信託（ETF）の投資信託約款変更のお知らせ
[18:30:03] [API] skip_reason=instrument_excluded, code=16724, name=Ｅ－ＷｉｓｄｏｍＴｒ, title=上場ETF（管理会社：WisdomTree、外国投資法人：MSL）に関する日々の開示事項　
[18:30:03] [API] skip_reason=instrument_excluded, code=16724, name=Ｅ－ＷｉｓｄｏｍＴｒ, title=上場ETF（管理会社：WisdomTree、外国投資法人：CSL）に関する日々の開示事項　
[18:30:03] [API] skip_reason=instrument_excluded, code=16714, name=Ｅ－シンプレクス, title=上場ＥＴＦ(管理会社：シンプレクス・アセット・マネジメント)に関する日々の開示事項
[18:30:03] [API] skip_reason=instrument_excluded, code=13294, name=Ｅ－ブラックロック, title=上場ETF（管理会社：ブラックロック・ジャパン）に関する日々の開示事項
[18:30:03] [API] instrument_skipped_count=9
[18:30:03] [API] fetched_count=113, filtered_count=37, forecast_revision_count=11, financial_statement_count=26
[18:30:03] [API] new_count=20 already_processed=17 already_processed_financial_statement=17 new_financial_statement=9
[18:30:03] [API] already_processed_tickers=1433,215A,2294,3246,3955,4287,4422,4934,5075,5134,6387,6778,7095,2198,6184,6535,6696
[18:30:03] [INGEST] run=ingest-1be8ff75 new_items=20 target_statements=9 non_target=11 (forecast_revision=11, other=0)
[18:30:03] [DL] 既にダウンロード済み: data\docs\140120260312580477.pdf
[18:30:03] [抽出] SKIP_PDF_NOT_TANSHIN: title=2026年4月期 第1四半期決算説明資料
[18:30:03] [INGEST] doc_id=605bfd889b04d93a status=skipped_not_tanshin title=2026年4月期 第1四半期決算説明資料
[18:30:03] [DL] 既にダウンロード済み: data\docs\140120260310578705.pdf
[18:30:03] [抽出] SKIP_PDF_NOT_TANSHIN: title=2026年７月期　第２四半期決算補足説明資料
[18:30:03] [INGEST] doc_id=2d4c82964969397a status=skipped_not_tanshin title=2026年７月期　第２四半期決算補足説明資料
[18:30:03] [DL] 既にダウンロード済み: data\docs\140120260312580527.pdf
[18:30:03] [抽出] SKIP_PDF_NOT_TANSHIN: title=2026年７月期第２四半期決算説明資料
[18:30:03] [INGEST] doc_id=49a1f89c3bfeb3d4 status=skipped_not_tanshin title=2026年７月期第２四半期決算説明資料
[18:30:03] [DL] 既にダウンロード済み: data\docs\140120260309578590.pdf
[18:30:03] [抽出] SKIP_PDF_NOT_TANSHIN: title=2026年10月期 第１四半期決算説明資料
[18:30:03] [INGEST] doc_id=4f6b64f6c6ad98a6 status=skipped_not_tanshin title=2026年10月期 第１四半期決算説明資料
[18:30:03] [DL] 既にダウンロード済み: data\docs\140120260312580521.pdf
[18:30:03] [抽出] SKIP_PDF_NOT_TANSHIN: title=2026年４月期 第３四半期 決算説明資料
[18:30:03] [INGEST] doc_id=d9046edfa776c148 status=skipped_not_tanshin title=2026年４月期 第３四半期 決算説明資料
[18:30:03] [DL] 既にダウンロード済み: data\docs\140120260311579709.pdf
[18:30:03] [抽出] SKIP_PDF_NOT_TANSHIN: title=2026年10月期第1四半期 決算説明資料
[18:30:03] [INGEST] doc_id=c557b9255644fb0f status=skipped_not_tanshin title=2026年10月期第1四半期 決算説明資料
[18:30:03] [DL] 既にダウンロード済み: data\docs\140120260311580112.pdf
[18:30:03] [抽出] SKIP_PDF_NOT_TANSHIN: title=2026年10月期　第1四半期決算（補足資料）
[18:30:03] [INGEST] doc_id=18ecb4c90e668406 status=skipped_not_tanshin title=2026年10月期　第1四半期決算（補足資料）
[18:30:03] [DL] 既にダウンロード済み: data\docs\140120260311579677.pdf
[18:30:03] [抽出] SKIP_PDF_NOT_TANSHIN: title=2026年７月期 第２四半期決算説明資料
[18:30:03] [INGEST] doc_id=f47cea3ce6a2cd77 status=skipped_not_tanshin title=2026年７月期 第２四半期決算説明資料
[18:30:03] [DL] 既にダウンロード済み: data\docs\140120260312580388.pdf
[18:30:03] [抽出] SKIP_PDF_NOT_TANSHIN: title=2026年１月期 通期決算説明資料
[18:30:03] [INGEST] doc_id=182601b5441f1a80 status=skipped_not_tanshin title=2026年１月期 通期決算説明資料
[18:30:03] [INGEST] run=ingest-1be8ff75 processed=9 success=0 skipped=9 error=0 (tanshin=9) SKIP_NOT_TANSHIN_TITLE=9
[18:30:03] [filings_ingest] done total=9 success=0 errors=0
[18:30:03] [pipeline_run] finished: ingest status=done elapsed=1.1s id=64 processed=9 success=0 failed=0
[2026/03/12 18:30:03.83] Finished (exit=0) 
[2026/03/12 18:40:02.13] Starting ingest 
[18:40:02] [db] config: write_key_type=service_role read_key_type=service_role
[18:40:02] [pipeline_run] started: ingest (id=65, trigger=scheduler)
[18:40:02] [filings_ingest] start dry_run=False company_code=ALL
[18:40:02] [API] yanoshin.jp APIから取得中: https://webapi.yanoshin.jp/webapi/tdnet/list/today.json
[18:40:03] [API] detected_schema=items, raw_items_count=113
[18:40:03] [API] first_item_preview: id=d508b05270fa..., pubdate=2026-03-12 15:40:00, title=株主優待品目の拡充に関するお知らせ, code=6676
[18:40:03] [API] fetched_count=113
[18:40:03] [API] skip_reason=instrument_excluded, code=13494, name=Ｅ－ＳＳＧＡ－ＳＩＮ, title=アジア国債・公債ＥＴＦ（正式名称：ＡＢＦ汎アジア債券インデックス・ファンド）に関する日々の開示事項
[18:40:03] [API] skip_reason=instrument_excluded, code=15574, name=Ｅ－ＳＳＧＡＴＣ, title=State Street SPDR S&amp;P500 ETFに関する日々の開示事項
[18:40:03] [API] skip_reason=instrument_excluded, code=20704, name=Ｎ－三菱ＵＦＪ証ＨＤ, title=上場ETN（発行者：三菱UFJ証券ホールディングス株式会社）に関する日々の開示事項
[18:40:03] [API] skip_reason=instrument_excluded, code=2628, name=ｉＦ中国科創板５０, title=上場投資信託（ETF）の投資信託約款変更のお知らせ
[18:40:03] [API] skip_reason=instrument_excluded, code=2629, name=ｉＦ中国ＧＢＡ１００, title=上場投資信託（ETF）の投資信託約款変更のお知らせ
[18:40:03] [API] skip_reason=instrument_excluded, code=16724, name=Ｅ－ＷｉｓｄｏｍＴｒ, title=上場ETF（管理会社：WisdomTree、外国投資法人：MSL）に関する日々の開示事項　
[18:40:03] [API] skip_reason=instrument_excluded, code=16724, name=Ｅ－ＷｉｓｄｏｍＴｒ, title=上場ETF（管理会社：WisdomTree、外国投資法人：CSL）に関する日々の開示事項　
[18:40:03] [API] skip_reason=instrument_excluded, code=16714, name=Ｅ－シンプレクス, title=上場ＥＴＦ(管理会社：シンプレクス・アセット・マネジメント)に関する日々の開示事項
[18:40:03] [API] skip_reason=instrument_excluded, code=13294, name=Ｅ－ブラックロック, title=上場ETF（管理会社：ブラックロック・ジャパン）に関する日々の開示事項
[18:40:03] [API] instrument_skipped_count=9
[18:40:03] [API] fetched_count=113, filtered_count=37, forecast_revision_count=11, financial_statement_count=26
[18:40:03] [API] new_count=20 already_processed=17 already_processed_financial_statement=17 new_financial_statement=9
[18:40:03] [API] already_processed_tickers=1433,215A,2294,3246,3955,4287,4422,4934,5075,5134,6387,6778,7095,2198,6184,6535,6696
[18:40:03] [INGEST] run=ingest-29c1ef9e new_items=20 target_statements=9 non_target=11 (forecast_revision=11, other=0)
[18:40:03] [DL] 既にダウンロード済み: data\docs\140120260312580477.pdf
[18:40:03] [抽出] SKIP_PDF_NOT_TANSHIN: title=2026年4月期 第1四半期決算説明資料
[18:40:03] [INGEST] doc_id=605bfd889b04d93a status=skipped_not_tanshin title=2026年4月期 第1四半期決算説明資料
[18:40:03] [DL] 既にダウンロード済み: data\docs\140120260310578705.pdf
[18:40:03] [抽出] SKIP_PDF_NOT_TANSHIN: title=2026年７月期　第２四半期決算補足説明資料
[18:40:03] [INGEST] doc_id=2d4c82964969397a status=skipped_not_tanshin title=2026年７月期　第２四半期決算補足説明資料
[18:40:03] [DL] 既にダウンロード済み: data\docs\140120260312580527.pdf
[18:40:03] [抽出] SKIP_PDF_NOT_TANSHIN: title=2026年７月期第２四半期決算説明資料
[18:40:03] [INGEST] doc_id=49a1f89c3bfeb3d4 status=skipped_not_tanshin title=2026年７月期第２四半期決算説明資料
[18:40:03] [DL] 既にダウンロード済み: data\docs\140120260309578590.pdf
[18:40:03] [抽出] SKIP_PDF_NOT_TANSHIN: title=2026年10月期 第１四半期決算説明資料
[18:40:03] [INGEST] doc_id=4f6b64f6c6ad98a6 status=skipped_not_tanshin title=2026年10月期 第１四半期決算説明資料
[18:40:03] [DL] 既にダウンロード済み: data\docs\140120260312580521.pdf
[18:40:03] [抽出] SKIP_PDF_NOT_TANSHIN: title=2026年４月期 第３四半期 決算説明資料
[18:40:03] [INGEST] doc_id=d9046edfa776c148 status=skipped_not_tanshin title=2026年４月期 第３四半期 決算説明資料
[18:40:03] [DL] 既にダウンロード済み: data\docs\140120260311579709.pdf
[18:40:03] [抽出] SKIP_PDF_NOT_TANSHIN: title=2026年10月期第1四半期 決算説明資料
[18:40:03] [INGEST] doc_id=c557b9255644fb0f status=skipped_not_tanshin title=2026年10月期第1四半期 決算説明資料
[18:40:03] [DL] 既にダウンロード済み: data\docs\140120260311580112.pdf
[18:40:03] [抽出] SKIP_PDF_NOT_TANSHIN: title=2026年10月期　第1四半期決算（補足資料）
[18:40:03] [INGEST] doc_id=18ecb4c90e668406 status=skipped_not_tanshin title=2026年10月期　第1四半期決算（補足資料）
[18:40:03] [DL] 既にダウンロード済み: data\docs\140120260311579677.pdf
[18:40:03] [抽出] SKIP_PDF_NOT_TANSHIN: title=2026年７月期 第２四半期決算説明資料
[18:40:03] [INGEST] doc_id=f47cea3ce6a2cd77 status=skipped_not_tanshin title=2026年７月期 第２四半期決算説明資料
[18:40:03] [DL] 既にダウンロード済み: data\docs\140120260312580388.pdf
[18:40:03] [抽出] SKIP_PDF_NOT_TANSHIN: title=2026年１月期 通期決算説明資料
[18:40:03] [INGEST] doc_id=182601b5441f1a80 status=skipped_not_tanshin title=2026年１月期 通期決算説明資料
[18:40:03] [INGEST] run=ingest-29c1ef9e processed=9 success=0 skipped=9 error=0 (tanshin=9) SKIP_NOT_TANSHIN_TITLE=9
[18:40:03] [filings_ingest] done total=9 success=0 errors=0
[18:40:03] [pipeline_run] finished: ingest status=done elapsed=1.2s id=65 processed=9 success=0 failed=0
[2026/03/12 18:40:03.80] Finished (exit=0) 
[2026/03/12 18:50:02.16] Starting ingest 
[18:50:02] [db] config: write_key_type=service_role read_key_type=service_role
[18:50:02] [pipeline_run] started: ingest (id=66, trigger=scheduler)
[18:50:02] [filings_ingest] start dry_run=False company_code=ALL
[18:50:02] [API] yanoshin.jp APIから取得中: https://webapi.yanoshin.jp/webapi/tdnet/list/today.json
[18:50:03] [API] detected_schema=items, raw_items_count=113
[18:50:03] [API] first_item_preview: id=d508b05270fa..., pubdate=2026-03-12 15:40:00, title=株主優待品目の拡充に関するお知らせ, code=6676
[18:50:03] [API] fetched_count=113
[18:50:03] [API] skip_reason=instrument_excluded, code=13494, name=Ｅ－ＳＳＧＡ－ＳＩＮ, title=アジア国債・公債ＥＴＦ（正式名称：ＡＢＦ汎アジア債券インデックス・ファンド）に関する日々の開示事項
[18:50:03] [API] skip_reason=instrument_excluded, code=15574, name=Ｅ－ＳＳＧＡＴＣ, title=State Street SPDR S&amp;P500 ETFに関する日々の開示事項
[18:50:03] [API] skip_reason=instrument_excluded, code=20704, name=Ｎ－三菱ＵＦＪ証ＨＤ, title=上場ETN（発行者：三菱UFJ証券ホールディングス株式会社）に関する日々の開示事項
[18:50:03] [API] skip_reason=instrument_excluded, code=2628, name=ｉＦ中国科創板５０, title=上場投資信託（ETF）の投資信託約款変更のお知らせ
[18:50:03] [API] skip_reason=instrument_excluded, code=2629, name=ｉＦ中国ＧＢＡ１００, title=上場投資信託（ETF）の投資信託約款変更のお知らせ
[18:50:03] [API] skip_reason=instrument_excluded, code=16724, name=Ｅ－ＷｉｓｄｏｍＴｒ, title=上場ETF（管理会社：WisdomTree、外国投資法人：MSL）に関する日々の開示事項　
[18:50:03] [API] skip_reason=instrument_excluded, code=16724, name=Ｅ－ＷｉｓｄｏｍＴｒ, title=上場ETF（管理会社：WisdomTree、外国投資法人：CSL）に関する日々の開示事項　
[18:50:03] [API] skip_reason=instrument_excluded, code=16714, name=Ｅ－シンプレクス, title=上場ＥＴＦ(管理会社：シンプレクス・アセット・マネジメント)に関する日々の開示事項
[18:50:03] [API] skip_reason=instrument_excluded, code=13294, name=Ｅ－ブラックロック, title=上場ETF（管理会社：ブラックロック・ジャパン）に関する日々の開示事項
[18:50:03] [API] instrument_skipped_count=9
[18:50:03] [API] fetched_count=113, filtered_count=37, forecast_revision_count=11, financial_statement_count=26
[18:50:03] [API] new_count=20 already_processed=17 already_processed_financial_statement=17 new_financial_statement=9
[18:50:03] [API] already_processed_tickers=1433,215A,2294,3246,3955,4287,4422,4934,5075,5134,6387,6778,7095,2198,6184,6535,6696
[18:50:03] [INGEST] run=ingest-f2864134 new_items=20 target_statements=9 non_target=11 (forecast_revision=11, other=0)
[18:50:03] [DL] 既にダウンロード済み: data\docs\140120260312580477.pdf
[18:50:03] [抽出] SKIP_PDF_NOT_TANSHIN: title=2026年4月期 第1四半期決算説明資料
[18:50:03] [INGEST] doc_id=605bfd889b04d93a status=skipped_not_tanshin title=2026年4月期 第1四半期決算説明資料
[18:50:03] [DL] 既にダウンロード済み: data\docs\140120260310578705.pdf
[18:50:03] [抽出] SKIP_PDF_NOT_TANSHIN: title=2026年７月期　第２四半期決算補足説明資料
[18:50:03] [INGEST] doc_id=2d4c82964969397a status=skipped_not_tanshin title=2026年７月期　第２四半期決算補足説明資料
[18:50:03] [DL] 既にダウンロード済み: data\docs\140120260312580527.pdf
[18:50:03] [抽出] SKIP_PDF_NOT_TANSHIN: title=2026年７月期第２四半期決算説明資料
[18:50:03] [INGEST] doc_id=49a1f89c3bfeb3d4 status=skipped_not_tanshin title=2026年７月期第２四半期決算説明資料
[18:50:03] [DL] 既にダウンロード済み: data\docs\140120260309578590.pdf
[18:50:03] [抽出] SKIP_PDF_NOT_TANSHIN: title=2026年10月期 第１四半期決算説明資料
[18:50:03] [INGEST] doc_id=4f6b64f6c6ad98a6 status=skipped_not_tanshin title=2026年10月期 第１四半期決算説明資料
[18:50:03] [DL] 既にダウンロード済み: data\docs\140120260312580521.pdf
[18:50:03] [抽出] SKIP_PDF_NOT_TANSHIN: title=2026年４月期 第３四半期 決算説明資料
[18:50:03] [INGEST] doc_id=d9046edfa776c148 status=skipped_not_tanshin title=2026年４月期 第３四半期 決算説明資料
[18:50:03] [DL] 既にダウンロード済み: data\docs\140120260311579709.pdf
[18:50:03] [抽出] SKIP_PDF_NOT_TANSHIN: title=2026年10月期第1四半期 決算説明資料
[18:50:03] [INGEST] doc_id=c557b9255644fb0f status=skipped_not_tanshin title=2026年10月期第1四半期 決算説明資料
[18:50:03] [DL] 既にダウンロード済み: data\docs\140120260311580112.pdf
[18:50:03] [抽出] SKIP_PDF_NOT_TANSHIN: title=2026年10月期　第1四半期決算（補足資料）
[18:50:03] [INGEST] doc_id=18ecb4c90e668406 status=skipped_not_tanshin title=2026年10月期　第1四半期決算（補足資料）
[18:50:03] [DL] 既にダウンロード済み: data\docs\140120260311579677.pdf
[18:50:03] [抽出] SKIP_PDF_NOT_TANSHIN: title=2026年７月期 第２四半期決算説明資料
[18:50:03] [INGEST] doc_id=f47cea3ce6a2cd77 status=skipped_not_tanshin title=2026年７月期 第２四半期決算説明資料
[18:50:03] [DL] 既にダウンロード済み: data\docs\140120260312580388.pdf
[18:50:03] [抽出] SKIP_PDF_NOT_TANSHIN: title=2026年１月期 通期決算説明資料
[18:50:03] [INGEST] doc_id=182601b5441f1a80 status=skipped_not_tanshin title=2026年１月期 通期決算説明資料
[18:50:03] [INGEST] run=ingest-f2864134 processed=9 success=0 skipped=9 error=0 (tanshin=9) SKIP_NOT_TANSHIN_TITLE=9
[18:50:03] [filings_ingest] done total=9 success=0 errors=0
[18:50:03] [pipeline_run] finished: ingest status=done elapsed=1.1s id=66 processed=9 success=0 failed=0
[2026/03/12 18:50:03.81] Finished (exit=0) 
[2026/03/12 19:00:02.17] Starting ingest 
[19:00:02] [db] config: write_key_type=service_role read_key_type=service_role
[19:00:02] [pipeline_run] started: ingest (id=67, trigger=scheduler)
[19:00:02] [filings_ingest] start dry_run=False company_code=ALL
[19:00:02] [API] yanoshin.jp APIから取得中: https://webapi.yanoshin.jp/webapi/tdnet/list/today.json
[19:00:03] [API] detected_schema=items, raw_items_count=113
[19:00:03] [API] first_item_preview: id=d508b05270fa..., pubdate=2026-03-12 15:40:00, title=株主優待品目の拡充に関するお知らせ, code=6676
[19:00:03] [API] fetched_count=113
[19:00:03] [API] skip_reason=instrument_excluded, code=13494, name=Ｅ－ＳＳＧＡ－ＳＩＮ, title=アジア国債・公債ＥＴＦ（正式名称：ＡＢＦ汎アジア債券インデックス・ファンド）に関する日々の開示事項
[19:00:03] [API] skip_reason=instrument_excluded, code=15574, name=Ｅ－ＳＳＧＡＴＣ, title=State Street SPDR S&amp;P500 ETFに関する日々の開示事項
[19:00:03] [API] skip_reason=instrument_excluded, code=20704, name=Ｎ－三菱ＵＦＪ証ＨＤ, title=上場ETN（発行者：三菱UFJ証券ホールディングス株式会社）に関する日々の開示事項
[19:00:03] [API] skip_reason=instrument_excluded, code=2628, name=ｉＦ中国科創板５０, title=上場投資信託（ETF）の投資信託約款変更のお知らせ
[19:00:03] [API] skip_reason=instrument_excluded, code=2629, name=ｉＦ中国ＧＢＡ１００, title=上場投資信託（ETF）の投資信託約款変更のお知らせ
[19:00:03] [API] skip_reason=instrument_excluded, code=16724, name=Ｅ－ＷｉｓｄｏｍＴｒ, title=上場ETF（管理会社：WisdomTree、外国投資法人：MSL）に関する日々の開示事項　
[19:00:03] [API] skip_reason=instrument_excluded, code=16724, name=Ｅ－ＷｉｓｄｏｍＴｒ, title=上場ETF（管理会社：WisdomTree、外国投資法人：CSL）に関する日々の開示事項　
[19:00:03] [API] skip_reason=instrument_excluded, code=16714, name=Ｅ－シンプレクス, title=上場ＥＴＦ(管理会社：シンプレクス・アセット・マネジメント)に関する日々の開示事項
[19:00:03] [API] skip_reason=instrument_excluded, code=13294, name=Ｅ－ブラックロック, title=上場ETF（管理会社：ブラックロック・ジャパン）に関する日々の開示事項
[19:00:03] [API] instrument_skipped_count=9
[19:00:03] [API] fetched_count=113, filtered_count=37, forecast_revision_count=11, financial_statement_count=26
[19:00:03] [API] new_count=20 already_processed=17 already_processed_financial_statement=17 new_financial_statement=9
[19:00:03] [API] already_processed_tickers=1433,215A,2294,3246,3955,4287,4422,4934,5075,5134,6387,6778,7095,2198,6184,6535,6696
[19:00:03] [INGEST] run=ingest-c57c9d2a new_items=20 target_statements=9 non_target=11 (forecast_revision=11, other=0)
[19:00:03] [DL] 既にダウンロード済み: data\docs\140120260312580477.pdf
[19:00:03] [抽出] SKIP_PDF_NOT_TANSHIN: title=2026年4月期 第1四半期決算説明資料
[19:00:03] [INGEST] doc_id=605bfd889b04d93a status=skipped_not_tanshin title=2026年4月期 第1四半期決算説明資料
[19:00:03] [DL] 既にダウンロード済み: data\docs\140120260310578705.pdf
[19:00:03] [抽出] SKIP_PDF_NOT_TANSHIN: title=2026年７月期　第２四半期決算補足説明資料
[19:00:03] [INGEST] doc_id=2d4c82964969397a status=skipped_not_tanshin title=2026年７月期　第２四半期決算補足説明資料
[19:00:03] [DL] 既にダウンロード済み: data\docs\140120260312580527.pdf
[19:00:03] [抽出] SKIP_PDF_NOT_TANSHIN: title=2026年７月期第２四半期決算説明資料
[19:00:03] [INGEST] doc_id=49a1f89c3bfeb3d4 status=skipped_not_tanshin title=2026年７月期第２四半期決算説明資料
[19:00:03] [DL] 既にダウンロード済み: data\docs\140120260309578590.pdf
[19:00:03] [抽出] SKIP_PDF_NOT_TANSHIN: title=2026年10月期 第１四半期決算説明資料
[19:00:03] [INGEST] doc_id=4f6b64f6c6ad98a6 status=skipped_not_tanshin title=2026年10月期 第１四半期決算説明資料
[19:00:03] [DL] 既にダウンロード済み: data\docs\140120260312580521.pdf
[19:00:03] [抽出] SKIP_PDF_NOT_TANSHIN: title=2026年４月期 第３四半期 決算説明資料
[19:00:03] [INGEST] doc_id=d9046edfa776c148 status=skipped_not_tanshin title=2026年４月期 第３四半期 決算説明資料
[19:00:03] [DL] 既にダウンロード済み: data\docs\140120260311579709.pdf
[19:00:03] [抽出] SKIP_PDF_NOT_TANSHIN: title=2026年10月期第1四半期 決算説明資料
[19:00:03] [INGEST] doc_id=c557b9255644fb0f status=skipped_not_tanshin title=2026年10月期第1四半期 決算説明資料
[19:00:03] [DL] 既にダウンロード済み: data\docs\140120260311580112.pdf
[19:00:03] [抽出] SKIP_PDF_NOT_TANSHIN: title=2026年10月期　第1四半期決算（補足資料）
[19:00:03] [INGEST] doc_id=18ecb4c90e668406 status=skipped_not_tanshin title=2026年10月期　第1四半期決算（補足資料）
[19:00:03] [DL] 既にダウンロード済み: data\docs\140120260311579677.pdf
[19:00:03] [抽出] SKIP_PDF_NOT_TANSHIN: title=2026年７月期 第２四半期決算説明資料
[19:00:03] [INGEST] doc_id=f47cea3ce6a2cd77 status=skipped_not_tanshin title=2026年７月期 第２四半期決算説明資料
[19:00:03] [DL] 既にダウンロード済み: data\docs\140120260312580388.pdf
[19:00:03] [抽出] SKIP_PDF_NOT_TANSHIN: title=2026年１月期 通期決算説明資料
[19:00:03] [INGEST] doc_id=182601b5441f1a80 status=skipped_not_tanshin title=2026年１月期 通期決算説明資料
[19:00:03] [INGEST] run=ingest-c57c9d2a processed=9 success=0 skipped=9 error=0 (tanshin=9) SKIP_NOT_TANSHIN_TITLE=9
[19:00:03] [filings_ingest] done total=9 success=0 errors=0
[19:00:03] [pipeline_run] finished: ingest status=done elapsed=1.1s id=67 processed=9 success=0 failed=0
[2026/03/12 19:00:03.88] Finished (exit=0) 
[2026/03/12 19:10:02.16] Starting ingest 
[19:10:02] [db] config: write_key_type=service_role read_key_type=service_role
[19:10:02] [pipeline_run] started: ingest (id=68, trigger=scheduler)
[19:10:02] [filings_ingest] start dry_run=False company_code=ALL
[19:10:02] [API] yanoshin.jp APIから取得中: https://webapi.yanoshin.jp/webapi/tdnet/list/today.json
[19:10:03] [API] detected_schema=items, raw_items_count=113
[19:10:03] [API] first_item_preview: id=d508b05270fa..., pubdate=2026-03-12 15:40:00, title=株主優待品目の拡充に関するお知らせ, code=6676
[19:10:03] [API] fetched_count=113
[19:10:03] [API] skip_reason=instrument_excluded, code=13494, name=Ｅ－ＳＳＧＡ－ＳＩＮ, title=アジア国債・公債ＥＴＦ（正式名称：ＡＢＦ汎アジア債券インデックス・ファンド）に関する日々の開示事項
[19:10:03] [API] skip_reason=instrument_excluded, code=15574, name=Ｅ－ＳＳＧＡＴＣ, title=State Street SPDR S&amp;P500 ETFに関する日々の開示事項
[19:10:03] [API] skip_reason=instrument_excluded, code=20704, name=Ｎ－三菱ＵＦＪ証ＨＤ, title=上場ETN（発行者：三菱UFJ証券ホールディングス株式会社）に関する日々の開示事項
[19:10:03] [API] skip_reason=instrument_excluded, code=2628, name=ｉＦ中国科創板５０, title=上場投資信託（ETF）の投資信託約款変更のお知らせ
[19:10:03] [API] skip_reason=instrument_excluded, code=2629, name=ｉＦ中国ＧＢＡ１００, title=上場投資信託（ETF）の投資信託約款変更のお知らせ
[19:10:03] [API] skip_reason=instrument_excluded, code=16724, name=Ｅ－ＷｉｓｄｏｍＴｒ, title=上場ETF（管理会社：WisdomTree、外国投資法人：MSL）に関する日々の開示事項　
[19:10:03] [API] skip_reason=instrument_excluded, code=16724, name=Ｅ－ＷｉｓｄｏｍＴｒ, title=上場ETF（管理会社：WisdomTree、外国投資法人：CSL）に関する日々の開示事項　
[19:10:03] [API] skip_reason=instrument_excluded, code=16714, name=Ｅ－シンプレクス, title=上場ＥＴＦ(管理会社：シンプレクス・アセット・マネジメント)に関する日々の開示事項
[19:10:03] [API] skip_reason=instrument_excluded, code=13294, name=Ｅ－ブラックロック, title=上場ETF（管理会社：ブラックロック・ジャパン）に関する日々の開示事項
[19:10:03] [API] instrument_skipped_count=9
[19:10:03] [API] fetched_count=113, filtered_count=37, forecast_revision_count=11, financial_statement_count=26
[19:10:03] [API] new_count=20 already_processed=17 already_processed_financial_statement=17 new_financial_statement=9
[19:10:03] [API] already_processed_tickers=1433,215A,2294,3246,3955,4287,4422,4934,5075,5134,6387,6778,7095,2198,6184,6535,6696
[19:10:03] [INGEST] run=ingest-d952be6e new_items=20 target_statements=9 non_target=11 (forecast_revision=11, other=0)
[19:10:03] [DL] 既にダウンロード済み: data\docs\140120260312580477.pdf
[19:10:03] [抽出] SKIP_PDF_NOT_TANSHIN: title=2026年4月期 第1四半期決算説明資料
[19:10:03] [INGEST] doc_id=605bfd889b04d93a status=skipped_not_tanshin title=2026年4月期 第1四半期決算説明資料
[19:10:03] [DL] 既にダウンロード済み: data\docs\140120260310578705.pdf
[19:10:03] [抽出] SKIP_PDF_NOT_TANSHIN: title=2026年７月期　第２四半期決算補足説明資料
[19:10:03] [INGEST] doc_id=2d4c82964969397a status=skipped_not_tanshin title=2026年７月期　第２四半期決算補足説明資料
[19:10:03] [DL] 既にダウンロード済み: data\docs\140120260312580527.pdf
[19:10:03] [抽出] SKIP_PDF_NOT_TANSHIN: title=2026年７月期第２四半期決算説明資料
[19:10:03] [INGEST] doc_id=49a1f89c3bfeb3d4 status=skipped_not_tanshin title=2026年７月期第２四半期決算説明資料
[19:10:03] [DL] 既にダウンロード済み: data\docs\140120260309578590.pdf
[19:10:03] [抽出] SKIP_PDF_NOT_TANSHIN: title=2026年10月期 第１四半期決算説明資料
[19:10:03] [INGEST] doc_id=4f6b64f6c6ad98a6 status=skipped_not_tanshin title=2026年10月期 第１四半期決算説明資料
[19:10:03] [DL] 既にダウンロード済み: data\docs\140120260312580521.pdf
[19:10:03] [抽出] SKIP_PDF_NOT_TANSHIN: title=2026年４月期 第３四半期 決算説明資料
[19:10:03] [INGEST] doc_id=d9046edfa776c148 status=skipped_not_tanshin title=2026年４月期 第３四半期 決算説明資料
[19:10:03] [DL] 既にダウンロード済み: data\docs\140120260311579709.pdf
[19:10:03] [抽出] SKIP_PDF_NOT_TANSHIN: title=2026年10月期第1四半期 決算説明資料
[19:10:03] [INGEST] doc_id=c557b9255644fb0f status=skipped_not_tanshin title=2026年10月期第1四半期 決算説明資料
[19:10:03] [DL] 既にダウンロード済み: data\docs\140120260311580112.pdf
[19:10:03] [抽出] SKIP_PDF_NOT_TANSHIN: title=2026年10月期　第1四半期決算（補足資料）
[19:10:03] [INGEST] doc_id=18ecb4c90e668406 status=skipped_not_tanshin title=2026年10月期　第1四半期決算（補足資料）
[19:10:03] [DL] 既にダウンロード済み: data\docs\140120260311579677.pdf
[19:10:03] [抽出] SKIP_PDF_NOT_TANSHIN: title=2026年７月期 第２四半期決算説明資料
[19:10:03] [INGEST] doc_id=f47cea3ce6a2cd77 status=skipped_not_tanshin title=2026年７月期 第２四半期決算説明資料
[19:10:03] [DL] 既にダウンロード済み: data\docs\140120260312580388.pdf
[19:10:03] [抽出] SKIP_PDF_NOT_TANSHIN: title=2026年１月期 通期決算説明資料
[19:10:03] [INGEST] doc_id=182601b5441f1a80 status=skipped_not_tanshin title=2026年１月期 通期決算説明資料
[19:10:03] [INGEST] run=ingest-d952be6e processed=9 success=0 skipped=9 error=0 (tanshin=9) SKIP_NOT_TANSHIN_TITLE=9
[19:10:03] [filings_ingest] done total=9 success=0 errors=0
[19:10:03] [pipeline_run] finished: ingest status=done elapsed=1.1s id=68 processed=9 success=0 failed=0
[2026/03/12 19:10:03.81] Finished (exit=0) 
[2026/03/12 19:20:02.17] Starting ingest 
[19:20:02] [db] config: write_key_type=service_role read_key_type=service_role
[19:20:03] [pipeline_run] started: ingest (id=69, trigger=scheduler)
[19:20:03] [filings_ingest] start dry_run=False company_code=ALL
[19:20:03] [API] yanoshin.jp APIから取得中: https://webapi.yanoshin.jp/webapi/tdnet/list/today.json
[19:20:03] [API] detected_schema=items, raw_items_count=113
[19:20:03] [API] first_item_preview: id=d508b05270fa..., pubdate=2026-03-12 15:40:00, title=株主優待品目の拡充に関するお知らせ, code=6676
[19:20:03] [API] fetched_count=113
[19:20:03] [API] skip_reason=instrument_excluded, code=13494, name=Ｅ－ＳＳＧＡ－ＳＩＮ, title=アジア国債・公債ＥＴＦ（正式名称：ＡＢＦ汎アジア債券インデックス・ファンド）に関する日々の開示事項
[19:20:03] [API] skip_reason=instrument_excluded, code=15574, name=Ｅ－ＳＳＧＡＴＣ, title=State Street SPDR S&amp;P500 ETFに関する日々の開示事項
[19:20:03] [API] skip_reason=instrument_excluded, code=20704, name=Ｎ－三菱ＵＦＪ証ＨＤ, title=上場ETN（発行者：三菱UFJ証券ホールディングス株式会社）に関する日々の開示事項
[19:20:03] [API] skip_reason=instrument_excluded, code=2628, name=ｉＦ中国科創板５０, title=上場投資信託（ETF）の投資信託約款変更のお知らせ
[19:20:03] [API] skip_reason=instrument_excluded, code=2629, name=ｉＦ中国ＧＢＡ１００, title=上場投資信託（ETF）の投資信託約款変更のお知らせ
[19:20:03] [API] skip_reason=instrument_excluded, code=16724, name=Ｅ－ＷｉｓｄｏｍＴｒ, title=上場ETF（管理会社：WisdomTree、外国投資法人：MSL）に関する日々の開示事項　
[19:20:03] [API] skip_reason=instrument_excluded, code=16724, name=Ｅ－ＷｉｓｄｏｍＴｒ, title=上場ETF（管理会社：WisdomTree、外国投資法人：CSL）に関する日々の開示事項　
[19:20:03] [API] skip_reason=instrument_excluded, code=16714, name=Ｅ－シンプレクス, title=上場ＥＴＦ(管理会社：シンプレクス・アセット・マネジメント)に関する日々の開示事項
[19:20:03] [API] skip_reason=instrument_excluded, code=13294, name=Ｅ－ブラックロック, title=上場ETF（管理会社：ブラックロック・ジャパン）に関する日々の開示事項
[19:20:03] [API] instrument_skipped_count=9
[19:20:03] [API] fetched_count=113, filtered_count=37, forecast_revision_count=11, financial_statement_count=26
[19:20:03] [API] new_count=20 already_processed=17 already_processed_financial_statement=17 new_financial_statement=9
[19:20:03] [API] already_processed_tickers=1433,215A,2294,3246,3955,4287,4422,4934,5075,5134,6387,6778,7095,2198,6184,6535,6696
[19:20:03] [INGEST] run=ingest-1bb8b474 new_items=20 target_statements=9 non_target=11 (forecast_revision=11, other=0)
[19:20:03] [DL] 既にダウンロード済み: data\docs\140120260312580477.pdf
[19:20:03] [抽出] SKIP_PDF_NOT_TANSHIN: title=2026年4月期 第1四半期決算説明資料
[19:20:03] [INGEST] doc_id=605bfd889b04d93a status=skipped_not_tanshin title=2026年4月期 第1四半期決算説明資料
[19:20:03] [DL] 既にダウンロード済み: data\docs\140120260310578705.pdf
[19:20:03] [抽出] SKIP_PDF_NOT_TANSHIN: title=2026年７月期　第２四半期決算補足説明資料
[19:20:03] [INGEST] doc_id=2d4c82964969397a status=skipped_not_tanshin title=2026年７月期　第２四半期決算補足説明資料
[19:20:03] [DL] 既にダウンロード済み: data\docs\140120260312580527.pdf
[19:20:03] [抽出] SKIP_PDF_NOT_TANSHIN: title=2026年７月期第２四半期決算説明資料
[19:20:03] [INGEST] doc_id=49a1f89c3bfeb3d4 status=skipped_not_tanshin title=2026年７月期第２四半期決算説明資料
[19:20:03] [DL] 既にダウンロード済み: data\docs\140120260309578590.pdf
[19:20:03] [抽出] SKIP_PDF_NOT_TANSHIN: title=2026年10月期 第１四半期決算説明資料
[19:20:03] [INGEST] doc_id=4f6b64f6c6ad98a6 status=skipped_not_tanshin title=2026年10月期 第１四半期決算説明資料
[19:20:03] [DL] 既にダウンロード済み: data\docs\140120260312580521.pdf
[19:20:03] [抽出] SKIP_PDF_NOT_TANSHIN: title=2026年４月期 第３四半期 決算説明資料
[19:20:03] [INGEST] doc_id=d9046edfa776c148 status=skipped_not_tanshin title=2026年４月期 第３四半期 決算説明資料
[19:20:03] [DL] 既にダウンロード済み: data\docs\140120260311579709.pdf
[19:20:04] [抽出] SKIP_PDF_NOT_TANSHIN: title=2026年10月期第1四半期 決算説明資料
[19:20:04] [INGEST] doc_id=c557b9255644fb0f status=skipped_not_tanshin title=2026年10月期第1四半期 決算説明資料
[19:20:04] [DL] 既にダウンロード済み: data\docs\140120260311580112.pdf
[19:20:04] [抽出] SKIP_PDF_NOT_TANSHIN: title=2026年10月期　第1四半期決算（補足資料）
[19:20:04] [INGEST] doc_id=18ecb4c90e668406 status=skipped_not_tanshin title=2026年10月期　第1四半期決算（補足資料）
[19:20:04] [DL] 既にダウンロード済み: data\docs\140120260311579677.pdf
[19:20:04] [抽出] SKIP_PDF_NOT_TANSHIN: title=2026年７月期 第２四半期決算説明資料
[19:20:04] [INGEST] doc_id=f47cea3ce6a2cd77 status=skipped_not_tanshin title=2026年７月期 第２四半期決算説明資料
[19:20:04] [DL] 既にダウンロード済み: data\docs\140120260312580388.pdf
[19:20:04] [抽出] SKIP_PDF_NOT_TANSHIN: title=2026年１月期 通期決算説明資料
[19:20:04] [INGEST] doc_id=182601b5441f1a80 status=skipped_not_tanshin title=2026年１月期 通期決算説明資料
[19:20:04] [INGEST] run=ingest-1bb8b474 processed=9 success=0 skipped=9 error=0 (tanshin=9) SKIP_NOT_TANSHIN_TITLE=9
[19:20:04] [filings_ingest] done total=9 success=0 errors=0
[19:20:04] [pipeline_run] finished: ingest status=done elapsed=1.2s id=69 processed=9 success=0 failed=0
[2026/03/12 19:20:04.38] Finished (exit=0) 
[2026/03/12 19:30:02.17] Starting ingest 
[19:30:02] [db] config: write_key_type=service_role read_key_type=service_role
[19:30:03] [pipeline_run] started: ingest (id=70, trigger=scheduler)
[19:30:03] [filings_ingest] start dry_run=False company_code=ALL
[19:30:03] [API] yanoshin.jp APIから取得中: https://webapi.yanoshin.jp/webapi/tdnet/list/today.json
[19:30:03] [API] detected_schema=items, raw_items_count=113
[19:30:03] [API] first_item_preview: id=d508b05270fa..., pubdate=2026-03-12 15:40:00, title=株主優待品目の拡充に関するお知らせ, code=6676
[19:30:03] [API] fetched_count=113
[19:30:03] [API] skip_reason=instrument_excluded, code=13494, name=Ｅ－ＳＳＧＡ－ＳＩＮ, title=アジア国債・公債ＥＴＦ（正式名称：ＡＢＦ汎アジア債券インデックス・ファンド）に関する日々の開示事項
[19:30:03] [API] skip_reason=instrument_excluded, code=15574, name=Ｅ－ＳＳＧＡＴＣ, title=State Street SPDR S&amp;P500 ETFに関する日々の開示事項
[19:30:03] [API] skip_reason=instrument_excluded, code=20704, name=Ｎ－三菱ＵＦＪ証ＨＤ, title=上場ETN（発行者：三菱UFJ証券ホールディングス株式会社）に関する日々の開示事項
[19:30:03] [API] skip_reason=instrument_excluded, code=2628, name=ｉＦ中国科創板５０, title=上場投資信託（ETF）の投資信託約款変更のお知らせ
[19:30:03] [API] skip_reason=instrument_excluded, code=2629, name=ｉＦ中国ＧＢＡ１００, title=上場投資信託（ETF）の投資信託約款変更のお知らせ
[19:30:03] [API] skip_reason=instrument_excluded, code=16724, name=Ｅ－ＷｉｓｄｏｍＴｒ, title=上場ETF（管理会社：WisdomTree、外国投資法人：MSL）に関する日々の開示事項　
[19:30:03] [API] skip_reason=instrument_excluded, code=16724, name=Ｅ－ＷｉｓｄｏｍＴｒ, title=上場ETF（管理会社：WisdomTree、外国投資法人：CSL）に関する日々の開示事項　
[19:30:03] [API] skip_reason=instrument_excluded, code=16714, name=Ｅ－シンプレクス, title=上場ＥＴＦ(管理会社：シンプレクス・アセット・マネジメント)に関する日々の開示事項
[19:30:03] [API] skip_reason=instrument_excluded, code=13294, name=Ｅ－ブラックロック, title=上場ETF（管理会社：ブラックロック・ジャパン）に関する日々の開示事項
[19:30:03] [API] instrument_skipped_count=9
[19:30:03] [API] fetched_count=113, filtered_count=37, forecast_revision_count=11, financial_statement_count=26
[19:30:03] [API] new_count=20 already_processed=17 already_processed_financial_statement=17 new_financial_statement=9
[19:30:03] [API] already_processed_tickers=1433,215A,2294,3246,3955,4287,4422,4934,5075,5134,6387,6778,7095,2198,6184,6535,6696
[19:30:03] [INGEST] run=ingest-79f4287b new_items=20 target_statements=9 non_target=11 (forecast_revision=11, other=0)
[19:30:03] [DL] 既にダウンロード済み: data\docs\140120260312580477.pdf
[19:30:03] [抽出] SKIP_PDF_NOT_TANSHIN: title=2026年4月期 第1四半期決算説明資料
[19:30:03] [INGEST] doc_id=605bfd889b04d93a status=skipped_not_tanshin title=2026年4月期 第1四半期決算説明資料
[19:30:03] [DL] 既にダウンロード済み: data\docs\140120260310578705.pdf
[19:30:03] [抽出] SKIP_PDF_NOT_TANSHIN: title=2026年７月期　第２四半期決算補足説明資料
[19:30:03] [INGEST] doc_id=2d4c82964969397a status=skipped_not_tanshin title=2026年７月期　第２四半期決算補足説明資料
[19:30:03] [DL] 既にダウンロード済み: data\docs\140120260312580527.pdf
[19:30:03] [抽出] SKIP_PDF_NOT_TANSHIN: title=2026年７月期第２四半期決算説明資料
[19:30:03] [INGEST] doc_id=49a1f89c3bfeb3d4 status=skipped_not_tanshin title=2026年７月期第２四半期決算説明資料
[19:30:03] [DL] 既にダウンロード済み: data\docs\140120260309578590.pdf
[19:30:04] [抽出] SKIP_PDF_NOT_TANSHIN: title=2026年10月期 第１四半期決算説明資料
[19:30:04] [INGEST] doc_id=4f6b64f6c6ad98a6 status=skipped_not_tanshin title=2026年10月期 第１四半期決算説明資料
[19:30:04] [DL] 既にダウンロード済み: data\docs\140120260312580521.pdf
[19:30:04] [抽出] SKIP_PDF_NOT_TANSHIN: title=2026年４月期 第３四半期 決算説明資料
[19:30:04] [INGEST] doc_id=d9046edfa776c148 status=skipped_not_tanshin title=2026年４月期 第３四半期 決算説明資料
[19:30:04] [DL] 既にダウンロード済み: data\docs\140120260311579709.pdf
[19:30:04] [抽出] SKIP_PDF_NOT_TANSHIN: title=2026年10月期第1四半期 決算説明資料
[19:30:04] [INGEST] doc_id=c557b9255644fb0f status=skipped_not_tanshin title=2026年10月期第1四半期 決算説明資料
[19:30:04] [DL] 既にダウンロード済み: data\docs\140120260311580112.pdf
[19:30:04] [抽出] SKIP_PDF_NOT_TANSHIN: title=2026年10月期　第1四半期決算（補足資料）
[19:30:04] [INGEST] doc_id=18ecb4c90e668406 status=skipped_not_tanshin title=2026年10月期　第1四半期決算（補足資料）
[19:30:04] [DL] 既にダウンロード済み: data\docs\140120260311579677.pdf
[19:30:04] [抽出] SKIP_PDF_NOT_TANSHIN: title=2026年７月期 第２四半期決算説明資料
[19:30:04] [INGEST] doc_id=f47cea3ce6a2cd77 status=skipped_not_tanshin title=2026年７月期 第２四半期決算説明資料
[19:30:04] [DL] 既にダウンロード済み: data\docs\140120260312580388.pdf
[19:30:04] [抽出] SKIP_PDF_NOT_TANSHIN: title=2026年１月期 通期決算説明資料
[19:30:04] [INGEST] doc_id=182601b5441f1a80 status=skipped_not_tanshin title=2026年１月期 通期決算説明資料
[19:30:04] [INGEST] run=ingest-79f4287b processed=9 success=0 skipped=9 error=0 (tanshin=9) SKIP_NOT_TANSHIN_TITLE=9
[19:30:04] [filings_ingest] done total=9 success=0 errors=0
[19:30:04] [pipeline_run] finished: ingest status=done elapsed=1.2s id=70 processed=9 success=0 failed=0
[2026/03/12 19:30:04.50] Finished (exit=0) 
[2026/03/12 19:40:02.31] Starting ingest 
[19:40:02] [db] config: write_key_type=service_role read_key_type=service_role
[19:40:03] [pipeline_run] started: ingest (id=71, trigger=scheduler)
[19:40:03] [filings_ingest] start dry_run=False company_code=ALL
[19:40:03] [API] yanoshin.jp APIから取得中: https://webapi.yanoshin.jp/webapi/tdnet/list/today.json
[19:40:03] [API] detected_schema=items, raw_items_count=113
[19:40:03] [API] first_item_preview: id=d508b05270fa..., pubdate=2026-03-12 15:40:00, title=株主優待品目の拡充に関するお知らせ, code=6676
[19:40:03] [API] fetched_count=113
[19:40:03] [API] skip_reason=instrument_excluded, code=13494, name=Ｅ－ＳＳＧＡ－ＳＩＮ, title=アジア国債・公債ＥＴＦ（正式名称：ＡＢＦ汎アジア債券インデックス・ファンド）に関する日々の開示事項
[19:40:03] [API] skip_reason=instrument_excluded, code=15574, name=Ｅ－ＳＳＧＡＴＣ, title=State Street SPDR S&amp;P500 ETFに関する日々の開示事項
[19:40:03] [API] skip_reason=instrument_excluded, code=20704, name=Ｎ－三菱ＵＦＪ証ＨＤ, title=上場ETN（発行者：三菱UFJ証券ホールディングス株式会社）に関する日々の開示事項
[19:40:03] [API] skip_reason=instrument_excluded, code=2628, name=ｉＦ中国科創板５０, title=上場投資信託（ETF）の投資信託約款変更のお知らせ
[19:40:03] [API] skip_reason=instrument_excluded, code=2629, name=ｉＦ中国ＧＢＡ１００, title=上場投資信託（ETF）の投資信託約款変更のお知らせ
[19:40:03] [API] skip_reason=instrument_excluded, code=16724, name=Ｅ－ＷｉｓｄｏｍＴｒ, title=上場ETF（管理会社：WisdomTree、外国投資法人：MSL）に関する日々の開示事項　
[19:40:03] [API] skip_reason=instrument_excluded, code=16724, name=Ｅ－ＷｉｓｄｏｍＴｒ, title=上場ETF（管理会社：WisdomTree、外国投資法人：CSL）に関する日々の開示事項　
[19:40:03] [API] skip_reason=instrument_excluded, code=16714, name=Ｅ－シンプレクス, title=上場ＥＴＦ(管理会社：シンプレクス・アセット・マネジメント)に関する日々の開示事項
[19:40:03] [API] skip_reason=instrument_excluded, code=13294, name=Ｅ－ブラックロック, title=上場ETF（管理会社：ブラックロック・ジャパン）に関する日々の開示事項
[19:40:03] [API] instrument_skipped_count=9
[19:40:03] [API] fetched_count=113, filtered_count=37, forecast_revision_count=11, financial_statement_count=26
[19:40:03] [API] new_count=20 already_processed=17 already_processed_financial_statement=17 new_financial_statement=9
[19:40:03] [API] already_processed_tickers=1433,215A,2294,3246,3955,4287,4422,4934,5075,5134,6387,6778,7095,2198,6184,6535,6696
[19:40:03] [INGEST] run=ingest-639e6343 new_items=20 target_statements=9 non_target=11 (forecast_revision=11, other=0)
[19:40:03] [DL] 既にダウンロード済み: data\docs\140120260312580477.pdf
[19:40:04] [抽出] SKIP_PDF_NOT_TANSHIN: title=2026年4月期 第1四半期決算説明資料
[19:40:04] [INGEST] doc_id=605bfd889b04d93a status=skipped_not_tanshin title=2026年4月期 第1四半期決算説明資料
[19:40:04] [DL] 既にダウンロード済み: data\docs\140120260310578705.pdf
[19:40:04] [抽出] SKIP_PDF_NOT_TANSHIN: title=2026年７月期　第２四半期決算補足説明資料
[19:40:04] [INGEST] doc_id=2d4c82964969397a status=skipped_not_tanshin title=2026年７月期　第２四半期決算補足説明資料
[19:40:04] [DL] 既にダウンロード済み: data\docs\140120260312580527.pdf
[19:40:04] [抽出] SKIP_PDF_NOT_TANSHIN: title=2026年７月期第２四半期決算説明資料
[19:40:04] [INGEST] doc_id=49a1f89c3bfeb3d4 status=skipped_not_tanshin title=2026年７月期第２四半期決算説明資料
[19:40:04] [DL] 既にダウンロード済み: data\docs\140120260309578590.pdf
[19:40:04] [抽出] SKIP_PDF_NOT_TANSHIN: title=2026年10月期 第１四半期決算説明資料
[19:40:04] [INGEST] doc_id=4f6b64f6c6ad98a6 status=skipped_not_tanshin title=2026年10月期 第１四半期決算説明資料
[19:40:04] [DL] 既にダウンロード済み: data\docs\140120260312580521.pdf
[19:40:04] [抽出] SKIP_PDF_NOT_TANSHIN: title=2026年４月期 第３四半期 決算説明資料
[19:40:04] [INGEST] doc_id=d9046edfa776c148 status=skipped_not_tanshin title=2026年４月期 第３四半期 決算説明資料
[19:40:04] [DL] 既にダウンロード済み: data\docs\140120260311579709.pdf
[19:40:04] [抽出] SKIP_PDF_NOT_TANSHIN: title=2026年10月期第1四半期 決算説明資料
[19:40:04] [INGEST] doc_id=c557b9255644fb0f status=skipped_not_tanshin title=2026年10月期第1四半期 決算説明資料
[19:40:04] [DL] 既にダウンロード済み: data\docs\140120260311580112.pdf
[19:40:04] [抽出] SKIP_PDF_NOT_TANSHIN: title=2026年10月期　第1四半期決算（補足資料）
[19:40:04] [INGEST] doc_id=18ecb4c90e668406 status=skipped_not_tanshin title=2026年10月期　第1四半期決算（補足資料）
[19:40:04] [DL] 既にダウンロード済み: data\docs\140120260311579677.pdf
[19:40:04] [抽出] SKIP_PDF_NOT_TANSHIN: title=2026年７月期 第２四半期決算説明資料
[19:40:04] [INGEST] doc_id=f47cea3ce6a2cd77 status=skipped_not_tanshin title=2026年７月期 第２四半期決算説明資料
[19:40:04] [DL] 既にダウンロード済み: data\docs\140120260312580388.pdf
[19:40:04] [抽出] SKIP_PDF_NOT_TANSHIN: title=2026年１月期 通期決算説明資料
[19:40:04] [INGEST] doc_id=182601b5441f1a80 status=skipped_not_tanshin title=2026年１月期 通期決算説明資料
[19:40:04] [INGEST] run=ingest-639e6343 processed=9 success=0 skipped=9 error=0 (tanshin=9) SKIP_NOT_TANSHIN_TITLE=9
[19:40:04] [filings_ingest] done total=9 success=0 errors=0
[19:40:04] [pipeline_run] finished: ingest status=done elapsed=1.2s id=71 processed=9 success=0 failed=0
[2026/03/12 19:40:04.76] Finished (exit=0) 
[2026/03/12 19:50:02.20] Starting ingest 
[19:50:02] [db] config: write_key_type=service_role read_key_type=service_role
[19:50:02] [pipeline_run] started: ingest (id=72, trigger=scheduler)
[19:50:02] [filings_ingest] start dry_run=False company_code=ALL
[19:50:03] [API] yanoshin.jp APIから取得中: https://webapi.yanoshin.jp/webapi/tdnet/list/today.json
[19:50:03] [API] detected_schema=items, raw_items_count=113
[19:50:03] [API] first_item_preview: id=d508b05270fa..., pubdate=2026-03-12 15:40:00, title=株主優待品目の拡充に関するお知らせ, code=6676
[19:50:03] [API] fetched_count=113
[19:50:03] [API] skip_reason=instrument_excluded, code=13494, name=Ｅ－ＳＳＧＡ－ＳＩＮ, title=アジア国債・公債ＥＴＦ（正式名称：ＡＢＦ汎アジア債券インデックス・ファンド）に関する日々の開示事項
[19:50:03] [API] skip_reason=instrument_excluded, code=15574, name=Ｅ－ＳＳＧＡＴＣ, title=State Street SPDR S&amp;P500 ETFに関する日々の開示事項
[19:50:03] [API] skip_reason=instrument_excluded, code=20704, name=Ｎ－三菱ＵＦＪ証ＨＤ, title=上場ETN（発行者：三菱UFJ証券ホールディングス株式会社）に関する日々の開示事項
[19:50:03] [API] skip_reason=instrument_excluded, code=2628, name=ｉＦ中国科創板５０, title=上場投資信託（ETF）の投資信託約款変更のお知らせ
[19:50:03] [API] skip_reason=instrument_excluded, code=2629, name=ｉＦ中国ＧＢＡ１００, title=上場投資信託（ETF）の投資信託約款変更のお知らせ
[19:50:03] [API] skip_reason=instrument_excluded, code=16724, name=Ｅ－ＷｉｓｄｏｍＴｒ, title=上場ETF（管理会社：WisdomTree、外国投資法人：MSL）に関する日々の開示事項　
[19:50:03] [API] skip_reason=instrument_excluded, code=16724, name=Ｅ－ＷｉｓｄｏｍＴｒ, title=上場ETF（管理会社：WisdomTree、外国投資法人：CSL）に関する日々の開示事項　
[19:50:03] [API] skip_reason=instrument_excluded, code=16714, name=Ｅ－シンプレクス, title=上場ＥＴＦ(管理会社：シンプレクス・アセット・マネジメント)に関する日々の開示事項
[19:50:03] [API] skip_reason=instrument_excluded, code=13294, name=Ｅ－ブラックロック, title=上場ETF（管理会社：ブラックロック・ジャパン）に関する日々の開示事項
[19:50:03] [API] instrument_skipped_count=9
[19:50:03] [API] fetched_count=113, filtered_count=37, forecast_revision_count=11, financial_statement_count=26
[19:50:03] [API] new_count=20 already_processed=17 already_processed_financial_statement=17 new_financial_statement=9
[19:50:03] [API] already_processed_tickers=1433,215A,2294,3246,3955,4287,4422,4934,5075,5134,6387,6778,7095,2198,6184,6535,6696
[19:50:03] [INGEST] run=ingest-43a893d3 new_items=20 target_statements=9 non_target=11 (forecast_revision=11, other=0)
[19:50:03] [DL] 既にダウンロード済み: data\docs\140120260312580477.pdf
[19:50:03] [抽出] SKIP_PDF_NOT_TANSHIN: title=2026年4月期 第1四半期決算説明資料
[19:50:03] [INGEST] doc_id=605bfd889b04d93a status=skipped_not_tanshin title=2026年4月期 第1四半期決算説明資料
[19:50:03] [DL] 既にダウンロード済み: data\docs\140120260310578705.pdf
[19:50:03] [抽出] SKIP_PDF_NOT_TANSHIN: title=2026年７月期　第２四半期決算補足説明資料
[19:50:03] [INGEST] doc_id=2d4c82964969397a status=skipped_not_tanshin title=2026年７月期　第２四半期決算補足説明資料
[19:50:03] [DL] 既にダウンロード済み: data\docs\140120260312580527.pdf
[19:50:03] [抽出] SKIP_PDF_NOT_TANSHIN: title=2026年７月期第２四半期決算説明資料
[19:50:03] [INGEST] doc_id=49a1f89c3bfeb3d4 status=skipped_not_tanshin title=2026年７月期第２四半期決算説明資料
[19:50:03] [DL] 既にダウンロード済み: data\docs\140120260309578590.pdf
[19:50:03] [抽出] SKIP_PDF_NOT_TANSHIN: title=2026年10月期 第１四半期決算説明資料
[19:50:03] [INGEST] doc_id=4f6b64f6c6ad98a6 status=skipped_not_tanshin title=2026年10月期 第１四半期決算説明資料
[19:50:03] [DL] 既にダウンロード済み: data\docs\140120260312580521.pdf
[19:50:03] [抽出] SKIP_PDF_NOT_TANSHIN: title=2026年４月期 第３四半期 決算説明資料
[19:50:03] [INGEST] doc_id=d9046edfa776c148 status=skipped_not_tanshin title=2026年４月期 第３四半期 決算説明資料
[19:50:03] [DL] 既にダウンロード済み: data\docs\140120260311579709.pdf
[19:50:03] [抽出] SKIP_PDF_NOT_TANSHIN: title=2026年10月期第1四半期 決算説明資料
[19:50:03] [INGEST] doc_id=c557b9255644fb0f status=skipped_not_tanshin title=2026年10月期第1四半期 決算説明資料
[19:50:03] [DL] 既にダウンロード済み: data\docs\140120260311580112.pdf
[19:50:03] [抽出] SKIP_PDF_NOT_TANSHIN: title=2026年10月期　第1四半期決算（補足資料）
[19:50:03] [INGEST] doc_id=18ecb4c90e668406 status=skipped_not_tanshin title=2026年10月期　第1四半期決算（補足資料）
[19:50:03] [DL] 既にダウンロード済み: data\docs\140120260311579677.pdf
[19:50:03] [抽出] SKIP_PDF_NOT_TANSHIN: title=2026年７月期 第２四半期決算説明資料
[19:50:03] [INGEST] doc_id=f47cea3ce6a2cd77 status=skipped_not_tanshin title=2026年７月期 第２四半期決算説明資料
[19:50:03] [DL] 既にダウンロード済み: data\docs\140120260312580388.pdf
[19:50:03] [抽出] SKIP_PDF_NOT_TANSHIN: title=2026年１月期 通期決算説明資料
[19:50:03] [INGEST] doc_id=182601b5441f1a80 status=skipped_not_tanshin title=2026年１月期 通期決算説明資料
[19:50:03] [INGEST] run=ingest-43a893d3 processed=9 success=0 skipped=9 error=0 (tanshin=9) SKIP_NOT_TANSHIN_TITLE=9
[19:50:03] [filings_ingest] done total=9 success=0 errors=0
[19:50:03] [pipeline_run] finished: ingest status=done elapsed=1.2s id=72 processed=9 success=0 failed=0
[2026/03/12 19:50:03.99] Finished (exit=0) 
[2026/03/12 20:00:02.26] Starting ingest 
[20:00:02] [db] config: write_key_type=service_role read_key_type=service_role
[20:00:03] [pipeline_run] started: ingest (id=73, trigger=scheduler)
[20:00:03] [filings_ingest] start dry_run=False company_code=ALL
[20:00:03] [API] yanoshin.jp APIから取得中: https://webapi.yanoshin.jp/webapi/tdnet/list/today.json
[20:00:03] [API] detected_schema=items, raw_items_count=113
[20:00:03] [API] first_item_preview: id=d508b05270fa..., pubdate=2026-03-12 15:40:00, title=株主優待品目の拡充に関するお知らせ, code=6676
[20:00:03] [API] fetched_count=113
[20:00:03] [API] skip_reason=instrument_excluded, code=13494, name=Ｅ－ＳＳＧＡ－ＳＩＮ, title=アジア国債・公債ＥＴＦ（正式名称：ＡＢＦ汎アジア債券インデックス・ファンド）に関する日々の開示事項
[20:00:03] [API] skip_reason=instrument_excluded, code=15574, name=Ｅ－ＳＳＧＡＴＣ, title=State Street SPDR S&amp;P500 ETFに関する日々の開示事項
[20:00:03] [API] skip_reason=instrument_excluded, code=20704, name=Ｎ－三菱ＵＦＪ証ＨＤ, title=上場ETN（発行者：三菱UFJ証券ホールディングス株式会社）に関する日々の開示事項
[20:00:03] [API] skip_reason=instrument_excluded, code=2628, name=ｉＦ中国科創板５０, title=上場投資信託（ETF）の投資信託約款変更のお知らせ
[20:00:03] [API] skip_reason=instrument_excluded, code=2629, name=ｉＦ中国ＧＢＡ１００, title=上場投資信託（ETF）の投資信託約款変更のお知らせ
[20:00:03] [API] skip_reason=instrument_excluded, code=16724, name=Ｅ－ＷｉｓｄｏｍＴｒ, title=上場ETF（管理会社：WisdomTree、外国投資法人：MSL）に関する日々の開示事項　
[20:00:03] [API] skip_reason=instrument_excluded, code=16724, name=Ｅ－ＷｉｓｄｏｍＴｒ, title=上場ETF（管理会社：WisdomTree、外国投資法人：CSL）に関する日々の開示事項　
[20:00:03] [API] skip_reason=instrument_excluded, code=16714, name=Ｅ－シンプレクス, title=上場ＥＴＦ(管理会社：シンプレクス・アセット・マネジメント)に関する日々の開示事項
[20:00:03] [API] skip_reason=instrument_excluded, code=13294, name=Ｅ－ブラックロック, title=上場ETF（管理会社：ブラックロック・ジャパン）に関する日々の開示事項
[20:00:03] [API] instrument_skipped_count=9
[20:00:03] [API] fetched_count=113, filtered_count=37, forecast_revision_count=11, financial_statement_count=26
[20:00:03] [API] new_count=20 already_processed=17 already_processed_financial_statement=17 new_financial_statement=9
[20:00:03] [API] already_processed_tickers=1433,215A,2294,3246,3955,4287,4422,4934,5075,5134,6387,6778,7095,2198,6184,6535,6696
[20:00:03] [INGEST] run=ingest-e4147865 new_items=20 target_statements=9 non_target=11 (forecast_revision=11, other=0)
[20:00:03] [DL] 既にダウンロード済み: data\docs\140120260312580477.pdf
[20:00:03] [抽出] SKIP_PDF_NOT_TANSHIN: title=2026年4月期 第1四半期決算説明資料
[20:00:03] [INGEST] doc_id=605bfd889b04d93a status=skipped_not_tanshin title=2026年4月期 第1四半期決算説明資料
[20:00:03] [DL] 既にダウンロード済み: data\docs\140120260310578705.pdf
[20:00:03] [抽出] SKIP_PDF_NOT_TANSHIN: title=2026年７月期　第２四半期決算補足説明資料
[20:00:03] [INGEST] doc_id=2d4c82964969397a status=skipped_not_tanshin title=2026年７月期　第２四半期決算補足説明資料
[20:00:03] [DL] 既にダウンロード済み: data\docs\140120260312580527.pdf
[20:00:03] [抽出] SKIP_PDF_NOT_TANSHIN: title=2026年７月期第２四半期決算説明資料
[20:00:03] [INGEST] doc_id=49a1f89c3bfeb3d4 status=skipped_not_tanshin title=2026年７月期第２四半期決算説明資料
[20:00:03] [DL] 既にダウンロード済み: data\docs\140120260309578590.pdf
[20:00:03] [抽出] SKIP_PDF_NOT_TANSHIN: title=2026年10月期 第１四半期決算説明資料
[20:00:03] [INGEST] doc_id=4f6b64f6c6ad98a6 status=skipped_not_tanshin title=2026年10月期 第１四半期決算説明資料
[20:00:03] [DL] 既にダウンロード済み: data\docs\140120260312580521.pdf
[20:00:03] [抽出] SKIP_PDF_NOT_TANSHIN: title=2026年４月期 第３四半期 決算説明資料
[20:00:03] [INGEST] doc_id=d9046edfa776c148 status=skipped_not_tanshin title=2026年４月期 第３四半期 決算説明資料
[20:00:03] [DL] 既にダウンロード済み: data\docs\140120260311579709.pdf
[20:00:03] [抽出] SKIP_PDF_NOT_TANSHIN: title=2026年10月期第1四半期 決算説明資料
[20:00:03] [INGEST] doc_id=c557b9255644fb0f status=skipped_not_tanshin title=2026年10月期第1四半期 決算説明資料
[20:00:03] [DL] 既にダウンロード済み: data\docs\140120260311580112.pdf
[20:00:04] [抽出] SKIP_PDF_NOT_TANSHIN: title=2026年10月期　第1四半期決算（補足資料）
[20:00:04] [INGEST] doc_id=18ecb4c90e668406 status=skipped_not_tanshin title=2026年10月期　第1四半期決算（補足資料）
[20:00:04] [DL] 既にダウンロード済み: data\docs\140120260311579677.pdf
[20:00:04] [抽出] SKIP_PDF_NOT_TANSHIN: title=2026年７月期 第２四半期決算説明資料
[20:00:04] [INGEST] doc_id=f47cea3ce6a2cd77 status=skipped_not_tanshin title=2026年７月期 第２四半期決算説明資料
[20:00:04] [DL] 既にダウンロード済み: data\docs\140120260312580388.pdf
[20:00:04] [抽出] SKIP_PDF_NOT_TANSHIN: title=2026年１月期 通期決算説明資料
[20:00:04] [INGEST] doc_id=182601b5441f1a80 status=skipped_not_tanshin title=2026年１月期 通期決算説明資料
[20:00:04] [INGEST] run=ingest-e4147865 processed=9 success=0 skipped=9 error=0 (tanshin=9) SKIP_NOT_TANSHIN_TITLE=9
[20:00:04] [filings_ingest] done total=9 success=0 errors=0
[20:00:04] [pipeline_run] finished: ingest status=done elapsed=1.1s id=73 processed=9 success=0 failed=0
[2026/03/12 20:00:04.28] Finished (exit=0) 
[2026/03/12 20:10:01.20] Starting ingest 
[20:10:01] [db] config: write_key_type=service_role read_key_type=service_role
[20:10:01] [pipeline_run] started: ingest (id=74, trigger=scheduler)
[20:10:01] [filings_ingest] start dry_run=False company_code=ALL
[20:10:01] [API] yanoshin.jp APIから取得中: https://webapi.yanoshin.jp/webapi/tdnet/list/today.json
[20:10:02] [API] detected_schema=items, raw_items_count=113
[20:10:02] [API] first_item_preview: id=d508b05270fa..., pubdate=2026-03-12 15:40:00, title=株主優待品目の拡充に関するお知らせ, code=6676
[20:10:02] [API] fetched_count=113
[20:10:02] [API] skip_reason=instrument_excluded, code=13494, name=Ｅ－ＳＳＧＡ－ＳＩＮ, title=アジア国債・公債ＥＴＦ（正式名称：ＡＢＦ汎アジア債券インデックス・ファンド）に関する日々の開示事項
[20:10:02] [API] skip_reason=instrument_excluded, code=15574, name=Ｅ－ＳＳＧＡＴＣ, title=State Street SPDR S&amp;P500 ETFに関する日々の開示事項
[20:10:02] [API] skip_reason=instrument_excluded, code=20704, name=Ｎ－三菱ＵＦＪ証ＨＤ, title=上場ETN（発行者：三菱UFJ証券ホールディングス株式会社）に関する日々の開示事項
[20:10:02] [API] skip_reason=instrument_excluded, code=2628, name=ｉＦ中国科創板５０, title=上場投資信託（ETF）の投資信託約款変更のお知らせ
[20:10:02] [API] skip_reason=instrument_excluded, code=2629, name=ｉＦ中国ＧＢＡ１００, title=上場投資信託（ETF）の投資信託約款変更のお知らせ
[20:10:02] [API] skip_reason=instrument_excluded, code=16724, name=Ｅ－ＷｉｓｄｏｍＴｒ, title=上場ETF（管理会社：WisdomTree、外国投資法人：MSL）に関する日々の開示事項　
[20:10:02] [API] skip_reason=instrument_excluded, code=16724, name=Ｅ－ＷｉｓｄｏｍＴｒ, title=上場ETF（管理会社：WisdomTree、外国投資法人：CSL）に関する日々の開示事項　
[20:10:02] [API] skip_reason=instrument_excluded, code=16714, name=Ｅ－シンプレクス, title=上場ＥＴＦ(管理会社：シンプレクス・アセット・マネジメント)に関する日々の開示事項
[20:10:02] [API] skip_reason=instrument_excluded, code=13294, name=Ｅ－ブラックロック, title=上場ETF（管理会社：ブラックロック・ジャパン）に関する日々の開示事項
[20:10:02] [API] instrument_skipped_count=9
[20:10:02] [API] fetched_count=113, filtered_count=37, forecast_revision_count=11, financial_statement_count=26
[20:10:02] [API] new_count=20 already_processed=17 already_processed_financial_statement=17 new_financial_statement=9
[20:10:02] [API] already_processed_tickers=1433,215A,2294,3246,3955,4287,4422,4934,5075,5134,6387,6778,7095,2198,6184,6535,6696
[20:10:02] [INGEST] run=ingest-12112c93 new_items=20 target_statements=9 non_target=11 (forecast_revision=11, other=0)
[20:10:02] [DL] 既にダウンロード済み: data\docs\140120260312580477.pdf
[20:10:02] [抽出] SKIP_PDF_NOT_TANSHIN: title=2026年4月期 第1四半期決算説明資料
[20:10:02] [INGEST] doc_id=605bfd889b04d93a status=skipped_not_tanshin title=2026年4月期 第1四半期決算説明資料
[20:10:02] [DL] 既にダウンロード済み: data\docs\140120260310578705.pdf
[20:10:02] [抽出] SKIP_PDF_NOT_TANSHIN: title=2026年７月期　第２四半期決算補足説明資料
[20:10:02] [INGEST] doc_id=2d4c82964969397a status=skipped_not_tanshin title=2026年７月期　第２四半期決算補足説明資料
[20:10:02] [DL] 既にダウンロード済み: data\docs\140120260312580527.pdf
[20:10:02] [抽出] SKIP_PDF_NOT_TANSHIN: title=2026年７月期第２四半期決算説明資料
[20:10:02] [INGEST] doc_id=49a1f89c3bfeb3d4 status=skipped_not_tanshin title=2026年７月期第２四半期決算説明資料
[20:10:02] [DL] 既にダウンロード済み: data\docs\140120260309578590.pdf
[20:10:02] [抽出] SKIP_PDF_NOT_TANSHIN: title=2026年10月期 第１四半期決算説明資料
[20:10:02] [INGEST] doc_id=4f6b64f6c6ad98a6 status=skipped_not_tanshin title=2026年10月期 第１四半期決算説明資料
[20:10:02] [DL] 既にダウンロード済み: data\docs\140120260312580521.pdf
[20:10:02] [抽出] SKIP_PDF_NOT_TANSHIN: title=2026年４月期 第３四半期 決算説明資料
[20:10:02] [INGEST] doc_id=d9046edfa776c148 status=skipped_not_tanshin title=2026年４月期 第３四半期 決算説明資料
[20:10:02] [DL] 既にダウンロード済み: data\docs\140120260311579709.pdf
[20:10:02] [抽出] SKIP_PDF_NOT_TANSHIN: title=2026年10月期第1四半期 決算説明資料
[20:10:02] [INGEST] doc_id=c557b9255644fb0f status=skipped_not_tanshin title=2026年10月期第1四半期 決算説明資料
[20:10:02] [DL] 既にダウンロード済み: data\docs\140120260311580112.pdf
[20:10:02] [抽出] SKIP_PDF_NOT_TANSHIN: title=2026年10月期　第1四半期決算（補足資料）
[20:10:02] [INGEST] doc_id=18ecb4c90e668406 status=skipped_not_tanshin title=2026年10月期　第1四半期決算（補足資料）
[20:10:02] [DL] 既にダウンロード済み: data\docs\140120260311579677.pdf
[20:10:02] [抽出] SKIP_PDF_NOT_TANSHIN: title=2026年７月期 第２四半期決算説明資料
[20:10:02] [INGEST] doc_id=f47cea3ce6a2cd77 status=skipped_not_tanshin title=2026年７月期 第２四半期決算説明資料
[20:10:02] [DL] 既にダウンロード済み: data\docs\140120260312580388.pdf
[20:10:02] [抽出] SKIP_PDF_NOT_TANSHIN: title=2026年１月期 通期決算説明資料
[20:10:02] [INGEST] doc_id=182601b5441f1a80 status=skipped_not_tanshin title=2026年１月期 通期決算説明資料
[20:10:02] [INGEST] run=ingest-12112c93 processed=9 success=0 skipped=9 error=0 (tanshin=9) SKIP_NOT_TANSHIN_TITLE=9
[20:10:02] [filings_ingest] done total=9 success=0 errors=0
[20:10:02] [pipeline_run] finished: ingest status=done elapsed=1.1s id=74 processed=9 success=0 failed=0
[2026/03/12 20:10:02.77] Finished (exit=0) 
[2026/03/12 20:20:01.24] Starting ingest 
[20:20:01] [db] config: write_key_type=service_role read_key_type=service_role
[20:20:01] [pipeline_run] started: ingest (id=75, trigger=scheduler)
[20:20:01] [filings_ingest] start dry_run=False company_code=ALL
[20:20:01] [API] yanoshin.jp APIから取得中: https://webapi.yanoshin.jp/webapi/tdnet/list/today.json
[20:20:02] [API] detected_schema=items, raw_items_count=113
[20:20:02] [API] first_item_preview: id=d508b05270fa..., pubdate=2026-03-12 15:40:00, title=株主優待品目の拡充に関するお知らせ, code=6676
[20:20:02] [API] fetched_count=113
[20:20:02] [API] skip_reason=instrument_excluded, code=13494, name=Ｅ－ＳＳＧＡ－ＳＩＮ, title=アジア国債・公債ＥＴＦ（正式名称：ＡＢＦ汎アジア債券インデックス・ファンド）に関する日々の開示事項
[20:20:02] [API] skip_reason=instrument_excluded, code=15574, name=Ｅ－ＳＳＧＡＴＣ, title=State Street SPDR S&amp;P500 ETFに関する日々の開示事項
[20:20:02] [API] skip_reason=instrument_excluded, code=20704, name=Ｎ－三菱ＵＦＪ証ＨＤ, title=上場ETN（発行者：三菱UFJ証券ホールディングス株式会社）に関する日々の開示事項
[20:20:02] [API] skip_reason=instrument_excluded, code=2628, name=ｉＦ中国科創板５０, title=上場投資信託（ETF）の投資信託約款変更のお知らせ
[20:20:02] [API] skip_reason=instrument_excluded, code=2629, name=ｉＦ中国ＧＢＡ１００, title=上場投資信託（ETF）の投資信託約款変更のお知らせ
[20:20:02] [API] skip_reason=instrument_excluded, code=16724, name=Ｅ－ＷｉｓｄｏｍＴｒ, title=上場ETF（管理会社：WisdomTree、外国投資法人：MSL）に関する日々の開示事項　
[20:20:02] [API] skip_reason=instrument_excluded, code=16724, name=Ｅ－ＷｉｓｄｏｍＴｒ, title=上場ETF（管理会社：WisdomTree、外国投資法人：CSL）に関する日々の開示事項　
[20:20:02] [API] skip_reason=instrument_excluded, code=16714, name=Ｅ－シンプレクス, title=上場ＥＴＦ(管理会社：シンプレクス・アセット・マネジメント)に関する日々の開示事項
[20:20:02] [API] skip_reason=instrument_excluded, code=13294, name=Ｅ－ブラックロック, title=上場ETF（管理会社：ブラックロック・ジャパン）に関する日々の開示事項
[20:20:02] [API] instrument_skipped_count=9
[20:20:02] [API] fetched_count=113, filtered_count=37, forecast_revision_count=11, financial_statement_count=26
[20:20:02] [API] new_count=20 already_processed=17 already_processed_financial_statement=17 new_financial_statement=9
[20:20:02] [API] already_processed_tickers=1433,215A,2294,3246,3955,4287,4422,4934,5075,5134,6387,6778,7095,2198,6184,6535,6696
[20:20:02] [INGEST] run=ingest-23d02a7b new_items=20 target_statements=9 non_target=11 (forecast_revision=11, other=0)
[20:20:02] [DL] 既にダウンロード済み: data\docs\140120260312580477.pdf
[20:20:02] [抽出] SKIP_PDF_NOT_TANSHIN: title=2026年4月期 第1四半期決算説明資料
[20:20:02] [INGEST] doc_id=605bfd889b04d93a status=skipped_not_tanshin title=2026年4月期 第1四半期決算説明資料
[20:20:02] [DL] 既にダウンロード済み: data\docs\140120260310578705.pdf
[20:20:02] [抽出] SKIP_PDF_NOT_TANSHIN: title=2026年７月期　第２四半期決算補足説明資料
[20:20:02] [INGEST] doc_id=2d4c82964969397a status=skipped_not_tanshin title=2026年７月期　第２四半期決算補足説明資料
[20:20:02] [DL] 既にダウンロード済み: data\docs\140120260312580527.pdf
[20:20:02] [抽出] SKIP_PDF_NOT_TANSHIN: title=2026年７月期第２四半期決算説明資料
[20:20:02] [INGEST] doc_id=49a1f89c3bfeb3d4 status=skipped_not_tanshin title=2026年７月期第２四半期決算説明資料
[20:20:02] [DL] 既にダウンロード済み: data\docs\140120260309578590.pdf
[20:20:02] [抽出] SKIP_PDF_NOT_TANSHIN: title=2026年10月期 第１四半期決算説明資料
[20:20:02] [INGEST] doc_id=4f6b64f6c6ad98a6 status=skipped_not_tanshin title=2026年10月期 第１四半期決算説明資料
[20:20:02] [DL] 既にダウンロード済み: data\docs\140120260312580521.pdf
[20:20:02] [抽出] SKIP_PDF_NOT_TANSHIN: title=2026年４月期 第３四半期 決算説明資料
[20:20:02] [INGEST] doc_id=d9046edfa776c148 status=skipped_not_tanshin title=2026年４月期 第３四半期 決算説明資料
[20:20:02] [DL] 既にダウンロード済み: data\docs\140120260311579709.pdf
[20:20:02] [抽出] SKIP_PDF_NOT_TANSHIN: title=2026年10月期第1四半期 決算説明資料
[20:20:02] [INGEST] doc_id=c557b9255644fb0f status=skipped_not_tanshin title=2026年10月期第1四半期 決算説明資料
[20:20:02] [DL] 既にダウンロード済み: data\docs\140120260311580112.pdf
[20:20:02] [抽出] SKIP_PDF_NOT_TANSHIN: title=2026年10月期　第1四半期決算（補足資料）
[20:20:02] [INGEST] doc_id=18ecb4c90e668406 status=skipped_not_tanshin title=2026年10月期　第1四半期決算（補足資料）
[20:20:02] [DL] 既にダウンロード済み: data\docs\140120260311579677.pdf
[20:20:02] [抽出] SKIP_PDF_NOT_TANSHIN: title=2026年７月期 第２四半期決算説明資料
[20:20:02] [INGEST] doc_id=f47cea3ce6a2cd77 status=skipped_not_tanshin title=2026年７月期 第２四半期決算説明資料
[20:20:02] [DL] 既にダウンロード済み: data\docs\140120260312580388.pdf
[20:20:02] [抽出] SKIP_PDF_NOT_TANSHIN: title=2026年１月期 通期決算説明資料
[20:20:02] [INGEST] doc_id=182601b5441f1a80 status=skipped_not_tanshin title=2026年１月期 通期決算説明資料
[20:20:02] [INGEST] run=ingest-23d02a7b processed=9 success=0 skipped=9 error=0 (tanshin=9) SKIP_NOT_TANSHIN_TITLE=9
[20:20:02] [filings_ingest] done total=9 success=0 errors=0
[20:20:02] [pipeline_run] finished: ingest status=done elapsed=1.1s id=75 processed=9 success=0 failed=0
[2026/03/12 20:20:02.83] Finished (exit=0) 
[2026/03/12 20:30:01.21] Starting ingest 
[20:30:01] [db] config: write_key_type=service_role read_key_type=service_role
[20:30:01] [pipeline_run] started: ingest (id=76, trigger=scheduler)
[20:30:01] [filings_ingest] start dry_run=False company_code=ALL
[20:30:01] [API] yanoshin.jp APIから取得中: https://webapi.yanoshin.jp/webapi/tdnet/list/today.json
[20:30:02] [API] detected_schema=items, raw_items_count=113
[20:30:02] [API] first_item_preview: id=d508b05270fa..., pubdate=2026-03-12 15:40:00, title=株主優待品目の拡充に関するお知らせ, code=6676
[20:30:02] [API] fetched_count=113
[20:30:02] [API] skip_reason=instrument_excluded, code=13494, name=Ｅ－ＳＳＧＡ－ＳＩＮ, title=アジア国債・公債ＥＴＦ（正式名称：ＡＢＦ汎アジア債券インデックス・ファンド）に関する日々の開示事項
[20:30:02] [API] skip_reason=instrument_excluded, code=15574, name=Ｅ－ＳＳＧＡＴＣ, title=State Street SPDR S&amp;P500 ETFに関する日々の開示事項
[20:30:02] [API] skip_reason=instrument_excluded, code=20704, name=Ｎ－三菱ＵＦＪ証ＨＤ, title=上場ETN（発行者：三菱UFJ証券ホールディングス株式会社）に関する日々の開示事項
[20:30:02] [API] skip_reason=instrument_excluded, code=2628, name=ｉＦ中国科創板５０, title=上場投資信託（ETF）の投資信託約款変更のお知らせ
[20:30:02] [API] skip_reason=instrument_excluded, code=2629, name=ｉＦ中国ＧＢＡ１００, title=上場投資信託（ETF）の投資信託約款変更のお知らせ
[20:30:02] [API] skip_reason=instrument_excluded, code=16724, name=Ｅ－ＷｉｓｄｏｍＴｒ, title=上場ETF（管理会社：WisdomTree、外国投資法人：MSL）に関する日々の開示事項　
[20:30:02] [API] skip_reason=instrument_excluded, code=16724, name=Ｅ－ＷｉｓｄｏｍＴｒ, title=上場ETF（管理会社：WisdomTree、外国投資法人：CSL）に関する日々の開示事項　
[20:30:02] [API] skip_reason=instrument_excluded, code=16714, name=Ｅ－シンプレクス, title=上場ＥＴＦ(管理会社：シンプレクス・アセット・マネジメント)に関する日々の開示事項
[20:30:02] [API] skip_reason=instrument_excluded, code=13294, name=Ｅ－ブラックロック, title=上場ETF（管理会社：ブラックロック・ジャパン）に関する日々の開示事項
[20:30:02] [API] instrument_skipped_count=9
[20:30:02] [API] fetched_count=113, filtered_count=37, forecast_revision_count=11, financial_statement_count=26
[20:30:02] [API] new_count=20 already_processed=17 already_processed_financial_statement=17 new_financial_statement=9
[20:30:02] [API] already_processed_tickers=1433,215A,2294,3246,3955,4287,4422,4934,5075,5134,6387,6778,7095,2198,6184,6535,6696
[20:30:02] [INGEST] run=ingest-8a423641 new_items=20 target_statements=9 non_target=11 (forecast_revision=11, other=0)
[20:30:02] [DL] 既にダウンロード済み: data\docs\140120260312580477.pdf
[20:30:02] [抽出] SKIP_PDF_NOT_TANSHIN: title=2026年4月期 第1四半期決算説明資料
[20:30:02] [INGEST] doc_id=605bfd889b04d93a status=skipped_not_tanshin title=2026年4月期 第1四半期決算説明資料
[20:30:02] [DL] 既にダウンロード済み: data\docs\140120260310578705.pdf
[20:30:02] [抽出] SKIP_PDF_NOT_TANSHIN: title=2026年７月期　第２四半期決算補足説明資料
[20:30:02] [INGEST] doc_id=2d4c82964969397a status=skipped_not_tanshin title=2026年７月期　第２四半期決算補足説明資料
[20:30:02] [DL] 既にダウンロード済み: data\docs\140120260312580527.pdf
[20:30:02] [抽出] SKIP_PDF_NOT_TANSHIN: title=2026年７月期第２四半期決算説明資料
[20:30:02] [INGEST] doc_id=49a1f89c3bfeb3d4 status=skipped_not_tanshin title=2026年７月期第２四半期決算説明資料
[20:30:02] [DL] 既にダウンロード済み: data\docs\140120260309578590.pdf
[20:30:02] [抽出] SKIP_PDF_NOT_TANSHIN: title=2026年10月期 第１四半期決算説明資料
[20:30:02] [INGEST] doc_id=4f6b64f6c6ad98a6 status=skipped_not_tanshin title=2026年10月期 第１四半期決算説明資料
[20:30:02] [DL] 既にダウンロード済み: data\docs\140120260312580521.pdf
[20:30:02] [抽出] SKIP_PDF_NOT_TANSHIN: title=2026年４月期 第３四半期 決算説明資料
[20:30:02] [INGEST] doc_id=d9046edfa776c148 status=skipped_not_tanshin title=2026年４月期 第３四半期 決算説明資料
[20:30:02] [DL] 既にダウンロード済み: data\docs\140120260311579709.pdf
[20:30:02] [抽出] SKIP_PDF_NOT_TANSHIN: title=2026年10月期第1四半期 決算説明資料
[20:30:02] [INGEST] doc_id=c557b9255644fb0f status=skipped_not_tanshin title=2026年10月期第1四半期 決算説明資料
[20:30:02] [DL] 既にダウンロード済み: data\docs\140120260311580112.pdf
[20:30:02] [抽出] SKIP_PDF_NOT_TANSHIN: title=2026年10月期　第1四半期決算（補足資料）
[20:30:02] [INGEST] doc_id=18ecb4c90e668406 status=skipped_not_tanshin title=2026年10月期　第1四半期決算（補足資料）
[20:30:02] [DL] 既にダウンロード済み: data\docs\140120260311579677.pdf
[20:30:02] [抽出] SKIP_PDF_NOT_TANSHIN: title=2026年７月期 第２四半期決算説明資料
[20:30:02] [INGEST] doc_id=f47cea3ce6a2cd77 status=skipped_not_tanshin title=2026年７月期 第２四半期決算説明資料
[20:30:02] [DL] 既にダウンロード済み: data\docs\140120260312580388.pdf
[20:30:02] [抽出] SKIP_PDF_NOT_TANSHIN: title=2026年１月期 通期決算説明資料
[20:30:02] [INGEST] doc_id=182601b5441f1a80 status=skipped_not_tanshin title=2026年１月期 通期決算説明資料
[20:30:02] [INGEST] run=ingest-8a423641 processed=9 success=0 skipped=9 error=0 (tanshin=9) SKIP_NOT_TANSHIN_TITLE=9
[20:30:03] [filings_ingest] done total=9 success=0 errors=0
[20:30:03] [pipeline_run] finished: ingest status=done elapsed=1.5s id=76 processed=9 success=0 failed=0
[2026/03/12 20:30:03.26] Finished (exit=0) 
[2026/03/12 20:40:01.21] Starting ingest 
[20:40:01] [db] config: write_key_type=service_role read_key_type=service_role
[20:40:01] [pipeline_run] started: ingest (id=77, trigger=scheduler)
[20:40:01] [filings_ingest] start dry_run=False company_code=ALL
[20:40:01] [API] yanoshin.jp APIから取得中: https://webapi.yanoshin.jp/webapi/tdnet/list/today.json
[20:40:02] [API] detected_schema=items, raw_items_count=113
[20:40:02] [API] first_item_preview: id=d508b05270fa..., pubdate=2026-03-12 15:40:00, title=株主優待品目の拡充に関するお知らせ, code=6676
[20:40:02] [API] fetched_count=113
[20:40:02] [API] skip_reason=instrument_excluded, code=13494, name=Ｅ－ＳＳＧＡ－ＳＩＮ, title=アジア国債・公債ＥＴＦ（正式名称：ＡＢＦ汎アジア債券インデックス・ファンド）に関する日々の開示事項
[20:40:02] [API] skip_reason=instrument_excluded, code=15574, name=Ｅ－ＳＳＧＡＴＣ, title=State Street SPDR S&amp;P500 ETFに関する日々の開示事項
[20:40:02] [API] skip_reason=instrument_excluded, code=20704, name=Ｎ－三菱ＵＦＪ証ＨＤ, title=上場ETN（発行者：三菱UFJ証券ホールディングス株式会社）に関する日々の開示事項
[20:40:02] [API] skip_reason=instrument_excluded, code=2628, name=ｉＦ中国科創板５０, title=上場投資信託（ETF）の投資信託約款変更のお知らせ
[20:40:02] [API] skip_reason=instrument_excluded, code=2629, name=ｉＦ中国ＧＢＡ１００, title=上場投資信託（ETF）の投資信託約款変更のお知らせ
[20:40:02] [API] skip_reason=instrument_excluded, code=16724, name=Ｅ－ＷｉｓｄｏｍＴｒ, title=上場ETF（管理会社：WisdomTree、外国投資法人：MSL）に関する日々の開示事項　
[20:40:02] [API] skip_reason=instrument_excluded, code=16724, name=Ｅ－ＷｉｓｄｏｍＴｒ, title=上場ETF（管理会社：WisdomTree、外国投資法人：CSL）に関する日々の開示事項　
[20:40:02] [API] skip_reason=instrument_excluded, code=16714, name=Ｅ－シンプレクス, title=上場ＥＴＦ(管理会社：シンプレクス・アセット・マネジメント)に関する日々の開示事項
[20:40:02] [API] skip_reason=instrument_excluded, code=13294, name=Ｅ－ブラックロック, title=上場ETF（管理会社：ブラックロック・ジャパン）に関する日々の開示事項
[20:40:02] [API] instrument_skipped_count=9
[20:40:02] [API] fetched_count=113, filtered_count=37, forecast_revision_count=11, financial_statement_count=26
[20:40:02] [API] new_count=20 already_processed=17 already_processed_financial_statement=17 new_financial_statement=9
[20:40:02] [API] already_processed_tickers=1433,215A,2294,3246,3955,4287,4422,4934,5075,5134,6387,6778,7095,2198,6184,6535,6696
[20:40:02] [INGEST] run=ingest-4545ee80 new_items=20 target_statements=9 non_target=11 (forecast_revision=11, other=0)
[20:40:02] [DL] 既にダウンロード済み: data\docs\140120260312580477.pdf
[20:40:02] [抽出] SKIP_PDF_NOT_TANSHIN: title=2026年4月期 第1四半期決算説明資料
[20:40:02] [INGEST] doc_id=605bfd889b04d93a status=skipped_not_tanshin title=2026年4月期 第1四半期決算説明資料
[20:40:02] [DL] 既にダウンロード済み: data\docs\140120260310578705.pdf
[20:40:02] [抽出] SKIP_PDF_NOT_TANSHIN: title=2026年７月期　第２四半期決算補足説明資料
[20:40:02] [INGEST] doc_id=2d4c82964969397a status=skipped_not_tanshin title=2026年７月期　第２四半期決算補足説明資料
[20:40:02] [DL] 既にダウンロード済み: data\docs\140120260312580527.pdf
[20:40:02] [抽出] SKIP_PDF_NOT_TANSHIN: title=2026年７月期第２四半期決算説明資料
[20:40:02] [INGEST] doc_id=49a1f89c3bfeb3d4 status=skipped_not_tanshin title=2026年７月期第２四半期決算説明資料
[20:40:02] [DL] 既にダウンロード済み: data\docs\140120260309578590.pdf
[20:40:02] [抽出] SKIP_PDF_NOT_TANSHIN: title=2026年10月期 第１四半期決算説明資料
[20:40:02] [INGEST] doc_id=4f6b64f6c6ad98a6 status=skipped_not_tanshin title=2026年10月期 第１四半期決算説明資料
[20:40:02] [DL] 既にダウンロード済み: data\docs\140120260312580521.pdf
[20:40:02] [抽出] SKIP_PDF_NOT_TANSHIN: title=2026年４月期 第３四半期 決算説明資料
[20:40:02] [INGEST] doc_id=d9046edfa776c148 status=skipped_not_tanshin title=2026年４月期 第３四半期 決算説明資料
[20:40:02] [DL] 既にダウンロード済み: data\docs\140120260311579709.pdf
[20:40:02] [抽出] SKIP_PDF_NOT_TANSHIN: title=2026年10月期第1四半期 決算説明資料
[20:40:02] [INGEST] doc_id=c557b9255644fb0f status=skipped_not_tanshin title=2026年10月期第1四半期 決算説明資料
[20:40:02] [DL] 既にダウンロード済み: data\docs\140120260311580112.pdf
[20:40:02] [抽出] SKIP_PDF_NOT_TANSHIN: title=2026年10月期　第1四半期決算（補足資料）
[20:40:02] [INGEST] doc_id=18ecb4c90e668406 status=skipped_not_tanshin title=2026年10月期　第1四半期決算（補足資料）
[20:40:02] [DL] 既にダウンロード済み: data\docs\140120260311579677.pdf
[20:40:02] [抽出] SKIP_PDF_NOT_TANSHIN: title=2026年７月期 第２四半期決算説明資料
[20:40:02] [INGEST] doc_id=f47cea3ce6a2cd77 status=skipped_not_tanshin title=2026年７月期 第２四半期決算説明資料
[20:40:02] [DL] 既にダウンロード済み: data\docs\140120260312580388.pdf
[20:40:02] [抽出] SKIP_PDF_NOT_TANSHIN: title=2026年１月期 通期決算説明資料
[20:40:02] [INGEST] doc_id=182601b5441f1a80 status=skipped_not_tanshin title=2026年１月期 通期決算説明資料
[20:40:02] [INGEST] run=ingest-4545ee80 processed=9 success=0 skipped=9 error=0 (tanshin=9) SKIP_NOT_TANSHIN_TITLE=9
[20:40:02] [filings_ingest] done total=9 success=0 errors=0
[20:40:02] [pipeline_run] finished: ingest status=done elapsed=1.1s id=77 processed=9 success=0 failed=0
[2026/03/12 20:40:02.78] Finished (exit=0) 
[2026/03/12 20:50:01.22] Starting ingest 
[20:50:01] [db] config: write_key_type=service_role read_key_type=service_role
[20:50:01] [pipeline_run] started: ingest (id=85, trigger=scheduler)
[20:50:01] [filings_ingest] start dry_run=False company_code=ALL
[20:50:01] [API] yanoshin.jp APIから取得中: https://webapi.yanoshin.jp/webapi/tdnet/list/today.json
[20:50:02] [API] detected_schema=items, raw_items_count=113
[20:50:02] [API] first_item_preview: id=d508b05270fa..., pubdate=2026-03-12 15:40:00, title=株主優待品目の拡充に関するお知らせ, code=6676
[20:50:02] [API] fetched_count=113
[20:50:02] [API] skip_reason=instrument_excluded, code=13494, name=Ｅ－ＳＳＧＡ－ＳＩＮ, title=アジア国債・公債ＥＴＦ（正式名称：ＡＢＦ汎アジア債券インデックス・ファンド）に関する日々の開示事項
[20:50:02] [API] skip_reason=instrument_excluded, code=15574, name=Ｅ－ＳＳＧＡＴＣ, title=State Street SPDR S&amp;P500 ETFに関する日々の開示事項
[20:50:02] [API] skip_reason=instrument_excluded, code=20704, name=Ｎ－三菱ＵＦＪ証ＨＤ, title=上場ETN（発行者：三菱UFJ証券ホールディングス株式会社）に関する日々の開示事項
[20:50:02] [API] skip_reason=instrument_excluded, code=2628, name=ｉＦ中国科創板５０, title=上場投資信託（ETF）の投資信託約款変更のお知らせ
[20:50:02] [API] skip_reason=instrument_excluded, code=2629, name=ｉＦ中国ＧＢＡ１００, title=上場投資信託（ETF）の投資信託約款変更のお知らせ
[20:50:02] [API] skip_reason=instrument_excluded, code=16724, name=Ｅ－ＷｉｓｄｏｍＴｒ, title=上場ETF（管理会社：WisdomTree、外国投資法人：MSL）に関する日々の開示事項　
[20:50:02] [API] skip_reason=instrument_excluded, code=16724, name=Ｅ－ＷｉｓｄｏｍＴｒ, title=上場ETF（管理会社：WisdomTree、外国投資法人：CSL）に関する日々の開示事項　
[20:50:02] [API] skip_reason=instrument_excluded, code=16714, name=Ｅ－シンプレクス, title=上場ＥＴＦ(管理会社：シンプレクス・アセット・マネジメント)に関する日々の開示事項
[20:50:02] [API] skip_reason=instrument_excluded, code=13294, name=Ｅ－ブラックロック, title=上場ETF（管理会社：ブラックロック・ジャパン）に関する日々の開示事項
[20:50:02] [API] instrument_skipped_count=9
[20:50:02] [API] fetched_count=113, filtered_count=37, forecast_revision_count=11, financial_statement_count=26
[20:50:02] [API] new_count=20 already_processed=17 already_processed_financial_statement=17 new_financial_statement=9
[20:50:02] [API] already_processed_tickers=1433,215A,2294,3246,3955,4287,4422,4934,5075,5134,6387,6778,7095,2198,6184,6535,6696
[20:50:02] [INGEST] run=ingest-fc731820 new_items=20 target_statements=9 non_target=11 (forecast_revision=11, other=0)
[20:50:02] [DL] 既にダウンロード済み: data\docs\140120260312580477.pdf
[20:50:02] [抽出] SKIP_PDF_NOT_TANSHIN: title=2026年4月期 第1四半期決算説明資料
[20:50:02] [INGEST] doc_id=605bfd889b04d93a status=skipped_not_tanshin title=2026年4月期 第1四半期決算説明資料
[20:50:02] [DL] 既にダウンロード済み: data\docs\140120260310578705.pdf
[20:50:02] [抽出] SKIP_PDF_NOT_TANSHIN: title=2026年７月期　第２四半期決算補足説明資料
[20:50:02] [INGEST] doc_id=2d4c82964969397a status=skipped_not_tanshin title=2026年７月期　第２四半期決算補足説明資料
[20:50:02] [DL] 既にダウンロード済み: data\docs\140120260312580527.pdf
[20:50:02] [抽出] SKIP_PDF_NOT_TANSHIN: title=2026年７月期第２四半期決算説明資料
[20:50:02] [INGEST] doc_id=49a1f89c3bfeb3d4 status=skipped_not_tanshin title=2026年７月期第２四半期決算説明資料
[20:50:02] [DL] 既にダウンロード済み: data\docs\140120260309578590.pdf
[20:50:02] [抽出] SKIP_PDF_NOT_TANSHIN: title=2026年10月期 第１四半期決算説明資料
[20:50:02] [INGEST] doc_id=4f6b64f6c6ad98a6 status=skipped_not_tanshin title=2026年10月期 第１四半期決算説明資料
[20:50:02] [DL] 既にダウンロード済み: data\docs\140120260312580521.pdf
[20:50:02] [抽出] SKIP_PDF_NOT_TANSHIN: title=2026年４月期 第３四半期 決算説明資料
[20:50:02] [INGEST] doc_id=d9046edfa776c148 status=skipped_not_tanshin title=2026年４月期 第３四半期 決算説明資料
[20:50:02] [DL] 既にダウンロード済み: data\docs\140120260311579709.pdf
[20:50:02] [抽出] SKIP_PDF_NOT_TANSHIN: title=2026年10月期第1四半期 決算説明資料
[20:50:02] [INGEST] doc_id=c557b9255644fb0f status=skipped_not_tanshin title=2026年10月期第1四半期 決算説明資料
[20:50:02] [DL] 既にダウンロード済み: data\docs\140120260311580112.pdf
[20:50:02] [抽出] SKIP_PDF_NOT_TANSHIN: title=2026年10月期　第1四半期決算（補足資料）
[20:50:02] [INGEST] doc_id=18ecb4c90e668406 status=skipped_not_tanshin title=2026年10月期　第1四半期決算（補足資料）
[20:50:02] [DL] 既にダウンロード済み: data\docs\140120260311579677.pdf
[20:50:02] [抽出] SKIP_PDF_NOT_TANSHIN: title=2026年７月期 第２四半期決算説明資料
[20:50:02] [INGEST] doc_id=f47cea3ce6a2cd77 status=skipped_not_tanshin title=2026年７月期 第２四半期決算説明資料
[20:50:02] [DL] 既にダウンロード済み: data\docs\140120260312580388.pdf
[20:50:02] [抽出] SKIP_PDF_NOT_TANSHIN: title=2026年１月期 通期決算説明資料
[20:50:02] [INGEST] doc_id=182601b5441f1a80 status=skipped_not_tanshin title=2026年１月期 通期決算説明資料
[20:50:02] [INGEST] run=ingest-fc731820 processed=9 success=0 skipped=9 error=0 (tanshin=9) SKIP_NOT_TANSHIN_TITLE=9
[20:50:02] [filings_ingest] done total=9 success=0 errors=0
[20:50:02] [pipeline_run] finished: ingest status=done elapsed=1.1s id=85 processed=9 success=0 failed=0
[2026/03/12 20:50:02.74] Finished (exit=0) 
[2026/03/12 21:00:01.26] Starting ingest 
[21:00:01] [db] config: write_key_type=service_role read_key_type=service_role
[21:00:01] [pipeline_run] started: ingest (id=86, trigger=scheduler)
[21:00:01] [filings_ingest] start dry_run=False company_code=ALL
[21:00:01] [API] yanoshin.jp APIから取得中: https://webapi.yanoshin.jp/webapi/tdnet/list/today.json
[21:00:02] [API] detected_schema=items, raw_items_count=113
[21:00:02] [API] first_item_preview: id=d508b05270fa..., pubdate=2026-03-12 15:40:00, title=株主優待品目の拡充に関するお知らせ, code=6676
[21:00:02] [API] fetched_count=113
[21:00:02] [API] skip_reason=instrument_excluded, code=13494, name=Ｅ－ＳＳＧＡ－ＳＩＮ, title=アジア国債・公債ＥＴＦ（正式名称：ＡＢＦ汎アジア債券インデックス・ファンド）に関する日々の開示事項
[21:00:02] [API] skip_reason=instrument_excluded, code=15574, name=Ｅ－ＳＳＧＡＴＣ, title=State Street SPDR S&amp;P500 ETFに関する日々の開示事項
[21:00:02] [API] skip_reason=instrument_excluded, code=20704, name=Ｎ－三菱ＵＦＪ証ＨＤ, title=上場ETN（発行者：三菱UFJ証券ホールディングス株式会社）に関する日々の開示事項
[21:00:02] [API] skip_reason=instrument_excluded, code=2628, name=ｉＦ中国科創板５０, title=上場投資信託（ETF）の投資信託約款変更のお知らせ
[21:00:02] [API] skip_reason=instrument_excluded, code=2629, name=ｉＦ中国ＧＢＡ１００, title=上場投資信託（ETF）の投資信託約款変更のお知らせ
[21:00:02] [API] skip_reason=instrument_excluded, code=16724, name=Ｅ－ＷｉｓｄｏｍＴｒ, title=上場ETF（管理会社：WisdomTree、外国投資法人：MSL）に関する日々の開示事項　
[21:00:02] [API] skip_reason=instrument_excluded, code=16724, name=Ｅ－ＷｉｓｄｏｍＴｒ, title=上場ETF（管理会社：WisdomTree、外国投資法人：CSL）に関する日々の開示事項　
[21:00:02] [API] skip_reason=instrument_excluded, code=16714, name=Ｅ－シンプレクス, title=上場ＥＴＦ(管理会社：シンプレクス・アセット・マネジメント)に関する日々の開示事項
[21:00:02] [API] skip_reason=instrument_excluded, code=13294, name=Ｅ－ブラックロック, title=上場ETF（管理会社：ブラックロック・ジャパン）に関する日々の開示事項
[21:00:02] [API] instrument_skipped_count=9
[21:00:02] [API] fetched_count=113, filtered_count=37, forecast_revision_count=11, financial_statement_count=26
[21:00:02] [API] new_count=20 already_processed=17 already_processed_financial_statement=17 new_financial_statement=9
[21:00:02] [API] already_processed_tickers=1433,215A,2294,3246,3955,4287,4422,4934,5075,5134,6387,6778,7095,2198,6184,6535,6696
[21:00:02] [INGEST] run=ingest-bde8278f new_items=20 target_statements=9 non_target=11 (forecast_revision=11, other=0)
[21:00:02] [DL] 既にダウンロード済み: data\docs\140120260312580477.pdf
[21:00:02] [抽出] SKIP_PDF_NOT_TANSHIN: title=2026年4月期 第1四半期決算説明資料
[21:00:02] [INGEST] doc_id=605bfd889b04d93a status=skipped_not_tanshin title=2026年4月期 第1四半期決算説明資料
[21:00:02] [DL] 既にダウンロード済み: data\docs\140120260310578705.pdf
[21:00:02] [抽出] SKIP_PDF_NOT_TANSHIN: title=2026年７月期　第２四半期決算補足説明資料
[21:00:02] [INGEST] doc_id=2d4c82964969397a status=skipped_not_tanshin title=2026年７月期　第２四半期決算補足説明資料
[21:00:02] [DL] 既にダウンロード済み: data\docs\140120260312580527.pdf
[21:00:02] [抽出] SKIP_PDF_NOT_TANSHIN: title=2026年７月期第２四半期決算説明資料
[21:00:02] [INGEST] doc_id=49a1f89c3bfeb3d4 status=skipped_not_tanshin title=2026年７月期第２四半期決算説明資料
[21:00:02] [DL] 既にダウンロード済み: data\docs\140120260309578590.pdf
[21:00:02] [抽出] SKIP_PDF_NOT_TANSHIN: title=2026年10月期 第１四半期決算説明資料
[21:00:02] [INGEST] doc_id=4f6b64f6c6ad98a6 status=skipped_not_tanshin title=2026年10月期 第１四半期決算説明資料
[21:00:02] [DL] 既にダウンロード済み: data\docs\140120260312580521.pdf
[21:00:02] [抽出] SKIP_PDF_NOT_TANSHIN: title=2026年４月期 第３四半期 決算説明資料
[21:00:02] [INGEST] doc_id=d9046edfa776c148 status=skipped_not_tanshin title=2026年４月期 第３四半期 決算説明資料
[21:00:02] [DL] 既にダウンロード済み: data\docs\140120260311579709.pdf
[21:00:02] [抽出] SKIP_PDF_NOT_TANSHIN: title=2026年10月期第1四半期 決算説明資料
[21:00:02] [INGEST] doc_id=c557b9255644fb0f status=skipped_not_tanshin title=2026年10月期第1四半期 決算説明資料
[21:00:02] [DL] 既にダウンロード済み: data\docs\140120260311580112.pdf
[21:00:02] [抽出] SKIP_PDF_NOT_TANSHIN: title=2026年10月期　第1四半期決算（補足資料）
[21:00:02] [INGEST] doc_id=18ecb4c90e668406 status=skipped_not_tanshin title=2026年10月期　第1四半期決算（補足資料）
[21:00:02] [DL] 既にダウンロード済み: data\docs\140120260311579677.pdf
[21:00:02] [抽出] SKIP_PDF_NOT_TANSHIN: title=2026年７月期 第２四半期決算説明資料
[21:00:02] [INGEST] doc_id=f47cea3ce6a2cd77 status=skipped_not_tanshin title=2026年７月期 第２四半期決算説明資料
[21:00:02] [DL] 既にダウンロード済み: data\docs\140120260312580388.pdf
[21:00:02] [抽出] SKIP_PDF_NOT_TANSHIN: title=2026年１月期 通期決算説明資料
[21:00:02] [INGEST] doc_id=182601b5441f1a80 status=skipped_not_tanshin title=2026年１月期 通期決算説明資料
[21:00:02] [INGEST] run=ingest-bde8278f processed=9 success=0 skipped=9 error=0 (tanshin=9) SKIP_NOT_TANSHIN_TITLE=9
[21:00:02] [filings_ingest] done total=9 success=0 errors=0
[21:00:03] [pipeline_run] finished: ingest status=done elapsed=1.2s id=86 processed=9 success=0 failed=0
[2026/03/12 21:00:03.06] Finished (exit=0) 
[2026/03/12 21:10:01.25] Starting ingest 
[21:10:01] [db] config: write_key_type=service_role read_key_type=service_role
[21:10:01] [pipeline_run] started: ingest (id=87, trigger=scheduler)
[21:10:01] [filings_ingest] start dry_run=False company_code=ALL
[21:10:01] [API] yanoshin.jp APIから取得中: https://webapi.yanoshin.jp/webapi/tdnet/list/today.json
[21:10:02] [API] detected_schema=items, raw_items_count=113
[21:10:02] [API] first_item_preview: id=d508b05270fa..., pubdate=2026-03-12 15:40:00, title=株主優待品目の拡充に関するお知らせ, code=6676
[21:10:02] [API] fetched_count=113
[21:10:02] [API] skip_reason=instrument_excluded, code=13494, name=Ｅ－ＳＳＧＡ－ＳＩＮ, title=アジア国債・公債ＥＴＦ（正式名称：ＡＢＦ汎アジア債券インデックス・ファンド）に関する日々の開示事項
[21:10:02] [API] skip_reason=instrument_excluded, code=15574, name=Ｅ－ＳＳＧＡＴＣ, title=State Street SPDR S&amp;P500 ETFに関する日々の開示事項
[21:10:02] [API] skip_reason=instrument_excluded, code=20704, name=Ｎ－三菱ＵＦＪ証ＨＤ, title=上場ETN（発行者：三菱UFJ証券ホールディングス株式会社）に関する日々の開示事項
[21:10:02] [API] skip_reason=instrument_excluded, code=2628, name=ｉＦ中国科創板５０, title=上場投資信託（ETF）の投資信託約款変更のお知らせ
[21:10:02] [API] skip_reason=instrument_excluded, code=2629, name=ｉＦ中国ＧＢＡ１００, title=上場投資信託（ETF）の投資信託約款変更のお知らせ
[21:10:02] [API] skip_reason=instrument_excluded, code=16724, name=Ｅ－ＷｉｓｄｏｍＴｒ, title=上場ETF（管理会社：WisdomTree、外国投資法人：MSL）に関する日々の開示事項　
[21:10:02] [API] skip_reason=instrument_excluded, code=16724, name=Ｅ－ＷｉｓｄｏｍＴｒ, title=上場ETF（管理会社：WisdomTree、外国投資法人：CSL）に関する日々の開示事項　
[21:10:02] [API] skip_reason=instrument_excluded, code=16714, name=Ｅ－シンプレクス, title=上場ＥＴＦ(管理会社：シンプレクス・アセット・マネジメント)に関する日々の開示事項
[21:10:02] [API] skip_reason=instrument_excluded, code=13294, name=Ｅ－ブラックロック, title=上場ETF（管理会社：ブラックロック・ジャパン）に関する日々の開示事項
[21:10:02] [API] instrument_skipped_count=9
[21:10:02] [API] fetched_count=113, filtered_count=37, forecast_revision_count=11, financial_statement_count=26
[21:10:02] [API] new_count=20 already_processed=17 already_processed_financial_statement=17 new_financial_statement=9
[21:10:02] [API] already_processed_tickers=1433,215A,2294,3246,3955,4287,4422,4934,5075,5134,6387,6778,7095,2198,6184,6535,6696
[21:10:02] [INGEST] run=ingest-01d14d7c new_items=20 target_statements=9 non_target=11 (forecast_revision=11, other=0)
[21:10:02] [DL] 既にダウンロード済み: data\docs\140120260312580477.pdf
[21:10:02] [抽出] SKIP_PDF_NOT_TANSHIN: title=2026年4月期 第1四半期決算説明資料
[21:10:02] [INGEST] doc_id=605bfd889b04d93a status=skipped_not_tanshin title=2026年4月期 第1四半期決算説明資料
[21:10:02] [DL] 既にダウンロード済み: data\docs\140120260310578705.pdf
[21:10:02] [抽出] SKIP_PDF_NOT_TANSHIN: title=2026年７月期　第２四半期決算補足説明資料
[21:10:02] [INGEST] doc_id=2d4c82964969397a status=skipped_not_tanshin title=2026年７月期　第２四半期決算補足説明資料
[21:10:02] [DL] 既にダウンロード済み: data\docs\140120260312580527.pdf
[21:10:02] [抽出] SKIP_PDF_NOT_TANSHIN: title=2026年７月期第２四半期決算説明資料
[21:10:02] [INGEST] doc_id=49a1f89c3bfeb3d4 status=skipped_not_tanshin title=2026年７月期第２四半期決算説明資料
[21:10:02] [DL] 既にダウンロード済み: data\docs\140120260309578590.pdf
[21:10:02] [抽出] SKIP_PDF_NOT_TANSHIN: title=2026年10月期 第１四半期決算説明資料
[21:10:02] [INGEST] doc_id=4f6b64f6c6ad98a6 status=skipped_not_tanshin title=2026年10月期 第１四半期決算説明資料
[21:10:02] [DL] 既にダウンロード済み: data\docs\140120260312580521.pdf
[21:10:02] [抽出] SKIP_PDF_NOT_TANSHIN: title=2026年４月期 第３四半期 決算説明資料
[21:10:02] [INGEST] doc_id=d9046edfa776c148 status=skipped_not_tanshin title=2026年４月期 第３四半期 決算説明資料
[21:10:02] [DL] 既にダウンロード済み: data\docs\140120260311579709.pdf
[21:10:02] [抽出] SKIP_PDF_NOT_TANSHIN: title=2026年10月期第1四半期 決算説明資料
[21:10:02] [INGEST] doc_id=c557b9255644fb0f status=skipped_not_tanshin title=2026年10月期第1四半期 決算説明資料
[21:10:02] [DL] 既にダウンロード済み: data\docs\140120260311580112.pdf
[21:10:02] [抽出] SKIP_PDF_NOT_TANSHIN: title=2026年10月期　第1四半期決算（補足資料）
[21:10:02] [INGEST] doc_id=18ecb4c90e668406 status=skipped_not_tanshin title=2026年10月期　第1四半期決算（補足資料）
[21:10:02] [DL] 既にダウンロード済み: data\docs\140120260311579677.pdf
[21:10:02] [抽出] SKIP_PDF_NOT_TANSHIN: title=2026年７月期 第２四半期決算説明資料
[21:10:02] [INGEST] doc_id=f47cea3ce6a2cd77 status=skipped_not_tanshin title=2026年７月期 第２四半期決算説明資料
[21:10:02] [DL] 既にダウンロード済み: data\docs\140120260312580388.pdf
[21:10:02] [抽出] SKIP_PDF_NOT_TANSHIN: title=2026年１月期 通期決算説明資料
[21:10:02] [INGEST] doc_id=182601b5441f1a80 status=skipped_not_tanshin title=2026年１月期 通期決算説明資料
[21:10:02] [INGEST] run=ingest-01d14d7c processed=9 success=0 skipped=9 error=0 (tanshin=9) SKIP_NOT_TANSHIN_TITLE=9
[21:10:02] [filings_ingest] done total=9 success=0 errors=0
[21:10:02] [pipeline_run] finished: ingest status=done elapsed=1.2s id=87 processed=9 success=0 failed=0
[2026/03/12 21:10:02.97] Finished (exit=0) 
[2026/03/12 21:20:01.27] Starting ingest 
[21:20:01] [db] config: write_key_type=service_role read_key_type=service_role
[21:20:01] [pipeline_run] started: ingest (id=88, trigger=scheduler)
[21:20:02] [filings_ingest] start dry_run=False company_code=ALL
[21:20:02] [API] yanoshin.jp APIから取得中: https://webapi.yanoshin.jp/webapi/tdnet/list/today.json
[21:20:02] [API] detected_schema=items, raw_items_count=113
[21:20:02] [API] first_item_preview: id=d508b05270fa..., pubdate=2026-03-12 15:40:00, title=株主優待品目の拡充に関するお知らせ, code=6676
[21:20:02] [API] fetched_count=113
[21:20:02] [API] skip_reason=instrument_excluded, code=13494, name=Ｅ－ＳＳＧＡ－ＳＩＮ, title=アジア国債・公債ＥＴＦ（正式名称：ＡＢＦ汎アジア債券インデックス・ファンド）に関する日々の開示事項
[21:20:02] [API] skip_reason=instrument_excluded, code=15574, name=Ｅ－ＳＳＧＡＴＣ, title=State Street SPDR S&amp;P500 ETFに関する日々の開示事項
[21:20:02] [API] skip_reason=instrument_excluded, code=20704, name=Ｎ－三菱ＵＦＪ証ＨＤ, title=上場ETN（発行者：三菱UFJ証券ホールディングス株式会社）に関する日々の開示事項
[21:20:02] [API] skip_reason=instrument_excluded, code=2628, name=ｉＦ中国科創板５０, title=上場投資信託（ETF）の投資信託約款変更のお知らせ
[21:20:02] [API] skip_reason=instrument_excluded, code=2629, name=ｉＦ中国ＧＢＡ１００, title=上場投資信託（ETF）の投資信託約款変更のお知らせ
[21:20:02] [API] skip_reason=instrument_excluded, code=16724, name=Ｅ－ＷｉｓｄｏｍＴｒ, title=上場ETF（管理会社：WisdomTree、外国投資法人：MSL）に関する日々の開示事項　
[21:20:02] [API] skip_reason=instrument_excluded, code=16724, name=Ｅ－ＷｉｓｄｏｍＴｒ, title=上場ETF（管理会社：WisdomTree、外国投資法人：CSL）に関する日々の開示事項　
[21:20:02] [API] skip_reason=instrument_excluded, code=16714, name=Ｅ－シンプレクス, title=上場ＥＴＦ(管理会社：シンプレクス・アセット・マネジメント)に関する日々の開示事項
[21:20:02] [API] skip_reason=instrument_excluded, code=13294, name=Ｅ－ブラックロック, title=上場ETF（管理会社：ブラックロック・ジャパン）に関する日々の開示事項
[21:20:02] [API] instrument_skipped_count=9
[21:20:02] [API] fetched_count=113, filtered_count=37, forecast_revision_count=11, financial_statement_count=26
[21:20:02] [API] new_count=20 already_processed=17 already_processed_financial_statement=17 new_financial_statement=9
[21:20:02] [API] already_processed_tickers=1433,215A,2294,3246,3955,4287,4422,4934,5075,5134,6387,6778,7095,2198,6184,6535,6696
[21:20:02] [INGEST] run=ingest-7ae3515e new_items=20 target_statements=9 non_target=11 (forecast_revision=11, other=0)
[21:20:02] [DL] 既にダウンロード済み: data\docs\140120260312580477.pdf
[21:20:02] [抽出] SKIP_PDF_NOT_TANSHIN: title=2026年4月期 第1四半期決算説明資料
[21:20:02] [INGEST] doc_id=605bfd889b04d93a status=skipped_not_tanshin title=2026年4月期 第1四半期決算説明資料
[21:20:02] [DL] 既にダウンロード済み: data\docs\140120260310578705.pdf
[21:20:02] [抽出] SKIP_PDF_NOT_TANSHIN: title=2026年７月期　第２四半期決算補足説明資料
[21:20:02] [INGEST] doc_id=2d4c82964969397a status=skipped_not_tanshin title=2026年７月期　第２四半期決算補足説明資料
[21:20:02] [DL] 既にダウンロード済み: data\docs\140120260312580527.pdf
[21:20:02] [抽出] SKIP_PDF_NOT_TANSHIN: title=2026年７月期第２四半期決算説明資料
[21:20:02] [INGEST] doc_id=49a1f89c3bfeb3d4 status=skipped_not_tanshin title=2026年７月期第２四半期決算説明資料
[21:20:02] [DL] 既にダウンロード済み: data\docs\140120260309578590.pdf
[21:20:02] [抽出] SKIP_PDF_NOT_TANSHIN: title=2026年10月期 第１四半期決算説明資料
[21:20:02] [INGEST] doc_id=4f6b64f6c6ad98a6 status=skipped_not_tanshin title=2026年10月期 第１四半期決算説明資料
[21:20:02] [DL] 既にダウンロード済み: data\docs\140120260312580521.pdf
[21:20:02] [抽出] SKIP_PDF_NOT_TANSHIN: title=2026年４月期 第３四半期 決算説明資料
[21:20:02] [INGEST] doc_id=d9046edfa776c148 status=skipped_not_tanshin title=2026年４月期 第３四半期 決算説明資料
[21:20:02] [DL] 既にダウンロード済み: data\docs\140120260311579709.pdf
[21:20:02] [抽出] SKIP_PDF_NOT_TANSHIN: title=2026年10月期第1四半期 決算説明資料
[21:20:02] [INGEST] doc_id=c557b9255644fb0f status=skipped_not_tanshin title=2026年10月期第1四半期 決算説明資料
[21:20:02] [DL] 既にダウンロード済み: data\docs\140120260311580112.pdf
[21:20:02] [抽出] SKIP_PDF_NOT_TANSHIN: title=2026年10月期　第1四半期決算（補足資料）
[21:20:02] [INGEST] doc_id=18ecb4c90e668406 status=skipped_not_tanshin title=2026年10月期　第1四半期決算（補足資料）
[21:20:02] [DL] 既にダウンロード済み: data\docs\140120260311579677.pdf
[21:20:02] [抽出] SKIP_PDF_NOT_TANSHIN: title=2026年７月期 第２四半期決算説明資料
[21:20:02] [INGEST] doc_id=f47cea3ce6a2cd77 status=skipped_not_tanshin title=2026年７月期 第２四半期決算説明資料
[21:20:02] [DL] 既にダウンロード済み: data\docs\140120260312580388.pdf
[21:20:02] [抽出] SKIP_PDF_NOT_TANSHIN: title=2026年１月期 通期決算説明資料
[21:20:02] [INGEST] doc_id=182601b5441f1a80 status=skipped_not_tanshin title=2026年１月期 通期決算説明資料
[21:20:02] [INGEST] run=ingest-7ae3515e processed=9 success=0 skipped=9 error=0 (tanshin=9) SKIP_NOT_TANSHIN_TITLE=9
[21:20:02] [filings_ingest] done total=9 success=0 errors=0
[21:20:02] [pipeline_run] finished: ingest status=done elapsed=1.2s id=88 processed=9 success=0 failed=0
[2026/03/12 21:20:03.01] Finished (exit=0) 
[2026/03/12 21:30:01.27] Starting ingest 
[21:30:01] [db] config: write_key_type=service_role read_key_type=service_role
[21:30:01] [pipeline_run] started: ingest (id=89, trigger=scheduler)
[21:30:01] [filings_ingest] start dry_run=False company_code=ALL
[21:30:01] [API] yanoshin.jp APIから取得中: https://webapi.yanoshin.jp/webapi/tdnet/list/today.json
[21:30:02] [API] detected_schema=items, raw_items_count=113
[21:30:02] [API] first_item_preview: id=d508b05270fa..., pubdate=2026-03-12 15:40:00, title=株主優待品目の拡充に関するお知らせ, code=6676
[21:30:02] [API] fetched_count=113
[21:30:02] [API] skip_reason=instrument_excluded, code=13494, name=Ｅ－ＳＳＧＡ－ＳＩＮ, title=アジア国債・公債ＥＴＦ（正式名称：ＡＢＦ汎アジア債券インデックス・ファンド）に関する日々の開示事項
[21:30:02] [API] skip_reason=instrument_excluded, code=15574, name=Ｅ－ＳＳＧＡＴＣ, title=State Street SPDR S&amp;P500 ETFに関する日々の開示事項
[21:30:02] [API] skip_reason=instrument_excluded, code=20704, name=Ｎ－三菱ＵＦＪ証ＨＤ, title=上場ETN（発行者：三菱UFJ証券ホールディングス株式会社）に関する日々の開示事項
[21:30:02] [API] skip_reason=instrument_excluded, code=2628, name=ｉＦ中国科創板５０, title=上場投資信託（ETF）の投資信託約款変更のお知らせ
[21:30:02] [API] skip_reason=instrument_excluded, code=2629, name=ｉＦ中国ＧＢＡ１００, title=上場投資信託（ETF）の投資信託約款変更のお知らせ
[21:30:02] [API] skip_reason=instrument_excluded, code=16724, name=Ｅ－ＷｉｓｄｏｍＴｒ, title=上場ETF（管理会社：WisdomTree、外国投資法人：MSL）に関する日々の開示事項　
[21:30:02] [API] skip_reason=instrument_excluded, code=16724, name=Ｅ－ＷｉｓｄｏｍＴｒ, title=上場ETF（管理会社：WisdomTree、外国投資法人：CSL）に関する日々の開示事項　
[21:30:02] [API] skip_reason=instrument_excluded, code=16714, name=Ｅ－シンプレクス, title=上場ＥＴＦ(管理会社：シンプレクス・アセット・マネジメント)に関する日々の開示事項
[21:30:02] [API] skip_reason=instrument_excluded, code=13294, name=Ｅ－ブラックロック, title=上場ETF（管理会社：ブラックロック・ジャパン）に関する日々の開示事項
[21:30:02] [API] instrument_skipped_count=9
[21:30:02] [API] fetched_count=113, filtered_count=37, forecast_revision_count=11, financial_statement_count=26
[21:30:02] [API] new_count=20 already_processed=17 already_processed_financial_statement=17 new_financial_statement=9
[21:30:02] [API] already_processed_tickers=1433,215A,2294,3246,3955,4287,4422,4934,5075,5134,6387,6778,7095,2198,6184,6535,6696
[21:30:02] [INGEST] run=ingest-7b05299e new_items=20 target_statements=9 non_target=11 (forecast_revision=11, other=0)
[21:30:02] [DL] 既にダウンロード済み: data\docs\140120260312580477.pdf
[21:30:02] [抽出] SKIP_PDF_NOT_TANSHIN: title=2026年4月期 第1四半期決算説明資料
[21:30:02] [INGEST] doc_id=605bfd889b04d93a status=skipped_not_tanshin title=2026年4月期 第1四半期決算説明資料
[21:30:02] [DL] 既にダウンロード済み: data\docs\140120260310578705.pdf
[21:30:02] [抽出] SKIP_PDF_NOT_TANSHIN: title=2026年７月期　第２四半期決算補足説明資料
[21:30:02] [INGEST] doc_id=2d4c82964969397a status=skipped_not_tanshin title=2026年７月期　第２四半期決算補足説明資料
[21:30:02] [DL] 既にダウンロード済み: data\docs\140120260312580527.pdf
[21:30:02] [抽出] SKIP_PDF_NOT_TANSHIN: title=2026年７月期第２四半期決算説明資料
[21:30:02] [INGEST] doc_id=49a1f89c3bfeb3d4 status=skipped_not_tanshin title=2026年７月期第２四半期決算説明資料
[21:30:02] [DL] 既にダウンロード済み: data\docs\140120260309578590.pdf
[21:30:02] [抽出] SKIP_PDF_NOT_TANSHIN: title=2026年10月期 第１四半期決算説明資料
[21:30:02] [INGEST] doc_id=4f6b64f6c6ad98a6 status=skipped_not_tanshin title=2026年10月期 第１四半期決算説明資料
[21:30:02] [DL] 既にダウンロード済み: data\docs\140120260312580521.pdf
[21:30:02] [抽出] SKIP_PDF_NOT_TANSHIN: title=2026年４月期 第３四半期 決算説明資料
[21:30:02] [INGEST] doc_id=d9046edfa776c148 status=skipped_not_tanshin title=2026年４月期 第３四半期 決算説明資料
[21:30:02] [DL] 既にダウンロード済み: data\docs\140120260311579709.pdf
[21:30:02] [抽出] SKIP_PDF_NOT_TANSHIN: title=2026年10月期第1四半期 決算説明資料
[21:30:02] [INGEST] doc_id=c557b9255644fb0f status=skipped_not_tanshin title=2026年10月期第1四半期 決算説明資料
[21:30:02] [DL] 既にダウンロード済み: data\docs\140120260311580112.pdf
[21:30:02] [抽出] SKIP_PDF_NOT_TANSHIN: title=2026年10月期　第1四半期決算（補足資料）
[21:30:02] [INGEST] doc_id=18ecb4c90e668406 status=skipped_not_tanshin title=2026年10月期　第1四半期決算（補足資料）
[21:30:02] [DL] 既にダウンロード済み: data\docs\140120260311579677.pdf
[21:30:02] [抽出] SKIP_PDF_NOT_TANSHIN: title=2026年７月期 第２四半期決算説明資料
[21:30:02] [INGEST] doc_id=f47cea3ce6a2cd77 status=skipped_not_tanshin title=2026年７月期 第２四半期決算説明資料
[21:30:02] [DL] 既にダウンロード済み: data\docs\140120260312580388.pdf
[21:30:02] [抽出] SKIP_PDF_NOT_TANSHIN: title=2026年１月期 通期決算説明資料
[21:30:02] [INGEST] doc_id=182601b5441f1a80 status=skipped_not_tanshin title=2026年１月期 通期決算説明資料
[21:30:02] [INGEST] run=ingest-7b05299e processed=9 success=0 skipped=9 error=0 (tanshin=9) SKIP_NOT_TANSHIN_TITLE=9
[21:30:02] [filings_ingest] done total=9 success=0 errors=0
[21:30:02] [pipeline_run] finished: ingest status=done elapsed=1.1s id=89 processed=9 success=0 failed=0
[2026/03/12 21:30:03.00] Finished (exit=0) 
[2026/03/12 21:40:01.35] Starting ingest 
[21:40:01] [db] config: write_key_type=service_role read_key_type=service_role
[21:40:01] [pipeline_run] started: ingest (id=90, trigger=scheduler)
[21:40:02] [filings_ingest] start dry_run=False company_code=ALL
[21:40:02] [API] yanoshin.jp APIから取得中: https://webapi.yanoshin.jp/webapi/tdnet/list/today.json
[21:40:02] [API] detected_schema=items, raw_items_count=113
[21:40:02] [API] first_item_preview: id=d508b05270fa..., pubdate=2026-03-12 15:40:00, title=株主優待品目の拡充に関するお知らせ, code=6676
[21:40:02] [API] fetched_count=113
[21:40:02] [API] skip_reason=instrument_excluded, code=13494, name=Ｅ－ＳＳＧＡ－ＳＩＮ, title=アジア国債・公債ＥＴＦ（正式名称：ＡＢＦ汎アジア債券インデックス・ファンド）に関する日々の開示事項
[21:40:02] [API] skip_reason=instrument_excluded, code=15574, name=Ｅ－ＳＳＧＡＴＣ, title=State Street SPDR S&amp;P500 ETFに関する日々の開示事項
[21:40:02] [API] skip_reason=instrument_excluded, code=20704, name=Ｎ－三菱ＵＦＪ証ＨＤ, title=上場ETN（発行者：三菱UFJ証券ホールディングス株式会社）に関する日々の開示事項
[21:40:02] [API] skip_reason=instrument_excluded, code=2628, name=ｉＦ中国科創板５０, title=上場投資信託（ETF）の投資信託約款変更のお知らせ
[21:40:02] [API] skip_reason=instrument_excluded, code=2629, name=ｉＦ中国ＧＢＡ１００, title=上場投資信託（ETF）の投資信託約款変更のお知らせ
[21:40:02] [API] skip_reason=instrument_excluded, code=16724, name=Ｅ－ＷｉｓｄｏｍＴｒ, title=上場ETF（管理会社：WisdomTree、外国投資法人：MSL）に関する日々の開示事項　
[21:40:02] [API] skip_reason=instrument_excluded, code=16724, name=Ｅ－ＷｉｓｄｏｍＴｒ, title=上場ETF（管理会社：WisdomTree、外国投資法人：CSL）に関する日々の開示事項　
[21:40:02] [API] skip_reason=instrument_excluded, code=16714, name=Ｅ－シンプレクス, title=上場ＥＴＦ(管理会社：シンプレクス・アセット・マネジメント)に関する日々の開示事項
[21:40:02] [API] skip_reason=instrument_excluded, code=13294, name=Ｅ－ブラックロック, title=上場ETF（管理会社：ブラックロック・ジャパン）に関する日々の開示事項
[21:40:02] [API] instrument_skipped_count=9
[21:40:02] [API] fetched_count=113, filtered_count=37, forecast_revision_count=11, financial_statement_count=26
[21:40:02] [API] new_count=20 already_processed=17 already_processed_financial_statement=17 new_financial_statement=9
[21:40:02] [API] already_processed_tickers=1433,215A,2294,3246,3955,4287,4422,4934,5075,5134,6387,6778,7095,2198,6184,6535,6696
[21:40:02] [INGEST] run=ingest-49aa5146 new_items=20 target_statements=9 non_target=11 (forecast_revision=11, other=0)
[21:40:02] [DL] 既にダウンロード済み: data\docs\140120260312580477.pdf
[21:40:02] [抽出] SKIP_PDF_NOT_TANSHIN: title=2026年4月期 第1四半期決算説明資料
[21:40:02] [INGEST] doc_id=605bfd889b04d93a status=skipped_not_tanshin title=2026年4月期 第1四半期決算説明資料
[21:40:02] [DL] 既にダウンロード済み: data\docs\140120260310578705.pdf
[21:40:02] [抽出] SKIP_PDF_NOT_TANSHIN: title=2026年７月期　第２四半期決算補足説明資料
[21:40:02] [INGEST] doc_id=2d4c82964969397a status=skipped_not_tanshin title=2026年７月期　第２四半期決算補足説明資料
[21:40:02] [DL] 既にダウンロード済み: data\docs\140120260312580527.pdf
[21:40:02] [抽出] SKIP_PDF_NOT_TANSHIN: title=2026年７月期第２四半期決算説明資料
[21:40:02] [INGEST] doc_id=49a1f89c3bfeb3d4 status=skipped_not_tanshin title=2026年７月期第２四半期決算説明資料
[21:40:02] [DL] 既にダウンロード済み: data\docs\140120260309578590.pdf
[21:40:02] [抽出] SKIP_PDF_NOT_TANSHIN: title=2026年10月期 第１四半期決算説明資料
[21:40:02] [INGEST] doc_id=4f6b64f6c6ad98a6 status=skipped_not_tanshin title=2026年10月期 第１四半期決算説明資料
[21:40:02] [DL] 既にダウンロード済み: data\docs\140120260312580521.pdf
[21:40:02] [抽出] SKIP_PDF_NOT_TANSHIN: title=2026年４月期 第３四半期 決算説明資料
[21:40:02] [INGEST] doc_id=d9046edfa776c148 status=skipped_not_tanshin title=2026年４月期 第３四半期 決算説明資料
[21:40:02] [DL] 既にダウンロード済み: data\docs\140120260311579709.pdf
[21:40:02] [抽出] SKIP_PDF_NOT_TANSHIN: title=2026年10月期第1四半期 決算説明資料
[21:40:02] [INGEST] doc_id=c557b9255644fb0f status=skipped_not_tanshin title=2026年10月期第1四半期 決算説明資料
[21:40:02] [DL] 既にダウンロード済み: data\docs\140120260311580112.pdf
[21:40:02] [抽出] SKIP_PDF_NOT_TANSHIN: title=2026年10月期　第1四半期決算（補足資料）
[21:40:02] [INGEST] doc_id=18ecb4c90e668406 status=skipped_not_tanshin title=2026年10月期　第1四半期決算（補足資料）
[21:40:02] [DL] 既にダウンロード済み: data\docs\140120260311579677.pdf
[21:40:02] [抽出] SKIP_PDF_NOT_TANSHIN: title=2026年７月期 第２四半期決算説明資料
[21:40:02] [INGEST] doc_id=f47cea3ce6a2cd77 status=skipped_not_tanshin title=2026年７月期 第２四半期決算説明資料
[21:40:02] [DL] 既にダウンロード済み: data\docs\140120260312580388.pdf
[21:40:02] [抽出] SKIP_PDF_NOT_TANSHIN: title=2026年１月期 通期決算説明資料
[21:40:02] [INGEST] doc_id=182601b5441f1a80 status=skipped_not_tanshin title=2026年１月期 通期決算説明資料
[21:40:02] [INGEST] run=ingest-49aa5146 processed=9 success=0 skipped=9 error=0 (tanshin=9) SKIP_NOT_TANSHIN_TITLE=9
[21:40:02] [filings_ingest] done total=9 success=0 errors=0
[21:40:03] [pipeline_run] finished: ingest status=done elapsed=1.2s id=90 processed=9 success=0 failed=0
[2026/03/12 21:40:03.04] Finished (exit=0) 
[2026/03/12 21:50:01.27] Starting ingest 
[21:50:01] [db] config: write_key_type=service_role read_key_type=service_role
[21:50:01] [pipeline_run] started: ingest (id=91, trigger=scheduler)
[21:50:01] [filings_ingest] start dry_run=False company_code=ALL
[21:50:01] [API] yanoshin.jp APIから取得中: https://webapi.yanoshin.jp/webapi/tdnet/list/today.json
[21:50:02] [API] detected_schema=items, raw_items_count=113
[21:50:02] [API] first_item_preview: id=d508b05270fa..., pubdate=2026-03-12 15:40:00, title=株主優待品目の拡充に関するお知らせ, code=6676
[21:50:02] [API] fetched_count=113
[21:50:02] [API] skip_reason=instrument_excluded, code=13494, name=Ｅ－ＳＳＧＡ－ＳＩＮ, title=アジア国債・公債ＥＴＦ（正式名称：ＡＢＦ汎アジア債券インデックス・ファンド）に関する日々の開示事項
[21:50:02] [API] skip_reason=instrument_excluded, code=15574, name=Ｅ－ＳＳＧＡＴＣ, title=State Street SPDR S&amp;P500 ETFに関する日々の開示事項
[21:50:02] [API] skip_reason=instrument_excluded, code=20704, name=Ｎ－三菱ＵＦＪ証ＨＤ, title=上場ETN（発行者：三菱UFJ証券ホールディングス株式会社）に関する日々の開示事項
[21:50:02] [API] skip_reason=instrument_excluded, code=2628, name=ｉＦ中国科創板５０, title=上場投資信託（ETF）の投資信託約款変更のお知らせ
[21:50:02] [API] skip_reason=instrument_excluded, code=2629, name=ｉＦ中国ＧＢＡ１００, title=上場投資信託（ETF）の投資信託約款変更のお知らせ
[21:50:02] [API] skip_reason=instrument_excluded, code=16724, name=Ｅ－ＷｉｓｄｏｍＴｒ, title=上場ETF（管理会社：WisdomTree、外国投資法人：MSL）に関する日々の開示事項　
[21:50:02] [API] skip_reason=instrument_excluded, code=16724, name=Ｅ－ＷｉｓｄｏｍＴｒ, title=上場ETF（管理会社：WisdomTree、外国投資法人：CSL）に関する日々の開示事項　
[21:50:02] [API] skip_reason=instrument_excluded, code=16714, name=Ｅ－シンプレクス, title=上場ＥＴＦ(管理会社：シンプレクス・アセット・マネジメント)に関する日々の開示事項
[21:50:02] [API] skip_reason=instrument_excluded, code=13294, name=Ｅ－ブラックロック, title=上場ETF（管理会社：ブラックロック・ジャパン）に関する日々の開示事項
[21:50:02] [API] instrument_skipped_count=9
[21:50:02] [API] fetched_count=113, filtered_count=37, forecast_revision_count=11, financial_statement_count=26
[21:50:02] [API] new_count=20 already_processed=17 already_processed_financial_statement=17 new_financial_statement=9
[21:50:02] [API] already_processed_tickers=1433,215A,2294,3246,3955,4287,4422,4934,5075,5134,6387,6778,7095,2198,6184,6535,6696
[21:50:02] [INGEST] run=ingest-177a801a new_items=20 target_statements=9 non_target=11 (forecast_revision=11, other=0)
[21:50:02] [DL] 既にダウンロード済み: data\docs\140120260312580477.pdf
[21:50:02] [抽出] SKIP_PDF_NOT_TANSHIN: title=2026年4月期 第1四半期決算説明資料
[21:50:02] [INGEST] doc_id=605bfd889b04d93a status=skipped_not_tanshin title=2026年4月期 第1四半期決算説明資料
[21:50:02] [DL] 既にダウンロード済み: data\docs\140120260310578705.pdf
[21:50:02] [抽出] SKIP_PDF_NOT_TANSHIN: title=2026年７月期　第２四半期決算補足説明資料
[21:50:02] [INGEST] doc_id=2d4c82964969397a status=skipped_not_tanshin title=2026年７月期　第２四半期決算補足説明資料
[21:50:02] [DL] 既にダウンロード済み: data\docs\140120260312580527.pdf
[21:50:02] [抽出] SKIP_PDF_NOT_TANSHIN: title=2026年７月期第２四半期決算説明資料
[21:50:02] [INGEST] doc_id=49a1f89c3bfeb3d4 status=skipped_not_tanshin title=2026年７月期第２四半期決算説明資料
[21:50:02] [DL] 既にダウンロード済み: data\docs\140120260309578590.pdf
[21:50:02] [抽出] SKIP_PDF_NOT_TANSHIN: title=2026年10月期 第１四半期決算説明資料
[21:50:02] [INGEST] doc_id=4f6b64f6c6ad98a6 status=skipped_not_tanshin title=2026年10月期 第１四半期決算説明資料
[21:50:02] [DL] 既にダウンロード済み: data\docs\140120260312580521.pdf
[21:50:02] [抽出] SKIP_PDF_NOT_TANSHIN: title=2026年４月期 第３四半期 決算説明資料
[21:50:02] [INGEST] doc_id=d9046edfa776c148 status=skipped_not_tanshin title=2026年４月期 第３四半期 決算説明資料
[21:50:02] [DL] 既にダウンロード済み: data\docs\140120260311579709.pdf
[21:50:02] [抽出] SKIP_PDF_NOT_TANSHIN: title=2026年10月期第1四半期 決算説明資料
[21:50:02] [INGEST] doc_id=c557b9255644fb0f status=skipped_not_tanshin title=2026年10月期第1四半期 決算説明資料
[21:50:02] [DL] 既にダウンロード済み: data\docs\140120260311580112.pdf
[21:50:02] [抽出] SKIP_PDF_NOT_TANSHIN: title=2026年10月期　第1四半期決算（補足資料）
[21:50:02] [INGEST] doc_id=18ecb4c90e668406 status=skipped_not_tanshin title=2026年10月期　第1四半期決算（補足資料）
[21:50:02] [DL] 既にダウンロード済み: data\docs\140120260311579677.pdf
[21:50:02] [抽出] SKIP_PDF_NOT_TANSHIN: title=2026年７月期 第２四半期決算説明資料
[21:50:02] [INGEST] doc_id=f47cea3ce6a2cd77 status=skipped_not_tanshin title=2026年７月期 第２四半期決算説明資料
[21:50:02] [DL] 既にダウンロード済み: data\docs\140120260312580388.pdf
[21:50:02] [抽出] SKIP_PDF_NOT_TANSHIN: title=2026年１月期 通期決算説明資料
[21:50:02] [INGEST] doc_id=182601b5441f1a80 status=skipped_not_tanshin title=2026年１月期 通期決算説明資料
[21:50:02] [INGEST] run=ingest-177a801a processed=9 success=0 skipped=9 error=0 (tanshin=9) SKIP_NOT_TANSHIN_TITLE=9
[21:50:02] [filings_ingest] done total=9 success=0 errors=0
[21:50:02] [pipeline_run] finished: ingest status=done elapsed=1.2s id=91 processed=9 success=0 failed=0
[2026/03/12 21:50:03.01] Finished (exit=0) 
[2026/03/12 22:00:01.30] Starting ingest 
[22:00:01] [db] config: write_key_type=service_role read_key_type=service_role
[22:00:01] [pipeline_run] started: ingest (id=92, trigger=scheduler)
[22:00:01] [filings_ingest] start dry_run=False company_code=ALL
[22:00:01] [API] yanoshin.jp APIから取得中: https://webapi.yanoshin.jp/webapi/tdnet/list/today.json
[22:00:02] [API] detected_schema=items, raw_items_count=113
[22:00:02] [API] first_item_preview: id=d508b05270fa..., pubdate=2026-03-12 15:40:00, title=株主優待品目の拡充に関するお知らせ, code=6676
[22:00:02] [API] fetched_count=113
[22:00:02] [API] skip_reason=instrument_excluded, code=13494, name=Ｅ－ＳＳＧＡ－ＳＩＮ, title=アジア国債・公債ＥＴＦ（正式名称：ＡＢＦ汎アジア債券インデックス・ファンド）に関する日々の開示事項
[22:00:02] [API] skip_reason=instrument_excluded, code=15574, name=Ｅ－ＳＳＧＡＴＣ, title=State Street SPDR S&amp;P500 ETFに関する日々の開示事項
[22:00:02] [API] skip_reason=instrument_excluded, code=20704, name=Ｎ－三菱ＵＦＪ証ＨＤ, title=上場ETN（発行者：三菱UFJ証券ホールディングス株式会社）に関する日々の開示事項
[22:00:02] [API] skip_reason=instrument_excluded, code=2628, name=ｉＦ中国科創板５０, title=上場投資信託（ETF）の投資信託約款変更のお知らせ
[22:00:02] [API] skip_reason=instrument_excluded, code=2629, name=ｉＦ中国ＧＢＡ１００, title=上場投資信託（ETF）の投資信託約款変更のお知らせ
[22:00:02] [API] skip_reason=instrument_excluded, code=16724, name=Ｅ－ＷｉｓｄｏｍＴｒ, title=上場ETF（管理会社：WisdomTree、外国投資法人：MSL）に関する日々の開示事項　
[22:00:02] [API] skip_reason=instrument_excluded, code=16724, name=Ｅ－ＷｉｓｄｏｍＴｒ, title=上場ETF（管理会社：WisdomTree、外国投資法人：CSL）に関する日々の開示事項　
[22:00:02] [API] skip_reason=instrument_excluded, code=16714, name=Ｅ－シンプレクス, title=上場ＥＴＦ(管理会社：シンプレクス・アセット・マネジメント)に関する日々の開示事項
[22:00:02] [API] skip_reason=instrument_excluded, code=13294, name=Ｅ－ブラックロック, title=上場ETF（管理会社：ブラックロック・ジャパン）に関する日々の開示事項
[22:00:02] [API] instrument_skipped_count=9
[22:00:02] [API] fetched_count=113, filtered_count=37, forecast_revision_count=11, financial_statement_count=26
[22:00:02] [API] new_count=20 already_processed=17 already_processed_financial_statement=17 new_financial_statement=9
[22:00:02] [API] already_processed_tickers=1433,215A,2294,3246,3955,4287,4422,4934,5075,5134,6387,6778,7095,2198,6184,6535,6696
[22:00:02] [INGEST] run=ingest-bc63bda6 new_items=20 target_statements=9 non_target=11 (forecast_revision=11, other=0)
[22:00:02] [DL] 既にダウンロード済み: data\docs\140120260312580477.pdf
[22:00:02] [抽出] SKIP_PDF_NOT_TANSHIN: title=2026年4月期 第1四半期決算説明資料
[22:00:02] [INGEST] doc_id=605bfd889b04d93a status=skipped_not_tanshin title=2026年4月期 第1四半期決算説明資料
[22:00:02] [DL] 既にダウンロード済み: data\docs\140120260310578705.pdf
[22:00:02] [抽出] SKIP_PDF_NOT_TANSHIN: title=2026年７月期　第２四半期決算補足説明資料
[22:00:02] [INGEST] doc_id=2d4c82964969397a status=skipped_not_tanshin title=2026年７月期　第２四半期決算補足説明資料
[22:00:02] [DL] 既にダウンロード済み: data\docs\140120260312580527.pdf
[22:00:02] [抽出] SKIP_PDF_NOT_TANSHIN: title=2026年７月期第２四半期決算説明資料
[22:00:02] [INGEST] doc_id=49a1f89c3bfeb3d4 status=skipped_not_tanshin title=2026年７月期第２四半期決算説明資料
[22:00:02] [DL] 既にダウンロード済み: data\docs\140120260309578590.pdf
[22:00:02] [抽出] SKIP_PDF_NOT_TANSHIN: title=2026年10月期 第１四半期決算説明資料
[22:00:02] [INGEST] doc_id=4f6b64f6c6ad98a6 status=skipped_not_tanshin title=2026年10月期 第１四半期決算説明資料
[22:00:02] [DL] 既にダウンロード済み: data\docs\140120260312580521.pdf
[22:00:02] [抽出] SKIP_PDF_NOT_TANSHIN: title=2026年４月期 第３四半期 決算説明資料
[22:00:02] [INGEST] doc_id=d9046edfa776c148 status=skipped_not_tanshin title=2026年４月期 第３四半期 決算説明資料
[22:00:02] [DL] 既にダウンロード済み: data\docs\140120260311579709.pdf
[22:00:02] [抽出] SKIP_PDF_NOT_TANSHIN: title=2026年10月期第1四半期 決算説明資料
[22:00:02] [INGEST] doc_id=c557b9255644fb0f status=skipped_not_tanshin title=2026年10月期第1四半期 決算説明資料
[22:00:02] [DL] 既にダウンロード済み: data\docs\140120260311580112.pdf
[22:00:02] [抽出] SKIP_PDF_NOT_TANSHIN: title=2026年10月期　第1四半期決算（補足資料）
[22:00:02] [INGEST] doc_id=18ecb4c90e668406 status=skipped_not_tanshin title=2026年10月期　第1四半期決算（補足資料）
[22:00:02] [DL] 既にダウンロード済み: data\docs\140120260311579677.pdf
[22:00:02] [抽出] SKIP_PDF_NOT_TANSHIN: title=2026年７月期 第２四半期決算説明資料
[22:00:02] [INGEST] doc_id=f47cea3ce6a2cd77 status=skipped_not_tanshin title=2026年７月期 第２四半期決算説明資料
[22:00:02] [DL] 既にダウンロード済み: data\docs\140120260312580388.pdf
[22:00:02] [抽出] SKIP_PDF_NOT_TANSHIN: title=2026年１月期 通期決算説明資料
[22:00:02] [INGEST] doc_id=182601b5441f1a80 status=skipped_not_tanshin title=2026年１月期 通期決算説明資料
[22:00:02] [INGEST] run=ingest-bc63bda6 processed=9 success=0 skipped=9 error=0 (tanshin=9) SKIP_NOT_TANSHIN_TITLE=9
[22:00:02] [filings_ingest] done total=9 success=0 errors=0
[22:00:02] [pipeline_run] finished: ingest status=done elapsed=1.1s id=92 processed=9 success=0 failed=0
[2026/03/12 22:00:03.02] Finished (exit=0) 
[2026/03/12 22:10:01.31] Starting ingest 
[22:10:01] [db] config: write_key_type=service_role read_key_type=service_role
[22:10:01] [pipeline_run] started: ingest (id=93, trigger=scheduler)
[22:10:02] [filings_ingest] start dry_run=False company_code=ALL
[22:10:02] [API] yanoshin.jp APIから取得中: https://webapi.yanoshin.jp/webapi/tdnet/list/today.json
[22:10:02] [API] detected_schema=items, raw_items_count=113
[22:10:02] [API] first_item_preview: id=d508b05270fa..., pubdate=2026-03-12 15:40:00, title=株主優待品目の拡充に関するお知らせ, code=6676
[22:10:02] [API] fetched_count=113
[22:10:02] [API] skip_reason=instrument_excluded, code=13494, name=Ｅ－ＳＳＧＡ－ＳＩＮ, title=アジア国債・公債ＥＴＦ（正式名称：ＡＢＦ汎アジア債券インデックス・ファンド）に関する日々の開示事項
[22:10:02] [API] skip_reason=instrument_excluded, code=15574, name=Ｅ－ＳＳＧＡＴＣ, title=State Street SPDR S&amp;P500 ETFに関する日々の開示事項
[22:10:02] [API] skip_reason=instrument_excluded, code=20704, name=Ｎ－三菱ＵＦＪ証ＨＤ, title=上場ETN（発行者：三菱UFJ証券ホールディングス株式会社）に関する日々の開示事項
[22:10:02] [API] skip_reason=instrument_excluded, code=2628, name=ｉＦ中国科創板５０, title=上場投資信託（ETF）の投資信託約款変更のお知らせ
[22:10:02] [API] skip_reason=instrument_excluded, code=2629, name=ｉＦ中国ＧＢＡ１００, title=上場投資信託（ETF）の投資信託約款変更のお知らせ
[22:10:02] [API] skip_reason=instrument_excluded, code=16724, name=Ｅ－ＷｉｓｄｏｍＴｒ, title=上場ETF（管理会社：WisdomTree、外国投資法人：MSL）に関する日々の開示事項　
[22:10:02] [API] skip_reason=instrument_excluded, code=16724, name=Ｅ－ＷｉｓｄｏｍＴｒ, title=上場ETF（管理会社：WisdomTree、外国投資法人：CSL）に関する日々の開示事項　
[22:10:02] [API] skip_reason=instrument_excluded, code=16714, name=Ｅ－シンプレクス, title=上場ＥＴＦ(管理会社：シンプレクス・アセット・マネジメント)に関する日々の開示事項
[22:10:02] [API] skip_reason=instrument_excluded, code=13294, name=Ｅ－ブラックロック, title=上場ETF（管理会社：ブラックロック・ジャパン）に関する日々の開示事項
[22:10:02] [API] instrument_skipped_count=9
[22:10:02] [API] fetched_count=113, filtered_count=37, forecast_revision_count=11, financial_statement_count=26
[22:10:02] [API] new_count=20 already_processed=17 already_processed_financial_statement=17 new_financial_statement=9
[22:10:02] [API] already_processed_tickers=1433,215A,2294,3246,3955,4287,4422,4934,5075,5134,6387,6778,7095,2198,6184,6535,6696
[22:10:02] [INGEST] run=ingest-53f04e56 new_items=20 target_statements=9 non_target=11 (forecast_revision=11, other=0)
[22:10:02] [DL] 既にダウンロード済み: data\docs\140120260312580477.pdf
[22:10:02] [抽出] SKIP_PDF_NOT_TANSHIN: title=2026年4月期 第1四半期決算説明資料
[22:10:02] [INGEST] doc_id=605bfd889b04d93a status=skipped_not_tanshin title=2026年4月期 第1四半期決算説明資料
[22:10:02] [DL] 既にダウンロード済み: data\docs\140120260310578705.pdf
[22:10:02] [抽出] SKIP_PDF_NOT_TANSHIN: title=2026年７月期　第２四半期決算補足説明資料
[22:10:02] [INGEST] doc_id=2d4c82964969397a status=skipped_not_tanshin title=2026年７月期　第２四半期決算補足説明資料
[22:10:02] [DL] 既にダウンロード済み: data\docs\140120260312580527.pdf
[22:10:02] [抽出] SKIP_PDF_NOT_TANSHIN: title=2026年７月期第２四半期決算説明資料
[22:10:02] [INGEST] doc_id=49a1f89c3bfeb3d4 status=skipped_not_tanshin title=2026年７月期第２四半期決算説明資料
[22:10:02] [DL] 既にダウンロード済み: data\docs\140120260309578590.pdf
[22:10:02] [抽出] SKIP_PDF_NOT_TANSHIN: title=2026年10月期 第１四半期決算説明資料
[22:10:02] [INGEST] doc_id=4f6b64f6c6ad98a6 status=skipped_not_tanshin title=2026年10月期 第１四半期決算説明資料
[22:10:02] [DL] 既にダウンロード済み: data\docs\140120260312580521.pdf
[22:10:02] [抽出] SKIP_PDF_NOT_TANSHIN: title=2026年４月期 第３四半期 決算説明資料
[22:10:02] [INGEST] doc_id=d9046edfa776c148 status=skipped_not_tanshin title=2026年４月期 第３四半期 決算説明資料
[22:10:02] [DL] 既にダウンロード済み: data\docs\140120260311579709.pdf
[22:10:02] [抽出] SKIP_PDF_NOT_TANSHIN: title=2026年10月期第1四半期 決算説明資料
[22:10:02] [INGEST] doc_id=c557b9255644fb0f status=skipped_not_tanshin title=2026年10月期第1四半期 決算説明資料
[22:10:02] [DL] 既にダウンロード済み: data\docs\140120260311580112.pdf
[22:10:02] [抽出] SKIP_PDF_NOT_TANSHIN: title=2026年10月期　第1四半期決算（補足資料）
[22:10:02] [INGEST] doc_id=18ecb4c90e668406 status=skipped_not_tanshin title=2026年10月期　第1四半期決算（補足資料）
[22:10:02] [DL] 既にダウンロード済み: data\docs\140120260311579677.pdf
[22:10:02] [抽出] SKIP_PDF_NOT_TANSHIN: title=2026年７月期 第２四半期決算説明資料
[22:10:02] [INGEST] doc_id=f47cea3ce6a2cd77 status=skipped_not_tanshin title=2026年７月期 第２四半期決算説明資料
[22:10:02] [DL] 既にダウンロード済み: data\docs\140120260312580388.pdf
[22:10:02] [抽出] SKIP_PDF_NOT_TANSHIN: title=2026年１月期 通期決算説明資料
[22:10:02] [INGEST] doc_id=182601b5441f1a80 status=skipped_not_tanshin title=2026年１月期 通期決算説明資料
[22:10:02] [INGEST] run=ingest-53f04e56 processed=9 success=0 skipped=9 error=0 (tanshin=9) SKIP_NOT_TANSHIN_TITLE=9
[22:10:02] [filings_ingest] done total=9 success=0 errors=0
[22:10:02] [pipeline_run] finished: ingest status=done elapsed=1.1s id=93 processed=9 success=0 failed=0
[2026/03/12 22:10:02.98] Finished (exit=0) 
[2026/03/12 22:20:01.31] Starting ingest 
[22:20:01] [db] config: write_key_type=service_role read_key_type=service_role
[22:20:01] [pipeline_run] started: ingest (id=101, trigger=scheduler)
[22:20:01] [filings_ingest] start dry_run=False company_code=ALL
[22:20:01] [API] yanoshin.jp APIから取得中: https://webapi.yanoshin.jp/webapi/tdnet/list/today.json
[22:20:02] [API] detected_schema=items, raw_items_count=113
[22:20:02] [API] first_item_preview: id=d508b05270fa..., pubdate=2026-03-12 15:40:00, title=株主優待品目の拡充に関するお知らせ, code=6676
[22:20:02] [API] fetched_count=113
[22:20:02] [API] skip_reason=instrument_excluded, code=13494, name=Ｅ－ＳＳＧＡ－ＳＩＮ, title=アジア国債・公債ＥＴＦ（正式名称：ＡＢＦ汎アジア債券インデックス・ファンド）に関する日々の開示事項
[22:20:02] [API] skip_reason=instrument_excluded, code=15574, name=Ｅ－ＳＳＧＡＴＣ, title=State Street SPDR S&amp;P500 ETFに関する日々の開示事項
[22:20:02] [API] skip_reason=instrument_excluded, code=20704, name=Ｎ－三菱ＵＦＪ証ＨＤ, title=上場ETN（発行者：三菱UFJ証券ホールディングス株式会社）に関する日々の開示事項
[22:20:02] [API] skip_reason=instrument_excluded, code=2628, name=ｉＦ中国科創板５０, title=上場投資信託（ETF）の投資信託約款変更のお知らせ
[22:20:02] [API] skip_reason=instrument_excluded, code=2629, name=ｉＦ中国ＧＢＡ１００, title=上場投資信託（ETF）の投資信託約款変更のお知らせ
[22:20:02] [API] skip_reason=instrument_excluded, code=16724, name=Ｅ－ＷｉｓｄｏｍＴｒ, title=上場ETF（管理会社：WisdomTree、外国投資法人：MSL）に関する日々の開示事項　
[22:20:02] [API] skip_reason=instrument_excluded, code=16724, name=Ｅ－ＷｉｓｄｏｍＴｒ, title=上場ETF（管理会社：WisdomTree、外国投資法人：CSL）に関する日々の開示事項　
[22:20:02] [API] skip_reason=instrument_excluded, code=16714, name=Ｅ－シンプレクス, title=上場ＥＴＦ(管理会社：シンプレクス・アセット・マネジメント)に関する日々の開示事項
[22:20:02] [API] skip_reason=instrument_excluded, code=13294, name=Ｅ－ブラックロック, title=上場ETF（管理会社：ブラックロック・ジャパン）に関する日々の開示事項
[22:20:02] [API] instrument_skipped_count=9
[22:20:02] [API] fetched_count=113, filtered_count=37, forecast_revision_count=11, financial_statement_count=26
[22:20:02] [API] new_count=20 already_processed=17 already_processed_financial_statement=17 new_financial_statement=9
[22:20:02] [API] already_processed_tickers=1433,215A,2294,3246,3955,4287,4422,4934,5075,5134,6387,6778,7095,2198,6184,6535,6696
[22:20:02] [INGEST] run=ingest-812d67f8 new_items=20 target_statements=9 non_target=11 (forecast_revision=11, other=0)
[22:20:02] [DL] 既にダウンロード済み: data\docs\140120260312580477.pdf
[22:20:02] [抽出] SKIP_PDF_NOT_TANSHIN: title=2026年4月期 第1四半期決算説明資料
[22:20:02] [INGEST] doc_id=605bfd889b04d93a status=skipped_not_tanshin title=2026年4月期 第1四半期決算説明資料
[22:20:02] [DL] 既にダウンロード済み: data\docs\140120260310578705.pdf
[22:20:02] [抽出] SKIP_PDF_NOT_TANSHIN: title=2026年７月期　第２四半期決算補足説明資料
[22:20:02] [INGEST] doc_id=2d4c82964969397a status=skipped_not_tanshin title=2026年７月期　第２四半期決算補足説明資料
[22:20:02] [DL] 既にダウンロード済み: data\docs\140120260312580527.pdf
[22:20:02] [抽出] SKIP_PDF_NOT_TANSHIN: title=2026年７月期第２四半期決算説明資料
[22:20:02] [INGEST] doc_id=49a1f89c3bfeb3d4 status=skipped_not_tanshin title=2026年７月期第２四半期決算説明資料
[22:20:02] [DL] 既にダウンロード済み: data\docs\140120260309578590.pdf
[22:20:02] [抽出] SKIP_PDF_NOT_TANSHIN: title=2026年10月期 第１四半期決算説明資料
[22:20:02] [INGEST] doc_id=4f6b64f6c6ad98a6 status=skipped_not_tanshin title=2026年10月期 第１四半期決算説明資料
[22:20:02] [DL] 既にダウンロード済み: data\docs\140120260312580521.pdf
[22:20:02] [抽出] SKIP_PDF_NOT_TANSHIN: title=2026年４月期 第３四半期 決算説明資料
[22:20:02] [INGEST] doc_id=d9046edfa776c148 status=skipped_not_tanshin title=2026年４月期 第３四半期 決算説明資料
[22:20:02] [DL] 既にダウンロード済み: data\docs\140120260311579709.pdf
[22:20:02] [抽出] SKIP_PDF_NOT_TANSHIN: title=2026年10月期第1四半期 決算説明資料
[22:20:02] [INGEST] doc_id=c557b9255644fb0f status=skipped_not_tanshin title=2026年10月期第1四半期 決算説明資料
[22:20:02] [DL] 既にダウンロード済み: data\docs\140120260311580112.pdf
[22:20:02] [抽出] SKIP_PDF_NOT_TANSHIN: title=2026年10月期　第1四半期決算（補足資料）
[22:20:02] [INGEST] doc_id=18ecb4c90e668406 status=skipped_not_tanshin title=2026年10月期　第1四半期決算（補足資料）
[22:20:02] [DL] 既にダウンロード済み: data\docs\140120260311579677.pdf
[22:20:02] [抽出] SKIP_PDF_NOT_TANSHIN: title=2026年７月期 第２四半期決算説明資料
[22:20:02] [INGEST] doc_id=f47cea3ce6a2cd77 status=skipped_not_tanshin title=2026年７月期 第２四半期決算説明資料
[22:20:02] [DL] 既にダウンロード済み: data\docs\140120260312580388.pdf
[22:20:02] [抽出] SKIP_PDF_NOT_TANSHIN: title=2026年１月期 通期決算説明資料
[22:20:02] [INGEST] doc_id=182601b5441f1a80 status=skipped_not_tanshin title=2026年１月期 通期決算説明資料
[22:20:02] [INGEST] run=ingest-812d67f8 processed=9 success=0 skipped=9 error=0 (tanshin=9) SKIP_NOT_TANSHIN_TITLE=9
[22:20:02] [filings_ingest] done total=9 success=0 errors=0
[22:20:02] [pipeline_run] finished: ingest status=done elapsed=1.1s id=101 processed=9 success=0 failed=0
[2026/03/12 22:20:02.86] Finished (exit=0) 
[2026/03/12 22:30:01.33] Starting ingest 
[22:30:01] [db] config: write_key_type=service_role read_key_type=service_role
[22:30:02] [pipeline_run] started: ingest (id=102, trigger=scheduler)
[22:30:02] [filings_ingest] start dry_run=False company_code=ALL
[22:30:02] [API] yanoshin.jp APIから取得中: https://webapi.yanoshin.jp/webapi/tdnet/list/today.json
[22:30:02] [API] detected_schema=items, raw_items_count=113
[22:30:02] [API] first_item_preview: id=d508b05270fa..., pubdate=2026-03-12 15:40:00, title=株主優待品目の拡充に関するお知らせ, code=6676
[22:30:02] [API] fetched_count=113
[22:30:02] [API] skip_reason=instrument_excluded, code=13494, name=Ｅ－ＳＳＧＡ－ＳＩＮ, title=アジア国債・公債ＥＴＦ（正式名称：ＡＢＦ汎アジア債券インデックス・ファンド）に関する日々の開示事項
[22:30:02] [API] skip_reason=instrument_excluded, code=15574, name=Ｅ－ＳＳＧＡＴＣ, title=State Street SPDR S&amp;P500 ETFに関する日々の開示事項
[22:30:02] [API] skip_reason=instrument_excluded, code=20704, name=Ｎ－三菱ＵＦＪ証ＨＤ, title=上場ETN（発行者：三菱UFJ証券ホールディングス株式会社）に関する日々の開示事項
[22:30:02] [API] skip_reason=instrument_excluded, code=2628, name=ｉＦ中国科創板５０, title=上場投資信託（ETF）の投資信託約款変更のお知らせ
[22:30:02] [API] skip_reason=instrument_excluded, code=2629, name=ｉＦ中国ＧＢＡ１００, title=上場投資信託（ETF）の投資信託約款変更のお知らせ
[22:30:02] [API] skip_reason=instrument_excluded, code=16724, name=Ｅ－ＷｉｓｄｏｍＴｒ, title=上場ETF（管理会社：WisdomTree、外国投資法人：MSL）に関する日々の開示事項　
[22:30:02] [API] skip_reason=instrument_excluded, code=16724, name=Ｅ－ＷｉｓｄｏｍＴｒ, title=上場ETF（管理会社：WisdomTree、外国投資法人：CSL）に関する日々の開示事項　
[22:30:02] [API] skip_reason=instrument_excluded, code=16714, name=Ｅ－シンプレクス, title=上場ＥＴＦ(管理会社：シンプレクス・アセット・マネジメント)に関する日々の開示事項
[22:30:02] [API] skip_reason=instrument_excluded, code=13294, name=Ｅ－ブラックロック, title=上場ETF（管理会社：ブラックロック・ジャパン）に関する日々の開示事項
[22:30:02] [API] instrument_skipped_count=9
[22:30:02] [API] fetched_count=113, filtered_count=37, forecast_revision_count=11, financial_statement_count=26
[22:30:02] [API] new_count=20 already_processed=17 already_processed_financial_statement=17 new_financial_statement=9
[22:30:02] [API] already_processed_tickers=1433,215A,2294,3246,3955,4287,4422,4934,5075,5134,6387,6778,7095,2198,6184,6535,6696
[22:30:02] [INGEST] run=ingest-a1b96603 new_items=20 target_statements=9 non_target=11 (forecast_revision=11, other=0)
[22:30:02] [DL] 既にダウンロード済み: data\docs\140120260312580477.pdf
[22:30:02] [抽出] SKIP_PDF_NOT_TANSHIN: title=2026年4月期 第1四半期決算説明資料
[22:30:02] [INGEST] doc_id=605bfd889b04d93a status=skipped_not_tanshin title=2026年4月期 第1四半期決算説明資料
[22:30:02] [DL] 既にダウンロード済み: data\docs\140120260310578705.pdf
[22:30:02] [抽出] SKIP_PDF_NOT_TANSHIN: title=2026年７月期　第２四半期決算補足説明資料
[22:30:02] [INGEST] doc_id=2d4c82964969397a status=skipped_not_tanshin title=2026年７月期　第２四半期決算補足説明資料
[22:30:02] [DL] 既にダウンロード済み: data\docs\140120260312580527.pdf
[22:30:02] [抽出] SKIP_PDF_NOT_TANSHIN: title=2026年７月期第２四半期決算説明資料
[22:30:02] [INGEST] doc_id=49a1f89c3bfeb3d4 status=skipped_not_tanshin title=2026年７月期第２四半期決算説明資料
[22:30:02] [DL] 既にダウンロード済み: data\docs\140120260309578590.pdf
[22:30:02] [抽出] SKIP_PDF_NOT_TANSHIN: title=2026年10月期 第１四半期決算説明資料
[22:30:02] [INGEST] doc_id=4f6b64f6c6ad98a6 status=skipped_not_tanshin title=2026年10月期 第１四半期決算説明資料
[22:30:02] [DL] 既にダウンロード済み: data\docs\140120260312580521.pdf
[22:30:02] [抽出] SKIP_PDF_NOT_TANSHIN: title=2026年４月期 第３四半期 決算説明資料
[22:30:02] [INGEST] doc_id=d9046edfa776c148 status=skipped_not_tanshin title=2026年４月期 第３四半期 決算説明資料
[22:30:02] [DL] 既にダウンロード済み: data\docs\140120260311579709.pdf
[22:30:02] [抽出] SKIP_PDF_NOT_TANSHIN: title=2026年10月期第1四半期 決算説明資料
[22:30:02] [INGEST] doc_id=c557b9255644fb0f status=skipped_not_tanshin title=2026年10月期第1四半期 決算説明資料
[22:30:02] [DL] 既にダウンロード済み: data\docs\140120260311580112.pdf
[22:30:02] [抽出] SKIP_PDF_NOT_TANSHIN: title=2026年10月期　第1四半期決算（補足資料）
[22:30:02] [INGEST] doc_id=18ecb4c90e668406 status=skipped_not_tanshin title=2026年10月期　第1四半期決算（補足資料）
[22:30:02] [DL] 既にダウンロード済み: data\docs\140120260311579677.pdf
[22:30:03] [抽出] SKIP_PDF_NOT_TANSHIN: title=2026年７月期 第２四半期決算説明資料
[22:30:03] [INGEST] doc_id=f47cea3ce6a2cd77 status=skipped_not_tanshin title=2026年７月期 第２四半期決算説明資料
[22:30:03] [DL] 既にダウンロード済み: data\docs\140120260312580388.pdf
[22:30:03] [抽出] SKIP_PDF_NOT_TANSHIN: title=2026年１月期 通期決算説明資料
[22:30:03] [INGEST] doc_id=182601b5441f1a80 status=skipped_not_tanshin title=2026年１月期 通期決算説明資料
[22:30:03] [INGEST] run=ingest-a1b96603 processed=9 success=0 skipped=9 error=0 (tanshin=9) SKIP_NOT_TANSHIN_TITLE=9
[22:30:03] [filings_ingest] done total=9 success=0 errors=0
[22:30:03] [pipeline_run] finished: ingest status=done elapsed=1.3s id=102 processed=9 success=0 failed=0
[2026/03/12 22:30:03.22] Finished (exit=0) 
[2026/03/12 22:40:01.31] Starting ingest 
[22:40:01] [db] config: write_key_type=service_role read_key_type=service_role
[22:40:01] [pipeline_run] started: ingest (id=103, trigger=scheduler)
[22:40:01] [filings_ingest] start dry_run=False company_code=ALL
[22:40:01] [API] yanoshin.jp APIから取得中: https://webapi.yanoshin.jp/webapi/tdnet/list/today.json
[22:40:02] [API] detected_schema=items, raw_items_count=113
[22:40:02] [API] first_item_preview: id=d508b05270fa..., pubdate=2026-03-12 15:40:00, title=株主優待品目の拡充に関するお知らせ, code=6676
[22:40:02] [API] fetched_count=113
[22:40:02] [API] skip_reason=instrument_excluded, code=13494, name=Ｅ－ＳＳＧＡ－ＳＩＮ, title=アジア国債・公債ＥＴＦ（正式名称：ＡＢＦ汎アジア債券インデックス・ファンド）に関する日々の開示事項
[22:40:02] [API] skip_reason=instrument_excluded, code=15574, name=Ｅ－ＳＳＧＡＴＣ, title=State Street SPDR S&amp;P500 ETFに関する日々の開示事項
[22:40:02] [API] skip_reason=instrument_excluded, code=20704, name=Ｎ－三菱ＵＦＪ証ＨＤ, title=上場ETN（発行者：三菱UFJ証券ホールディングス株式会社）に関する日々の開示事項
[22:40:02] [API] skip_reason=instrument_excluded, code=2628, name=ｉＦ中国科創板５０, title=上場投資信託（ETF）の投資信託約款変更のお知らせ
[22:40:02] [API] skip_reason=instrument_excluded, code=2629, name=ｉＦ中国ＧＢＡ１００, title=上場投資信託（ETF）の投資信託約款変更のお知らせ
[22:40:02] [API] skip_reason=instrument_excluded, code=16724, name=Ｅ－ＷｉｓｄｏｍＴｒ, title=上場ETF（管理会社：WisdomTree、外国投資法人：MSL）に関する日々の開示事項　
[22:40:02] [API] skip_reason=instrument_excluded, code=16724, name=Ｅ－ＷｉｓｄｏｍＴｒ, title=上場ETF（管理会社：WisdomTree、外国投資法人：CSL）に関する日々の開示事項　
[22:40:02] [API] skip_reason=instrument_excluded, code=16714, name=Ｅ－シンプレクス, title=上場ＥＴＦ(管理会社：シンプレクス・アセット・マネジメント)に関する日々の開示事項
[22:40:02] [API] skip_reason=instrument_excluded, code=13294, name=Ｅ－ブラックロック, title=上場ETF（管理会社：ブラックロック・ジャパン）に関する日々の開示事項
[22:40:02] [API] instrument_skipped_count=9
[22:40:02] [API] fetched_count=113, filtered_count=37, forecast_revision_count=11, financial_statement_count=26
[22:40:02] [API] new_count=20 already_processed=17 already_processed_financial_statement=17 new_financial_statement=9
[22:40:02] [API] already_processed_tickers=1433,215A,2294,3246,3955,4287,4422,4934,5075,5134,6387,6778,7095,2198,6184,6535,6696
[22:40:02] [INGEST] run=ingest-bf21efdf new_items=20 target_statements=9 non_target=11 (forecast_revision=11, other=0)
[22:40:02] [DL] 既にダウンロード済み: data\docs\140120260312580477.pdf
[22:40:02] [抽出] SKIP_PDF_NOT_TANSHIN: title=2026年4月期 第1四半期決算説明資料
[22:40:02] [INGEST] doc_id=605bfd889b04d93a status=skipped_not_tanshin title=2026年4月期 第1四半期決算説明資料
[22:40:02] [DL] 既にダウンロード済み: data\docs\140120260310578705.pdf
[22:40:02] [抽出] SKIP_PDF_NOT_TANSHIN: title=2026年７月期　第２四半期決算補足説明資料
[22:40:02] [INGEST] doc_id=2d4c82964969397a status=skipped_not_tanshin title=2026年７月期　第２四半期決算補足説明資料
[22:40:02] [DL] 既にダウンロード済み: data\docs\140120260312580527.pdf
[22:40:02] [抽出] SKIP_PDF_NOT_TANSHIN: title=2026年７月期第２四半期決算説明資料
[22:40:02] [INGEST] doc_id=49a1f89c3bfeb3d4 status=skipped_not_tanshin title=2026年７月期第２四半期決算説明資料
[22:40:02] [DL] 既にダウンロード済み: data\docs\140120260309578590.pdf
[22:40:02] [抽出] SKIP_PDF_NOT_TANSHIN: title=2026年10月期 第１四半期決算説明資料
[22:40:02] [INGEST] doc_id=4f6b64f6c6ad98a6 status=skipped_not_tanshin title=2026年10月期 第１四半期決算説明資料
[22:40:02] [DL] 既にダウンロード済み: data\docs\140120260312580521.pdf
[22:40:02] [抽出] SKIP_PDF_NOT_TANSHIN: title=2026年４月期 第３四半期 決算説明資料
[22:40:02] [INGEST] doc_id=d9046edfa776c148 status=skipped_not_tanshin title=2026年４月期 第３四半期 決算説明資料
[22:40:02] [DL] 既にダウンロード済み: data\docs\140120260311579709.pdf
[22:40:02] [抽出] SKIP_PDF_NOT_TANSHIN: title=2026年10月期第1四半期 決算説明資料
[22:40:02] [INGEST] doc_id=c557b9255644fb0f status=skipped_not_tanshin title=2026年10月期第1四半期 決算説明資料
[22:40:02] [DL] 既にダウンロード済み: data\docs\140120260311580112.pdf
[22:40:02] [抽出] SKIP_PDF_NOT_TANSHIN: title=2026年10月期　第1四半期決算（補足資料）
[22:40:02] [INGEST] doc_id=18ecb4c90e668406 status=skipped_not_tanshin title=2026年10月期　第1四半期決算（補足資料）
[22:40:02] [DL] 既にダウンロード済み: data\docs\140120260311579677.pdf
[22:40:02] [抽出] SKIP_PDF_NOT_TANSHIN: title=2026年７月期 第２四半期決算説明資料
[22:40:02] [INGEST] doc_id=f47cea3ce6a2cd77 status=skipped_not_tanshin title=2026年７月期 第２四半期決算説明資料
[22:40:02] [DL] 既にダウンロード済み: data\docs\140120260312580388.pdf
[22:40:02] [抽出] SKIP_PDF_NOT_TANSHIN: title=2026年１月期 通期決算説明資料
[22:40:02] [INGEST] doc_id=182601b5441f1a80 status=skipped_not_tanshin title=2026年１月期 通期決算説明資料
[22:40:02] [INGEST] run=ingest-bf21efdf processed=9 success=0 skipped=9 error=0 (tanshin=9) SKIP_NOT_TANSHIN_TITLE=9
[22:40:02] [filings_ingest] done total=9 success=0 errors=0
[22:40:02] [pipeline_run] finished: ingest status=done elapsed=1.1s id=103 processed=9 success=0 failed=0
[2026/03/12 22:40:02.91] Finished (exit=0) 
[2026/03/12 22:50:01.34] Starting ingest 
[22:50:01] [db] config: write_key_type=service_role read_key_type=service_role
[22:50:01] [pipeline_run] started: ingest (id=104, trigger=scheduler)
[22:50:01] [filings_ingest] start dry_run=False company_code=ALL
[22:50:01] [API] yanoshin.jp APIから取得中: https://webapi.yanoshin.jp/webapi/tdnet/list/today.json
[22:50:02] [API] detected_schema=items, raw_items_count=113
[22:50:02] [API] first_item_preview: id=d508b05270fa..., pubdate=2026-03-12 15:40:00, title=株主優待品目の拡充に関するお知らせ, code=6676
[22:50:02] [API] fetched_count=113
[22:50:02] [API] skip_reason=instrument_excluded, code=13494, name=Ｅ－ＳＳＧＡ－ＳＩＮ, title=アジア国債・公債ＥＴＦ（正式名称：ＡＢＦ汎アジア債券インデックス・ファンド）に関する日々の開示事項
[22:50:02] [API] skip_reason=instrument_excluded, code=15574, name=Ｅ－ＳＳＧＡＴＣ, title=State Street SPDR S&amp;P500 ETFに関する日々の開示事項
[22:50:02] [API] skip_reason=instrument_excluded, code=20704, name=Ｎ－三菱ＵＦＪ証ＨＤ, title=上場ETN（発行者：三菱UFJ証券ホールディングス株式会社）に関する日々の開示事項
[22:50:02] [API] skip_reason=instrument_excluded, code=2628, name=ｉＦ中国科創板５０, title=上場投資信託（ETF）の投資信託約款変更のお知らせ
[22:50:02] [API] skip_reason=instrument_excluded, code=2629, name=ｉＦ中国ＧＢＡ１００, title=上場投資信託（ETF）の投資信託約款変更のお知らせ
[22:50:02] [API] skip_reason=instrument_excluded, code=16724, name=Ｅ－ＷｉｓｄｏｍＴｒ, title=上場ETF（管理会社：WisdomTree、外国投資法人：MSL）に関する日々の開示事項　
[22:50:02] [API] skip_reason=instrument_excluded, code=16724, name=Ｅ－ＷｉｓｄｏｍＴｒ, title=上場ETF（管理会社：WisdomTree、外国投資法人：CSL）に関する日々の開示事項　
[22:50:02] [API] skip_reason=instrument_excluded, code=16714, name=Ｅ－シンプレクス, title=上場ＥＴＦ(管理会社：シンプレクス・アセット・マネジメント)に関する日々の開示事項
[22:50:02] [API] skip_reason=instrument_excluded, code=13294, name=Ｅ－ブラックロック, title=上場ETF（管理会社：ブラックロック・ジャパン）に関する日々の開示事項
[22:50:02] [API] instrument_skipped_count=9
[22:50:02] [API] fetched_count=113, filtered_count=37, forecast_revision_count=11, financial_statement_count=26
[22:50:02] [API] new_count=20 already_processed=17 already_processed_financial_statement=17 new_financial_statement=9
[22:50:02] [API] already_processed_tickers=1433,215A,2294,3246,3955,4287,4422,4934,5075,5134,6387,6778,7095,2198,6184,6535,6696
[22:50:02] [INGEST] run=ingest-5c71b2ac new_items=20 target_statements=9 non_target=11 (forecast_revision=11, other=0)
[22:50:02] [DL] 既にダウンロード済み: data\docs\140120260312580477.pdf
[22:50:02] [抽出] SKIP_PDF_NOT_TANSHIN: title=2026年4月期 第1四半期決算説明資料
[22:50:02] [INGEST] doc_id=605bfd889b04d93a status=skipped_not_tanshin title=2026年4月期 第1四半期決算説明資料
[22:50:02] [DL] 既にダウンロード済み: data\docs\140120260310578705.pdf
[22:50:02] [抽出] SKIP_PDF_NOT_TANSHIN: title=2026年７月期　第２四半期決算補足説明資料
[22:50:02] [INGEST] doc_id=2d4c82964969397a status=skipped_not_tanshin title=2026年７月期　第２四半期決算補足説明資料
[22:50:02] [DL] 既にダウンロード済み: data\docs\140120260312580527.pdf
[22:50:02] [抽出] SKIP_PDF_NOT_TANSHIN: title=2026年７月期第２四半期決算説明資料
[22:50:02] [INGEST] doc_id=49a1f89c3bfeb3d4 status=skipped_not_tanshin title=2026年７月期第２四半期決算説明資料
[22:50:02] [DL] 既にダウンロード済み: data\docs\140120260309578590.pdf
[22:50:02] [抽出] SKIP_PDF_NOT_TANSHIN: title=2026年10月期 第１四半期決算説明資料
[22:50:02] [INGEST] doc_id=4f6b64f6c6ad98a6 status=skipped_not_tanshin title=2026年10月期 第１四半期決算説明資料
[22:50:02] [DL] 既にダウンロード済み: data\docs\140120260312580521.pdf
[22:50:02] [抽出] SKIP_PDF_NOT_TANSHIN: title=2026年４月期 第３四半期 決算説明資料
[22:50:02] [INGEST] doc_id=d9046edfa776c148 status=skipped_not_tanshin title=2026年４月期 第３四半期 決算説明資料
[22:50:02] [DL] 既にダウンロード済み: data\docs\140120260311579709.pdf
[22:50:02] [抽出] SKIP_PDF_NOT_TANSHIN: title=2026年10月期第1四半期 決算説明資料
[22:50:02] [INGEST] doc_id=c557b9255644fb0f status=skipped_not_tanshin title=2026年10月期第1四半期 決算説明資料
[22:50:02] [DL] 既にダウンロード済み: data\docs\140120260311580112.pdf
[22:50:02] [抽出] SKIP_PDF_NOT_TANSHIN: title=2026年10月期　第1四半期決算（補足資料）
[22:50:02] [INGEST] doc_id=18ecb4c90e668406 status=skipped_not_tanshin title=2026年10月期　第1四半期決算（補足資料）
[22:50:02] [DL] 既にダウンロード済み: data\docs\140120260311579677.pdf
[22:50:02] [抽出] SKIP_PDF_NOT_TANSHIN: title=2026年７月期 第２四半期決算説明資料
[22:50:02] [INGEST] doc_id=f47cea3ce6a2cd77 status=skipped_not_tanshin title=2026年７月期 第２四半期決算説明資料
[22:50:02] [DL] 既にダウンロード済み: data\docs\140120260312580388.pdf
[22:50:02] [抽出] SKIP_PDF_NOT_TANSHIN: title=2026年１月期 通期決算説明資料
[22:50:02] [INGEST] doc_id=182601b5441f1a80 status=skipped_not_tanshin title=2026年１月期 通期決算説明資料
[22:50:02] [INGEST] run=ingest-5c71b2ac processed=9 success=0 skipped=9 error=0 (tanshin=9) SKIP_NOT_TANSHIN_TITLE=9
[22:50:02] [filings_ingest] done total=9 success=0 errors=0
[22:50:02] [pipeline_run] finished: ingest status=done elapsed=1.1s id=104 processed=9 success=0 failed=0
[2026/03/12 22:50:02.97] Finished (exit=0) 
[2026/03/12 23:00:01.37] Starting ingest 
[23:00:01] [db] config: write_key_type=service_role read_key_type=service_role
[23:00:01] [pipeline_run] started: ingest (id=105, trigger=scheduler)
[23:00:01] [filings_ingest] start dry_run=False company_code=ALL
[23:00:01] [API] yanoshin.jp APIから取得中: https://webapi.yanoshin.jp/webapi/tdnet/list/today.json
[23:00:02] [API] detected_schema=items, raw_items_count=113
[23:00:02] [API] first_item_preview: id=d508b05270fa..., pubdate=2026-03-12 15:40:00, title=株主優待品目の拡充に関するお知らせ, code=6676
[23:00:02] [API] fetched_count=113
[23:00:02] [API] skip_reason=instrument_excluded, code=13494, name=Ｅ－ＳＳＧＡ－ＳＩＮ, title=アジア国債・公債ＥＴＦ（正式名称：ＡＢＦ汎アジア債券インデックス・ファンド）に関する日々の開示事項
[23:00:02] [API] skip_reason=instrument_excluded, code=15574, name=Ｅ－ＳＳＧＡＴＣ, title=State Street SPDR S&amp;P500 ETFに関する日々の開示事項
[23:00:02] [API] skip_reason=instrument_excluded, code=20704, name=Ｎ－三菱ＵＦＪ証ＨＤ, title=上場ETN（発行者：三菱UFJ証券ホールディングス株式会社）に関する日々の開示事項
[23:00:02] [API] skip_reason=instrument_excluded, code=2628, name=ｉＦ中国科創板５０, title=上場投資信託（ETF）の投資信託約款変更のお知らせ
[23:00:02] [API] skip_reason=instrument_excluded, code=2629, name=ｉＦ中国ＧＢＡ１００, title=上場投資信託（ETF）の投資信託約款変更のお知らせ
[23:00:02] [API] skip_reason=instrument_excluded, code=16724, name=Ｅ－ＷｉｓｄｏｍＴｒ, title=上場ETF（管理会社：WisdomTree、外国投資法人：MSL）に関する日々の開示事項　
[23:00:02] [API] skip_reason=instrument_excluded, code=16724, name=Ｅ－ＷｉｓｄｏｍＴｒ, title=上場ETF（管理会社：WisdomTree、外国投資法人：CSL）に関する日々の開示事項　
[23:00:02] [API] skip_reason=instrument_excluded, code=16714, name=Ｅ－シンプレクス, title=上場ＥＴＦ(管理会社：シンプレクス・アセット・マネジメント)に関する日々の開示事項
[23:00:02] [API] skip_reason=instrument_excluded, code=13294, name=Ｅ－ブラックロック, title=上場ETF（管理会社：ブラックロック・ジャパン）に関する日々の開示事項
[23:00:02] [API] instrument_skipped_count=9
[23:00:02] [API] fetched_count=113, filtered_count=37, forecast_revision_count=11, financial_statement_count=26
[23:00:02] [API] new_count=20 already_processed=17 already_processed_financial_statement=17 new_financial_statement=9
[23:00:02] [API] already_processed_tickers=1433,215A,2294,3246,3955,4287,4422,4934,5075,5134,6387,6778,7095,2198,6184,6535,6696
[23:00:02] [INGEST] run=ingest-ebdb49a6 new_items=20 target_statements=9 non_target=11 (forecast_revision=11, other=0)
[23:00:02] [DL] 既にダウンロード済み: data\docs\140120260312580477.pdf
[23:00:02] [抽出] SKIP_PDF_NOT_TANSHIN: title=2026年4月期 第1四半期決算説明資料
[23:00:02] [INGEST] doc_id=605bfd889b04d93a status=skipped_not_tanshin title=2026年4月期 第1四半期決算説明資料
[23:00:02] [DL] 既にダウンロード済み: data\docs\140120260310578705.pdf
[23:00:02] [抽出] SKIP_PDF_NOT_TANSHIN: title=2026年７月期　第２四半期決算補足説明資料
[23:00:02] [INGEST] doc_id=2d4c82964969397a status=skipped_not_tanshin title=2026年７月期　第２四半期決算補足説明資料
[23:00:02] [DL] 既にダウンロード済み: data\docs\140120260312580527.pdf
[23:00:02] [抽出] SKIP_PDF_NOT_TANSHIN: title=2026年７月期第２四半期決算説明資料
[23:00:02] [INGEST] doc_id=49a1f89c3bfeb3d4 status=skipped_not_tanshin title=2026年７月期第２四半期決算説明資料
[23:00:02] [DL] 既にダウンロード済み: data\docs\140120260309578590.pdf
[23:00:02] [抽出] SKIP_PDF_NOT_TANSHIN: title=2026年10月期 第１四半期決算説明資料
[23:00:02] [INGEST] doc_id=4f6b64f6c6ad98a6 status=skipped_not_tanshin title=2026年10月期 第１四半期決算説明資料
[23:00:02] [DL] 既にダウンロード済み: data\docs\140120260312580521.pdf
[23:00:02] [抽出] SKIP_PDF_NOT_TANSHIN: title=2026年４月期 第３四半期 決算説明資料
[23:00:02] [INGEST] doc_id=d9046edfa776c148 status=skipped_not_tanshin title=2026年４月期 第３四半期 決算説明資料
[23:00:02] [DL] 既にダウンロード済み: data\docs\140120260311579709.pdf
[23:00:02] [抽出] SKIP_PDF_NOT_TANSHIN: title=2026年10月期第1四半期 決算説明資料
[23:00:02] [INGEST] doc_id=c557b9255644fb0f status=skipped_not_tanshin title=2026年10月期第1四半期 決算説明資料
[23:00:02] [DL] 既にダウンロード済み: data\docs\140120260311580112.pdf
[23:00:02] [抽出] SKIP_PDF_NOT_TANSHIN: title=2026年10月期　第1四半期決算（補足資料）
[23:00:02] [INGEST] doc_id=18ecb4c90e668406 status=skipped_not_tanshin title=2026年10月期　第1四半期決算（補足資料）
[23:00:02] [DL] 既にダウンロード済み: data\docs\140120260311579677.pdf
[23:00:02] [抽出] SKIP_PDF_NOT_TANSHIN: title=2026年７月期 第２四半期決算説明資料
[23:00:02] [INGEST] doc_id=f47cea3ce6a2cd77 status=skipped_not_tanshin title=2026年７月期 第２四半期決算説明資料
[23:00:02] [DL] 既にダウンロード済み: data\docs\140120260312580388.pdf
[23:00:02] [抽出] SKIP_PDF_NOT_TANSHIN: title=2026年１月期 通期決算説明資料
[23:00:02] [INGEST] doc_id=182601b5441f1a80 status=skipped_not_tanshin title=2026年１月期 通期決算説明資料
[23:00:02] [INGEST] run=ingest-ebdb49a6 processed=9 success=0 skipped=9 error=0 (tanshin=9) SKIP_NOT_TANSHIN_TITLE=9
[23:00:02] [filings_ingest] done total=9 success=0 errors=0
[23:00:02] [pipeline_run] finished: ingest status=done elapsed=1.1s id=105 processed=9 success=0 failed=0
[2026/03/12 23:00:03.03] Finished (exit=0) 
[2026/03/12 23:10:01.37] Starting ingest 
[23:10:01] [db] config: write_key_type=service_role read_key_type=service_role
[23:10:01] [pipeline_run] started: ingest (id=106, trigger=scheduler)
[23:10:02] [filings_ingest] start dry_run=False company_code=ALL
[23:10:02] [API] yanoshin.jp APIから取得中: https://webapi.yanoshin.jp/webapi/tdnet/list/today.json
[23:10:02] [API] detected_schema=items, raw_items_count=113
[23:10:02] [API] first_item_preview: id=d508b05270fa..., pubdate=2026-03-12 15:40:00, title=株主優待品目の拡充に関するお知らせ, code=6676
[23:10:02] [API] fetched_count=113
[23:10:02] [API] skip_reason=instrument_excluded, code=13494, name=Ｅ－ＳＳＧＡ－ＳＩＮ, title=アジア国債・公債ＥＴＦ（正式名称：ＡＢＦ汎アジア債券インデックス・ファンド）に関する日々の開示事項
[23:10:02] [API] skip_reason=instrument_excluded, code=15574, name=Ｅ－ＳＳＧＡＴＣ, title=State Street SPDR S&amp;P500 ETFに関する日々の開示事項
[23:10:02] [API] skip_reason=instrument_excluded, code=20704, name=Ｎ－三菱ＵＦＪ証ＨＤ, title=上場ETN（発行者：三菱UFJ証券ホールディングス株式会社）に関する日々の開示事項
[23:10:02] [API] skip_reason=instrument_excluded, code=2628, name=ｉＦ中国科創板５０, title=上場投資信託（ETF）の投資信託約款変更のお知らせ
[23:10:02] [API] skip_reason=instrument_excluded, code=2629, name=ｉＦ中国ＧＢＡ１００, title=上場投資信託（ETF）の投資信託約款変更のお知らせ
[23:10:02] [API] skip_reason=instrument_excluded, code=16724, name=Ｅ－ＷｉｓｄｏｍＴｒ, title=上場ETF（管理会社：WisdomTree、外国投資法人：MSL）に関する日々の開示事項　
[23:10:02] [API] skip_reason=instrument_excluded, code=16724, name=Ｅ－ＷｉｓｄｏｍＴｒ, title=上場ETF（管理会社：WisdomTree、外国投資法人：CSL）に関する日々の開示事項　
[23:10:02] [API] skip_reason=instrument_excluded, code=16714, name=Ｅ－シンプレクス, title=上場ＥＴＦ(管理会社：シンプレクス・アセット・マネジメント)に関する日々の開示事項
[23:10:02] [API] skip_reason=instrument_excluded, code=13294, name=Ｅ－ブラックロック, title=上場ETF（管理会社：ブラックロック・ジャパン）に関する日々の開示事項
[23:10:02] [API] instrument_skipped_count=9
[23:10:02] [API] fetched_count=113, filtered_count=37, forecast_revision_count=11, financial_statement_count=26
[23:10:02] [API] new_count=20 already_processed=17 already_processed_financial_statement=17 new_financial_statement=9
[23:10:02] [API] already_processed_tickers=1433,215A,2294,3246,3955,4287,4422,4934,5075,5134,6387,6778,7095,2198,6184,6535,6696
[23:10:02] [INGEST] run=ingest-f8c6d424 new_items=20 target_statements=9 non_target=11 (forecast_revision=11, other=0)
[23:10:02] [DL] 既にダウンロード済み: data\docs\140120260312580477.pdf
[23:10:02] [抽出] SKIP_PDF_NOT_TANSHIN: title=2026年4月期 第1四半期決算説明資料
[23:10:02] [INGEST] doc_id=605bfd889b04d93a status=skipped_not_tanshin title=2026年4月期 第1四半期決算説明資料
[23:10:02] [DL] 既にダウンロード済み: data\docs\140120260310578705.pdf
[23:10:02] [抽出] SKIP_PDF_NOT_TANSHIN: title=2026年７月期　第２四半期決算補足説明資料
[23:10:02] [INGEST] doc_id=2d4c82964969397a status=skipped_not_tanshin title=2026年７月期　第２四半期決算補足説明資料
[23:10:02] [DL] 既にダウンロード済み: data\docs\140120260312580527.pdf
[23:10:02] [抽出] SKIP_PDF_NOT_TANSHIN: title=2026年７月期第２四半期決算説明資料
[23:10:02] [INGEST] doc_id=49a1f89c3bfeb3d4 status=skipped_not_tanshin title=2026年７月期第２四半期決算説明資料
[23:10:02] [DL] 既にダウンロード済み: data\docs\140120260309578590.pdf
[23:10:02] [抽出] SKIP_PDF_NOT_TANSHIN: title=2026年10月期 第１四半期決算説明資料
[23:10:02] [INGEST] doc_id=4f6b64f6c6ad98a6 status=skipped_not_tanshin title=2026年10月期 第１四半期決算説明資料
[23:10:02] [DL] 既にダウンロード済み: data\docs\140120260312580521.pdf
[23:10:02] [抽出] SKIP_PDF_NOT_TANSHIN: title=2026年４月期 第３四半期 決算説明資料
[23:10:02] [INGEST] doc_id=d9046edfa776c148 status=skipped_not_tanshin title=2026年４月期 第３四半期 決算説明資料
[23:10:02] [DL] 既にダウンロード済み: data\docs\140120260311579709.pdf
[23:10:02] [抽出] SKIP_PDF_NOT_TANSHIN: title=2026年10月期第1四半期 決算説明資料
[23:10:02] [INGEST] doc_id=c557b9255644fb0f status=skipped_not_tanshin title=2026年10月期第1四半期 決算説明資料
[23:10:02] [DL] 既にダウンロード済み: data\docs\140120260311580112.pdf
[23:10:02] [抽出] SKIP_PDF_NOT_TANSHIN: title=2026年10月期　第1四半期決算（補足資料）
[23:10:02] [INGEST] doc_id=18ecb4c90e668406 status=skipped_not_tanshin title=2026年10月期　第1四半期決算（補足資料）
[23:10:02] [DL] 既にダウンロード済み: data\docs\140120260311579677.pdf
[23:10:02] [抽出] SKIP_PDF_NOT_TANSHIN: title=2026年７月期 第２四半期決算説明資料
[23:10:02] [INGEST] doc_id=f47cea3ce6a2cd77 status=skipped_not_tanshin title=2026年７月期 第２四半期決算説明資料
[23:10:02] [DL] 既にダウンロード済み: data\docs\140120260312580388.pdf
[23:10:02] [抽出] SKIP_PDF_NOT_TANSHIN: title=2026年１月期 通期決算説明資料
[23:10:02] [INGEST] doc_id=182601b5441f1a80 status=skipped_not_tanshin title=2026年１月期 通期決算説明資料
[23:10:02] [INGEST] run=ingest-f8c6d424 processed=9 success=0 skipped=9 error=0 (tanshin=9) SKIP_NOT_TANSHIN_TITLE=9
[23:10:02] [filings_ingest] done total=9 success=0 errors=0
[23:10:03] [pipeline_run] finished: ingest status=done elapsed=1.1s id=106 processed=9 success=0 failed=0
[2026/03/12 23:10:03.10] Finished (exit=0) 
[2026/03/12 23:20:01.38] Starting ingest 
[23:20:01] [db] config: write_key_type=service_role read_key_type=service_role
[23:20:01] [pipeline_run] started: ingest (id=107, trigger=scheduler)
[23:20:02] [filings_ingest] start dry_run=False company_code=ALL
[23:20:02] [API] yanoshin.jp APIから取得中: https://webapi.yanoshin.jp/webapi/tdnet/list/today.json
[23:20:02] [API] detected_schema=items, raw_items_count=113
[23:20:02] [API] first_item_preview: id=d508b05270fa..., pubdate=2026-03-12 15:40:00, title=株主優待品目の拡充に関するお知らせ, code=6676
[23:20:02] [API] fetched_count=113
[23:20:02] [API] skip_reason=instrument_excluded, code=13494, name=Ｅ－ＳＳＧＡ－ＳＩＮ, title=アジア国債・公債ＥＴＦ（正式名称：ＡＢＦ汎アジア債券インデックス・ファンド）に関する日々の開示事項
[23:20:02] [API] skip_reason=instrument_excluded, code=15574, name=Ｅ－ＳＳＧＡＴＣ, title=State Street SPDR S&amp;P500 ETFに関する日々の開示事項
[23:20:02] [API] skip_reason=instrument_excluded, code=20704, name=Ｎ－三菱ＵＦＪ証ＨＤ, title=上場ETN（発行者：三菱UFJ証券ホールディングス株式会社）に関する日々の開示事項
[23:20:02] [API] skip_reason=instrument_excluded, code=2628, name=ｉＦ中国科創板５０, title=上場投資信託（ETF）の投資信託約款変更のお知らせ
[23:20:02] [API] skip_reason=instrument_excluded, code=2629, name=ｉＦ中国ＧＢＡ１００, title=上場投資信託（ETF）の投資信託約款変更のお知らせ
[23:20:02] [API] skip_reason=instrument_excluded, code=16724, name=Ｅ－ＷｉｓｄｏｍＴｒ, title=上場ETF（管理会社：WisdomTree、外国投資法人：MSL）に関する日々の開示事項　
[23:20:02] [API] skip_reason=instrument_excluded, code=16724, name=Ｅ－ＷｉｓｄｏｍＴｒ, title=上場ETF（管理会社：WisdomTree、外国投資法人：CSL）に関する日々の開示事項　
[23:20:02] [API] skip_reason=instrument_excluded, code=16714, name=Ｅ－シンプレクス, title=上場ＥＴＦ(管理会社：シンプレクス・アセット・マネジメント)に関する日々の開示事項
[23:20:02] [API] skip_reason=instrument_excluded, code=13294, name=Ｅ－ブラックロック, title=上場ETF（管理会社：ブラックロック・ジャパン）に関する日々の開示事項
[23:20:02] [API] instrument_skipped_count=9
[23:20:02] [API] fetched_count=113, filtered_count=37, forecast_revision_count=11, financial_statement_count=26
[23:20:02] [API] new_count=20 already_processed=17 already_processed_financial_statement=17 new_financial_statement=9
[23:20:02] [API] already_processed_tickers=1433,215A,2294,3246,3955,4287,4422,4934,5075,5134,6387,6778,7095,2198,6184,6535,6696
[23:20:02] [INGEST] run=ingest-d8d65cac new_items=20 target_statements=9 non_target=11 (forecast_revision=11, other=0)
[23:20:02] [DL] 既にダウンロード済み: data\docs\140120260312580477.pdf
[23:20:02] [抽出] SKIP_PDF_NOT_TANSHIN: title=2026年4月期 第1四半期決算説明資料
[23:20:02] [INGEST] doc_id=605bfd889b04d93a status=skipped_not_tanshin title=2026年4月期 第1四半期決算説明資料
[23:20:02] [DL] 既にダウンロード済み: data\docs\140120260310578705.pdf
[23:20:02] [抽出] SKIP_PDF_NOT_TANSHIN: title=2026年７月期　第２四半期決算補足説明資料
[23:20:02] [INGEST] doc_id=2d4c82964969397a status=skipped_not_tanshin title=2026年７月期　第２四半期決算補足説明資料
[23:20:02] [DL] 既にダウンロード済み: data\docs\140120260312580527.pdf
[23:20:02] [抽出] SKIP_PDF_NOT_TANSHIN: title=2026年７月期第２四半期決算説明資料
[23:20:02] [INGEST] doc_id=49a1f89c3bfeb3d4 status=skipped_not_tanshin title=2026年７月期第２四半期決算説明資料
[23:20:02] [DL] 既にダウンロード済み: data\docs\140120260309578590.pdf
[23:20:02] [抽出] SKIP_PDF_NOT_TANSHIN: title=2026年10月期 第１四半期決算説明資料
[23:20:02] [INGEST] doc_id=4f6b64f6c6ad98a6 status=skipped_not_tanshin title=2026年10月期 第１四半期決算説明資料
[23:20:02] [DL] 既にダウンロード済み: data\docs\140120260312580521.pdf
[23:20:02] [抽出] SKIP_PDF_NOT_TANSHIN: title=2026年４月期 第３四半期 決算説明資料
[23:20:02] [INGEST] doc_id=d9046edfa776c148 status=skipped_not_tanshin title=2026年４月期 第３四半期 決算説明資料
[23:20:02] [DL] 既にダウンロード済み: data\docs\140120260311579709.pdf
[23:20:02] [抽出] SKIP_PDF_NOT_TANSHIN: title=2026年10月期第1四半期 決算説明資料
[23:20:02] [INGEST] doc_id=c557b9255644fb0f status=skipped_not_tanshin title=2026年10月期第1四半期 決算説明資料
[23:20:02] [DL] 既にダウンロード済み: data\docs\140120260311580112.pdf
[23:20:02] [抽出] SKIP_PDF_NOT_TANSHIN: title=2026年10月期　第1四半期決算（補足資料）
[23:20:02] [INGEST] doc_id=18ecb4c90e668406 status=skipped_not_tanshin title=2026年10月期　第1四半期決算（補足資料）
[23:20:02] [DL] 既にダウンロード済み: data\docs\140120260311579677.pdf
[23:20:02] [抽出] SKIP_PDF_NOT_TANSHIN: title=2026年７月期 第２四半期決算説明資料
[23:20:02] [INGEST] doc_id=f47cea3ce6a2cd77 status=skipped_not_tanshin title=2026年７月期 第２四半期決算説明資料
[23:20:02] [DL] 既にダウンロード済み: data\docs\140120260312580388.pdf
[23:20:02] [抽出] SKIP_PDF_NOT_TANSHIN: title=2026年１月期 通期決算説明資料
[23:20:02] [INGEST] doc_id=182601b5441f1a80 status=skipped_not_tanshin title=2026年１月期 通期決算説明資料
[23:20:02] [INGEST] run=ingest-d8d65cac processed=9 success=0 skipped=9 error=0 (tanshin=9) SKIP_NOT_TANSHIN_TITLE=9
[23:20:02] [filings_ingest] done total=9 success=0 errors=0
[23:20:03] [pipeline_run] finished: ingest status=done elapsed=1.1s id=107 processed=9 success=0 failed=0
[2026/03/12 23:20:03.12] Finished (exit=0) 
[2026/03/12 23:30:01.39] Starting ingest 
[23:30:01] [db] config: write_key_type=service_role read_key_type=service_role
[23:30:01] [pipeline_run] started: ingest (id=108, trigger=scheduler)
[23:30:02] [filings_ingest] start dry_run=False company_code=ALL
[23:30:02] [API] yanoshin.jp APIから取得中: https://webapi.yanoshin.jp/webapi/tdnet/list/today.json
[23:30:02] [API] detected_schema=items, raw_items_count=113
[23:30:02] [API] first_item_preview: id=d508b05270fa..., pubdate=2026-03-12 15:40:00, title=株主優待品目の拡充に関するお知らせ, code=6676
[23:30:02] [API] fetched_count=113
[23:30:02] [API] skip_reason=instrument_excluded, code=13494, name=Ｅ－ＳＳＧＡ－ＳＩＮ, title=アジア国債・公債ＥＴＦ（正式名称：ＡＢＦ汎アジア債券インデックス・ファンド）に関する日々の開示事項
[23:30:02] [API] skip_reason=instrument_excluded, code=15574, name=Ｅ－ＳＳＧＡＴＣ, title=State Street SPDR S&amp;P500 ETFに関する日々の開示事項
[23:30:02] [API] skip_reason=instrument_excluded, code=20704, name=Ｎ－三菱ＵＦＪ証ＨＤ, title=上場ETN（発行者：三菱UFJ証券ホールディングス株式会社）に関する日々の開示事項
[23:30:02] [API] skip_reason=instrument_excluded, code=2628, name=ｉＦ中国科創板５０, title=上場投資信託（ETF）の投資信託約款変更のお知らせ
[23:30:02] [API] skip_reason=instrument_excluded, code=2629, name=ｉＦ中国ＧＢＡ１００, title=上場投資信託（ETF）の投資信託約款変更のお知らせ
[23:30:02] [API] skip_reason=instrument_excluded, code=16724, name=Ｅ－ＷｉｓｄｏｍＴｒ, title=上場ETF（管理会社：WisdomTree、外国投資法人：MSL）に関する日々の開示事項　
[23:30:02] [API] skip_reason=instrument_excluded, code=16724, name=Ｅ－ＷｉｓｄｏｍＴｒ, title=上場ETF（管理会社：WisdomTree、外国投資法人：CSL）に関する日々の開示事項　
[23:30:02] [API] skip_reason=instrument_excluded, code=16714, name=Ｅ－シンプレクス, title=上場ＥＴＦ(管理会社：シンプレクス・アセット・マネジメント)に関する日々の開示事項
[23:30:02] [API] skip_reason=instrument_excluded, code=13294, name=Ｅ－ブラックロック, title=上場ETF（管理会社：ブラックロック・ジャパン）に関する日々の開示事項
[23:30:02] [API] instrument_skipped_count=9
[23:30:02] [API] fetched_count=113, filtered_count=37, forecast_revision_count=11, financial_statement_count=26
[23:30:02] [API] new_count=20 already_processed=17 already_processed_financial_statement=17 new_financial_statement=9
[23:30:02] [API] already_processed_tickers=1433,215A,2294,3246,3955,4287,4422,4934,5075,5134,6387,6778,7095,2198,6184,6535,6696
[23:30:02] [INGEST] run=ingest-c0d72016 new_items=20 target_statements=9 non_target=11 (forecast_revision=11, other=0)
[23:30:02] [DL] 既にダウンロード済み: data\docs\140120260312580477.pdf
[23:30:02] [抽出] SKIP_PDF_NOT_TANSHIN: title=2026年4月期 第1四半期決算説明資料
[23:30:02] [INGEST] doc_id=605bfd889b04d93a status=skipped_not_tanshin title=2026年4月期 第1四半期決算説明資料
[23:30:02] [DL] 既にダウンロード済み: data\docs\140120260310578705.pdf
[23:30:02] [抽出] SKIP_PDF_NOT_TANSHIN: title=2026年７月期　第２四半期決算補足説明資料
[23:30:02] [INGEST] doc_id=2d4c82964969397a status=skipped_not_tanshin title=2026年７月期　第２四半期決算補足説明資料
[23:30:02] [DL] 既にダウンロード済み: data\docs\140120260312580527.pdf
[23:30:02] [抽出] SKIP_PDF_NOT_TANSHIN: title=2026年７月期第２四半期決算説明資料
[23:30:02] [INGEST] doc_id=49a1f89c3bfeb3d4 status=skipped_not_tanshin title=2026年７月期第２四半期決算説明資料
[23:30:02] [DL] 既にダウンロード済み: data\docs\140120260309578590.pdf
[23:30:02] [抽出] SKIP_PDF_NOT_TANSHIN: title=2026年10月期 第１四半期決算説明資料
[23:30:02] [INGEST] doc_id=4f6b64f6c6ad98a6 status=skipped_not_tanshin title=2026年10月期 第１四半期決算説明資料
[23:30:02] [DL] 既にダウンロード済み: data\docs\140120260312580521.pdf
[23:30:02] [抽出] SKIP_PDF_NOT_TANSHIN: title=2026年４月期 第３四半期 決算説明資料
[23:30:02] [INGEST] doc_id=d9046edfa776c148 status=skipped_not_tanshin title=2026年４月期 第３四半期 決算説明資料
[23:30:02] [DL] 既にダウンロード済み: data\docs\140120260311579709.pdf
[23:30:02] [抽出] SKIP_PDF_NOT_TANSHIN: title=2026年10月期第1四半期 決算説明資料
[23:30:02] [INGEST] doc_id=c557b9255644fb0f status=skipped_not_tanshin title=2026年10月期第1四半期 決算説明資料
[23:30:02] [DL] 既にダウンロード済み: data\docs\140120260311580112.pdf
[23:30:02] [抽出] SKIP_PDF_NOT_TANSHIN: title=2026年10月期　第1四半期決算（補足資料）
[23:30:02] [INGEST] doc_id=18ecb4c90e668406 status=skipped_not_tanshin title=2026年10月期　第1四半期決算（補足資料）
[23:30:02] [DL] 既にダウンロード済み: data\docs\140120260311579677.pdf
[23:30:02] [抽出] SKIP_PDF_NOT_TANSHIN: title=2026年７月期 第２四半期決算説明資料
[23:30:02] [INGEST] doc_id=f47cea3ce6a2cd77 status=skipped_not_tanshin title=2026年７月期 第２四半期決算説明資料
[23:30:02] [DL] 既にダウンロード済み: data\docs\140120260312580388.pdf
[23:30:02] [抽出] SKIP_PDF_NOT_TANSHIN: title=2026年１月期 通期決算説明資料
[23:30:02] [INGEST] doc_id=182601b5441f1a80 status=skipped_not_tanshin title=2026年１月期 通期決算説明資料
[23:30:02] [INGEST] run=ingest-c0d72016 processed=9 success=0 skipped=9 error=0 (tanshin=9) SKIP_NOT_TANSHIN_TITLE=9
[23:30:02] [filings_ingest] done total=9 success=0 errors=0
[23:30:03] [pipeline_run] finished: ingest status=done elapsed=1.2s id=108 processed=9 success=0 failed=0
[2026/03/12 23:30:03.12] Finished (exit=0) 
[2026/03/12 23:40:01.40] Starting ingest 
[23:40:01] [db] config: write_key_type=service_role read_key_type=service_role
[23:40:01] [pipeline_run] started: ingest (id=109, trigger=scheduler)
[23:40:01] [filings_ingest] start dry_run=False company_code=ALL
[23:40:01] [API] yanoshin.jp APIから取得中: https://webapi.yanoshin.jp/webapi/tdnet/list/today.json
[23:40:02] [API] detected_schema=items, raw_items_count=113
[23:40:02] [API] first_item_preview: id=d508b05270fa..., pubdate=2026-03-12 15:40:00, title=株主優待品目の拡充に関するお知らせ, code=6676
[23:40:02] [API] fetched_count=113
[23:40:02] [API] skip_reason=instrument_excluded, code=13494, name=Ｅ－ＳＳＧＡ－ＳＩＮ, title=アジア国債・公債ＥＴＦ（正式名称：ＡＢＦ汎アジア債券インデックス・ファンド）に関する日々の開示事項
[23:40:02] [API] skip_reason=instrument_excluded, code=15574, name=Ｅ－ＳＳＧＡＴＣ, title=State Street SPDR S&amp;P500 ETFに関する日々の開示事項
[23:40:02] [API] skip_reason=instrument_excluded, code=20704, name=Ｎ－三菱ＵＦＪ証ＨＤ, title=上場ETN（発行者：三菱UFJ証券ホールディングス株式会社）に関する日々の開示事項
[23:40:02] [API] skip_reason=instrument_excluded, code=2628, name=ｉＦ中国科創板５０, title=上場投資信託（ETF）の投資信託約款変更のお知らせ
[23:40:02] [API] skip_reason=instrument_excluded, code=2629, name=ｉＦ中国ＧＢＡ１００, title=上場投資信託（ETF）の投資信託約款変更のお知らせ
[23:40:02] [API] skip_reason=instrument_excluded, code=16724, name=Ｅ－ＷｉｓｄｏｍＴｒ, title=上場ETF（管理会社：WisdomTree、外国投資法人：MSL）に関する日々の開示事項　
[23:40:02] [API] skip_reason=instrument_excluded, code=16724, name=Ｅ－ＷｉｓｄｏｍＴｒ, title=上場ETF（管理会社：WisdomTree、外国投資法人：CSL）に関する日々の開示事項　
[23:40:02] [API] skip_reason=instrument_excluded, code=16714, name=Ｅ－シンプレクス, title=上場ＥＴＦ(管理会社：シンプレクス・アセット・マネジメント)に関する日々の開示事項
[23:40:02] [API] skip_reason=instrument_excluded, code=13294, name=Ｅ－ブラックロック, title=上場ETF（管理会社：ブラックロック・ジャパン）に関する日々の開示事項
[23:40:02] [API] instrument_skipped_count=9
[23:40:02] [API] fetched_count=113, filtered_count=37, forecast_revision_count=11, financial_statement_count=26
[23:40:02] [API] new_count=20 already_processed=17 already_processed_financial_statement=17 new_financial_statement=9
[23:40:02] [API] already_processed_tickers=1433,215A,2294,3246,3955,4287,4422,4934,5075,5134,6387,6778,7095,2198,6184,6535,6696
[23:40:02] [INGEST] run=ingest-402ea4e1 new_items=20 target_statements=9 non_target=11 (forecast_revision=11, other=0)
[23:40:02] [DL] 既にダウンロード済み: data\docs\140120260312580477.pdf
[23:40:02] [抽出] SKIP_PDF_NOT_TANSHIN: title=2026年4月期 第1四半期決算説明資料
[23:40:02] [INGEST] doc_id=605bfd889b04d93a status=skipped_not_tanshin title=2026年4月期 第1四半期決算説明資料
[23:40:02] [DL] 既にダウンロード済み: data\docs\140120260310578705.pdf
[23:40:02] [抽出] SKIP_PDF_NOT_TANSHIN: title=2026年７月期　第２四半期決算補足説明資料
[23:40:02] [INGEST] doc_id=2d4c82964969397a status=skipped_not_tanshin title=2026年７月期　第２四半期決算補足説明資料
[23:40:02] [DL] 既にダウンロード済み: data\docs\140120260312580527.pdf
[23:40:02] [抽出] SKIP_PDF_NOT_TANSHIN: title=2026年７月期第２四半期決算説明資料
[23:40:02] [INGEST] doc_id=49a1f89c3bfeb3d4 status=skipped_not_tanshin title=2026年７月期第２四半期決算説明資料
[23:40:02] [DL] 既にダウンロード済み: data\docs\140120260309578590.pdf
[23:40:02] [抽出] SKIP_PDF_NOT_TANSHIN: title=2026年10月期 第１四半期決算説明資料
[23:40:02] [INGEST] doc_id=4f6b64f6c6ad98a6 status=skipped_not_tanshin title=2026年10月期 第１四半期決算説明資料
[23:40:02] [DL] 既にダウンロード済み: data\docs\140120260312580521.pdf
[23:40:02] [抽出] SKIP_PDF_NOT_TANSHIN: title=2026年４月期 第３四半期 決算説明資料
[23:40:02] [INGEST] doc_id=d9046edfa776c148 status=skipped_not_tanshin title=2026年４月期 第３四半期 決算説明資料
[23:40:02] [DL] 既にダウンロード済み: data\docs\140120260311579709.pdf
[23:40:02] [抽出] SKIP_PDF_NOT_TANSHIN: title=2026年10月期第1四半期 決算説明資料
[23:40:02] [INGEST] doc_id=c557b9255644fb0f status=skipped_not_tanshin title=2026年10月期第1四半期 決算説明資料
[23:40:02] [DL] 既にダウンロード済み: data\docs\140120260311580112.pdf
[23:40:02] [抽出] SKIP_PDF_NOT_TANSHIN: title=2026年10月期　第1四半期決算（補足資料）
[23:40:02] [INGEST] doc_id=18ecb4c90e668406 status=skipped_not_tanshin title=2026年10月期　第1四半期決算（補足資料）
[23:40:02] [DL] 既にダウンロード済み: data\docs\140120260311579677.pdf
[23:40:02] [抽出] SKIP_PDF_NOT_TANSHIN: title=2026年７月期 第２四半期決算説明資料
[23:40:02] [INGEST] doc_id=f47cea3ce6a2cd77 status=skipped_not_tanshin title=2026年７月期 第２四半期決算説明資料
[23:40:02] [DL] 既にダウンロード済み: data\docs\140120260312580388.pdf
[23:40:02] [抽出] SKIP_PDF_NOT_TANSHIN: title=2026年１月期 通期決算説明資料
[23:40:02] [INGEST] doc_id=182601b5441f1a80 status=skipped_not_tanshin title=2026年１月期 通期決算説明資料
[23:40:02] [INGEST] run=ingest-402ea4e1 processed=9 success=0 skipped=9 error=0 (tanshin=9) SKIP_NOT_TANSHIN_TITLE=9
[23:40:02] [filings_ingest] done total=9 success=0 errors=0
[23:40:02] [pipeline_run] finished: ingest status=done elapsed=1.1s id=109 processed=9 success=0 failed=0
[2026/03/12 23:40:03.00] Finished (exit=0) 
[2026/03/12 23:50:01.40] Starting ingest 
[23:50:01] [db] config: write_key_type=service_role read_key_type=service_role
[23:50:01] [pipeline_run] started: ingest (id=110, trigger=scheduler)
[23:50:02] [filings_ingest] start dry_run=False company_code=ALL
[23:50:02] [API] yanoshin.jp APIから取得中: https://webapi.yanoshin.jp/webapi/tdnet/list/today.json
[23:50:02] [API] detected_schema=items, raw_items_count=113
[23:50:02] [API] first_item_preview: id=d508b05270fa..., pubdate=2026-03-12 15:40:00, title=株主優待品目の拡充に関するお知らせ, code=6676
[23:50:02] [API] fetched_count=113
[23:50:02] [API] skip_reason=instrument_excluded, code=13494, name=Ｅ－ＳＳＧＡ－ＳＩＮ, title=アジア国債・公債ＥＴＦ（正式名称：ＡＢＦ汎アジア債券インデックス・ファンド）に関する日々の開示事項
[23:50:02] [API] skip_reason=instrument_excluded, code=15574, name=Ｅ－ＳＳＧＡＴＣ, title=State Street SPDR S&amp;P500 ETFに関する日々の開示事項
[23:50:02] [API] skip_reason=instrument_excluded, code=20704, name=Ｎ－三菱ＵＦＪ証ＨＤ, title=上場ETN（発行者：三菱UFJ証券ホールディングス株式会社）に関する日々の開示事項
[23:50:02] [API] skip_reason=instrument_excluded, code=2628, name=ｉＦ中国科創板５０, title=上場投資信託（ETF）の投資信託約款変更のお知らせ
[23:50:02] [API] skip_reason=instrument_excluded, code=2629, name=ｉＦ中国ＧＢＡ１００, title=上場投資信託（ETF）の投資信託約款変更のお知らせ
[23:50:02] [API] skip_reason=instrument_excluded, code=16724, name=Ｅ－ＷｉｓｄｏｍＴｒ, title=上場ETF（管理会社：WisdomTree、外国投資法人：MSL）に関する日々の開示事項　
[23:50:02] [API] skip_reason=instrument_excluded, code=16724, name=Ｅ－ＷｉｓｄｏｍＴｒ, title=上場ETF（管理会社：WisdomTree、外国投資法人：CSL）に関する日々の開示事項　
[23:50:02] [API] skip_reason=instrument_excluded, code=16714, name=Ｅ－シンプレクス, title=上場ＥＴＦ(管理会社：シンプレクス・アセット・マネジメント)に関する日々の開示事項
[23:50:02] [API] skip_reason=instrument_excluded, code=13294, name=Ｅ－ブラックロック, title=上場ETF（管理会社：ブラックロック・ジャパン）に関する日々の開示事項
[23:50:02] [API] instrument_skipped_count=9
[23:50:02] [API] fetched_count=113, filtered_count=37, forecast_revision_count=11, financial_statement_count=26
[23:50:02] [API] new_count=20 already_processed=17 already_processed_financial_statement=17 new_financial_statement=9
[23:50:02] [API] already_processed_tickers=1433,215A,2294,3246,3955,4287,4422,4934,5075,5134,6387,6778,7095,2198,6184,6535,6696
[23:50:02] [INGEST] run=ingest-02b8521a new_items=20 target_statements=9 non_target=11 (forecast_revision=11, other=0)
[23:50:02] [DL] 既にダウンロード済み: data\docs\140120260312580477.pdf
[23:50:02] [抽出] SKIP_PDF_NOT_TANSHIN: title=2026年4月期 第1四半期決算説明資料
[23:50:02] [INGEST] doc_id=605bfd889b04d93a status=skipped_not_tanshin title=2026年4月期 第1四半期決算説明資料
[23:50:02] [DL] 既にダウンロード済み: data\docs\140120260310578705.pdf
[23:50:02] [抽出] SKIP_PDF_NOT_TANSHIN: title=2026年７月期　第２四半期決算補足説明資料
[23:50:02] [INGEST] doc_id=2d4c82964969397a status=skipped_not_tanshin title=2026年７月期　第２四半期決算補足説明資料
[23:50:02] [DL] 既にダウンロード済み: data\docs\140120260312580527.pdf
[23:50:02] [抽出] SKIP_PDF_NOT_TANSHIN: title=2026年７月期第２四半期決算説明資料
[23:50:02] [INGEST] doc_id=49a1f89c3bfeb3d4 status=skipped_not_tanshin title=2026年７月期第２四半期決算説明資料
[23:50:02] [DL] 既にダウンロード済み: data\docs\140120260309578590.pdf
[23:50:02] [抽出] SKIP_PDF_NOT_TANSHIN: title=2026年10月期 第１四半期決算説明資料
[23:50:02] [INGEST] doc_id=4f6b64f6c6ad98a6 status=skipped_not_tanshin title=2026年10月期 第１四半期決算説明資料
[23:50:02] [DL] 既にダウンロード済み: data\docs\140120260312580521.pdf
[23:50:02] [抽出] SKIP_PDF_NOT_TANSHIN: title=2026年４月期 第３四半期 決算説明資料
[23:50:02] [INGEST] doc_id=d9046edfa776c148 status=skipped_not_tanshin title=2026年４月期 第３四半期 決算説明資料
[23:50:02] [DL] 既にダウンロード済み: data\docs\140120260311579709.pdf
[23:50:02] [抽出] SKIP_PDF_NOT_TANSHIN: title=2026年10月期第1四半期 決算説明資料
[23:50:02] [INGEST] doc_id=c557b9255644fb0f status=skipped_not_tanshin title=2026年10月期第1四半期 決算説明資料
[23:50:02] [DL] 既にダウンロード済み: data\docs\140120260311580112.pdf
[23:50:02] [抽出] SKIP_PDF_NOT_TANSHIN: title=2026年10月期　第1四半期決算（補足資料）
[23:50:02] [INGEST] doc_id=18ecb4c90e668406 status=skipped_not_tanshin title=2026年10月期　第1四半期決算（補足資料）
[23:50:02] [DL] 既にダウンロード済み: data\docs\140120260311579677.pdf
[23:50:02] [抽出] SKIP_PDF_NOT_TANSHIN: title=2026年７月期 第２四半期決算説明資料
[23:50:02] [INGEST] doc_id=f47cea3ce6a2cd77 status=skipped_not_tanshin title=2026年７月期 第２四半期決算説明資料
[23:50:02] [DL] 既にダウンロード済み: data\docs\140120260312580388.pdf
[23:50:02] [抽出] SKIP_PDF_NOT_TANSHIN: title=2026年１月期 通期決算説明資料
[23:50:02] [INGEST] doc_id=182601b5441f1a80 status=skipped_not_tanshin title=2026年１月期 通期決算説明資料
[23:50:02] [INGEST] run=ingest-02b8521a processed=9 success=0 skipped=9 error=0 (tanshin=9) SKIP_NOT_TANSHIN_TITLE=9
[23:50:02] [filings_ingest] done total=9 success=0 errors=0
[23:50:03] [pipeline_run] finished: ingest status=done elapsed=1.1s id=110 processed=9 success=0 failed=0
[2026/03/12 23:50:03.12] Finished (exit=0) 
