[2026/03/12  0:02:01.66] Starting process 
[00:02:01] [db] config: write_key_type=service_role read_key_type=service_role
[00:02:02] [pipeline_run] started: process (id=7, trigger=scheduler)
[00:02:02] [filings_process] Step 1: SQLite → Supabase push
[00:02:02] [PUSH] SQLite総行数: 91657, 今回対象: 91657 件
[00:02:02] [Phase 1/4] companies 一括 upsert...
[00:02:04]   → 2783 社 完了 (1.6秒)
[00:02:04] [Phase 2/4] periods 一括 upsert...
[00:02:23]   → 91657 期間 完了 (20.8秒)
[00:02:23] [Phase 3/4] disclosures 一括 upsert...
[00:02:23]   対象 disclosure: 91657 件
[00:02:42]   既存 disclosure: 183278 件
[00:02:42]   新規 insert: 3 件
[00:02:42]   → 183281 disclosure 完了 (40.1秒)
[00:02:42] [Phase 4/4] facts 一括 upsert (batch=500, offset=0)...
[00:02:43]   batch 1: 226/91657 (0.2%) facts=500 sanitized=0 経過=41秒 残り\u224816398秒
[00:02:43]   batch 2: 477/91657 (0.5%) facts=1002 sanitized=0 経過=41秒 残り\u22487815秒
[00:02:44]   batch 3: 709/91657 (0.8%) facts=1503 sanitized=0 経過=41秒 残り\u22485283秒
[00:02:44]   batch 4: 959/91657 (1.0%) facts=2005 sanitized=0 経過=41秒 残り\u22483920秒
[00:02:44]   batch 5: 1188/91657 (1.3%) facts=2505 sanitized=0 経過=42秒 残り\u22483174秒
[00:02:44]   batch 6: 1439/91657 (1.6%) facts=3006 sanitized=0 経過=42秒 残り\u22482628秒
[00:02:44]   batch 7: 1668/91657 (1.8%) facts=3507 sanitized=0 経過=42秒 残り\u22482273秒
[00:02:45]   batch 8: 1909/91657 (2.1%) facts=4007 sanitized=0 経過=42秒 残り\u22481989秒
[00:02:45]   batch 9: 2144/91657 (2.3%) facts=4507 sanitized=0 経過=43秒 残り\u22481775秒
[00:02:45]   batch 10: 2370/91657 (2.6%) facts=5007 sanitized=0 経過=43秒 残り\u22481610秒
[00:02:45]   batch 11: 2626/91657 (2.9%) facts=5509 sanitized=0 経過=43秒 残り\u22481459秒
[00:02:46]   batch 12: 2863/91657 (3.1%) facts=6011 sanitized=0 経過=44秒 残り\u22481350秒
[00:02:46]   batch 13: 3129/91657 (3.4%) facts=6512 sanitized=0 経過=44秒 残り\u22481239秒
[00:02:46]   batch 14: 3375/91657 (3.7%) facts=7014 sanitized=0 経過=44秒 残り\u22481152秒
[00:02:47]   batch 15: 3638/91657 (4.0%) facts=7514 sanitized=0 経過=44秒 残り\u22481072秒
[00:02:47]   batch 16: 3884/91657 (4.2%) facts=8015 sanitized=0 経過=45秒 残り\u22481007秒
[00:02:47]   batch 17: 4134/91657 (4.5%) facts=8517 sanitized=0 経過=45秒 残り\u2248949秒
[00:02:47]   batch 18: 4384/91657 (4.8%) facts=9017 sanitized=0 経過=45秒 残り\u2248898秒
[00:02:48]   batch 19: 4621/91657 (5.0%) facts=9518 sanitized=0 経過=45秒 残り\u2248854秒
[00:02:48]   batch 20: 4871/91657 (5.3%) facts=10020 sanitized=0 経過=46秒 残り\u2248812秒
[00:02:48]   batch 21: 5095/91657 (5.6%) facts=10521 sanitized=0 経過=46秒 残り\u2248779秒
[00:02:48]   batch 22: 5353/91657 (5.8%) facts=11021 sanitized=0 経過=46秒 残り\u2248744秒
[00:02:49]   batch 23: 5611/91657 (6.1%) facts=11523 sanitized=0 経過=46秒 残り\u2248711秒
[00:02:49]   batch 24: 5843/91657 (6.4%) facts=12024 sanitized=0 経過=47秒 残り\u2248684秒
[00:02:49]   batch 25: 6114/91657 (6.7%) facts=12526 sanitized=0 経過=47秒 残り\u2248654秒
[00:02:49]   batch 26: 6350/91657 (6.9%) facts=13028 sanitized=0 経過=47秒 残り\u2248631秒
[00:02:49]   batch 27: 6589/91657 (7.2%) facts=13530 sanitized=0 経過=47秒 残り\u2248609秒
[00:02:50]   batch 28: 6851/91657 (7.5%) facts=14030 sanitized=0 経過=47秒 残り\u2248586秒
[00:02:50]   batch 29: 7104/91657 (7.8%) facts=14531 sanitized=0 経過=48秒 残り\u2248566秒
[00:02:50]   batch 30: 7345/91657 (8.0%) facts=15033 sanitized=0 経過=48秒 残り\u2248548秒
[00:02:50]   batch 31: 7595/91657 (8.3%) facts=15535 sanitized=0 経過=48秒 残り\u2248531秒
[00:02:50]   batch 32: 7841/91657 (8.6%) facts=16037 sanitized=0 経過=48秒 残り\u2248514秒
[00:02:51]   batch 33: 8093/91657 (8.8%) facts=16537 sanitized=0 経過=48秒 残り\u2248499秒
[00:02:51]   batch 34: 8328/91657 (9.1%) facts=17038 sanitized=0 経過=48秒 残り\u2248485秒
[00:02:51]   batch 35: 8579/91657 (9.4%) facts=17538 sanitized=0 経過=49秒 残り\u2248471秒
[00:02:51]   batch 36: 8802/91657 (9.6%) facts=18038 sanitized=0 経過=49秒 残り\u2248461秒
[00:02:52]   batch 37: 9024/91657 (9.8%) facts=18538 sanitized=0 経過=49秒 残り\u2248452秒
[00:02:52]   batch 38: 9252/91657 (10.1%) facts=19038 sanitized=0 経過=50秒 残り\u2248441秒
[00:02:52]   batch 39: 9500/91657 (10.4%) facts=19540 sanitized=0 経過=50秒 残り\u2248430秒
[00:02:52]   batch 40: 9736/91657 (10.6%) facts=20040 sanitized=0 経過=50秒 残り\u2248420秒
[00:02:52]   batch 41: 9976/91657 (10.9%) facts=20542 sanitized=0 経過=50秒 残り\u2248411秒
[00:02:53]   batch 42: 10242/91657 (11.2%) facts=21042 sanitized=0 経過=50秒 残り\u2248400秒
[00:02:53]   batch 43: 10529/91657 (11.5%) facts=21543 sanitized=0 経過=51秒 残り\u2248389秒
[00:02:53]   batch 44: 10826/91657 (11.8%) facts=22043 sanitized=0 経過=51秒 残り\u2248379秒
[00:02:53]   batch 45: 11183/91657 (12.2%) facts=22543 sanitized=0 経過=51秒 残り\u2248366秒
[00:02:53]   batch 46: 11461/91657 (12.5%) facts=23043 sanitized=0 経過=51秒 残り\u2248358秒
[00:02:54]   batch 47: 11691/91657 (12.8%) facts=23545 sanitized=0 経過=51秒 残り\u2248351秒
[00:02:54]   batch 48: 11963/91657 (13.1%) facts=24045 sanitized=0 経過=51秒 残り\u2248343秒
[00:02:54]   batch 49: 12232/91657 (13.3%) facts=24546 sanitized=0 経過=52秒 残り\u2248336秒
[00:02:54]   batch 50: 12468/91657 (13.6%) facts=25047 sanitized=0 経過=52秒 残り\u2248330秒
[00:02:54]   batch 51: 12691/91657 (13.8%) facts=25548 sanitized=0 経過=52秒 残り\u2248325秒
[00:02:55]   batch 52: 12933/91657 (14.1%) facts=26050 sanitized=0 経過=52秒 残り\u2248318秒
[00:02:55]   batch 53: 13186/91657 (14.4%) facts=26550 sanitized=0 経過=53秒 残り\u2248312秒
[00:02:55]   batch 54: 13413/91657 (14.6%) facts=27050 sanitized=0 経過=53秒 残り\u2248308秒
[00:02:55]   batch 55: 13645/91657 (14.9%) facts=27550 sanitized=0 経過=53秒 残り\u2248303秒
[00:02:56]   batch 56: 13902/91657 (15.2%) facts=28052 sanitized=0 経過=53秒 残り\u2248298秒
[00:02:56]   batch 57: 14163/91657 (15.5%) facts=28554 sanitized=0 経過=53秒 残り\u2248292秒
[00:02:56]   batch 58: 14394/91657 (15.7%) facts=29055 sanitized=0 経過=54秒 残り\u2248288秒
[00:02:56]   batch 59: 14632/91657 (16.0%) facts=29556 sanitized=0 経過=54秒 残り\u2248283秒
[00:02:56]   batch 60: 14860/91657 (16.2%) facts=30057 sanitized=0 経過=54秒 残り\u2248279秒
[00:02:56] [SANITIZE] 元値が10^16超 (5.40e+303): col=operating_profit val=5.4e+303 ticker=46850 fye=2028-03-31 Q=2Q
[00:02:57]   batch 61: 15079/91657 (16.5%) facts=30557 sanitized=1 経過=54秒 残り\u2248276秒
[00:02:57]   batch 62: 15308/91657 (16.7%) facts=31057 sanitized=1 経過=55秒 残り\u2248272秒
[00:02:57]   batch 63: 15538/91657 (17.0%) facts=31557 sanitized=1 経過=55秒 残り\u2248268秒
[00:02:57]   batch 64: 15781/91657 (17.2%) facts=32059 sanitized=1 経過=55秒 残り\u2248264秒
[00:02:57]   batch 65: 16031/91657 (17.5%) facts=32559 sanitized=1 経過=55秒 残り\u2248260秒
[00:02:58]   batch 66: 16246/91657 (17.7%) facts=33059 sanitized=1 経過=55秒 残り\u2248257秒
[00:02:58]   batch 67: 16482/91657 (18.0%) facts=33560 sanitized=1 経過=56秒 残り\u2248253秒
[00:02:58]   batch 68: 16726/91657 (18.2%) facts=34060 sanitized=1 経過=56秒 残り\u2248250秒
[00:02:58]   batch 69: 16952/91657 (18.5%) facts=34560 sanitized=1 経過=56秒 残り\u2248247秒
[00:02:58]   batch 70: 17198/91657 (18.8%) facts=35060 sanitized=1 経過=56秒 残り\u2248243秒
[00:02:59]   batch 71: 17433/91657 (19.0%) facts=35561 sanitized=1 経過=56秒 残り\u2248240秒
[00:02:59]   batch 72: 17643/91657 (19.2%) facts=36063 sanitized=1 経過=57秒 残り\u2248237秒
[00:02:59]   batch 73: 17871/91657 (19.5%) facts=36565 sanitized=1 経過=57秒 残り\u2248234秒
[00:02:59]   batch 74: 18091/91657 (19.7%) facts=37066 sanitized=1 経過=57秒 残り\u2248231秒
[00:02:59]   batch 75: 18339/91657 (20.0%) facts=37567 sanitized=1 経過=57秒 残り\u2248228秒
[00:03:00]   batch 76: 18585/91657 (20.3%) facts=38067 sanitized=1 経過=57秒 残り\u2248226秒
[00:03:00]   batch 77: 18840/91657 (20.6%) facts=38569 sanitized=1 経過=58秒 残り\u2248222秒
[00:03:00]   batch 78: 19096/91657 (20.8%) facts=39069 sanitized=1 経過=58秒 残り\u2248219秒
[00:03:00]   batch 79: 19340/91657 (21.1%) facts=39571 sanitized=1 経過=58秒 残り\u2248216秒
[00:03:00]   batch 80: 19571/91657 (21.4%) facts=40073 sanitized=1 経過=58秒 残り\u2248214秒
[00:03:01]   batch 81: 19835/91657 (21.6%) facts=40573 sanitized=1 経過=58秒 残り\u2248211秒
[00:03:01]   batch 82: 20077/91657 (21.9%) facts=41074 sanitized=1 経過=58秒 残り\u2248208秒
[00:03:01]   batch 83: 20330/91657 (22.2%) facts=41576 sanitized=1 経過=59秒 残り\u2248206秒
[00:03:01]   batch 84: 20568/91657 (22.4%) facts=42077 sanitized=1 経過=59秒 残り\u2248203秒
[00:03:01]   batch 85: 20844/91657 (22.7%) facts=42577 sanitized=1 経過=59秒 残り\u2248200秒
[00:03:02]   batch 86: 21061/91657 (23.0%) facts=43077 sanitized=1 経過=59秒 残り\u2248198秒
[00:03:02]   batch 87: 21319/91657 (23.3%) facts=43579 sanitized=1 経過=59秒 残り\u2248196秒
[00:03:02]   batch 88: 21609/91657 (23.6%) facts=44081 sanitized=1 経過=60秒 残り\u2248193秒
[00:03:02]   batch 89: 21845/91657 (23.8%) facts=44581 sanitized=1 経過=60秒 残り\u2248191秒
[00:03:02]   batch 90: 22074/91657 (24.1%) facts=45082 sanitized=1 経過=60秒 残り\u2248189秒
[00:03:02]   batch 91: 22294/91657 (24.3%) facts=45583 sanitized=1 経過=60秒 残り\u2248187秒
[00:03:03]   batch 92: 22539/91657 (24.6%) facts=46084 sanitized=1 経過=60秒 残り\u2248185秒
[00:03:03]   batch 93: 22780/91657 (24.9%) facts=46584 sanitized=1 経過=60秒 残り\u2248183秒
[00:03:03]   batch 94: 23020/91657 (25.1%) facts=47084 sanitized=1 経過=61秒 残り\u2248181秒
[00:03:03]   batch 95: 23266/91657 (25.4%) facts=47584 sanitized=1 経過=61秒 残り\u2248178秒
[00:03:03]   batch 96: 23512/91657 (25.7%) facts=48085 sanitized=1 経過=61秒 残り\u2248176秒
[00:03:03]   batch 97: 23760/91657 (25.9%) facts=48585 sanitized=1 経過=61秒 残り\u2248174秒
[00:03:03]   batch 98: 24009/91657 (26.2%) facts=49085 sanitized=1 経過=61秒 残り\u2248172秒
[00:03:04]   batch 99: 24249/91657 (26.5%) facts=49586 sanitized=1 経過=61秒 残り\u2248170秒
[00:03:04]   batch 100: 24520/91657 (26.8%) facts=50088 sanitized=1 経過=62秒 残り\u2248168秒
[00:03:04]   batch 101: 24742/91657 (27.0%) facts=50590 sanitized=1 経過=62秒 残り\u2248167秒
[00:03:04]   batch 102: 24956/91657 (27.2%) facts=51091 sanitized=1 経過=62秒 残り\u2248165秒
[00:03:04]   batch 103: 25188/91657 (27.5%) facts=51591 sanitized=1 経過=62秒 残り\u2248164秒
[00:03:05]   batch 104: 25436/91657 (27.8%) facts=52091 sanitized=1 経過=62秒 残り\u2248162秒
[00:03:05]   batch 105: 25663/91657 (28.0%) facts=52593 sanitized=1 経過=62秒 残り\u2248160秒
[00:03:05]   batch 106: 25913/91657 (28.3%) facts=53093 sanitized=1 経過=63秒 残り\u2248159秒
[00:03:05]   batch 107: 26173/91657 (28.6%) facts=53595 sanitized=1 経過=63秒 残り\u2248157秒
[00:03:05]   batch 108: 26428/91657 (28.8%) facts=54097 sanitized=1 経過=63秒 残り\u2248155秒
[00:03:05]   batch 109: 26666/91657 (29.1%) facts=54599 sanitized=1 経過=63秒 残り\u2248154秒
[00:03:06]   batch 110: 26903/91657 (29.4%) facts=55100 sanitized=1 経過=63秒 残り\u2248152秒
[00:03:06]   batch 111: 27156/91657 (29.6%) facts=55602 sanitized=1 経過=63秒 残り\u2248150秒
[00:03:06]   batch 112: 27389/91657 (29.9%) facts=56102 sanitized=1 経過=63秒 残り\u2248149秒
[00:03:06]   batch 113: 27638/91657 (30.2%) facts=56602 sanitized=1 経過=64秒 残り\u2248147秒
[00:03:06]   batch 114: 27908/91657 (30.4%) facts=57103 sanitized=1 経過=64秒 残り\u2248146秒
[00:03:06]   batch 115: 28147/91657 (30.7%) facts=57605 sanitized=1 経過=64秒 残り\u2248144秒
[00:03:06]   batch 116: 28397/91657 (31.0%) facts=58105 sanitized=1 経過=64秒 残り\u2248143秒
[00:03:07]   batch 117: 28629/91657 (31.2%) facts=58606 sanitized=1 経過=64秒 残り\u2248141秒
[00:03:07]   batch 118: 28867/91657 (31.5%) facts=59108 sanitized=1 経過=64秒 残り\u2248140秒
[00:03:07]   batch 119: 29095/91657 (31.7%) facts=59608 sanitized=1 経過=65秒 残り\u2248139秒
[00:03:07]   batch 120: 29321/91657 (32.0%) facts=60110 sanitized=1 経過=65秒 残り\u2248138秒
[00:03:07]   batch 121: 29607/91657 (32.3%) facts=60611 sanitized=1 経過=65秒 残り\u2248136秒
[00:03:07]   batch 122: 29833/91657 (32.5%) facts=61111 sanitized=1 経過=65秒 残り\u2248135秒
[00:03:08]   batch 123: 30065/91657 (32.8%) facts=61611 sanitized=1 経過=65秒 残り\u2248134秒
[00:03:08]   batch 124: 30321/91657 (33.1%) facts=62112 sanitized=1 経過=65秒 残り\u2248132秒
[00:03:08]   batch 125: 30552/91657 (33.3%) facts=62613 sanitized=1 経過=66秒 残り\u2248131秒
[00:03:08]   batch 126: 30773/91657 (33.6%) facts=63114 sanitized=1 経過=66秒 残り\u2248130秒
[00:03:08]   batch 127: 31016/91657 (33.8%) facts=63615 sanitized=1 経過=66秒 残り\u2248129秒
[00:03:08]   batch 128: 31247/91657 (34.1%) facts=64115 sanitized=1 経過=66秒 残り\u2248128秒
[00:03:09]   batch 129: 31487/91657 (34.4%) facts=64615 sanitized=1 経過=66秒 残り\u2248127秒
[00:03:09]   batch 130: 31707/91657 (34.6%) facts=65116 sanitized=1 経過=66秒 残り\u2248125秒
[00:03:09]   batch 131: 31940/91657 (34.8%) facts=65618 sanitized=1 経過=67秒 残り\u2248124秒
[00:03:09]   batch 132: 32181/91657 (35.1%) facts=66118 sanitized=1 経過=67秒 残り\u2248123秒
[00:03:09]   batch 133: 32423/91657 (35.4%) facts=66619 sanitized=1 経過=67秒 残り\u2248122秒
[00:03:09]   batch 134: 32655/91657 (35.6%) facts=67121 sanitized=1 経過=67秒 残り\u2248121秒
[00:03:09]   batch 135: 32898/91657 (35.9%) facts=67623 sanitized=1 経過=67秒 残り\u2248120秒
[00:03:10]   batch 136: 33127/91657 (36.1%) facts=68123 sanitized=1 経過=67秒 残り\u2248119秒
[00:03:10]   batch 137: 33371/91657 (36.4%) facts=68624 sanitized=1 経過=67秒 残り\u2248118秒
[00:03:10]   batch 138: 33621/91657 (36.7%) facts=69125 sanitized=1 経過=68秒 残り\u2248117秒
[00:03:10]   batch 139: 33860/91657 (36.9%) facts=69626 sanitized=1 経過=68秒 残り\u2248116秒
[00:03:10]   batch 140: 34106/91657 (37.2%) facts=70126 sanitized=1 経過=68秒 残り\u2248115秒
[00:03:10]   batch 141: 34402/91657 (37.5%) facts=70626 sanitized=1 経過=68秒 残り\u2248113秒
[00:03:11]   batch 142: 34638/91657 (37.8%) facts=71126 sanitized=1 経過=68秒 残り\u2248112秒
[00:03:11]   batch 143: 34873/91657 (38.0%) facts=71628 sanitized=1 経過=68秒 残り\u2248111秒
[00:03:11]   batch 144: 35149/91657 (38.3%) facts=72129 sanitized=1 経過=69秒 残り\u2248110秒
[00:03:11]   batch 145: 35382/91657 (38.6%) facts=72630 sanitized=1 経過=69秒 残り\u2248109秒
[00:03:11]   batch 146: 35633/91657 (38.9%) facts=73131 sanitized=1 経過=69秒 残り\u2248108秒
[00:03:11]   batch 147: 35910/91657 (39.2%) facts=73633 sanitized=1 経過=69秒 残り\u2248107秒
[00:03:12]   batch 148: 36183/91657 (39.5%) facts=74135 sanitized=1 経過=69秒 残り\u2248106秒
[00:03:12]   batch 149: 36464/91657 (39.8%) facts=74637 sanitized=1 経過=69秒 残り\u2248105秒
[00:03:12]   batch 150: 36699/91657 (40.0%) facts=75138 sanitized=1 経過=70秒 残り\u2248104秒
[00:03:12]   batch 151: 36955/91657 (40.3%) facts=75640 sanitized=1 経過=70秒 残り\u2248103秒
[00:03:12]   batch 152: 37190/91657 (40.6%) facts=76142 sanitized=1 経過=70秒 残り\u2248102秒
[00:03:12]   batch 153: 37458/91657 (40.9%) facts=76642 sanitized=1 経過=70秒 残り\u2248101秒
[00:03:12]   batch 154: 37713/91657 (41.1%) facts=77143 sanitized=1 経過=70秒 残り\u2248100秒
[00:03:13]   batch 155: 37945/91657 (41.4%) facts=77645 sanitized=1 経過=70秒 残り\u224899秒
[00:03:13]   batch 156: 38214/91657 (41.7%) facts=78146 sanitized=1 経過=70秒 残り\u224898秒
[00:03:13]   batch 157: 38436/91657 (41.9%) facts=78647 sanitized=1 経過=71秒 残り\u224898秒
[00:03:13]   batch 158: 38659/91657 (42.2%) facts=79148 sanitized=1 経過=71秒 残り\u224897秒
[00:03:13]   batch 159: 38902/91657 (42.4%) facts=79649 sanitized=1 経過=71秒 残り\u224896秒
[00:03:13]   batch 160: 39123/91657 (42.7%) facts=80151 sanitized=1 経過=71秒 残り\u224895秒
[00:03:13]   batch 161: 39362/91657 (42.9%) facts=80651 sanitized=1 経過=71秒 残り\u224895秒
[00:03:14]   batch 162: 39668/91657 (43.3%) facts=81153 sanitized=1 経過=71秒 残り\u224893秒
[00:03:14]   batch 163: 39920/91657 (43.6%) facts=81653 sanitized=1 経過=72秒 残り\u224893秒
[00:03:14]   batch 164: 40197/91657 (43.9%) facts=82155 sanitized=1 経過=72秒 残り\u224892秒
[00:03:14]   batch 165: 40462/91657 (44.1%) facts=82655 sanitized=1 経過=72秒 残り\u224891秒
[00:03:15]   batch 166: 40716/91657 (44.4%) facts=83156 sanitized=1 経過=72秒 残り\u224890秒
[00:03:15]   batch 167: 40947/91657 (44.7%) facts=83657 sanitized=1 経過=72秒 残り\u224890秒
[00:03:15]   batch 168: 41199/91657 (44.9%) facts=84159 sanitized=1 経過=73秒 残り\u224889秒
[00:03:15]   batch 169: 41450/91657 (45.2%) facts=84659 sanitized=1 経過=73秒 残り\u224888秒
[00:03:15]   batch 170: 41702/91657 (45.5%) facts=85161 sanitized=1 経過=73秒 残り\u224887秒
[00:03:15]   batch 171: 41945/91657 (45.8%) facts=85661 sanitized=1 経過=73秒 残り\u224887秒
[00:03:15]   batch 172: 42178/91657 (46.0%) facts=86163 sanitized=1 経過=73秒 残り\u224886秒
[00:03:16]   batch 173: 42430/91657 (46.3%) facts=86665 sanitized=1 経過=73秒 残り\u224885秒
[00:03:16]   batch 174: 42673/91657 (46.6%) facts=87165 sanitized=1 経過=74秒 残り\u224884秒
[00:03:16]   batch 175: 42959/91657 (46.9%) facts=87665 sanitized=1 経過=74秒 残り\u224884秒
[00:03:16]   batch 176: 43197/91657 (47.1%) facts=88165 sanitized=1 経過=74秒 残り\u224883秒
[00:03:16]   batch 177: 43435/91657 (47.4%) facts=88665 sanitized=1 経過=74秒 残り\u224882秒
[00:03:16]   batch 178: 43663/91657 (47.6%) facts=89166 sanitized=1 経過=74秒 残り\u224882秒
[00:03:17]   batch 179: 43867/91657 (47.9%) facts=89666 sanitized=1 経過=74秒 残り\u224881秒
[00:03:17]   batch 180: 44107/91657 (48.1%) facts=90166 sanitized=1 経過=74秒 残り\u224880秒
[00:03:17]   batch 181: 44338/91657 (48.4%) facts=90666 sanitized=1 経過=75秒 残り\u224880秒
[00:03:17]   batch 182: 44571/91657 (48.6%) facts=91166 sanitized=1 経過=75秒 残り\u224879秒
[00:03:17]   batch 183: 44818/91657 (48.9%) facts=91666 sanitized=1 経過=75秒 残り\u224878秒
[00:03:17]   batch 184: 45044/91657 (49.1%) facts=92168 sanitized=1 経過=75秒 残り\u224878秒
[00:03:18]   batch 185: 45255/91657 (49.4%) facts=92669 sanitized=1 経過=75秒 残り\u224877秒
[00:03:18]   batch 186: 45538/91657 (49.7%) facts=93169 sanitized=1 経過=75秒 残り\u224876秒
[00:03:18]   batch 187: 45843/91657 (50.0%) facts=93669 sanitized=1 経過=76秒 残り\u224876秒
[00:03:18]   batch 188: 46171/91657 (50.4%) facts=94169 sanitized=1 経過=76秒 残り\u224875秒
[00:03:18]   batch 189: 46426/91657 (50.7%) facts=94671 sanitized=1 経過=76秒 残り\u224874秒
[00:03:18]   batch 190: 46675/91657 (50.9%) facts=95173 sanitized=1 経過=76秒 残り\u224873秒
[00:03:19]   batch 191: 46897/91657 (51.2%) facts=95673 sanitized=1 経過=76秒 残り\u224873秒
[00:03:19]   batch 192: 47132/91657 (51.4%) facts=96173 sanitized=1 経過=76秒 残り\u224872秒
[00:03:19]   batch 193: 47383/91657 (51.7%) facts=96675 sanitized=1 経過=77秒 残り\u224872秒
[00:03:19]   batch 194: 47603/91657 (51.9%) facts=97175 sanitized=1 経過=77秒 残り\u224871秒
[00:03:19]   batch 195: 47818/91657 (52.2%) facts=97676 sanitized=1 経過=77秒 残り\u224871秒
[00:03:19]   batch 196: 48067/91657 (52.4%) facts=98177 sanitized=1 経過=77秒 残り\u224870秒
[00:03:20]   batch 197: 48286/91657 (52.7%) facts=98677 sanitized=1 経過=77秒 残り\u224869秒
[00:03:20]   batch 198: 48565/91657 (53.0%) facts=99178 sanitized=1 経過=77秒 残り\u224869秒
[00:03:20]   batch 199: 48846/91657 (53.3%) facts=99680 sanitized=1 経過=78秒 残り\u224868秒
[00:03:20]   batch 200: 49102/91657 (53.6%) facts=100182 sanitized=1 経過=78秒 残り\u224867秒
[00:03:20]   batch 201: 49351/91657 (53.8%) facts=100683 sanitized=1 経過=78秒 残り\u224867秒
[00:03:20]   batch 202: 49569/91657 (54.1%) facts=101183 sanitized=1 経過=78秒 残り\u224866秒
[00:03:21]   batch 203: 49801/91657 (54.3%) facts=101685 sanitized=1 経過=78秒 残り\u224866秒
[00:03:21]   batch 204: 50039/91657 (54.6%) facts=102185 sanitized=1 経過=78秒 残り\u224865秒
[00:03:21]   batch 205: 50280/91657 (54.9%) facts=102687 sanitized=1 経過=79秒 残り\u224865秒
[00:03:21]   batch 206: 50500/91657 (55.1%) facts=103187 sanitized=1 経過=79秒 残り\u224864秒
[00:03:21]   batch 207: 50744/91657 (55.4%) facts=103687 sanitized=1 経過=79秒 残り\u224864秒
[00:03:21]   batch 208: 51001/91657 (55.6%) facts=104188 sanitized=1 経過=79秒 残り\u224863秒
[00:03:22]   batch 209: 51230/91657 (55.9%) facts=104688 sanitized=1 経過=79秒 残り\u224863秒
[00:03:22]   batch 210: 51495/91657 (56.2%) facts=105190 sanitized=1 経過=79秒 残り\u224862秒
[00:03:22]   batch 211: 51723/91657 (56.4%) facts=105691 sanitized=1 経過=80秒 残り\u224861秒
[00:03:22]   batch 212: 51954/91657 (56.7%) facts=106193 sanitized=1 経過=80秒 残り\u224861秒
[00:03:22]   batch 213: 52196/91657 (56.9%) facts=106694 sanitized=1 経過=80秒 残り\u224860秒
[00:03:22]   batch 214: 52452/91657 (57.2%) facts=107195 sanitized=1 経過=80秒 残り\u224860秒
[00:03:22]   batch 215: 52685/91657 (57.5%) facts=107697 sanitized=1 経過=80秒 残り\u224859秒
[00:03:23]   batch 216: 52930/91657 (57.7%) facts=108198 sanitized=1 経過=80秒 残り\u224859秒
[00:03:23]   batch 217: 53163/91657 (58.0%) facts=108700 sanitized=1 経過=80秒 残り\u224858秒
[00:03:23]   batch 218: 53387/91657 (58.2%) facts=109201 sanitized=1 経過=81秒 残り\u224858秒
[00:03:23]   batch 219: 53627/91657 (58.5%) facts=109703 sanitized=1 経過=81秒 残り\u224857秒
[00:03:23]   batch 220: 53880/91657 (58.8%) facts=110205 sanitized=1 経過=81秒 残り\u224857秒
[00:03:23]   batch 221: 54130/91657 (59.1%) facts=110707 sanitized=1 経過=81秒 残り\u224856秒
[00:03:23]   batch 222: 54360/91657 (59.3%) facts=111208 sanitized=1 経過=81秒 残り\u224856秒
[00:03:24]   batch 223: 54614/91657 (59.6%) facts=111709 sanitized=1 経過=81秒 残り\u224855秒
[00:03:24]   batch 224: 54846/91657 (59.8%) facts=112211 sanitized=1 経過=82秒 残り\u224855秒
[00:03:24]   batch 225: 55092/91657 (60.1%) facts=112711 sanitized=1 経過=82秒 残り\u224854秒
[00:03:24]   batch 226: 55319/91657 (60.4%) facts=113213 sanitized=1 経過=82秒 残り\u224854秒
[00:03:24]   batch 227: 55550/91657 (60.6%) facts=113714 sanitized=1 経過=82秒 残り\u224853秒
[00:03:24]   batch 228: 55781/91657 (60.9%) facts=114215 sanitized=1 経過=82秒 残り\u224853秒
[00:03:24]   batch 229: 55981/91657 (61.1%) facts=114715 sanitized=1 経過=82秒 残り\u224852秒
[00:03:25]   batch 230: 56197/91657 (61.3%) facts=115216 sanitized=1 経過=82秒 残り\u224852秒
[00:03:25]   batch 231: 56409/91657 (61.5%) facts=115717 sanitized=1 経過=82秒 残り\u224852秒
[00:03:25]   batch 232: 56637/91657 (61.8%) facts=116217 sanitized=1 経過=83秒 残り\u224851秒
[00:03:25]   batch 233: 56864/91657 (62.0%) facts=116717 sanitized=1 経過=83秒 残り\u224851秒
[00:03:25]   batch 234: 57107/91657 (62.3%) facts=117219 sanitized=1 経過=83秒 残り\u224850秒
[00:03:25]   batch 235: 57345/91657 (62.6%) facts=117720 sanitized=1 経過=83秒 残り\u224850秒
[00:03:25]   batch 236: 57562/91657 (62.8%) facts=118220 sanitized=1 経過=83秒 残り\u224849秒
[00:03:26]   batch 237: 57779/91657 (63.0%) facts=118720 sanitized=1 経過=83秒 残り\u224849秒
[00:03:26]   batch 238: 58023/91657 (63.3%) facts=119220 sanitized=1 経過=83秒 残り\u224848秒
[00:03:26]   batch 239: 58257/91657 (63.6%) facts=119720 sanitized=1 経過=84秒 残り\u224848秒
[00:03:26]   batch 240: 58499/91657 (63.8%) facts=120222 sanitized=1 経過=84秒 残り\u224847秒
[00:03:26]   batch 241: 58750/91657 (64.1%) facts=120723 sanitized=1 経過=84秒 残り\u224847秒
[00:03:26]   batch 242: 58966/91657 (64.3%) facts=121225 sanitized=1 経過=84秒 残り\u224847秒
[00:03:26]   batch 243: 59208/91657 (64.6%) facts=121725 sanitized=1 経過=84秒 残り\u224846秒
[00:03:27]   batch 244: 59452/91657 (64.9%) facts=122225 sanitized=1 経過=84秒 残り\u224846秒
[00:03:27]   batch 245: 59670/91657 (65.1%) facts=122725 sanitized=1 経過=84秒 残り\u224845秒
[00:03:27]   batch 246: 59928/91657 (65.4%) facts=123225 sanitized=1 経過=85秒 残り\u224845秒
[00:03:27]   batch 247: 60197/91657 (65.7%) facts=123727 sanitized=1 経過=85秒 残り\u224844秒
[00:03:27]   batch 248: 60449/91657 (66.0%) facts=124229 sanitized=1 経過=85秒 残り\u224844秒
[00:03:27]   batch 249: 60682/91657 (66.2%) facts=124729 sanitized=1 経過=85秒 残り\u224843秒
[00:03:27]   batch 250: 60919/91657 (66.5%) facts=125231 sanitized=1 経過=85秒 残り\u224843秒
[00:03:28]   batch 251: 61142/91657 (66.7%) facts=125732 sanitized=1 経過=85秒 残り\u224843秒
[00:03:28]   batch 252: 61378/91657 (67.0%) facts=126233 sanitized=1 経過=85秒 残り\u224842秒
[00:03:28]   batch 253: 61624/91657 (67.2%) facts=126735 sanitized=1 経過=86秒 残り\u224842秒
[00:03:28]   batch 254: 61872/91657 (67.5%) facts=127237 sanitized=1 経過=86秒 残り\u224841秒
[00:03:28]   batch 255: 62104/91657 (67.8%) facts=127737 sanitized=1 経過=86秒 残り\u224841秒
[00:03:28]   batch 256: 62338/91657 (68.0%) facts=128238 sanitized=1 経過=86秒 残り\u224840秒
[00:03:28] [SANITIZE] scaled超過 (2.27e+16): col=gross_profit val=22732000000.0 ticker=80570 fye=2026-03-31 Q=1Q
[00:03:28]   batch 257: 62578/91657 (68.3%) facts=128740 sanitized=2 経過=86秒 残り\u224840秒
[00:03:29]   batch 258: 62819/91657 (68.5%) facts=129241 sanitized=2 経過=86秒 残り\u224840秒
[00:03:29]   batch 259: 63059/91657 (68.8%) facts=129743 sanitized=2 経過=86秒 残り\u224839秒
[00:03:29]   batch 260: 63292/91657 (69.1%) facts=130245 sanitized=2 経過=87秒 残り\u224839秒
[00:03:29]   batch 261: 63532/91657 (69.3%) facts=130746 sanitized=2 経過=87秒 残り\u224838秒
[00:03:29]   batch 262: 63777/91657 (69.6%) facts=131246 sanitized=2 経過=87秒 残り\u224838秒
[00:03:29]   batch 263: 64043/91657 (69.9%) facts=131747 sanitized=2 経過=87秒 残り\u224837秒
[00:03:29]   batch 264: 64284/91657 (70.1%) facts=132248 sanitized=2 経過=87秒 残り\u224837秒
[00:03:30]   batch 265: 64519/91657 (70.4%) facts=132749 sanitized=2 経過=87秒 残り\u224837秒
[00:03:30]   batch 266: 64736/91657 (70.6%) facts=133250 sanitized=2 経過=87秒 残り\u224836秒
[00:03:30]   batch 267: 64958/91657 (70.9%) facts=133752 sanitized=2 経過=87秒 残り\u224836秒
[00:03:30]   batch 268: 65196/91657 (71.1%) facts=134253 sanitized=2 経過=88秒 残り\u224836秒
[00:03:30]   batch 269: 65451/91657 (71.4%) facts=134753 sanitized=2 経過=88秒 残り\u224835秒
[00:03:30]   batch 270: 65695/91657 (71.7%) facts=135255 sanitized=2 経過=88秒 残り\u224835秒
[00:03:30]   batch 271: 65926/91657 (71.9%) facts=135755 sanitized=2 経過=88秒 残り\u224834秒
[00:03:30]   batch 272: 66168/91657 (72.2%) facts=136255 sanitized=2 経過=88秒 残り\u224834秒
[00:03:31]   batch 273: 66396/91657 (72.4%) facts=136755 sanitized=2 経過=88秒 残り\u224834秒
[00:03:31]   batch 274: 66636/91657 (72.7%) facts=137255 sanitized=2 経過=89秒 残り\u224833秒
[00:03:31]   batch 275: 66853/91657 (72.9%) facts=137756 sanitized=2 経過=89秒 残り\u224833秒
[00:03:31]   batch 276: 67085/91657 (73.2%) facts=138258 sanitized=2 経過=89秒 残り\u224833秒
[00:03:31]   batch 277: 67324/91657 (73.5%) facts=138759 sanitized=2 経過=89秒 残り\u224832秒
[00:03:32]   batch 278: 67581/91657 (73.7%) facts=139261 sanitized=2 経過=89秒 残り\u224832秒
[00:03:32]   batch 279: 67796/91657 (74.0%) facts=139762 sanitized=2 経過=89秒 残り\u224831秒
[00:03:32]   batch 280: 68045/91657 (74.2%) facts=140264 sanitized=2 経過=90秒 残り\u224831秒
[00:03:32]   batch 281: 68277/91657 (74.5%) facts=140765 sanitized=2 経過=90秒 残り\u224831秒
[00:03:32]   batch 282: 68515/91657 (74.8%) facts=141265 sanitized=2 経過=90秒 残り\u224830秒
[00:03:32]   batch 283: 68751/91657 (75.0%) facts=141766 sanitized=2 経過=90秒 残り\u224830秒
[00:03:32]   batch 284: 69001/91657 (75.3%) facts=142266 sanitized=2 経過=90秒 残り\u224830秒
[00:03:33]   batch 285: 69247/91657 (75.6%) facts=142767 sanitized=2 経過=90秒 残り\u224829秒
[00:03:33]   batch 286: 69486/91657 (75.8%) facts=143268 sanitized=2 経過=90秒 残り\u224829秒
[00:03:33]   batch 287: 69713/91657 (76.1%) facts=143768 sanitized=2 経過=91秒 残り\u224829秒
[00:03:33]   batch 288: 69971/91657 (76.3%) facts=144269 sanitized=2 経過=91秒 残り\u224828秒
[00:03:33]   batch 289: 70220/91657 (76.6%) facts=144771 sanitized=2 経過=91秒 残り\u224828秒
[00:03:33]   batch 290: 70472/91657 (76.9%) facts=145271 sanitized=2 経過=91秒 残り\u224827秒
[00:03:34]   batch 291: 70706/91657 (77.1%) facts=145772 sanitized=2 経過=91秒 残り\u224827秒
[00:03:34]   batch 292: 70934/91657 (77.4%) facts=146274 sanitized=2 経過=91秒 残り\u224827秒
[00:03:34]   batch 293: 71162/91657 (77.6%) facts=146775 sanitized=2 経過=91秒 残り\u224826秒
[00:03:34]   batch 294: 71384/91657 (77.9%) facts=147276 sanitized=2 経過=92秒 残り\u224826秒
[00:03:34]   batch 295: 71601/91657 (78.1%) facts=147776 sanitized=2 経過=92秒 残り\u224826秒
[00:03:34]   batch 296: 71853/91657 (78.4%) facts=148276 sanitized=2 経過=92秒 残り\u224825秒
[00:03:34]   batch 297: 72078/91657 (78.6%) facts=148776 sanitized=2 経過=92秒 残り\u224825秒
[00:03:35]   batch 298: 72328/91657 (78.9%) facts=149277 sanitized=2 経過=92秒 残り\u224825秒
[00:03:35]   batch 299: 72577/91657 (79.2%) facts=149777 sanitized=2 経過=92秒 残り\u224824秒
[00:03:35]   batch 300: 72859/91657 (79.5%) facts=150279 sanitized=2 経過=93秒 残り\u224824秒
[00:03:35]   batch 301: 73101/91657 (79.8%) facts=150779 sanitized=2 経過=93秒 残り\u224824秒
[00:03:35]   batch 302: 73365/91657 (80.0%) facts=151280 sanitized=2 経過=93秒 残り\u224823秒
[00:03:35]   batch 303: 73617/91657 (80.3%) facts=151782 sanitized=2 経過=93秒 残り\u224823秒
[00:03:35]   batch 304: 73857/91657 (80.6%) facts=152283 sanitized=2 経過=93秒 残り\u224822秒
[00:03:36]   batch 305: 74114/91657 (80.9%) facts=152784 sanitized=2 経過=93秒 残り\u224822秒
[00:03:36]   batch 306: 74345/91657 (81.1%) facts=153286 sanitized=2 経過=93秒 残り\u224822秒
[00:03:36]   batch 307: 74570/91657 (81.4%) facts=153788 sanitized=2 経過=94秒 残り\u224821秒
[00:03:36]   batch 308: 74812/91657 (81.6%) facts=154289 sanitized=2 経過=94秒 残り\u224821秒
[00:03:36]   batch 309: 75056/91657 (81.9%) facts=154791 sanitized=2 経過=94秒 残り\u224821秒
[00:03:36]   batch 310: 75284/91657 (82.1%) facts=155291 sanitized=2 経過=94秒 残り\u224820秒
[00:03:36]   batch 311: 75506/91657 (82.4%) facts=155792 sanitized=2 経過=94秒 残り\u224820秒
[00:03:37]   batch 312: 75761/91657 (82.7%) facts=156294 sanitized=2 経過=94秒 残り\u224820秒
[00:03:37]   batch 313: 75998/91657 (82.9%) facts=156794 sanitized=2 経過=94秒 残り\u224819秒
[00:03:37]   batch 314: 76260/91657 (83.2%) facts=157296 sanitized=2 経過=95秒 残り\u224819秒
[00:03:37]   batch 315: 76520/91657 (83.5%) facts=157797 sanitized=2 経過=95秒 残り\u224819秒
[00:03:37]   batch 316: 76792/91657 (83.8%) facts=158297 sanitized=2 経過=95秒 残り\u224818秒
[00:03:37]   batch 317: 77072/91657 (84.1%) facts=158799 sanitized=2 経過=95秒 残り\u224818秒
[00:03:37]   batch 318: 77354/91657 (84.4%) facts=159301 sanitized=2 経過=95秒 残り\u224818秒
[00:03:38]   batch 319: 77603/91657 (84.7%) facts=159801 sanitized=2 経過=95秒 残り\u224817秒
[00:03:38]   batch 320: 77892/91657 (85.0%) facts=160301 sanitized=2 経過=95秒 残り\u224817秒
[00:03:38]   batch 321: 78261/91657 (85.4%) facts=160801 sanitized=2 経過=96秒 残り\u224816秒
[00:03:38]   batch 322: 78529/91657 (85.7%) facts=161303 sanitized=2 経過=96秒 残り\u224816秒
[00:03:38]   batch 323: 78787/91657 (86.0%) facts=161805 sanitized=2 経過=96秒 残り\u224816秒
[00:03:38]   batch 324: 79058/91657 (86.3%) facts=162307 sanitized=2 経過=96秒 残り\u224815秒
[00:03:39]   batch 325: 79310/91657 (86.5%) facts=162808 sanitized=2 経過=96秒 残り\u224815秒
[00:03:39]   batch 326: 79570/91657 (86.8%) facts=163309 sanitized=2 経過=96秒 残り\u224815秒
[00:03:39]   batch 327: 79820/91657 (87.1%) facts=163811 sanitized=2 経過=96秒 残り\u224814秒
[00:03:39]   batch 328: 80073/91657 (87.4%) facts=164311 sanitized=2 経過=97秒 残り\u224814秒
[00:03:39]   batch 329: 80335/91657 (87.6%) facts=164811 sanitized=2 経過=97秒 残り\u224814秒
[00:03:39]   batch 330: 80565/91657 (87.9%) facts=165312 sanitized=2 経過=97秒 残り\u224813秒
[00:03:39]   batch 331: 80832/91657 (88.2%) facts=165813 sanitized=2 経過=97秒 残り\u224813秒
[00:03:40]   batch 332: 81087/91657 (88.5%) facts=166313 sanitized=2 経過=97秒 残り\u224813秒
[00:03:40]   batch 333: 81339/91657 (88.7%) facts=166813 sanitized=2 経過=97秒 残り\u224812秒
[00:03:40]   batch 334: 81582/91657 (89.0%) facts=167315 sanitized=2 経過=98秒 残り\u224812秒
[00:03:40]   batch 335: 81852/91657 (89.3%) facts=167816 sanitized=2 経過=98秒 残り\u224812秒
[00:03:40]   batch 336: 82093/91657 (89.6%) facts=168318 sanitized=2 経過=98秒 残り\u224811秒
[00:03:40]   batch 337: 82343/91657 (89.8%) facts=168818 sanitized=2 経過=98秒 残り\u224811秒
[00:03:40]   batch 338: 82600/91657 (90.1%) facts=169318 sanitized=2 経過=98秒 残り\u224811秒
[00:03:41]   batch 339: 82871/91657 (90.4%) facts=169818 sanitized=2 経過=98秒 残り\u224810秒
[00:03:41]   batch 340: 83112/91657 (90.7%) facts=170320 sanitized=2 経過=98秒 残り\u224810秒
[00:03:41]   batch 341: 83386/91657 (91.0%) facts=170822 sanitized=2 経過=99秒 残り\u224810秒
[00:03:41]   batch 342: 83706/91657 (91.3%) facts=171323 sanitized=2 経過=99秒 残り\u22489秒
[00:03:41]   batch 343: 84010/91657 (91.7%) facts=171823 sanitized=2 経過=99秒 残り\u22489秒
[00:03:41]   batch 344: 84361/91657 (92.0%) facts=172324 sanitized=2 経過=99秒 残り\u22489秒
[00:03:41]   batch 345: 84645/91657 (92.3%) facts=172826 sanitized=2 経過=99秒 残り\u22488秒
[00:03:42]   batch 346: 84954/91657 (92.7%) facts=173326 sanitized=2 経過=99秒 残り\u22488秒
[00:03:42]   batch 347: 85248/91657 (93.0%) facts=173828 sanitized=2 経過=99秒 残り\u22487秒
[00:03:42]   batch 348: 85591/91657 (93.4%) facts=174329 sanitized=2 経過=100秒 残り\u22487秒
[00:03:42]   batch 349: 85888/91657 (93.7%) facts=174829 sanitized=2 経過=100秒 残り\u22487秒
[00:03:42]   batch 350: 86171/91657 (94.0%) facts=175331 sanitized=2 経過=100秒 残り\u22486秒
[00:03:42]   batch 351: 86532/91657 (94.4%) facts=175832 sanitized=2 経過=100秒 残り\u22486秒
[00:03:42]   batch 352: 86799/91657 (94.7%) facts=176334 sanitized=2 経過=100秒 残り\u22486秒
[00:03:43]   batch 353: 87080/91657 (95.0%) facts=176834 sanitized=2 経過=100秒 残り\u22485秒
[00:03:43]   batch 354: 87384/91657 (95.3%) facts=177336 sanitized=2 経過=100秒 残り\u22485秒
[00:03:43]   batch 355: 87782/91657 (95.8%) facts=177836 sanitized=2 経過=100秒 残り\u22484秒
[00:03:43]   batch 356: 88139/91657 (96.2%) facts=178337 sanitized=2 経過=101秒 残り\u22484秒
[00:03:43]   batch 357: 88476/91657 (96.5%) facts=178838 sanitized=2 経過=101秒 残り\u22484秒
[00:03:43]   batch 358: 88776/91657 (96.9%) facts=179338 sanitized=2 経過=101秒 残り\u22483秒
[00:03:44]   batch 359: 89161/91657 (97.3%) facts=179838 sanitized=2 経過=101秒 残り\u22483秒
[00:03:44]   batch 360: 89496/91657 (97.6%) facts=180339 sanitized=2 経過=102秒 残り\u22482秒
[00:03:44]   batch 361: 89781/91657 (98.0%) facts=180840 sanitized=2 経過=102秒 残り\u22482秒
[00:03:44]   batch 362: 90151/91657 (98.4%) facts=181340 sanitized=2 経過=102秒 残り\u22482秒
[00:03:44]   batch 363: 90448/91657 (98.7%) facts=181840 sanitized=2 経過=102秒 残り\u22481秒
[00:03:44] [SANITIZE] scaled超過 (1.33e+16): col=gross_profit val=13307000000.0 ticker=72790 fye=2026-10-31 Q=1Q
[00:03:45]   batch 364: 90762/91657 (99.0%) facts=182341 sanitized=3 経過=102秒 残り\u22481秒
[00:03:45]   batch 365: 91125/91657 (99.4%) facts=182842 sanitized=3 経過=102秒 残り\u22481秒
[00:03:45]   batch 366: 91545/91657 (99.9%) facts=183344 sanitized=3 経過=103秒 残り\u22480秒
[00:03:45] [SANITIZE] scaled超過 (2.41e+17): col=sales val=241236000000.0 ticker=25900 fye=2026-01-31 Q=4Q
[00:03:45] [SANITIZE] scaled超過 (1.09e+17): col=gross_profit val=109000000000.0 ticker=25900 fye=2026-01-31 Q=4Q
[00:03:45] [SANITIZE] scaled超過 (3.70e+16): col=sales val=36954000000.0 ticker=66350 fye=2025-12-31 Q=4Q
[00:03:45] [SANITIZE] scaled超過 (1.74e+17): col=sales val=174081000000.0 ticker=80570 fye=2026-07-31 Q=4Q
[00:03:45] [SANITIZE] scaled超過 (2.41e+17): col=sales val=241236000000.0 ticker=259 fye=2026-01-31 Q=4Q
[00:03:45] [SANITIZE] scaled超過 (1.09e+17): col=gross_profit val=109000000000.0 ticker=259 fye=2026-01-31 Q=4Q
[00:03:45] [SANITIZE] scaled超過 (3.70e+16): col=sales val=36954000000.0 ticker=6635 fye=2025-12-31 Q=4Q
[00:03:45] [SANITIZE] scaled超過 (1.74e+17): col=sales val=174081000000.0 ticker=8057 fye=2026-07-31 Q=4Q
[00:03:45] [SANITIZE] scaled超過 (4.20e+18): col=sales val=4197922000000.0 ticker=1928 fye=2026-01-31 Q=4Q
[00:03:45] [SANITIZE] scaled超過 (8.40e+17): col=gross_profit val=839819000000.0 ticker=1928 fye=2026-01-31 Q=4Q
[00:03:45] [SANITIZE] scaled超過 (3.41e+17): col=operating_profit val=341402000000.0 ticker=1928 fye=2026-01-31 Q=4Q
[00:03:45] [SANITIZE] scaled超過 (2.02e+16): col=sales val=20246000000.0 ticker=759 fye=2026-01-31 Q=4Q
[00:03:45] [SANITIZE] scaled超過 (3.93e+16): col=sales val=39324000000.0 ticker=291 fye=2026-04-30 Q=4Q
[00:03:45] [SANITIZE] scaled超過 (2.26e+16): col=gross_profit val=22559000000.0 ticker=291 fye=2026-04-30 Q=4Q
[00:03:45] [SANITIZE] scaled超過 (3.63e+16): col=sales val=36272000000.0 ticker=9824 fye=2026-10-31 Q=4Q
[00:03:45] [SANITIZE] scaled超過 (1.06e+17): col=sales val=105571000000.0 ticker=7279 fye=2026-10-31 Q=4Q
[00:03:45] [SANITIZE] scaled超過 (3.57e+16): col=sales val=35709000000.0 ticker=4331 fye=2025-12-31 Q=4Q
[00:03:45] [SANITIZE] scaled超過 (2.42e+16): col=gross_profit val=24169000000.0 ticker=4331 fye=2025-12-31 Q=4Q
[00:03:45] [SANITIZE] scaled超過 (1.50e+16): col=sales val=14961000000.0 ticker=319A fye=2025-12-31 Q=4Q
[00:03:45] [SANITIZE] scaled超過 (9.40e+15): col=sales val=9404000000.0 ticker=3733 fye=2026-10-31 Q=4Q
[00:03:45] [SANITIZE] scaled超過 (1.04e+16): col=sales val=10360000000.0 ticker=3854 fye=2026-07-31 Q=4Q
[00:03:45] [SANITIZE] scaled超過 (2.13e+16): col=sales val=21258000000.0 ticker=1873 fye=2026-04-30 Q=4Q
[00:03:45] [SANITIZE] scaled超過 (9.37e+15): col=gross_profit val=9369000000.0 ticker=1873 fye=2026-04-30 Q=4Q
[00:03:45] [SANITIZE] scaled超過 (1.99e+16): col=sales val=19909000000.0 ticker=2353 fye=2026-07-31 Q=4Q
[00:03:45] [SANITIZE] scaled超過 (1.26e+16): col=sales val=12599000000.0 ticker=4238 fye=2026-01-31 Q=4Q
[00:03:45] [SANITIZE] scaled超過 (2.97e+17): col=sales val=297273000000.0 ticker=4151 fye=2025-12-31 Q=4Q
[00:03:45] [SANITIZE] scaled超過 (6.00e+16): col=operating_profit val=60047000000.0 ticker=4151 fye=2025-12-31 Q=4Q
[00:03:45] [SANITIZE] scaled超過 (3.90e+16): col=sales val=39033000000.0 ticker=2751 fye=2026-04-30 Q=3Q
[00:03:45] [SANITIZE] scaled超過 (1.58e+16): col=gross_profit val=15805000000.0 ticker=2751 fye=2026-04-30 Q=3Q
[00:03:45] [SANITIZE] scaled超過 (2.45e+16): col=sales val=24490000000.0 ticker=7435 fye=2026-04-30 Q=3Q
[00:03:45] [SANITIZE] scaled超過 (2.21e+16): col=sales val=22126000000.0 ticker=272A fye=2026-04-30 Q=3Q
[00:03:45]   → facts 完了: 183463 件 (sanitized=34) (103.0秒)
[00:03:45] [SANITIZE] === 異常値サマリ: 34 件 ===
[00:03:45] [SANITIZE] 列別件数:
[00:03:45]   sales: 22 件
[00:03:45]   gross_profit: 9 件
[00:03:45]   operating_profit: 3 件
[00:03:45] [SANITIZE] ticker別 上位5:
[00:03:45]   1928: 3 件
[00:03:45]   80570: 2 件
[00:03:45]   25900: 2 件
[00:03:45]   259: 2 件
[00:03:45]   291: 2 件
[00:03:45] [SANITIZE] 該当行 詳細:
[00:03:45]   [1] ticker=46850 fye=2028-03-31 Q=2Q col=operating_profit val=5.4e+303 reason=元値が10^16超 (5.40e+303) cause=巨大値 (指数=304, 単位誤りの疑い)
[00:03:45]   [2] ticker=80570 fye=2026-03-31 Q=1Q col=gross_profit val=22732000000.0 reason=scaled超過 (2.27e+16) cause=不明 (scaled超過 (2.27e+16))
[00:03:45]        source_doc_id=e841bf3c059516595530fd6204437bf65d7ec30540c80564652f66bb195ccd68
[00:03:45]   [3] ticker=72790 fye=2026-10-31 Q=1Q col=gross_profit val=13307000000.0 reason=scaled超過 (1.33e+16) cause=不明 (scaled超過 (1.33e+16))
[00:03:45]        source_doc_id=b4b2ef997a78b4db3eeeb2218569892eede2d5cb43e142c1e6295810345636cb
[00:03:45]   [4] ticker=25900 fye=2026-01-31 Q=4Q col=sales val=241236000000.0 reason=scaled超過 (2.41e+17) cause=不明 (scaled超過 (2.41e+17))
[00:03:45]        source_doc_id=e575776114b44bcb1a5194ba09f3cb6f0f6a321057235838a8f8e6e7e2fcbeb4
[00:03:45]        source_url=https://webapi.yanoshin.jp/rd.php?https://www.release.tdnet.info/inbs/140120260304575305.pdf
[00:03:45]   [5] ticker=25900 fye=2026-01-31 Q=4Q col=gross_profit val=109000000000.0 reason=scaled超過 (1.09e+17) cause=不明 (scaled超過 (1.09e+17))
[00:03:45]        source_doc_id=e575776114b44bcb1a5194ba09f3cb6f0f6a321057235838a8f8e6e7e2fcbeb4
[00:03:45]        source_url=https://webapi.yanoshin.jp/rd.php?https://www.release.tdnet.info/inbs/140120260304575305.pdf
[00:03:45]   [6] ticker=66350 fye=2025-12-31 Q=4Q col=sales val=36954000000.0 reason=scaled超過 (3.70e+16) cause=不明 (scaled超過 (3.70e+16))
[00:03:45]        source_doc_id=fb5f157a80c7fef595ba383922642f5e653728903fb109536214f6a75c646cdc
[00:03:45]        source_url=https://webapi.yanoshin.jp/rd.php?https://www.release.tdnet.info/inbs/140120260227571645.pdf
[00:03:45]   [7] ticker=80570 fye=2026-07-31 Q=4Q col=sales val=174081000000.0 reason=scaled超過 (1.74e+17) cause=不明 (scaled超過 (1.74e+17))
[00:03:45]        source_doc_id=d7226d204ef18e1ed8bb7a5899c561d05ccfe4ae6703c55d87bb690986d122e5
[00:03:45]        source_url=https://webapi.yanoshin.jp/rd.php?https://www.release.tdnet.info/inbs/140120260304575655.pdf
[00:03:45]   [8] ticker=259 fye=2026-01-31 Q=4Q col=sales val=241236000000.0 reason=scaled超過 (2.41e+17) cause=不明 (scaled超過 (2.41e+17))
[00:03:45]        source_doc_id=e575776114b44bcb1a5194ba09f3cb6f0f6a321057235838a8f8e6e7e2fcbeb4
[00:03:45]        source_url=https://webapi.yanoshin.jp/rd.php?https://www.release.tdnet.info/inbs/140120260304575305.pdf
[00:03:45]   [9] ticker=259 fye=2026-01-31 Q=4Q col=gross_profit val=109000000000.0 reason=scaled超過 (1.09e+17) cause=不明 (scaled超過 (1.09e+17))
[00:03:45]        source_doc_id=e575776114b44bcb1a5194ba09f3cb6f0f6a321057235838a8f8e6e7e2fcbeb4
[00:03:45]        source_url=https://webapi.yanoshin.jp/rd.php?https://www.release.tdnet.info/inbs/140120260304575305.pdf
[00:03:45]   [10] ticker=6635 fye=2025-12-31 Q=4Q col=sales val=36954000000.0 reason=scaled超過 (3.70e+16) cause=不明 (scaled超過 (3.70e+16))
[00:03:45]        source_doc_id=fb5f157a80c7fef595ba383922642f5e653728903fb109536214f6a75c646cdc
[00:03:45]        source_url=https://webapi.yanoshin.jp/rd.php?https://www.release.tdnet.info/inbs/140120260227571645.pdf
[00:03:45]   [11] ticker=8057 fye=2026-07-31 Q=4Q col=sales val=174081000000.0 reason=scaled超過 (1.74e+17) cause=不明 (scaled超過 (1.74e+17))
[00:03:45]        source_doc_id=d7226d204ef18e1ed8bb7a5899c561d05ccfe4ae6703c55d87bb690986d122e5
[00:03:45]        source_url=https://webapi.yanoshin.jp/rd.php?https://www.release.tdnet.info/inbs/140120260304575655.pdf
[00:03:45]   [12] ticker=1928 fye=2026-01-31 Q=4Q col=sales val=4197922000000.0 reason=scaled超過 (4.20e+18) cause=不明 (scaled超過 (4.20e+18))
[00:03:45]        source_doc_id=9d76a7718fd1f381aaa5e6324c6483557df5cfd581c4cbf3e0dae838cf4b560c
[00:03:45]        source_url=https://webapi.yanoshin.jp/rd.php?https://www.release.tdnet.info/inbs/140120260304576061.pdf
[00:03:45]   [13] ticker=1928 fye=2026-01-31 Q=4Q col=gross_profit val=839819000000.0 reason=scaled超過 (8.40e+17) cause=不明 (scaled超過 (8.40e+17))
[00:03:45]        source_doc_id=9d76a7718fd1f381aaa5e6324c6483557df5cfd581c4cbf3e0dae838cf4b560c
[00:03:45]        source_url=https://webapi.yanoshin.jp/rd.php?https://www.release.tdnet.info/inbs/140120260304576061.pdf
[00:03:45]   [14] ticker=1928 fye=2026-01-31 Q=4Q col=operating_profit val=341402000000.0 reason=scaled超過 (3.41e+17) cause=不明 (scaled超過 (3.41e+17))
[00:03:45]        source_doc_id=9d76a7718fd1f381aaa5e6324c6483557df5cfd581c4cbf3e0dae838cf4b560c
[00:03:45]        source_url=https://webapi.yanoshin.jp/rd.php?https://www.release.tdnet.info/inbs/140120260304576061.pdf
[00:03:45]   [15] ticker=759 fye=2026-01-31 Q=4Q col=sales val=20246000000.0 reason=scaled超過 (2.02e+16) cause=不明 (scaled超過 (2.02e+16))
[00:03:45]        source_doc_id=52c4ddf5b8a757f7a0fa6b86a5c8c870a08556f468efdc20732724f2e124f8f0
[00:03:45]        source_url=https://webapi.yanoshin.jp/rd.php?https://www.release.tdnet.info/inbs/140120260304576008.pdf
[00:03:45]   [16] ticker=291 fye=2026-04-30 Q=4Q col=sales val=39324000000.0 reason=scaled超過 (3.93e+16) cause=不明 (scaled超過 (3.93e+16))
[00:03:45]        source_doc_id=ffa599449c7eba4ccff0dbaab62e50a9d3444b0897f214f8df277114943261a9
[00:03:45]        source_url=https://webapi.yanoshin.jp/rd.php?https://www.release.tdnet.info/inbs/140120260305576912.pdf
[00:03:45]   [17] ticker=291 fye=2026-04-30 Q=4Q col=gross_profit val=22559000000.0 reason=scaled超過 (2.26e+16) cause=不明 (scaled超過 (2.26e+16))
[00:03:45]        source_doc_id=ffa599449c7eba4ccff0dbaab62e50a9d3444b0897f214f8df277114943261a9
[00:03:45]        source_url=https://webapi.yanoshin.jp/rd.php?https://www.release.tdnet.info/inbs/140120260305576912.pdf
[00:03:45]   [18] ticker=9824 fye=2026-10-31 Q=4Q col=sales val=36272000000.0 reason=scaled超過 (3.63e+16) cause=不明 (scaled超過 (3.63e+16))
[00:03:45]        source_doc_id=4e11da79cdcad4fcffef85bb9d36b2733ce836e1cf8302e50965897230f9788e
[00:03:45]        source_url=https://webapi.yanoshin.jp/rd.php?https://www.release.tdnet.info/inbs/140120260306577313.pdf
[00:03:45]   [19] ticker=7279 fye=2026-10-31 Q=4Q col=sales val=105571000000.0 reason=scaled超過 (1.06e+17) cause=不明 (scaled超過 (1.06e+17))
[00:03:45]        source_doc_id=ab63c6d2d446d9c2f632e486b3df8c58e407220657979a279e330ec78862edb3
[00:03:45]        source_url=https://webapi.yanoshin.jp/rd.php?https://www.release.tdnet.info/inbs/140120260225569178.pdf
[00:03:45]   [20] ticker=4331 fye=2025-12-31 Q=4Q col=sales val=35709000000.0 reason=scaled超過 (3.57e+16) cause=不明 (scaled超過 (3.57e+16))
[00:03:45]        source_doc_id=d3137e4f111f0f539c8893d87fd13fdce2cea68267321916cd948ec2b4155c14
[00:03:45]        source_url=https://webapi.yanoshin.jp/rd.php?https://www.release.tdnet.info/inbs/140120260306577795.pdf
[00:03:45]   [21] ticker=4331 fye=2025-12-31 Q=4Q col=gross_profit val=24169000000.0 reason=scaled超過 (2.42e+16) cause=不明 (scaled超過 (2.42e+16))
[00:03:45]        source_doc_id=d3137e4f111f0f539c8893d87fd13fdce2cea68267321916cd948ec2b4155c14
[00:03:45]        source_url=https://webapi.yanoshin.jp/rd.php?https://www.release.tdnet.info/inbs/140120260306577795.pdf
[00:03:45]   [22] ticker=319A fye=2025-12-31 Q=4Q col=sales val=14961000000.0 reason=scaled超過 (1.50e+16) cause=不明 (scaled超過 (1.50e+16))
[00:03:45]        source_doc_id=9014af0bc4a71d5222f9df6d516bb5f5c5c07e11f6f6fdd75981bc970a826303
[00:03:45]        source_url=https://webapi.yanoshin.jp/rd.php?https://www.release.tdnet.info/inbs/140120260305576615.pdf
[00:03:45]   [23] ticker=3733 fye=2026-10-31 Q=4Q col=sales val=9404000000.0 reason=scaled超過 (9.40e+15) cause=不明 (scaled超過 (9.40e+15))
[00:03:45]        source_doc_id=32fdea10e56e3506484abf9098217243b23bb68f28b0ba8241c0aa10bc48209d
[00:03:45]        source_url=https://webapi.yanoshin.jp/rd.php?https://www.release.tdnet.info/inbs/140120260305576840.pdf
[00:03:45]   [24] ticker=3854 fye=2026-07-31 Q=4Q col=sales val=10360000000.0 reason=scaled超過 (1.04e+16) cause=不明 (scaled超過 (1.04e+16))
[00:03:45]        source_doc_id=256b5590dd07ec504e21db6fcf1de41d2f5853ecf6ef25dd47cc3445ae8090e8
[00:03:45]        source_url=https://webapi.yanoshin.jp/rd.php?https://www.release.tdnet.info/inbs/140120260305576562.pdf
[00:03:45]   [25] ticker=1873 fye=2026-04-30 Q=4Q col=sales val=21258000000.0 reason=scaled超過 (2.13e+16) cause=不明 (scaled超過 (2.13e+16))
[00:03:45]        source_doc_id=7c45903fd67bf2785e8d64084ab575ba31ec3177327ebe7b44111d2c3c7c5170
[00:03:45]        source_url=https://webapi.yanoshin.jp/rd.php?https://www.release.tdnet.info/inbs/140120260305576938.pdf
[00:03:45]   [26] ticker=1873 fye=2026-04-30 Q=4Q col=gross_profit val=9369000000.0 reason=scaled超過 (9.37e+15) cause=不明 (scaled超過 (9.37e+15))
[00:03:45]        source_doc_id=7c45903fd67bf2785e8d64084ab575ba31ec3177327ebe7b44111d2c3c7c5170
[00:03:45]        source_url=https://webapi.yanoshin.jp/rd.php?https://www.release.tdnet.info/inbs/140120260305576938.pdf
[00:03:45]   [27] ticker=2353 fye=2026-07-31 Q=4Q col=sales val=19909000000.0 reason=scaled超過 (1.99e+16) cause=不明 (scaled超過 (1.99e+16))
[00:03:45]        source_doc_id=3fb293c6144b058c4201bee77af52dd057547d62b7e797474cd5cd27ae778f48
[00:03:45]        source_url=https://webapi.yanoshin.jp/rd.php?https://www.release.tdnet.info/inbs/140120260204547040.pdf
[00:03:45]   [28] ticker=4238 fye=2026-01-31 Q=4Q col=sales val=12599000000.0 reason=scaled超過 (1.26e+16) cause=不明 (scaled超過 (1.26e+16))
[00:03:45]        source_doc_id=964c8c619be16af3676300139135520a8a39d03543d596d2e31f01dd0c507e37
[00:03:45]        source_url=https://webapi.yanoshin.jp/rd.php?https://www.release.tdnet.info/inbs/140120260309578131.pdf
[00:03:45]   [29] ticker=4151 fye=2025-12-31 Q=4Q col=sales val=297273000000.0 reason=scaled超過 (2.97e+17) cause=不明 (scaled超過 (2.97e+17))
[00:03:45]        source_doc_id=9d396d53bffc2a4e9732a375acd489e80681d3a6ad8bf5dee29ae20221b6a35a
[00:03:45]        source_url=https://webapi.yanoshin.jp/rd.php?https://www.release.tdnet.info/inbs/140120260305576118.pdf
[00:03:45]   [30] ticker=4151 fye=2025-12-31 Q=4Q col=operating_profit val=60047000000.0 reason=scaled超過 (6.00e+16) cause=不明 (scaled超過 (6.00e+16))
[00:03:45]        source_doc_id=9d396d53bffc2a4e9732a375acd489e80681d3a6ad8bf5dee29ae20221b6a35a
[00:03:45]        source_url=https://webapi.yanoshin.jp/rd.php?https://www.release.tdnet.info/inbs/140120260305576118.pdf
[00:03:45]   [31] ticker=2751 fye=2026-04-30 Q=3Q col=sales val=39033000000.0 reason=scaled超過 (3.90e+16) cause=不明 (scaled超過 (3.90e+16))
[00:03:45]        source_doc_id=451836c04e6916888315c5028d59c3d34c49bd9279e1392a406bb3899d9f9bfc
[00:03:45]        source_url=https://webapi.yanoshin.jp/rd.php?https://www.release.tdnet.info/inbs/140120260311579423.pdf
[00:03:45]   [32] ticker=2751 fye=2026-04-30 Q=3Q col=gross_profit val=15805000000.0 reason=scaled超過 (1.58e+16) cause=不明 (scaled超過 (1.58e+16))
[00:03:45]        source_doc_id=451836c04e6916888315c5028d59c3d34c49bd9279e1392a406bb3899d9f9bfc
[00:03:45]        source_url=https://webapi.yanoshin.jp/rd.php?https://www.release.tdnet.info/inbs/140120260311579423.pdf
[00:03:45]   [33] ticker=7435 fye=2026-04-30 Q=3Q col=sales val=24490000000.0 reason=scaled超過 (2.45e+16) cause=不明 (scaled超過 (2.45e+16))
[00:03:45]        source_doc_id=2d75ae803c956a0bac0de2aae57d6762abfd11cc214af9dde49fda2f6a36566f
[00:03:45]        source_url=https://webapi.yanoshin.jp/rd.php?https://www.release.tdnet.info/inbs/140120260225568936.pdf
[00:03:45]   [34] ticker=272A fye=2026-04-30 Q=3Q col=sales val=22126000000.0 reason=scaled超過 (2.21e+16) cause=不明 (scaled超過 (2.21e+16))
[00:03:45]        source_doc_id=bca2c05252e7cdcfed1fb19392437b5430b2c15cc60a4aa299309f9999bee545
[00:03:45]        source_url=https://webapi.yanoshin.jp/rd.php?https://www.release.tdnet.info/inbs/140120260305576734.pdf
[00:03:45] [SANITIZE] === サマリ終了 (34 件) ===
[00:03:45] [Phase 5/5] TDnet → public.financials upsert...
[00:03:45] [FINANCIALS] ticker=78490→7849 origin=jquants
[00:03:45] [FINANCIALS] ticker=78490→7849 origin=jquants
[00:03:45] [FINANCIALS] ticker=78490→7849 origin=jquants
[00:03:45] [FINANCIALS] ticker=78490→7849 origin=jquants
[00:03:45] [FINANCIALS] ticker=78490→7849 origin=jquants
[00:03:47] [FINANCIALS] quarantine: 733件を serving から除外
[00:03:47]   QUARANTINE: 7780 2022-03-31 FY sales=None gp=None op=4451 source=jquants reason=FY行で sales+gp が共に None（不完全行）
[00:03:47]   QUARANTINE: 7780 2020-03-31 FY sales=None gp=None op=0 source=jquants reason=FY行で sales+gp が共に None（不完全行）
[00:03:47]   QUARANTINE: 6360 2020-03-31 FY sales=None gp=None op=0 source=jquants reason=FY行で sales+gp が共に None（不完全行）
[00:03:47]   QUARANTINE: 7593 2020-03-31 FY sales=None gp=None op=0 source=jquants reason=FY行で sales+gp が共に None（不完全行）
[00:03:47]   QUARANTINE: 7912 2020-03-31 FY sales=None gp=None op=0 source=jquants reason=FY行で sales+gp が共に None（不完全行）
[00:03:47]   QUARANTINE: 7914 2020-03-31 FY sales=None gp=None op=0 source=jquants reason=FY行で sales+gp が共に None（不完全行）
[00:03:47]   QUARANTINE: 7911 2020-03-31 FY sales=None gp=None op=0 source=jquants reason=FY行で sales+gp が共に None（不完全行）
[00:03:47]   QUARANTINE: 5192 2019-03-31 FY sales=None gp=None op=0 source=jquants reason=FY行で sales+gp が共に None（不完全行）
[00:03:47]   QUARANTINE: 5192 2020-03-31 FY sales=None gp=None op=0 source=jquants reason=FY行で sales+gp が共に None（不完全行）
[00:03:47]   QUARANTINE: 2264 2020-03-31 FY sales=None gp=None op=0 source=jquants reason=FY行で sales+gp が共に None（不完全行）
[00:03:47]   QUARANTINE: 7810 2020-03-31 FY sales=None gp=None op=0 source=jquants reason=FY行で sales+gp が共に None（不完全行）
[00:03:47]   QUARANTINE: 7810 2021-03-31 FY sales=None gp=None op=0 source=jquants reason=FY行で sales+gp が共に None（不完全行）
[00:03:47]   QUARANTINE: 7810 2022-03-31 FY sales=None gp=None op=0 source=jquants reason=FY行で sales+gp が共に None（不完全行）
[00:03:47]   QUARANTINE: 4256 2020-03-31 FY sales=None gp=None op=0 source=jquants reason=FY行で sales+gp が共に None（不完全行）
[00:03:47]   QUARANTINE: 4256 2021-03-31 FY sales=None gp=None op=0 source=jquants reason=FY行で sales+gp が共に None（不完全行）
[00:03:47]   QUARANTINE: 2201 2020-03-31 FY sales=None gp=None op=0 source=jquants reason=FY行で sales+gp が共に None（不完全行）
[00:03:47]   QUARANTINE: 1433 2027-03-31 FY sales=None gp=None op=1200 source=jquants reason=FY行で sales+gp が共に None（不完全行）
[00:03:47]   QUARANTINE: 3908 2028-03-31 FY sales=None gp=None op=50 source=jquants reason=FY行で sales+gp が共に None（不完全行）
[00:03:47]   QUARANTINE: 3908 2021-03-31 FY sales=None gp=None op=0 source=jquants reason=FY行で sales+gp が共に None（不完全行）
[00:03:47]   QUARANTINE: 3908 2020-03-31 FY sales=None gp=None op=0 source=jquants reason=FY行で sales+gp が共に None（不完全行）
[00:03:47]   QUARANTINE: 6518 2025-03-31 FY sales=None gp=None op=0 source=jquants reason=FY行で sales+gp が共に None（不完全行）
[00:03:47]   QUARANTINE: 3635 2023-03-31 FY sales=None gp=None op=0 source=jquants reason=FY行で sales+gp が共に None（不完全行）
[00:03:47]   QUARANTINE: 3678 2021-02-28 FY sales=None gp=None op=0 source=jquants reason=FY行で sales+gp が共に None（不完全行）
[00:03:47]   QUARANTINE: 2487 2022-12-31 FY sales=None gp=None op=0 source=jquants reason=FY行で sales+gp が共に None（不完全行）
[00:03:47]   QUARANTINE: 3895 2026-03-31 FY sales=None gp=None op=500 source=jquants reason=FY行で sales+gp が共に None（不完全行）
[00:03:47]   QUARANTINE: 4401 2020-03-31 FY sales=None gp=None op=0 source=jquants reason=FY行で sales+gp が共に None（不完全行）
[00:03:47]   QUARANTINE: 3825 2020-03-31 FY sales=None gp=None op=0 source=jquants reason=FY行で sales+gp が共に None（不完全行）
[00:03:47]   QUARANTINE: 6332 2020-03-31 FY sales=None gp=None op=0 source=jquants reason=FY行で sales+gp が共に None（不完全行）
[00:03:47]   QUARANTINE: 2892 2028-03-31 FY sales=None gp=None op=1300 source=jquants reason=FY行で sales+gp が共に None（不完全行）
[00:03:47]   QUARANTINE: 2892 2027-03-31 FY sales=None gp=None op=1300 source=jquants reason=FY行で sales+gp が共に None（不完全行）
[00:03:47]   QUARANTINE: 2480 2022-03-31 FY sales=None gp=None op=0 source=jquants reason=FY行で sales+gp が共に None（不完全行）
[00:03:47]   QUARANTINE: 4243 2020-03-31 FY sales=None gp=None op=0 source=jquants reason=FY行で sales+gp が共に None（不完全行）
[00:03:47]   QUARANTINE: 7518 2025-03-31 FY sales=None gp=None op=0 source=jquants reason=FY行で sales+gp が共に None（不完全行）
[00:03:47]   QUARANTINE: 7134 2020-03-31 FY sales=None gp=None op=0 source=jquants reason=FY行で sales+gp が共に None（不完全行）
[00:03:47]   QUARANTINE: 7134 2021-03-31 FY sales=None gp=None op=0 source=jquants reason=FY行で sales+gp が共に None（不完全行）
[00:03:47]   QUARANTINE: 2788 2020-03-31 FY sales=None gp=None op=0 source=jquants reason=FY行で sales+gp が共に None（不完全行）
[00:03:47]   QUARANTINE: 9987 2025-03-31 FY sales=None gp=None op=10830 source=jquants reason=FY行で sales+gp が共に None（不完全行）
[00:03:47]   QUARANTINE: 3910 2021-03-31 FY sales=None gp=None op=0 source=jquants reason=FY行で sales+gp が共に None（不完全行）
[00:03:47]   QUARANTINE: 4180 2020-03-31 FY sales=None gp=None op=0 source=jquants reason=FY行で sales+gp が共に None（不完全行）
[00:03:47]   QUARANTINE: 7133 2020-03-31 FY sales=None gp=None op=0 source=jquants reason=FY行で sales+gp が共に None（不完全行）
[00:03:47]   QUARANTINE: 7839 2021-09-30 FY sales=None gp=None op=0 source=jquants reason=FY行で sales+gp が共に None（不完全行）
[00:03:47]   QUARANTINE: 3773 2028-03-31 FY sales=None gp=None op=0 source=jquants reason=FY行で sales+gp が共に None（不完全行）
[00:03:47]   QUARANTINE: 9533 2020-03-31 FY sales=None gp=None op=0 source=jquants reason=FY行で sales+gp が共に None（不完全行）
[00:03:47]   QUARANTINE: 9532 2025-03-31 FY sales=None gp=None op=0 source=jquants reason=FY行で sales+gp が共に None（不完全行）
[00:03:47]   QUARANTINE: 6180 2020-12-31 FY sales=None gp=None op=0 source=jquants reason=FY行で sales+gp が共に None（不完全行）
[00:03:47]   QUARANTINE: 5727 2022-03-31 FY sales=None gp=None op=0 source=jquants reason=FY行で sales+gp が共に None（不完全行）
[00:03:47]   QUARANTINE: 2150 2026-12-31 FY sales=None gp=None op=2500 source=jquants reason=FY行で sales+gp が共に None（不完全行）
[00:03:47]   QUARANTINE: 7739 2020-03-31 FY sales=None gp=None op=0 source=jquants reason=FY行で sales+gp が共に None（不完全行）
[00:03:47]   QUARANTINE: 6026 2027-12-31 FY sales=None gp=None op=960 source=jquants reason=FY行で sales+gp が共に None（不完全行）
[00:03:47]   QUARANTINE: 6305 2021-03-31 FY sales=None gp=None op=0 source=jquants reason=FY行で sales+gp が共に None（不完全行）
[00:03:47]   QUARANTINE: 7974 2021-03-31 FY sales=None gp=None op=0 source=jquants reason=FY行で sales+gp が共に None（不完全行）
[00:03:47]   QUARANTINE: 4072 2027-12-31 FY sales=None gp=None op=0 source=jquants reason=FY行で sales+gp が共に None（不完全行）
[00:03:47]   QUARANTINE: 6701 2027-03-31 FY sales=None gp=None op=360000 source=jquants reason=FY行で sales+gp が共に None（不完全行）
[00:03:47]   QUARANTINE: 9020 2020-03-31 FY sales=None gp=None op=0 source=jquants reason=FY行で sales+gp が共に None（不完全行）
[00:03:47]   QUARANTINE: 2483 2028-03-31 FY sales=None gp=None op=900 source=jquants reason=FY行で sales+gp が共に None（不完全行）
[00:03:47]   QUARANTINE: 2483 2027-03-31 FY sales=None gp=None op=900 source=jquants reason=FY行で sales+gp が共に None（不完全行）
[00:03:47]   QUARANTINE: 6227 2028-06-30 FY sales=None gp=None op=0 source=jquants reason=FY行で sales+gp が共に None（不完全行）
[00:03:47]   QUARANTINE: 4911 2021-12-31 FY sales=None gp=None op=0 source=jquants reason=FY行で sales+gp が共に None（不完全行）
[00:03:47]   QUARANTINE: 4911 2019-12-31 FY sales=None gp=None op=0 source=jquants reason=FY行で sales+gp が共に None（不完全行）
[00:03:47]   QUARANTINE: 3690 2020-09-30 FY sales=None gp=None op=0 source=jquants reason=FY行で sales+gp が共に None（不完全行）
[00:03:47]   QUARANTINE: 9702 2020-11-30 FY sales=None gp=None op=0 source=jquants reason=FY行で sales+gp が共に None（不完全行）
[00:03:47]   QUARANTINE: 4368 2027-03-31 FY sales=None gp=None op=17500 source=jquants reason=FY行で sales+gp が共に None（不完全行）
[00:03:47]   QUARANTINE: 6448 2028-03-31 FY sales=None gp=None op=73000 source=jquants reason=FY行で sales+gp が共に None（不完全行）
[00:03:47]   QUARANTINE: 6448 2027-03-31 FY sales=None gp=None op=73000 source=jquants reason=FY行で sales+gp が共に None（不完全行）
[00:03:47]   QUARANTINE: 3901 2020-12-31 FY sales=None gp=None op=0 source=jquants reason=FY行で sales+gp が共に None（不完全行）
[00:03:47]   QUARANTINE: 9622 2020-03-31 FY sales=None gp=None op=0 source=jquants reason=FY行で sales+gp が共に None（不完全行）
[00:03:47]   QUARANTINE: 2676 2020-03-31 FY sales=None gp=None op=0 source=jquants reason=FY行で sales+gp が共に None（不完全行）
[00:03:47]   QUARANTINE: 2607 2027-03-31 FY sales=None gp=None op=37250 source=jquants reason=FY行で sales+gp が共に None（不完全行）
[00:03:47]   QUARANTINE: 2533 2020-03-31 FY sales=None gp=None op=0 source=jquants reason=FY行で sales+gp が共に None（不完全行）
[00:03:47]   QUARANTINE: 6186 2020-03-31 FY sales=None gp=None op=0 source=jquants reason=FY行で sales+gp が共に None（不完全行）
[00:03:47]   QUARANTINE: 4202 2021-03-31 FY sales=None gp=None op=0 source=jquants reason=FY行で sales+gp が共に None（不完全行）
[00:03:47]   QUARANTINE: 9416 2020-12-31 FY sales=None gp=None op=0 source=jquants reason=FY行で sales+gp が共に None（不完全行）
[00:03:47]   QUARANTINE: 6817 2025-12-31 FY sales=None gp=None op=5900 source=jquants reason=FY行で sales+gp が共に None（不完全行）
[00:03:47]   QUARANTINE: 6817 2020-03-31 FY sales=None gp=None op=0 source=jquants reason=FY行で sales+gp が共に None（不完全行）
[00:03:47]   QUARANTINE: 8153 2020-03-31 FY sales=None gp=None op=0 source=jquants reason=FY行で sales+gp が共に None（不完全行）
[00:03:47]   QUARANTINE: 2467 2020-03-31 FY sales=None gp=None op=0 source=jquants reason=FY行で sales+gp が共に None（不完全行）
[00:03:47]   QUARANTINE: 3904 2026-12-31 FY sales=None gp=None op=800 source=jquants reason=FY行で sales+gp が共に None（不完全行）
[00:03:47]   QUARANTINE: 3904 2020-03-31 FY sales=None gp=None op=0 source=jquants reason=FY行で sales+gp が共に None（不完全行）
[00:03:47]   QUARANTINE: 4392 2020-03-31 FY sales=None gp=None op=0 source=jquants reason=FY行で sales+gp が共に None（不完全行）
[00:03:47]   QUARANTINE: 3659 2020-03-31 FY sales=None gp=None op=0 source=jquants reason=FY行で sales+gp が共に None（不完全行）
[00:03:47]   QUARANTINE: 2588 2021-03-31 FY sales=None gp=None op=0 source=jquants reason=FY行で sales+gp が共に None（不完全行）
[00:03:47]   QUARANTINE: 4124 2021-09-30 FY sales=None gp=None op=0 source=jquants reason=FY行で sales+gp が共に None（不完全行）
[00:03:47]   QUARANTINE: 4189 2020-12-31 FY sales=None gp=None op=0 source=jquants reason=FY行で sales+gp が共に None（不完全行）
[00:03:47]   QUARANTINE: 9164 2020-03-31 FY sales=None gp=None op=0 source=jquants reason=FY行で sales+gp が共に None（不完全行）
[00:03:47]   QUARANTINE: 9163 2020-03-31 FY sales=None gp=None op=0 source=jquants reason=FY行で sales+gp が共に None（不完全行）
[00:03:47]   QUARANTINE: 5582 2020-03-31 FY sales=None gp=None op=0 source=jquants reason=FY行で sales+gp が共に None（不完全行）
[00:03:47]   QUARANTINE: 4893 2020-03-31 FY sales=None gp=None op=0 source=jquants reason=FY行で sales+gp が共に None（不完全行）
[00:03:47]   QUARANTINE: 4893 2021-03-31 FY sales=None gp=None op=0 source=jquants reason=FY行で sales+gp が共に None（不完全行）
[00:03:47]   QUARANTINE: 4893 2024-03-31 FY sales=None gp=None op=0 source=jquants reason=FY行で sales+gp が共に None（不完全行）
[00:03:47]   QUARANTINE: 4894 2020-03-31 FY sales=None gp=None op=0 source=jquants reason=FY行で sales+gp が共に None（不完全行）
[00:03:47]   QUARANTINE: 5576 2020-03-31 FY sales=None gp=None op=0 source=jquants reason=FY行で sales+gp が共に None（不完全行）
[00:03:47]   QUARANTINE: 3040 2022-03-31 FY sales=None gp=None op=50 source=jquants reason=FY行で sales+gp が共に None（不完全行）
[00:03:47]   QUARANTINE: 6312 2027-02-28 FY sales=None gp=None op=0 source=jquants reason=FY行で sales+gp が共に None（不完全行）
[00:03:47]   QUARANTINE: 7729 2028-03-31 FY sales=None gp=None op=32000 source=jquants reason=FY行で sales+gp が共に None（不完全行）
[00:03:47]   QUARANTINE: 6656 2022-03-31 FY sales=None gp=None op=0 source=jquants reason=FY行で sales+gp が共に None（不完全行）
[00:03:47]   QUARANTINE: 7725 2028-05-31 FY sales=None gp=None op=590 source=jquants reason=FY行で sales+gp が共に None（不完全行）
[00:03:47]   QUARANTINE: 6327 2021-03-31 FY sales=None gp=None op=1707 source=jquants reason=FY行で sales+gp が共に None（不完全行）
[00:03:47]   QUARANTINE: 8185 2020-03-31 FY sales=None gp=None op=0 source=jquants reason=FY行で sales+gp が共に None（不完全行）
[00:03:47]   QUARANTINE: 3550 2022-02-28 FY sales=None gp=None op=-2800 source=jquants reason=FY行で sales+gp が共に None（不完全行）
[00:03:47]   QUARANTINE: 2670 2020-03-31 FY sales=None gp=None op=0 source=jquants reason=FY行で sales+gp が共に None（不完全行）
[00:03:47]   QUARANTINE: 3160 2020-03-31 FY sales=None gp=None op=0 source=jquants reason=FY行で sales+gp が共に None（不完全行）
[00:03:47]   QUARANTINE: 3160 2028-03-31 FY sales=None gp=None op=0 source=jquants reason=FY行で sales+gp が共に None（不完全行）
[00:03:47]   QUARANTINE: 2138 2026-03-31 FY sales=None gp=None op=30 source=jquants reason=FY行で sales+gp が共に None（不完全行）
[00:03:47]   QUARANTINE: 3921 2020-01-31 FY sales=None gp=None op=0 source=jquants reason=FY行で sales+gp が共に None（不完全行）
[00:03:47]   QUARANTINE: 3089 2027-11-30 FY sales=None gp=None op=0 source=jquants reason=FY行で sales+gp が共に None（不完全行）
[00:03:47]   QUARANTINE: 5609 2020-03-31 FY sales=None gp=None op=0 source=jquants reason=FY行で sales+gp が共に None（不完全行）
[00:03:47]   QUARANTINE: 6076 2023-11-30 FY sales=None gp=None op=0 source=jquants reason=FY行で sales+gp が共に None（不完全行）
[00:03:47]   QUARANTINE: 1960 2020-03-31 FY sales=None gp=None op=0 source=jquants reason=FY行で sales+gp が共に None（不完全行）
[00:03:47]   QUARANTINE: 6273 2028-03-31 FY sales=None gp=None op=191000 source=jquants reason=FY行で sales+gp が共に None（不完全行）
[00:03:47]   QUARANTINE: 6273 2026-03-31 FY sales=None gp=None op=191000 source=jquants reason=FY行で sales+gp が共に None（不完全行）
[00:03:47]   QUARANTINE: 6166 2022-03-31 FY sales=None gp=None op=0 source=jquants reason=FY行で sales+gp が共に None（不完全行）
[00:03:47]   QUARANTINE: 6384 2026-03-31 FY sales=None gp=None op=466 source=jquants reason=FY行で sales+gp が共に None（不完全行）
[00:03:47]   QUARANTINE: 6092 2024-03-31 FY sales=None gp=None op=0 source=jquants reason=FY行で sales+gp が共に None（不完全行）
[00:03:47]   QUARANTINE: 6433 2027-03-31 FY sales=None gp=None op=102 source=jquants reason=FY行で sales+gp が共に None（不完全行）
[00:03:47]   QUARANTINE: 6996 2027-03-31 FY sales=None gp=None op=6000 source=jquants reason=FY行で sales+gp が共に None（不完全行）
[00:03:47]   QUARANTINE: 8119 2019-03-31 FY sales=None gp=None op=0 source=jquants reason=FY行で sales+gp が共に None（不完全行）
[00:03:47]   QUARANTINE: 8119 2020-03-31 FY sales=None gp=None op=0 source=jquants reason=FY行で sales+gp が共に None（不完全行）
[00:03:47]   QUARANTINE: 7226 2020-03-31 FY sales=None gp=None op=0 source=jquants reason=FY行で sales+gp が共に None（不完全行）
[00:03:47]   QUARANTINE: 9908 2019-03-31 FY sales=None gp=None op=0 source=jquants reason=FY行で sales+gp が共に None（不完全行）
[00:03:47]   QUARANTINE: 9908 2020-03-31 FY sales=None gp=None op=0 source=jquants reason=FY行で sales+gp が共に None（不完全行）
[00:03:47]   QUARANTINE: 7709 2019-03-31 FY sales=None gp=None op=0 source=jquants reason=FY行で sales+gp が共に None（不完全行）
[00:03:47]   QUARANTINE: 7709 2020-03-31 FY sales=None gp=None op=0 source=jquants reason=FY行で sales+gp が共に None（不完全行）
[00:03:47]   QUARANTINE: 5133 2029-03-31 FY sales=None gp=None op=115 source=jquants reason=FY行で sales+gp が共に None（不完全行）
[00:03:47]   QUARANTINE: 9991 2020-03-31 FY sales=None gp=None op=0 source=jquants reason=FY行で sales+gp が共に None（不完全行）
[00:03:47]   QUARANTINE: 3321 2027-05-31 FY sales=None gp=None op=3000 source=jquants reason=FY行で sales+gp が共に None（不完全行）
[00:03:47]   QUARANTINE: 5445 2021-03-31 FY sales=None gp=None op=0 source=jquants reason=FY行で sales+gp が共に None（不完全行）
[00:03:47]   QUARANTINE: 6482 2019-03-31 FY sales=None gp=None op=0 source=jquants reason=FY行で sales+gp が共に None（不完全行）
[00:03:47]   QUARANTINE: 6482 2020-03-31 FY sales=None gp=None op=0 source=jquants reason=FY行で sales+gp が共に None（不完全行）
[00:03:47]   QUARANTINE: 7581 2028-08-31 FY sales=None gp=None op=0 source=jquants reason=FY行で sales+gp が共に None（不完全行）
[00:03:47]   QUARANTINE: 7581 2027-08-31 FY sales=None gp=None op=0 source=jquants reason=FY行で sales+gp が共に None（不完全行）
[00:03:47]   QUARANTINE: 7581 2026-08-31 FY sales=None gp=None op=16600 source=jquants reason=FY行で sales+gp が共に None（不完全行）
[00:03:47]   QUARANTINE: 7581 2022-08-31 FY sales=None gp=None op=0 source=jquants reason=FY行で sales+gp が共に None（不完全行）
[00:03:47]   QUARANTINE: 2491 2027-12-31 FY sales=None gp=None op=0 source=jquants reason=FY行で sales+gp が共に None（不完全行）
[00:03:47]   QUARANTINE: 2491 2026-12-31 FY sales=None gp=None op=0 source=jquants reason=FY行で sales+gp が共に None（不完全行）
[00:03:47]   QUARANTINE: 2778 2027-02-28 FY sales=None gp=None op=350 source=jquants reason=FY行で sales+gp が共に None（不完全行）
[00:03:47]   QUARANTINE: 2726 2028-02-29 FY sales=None gp=None op=26400 source=jquants reason=FY行で sales+gp が共に None（不完全行）
[00:03:47]   QUARANTINE: 2726 2027-02-28 FY sales=None gp=None op=26400 source=jquants reason=FY行で sales+gp が共に None（不完全行）
[00:03:47]   QUARANTINE: 2726 2022-03-31 FY sales=None gp=None op=0 source=jquants reason=FY行で sales+gp が共に None（不完全行）
[00:03:47]   QUARANTINE: 2331 2024-03-31 FY sales=None gp=None op=0 source=jquants reason=FY行で sales+gp が共に None（不完全行）
[00:03:47]   QUARANTINE: 6954 2028-03-31 FY sales=None gp=None op=0 source=jquants reason=FY行で sales+gp が共に None（不完全行）
[00:03:47]   QUARANTINE: 6954 2022-03-31 FY sales=None gp=None op=0 source=jquants reason=FY行で sales+gp が共に None（不完全行）
[00:03:47]   QUARANTINE: 6506 2028-02-29 FY sales=None gp=None op=60000 source=jquants reason=FY行で sales+gp が共に None（不完全行）
[00:03:47]   QUARANTINE: 6506 2027-02-28 FY sales=None gp=None op=60000 source=jquants reason=FY行で sales+gp が共に None（不完全行）
[00:03:47]   QUARANTINE: 7970 2022-03-31 FY sales=None gp=None op=6500 source=jquants reason=FY行で sales+gp が共に None（不完全行）
[00:03:47]   QUARANTINE: 6855 2029-03-31 FY sales=None gp=None op=0 source=jquants reason=FY行で sales+gp が共に None（不完全行）
[00:03:47]   QUARANTINE: 6855 2028-03-31 FY sales=None gp=None op=0 source=jquants reason=FY行で sales+gp が共に None（不完全行）
[00:03:47]   QUARANTINE: 7994 2020-03-31 FY sales=None gp=None op=0 source=jquants reason=FY行で sales+gp が共に None（不完全行）
[00:03:47]   QUARANTINE: 3317 2020-03-31 FY sales=None gp=None op=0 source=jquants reason=FY行で sales+gp が共に None（不完全行）
[00:03:47]   QUARANTINE: 6645 2026-03-31 FY sales=None gp=None op=0 source=jquants reason=FY行で sales+gp が共に None（不完全行）
[00:03:47]   QUARANTINE: 2760 2028-03-31 FY sales=None gp=None op=10000 source=jquants reason=FY行で sales+gp が共に None（不完全行）
[00:03:47]   QUARANTINE: 2760 2027-03-31 FY sales=None gp=None op=10000 source=jquants reason=FY行で sales+gp が共に None（不完全行）
[00:03:47]   QUARANTINE: 2760 2020-03-31 FY sales=None gp=None op=0 source=jquants reason=FY行で sales+gp が共に None（不完全行）
[00:03:47]   QUARANTINE: 8035 2028-03-31 FY sales=None gp=None op=0 source=jquants reason=FY行で sales+gp が共に None（不完全行）
[00:03:47]   QUARANTINE: 8035 2027-03-31 FY sales=None gp=None op=0 source=jquants reason=FY行で sales+gp が共に None（不完全行）
[00:03:47]   QUARANTINE: 2705 2020-03-31 FY sales=None gp=None op=0 source=jquants reason=FY行で sales+gp が共に None（不完全行）
[00:03:47]   QUARANTINE: 3132 2028-03-31 FY sales=None gp=None op=42000 source=jquants reason=FY行で sales+gp が共に None（不完全行）
[00:03:47]   QUARANTINE: 7995 2019-03-31 FY sales=None gp=None op=0 source=jquants reason=FY行で sales+gp が共に None（不完全行）
[00:03:47]   QUARANTINE: 7995 2023-10-31 FY sales=None gp=None op=0 source=jquants reason=FY行で sales+gp が共に None（不完全行）
[00:03:47]   QUARANTINE: 5395 2025-12-31 FY sales=None gp=None op=148 source=jquants reason=FY行で sales+gp が共に None（不完全行）
[00:03:47]   QUARANTINE: 5395 2020-03-31 FY sales=None gp=None op=0 source=jquants reason=FY行で sales+gp が共に None（不完全行）
[00:03:47]   QUARANTINE: 4963 2024-03-31 FY sales=None gp=None op=0 source=jquants reason=FY行で sales+gp が共に None（不完全行）
[00:03:47]   QUARANTINE: 9218 2022-03-31 FY sales=None gp=None op=0 source=jquants reason=FY行で sales+gp が共に None（不完全行）
[00:03:47]   QUARANTINE: 3374 2028-03-31 FY sales=None gp=None op=810 source=jquants reason=FY行で sales+gp が共に None（不完全行）
[00:03:47]   QUARANTINE: 3374 2027-03-31 FY sales=None gp=None op=810 source=jquants reason=FY行で sales+gp が共に None（不完全行）
[00:03:47]   QUARANTINE: 6391 2019-03-31 FY sales=None gp=None op=0 source=jquants reason=FY行で sales+gp が共に None（不完全行）
[00:03:47]   QUARANTINE: 6391 2020-03-31 FY sales=None gp=None op=0 source=jquants reason=FY行で sales+gp が共に None（不完全行）
[00:03:47]   QUARANTINE: 5248 2020-03-31 FY sales=None gp=None op=0 source=jquants reason=FY行で sales+gp が共に None（不完全行）
[00:03:47]   QUARANTINE: 5248 2021-03-31 FY sales=None gp=None op=0 source=jquants reason=FY行で sales+gp が共に None（不完全行）
[00:03:47]   QUARANTINE: 7241 2022-03-31 FY sales=None gp=None op=0 source=jquants reason=FY行で sales+gp が共に None（不完全行）
[00:03:47]   QUARANTINE: 7510 2020-03-31 FY sales=None gp=None op=0 source=jquants reason=FY行で sales+gp が共に None（不完全行）
[00:03:47]   QUARANTINE: 6724 2019-03-31 FY sales=None gp=None op=0 source=jquants reason=FY行で sales+gp が共に None（不完全行）
[00:03:47]   QUARANTINE: 9889 2021-03-31 FY sales=None gp=None op=0 source=jquants reason=FY行で sales+gp が共に None（不完全行）
[00:03:47]   QUARANTINE: 4416 2020-03-31 FY sales=None gp=None op=0 source=jquants reason=FY行で sales+gp が共に None（不完全行）
[00:03:47]   QUARANTINE: 2737 2027-03-31 FY sales=None gp=None op=8800 source=jquants reason=FY行で sales+gp が共に None（不完全行）
[00:03:47]   QUARANTINE: 2737 2020-03-31 FY sales=None gp=None op=0 source=jquants reason=FY行で sales+gp が共に None（不完全行）
[00:03:47]   QUARANTINE: 6629 2026-03-31 FY sales=None gp=None op=1500 source=jquants reason=FY行で sales+gp が共に None（不完全行）
[00:03:47]   QUARANTINE: 4043 2020-03-31 FY sales=None gp=None op=0 source=jquants reason=FY行で sales+gp が共に None（不完全行）
[00:03:47]   QUARANTINE: 6407 2022-03-31 FY sales=None gp=None op=0 source=jquants reason=FY行で sales+gp が共に None（不完全行）
[00:03:47]   QUARANTINE: 4348 2023-03-31 FY sales=None gp=None op=0 source=jquants reason=FY行で sales+gp が共に None（不完全行）
[00:03:47]   QUARANTINE: 4348 2022-03-31 FY sales=None gp=None op=0 source=jquants reason=FY行で sales+gp が共に None（不完全行）
[00:03:47]   QUARANTINE: 7732 2021-03-31 FY sales=None gp=None op=0 source=jquants reason=FY行で sales+gp が共に None（不完全行）
[00:03:47]   QUARANTINE: 6823 2020-03-31 FY sales=None gp=None op=0 source=jquants reason=FY行で sales+gp が共に None（不完全行）
[00:03:47]   QUARANTINE: 6928 2020-03-31 FY sales=None gp=None op=0 source=jquants reason=FY行で sales+gp が共に None（不完全行）
[00:03:47]   QUARANTINE: 5702 2022-03-31 FY sales=None gp=None op=0 source=jquants reason=FY行で sales+gp が共に None（不完全行）
[00:03:47]   QUARANTINE: 4113 2020-03-31 FY sales=None gp=None op=0 source=jquants reason=FY行で sales+gp が共に None（不完全行）
[00:03:47]   QUARANTINE: 6196 2027-09-30 FY sales=None gp=None op=0 source=jquants reason=FY行で sales+gp が共に None（不完全行）
[00:03:47]   QUARANTINE: 6196 2022-03-31 FY sales=None gp=None op=0 source=jquants reason=FY行で sales+gp が共に None（不完全行）
[00:03:47]   QUARANTINE: 3388 2020-03-31 FY sales=None gp=None op=0 source=jquants reason=FY行で sales+gp が共に None（不完全行）
[00:03:47]   QUARANTINE: 5191 2020-03-31 FY sales=None gp=None op=0 source=jquants reason=FY行で sales+gp が共に None（不完全行）
[00:03:47]   QUARANTINE: 7011 2020-03-31 FY sales=None gp=None op=0 source=jquants reason=FY行で sales+gp が共に None（不完全行）
[00:03:47]   QUARANTINE: 3738 2022-03-31 FY sales=None gp=None op=0 source=jquants reason=FY行で sales+gp が共に None（不完全行）
[00:03:47]   QUARANTINE: 4975 2027-03-31 FY sales=None gp=None op=10700 source=jquants reason=FY行で sales+gp が共に None（不完全行）
[00:03:47]   QUARANTINE: 4975 2020-03-31 FY sales=None gp=None op=0 source=jquants reason=FY行で sales+gp が共に None（不完全行）
[00:03:47]   QUARANTINE: 6849 2019-03-31 FY sales=None gp=None op=0 source=jquants reason=FY行で sales+gp が共に None（不完全行）
[00:03:47]   QUARANTINE: 6908 2028-03-31 FY sales=None gp=None op=0 source=jquants reason=FY行で sales+gp が共に None（不完全行）
[00:03:47]   QUARANTINE: 3891 2023-03-31 FY sales=None gp=None op=1900 source=jquants reason=FY行で sales+gp が共に None（不完全行）
[00:03:47]   QUARANTINE: 6503 2020-03-31 FY sales=None gp=None op=0 source=jquants reason=FY行で sales+gp が共に None（不完全行）
[00:03:47]   QUARANTINE: 3835 2025-03-31 FY sales=None gp=None op=0 source=jquants reason=FY行で sales+gp が共に None（不完全行）
[00:03:47]   QUARANTINE: 9928 2020-03-31 FY sales=None gp=None op=0 source=jquants reason=FY行で sales+gp が共に None（不完全行）
[00:03:47]   QUARANTINE: 9366 2020-03-31 FY sales=None gp=None op=0 source=jquants reason=FY行で sales+gp が共に None（不完全行）
[00:03:47]   QUARANTINE: 6157 2020-03-31 FY sales=None gp=None op=0 source=jquants reason=FY行で sales+gp が共に None（不完全行）
[00:03:47]   QUARANTINE: 2282 2026-03-31 FY sales=None gp=None op=64000 source=jquants reason=FY行で sales+gp が共に None（不完全行）
[00:03:47]   QUARANTINE: 5079 2025-03-31 FY sales=None gp=None op=1350 source=jquants reason=FY行で sales+gp が共に None（不完全行）
[00:03:47]   QUARANTINE: 2376 2020-03-31 FY sales=None gp=None op=0 source=jquants reason=FY行で sales+gp が共に None（不完全行）
[00:03:47]   QUARANTINE: 4120 2020-03-31 FY sales=None gp=None op=0 source=jquants reason=FY行で sales+gp が共に None（不完全行）
[00:03:47]   QUARANTINE: 7214 2022-03-31 FY sales=None gp=None op=0 source=jquants reason=FY行で sales+gp が共に None（不完全行）
[00:03:47]   QUARANTINE: 2930 2028-03-31 FY sales=None gp=None op=897 source=jquants reason=FY行で sales+gp が共に None（不完全行）
[00:03:47]   QUARANTINE: 2930 2027-03-31 FY sales=None gp=None op=897 source=jquants reason=FY行で sales+gp が共に None（不完全行）
[00:03:47]   QUARANTINE: 6762 2021-03-31 FY sales=None gp=None op=0 source=jquants reason=FY行で sales+gp が共に None（不完全行）
[00:03:47]   QUARANTINE: 3946 2020-03-31 FY sales=None gp=None op=0 source=jquants reason=FY行で sales+gp が共に None（不完全行）
[00:03:47]   QUARANTINE: 6516 2020-03-31 FY sales=None gp=None op=0 source=jquants reason=FY行で sales+gp が共に None（不完全行）
[00:03:47]   QUARANTINE: 6590 2026-03-31 FY sales=None gp=None op=12500 source=jquants reason=FY行で sales+gp が共に None（不完全行）
[00:03:47]   QUARANTINE: 6590 2020-03-31 FY sales=None gp=None op=0 source=jquants reason=FY行で sales+gp が共に None（不完全行）
[00:03:47]   QUARANTINE: 7212 2020-03-31 FY sales=None gp=None op=0 source=jquants reason=FY行で sales+gp が共に None（不完全行）
[00:03:47]   QUARANTINE: 6392 2020-03-31 FY sales=None gp=None op=0 source=jquants reason=FY行で sales+gp が共に None（不完全行）
[00:03:47]   QUARANTINE: 2226 2020-03-31 FY sales=None gp=None op=0 source=jquants reason=FY行で sales+gp が共に None（不完全行）
[00:03:47]   QUARANTINE: 2226 2022-03-31 FY sales=None gp=None op=0 source=jquants reason=FY行で sales+gp が共に None（不完全行）
[00:03:47]   QUARANTINE: 2229 2020-03-31 FY sales=None gp=None op=0 source=jquants reason=FY行で sales+gp が共に None（不完全行）
[00:03:47]   QUARANTINE: 3002 2021-03-31 FY sales=None gp=None op=0 source=jquants reason=FY行で sales+gp が共に None（不完全行）
[00:03:47]   QUARANTINE: 3002 2019-03-31 FY sales=None gp=None op=0 source=jquants reason=FY行で sales+gp が共に None（不完全行）
[00:03:47]   QUARANTINE: 5602 2021-03-31 FY sales=None gp=None op=0 source=jquants reason=FY行で sales+gp が共に None（不完全行）
[00:03:47]   QUARANTINE: 5602 2020-03-31 FY sales=None gp=None op=0 source=jquants reason=FY行で sales+gp が共に None（不完全行）
[00:03:47]   QUARANTINE: 6018 2020-03-31 FY sales=None gp=None op=0 source=jquants reason=FY行で sales+gp が共に None（不完全行）
[00:03:47]   QUARANTINE: 9445 2020-03-31 FY sales=None gp=None op=0 source=jquants reason=FY行で sales+gp が共に None（不完全行）
[00:03:47]   QUARANTINE: 7846 2021-03-31 FY sales=None gp=None op=19325 source=jquants reason=FY行で sales+gp が共に None（不完全行）
[00:03:47]   QUARANTINE: 6496 2020-03-31 FY sales=None gp=None op=0 source=jquants reason=FY行で sales+gp が共に None（不完全行）
[00:03:47]   QUARANTINE: 7018 2020-03-31 FY sales=None gp=None op=0 source=jquants reason=FY行で sales+gp が共に None（不完全行）
[00:03:47]   QUARANTINE: 6637 2019-03-31 FY sales=None gp=None op=0 source=jquants reason=FY行で sales+gp が共に None（不完全行）
[00:03:47]   QUARANTINE: 7022 2020-03-31 FY sales=None gp=None op=0 source=jquants reason=FY行で sales+gp が共に None（不完全行）
[00:03:47]   QUARANTINE: 7022 2026-03-31 FY sales=None gp=None op=800 source=jquants reason=FY行で sales+gp が共に None（不完全行）
[00:03:47]   QUARANTINE: 6023 2019-03-31 FY sales=None gp=None op=0 source=jquants reason=FY行で sales+gp が共に None（不完全行）
[00:03:47]   QUARANTINE: 6023 2020-03-31 FY sales=None gp=None op=0 source=jquants reason=FY行で sales+gp が共に None（不完全行）
[00:03:47]   QUARANTINE: 4235 2021-03-31 FY sales=None gp=None op=0 source=jquants reason=FY行で sales+gp が共に None（不完全行）
[00:03:47]   QUARANTINE: 1515 2027-03-31 FY sales=None gp=None op=65000 source=jquants reason=FY行で sales+gp が共に None（不完全行）
[00:03:47]   QUARANTINE: 4206 2020-03-31 FY sales=None gp=None op=0 source=jquants reason=FY行で sales+gp が共に None（不完全行）
[00:03:47]   QUARANTINE: 2475 2027-03-31 FY sales=None gp=None op=4230 source=jquants reason=FY行で sales+gp が共に None（不完全行）
[00:03:47]   QUARANTINE: 4667 2020-03-31 FY sales=None gp=None op=0 source=jquants reason=FY行で sales+gp が共に None（不完全行）
[00:03:47]   QUARANTINE: 1905 2021-03-31 FY sales=None gp=None op=0 source=jquants reason=FY行で sales+gp が共に None（不完全行）
[00:03:47]   QUARANTINE: 5644 2028-03-31 FY sales=None gp=None op=2680 source=jquants reason=FY行で sales+gp が共に None（不完全行）
[00:03:47]   QUARANTINE: 5482 2020-03-31 FY sales=None gp=None op=0 source=jquants reason=FY行で sales+gp が共に None（不完全行）
[00:03:47]   QUARANTINE: 7261 2020-03-31 FY sales=None gp=None op=0 source=jquants reason=FY行で sales+gp が共に None（不完全行）
[00:03:47]   QUARANTINE: 6859 2020-03-31 FY sales=None gp=None op=0 source=jquants reason=FY行で sales+gp が共に None（不完全行）
[00:03:47]   QUARANTINE: 6736 2022-03-31 FY sales=None gp=None op=0 source=jquants reason=FY行で sales+gp が共に None（不完全行）
[00:03:47]   QUARANTINE: 4366 2020-03-31 FY sales=None gp=None op=0 source=jquants reason=FY行で sales+gp が共に None（不完全行）
[00:03:47]   QUARANTINE: 4335 2028-06-30 FY sales=None gp=None op=0 source=jquants reason=FY行で sales+gp が共に None（不完全行）
[00:03:47]   QUARANTINE: 4335 2027-06-30 FY sales=None gp=None op=0 source=jquants reason=FY行で sales+gp が共に None（不完全行）
[00:03:47]   QUARANTINE: 4335 2021-06-30 FY sales=None gp=None op=0 source=jquants reason=FY行で sales+gp が共に None（不完全行）
[00:03:47]   QUARANTINE: 4335 2020-06-30 FY sales=None gp=None op=0 source=jquants reason=FY行で sales+gp が共に None（不完全行）
[00:03:47]   QUARANTINE: 6599 2020-03-31 FY sales=None gp=None op=0 source=jquants reason=FY行で sales+gp が共に None（不完全行）
[00:03:47]   QUARANTINE: 5992 2022-03-31 FY sales=None gp=None op=0 source=jquants reason=FY行で sales+gp が共に None（不完全行）
[00:03:47]   QUARANTINE: 6167 2021-03-31 FY sales=None gp=None op=0 source=jquants reason=FY行で sales+gp が共に None（不完全行）
[00:03:47]   QUARANTINE: 7467 2020-03-31 FY sales=None gp=None op=0 source=jquants reason=FY行で sales+gp が共に None（不完全行）
[00:03:47]   QUARANTINE: 7685 2027-12-31 FY sales=None gp=None op=-12632 source=jquants reason=FY行で sales+gp が共に None（不完全行）
[00:03:47]   QUARANTINE: 6618 2024-03-31 FY sales=None gp=None op=0 source=jquants reason=FY行で sales+gp が共に None（不完全行）
[00:03:47]   QUARANTINE: 7701 2028-03-31 FY sales=None gp=None op=700 source=jquants reason=FY行で sales+gp が共に None（不完全行）
[00:03:47]   QUARANTINE: 7701 2020-03-31 FY sales=None gp=None op=0 source=jquants reason=FY行で sales+gp が共に None（不完全行）
[00:03:47]   QUARANTINE: 7701 2019-03-31 FY sales=None gp=None op=0 source=jquants reason=FY行で sales+gp が共に None（不完全行）
[00:03:47]   QUARANTINE: 7701 2048-03-31 FY sales=None gp=None op=0 source=jquants reason=FY行で sales+gp が共に None（不完全行）
[00:03:47]   QUARANTINE: 5541 2020-03-31 FY sales=None gp=None op=0 source=jquants reason=FY行で sales+gp が共に None（不完全行）
[00:03:47]   QUARANTINE: 7315 2020-03-31 FY sales=None gp=None op=0 source=jquants reason=FY行で sales+gp が共に None（不完全行）
[00:03:47]   QUARANTINE: 7315 2024-03-31 FY sales=None gp=None op=0 source=jquants reason=FY行で sales+gp が共に None（不完全行）
[00:03:47]   QUARANTINE: 4109 2020-03-31 FY sales=None gp=None op=0 source=jquants reason=FY行で sales+gp が共に None（不完全行）
[00:03:47]   QUARANTINE: 3360 2020-03-31 FY sales=None gp=None op=0 source=jquants reason=FY行で sales+gp が共に None（不完全行）
[00:03:47]   QUARANTINE: 2897 2028-03-31 FY sales=None gp=None op=77600 source=jquants reason=FY行で sales+gp が共に None（不完全行）
[00:03:47]   QUARANTINE: 2897 2027-03-31 FY sales=None gp=None op=77600 source=jquants reason=FY行で sales+gp が共に None（不完全行）
[00:03:47]   QUARANTINE: 6699 2024-03-31 FY sales=None gp=None op=0 source=jquants reason=FY行で sales+gp が共に None（不完全行）
[00:03:47]   QUARANTINE: 6699 2019-03-31 FY sales=None gp=None op=0 source=jquants reason=FY行で sales+gp が共に None（不完全行）
[00:03:47]   QUARANTINE: 3326 2023-03-31 FY sales=None gp=None op=0 source=jquants reason=FY行で sales+gp が共に None（不完全行）
[00:03:47]   QUARANTINE: 4100 2019-03-31 FY sales=None gp=None op=0 source=jquants reason=FY行で sales+gp が共に None（不完全行）
[00:03:47]   QUARANTINE: 4272 2020-03-31 FY sales=None gp=None op=0 source=jquants reason=FY行で sales+gp が共に None（不完全行）
[00:03:47]   QUARANTINE: 4080 2021-03-31 FY sales=None gp=None op=0 source=jquants reason=FY行で sales+gp が共に None（不完全行）
[00:03:47]   QUARANTINE: 4268 2020-03-31 FY sales=None gp=None op=0 source=jquants reason=FY行で sales+gp が共に None（不完全行）
[00:03:47]   QUARANTINE: 2884 2021-02-28 FY sales=None gp=None op=0 source=jquants reason=FY行で sales+gp が共に None（不完全行）
[00:03:47]   QUARANTINE: 9385 2028-03-31 FY sales=None gp=None op=1401 source=jquants reason=FY行で sales+gp が共に None（不完全行）
[00:03:47]   QUARANTINE: 9385 2027-03-31 FY sales=None gp=None op=1401 source=jquants reason=FY行で sales+gp が共に None（不完全行）
[00:03:47]   QUARANTINE: 9385 2021-03-31 FY sales=None gp=None op=0 source=jquants reason=FY行で sales+gp が共に None（不完全行）
[00:03:47]   QUARANTINE: 4813 2028-03-31 FY sales=None gp=None op=0 source=jquants reason=FY行で sales+gp が共に None（不完全行）
[00:03:47]   QUARANTINE: 4379 2022-12-31 FY sales=None gp=None op=0 source=jquants reason=FY行で sales+gp が共に None（不完全行）
[00:03:47]   QUARANTINE: 3943 2020-03-31 FY sales=None gp=None op=0 source=jquants reason=FY行で sales+gp が共に None（不完全行）
[00:03:47]   QUARANTINE: 7048 2021-12-31 FY sales=None gp=None op=0 source=jquants reason=FY行で sales+gp が共に None（不完全行）
[00:03:47]   QUARANTINE: 6030 2020-03-31 FY sales=None gp=None op=0 source=jquants reason=FY行で sales+gp が共に None（不完全行）
[00:03:47]   QUARANTINE: 3933 2019-03-31 FY sales=None gp=None op=0 source=jquants reason=FY行で sales+gp が共に None（不完全行）
[00:03:47]   QUARANTINE: 4704 2020-06-30 FY sales=None gp=None op=0 source=jquants reason=FY行で sales+gp が共に None（不完全行）
[00:03:47]   QUARANTINE: 3675 2021-06-30 FY sales=None gp=None op=0 source=jquants reason=FY行で sales+gp が共に None（不完全行）
[00:03:47]   QUARANTINE: 3695 2020-12-31 FY sales=None gp=None op=0 source=jquants reason=FY行で sales+gp が共に None（不完全行）
[00:03:47]   QUARANTINE: 7637 2028-03-31 FY sales=None gp=None op=3230 source=jquants reason=FY行で sales+gp が共に None（不完全行）
[00:03:47]   QUARANTINE: 7637 2027-03-31 FY sales=None gp=None op=3230 source=jquants reason=FY行で sales+gp が共に None（不完全行）
[00:03:47]   QUARANTINE: 4973 2028-03-31 FY sales=None gp=None op=510 source=jquants reason=FY行で sales+gp が共に None（不完全行）
[00:03:47]   QUARANTINE: 4973 2027-03-31 FY sales=None gp=None op=510 source=jquants reason=FY行で sales+gp が共に None（不完全行）
[00:03:47]   QUARANTINE: 6630 2024-03-31 FY sales=None gp=None op=6444 source=jquants reason=FY行で sales+gp が共に None（不完全行）
[00:03:47]   QUARANTINE: 3187 2020-03-31 FY sales=None gp=None op=0 source=jquants reason=FY行で sales+gp が共に None（不完全行）
[00:03:47]   QUARANTINE: 6455 2019-03-31 FY sales=None gp=None op=0 source=jquants reason=FY行で sales+gp が共に None（不完全行）
[00:03:47]   QUARANTINE: 6455 2020-03-31 FY sales=None gp=None op=0 source=jquants reason=FY行で sales+gp が共に None（不完全行）
[00:03:47]   QUARANTINE: 6455 2027-03-31 FY sales=None gp=None op=16000 source=jquants reason=FY行で sales+gp が共に None（不完全行）
[00:03:47]   QUARANTINE: 2317 2028-03-31 FY sales=None gp=None op=14500 source=jquants reason=FY行で sales+gp が共に None（不完全行）
[00:03:47]   QUARANTINE: 2317 2027-03-31 FY sales=None gp=None op=14500 source=jquants reason=FY行で sales+gp が共に None（不完全行）
[00:03:47]   QUARANTINE: 6844 2020-03-31 FY sales=None gp=None op=0 source=jquants reason=FY行で sales+gp が共に None（不完全行）
[00:03:47]   QUARANTINE: 6616 2028-03-31 FY sales=None gp=None op=0 source=jquants reason=FY行で sales+gp が共に None（不完全行）
[00:03:47]   QUARANTINE: 6963 2028-03-31 FY sales=None gp=None op=5000 source=jquants reason=FY行で sales+gp が共に None（不完全行）
[00:03:47]   QUARANTINE: 2002 2022-03-31 FY sales=None gp=None op=0 source=jquants reason=FY行で sales+gp が共に None（不完全行）
[00:03:47]   QUARANTINE: 2002 2021-03-31 FY sales=None gp=None op=0 source=jquants reason=FY行で sales+gp が共に None（不完全行）
[00:03:47]   QUARANTINE: 4224 2028-03-31 FY sales=None gp=None op=0 source=jquants reason=FY行で sales+gp が共に None（不完全行）
[00:03:47]   QUARANTINE: 7936 2020-03-31 FY sales=None gp=None op=0 source=jquants reason=FY行で sales+gp が共に None（不完全行）
[00:03:47]   QUARANTINE: 6436 2020-03-31 FY sales=None gp=None op=0 source=jquants reason=FY行で sales+gp が共に None（不完全行）
[00:03:47]   QUARANTINE: 4222 2020-03-31 FY sales=None gp=None op=0 source=jquants reason=FY行で sales+gp が共に None（不完全行）
[00:03:47]   QUARANTINE: 9312 2020-03-31 FY sales=None gp=None op=0 source=jquants reason=FY行で sales+gp が共に None（不完全行）
[00:03:47]   QUARANTINE: 9960 2020-03-31 FY sales=None gp=None op=0 source=jquants reason=FY行で sales+gp が共に None（不完全行）
[00:03:47]   QUARANTINE: 1952 2020-03-31 FY sales=None gp=None op=0 source=jquants reason=FY行で sales+gp が共に None（不完全行）
[00:03:47]   QUARANTINE: 6302 2020-03-31 FY sales=None gp=None op=0 source=jquants reason=FY行で sales+gp が共に None（不完全行）
[00:03:47]   QUARANTINE: 6302 2023-03-31 FY sales=None gp=None op=0 source=jquants reason=FY行で sales+gp が共に None（不完全行）
[00:03:47]   QUARANTINE: 8101 2027-03-31 FY sales=None gp=None op=2800 source=jquants reason=FY行で sales+gp が共に None（不完全行）
[00:03:47]   QUARANTINE: 2907 2028-03-31 FY sales=None gp=None op=1100 source=jquants reason=FY行で sales+gp が共に None（不完全行）
[00:03:47]   QUARANTINE: 2907 2027-03-31 FY sales=None gp=None op=1100 source=jquants reason=FY行で sales+gp が共に None（不完全行）
[00:03:47]   QUARANTINE: 6904 2020-03-31 FY sales=None gp=None op=0 source=jquants reason=FY行で sales+gp が共に None（不完全行）
[00:03:47]   QUARANTINE: 3521 2020-03-31 FY sales=None gp=None op=0 source=jquants reason=FY行で sales+gp が共に None（不完全行）
[00:03:47]   QUARANTINE: 4736 2020-03-31 FY sales=None gp=None op=0 source=jquants reason=FY行で sales+gp が共に None（不完全行）
[00:03:47]   QUARANTINE: 3082 2022-06-30 FY sales=None gp=None op=0 source=jquants reason=FY行で sales+gp が共に None（不完全行）
[00:03:47]   QUARANTINE: 3457 2022-06-30 FY sales=None gp=None op=0 source=jquants reason=FY行で sales+gp が共に None（不完全行）
[00:03:47]   QUARANTINE: 8230 2022-03-31 FY sales=None gp=None op=0 source=jquants reason=FY行で sales+gp が共に None（不完全行）
[00:03:47]   QUARANTINE: 7122 2021-03-31 FY sales=None gp=None op=0 source=jquants reason=FY行で sales+gp が共に None（不完全行）
[00:03:47]   QUARANTINE: 7122 2026-03-31 FY sales=None gp=None op=0 source=jquants reason=FY行で sales+gp が共に None（不完全行）
[00:03:47]   QUARANTINE: 3181 2028-03-31 FY sales=None gp=None op=133 source=jquants reason=FY行で sales+gp が共に None（不完全行）
[00:03:47]   QUARANTINE: 6898 2028-03-31 FY sales=None gp=None op=0 source=jquants reason=FY行で sales+gp が共に None（不完全行）
[00:03:47]   QUARANTINE: 2695 2023-03-31 FY sales=None gp=None op=0 source=jquants reason=FY行で sales+gp が共に None（不完全行）
[00:03:47]   QUARANTINE: 5034 2028-06-30 FY sales=None gp=None op=2600 source=jquants reason=FY行で sales+gp が共に None（不完全行）
[00:03:47]   QUARANTINE: 2288 2020-03-31 FY sales=None gp=None op=0 source=jquants reason=FY行で sales+gp が共に None（不完全行）
[00:03:47]   QUARANTINE: 2001 2020-03-31 FY sales=None gp=None op=0 source=jquants reason=FY行で sales+gp が共に None（不完全行）
[00:03:47]   QUARANTINE: 6125 2020-03-31 FY sales=None gp=None op=0 source=jquants reason=FY行で sales+gp が共に None（不完全行）
[00:03:47]   QUARANTINE: 6832 2021-03-31 FY sales=None gp=None op=0 source=jquants reason=FY行で sales+gp が共に None（不完全行）
[00:03:47]   QUARANTINE: 7947 2020-03-31 FY sales=None gp=None op=0 source=jquants reason=FY行で sales+gp が共に None（不完全行）
[00:03:47]   QUARANTINE: 7947 2023-03-31 FY sales=None gp=None op=0 source=jquants reason=FY行で sales+gp が共に None（不完全行）
[00:03:47]   QUARANTINE: 7867 2020-03-31 FY sales=None gp=None op=0 source=jquants reason=FY行で sales+gp が共に None（不完全行）
[00:03:47]   QUARANTINE: 7280 2020-03-31 FY sales=None gp=None op=0 source=jquants reason=FY行で sales+gp が共に None（不完全行）
[00:03:47]   QUARANTINE: 5367 2020-03-31 FY sales=None gp=None op=0 source=jquants reason=FY行で sales+gp が共に None（不完全行）
[00:03:47]   QUARANTINE: 6981 2027-03-31 FY sales=None gp=None op=0 source=jquants reason=FY行で sales+gp が共に None（不完全行）
[00:03:47]   QUARANTINE: 6981 2026-03-31 FY sales=None gp=None op=0 source=jquants reason=FY行で sales+gp が共に None（不完全行）
[00:03:47]   QUARANTINE: 6981 2020-03-31 FY sales=None gp=None op=0 source=jquants reason=FY行で sales+gp が共に None（不完全行）
[00:03:47]   QUARANTINE: 5232 2019-03-31 FY sales=None gp=None op=0 source=jquants reason=FY行で sales+gp が共に None（不完全行）
[00:03:47]   QUARANTINE: 5232 2020-03-31 FY sales=None gp=None op=0 source=jquants reason=FY行で sales+gp が共に None（不完全行）
[00:03:47]   QUARANTINE: 5233 2029-03-31 FY sales=None gp=None op=0 source=jquants reason=FY行で sales+gp が共に None（不完全行）
[00:03:47]   QUARANTINE: 9885 2027-03-31 FY sales=None gp=None op=145 source=jquants reason=FY行で sales+gp が共に None（不完全行）
[00:03:47]   QUARANTINE: 6237 2019-03-31 FY sales=None gp=None op=0 source=jquants reason=FY行で sales+gp が共に None（不完全行）
[00:03:47]   QUARANTINE: 6237 2020-03-31 FY sales=None gp=None op=0 source=jquants reason=FY行で sales+gp が共に None（不完全行）
[00:03:47]   QUARANTINE: 6310 2027-12-31 FY sales=None gp=None op=4225 source=jquants reason=FY行で sales+gp が共に None（不完全行）
[00:03:47]   QUARANTINE: 6310 2020-12-31 FY sales=None gp=None op=0 source=jquants reason=FY行で sales+gp が共に None（不完全行）
[00:03:47]   QUARANTINE: 5302 2019-12-31 FY sales=None gp=None op=0 source=jquants reason=FY行で sales+gp が共に None（不完全行）
[00:03:47]   QUARANTINE: 3934 2020-03-31 FY sales=None gp=None op=0 source=jquants reason=FY行で sales+gp が共に None（不完全行）
[00:03:47]   QUARANTINE: 6533 2019-12-31 FY sales=None gp=None op=0 source=jquants reason=FY行で sales+gp が共に None（不完全行）
[00:03:47]   QUARANTINE: 3970 2020-03-31 FY sales=None gp=None op=0 source=jquants reason=FY行で sales+gp が共に None（不完全行）
[00:03:47]   QUARANTINE: 4893 2022-03-31 FY sales=None gp=None op=0 source=jquants reason=FY行で sales+gp が共に None（不完全行）
[00:03:47]   QUARANTINE: 7369 2020-03-31 FY sales=None gp=None op=0 source=jquants reason=FY行で sales+gp が共に None（不完全行）
[00:03:47]   QUARANTINE: 2410 2019-09-30 FY sales=None gp=None op=0 source=jquants reason=FY行で sales+gp が共に None（不完全行）
[00:03:47]   QUARANTINE: 5401 2026-03-31 FY sales=None gp=None op=400000 source=jquants reason=FY行で sales+gp が共に None（不完全行）
[00:03:47]   QUARANTINE: 1972 2020-03-31 FY sales=None gp=None op=0 source=jquants reason=FY行で sales+gp が共に None（不完全行）
[00:03:47]   QUARANTINE: 6558 2020-11-30 FY sales=None gp=None op=300 source=jquants reason=FY行で sales+gp が共に None（不完全行）
[00:03:47]   QUARANTINE: 2175 2021-03-31 FY sales=None gp=None op=0 source=jquants reason=FY行で sales+gp が共に None（不完全行）
[00:03:47]   QUARANTINE: 2175 2022-03-31 FY sales=None gp=None op=0 source=jquants reason=FY行で sales+gp が共に None（不完全行）
[00:03:47]   QUARANTINE: 2175 2020-03-31 FY sales=None gp=None op=0 source=jquants reason=FY行で sales+gp が共に None（不完全行）
[00:03:47]   QUARANTINE: 7523 2021-03-31 FY sales=None gp=None op=0 source=jquants reason=FY行で sales+gp が共に None（不完全行）
[00:03:47]   QUARANTINE: 9268 2027-03-31 FY sales=None gp=None op=10300 source=jquants reason=FY行で sales+gp が共に None（不完全行）
[00:03:47]   QUARANTINE: 7987 2021-03-31 FY sales=None gp=None op=0 source=jquants reason=FY行で sales+gp が共に None（不完全行）
[00:03:47]   QUARANTINE: 5411 2020-03-31 FY sales=None gp=None op=0 source=jquants reason=FY行で sales+gp が共に None（不完全行）
[00:03:47]   QUARANTINE: 6035 2027-03-31 FY sales=None gp=None op=6000 source=jquants reason=FY行で sales+gp が共に None（不完全行）
[00:03:47]   QUARANTINE: 4188 2020-03-31 FY sales=None gp=None op=0 source=jquants reason=FY行で sales+gp が共に None（不完全行）
[00:03:47]   QUARANTINE: 2722 2023-05-31 FY sales=None gp=None op=0 source=jquants reason=FY行で sales+gp が共に None（不完全行）
[00:03:47]   QUARANTINE: 7928 2022-08-31 FY sales=None gp=None op=0 source=jquants reason=FY行で sales+gp が共に None（不完全行）
[00:03:47]   QUARANTINE: 9064 2020-03-31 FY sales=None gp=None op=0 source=jquants reason=FY行で sales+gp が共に None（不完全行）
[00:03:47]   QUARANTINE: 1959 2020-03-31 FY sales=None gp=None op=0 source=jquants reason=FY行で sales+gp が共に None（不完全行）
[00:03:47]   QUARANTINE: 4116 2020-03-31 FY sales=None gp=None op=0 source=jquants reason=FY行で sales+gp が共に None（不完全行）
[00:03:47]   QUARANTINE: 9691 2028-03-31 FY sales=None gp=None op=1600 source=jquants reason=FY行で sales+gp が共に None（不完全行）
[00:03:47]   QUARANTINE: 7375 2020-06-30 FY sales=None gp=None op=0 source=jquants reason=FY行で sales+gp が共に None（不完全行）
[00:03:47]   QUARANTINE: 7741 2026-03-31 FY sales=None gp=None op=324000 source=jquants reason=FY行で sales+gp が共に None（不完全行）
[00:03:47]   QUARANTINE: 5013 2020-03-31 FY sales=None gp=None op=0 source=jquants reason=FY行で sales+gp が共に None（不完全行）
[00:03:47]   QUARANTINE: 6737 2028-03-31 FY sales=None gp=None op=0 source=jquants reason=FY行で sales+gp が共に None（不完全行）
[00:03:47]   QUARANTINE: 6737 2026-03-31 FY sales=None gp=None op=0 source=jquants reason=FY行で sales+gp が共に None（不完全行）
[00:03:47]   QUARANTINE: 3467 2020-03-31 FY sales=None gp=None op=0 source=jquants reason=FY行で sales+gp が共に None（不完全行）
[00:03:47]   QUARANTINE: 3417 2020-03-31 FY sales=None gp=None op=0 source=jquants reason=FY行で sales+gp が共に None（不完全行）
[00:03:47]   QUARANTINE: 6988 2022-03-31 FY sales=None gp=None op=0 source=jquants reason=FY行で sales+gp が共に None（不完全行）
[00:03:47]   QUARANTINE: 7196 2023-01-31 FY sales=None gp=None op=0 source=jquants reason=FY行で sales+gp が共に None（不完全行）
[00:03:47]   QUARANTINE: 2359 2028-03-31 FY sales=None gp=None op=3500 source=jquants reason=FY行で sales+gp が共に None（不完全行）
[00:03:47]   QUARANTINE: 2359 2027-03-31 FY sales=None gp=None op=3500 source=jquants reason=FY行で sales+gp が共に None（不完全行）
[00:03:47]   QUARANTINE: 6164 2027-12-31 FY sales=None gp=None op=0 source=jquants reason=FY行で sales+gp が共に None（不完全行）
[00:03:47]   QUARANTINE: 6164 2026-12-31 FY sales=None gp=None op=0 source=jquants reason=FY行で sales+gp が共に None（不完全行）
[00:03:47]   QUARANTINE: 6029 2025-12-31 FY sales=None gp=None op=120 source=jquants reason=FY行で sales+gp が共に None（不完全行）
[00:03:47]   QUARANTINE: 3073 2020-02-29 FY sales=None gp=None op=0 source=jquants reason=FY行で sales+gp が共に None（不完全行）
[00:03:47]   QUARANTINE: 4320 2021-09-30 FY sales=None gp=None op=0 source=jquants reason=FY行で sales+gp が共に None（不完全行）
[00:03:47]   QUARANTINE: 3733 2020-10-31 FY sales=None gp=None op=0 source=jquants reason=FY行で sales+gp が共に None（不完全行）
[00:03:47]   QUARANTINE: 6571 2021-06-30 FY sales=None gp=None op=0 source=jquants reason=FY行で sales+gp が共に None（不完全行）
[00:03:47]   QUARANTINE: 6571 2020-03-31 FY sales=None gp=None op=0 source=jquants reason=FY行で sales+gp が共に None（不完全行）
[00:03:47]   QUARANTINE: 6566 2020-03-31 FY sales=None gp=None op=0 source=jquants reason=FY行で sales+gp が共に None（不完全行）
[00:03:47]   QUARANTINE: 4220 2022-03-31 FY sales=None gp=None op=0 source=jquants reason=FY行で sales+gp が共に None（不完全行）
[00:03:47]   QUARANTINE: 7172 2019-03-31 FY sales=None gp=None op=0 source=jquants reason=FY行で sales+gp が共に None（不完全行）
[00:03:47]   QUARANTINE: 6871 2026-12-31 FY sales=None gp=None op=20000 source=jquants reason=FY行で sales+gp が共に None（不完全行）
[00:03:47]   QUARANTINE: 6871 2028-12-31 FY sales=None gp=None op=4500 source=jquants reason=FY行で sales+gp が共に None（不完全行）
[00:03:47]   QUARANTINE: 9939 2020-03-31 FY sales=None gp=None op=0 source=jquants reason=FY行で sales+gp が共に None（不完全行）
[00:03:47]   QUARANTINE: 7116 2021-03-31 FY sales=None gp=None op=0 source=jquants reason=FY行で sales+gp が共に None（不完全行）
[00:03:47]   QUARANTINE: 4061 2020-03-31 FY sales=None gp=None op=0 source=jquants reason=FY行で sales+gp が共に None（不完全行）
[00:03:47]   QUARANTINE: 9325 2020-03-31 FY sales=None gp=None op=0 source=jquants reason=FY行で sales+gp が共に None（不完全行）
[00:03:47]   QUARANTINE: 2585 2020-03-31 FY sales=None gp=None op=0 source=jquants reason=FY行で sales+gp が共に None（不完全行）
[00:03:47]   QUARANTINE: 6195 2020-06-30 FY sales=None gp=None op=0 source=jquants reason=FY行で sales+gp が共に None（不完全行）
[00:03:47]   QUARANTINE: 3673 2026-12-31 FY sales=None gp=None op=4800 source=jquants reason=FY行で sales+gp が共に None（不完全行）
[00:03:47]   QUARANTINE: 7140 2020-03-31 FY sales=None gp=None op=0 source=jquants reason=FY行で sales+gp が共に None（不完全行）
[00:03:47]   QUARANTINE: 5028 2020-03-31 FY sales=None gp=None op=0 source=jquants reason=FY行で sales+gp が共に None（不完全行）
[00:03:47]   QUARANTINE: 1605 2022-05-31 FY sales=None gp=None op=0 source=jquants reason=FY行で sales+gp が共に None（不完全行）
[00:03:47]   QUARANTINE: 5711 2020-03-31 FY sales=None gp=None op=0 source=jquants reason=FY行で sales+gp が共に None（不完全行）
[00:03:47]   QUARANTINE: 4381 2022-03-31 FY sales=None gp=None op=0 source=jquants reason=FY行で sales+gp が共に None（不完全行）
[00:03:47]   QUARANTINE: 6562 2019-03-31 FY sales=None gp=None op=0 source=jquants reason=FY行で sales+gp が共に None（不完全行）
[00:03:47]   QUARANTINE: 6033 2020-03-31 FY sales=None gp=None op=0 source=jquants reason=FY行で sales+gp が共に None（不完全行）
[00:03:47]   QUARANTINE: 1712 2020-03-31 FY sales=None gp=None op=0 source=jquants reason=FY行で sales+gp が共に None（不完全行）
[00:03:47]   QUARANTINE: 3979 2021-03-31 FY sales=None gp=None op=0 source=jquants reason=FY行で sales+gp が共に None（不完全行）
[00:03:47]   QUARANTINE: 2415 2022-03-31 FY sales=None gp=None op=0 source=jquants reason=FY行で sales+gp が共に None（不完全行）
[00:03:47]   QUARANTINE: 2415 2023-03-31 FY sales=None gp=None op=0 source=jquants reason=FY行で sales+gp が共に None（不完全行）
[00:03:47]   QUARANTINE: 1992 2026-03-31 FY sales=None gp=None op=380 source=jquants reason=FY行で sales+gp が共に None（不完全行）
[00:03:47]   QUARANTINE: 1992 2019-03-31 FY sales=None gp=None op=0 source=jquants reason=FY行で sales+gp が共に None（不完全行）
[00:03:47]   QUARANTINE: 3137 2021-03-31 FY sales=None gp=None op=0 source=jquants reason=FY行で sales+gp が共に None（不完全行）
[00:03:47]   QUARANTINE: 9273 2019-06-30 FY sales=None gp=None op=0 source=jquants reason=FY行で sales+gp が共に None（不完全行）
[00:03:47]   QUARANTINE: 6580 2020-03-31 FY sales=None gp=None op=0 source=jquants reason=FY行で sales+gp が共に None（不完全行）
[00:03:47]   QUARANTINE: 4388 2021-03-31 FY sales=None gp=None op=0 source=jquants reason=FY行で sales+gp が共に None（不完全行）
[00:03:47]   QUARANTINE: 5834 2020-03-31 FY sales=None gp=None op=0 source=jquants reason=FY行で sales+gp が共に None（不完全行）
[00:03:47]   QUARANTINE: 3491 2021-10-31 FY sales=None gp=None op=0 source=jquants reason=FY行で sales+gp が共に None（不完全行）
[00:03:47]   QUARANTINE: 4394 2019-11-30 FY sales=None gp=None op=0 source=jquants reason=FY行で sales+gp が共に None（不完全行）
[00:03:47]   QUARANTINE: 5659 2028-03-31 FY sales=None gp=None op=4000 source=jquants reason=FY行で sales+gp が共に None（不完全行）
[00:03:47]   QUARANTINE: 9782 2023-03-31 FY sales=None gp=None op=0 source=jquants reason=FY行で sales+gp が共に None（不完全行）
[00:03:47]   QUARANTINE: 5352 2019-03-31 FY sales=None gp=None op=0 source=jquants reason=FY行で sales+gp が共に None（不完全行）
[00:03:47]   QUARANTINE: 5352 2020-03-31 FY sales=None gp=None op=0 source=jquants reason=FY行で sales+gp が共に None（不完全行）
[00:03:47]   QUARANTINE: 4709 2020-03-31 FY sales=None gp=None op=0 source=jquants reason=FY行で sales+gp が共に None（不完全行）
[00:03:47]   QUARANTINE: 6005 2020-03-31 FY sales=None gp=None op=0 source=jquants reason=FY行で sales+gp が共に None（不完全行）
[00:03:47]   QUARANTINE: 7192 2020-03-31 FY sales=None gp=None op=0 source=jquants reason=FY行で sales+gp が共に None（不完全行）
[00:03:47]   QUARANTINE: 6544 2019-03-31 FY sales=None gp=None op=0 source=jquants reason=FY行で sales+gp が共に None（不完全行）
[00:03:47]   QUARANTINE: 3800 2021-03-31 FY sales=None gp=None op=0 source=jquants reason=FY行で sales+gp が共に None（不完全行）
[00:03:47]   QUARANTINE: 6118 2020-03-31 FY sales=None gp=None op=0 source=jquants reason=FY行で sales+gp が共に None（不完全行）
[00:03:47]   QUARANTINE: 6118 2028-03-31 FY sales=None gp=None op=0 source=jquants reason=FY行で sales+gp が共に None（不完全行）
[00:03:47]   QUARANTINE: 3937 2028-03-31 FY sales=None gp=None op=1351 source=jquants reason=FY行で sales+gp が共に None（不完全行）
[00:03:47]   QUARANTINE: 3937 2027-03-31 FY sales=None gp=None op=1351 source=jquants reason=FY行で sales+gp が共に None（不完全行）
[00:03:47]   QUARANTINE: 3937 2021-03-31 FY sales=None gp=None op=0 source=jquants reason=FY行で sales+gp が共に None（不完全行）
[00:03:47]   QUARANTINE: 3628 2027-06-30 FY sales=None gp=None op=400 source=jquants reason=FY行で sales+gp が共に None（不完全行）
[00:03:47]   QUARANTINE: 3628 2020-06-30 FY sales=None gp=None op=0 source=jquants reason=FY行で sales+gp が共に None（不完全行）
[00:03:47]   QUARANTINE: 6578 2021-03-31 FY sales=None gp=None op=0 source=jquants reason=FY行で sales+gp が共に None（不完全行）
[00:03:47]   QUARANTINE: 7254 2020-03-31 FY sales=None gp=None op=0 source=jquants reason=FY行で sales+gp が共に None（不完全行）
[00:03:47]   QUARANTINE: 7715 2020-03-31 FY sales=None gp=None op=0 source=jquants reason=FY行で sales+gp が共に None（不完全行）
[00:03:47]   QUARANTINE: 7715 2028-03-31 FY sales=None gp=None op=0 source=jquants reason=FY行で sales+gp が共に None（不完全行）
[00:03:47]   QUARANTINE: 7277 2020-03-31 FY sales=None gp=None op=0 source=jquants reason=FY行で sales+gp が共に None（不完全行）
[00:03:47]   QUARANTINE: 7277 2029-03-31 FY sales=None gp=None op=800 source=jquants reason=FY行で sales+gp が共に None（不完全行）
[00:03:47]   QUARANTINE: 3984 2020-06-30 FY sales=None gp=None op=0 source=jquants reason=FY行で sales+gp が共に None（不完全行）
[00:03:47]   QUARANTINE: 7004 2019-03-31 FY sales=None gp=None op=0 source=jquants reason=FY行で sales+gp が共に None（不完全行）
[00:03:47]   QUARANTINE: 7004 2020-03-31 FY sales=None gp=None op=0 source=jquants reason=FY行で sales+gp が共に None（不完全行）
[00:03:47]   QUARANTINE: 5138 2020-03-31 FY sales=None gp=None op=0 source=jquants reason=FY行で sales+gp が共に None（不完全行）
[00:03:47]   QUARANTINE: 4892 2022-03-31 FY sales=None gp=None op=0 source=jquants reason=FY行で sales+gp が共に None（不完全行）
[00:03:47]   QUARANTINE: 4892 2023-03-31 FY sales=None gp=None op=0 source=jquants reason=FY行で sales+gp が共に None（不完全行）
[00:03:47]   QUARANTINE: 4892 2025-03-31 FY sales=None gp=None op=0 source=jquants reason=FY行で sales+gp が共に None（不完全行）
[00:03:47]   QUARANTINE: 2999 2020-03-31 FY sales=None gp=None op=0 source=jquants reason=FY行で sales+gp が共に None（不完全行）
[00:03:47]   QUARANTINE: 9227 2020-03-31 FY sales=None gp=None op=0 source=jquants reason=FY行で sales+gp が共に None（不完全行）
[00:03:47]   QUARANTINE: 4662 2028-03-31 FY sales=None gp=None op=2660 source=jquants reason=FY行で sales+gp が共に None（不完全行）
[00:03:47]   QUARANTINE: 4662 2027-03-31 FY sales=None gp=None op=2660 source=jquants reason=FY行で sales+gp が共に None（不完全行）
[00:03:47]   QUARANTINE: 5704 2027-12-31 FY sales=None gp=None op=205 source=jquants reason=FY行で sales+gp が共に None（不完全行）
[00:03:47]   QUARANTINE: 5704 2020-12-31 FY sales=None gp=None op=0 source=jquants reason=FY行で sales+gp が共に None（不完全行）
[00:03:47]   QUARANTINE: 7231 2027-03-31 FY sales=None gp=None op=13000 source=jquants reason=FY行で sales+gp が共に None（不完全行）
[00:03:47]   QUARANTINE: 1803 2021-03-31 FY sales=None gp=None op=0 source=jquants reason=FY行で sales+gp が共に None（不完全行）
[00:03:47]   QUARANTINE: 4255 2027-12-31 FY sales=None gp=None op=300 source=jquants reason=FY行で sales+gp が共に None（不完全行）
[00:03:47]   QUARANTINE: 4397 2022-08-31 FY sales=None gp=None op=0 source=jquants reason=FY行で sales+gp が共に None（不完全行）
[00:03:47]   QUARANTINE: 2353 2027-03-31 FY sales=None gp=None op=8500 source=jquants reason=FY行で sales+gp が共に None（不完全行）
[00:03:47]   QUARANTINE: 2353 2019-07-31 FY sales=None gp=None op=0 source=jquants reason=FY行で sales+gp が共に None（不完全行）
[00:03:47]   QUARANTINE: 4666 2028-10-31 FY sales=None gp=None op=27000 source=jquants reason=FY行で sales+gp が共に None（不完全行）
[00:03:47]   QUARANTINE: 4556 2028-03-31 FY sales=None gp=None op=450 source=jquants reason=FY行で sales+gp が共に None（不完全行）
[00:03:47]   QUARANTINE: 4556 2021-03-31 FY sales=None gp=None op=650 source=jquants reason=FY行で sales+gp が共に None（不完全行）
[00:03:47]   QUARANTINE: 4718 2023-03-31 FY sales=None gp=None op=0 source=jquants reason=FY行で sales+gp が共に None（不完全行）
[00:03:47]   QUARANTINE: 7030 2022-09-30 FY sales=None gp=None op=1477 source=jquants reason=FY行で sales+gp が共に None（不完全行）
[00:03:47]   QUARANTINE: 7030 2020-09-30 FY sales=None gp=None op=0 source=jquants reason=FY行で sales+gp が共に None（不完全行）
[00:03:47]   QUARANTINE: 7564 2020-03-31 FY sales=None gp=None op=0 source=jquants reason=FY行で sales+gp が共に None（不完全行）
[00:03:47]   QUARANTINE: 6800 2022-03-31 FY sales=None gp=None op=4350 source=jquants reason=FY行で sales+gp が共に None（不完全行）
[00:03:47]   QUARANTINE: 9508 2022-03-31 FY sales=None gp=None op=0 source=jquants reason=FY行で sales+gp が共に None（不完全行）
[00:03:47]   QUARANTINE: 9508 2023-03-31 FY sales=None gp=None op=0 source=jquants reason=FY行で sales+gp が共に None（不完全行）
[00:03:47]   QUARANTINE: 9508 2024-03-31 FY sales=None gp=None op=0 source=jquants reason=FY行で sales+gp が共に None（不完全行）
[00:03:47]   QUARANTINE: 9508 2025-03-31 FY sales=None gp=None op=-72988 source=jquants reason=FY行で sales+gp が共に None（不完全行）
[00:03:47]   QUARANTINE: 9503 2020-03-31 FY sales=None gp=None op=0 source=jquants reason=FY行で sales+gp が共に None（不完全行）
[00:03:47]   QUARANTINE: 3917 2020-03-31 FY sales=None gp=None op=0 source=jquants reason=FY行で sales+gp が共に None（不完全行）
[00:03:47]   QUARANTINE: 6379 2020-03-31 FY sales=None gp=None op=0 source=jquants reason=FY行で sales+gp が共に None（不完全行）
[00:03:47]   QUARANTINE: 7805 2026-08-31 FY sales=None gp=None op=0 source=jquants reason=FY行で sales+gp が共に None（不完全行）
[00:03:47]   QUARANTINE: 7805 2024-08-31 FY sales=None gp=None op=0 source=jquants reason=FY行で sales+gp が共に None（不完全行）
[00:03:47]   QUARANTINE: 8570 2022-03-31 FY sales=None gp=None op=0 source=jquants reason=FY行で sales+gp が共に None（不完全行）
[00:03:47]   QUARANTINE: 4384 2019-07-31 FY sales=None gp=None op=0 source=jquants reason=FY行で sales+gp が共に None（不完全行）
[00:03:47]   QUARANTINE: 6579 2021-03-31 FY sales=None gp=None op=0 source=jquants reason=FY行で sales+gp が共に None（不完全行）
[00:03:47]   QUARANTINE: 3969 2022-03-31 FY sales=None gp=None op=0 source=jquants reason=FY行で sales+gp が共に None（不完全行）
[00:03:47]   QUARANTINE: 3969 2021-03-31 FY sales=None gp=None op=0 source=jquants reason=FY行で sales+gp が共に None（不完全行）
[00:03:47]   QUARANTINE: 3920 2021-09-30 FY sales=None gp=None op=0 source=jquants reason=FY行で sales+gp が共に None（不完全行）
[00:03:47]   QUARANTINE: 2784 2020-03-31 FY sales=None gp=None op=0 source=jquants reason=FY行で sales+gp が共に None（不完全行）
[00:03:47]   QUARANTINE: 9698 2028-03-31 FY sales=None gp=None op=0 source=jquants reason=FY行で sales+gp が共に None（不完全行）
[00:03:47]   QUARANTINE: 5210 2020-03-31 FY sales=None gp=None op=0 source=jquants reason=FY行で sales+gp が共に None（不完全行）
[00:03:47]   QUARANTINE: 4044 2022-03-31 FY sales=None gp=None op=0 source=jquants reason=FY行で sales+gp が共に None（不完全行）
[00:03:47]   QUARANTINE: 4044 2021-03-31 FY sales=None gp=None op=0 source=jquants reason=FY行で sales+gp が共に None（不完全行）
[00:03:47]   QUARANTINE: 4812 2020-12-31 FY sales=None gp=None op=0 source=jquants reason=FY行で sales+gp が共に None（不完全行）
[00:03:47]   QUARANTINE: 7042 2028-09-30 FY sales=None gp=None op=0 source=jquants reason=FY行で sales+gp が共に None（不完全行）
[00:03:47]   QUARANTINE: 3776 2020-12-31 FY sales=None gp=None op=0 source=jquants reason=FY行で sales+gp が共に None（不完全行）
[00:03:47]   QUARANTINE: 2173 2028-12-31 FY sales=None gp=None op=1700 source=jquants reason=FY行で sales+gp が共に None（不完全行）
[00:03:47]   QUARANTINE: 2173 2027-12-31 FY sales=None gp=None op=1700 source=jquants reason=FY行で sales+gp が共に None（不完全行）
[00:03:47]   QUARANTINE: 2173 2026-12-31 FY sales=None gp=None op=1700 source=jquants reason=FY行で sales+gp が共に None（不完全行）
[00:03:47]   QUARANTINE: 3461 2026-09-30 FY sales=None gp=None op=370 source=jquants reason=FY行で sales+gp が共に None（不完全行）
[00:03:47]   QUARANTINE: 3461 2021-09-30 FY sales=None gp=None op=410 source=jquants reason=FY行で sales+gp が共に None（不完全行）
[00:03:47]   QUARANTINE: 3681 2020-03-31 FY sales=None gp=None op=0 source=jquants reason=FY行で sales+gp が共に None（不完全行）
[00:03:47]   QUARANTINE: 3962 2023-03-31 FY sales=None gp=None op=5571 source=jquants reason=FY行で sales+gp が共に None（不完全行）
[00:03:47]   QUARANTINE: 8088 2028-03-31 FY sales=None gp=None op=0 source=jquants reason=FY行で sales+gp が共に None（不完全行）
[00:03:47]   QUARANTINE: 5726 2019-03-31 FY sales=None gp=None op=0 source=jquants reason=FY行で sales+gp が共に None（不完全行）
[00:03:47]   QUARANTINE: 5726 2020-03-31 FY sales=None gp=None op=0 source=jquants reason=FY行で sales+gp が共に None（不完全行）
[00:03:47]   QUARANTINE: 6238 2027-03-31 FY sales=None gp=None op=0 source=jquants reason=FY行で sales+gp が共に None（不完全行）
[00:03:47]   QUARANTINE: 7860 2026-03-31 FY sales=None gp=None op=3000 source=jquants reason=FY行で sales+gp が共に None（不完全行）
[00:03:47]   QUARANTINE: 7860 2028-03-31 FY sales=None gp=None op=3000 source=jquants reason=FY行で sales+gp が共に None（不完全行）
[00:03:47]   QUARANTINE: 6824 2028-03-31 FY sales=None gp=None op=5600 source=jquants reason=FY行で sales+gp が共に None（不完全行）
[00:03:47]   QUARANTINE: 6824 2027-03-31 FY sales=None gp=None op=5600 source=jquants reason=FY行で sales+gp が共に None（不完全行）
[00:03:47]   QUARANTINE: 3853 2024-03-31 FY sales=None gp=None op=-3642 source=jquants reason=FY行で sales+gp が共に None（不完全行）
[00:03:47]   QUARANTINE: 4885 2020-03-31 FY sales=None gp=None op=0 source=jquants reason=FY行で sales+gp が共に None（不完全行）
[00:03:47]   QUARANTINE: 2437 2020-03-31 FY sales=None gp=None op=0 source=jquants reason=FY行で sales+gp が共に None（不完全行）
[00:03:47]   QUARANTINE: 6619 2028-01-31 FY sales=None gp=None op=4000 source=jquants reason=FY行で sales+gp が共に None（不完全行）
[00:03:47]   QUARANTINE: 4424 2021-09-30 FY sales=None gp=None op=900 source=jquants reason=FY行で sales+gp が共に None（不完全行）
[00:03:47]   QUARANTINE: 4427 2029-03-31 FY sales=None gp=None op=0 source=jquants reason=FY行で sales+gp が共に None（不完全行）
[00:03:47]   QUARANTINE: 3994 2026-11-30 FY sales=None gp=None op=-6329 source=jquants reason=FY行で sales+gp が共に None（不完全行）
[00:03:47]   QUARANTINE: 6563 2019-09-30 FY sales=None gp=None op=0 source=jquants reason=FY行で sales+gp が共に None（不完全行）
[00:03:47]   QUARANTINE: 5929 2020-03-31 FY sales=None gp=None op=0 source=jquants reason=FY行で sales+gp が共に None（不完全行）
[00:03:47]   QUARANTINE: 4686 2026-03-31 FY sales=None gp=None op=1 source=jquants reason=FY行で sales+gp が共に None（不完全行）
[00:03:47]   QUARANTINE: 4428 2020-12-31 FY sales=None gp=None op=0 source=jquants reason=FY行で sales+gp が共に None（不完全行）
[00:03:47]   QUARANTINE: 6200 2022-09-30 FY sales=None gp=None op=2400 source=jquants reason=FY行で sales+gp が共に None（不完全行）
[00:03:47]   QUARANTINE: 4825 2022-05-31 FY sales=None gp=None op=0 source=jquants reason=FY行で sales+gp が共に None（不完全行）
[00:03:47]   QUARANTINE: 4825 2020-05-31 FY sales=None gp=None op=0 source=jquants reason=FY行で sales+gp が共に None（不完全行）
[00:03:47]   QUARANTINE: 4465 2028-03-31 FY sales=None gp=None op=0 source=jquants reason=FY行で sales+gp が共に None（不完全行）
[00:03:47]   QUARANTINE: 8285 2028-03-31 FY sales=None gp=None op=2020 source=jquants reason=FY行で sales+gp が共に None（不完全行）
[00:03:47]   QUARANTINE: 4393 2020-09-30 FY sales=None gp=None op=0 source=jquants reason=FY行で sales+gp が共に None（不完全行）
[00:03:47]   QUARANTINE: 7674 2022-06-30 FY sales=None gp=None op=0 source=jquants reason=FY行で sales+gp が共に None（不完全行）
[00:03:47]   QUARANTINE: 6912 2020-03-31 FY sales=None gp=None op=1680 source=jquants reason=FY行で sales+gp が共に None（不完全行）
[00:03:47]   QUARANTINE: 6182 2026-02-28 FY sales=None gp=None op=0 source=jquants reason=FY行で sales+gp が共に None（不完全行）
[00:03:47]   QUARANTINE: 6182 2025-02-28 FY sales=None gp=None op=0 source=jquants reason=FY行で sales+gp が共に None（不完全行）
[00:03:47]   QUARANTINE: 6182 2020-02-29 FY sales=None gp=None op=0 source=jquants reason=FY行で sales+gp が共に None（不完全行）
[00:03:47]   QUARANTINE: 6840 2020-03-31 FY sales=None gp=None op=0 source=jquants reason=FY行で sales+gp が共に None（不完全行）
[00:03:47]   QUARANTINE: 2301 2026-10-31 FY sales=None gp=None op=3250 source=jquants reason=FY行で sales+gp が共に None（不完全行）
[00:03:47]   QUARANTINE: 4435 2020-03-31 FY sales=None gp=None op=0 source=jquants reason=FY行で sales+gp が共に None（不完全行）
[00:03:47]   QUARANTINE: 7127 2028-03-31 FY sales=None gp=None op=0 source=jquants reason=FY行で sales+gp が共に None（不完全行）
[00:03:47]   QUARANTINE: 7062 2021-03-31 FY sales=None gp=None op=0 source=jquants reason=FY行で sales+gp が共に None（不完全行）
[00:03:47]   QUARANTINE: 7314 2020-03-31 FY sales=None gp=None op=0 source=jquants reason=FY行で sales+gp が共に None（不完全行）
[00:03:47]   QUARANTINE: 6734 2020-03-31 FY sales=None gp=None op=0 source=jquants reason=FY行で sales+gp が共に None（不完全行）
[00:03:47]   QUARANTINE: 6734 2024-03-31 FY sales=None gp=None op=0 source=jquants reason=FY行で sales+gp が共に None（不完全行）
[00:03:47]   QUARANTINE: 3608 2028-03-31 FY sales=None gp=None op=3 source=jquants reason=FY行で sales+gp が共に None（不完全行）
[00:03:47]   QUARANTINE: 9347 2022-03-31 FY sales=None gp=None op=0 source=jquants reason=FY行で sales+gp が共に None（不完全行）
[00:03:47]   QUARANTINE: 3479 2022-03-31 FY sales=None gp=None op=0 source=jquants reason=FY行で sales+gp が共に None（不完全行）
[00:03:47]   QUARANTINE: 9474 2021-03-31 FY sales=None gp=None op=0 source=jquants reason=FY行で sales+gp が共に None（不完全行）
[00:03:47]   QUARANTINE: 3784 2023-12-31 FY sales=None gp=None op=0 source=jquants reason=FY行で sales+gp が共に None（不完全行）
[00:03:47]   QUARANTINE: 3784 2023-03-31 FY sales=None gp=None op=0 source=jquants reason=FY行で sales+gp が共に None（不完全行）
[00:03:47]   QUARANTINE: 4259 2020-03-31 FY sales=None gp=None op=0 source=jquants reason=FY行で sales+gp が共に None（不完全行）
[00:03:47]   QUARANTINE: 4265 2020-03-31 FY sales=None gp=None op=0 source=jquants reason=FY行で sales+gp が共に None（不完全行）
[00:03:47]   QUARANTINE: 7343 2020-03-31 FY sales=None gp=None op=0 source=jquants reason=FY行で sales+gp が共に None（不完全行）
[00:03:47]   QUARANTINE: 9450 2021-03-31 FY sales=None gp=None op=0 source=jquants reason=FY行で sales+gp が共に None（不完全行）
[00:03:47]   QUARANTINE: 9450 2020-03-31 FY sales=None gp=None op=0 source=jquants reason=FY行で sales+gp が共に None（不完全行）
[00:03:47]   QUARANTINE: 3799 2022-03-31 FY sales=None gp=None op=0 source=jquants reason=FY行で sales+gp が共に None（不完全行）
[00:03:47]   QUARANTINE: 8074 2020-03-31 FY sales=None gp=None op=0 source=jquants reason=FY行で sales+gp が共に None（不完全行）
[00:03:47]   QUARANTINE: 3591 2020-03-31 FY sales=None gp=None op=0 source=jquants reason=FY行で sales+gp が共に None（不完全行）
[00:03:47]   QUARANTINE: 3598 2020-03-31 FY sales=None gp=None op=0 source=jquants reason=FY行で sales+gp が共に None（不完全行）
[00:03:47]   QUARANTINE: 4387 2024-03-31 FY sales=None gp=None op=0 source=jquants reason=FY行で sales+gp が共に None（不完全行）
[00:03:47]   QUARANTINE: 2158 2028-03-31 FY sales=None gp=None op=400 source=jquants reason=FY行で sales+gp が共に None（不完全行）
[00:03:47]   QUARANTINE: 7085 2028-08-31 FY sales=None gp=None op=3700 source=jquants reason=FY行で sales+gp が共に None（不完全行）
[00:03:47]   QUARANTINE: 4310 2024-03-31 FY sales=None gp=None op=0 source=jquants reason=FY行で sales+gp が共に None（不完全行）
[00:03:47]   QUARANTINE: 4310 2025-03-31 FY sales=None gp=None op=17 source=jquants reason=FY行で sales+gp が共に None（不完全行）
[00:03:47]   QUARANTINE: 6748 2020-03-31 FY sales=None gp=None op=113 source=jquants reason=FY行で sales+gp が共に None（不完全行）
[00:03:47]   QUARANTINE: 7940 2020-03-31 FY sales=None gp=None op=0 source=jquants reason=FY行で sales+gp が共に None（不完全行）
[00:03:47]   QUARANTINE: 1871 2020-03-31 FY sales=None gp=None op=0 source=jquants reason=FY行で sales+gp が共に None（不完全行）
[00:03:47]   QUARANTINE: 3123 2019-03-31 FY sales=None gp=None op=0 source=jquants reason=FY行で sales+gp が共に None（不完全行）
[00:03:47]   QUARANTINE: 3123 2020-03-31 FY sales=None gp=None op=0 source=jquants reason=FY行で sales+gp が共に None（不完全行）
[00:03:47]   QUARANTINE: 4613 2020-03-31 FY sales=None gp=None op=0 source=jquants reason=FY行で sales+gp が共に None（不完全行）
[00:03:47]   QUARANTINE: 3772 2020-03-31 FY sales=None gp=None op=0 source=jquants reason=FY行で sales+gp が共に None（不完全行）
[00:03:47]   QUARANTINE: 6633 2020-03-31 FY sales=None gp=None op=0 source=jquants reason=FY行で sales+gp が共に None（不完全行）
[00:03:47]   QUARANTINE: 5971 2023-03-31 FY sales=None gp=None op=0 source=jquants reason=FY行で sales+gp が共に None（不完全行）
[00:03:47]   QUARANTINE: 1961 2020-03-31 FY sales=None gp=None op=0 source=jquants reason=FY行で sales+gp が共に None（不完全行）
[00:03:47]   QUARANTINE: 4418 2020-03-31 FY sales=None gp=None op=0 source=jquants reason=FY行で sales+gp が共に None（不完全行）
[00:03:47]   QUARANTINE: 4417 2020-03-31 FY sales=None gp=None op=0 source=jquants reason=FY行で sales+gp が共に None（不完全行）
[00:03:47]   QUARANTINE: 4417 2021-03-31 FY sales=None gp=None op=0 source=jquants reason=FY行で sales+gp が共に None（不完全行）
[00:03:47]   QUARANTINE: 1417 2021-03-31 FY sales=None gp=None op=21500 source=jquants reason=FY行で sales+gp が共に None（不完全行）
[00:03:47]   QUARANTINE: 5903 2024-06-30 FY sales=None gp=None op=0 source=jquants reason=FY行で sales+gp が共に None（不完全行）
[00:03:47]   QUARANTINE: 6060 2020-03-31 FY sales=None gp=None op=0 source=jquants reason=FY行で sales+gp が共に None（不完全行）
[00:03:47]   QUARANTINE: 2004 2020-03-31 FY sales=None gp=None op=0 source=jquants reason=FY行で sales+gp が共に None（不完全行）
[00:03:47]   QUARANTINE: 4752 2019-03-31 FY sales=None gp=None op=0 source=jquants reason=FY行で sales+gp が共に None（不完全行）
[00:03:47]   QUARANTINE: 4752 2020-03-31 FY sales=None gp=None op=0 source=jquants reason=FY行で sales+gp が共に None（不完全行）
[00:03:47]   QUARANTINE: 6366 2020-03-31 FY sales=None gp=None op=0 source=jquants reason=FY行で sales+gp が共に None（不完全行）
[00:03:47]   QUARANTINE: 9768 2020-03-31 FY sales=None gp=None op=0 source=jquants reason=FY行で sales+gp が共に None（不完全行）
[00:03:47]   QUARANTINE: 9755 2020-12-31 FY sales=None gp=None op=0 source=jquants reason=FY行で sales+gp が共に None（不完全行）
[00:03:47]   QUARANTINE: 7446 2021-09-30 FY sales=None gp=None op=0 source=jquants reason=FY行で sales+gp が共に None（不完全行）
[00:03:47]   QUARANTINE: 7446 2028-03-31 FY sales=None gp=None op=390 source=jquants reason=FY行で sales+gp が共に None（不完全行）
[00:03:47]   QUARANTINE: 8057 2020-07-31 FY sales=None gp=None op=0 source=jquants reason=FY行で sales+gp が共に None（不完全行）
[00:03:47]   QUARANTINE: 8057 2021-07-31 FY sales=None gp=None op=0 source=jquants reason=FY行で sales+gp が共に None（不完全行）
[00:03:47]   QUARANTINE: 6703 2020-03-31 FY sales=None gp=None op=0 source=jquants reason=FY行で sales+gp が共に None（不完全行）
[00:03:47]   QUARANTINE: 7080 2028-12-31 FY sales=None gp=None op=828 source=jquants reason=FY行で sales+gp が共に None（不完全行）
[00:03:47]   QUARANTINE: 6721 2023-03-31 FY sales=None gp=None op=0 source=jquants reason=FY行で sales+gp が共に None（不完全行）
[00:03:47]   QUARANTINE: 3626 2028-03-31 FY sales=None gp=None op=0 source=jquants reason=FY行で sales+gp が共に None（不完全行）
[00:03:47]   QUARANTINE: 9553 2020-03-31 FY sales=None gp=None op=0 source=jquants reason=FY行で sales+gp が共に None（不完全行）
[00:03:47]   QUARANTINE: 3333 2020-03-31 FY sales=None gp=None op=0 source=jquants reason=FY行で sales+gp が共に None（不完全行）
[00:03:47]   QUARANTINE: 3333 2021-03-31 FY sales=None gp=None op=0 source=jquants reason=FY行で sales+gp が共に None（不完全行）
[00:03:47]   QUARANTINE: 3710 2021-07-31 FY sales=None gp=None op=0 source=jquants reason=FY行で sales+gp が共に None（不完全行）
[00:03:47]   QUARANTINE: 3560 2020-03-31 FY sales=None gp=None op=0 source=jquants reason=FY行で sales+gp が共に None（不完全行）
[00:03:47]   QUARANTINE: 7931 2020-03-31 FY sales=None gp=None op=0 source=jquants reason=FY行で sales+gp が共に None（不完全行）
[00:03:47]   QUARANTINE: 1381 2024-03-31 FY sales=None gp=None op=0 source=jquants reason=FY行で sales+gp が共に None（不完全行）
[00:03:47]   QUARANTINE: 4531 2020-03-31 FY sales=None gp=None op=0 source=jquants reason=FY行で sales+gp が共に None（不完全行）
[00:03:47]   QUARANTINE: 5923 2020-03-31 FY sales=None gp=None op=0 source=jquants reason=FY行で sales+gp が共に None（不完全行）
[00:03:47]   QUARANTINE: 2469 2020-03-31 FY sales=None gp=None op=0 source=jquants reason=FY行で sales+gp が共に None（不完全行）
[00:03:47]   QUARANTINE: 4376 2021-09-30 FY sales=None gp=None op=0 source=jquants reason=FY行で sales+gp が共に None（不完全行）
[00:03:47]   QUARANTINE: 6369 2020-03-31 FY sales=None gp=None op=0 source=jquants reason=FY行で sales+gp が共に None（不完全行）
[00:03:47]   QUARANTINE: 3474 2021-01-31 FY sales=None gp=None op=-10 source=jquants reason=FY行で sales+gp が共に None（不完全行）
[00:03:47]   QUARANTINE: 2372 2026-03-31 FY sales=None gp=None op=0 source=jquants reason=FY行で sales+gp が共に None（不完全行）
[00:03:47]   QUARANTINE: 4671 2026-03-31 FY sales=None gp=None op=0 source=jquants reason=FY行で sales+gp が共に None（不完全行）
[00:03:47]   QUARANTINE: 6363 2020-03-31 FY sales=None gp=None op=0 source=jquants reason=FY行で sales+gp が共に None（不完全行）
[00:03:47]   QUARANTINE: 1944 2020-03-31 FY sales=None gp=None op=0 source=jquants reason=FY行で sales+gp が共に None（不完全行）
[00:03:47]   QUARANTINE: 1945 2027-03-31 FY sales=None gp=None op=5000 source=jquants reason=FY行で sales+gp が共に None（不完全行）
[00:03:47]   QUARANTINE: 6643 2020-03-31 FY sales=None gp=None op=0 source=jquants reason=FY行で sales+gp が共に None（不完全行）
[00:03:47]   QUARANTINE: 1734 2024-03-31 FY sales=None gp=None op=360 source=jquants reason=FY行で sales+gp が共に None（不完全行）
[00:03:47]   QUARANTINE: 4421 2028-09-30 FY sales=None gp=None op=0 source=jquants reason=FY行で sales+gp が共に None（不完全行）
[00:03:47]   QUARANTINE: 6822 2021-03-31 FY sales=None gp=None op=0 source=jquants reason=FY行で sales+gp が共に None（不完全行）
[00:03:47]   QUARANTINE: 9119 2023-03-31 FY sales=None gp=None op=0 source=jquants reason=FY行で sales+gp が共に None（不完全行）
[00:03:47]   QUARANTINE: 3544 2020-05-31 FY sales=None gp=None op=0 source=jquants reason=FY行で sales+gp が共に None（不完全行）
[00:03:47]   QUARANTINE: 8008 2023-02-28 FY sales=None gp=None op=0 source=jquants reason=FY行で sales+gp が共に None（不完全行）
[00:03:47]   QUARANTINE: 8008 2028-03-31 FY sales=None gp=None op=5100 source=jquants reason=FY行で sales+gp が共に None（不完全行）
[00:03:47]   QUARANTINE: 8016 2026-02-28 FY sales=None gp=None op=0 source=jquants reason=FY行で sales+gp が共に None（不完全行）
[00:03:47]   QUARANTINE: 4574 2020-12-31 FY sales=None gp=None op=0 source=jquants reason=FY行で sales+gp が共に None（不完全行）
[00:03:47]   QUARANTINE: 3341 2022-03-31 FY sales=None gp=None op=0 source=jquants reason=FY行で sales+gp が共に None（不完全行）
[00:03:47]   QUARANTINE: 9627 2021-03-31 FY sales=None gp=None op=0 source=jquants reason=FY行で sales+gp が共に None（不完全行）
[00:03:47]   QUARANTINE: 3034 2028-03-31 FY sales=None gp=None op=0 source=jquants reason=FY行で sales+gp が共に None（不完全行）
[00:03:47]   QUARANTINE: 5247 2020-03-31 FY sales=None gp=None op=0 source=jquants reason=FY行で sales+gp が共に None（不完全行）
[00:03:47]   QUARANTINE: 5247 2021-03-31 FY sales=None gp=None op=0 source=jquants reason=FY行で sales+gp が共に None（不完全行）
[00:03:47]   QUARANTINE: 7689 2023-02-28 FY sales=None gp=None op=0 source=jquants reason=FY行で sales+gp が共に None（不完全行）
[00:03:47]   QUARANTINE: 7383 2021-03-31 FY sales=None gp=None op=0 source=jquants reason=FY行で sales+gp が共に None（不完全行）
[00:03:47]   QUARANTINE: 3863 2020-03-31 FY sales=None gp=None op=0 source=jquants reason=FY行で sales+gp が共に None（不完全行）
[00:03:47]   QUARANTINE: 3863 2024-03-31 FY sales=None gp=None op=0 source=jquants reason=FY行で sales+gp が共に None（不完全行）
[00:03:47]   QUARANTINE: 5632 2027-03-31 FY sales=None gp=None op=8000 source=jquants reason=FY行で sales+gp が共に None（不完全行）
[00:03:47]   QUARANTINE: 7377 2021-06-30 FY sales=None gp=None op=0 source=jquants reason=FY行で sales+gp が共に None（不完全行）
[00:03:47]   QUARANTINE: 7377 2027-03-31 FY sales=None gp=None op=0 source=jquants reason=FY行で sales+gp が共に None（不完全行）
[00:03:47]   QUARANTINE: 7235 2028-03-31 FY sales=None gp=None op=301 source=jquants reason=FY行で sales+gp が共に None（不完全行）
[00:03:47]   QUARANTINE: 9997 2020-03-31 FY sales=None gp=None op=0 source=jquants reason=FY行で sales+gp が共に None（不完全行）
[00:03:47]   QUARANTINE: 4932 2028-03-31 FY sales=None gp=None op=820 source=jquants reason=FY行で sales+gp が共に None（不完全行）
[00:03:47]   QUARANTINE: 4937 2020-03-31 FY sales=None gp=None op=0 source=jquants reason=FY行で sales+gp が共に None（不完全行）
[00:03:47]   QUARANTINE: 9441 2020-12-31 FY sales=None gp=None op=0 source=jquants reason=FY行で sales+gp が共に None（不完全行）
[00:03:47]   QUARANTINE: 6367 2020-03-31 FY sales=None gp=None op=0 source=jquants reason=FY行で sales+gp が共に None（不完全行）
[00:03:47]   QUARANTINE: 2993 2021-03-31 FY sales=None gp=None op=2015 source=jquants reason=FY行で sales+gp が共に None（不完全行）
[00:03:47]   QUARANTINE: 8473 2020-03-31 FY sales=None gp=None op=0 source=jquants reason=FY行で sales+gp が共に None（不完全行）
[00:03:47]   QUARANTINE: 8904 2021-08-31 FY sales=None gp=None op=0 source=jquants reason=FY行で sales+gp が共に None（不完全行）
[00:03:47]   QUARANTINE: 9687 2028-03-31 FY sales=None gp=None op=3600 source=jquants reason=FY行で sales+gp が共に None（不完全行）
[00:03:47]   QUARANTINE: 3452 2026-03-31 FY sales=None gp=None op=8400 source=jquants reason=FY行で sales+gp が共に None（不完全行）
[00:03:47]   QUARANTINE: 6779 2023-03-31 FY sales=None gp=None op=0 source=jquants reason=FY行で sales+gp が共に None（不完全行）
[00:03:47]   QUARANTINE: 2445 2020-03-31 FY sales=None gp=None op=0 source=jquants reason=FY行で sales+gp が共に None（不完全行）
[00:03:47]   QUARANTINE: 3562 2020-03-31 FY sales=None gp=None op=0 source=jquants reason=FY行で sales+gp が共に None（不完全行）
[00:03:47]   QUARANTINE: 8131 2020-03-31 FY sales=None gp=None op=0 source=jquants reason=FY行で sales+gp が共に None（不完全行）
[00:03:47]   QUARANTINE: 9090 2020-03-31 FY sales=None gp=None op=0 source=jquants reason=FY行で sales+gp が共に None（不完全行）
[00:03:47]   QUARANTINE: 9272 2027-03-31 FY sales=None gp=None op=2500 source=jquants reason=FY行で sales+gp が共に None（不完全行）
[00:03:47]   QUARANTINE: 9145 2021-03-31 FY sales=None gp=None op=0 source=jquants reason=FY行で sales+gp が共に None（不完全行）
[00:03:47]   QUARANTINE: 4901 2020-03-31 FY sales=None gp=None op=0 source=jquants reason=FY行で sales+gp が共に None（不完全行）
[00:03:47]   QUARANTINE: 4516 2022-03-31 FY sales=None gp=None op=0 source=jquants reason=FY行で sales+gp が共に None（不完全行）
[00:03:47]   QUARANTINE: 6276 2020-03-31 FY sales=None gp=None op=0 source=jquants reason=FY行で sales+gp が共に None（不完全行）
[00:03:47]   QUARANTINE: 9247 2020-03-31 FY sales=None gp=None op=0 source=jquants reason=FY行で sales+gp が共に None（不完全行）
[00:03:47]   QUARANTINE: 9247 2021-03-31 FY sales=None gp=None op=0 source=jquants reason=FY行で sales+gp が共に None（不完全行）
[00:03:47]   QUARANTINE: 8218 2022-03-31 FY sales=None gp=None op=0 source=jquants reason=FY行で sales+gp が共に None（不完全行）
[00:03:47]   QUARANTINE: 8566 2022-03-31 FY sales=None gp=None op=0 source=jquants reason=FY行で sales+gp が共に None（不完全行）
[00:03:47]   QUARANTINE: 4676 2022-03-31 FY sales=None gp=None op=0 source=jquants reason=FY行で sales+gp が共に None（不完全行）
[00:03:47]   QUARANTINE: 9404 2022-03-31 FY sales=None gp=None op=0 source=jquants reason=FY行で sales+gp が共に None（不完全行）
[00:03:47]   QUARANTINE: 4019 2028-12-31 FY sales=None gp=None op=150 source=jquants reason=FY行で sales+gp が共に None（不完全行）
[00:03:47]   QUARANTINE: 4549 2020-03-31 FY sales=None gp=None op=0 source=jquants reason=FY行で sales+gp が共に None（不完全行）
[00:03:47]   QUARANTINE: 6069 2027-03-31 FY sales=None gp=None op=1300 source=jquants reason=FY行で sales+gp が共に None（不完全行）
[00:03:47]   QUARANTINE: 6969 2019-03-31 FY sales=None gp=None op=0 source=jquants reason=FY行で sales+gp が共に None（不完全行）
[00:03:47]   QUARANTINE: 2998 2021-03-31 FY sales=None gp=None op=0 source=jquants reason=FY行で sales+gp が共に None（不完全行）
[00:03:47]   QUARANTINE: 2983 2020-03-31 FY sales=None gp=None op=0 source=jquants reason=FY行で sales+gp が共に None（不完全行）
[00:03:47]   QUARANTINE: 3075 2028-12-31 FY sales=None gp=None op=1367 source=jquants reason=FY行で sales+gp が共に None（不完全行）
[00:03:47]   QUARANTINE: 2440 2020-03-31 FY sales=None gp=None op=0 source=jquants reason=FY行で sales+gp が共に None（不完全行）
[00:03:47]   QUARANTINE: 9248 2021-03-31 FY sales=None gp=None op=0 source=jquants reason=FY行で sales+gp が共に None（不完全行）
[00:03:47]   QUARANTINE: 7228 2021-12-31 FY sales=None gp=None op=0 source=jquants reason=FY行で sales+gp が共に None（不完全行）
[00:03:47]   QUARANTINE: 7228 2022-12-31 FY sales=None gp=None op=0 source=jquants reason=FY行で sales+gp が共に None（不完全行）
[00:03:47]   QUARANTINE: 7218 2022-03-31 FY sales=None gp=None op=0 source=jquants reason=FY行で sales+gp が共に None（不完全行）
[00:03:47]   QUARANTINE: 9242 2020-03-31 FY sales=None gp=None op=0 source=jquants reason=FY行で sales+gp が共に None（不完全行）
[00:03:47]   QUARANTINE: 9242 2028-07-31 FY sales=None gp=None op=289 source=jquants reason=FY行で sales+gp が共に None（不完全行）
[00:03:47]   QUARANTINE: 9342 2020-03-31 FY sales=None gp=None op=0 source=jquants reason=FY行で sales+gp が共に None（不完全行）
[00:03:47]   QUARANTINE: 9342 2021-03-31 FY sales=None gp=None op=0 source=jquants reason=FY行で sales+gp が共に None（不完全行）
[00:03:47]   QUARANTINE: 4179 2022-03-31 FY sales=None gp=None op=0 source=jquants reason=FY行で sales+gp が共に None（不完全行）
[00:03:47]   QUARANTINE: 9215 2020-03-31 FY sales=None gp=None op=0 source=jquants reason=FY行で sales+gp が共に None（不完全行）
[00:03:47]   QUARANTINE: 4370 2020-03-31 FY sales=None gp=None op=0 source=jquants reason=FY行で sales+gp が共に None（不完全行）
[00:03:47]   QUARANTINE: 4404 2020-03-31 FY sales=None gp=None op=0 source=jquants reason=FY行で sales+gp が共に None（不完全行）
[00:03:47]   QUARANTINE: 7451 2020-03-31 FY sales=None gp=None op=0 source=jquants reason=FY行で sales+gp が共に None（不完全行）
[00:03:47]   QUARANTINE: 5842 2020-03-31 FY sales=None gp=None op=0 source=jquants reason=FY行で sales+gp が共に None（不完全行）
[00:03:47]   QUARANTINE: 5842 2021-03-31 FY sales=None gp=None op=0 source=jquants reason=FY行で sales+gp が共に None（不完全行）
[00:03:47]   QUARANTINE: 9168 2020-03-31 FY sales=None gp=None op=0 source=jquants reason=FY行で sales+gp が共に None（不完全行）
[00:03:47]   QUARANTINE: 9168 2021-03-31 FY sales=None gp=None op=0 source=jquants reason=FY行で sales+gp が共に None（不完全行）
[00:03:47]   QUARANTINE: 4493 2020-03-31 FY sales=None gp=None op=0 source=jquants reason=FY行で sales+gp が共に None（不完全行）
[00:03:47]   QUARANTINE: 8194 2020-02-29 FY sales=None gp=None op=0 source=jquants reason=FY行で sales+gp が共に None（不完全行）
[00:03:47]   QUARANTINE: 3858 2020-03-31 FY sales=None gp=None op=0 source=jquants reason=FY行で sales+gp が共に None（不完全行）
[00:03:47]   QUARANTINE: 6517 2020-03-31 FY sales=None gp=None op=0 source=jquants reason=FY行で sales+gp が共に None（不完全行）
[00:03:47]   QUARANTINE: 5195 2020-03-31 FY sales=None gp=None op=0 source=jquants reason=FY行で sales+gp が共に None（不完全行）
[00:03:47]   QUARANTINE: 5589 2021-03-31 FY sales=None gp=None op=0 source=jquants reason=FY行で sales+gp が共に None（不完全行）
[00:03:47]   QUARANTINE: 5597 2028-03-31 FY sales=None gp=None op=-250 source=jquants reason=FY行で sales+gp が共に None（不完全行）
[00:03:47]   QUARANTINE: 9085 2026-03-31 FY sales=None gp=None op=2300 source=jquants reason=FY行で sales+gp が共に None（不完全行）
[00:03:47]   QUARANTINE: 7135 2021-03-31 FY sales=None gp=None op=-2175 source=jquants reason=FY行で sales+gp が共に None（不完全行）
[00:03:47]   QUARANTINE: 6638 2028-03-31 FY sales=None gp=None op=9400 source=jquants reason=FY行で sales+gp が共に None（不完全行）
[00:03:47]   QUARANTINE: 3106 2027-03-31 FY sales=None gp=None op=11500 source=jquants reason=FY行で sales+gp が共に None（不完全行）
[00:03:47]   QUARANTINE: 7366 2019-03-31 FY sales=None gp=None op=0 source=jquants reason=FY行で sales+gp が共に None（不完全行）
[00:03:47]   QUARANTINE: 6556 2025-03-31 FY sales=None gp=None op=1306 source=jquants reason=FY行で sales+gp が共に None（不完全行）
[00:03:47]   QUARANTINE: 2471 2028-03-31 FY sales=None gp=None op=800 source=jquants reason=FY行で sales+gp が共に None（不完全行）
[00:03:47]   QUARANTINE: 2471 2027-03-31 FY sales=None gp=None op=150 source=jquants reason=FY行で sales+gp が共に None（不完全行）
[00:03:47]   QUARANTINE: 7791 2027-03-31 FY sales=None gp=None op=1000 source=jquants reason=FY行で sales+gp が共に None（不完全行）
[00:03:47]   QUARANTINE: 5572 2027-10-31 FY sales=None gp=None op=6000 source=jquants reason=FY行で sales+gp が共に None（不完全行）
[00:03:47]   QUARANTINE: 8844 2027-03-31 FY sales=None gp=None op=10000 source=jquants reason=FY行で sales+gp が共に None（不完全行）
[00:03:47]   QUARANTINE: 8309 2027-03-31 FY sales=None gp=None op=355000 source=jquants reason=FY行で sales+gp が共に None（不完全行）
[00:03:47]   QUARANTINE: 9048 2027-03-31 FY sales=None gp=None op=50000 source=jquants reason=FY行で sales+gp が共に None（不完全行）
[00:03:47]   QUARANTINE: 8600 2026-03-31 FY sales=None gp=None op=26050 source=jquants reason=FY行で sales+gp が共に None（不完全行）
[00:03:47]   QUARANTINE: 8985 2026-12-31 FY sales=None gp=None op=50979 source=jquants reason=FY行で sales+gp が共に None（不完全行）
[00:03:47]   QUARANTINE: 4768 2025-12-31 FY sales=12610000 gp=None op=86200 source=jquants reason=FY/3Q sales 桁ずれ: FY=12610000 / 3Q=1005719 = 12.5x (>10.0)
[00:03:47]   QUARANTINE: 7226 2021-03-31 FY sales=1117170 gp=23161 op=9080 source=jquants reason=FY/3Q sales 桁ずれ: FY=1117170 / 3Q=81277 = 13.7x (>10.0)
[00:03:47]   QUARANTINE: 5805 2024-03-31 FY sales=296326 gp=6530 op=1667 source=jquants reason=FY/3Q sales 桁ずれ: FY=296326 / 3Q=22347 = 13.3x (>10.0)
[00:03:47]   QUARANTINE: 6103 2023-03-31 FY sales=227636 gp=73076 op=24804 source=jquants reason=FY/3Q sales 桁ずれ: FY=227636 / 3Q=16579 = 13.7x (>10.0)
[00:03:47]   QUARANTINE: 6794 2025-03-31 FY sales=1376070 gp=24123 op=6796 source=jquants reason=FY/3Q sales 桁ずれ: FY=1376070 / 3Q=103474 = 13.3x (>10.0)
[00:03:47]   QUARANTINE: 5032 2026-04-30 FY sales=520000 gp=None op=21000 source=jquants reason=FY/3Q sales 桁ずれ: FY=520000 / 3Q=41000 = 12.7x (>10.0)
[00:03:47]   QUARANTINE: 4548 2022-03-31 FY sales=3409997 gp=126060 op=43760 source=jquants reason=FY/3Q sales 桁ずれ: FY=3409997 / 3Q=256594 = 13.3x (>10.0)
[00:03:47]   QUARANTINE: 6317 2025-03-31 FY sales=572808 gp=9109 op=1872 source=jquants reason=FY/3Q sales 桁ずれ: FY=572808 / 3Q=41784 = 13.7x (>10.0)
[00:03:47]   QUARANTINE: 3930 2025-07-31 FY sales=37494 gp=3247 op=339 source=jquants reason=FY/3Q sales 桁ずれ: FY=37494 / 3Q=2895 = 13.0x (>10.0)
[00:03:47]   QUARANTINE: 4334 2026-03-31 FY sales=4220 gp=None op=20 source=jquants reason=FY/3Q sales 桁ずれ: FY=4220 / 3Q=294 = 14.4x (>10.0)
[00:03:47]   QUARANTINE: 6485 2026-03-31 FY sales=320000 gp=None op=2250 source=jquants reason=FY/3Q sales 桁ずれ: FY=320000 / 3Q=24119 = 13.3x (>10.0)
[00:03:47]   QUARANTINE: 2359 2022-03-31 FY sales=217989 gp=5567 op=2367 source=jquants reason=FY/3Q sales 桁ずれ: FY=217989 / 3Q=16118 = 13.5x (>10.0)
[00:03:47]   QUARANTINE: 2602 2023-03-31 FY sales=5565655 gp=65622 op=16186 source=jquants reason=FY/3Q sales 桁ずれ: FY=5565655 / 3Q=425092 = 13.1x (>10.0)
[00:03:47]   QUARANTINE: 9697 2025-03-31 FY sales=1699604 gp=98757 op=65777 source=jquants reason=FY/3Q sales 桁ずれ: FY=1699604 / 3Q=88853 = 19.1x (>10.0)
[00:03:47]   QUARANTINE: 1801 2026-03-31 FY sales=1960000 gp=None op=101000 source=jquants reason=FY/3Q sales 桁ずれ: FY=1960000 / 3Q=1427 = 1373.5x (>10.0)
[00:03:47]   QUARANTINE: 3299 2028-03-31 FY sales=45706 gp=9285 op=6123 source=jquants reason=FY/3Q sales 桁ずれ: FY=45706 / 3Q=3296 = 13.9x (>10.0)
[00:03:47]   QUARANTINE: 6840 2026-03-31 FY sales=255000 gp=None op=900 source=jquants reason=FY/3Q sales 桁ずれ: FY=255000 / 3Q=16914 = 15.1x (>10.0)
[00:03:47]   QUARANTINE: 6615 2025-03-31 FY sales=1331938 gp=7570 op=2149 source=jquants reason=FY/3Q sales 桁ずれ: FY=1331938 / 3Q=99917 = 13.3x (>10.0)
[00:03:47]   QUARANTINE: 6060 2025-03-31 FY sales=10117 gp=3473 op=746 source=jquants reason=FY/3Q sales 桁ずれ: FY=10117 / 3Q=751 = 13.5x (>10.0)
[00:03:47]   QUARANTINE: 5943 2026-03-31 FY sales=202049 gp=63700 op=4300 source=jquants reason=FY/3Q sales 桁ずれ: FY=202049 / 3Q=14610 = 13.8x (>10.0)
[00:03:47]   QUARANTINE: 3105 2025-12-31 FY sales=502339 gp=117550 op=26401 source=jquants reason=FY/3Q sales 桁ずれ: FY=502339 / 3Q=36458 = 13.8x (>10.0)
[00:03:47]   QUARANTINE: 4350 2026-03-31 FY sales=125500 gp=None op=3400 source=jquants reason=FY/3Q sales 桁ずれ: FY=125500 / 3Q=9880 = 12.7x (>10.0)
[00:03:47]   QUARANTINE: 3034 2021-03-31 FY sales=166199 gp=23163 op=9855 source=jquants reason=FY/3Q sales 桁ずれ: FY=166199 / 3Q=12454 = 13.3x (>10.0)
[00:03:47]   QUARANTINE: 4735 2022-05-31 FY sales=236504 gp=5135 op=165 source=jquants reason=FY/3Q sales 桁ずれ: FY=236504 / 3Q=18073 = 13.1x (>10.0)
[00:03:47]   QUARANTINE: 4553 2020-03-31 FY sales=1108384 gp=50646 op=16143 source=jquants reason=FY/3Q sales 桁ずれ: FY=1108384 / 3Q=84405 = 13.1x (>10.0)
[00:03:47]   QUARANTINE: 6727 2023-03-31 FY sales=1112729 gp=31173 op=2013 source=jquants reason=FY/3Q sales 桁ずれ: FY=1112729 / 3Q=84020 = 13.2x (>10.0)
[00:03:47]   QUARANTINE: 6265 2024-03-31 FY sales=1850 gp=None op=277 source=jquants reason=FY/3Q sales 桁ずれ: FY=1850 / 3Q=138 = 13.4x (>10.0)
[00:03:47]   QUARANTINE: 1928 2025-03-31 FY sales=4058583 gp=785993 op=331366 source=jquants reason=FY/3Q sales 桁ずれ: FY=4058583 / 3Q=1135 = 3575.8x (>10.0)
[00:03:47]   QUARANTINE: 1928 2026-01-31 FY sales=4197922 gp=839819 op=341402 source=jquants reason=FY/3Q sales 桁ずれ: FY=4197922 / 3Q=3597 = 1167.1x (>10.0)
[00:03:47]   QUARANTINE: 8030 2026-03-31 FY sales=150000 gp=None op=3300 source=jquants reason=FY/3Q sales 桁ずれ: FY=150000 / 3Q=12380 = 12.1x (>10.0)
[00:03:47]   QUARANTINE: 3069 2025-03-31 FY sales=65207 gp=17205 op=1310 source=jquants reason=FY/3Q sales 桁ずれ: FY=65207 / 3Q=1874 = 34.8x (>10.0)
[00:03:47] [FINANCIALS] origin counts: {'jquants': 91580, 'unknown': 42, 'tdnet': 35}
[00:03:47] [FINANCIALS] 衝突マージ: 8件
[00:03:47]   6635 2025-12-31 FY: field merge \u2014 winning sources: ['tdnet_attachment_xbrl', 'tdnet_summary_xbrl']
[00:03:47]   8057 2026-07-31 FY: field merge \u2014 winning sources: ['tdnet_summary_xbrl']
[00:03:47]   1928 2026-01-31 FY: field merge \u2014 winning sources: ['tdnet_attachment_xbrl', 'tdnet_summary_xbrl']
[00:03:47]   9824 2026-10-31 FY: field merge \u2014 winning sources: ['tdnet_summary_xbrl']
[00:03:47]   7279 2026-10-31 FY: field merge \u2014 winning sources: ['tdnet_summary_xbrl']
[00:03:47]   4331 2025-12-31 FY: field merge \u2014 winning sources: ['tdnet_attachment_xbrl', 'tdnet_summary_xbrl']
[00:03:47]   4238 2026-01-31 FY: field merge \u2014 winning sources: ['tdnet_attachment_xbrl', 'tdnet_summary_xbrl']
[00:03:47]   7804 2026-10-31 FY: field merge \u2014 winning sources: ['tdnet_attachment_xbrl', 'tdnet_summary_xbrl']
[00:03:47] [NORMALIZE] === Normalization Report ===
  auto_unit_converted: 103
  confidence: high(>0.8)=103 medium(0.6-0.8)=183320 low(<0.6)=73
  anomaly_flags: {'unit_converted': 103, 'unit_inferred': 1}
  field_merge_wins: {'tdnet_summary_xbrl': 16, 'tdnet_attachment_xbrl': 5}
[00:03:47] [FINANCIALS] 候補=66109 → マージ後=65368 (衝突解消=8件)
[00:03:47]   upsert対象: 65,368 行
[00:04:11] [FINANCIALS] scanned=91657 built=65368 upserted=65368 errors=0
[00:04:11] [PUSH] 全完了 (128.5秒): companies=2783 periods=91657 disclosures=3 facts=183463 sanitized=34 financials_inserted=65368 errors=0
[00:04:11] [filings_process] push done facts=183463 financials=65368 errors=0
[00:04:11] [filings_process] Step 2: J-Quants financial sync
[00:04:11] [SQLite] 生データ: 87,157 rows / 3,820 codes
[00:04:12] [SQLite] 重複排除後: 72,490 rows
[00:04:12] [SYNC] quarter 分布: {"1Q": 17819, "2Q": 17771, "3Q": 17832, "4Q": 13, "FY": 19055}
[00:04:12] [SYNC] 開始: 72,490 rows → financials (145 batches × 500)
[00:04:12]   batch 1/145: 500 rows upserted (累計 500 / 72,490, 0.2秒)
[00:04:12]   batch 2/145: 500 rows upserted (累計 1,000 / 72,490, 0.4秒)
[00:04:12]   batch 3/145: 500 rows upserted (累計 1,500 / 72,490, 0.5秒)
[00:04:12]   batch 4/145: 500 rows upserted (累計 2,000 / 72,490, 0.7秒)
[00:04:12]   batch 5/145: 500 rows upserted (累計 2,500 / 72,490, 0.9秒)
[00:04:13]   batch 6/145: 500 rows upserted (累計 3,000 / 72,490, 1.1秒)
[00:04:13]   batch 7/145: 500 rows upserted (累計 3,500 / 72,490, 1.3秒)
[00:04:13]   batch 8/145: 500 rows upserted (累計 4,000 / 72,490, 1.4秒)
[00:04:13]   batch 9/145: 500 rows upserted (累計 4,500 / 72,490, 1.6秒)
[00:04:13]   batch 10/145: 500 rows upserted (累計 5,000 / 72,490, 1.7秒)
[00:04:13]   batch 11/145: 500 rows upserted (累計 5,500 / 72,490, 1.9秒)
[00:04:14]   batch 12/145: 500 rows upserted (累計 6,000 / 72,490, 2.1秒)
[00:04:14]   batch 13/145: 500 rows upserted (累計 6,500 / 72,490, 2.3秒)
[00:04:14]   batch 14/145: 500 rows upserted (累計 7,000 / 72,490, 2.4秒)
[00:04:14]   batch 15/145: 500 rows upserted (累計 7,500 / 72,490, 2.6秒)
[00:04:14]   batch 16/145: 500 rows upserted (累計 8,000 / 72,490, 2.8秒)
[00:04:15]   batch 17/145: 500 rows upserted (累計 8,500 / 72,490, 3.0秒)
[00:04:15]   batch 18/145: 500 rows upserted (累計 9,000 / 72,490, 3.1秒)
[00:04:15]   batch 19/145: 500 rows upserted (累計 9,500 / 72,490, 3.3秒)
[00:04:15]   batch 20/145: 500 rows upserted (累計 10,000 / 72,490, 3.5秒)
[00:04:15]   batch 21/145: 500 rows upserted (累計 10,500 / 72,490, 3.7秒)
[00:04:15]   batch 22/145: 500 rows upserted (累計 11,000 / 72,490, 3.8秒)
[00:04:16]   batch 23/145: 500 rows upserted (累計 11,500 / 72,490, 4.0秒)
[00:04:16]   batch 24/145: 500 rows upserted (累計 12,000 / 72,490, 4.2秒)
[00:04:16]   batch 25/145: 500 rows upserted (累計 12,500 / 72,490, 4.3秒)
[00:04:16]   batch 26/145: 500 rows upserted (累計 13,000 / 72,490, 4.5秒)
[00:04:16]   batch 27/145: 500 rows upserted (累計 13,500 / 72,490, 4.6秒)
[00:04:16]   batch 28/145: 500 rows upserted (累計 14,000 / 72,490, 4.8秒)
[00:04:17]   batch 29/145: 500 rows upserted (累計 14,500 / 72,490, 5.0秒)
[00:04:17]   batch 30/145: 500 rows upserted (累計 15,000 / 72,490, 5.2秒)
[00:04:17]   batch 31/145: 500 rows upserted (累計 15,500 / 72,490, 5.3秒)
[00:04:17]   batch 32/145: 500 rows upserted (累計 16,000 / 72,490, 5.5秒)
[00:04:17]   batch 33/145: 500 rows upserted (累計 16,500 / 72,490, 5.7秒)
[00:04:17]   batch 34/145: 500 rows upserted (累計 17,000 / 72,490, 5.9秒)
[00:04:18]   batch 35/145: 500 rows upserted (累計 17,500 / 72,490, 6.1秒)
[00:04:18]   batch 36/145: 500 rows upserted (累計 18,000 / 72,490, 6.2秒)
[00:04:18]   batch 37/145: 500 rows upserted (累計 18,500 / 72,490, 6.4秒)
[00:04:18]   batch 38/145: 500 rows upserted (累計 19,000 / 72,490, 6.6秒)
[00:04:18]   batch 39/145: 500 rows upserted (累計 19,500 / 72,490, 6.7秒)
[00:04:18]   batch 40/145: 500 rows upserted (累計 20,000 / 72,490, 6.9秒)
[00:04:19]   batch 41/145: 500 rows upserted (累計 20,500 / 72,490, 7.1秒)
[00:04:19]   batch 42/145: 500 rows upserted (累計 21,000 / 72,490, 7.3秒)
[00:04:19]   batch 43/145: 500 rows upserted (累計 21,500 / 72,490, 7.4秒)
[00:04:19]   batch 44/145: 500 rows upserted (累計 22,000 / 72,490, 7.6秒)
[00:04:19]   batch 45/145: 500 rows upserted (累計 22,500 / 72,490, 7.8秒)
[00:04:20]   batch 46/145: 500 rows upserted (累計 23,000 / 72,490, 8.0秒)
[00:04:20]   batch 47/145: 500 rows upserted (累計 23,500 / 72,490, 8.3秒)
[00:04:20]   batch 48/145: 500 rows upserted (累計 24,000 / 72,490, 8.4秒)
[00:04:20]   batch 49/145: 500 rows upserted (累計 24,500 / 72,490, 8.7秒)
[00:04:20]   batch 50/145: 500 rows upserted (累計 25,000 / 72,490, 8.9秒)
[00:04:21]   batch 51/145: 500 rows upserted (累計 25,500 / 72,490, 9.8秒)
[00:04:22]   batch 52/145: 500 rows upserted (累計 26,000 / 72,490, 10.1秒)
[00:04:22]   batch 53/145: 500 rows upserted (累計 26,500 / 72,490, 10.3秒)
[00:04:22]   batch 54/145: 500 rows upserted (累計 27,000 / 72,490, 10.5秒)
[00:04:22]   batch 55/145: 500 rows upserted (累計 27,500 / 72,490, 10.8秒)
[00:04:23]   batch 56/145: 500 rows upserted (累計 28,000 / 72,490, 11.0秒)
[00:04:23]   batch 57/145: 500 rows upserted (累計 28,500 / 72,490, 11.2秒)
[00:04:23]   batch 58/145: 500 rows upserted (累計 29,000 / 72,490, 11.4秒)
[00:04:23]   batch 59/145: 500 rows upserted (累計 29,500 / 72,490, 11.6秒)
[00:04:23]   batch 60/145: 500 rows upserted (累計 30,000 / 72,490, 11.8秒)
[00:04:24]   batch 61/145: 500 rows upserted (累計 30,500 / 72,490, 12.0秒)
[00:04:24]   batch 62/145: 500 rows upserted (累計 31,000 / 72,490, 12.3秒)
[00:04:24]   batch 63/145: 500 rows upserted (累計 31,500 / 72,490, 12.4秒)
[00:04:24]   batch 64/145: 500 rows upserted (累計 32,000 / 72,490, 12.7秒)
[00:04:24]   batch 65/145: 500 rows upserted (累計 32,500 / 72,490, 12.9秒)
[00:04:25]   batch 66/145: 500 rows upserted (累計 33,000 / 72,490, 13.1秒)
[00:04:25]   batch 67/145: 500 rows upserted (累計 33,500 / 72,490, 13.3秒)
[00:04:25]   batch 68/145: 500 rows upserted (累計 34,000 / 72,490, 13.6秒)
[00:04:25]   batch 69/145: 500 rows upserted (累計 34,500 / 72,490, 13.8秒)
[00:04:26]   batch 70/145: 500 rows upserted (累計 35,000 / 72,490, 14.1秒)
[00:04:26]   batch 71/145: 500 rows upserted (累計 35,500 / 72,490, 14.3秒)
[00:04:26]   batch 72/145: 500 rows upserted (累計 36,000 / 72,490, 14.5秒)
[00:04:26]   batch 73/145: 500 rows upserted (累計 36,500 / 72,490, 14.8秒)
[00:04:27]   batch 74/145: 500 rows upserted (累計 37,000 / 72,490, 15.1秒)
[00:04:27]   batch 75/145: 500 rows upserted (累計 37,500 / 72,490, 15.4秒)
[00:04:27]   batch 76/145: 500 rows upserted (累計 38,000 / 72,490, 15.6秒)
[00:04:27]   batch 77/145: 500 rows upserted (累計 38,500 / 72,490, 15.8秒)
[00:04:28]   batch 78/145: 500 rows upserted (累計 39,000 / 72,490, 16.1秒)
[00:04:28]   batch 79/145: 500 rows upserted (累計 39,500 / 72,490, 16.3秒)
[00:04:28]   batch 80/145: 500 rows upserted (累計 40,000 / 72,490, 16.5秒)
[00:04:28]   batch 81/145: 500 rows upserted (累計 40,500 / 72,490, 16.7秒)
[00:04:28]   batch 82/145: 500 rows upserted (累計 41,000 / 72,490, 16.9秒)
[00:04:29]   batch 83/145: 500 rows upserted (累計 41,500 / 72,490, 17.2秒)
[00:04:29]   batch 84/145: 500 rows upserted (累計 42,000 / 72,490, 17.4秒)
[00:04:29]   batch 85/145: 500 rows upserted (累計 42,500 / 72,490, 17.6秒)
[00:04:29]   batch 86/145: 500 rows upserted (累計 43,000 / 72,490, 17.8秒)
[00:04:30]   batch 87/145: 500 rows upserted (累計 43,500 / 72,490, 18.0秒)
[00:04:30]   batch 88/145: 500 rows upserted (累計 44,000 / 72,490, 18.3秒)
[00:04:30]   batch 89/145: 500 rows upserted (累計 44,500 / 72,490, 18.5秒)
[00:04:30]   batch 90/145: 500 rows upserted (累計 45,000 / 72,490, 18.7秒)
[00:04:31]   batch 91/145: 500 rows upserted (累計 45,500 / 72,490, 19.0秒)
[00:04:31]   batch 92/145: 500 rows upserted (累計 46,000 / 72,490, 19.7秒)
[00:04:32]   batch 93/145: 500 rows upserted (累計 46,500 / 72,490, 20.9秒)
[00:04:33]   batch 94/145: 500 rows upserted (累計 47,000 / 72,490, 21.3秒)
[00:04:33]   batch 95/145: 500 rows upserted (累計 47,500 / 72,490, 21.5秒)
[00:04:33]   batch 96/145: 500 rows upserted (累計 48,000 / 72,490, 21.7秒)
[00:04:33]   batch 97/145: 500 rows upserted (累計 48,500 / 72,490, 21.9秒)
[00:04:34]   batch 98/145: 500 rows upserted (累計 49,000 / 72,490, 22.1秒)
[00:04:34]   batch 99/145: 500 rows upserted (累計 49,500 / 72,490, 22.3秒)
[00:04:34]   batch 100/145: 500 rows upserted (累計 50,000 / 72,490, 22.5秒)
[00:04:34]   batch 101/145: 500 rows upserted (累計 50,500 / 72,490, 22.6秒)
[00:04:34]   batch 102/145: 500 rows upserted (累計 51,000 / 72,490, 22.8秒)
[00:04:35]   batch 103/145: 500 rows upserted (累計 51,500 / 72,490, 23.0秒)
[00:04:35]   batch 104/145: 500 rows upserted (累計 52,000 / 72,490, 23.1秒)
[00:04:35]   batch 105/145: 500 rows upserted (累計 52,500 / 72,490, 23.3秒)
[00:04:35]   batch 106/145: 500 rows upserted (累計 53,000 / 72,490, 23.5秒)
[00:04:35]   batch 107/145: 500 rows upserted (累計 53,500 / 72,490, 23.7秒)
[00:04:35]   batch 108/145: 500 rows upserted (累計 54,000 / 72,490, 23.9秒)
[00:04:36]   batch 109/145: 500 rows upserted (累計 54,500 / 72,490, 24.1秒)
[00:04:36]   batch 110/145: 500 rows upserted (累計 55,000 / 72,490, 24.3秒)
[00:04:36]   batch 111/145: 500 rows upserted (累計 55,500 / 72,490, 24.5秒)
[00:04:36]   batch 112/145: 500 rows upserted (累計 56,000 / 72,490, 24.8秒)
[00:04:37]   batch 113/145: 500 rows upserted (累計 56,500 / 72,490, 25.0秒)
[00:04:37]   batch 114/145: 500 rows upserted (累計 57,000 / 72,490, 25.2秒)
[00:04:37]   batch 115/145: 500 rows upserted (累計 57,500 / 72,490, 25.4秒)
[00:04:37]   batch 116/145: 500 rows upserted (累計 58,000 / 72,490, 25.6秒)
[00:04:37]   batch 117/145: 500 rows upserted (累計 58,500 / 72,490, 25.8秒)
[00:04:38]   batch 118/145: 500 rows upserted (累計 59,000 / 72,490, 26.1秒)
[00:04:38]   batch 119/145: 500 rows upserted (累計 59,500 / 72,490, 26.2秒)
[00:04:38]   batch 120/145: 500 rows upserted (累計 60,000 / 72,490, 26.5秒)
[00:04:38]   batch 121/145: 500 rows upserted (累計 60,500 / 72,490, 26.7秒)
[00:04:39]   batch 122/145: 500 rows upserted (累計 61,000 / 72,490, 27.2秒)
[00:04:39]   batch 123/145: 500 rows upserted (累計 61,500 / 72,490, 27.4秒)
[00:04:39]   batch 124/145: 500 rows upserted (累計 62,000 / 72,490, 27.6秒)
[00:04:39]   batch 125/145: 500 rows upserted (累計 62,500 / 72,490, 27.8秒)
[00:04:39]   batch 126/145: 500 rows upserted (累計 63,000 / 72,490, 27.9秒)
[00:04:40]   batch 127/145: 500 rows upserted (累計 63,500 / 72,490, 28.1秒)
[00:04:40]   batch 128/145: 500 rows upserted (累計 64,000 / 72,490, 28.3秒)
[00:04:40]   batch 129/145: 500 rows upserted (累計 64,500 / 72,490, 28.4秒)
[00:04:40]   batch 130/145: 500 rows upserted (累計 65,000 / 72,490, 28.6秒)
[00:04:40]   batch 131/145: 500 rows upserted (累計 65,500 / 72,490, 28.8秒)
[00:04:41]   batch 132/145: 500 rows upserted (累計 66,000 / 72,490, 29.0秒)
[00:04:41]   batch 133/145: 500 rows upserted (累計 66,500 / 72,490, 29.2秒)
[00:04:41]   batch 134/145: 500 rows upserted (累計 67,000 / 72,490, 29.5秒)
[00:04:41]   batch 135/145: 500 rows upserted (累計 67,500 / 72,490, 29.6秒)
[00:04:41]   batch 136/145: 500 rows upserted (累計 68,000 / 72,490, 29.7秒)
[00:04:41]   batch 137/145: 500 rows upserted (累計 68,500 / 72,490, 29.9秒)
[00:04:42]   batch 138/145: 500 rows upserted (累計 69,000 / 72,490, 30.1秒)
[00:04:42]   batch 139/145: 500 rows upserted (累計 69,500 / 72,490, 30.2秒)
[00:04:42]   batch 140/145: 500 rows upserted (累計 70,000 / 72,490, 30.4秒)
[00:04:42]   batch 141/145: 500 rows upserted (累計 70,500 / 72,490, 30.5秒)
[00:04:42]   batch 142/145: 500 rows upserted (累計 71,000 / 72,490, 30.7秒)
[00:04:42]   batch 143/145: 500 rows upserted (累計 71,500 / 72,490, 30.9秒)
[00:04:43]   batch 144/145: 500 rows upserted (累計 72,000 / 72,490, 31.0秒)
[00:04:43]   batch 145/145: 490 rows upserted (累計 72,490 / 72,490, 31.2秒)
[00:04:43] [VERIFY] Supabase 側の検証中...
[00:04:43] [VERIFY] public.financials: 170,884 rows
[00:04:43] 
============================================================
  SYNC 完了
  upserted: 72,490 / 72,490
  errors:   0
  elapsed:  31.2秒
============================================================
[00:04:43] [filings_process] J-Quants sync done: {'sqlite_raw_rows': 87157, 'sqlite_codes': 3820, 'deduped_rows': 72490, 'upserted': 72490, 'batches': 145, 'errors': 0, 'dry_run': False, 'elapsed_sec': 31.2}
[00:04:43] [pipeline_run] finished: process status=done elapsed=161.0s id=7 processed=0 success=0 failed=0
[2026/03/12  0:04:43.50] Finished (exit=0) 
[2026/03/12  8:26:17.11] Starting process 
[08:26:17] [db] config: write_key_type=service_role read_key_type=service_role
[08:26:18] [pipeline_run] started: process (id=10, trigger=scheduler)
[08:26:18] [filings_process] Step 1: SQLite → Supabase push
[08:26:18] [PUSH] SQLite総行数: 91657, 今回対象: 91657 件
[08:26:18] [Phase 1/4] companies 一括 upsert...
[08:26:19]   → 2783 社 完了 (0.8秒)
[08:26:19] [Phase 2/4] periods 一括 upsert...
[08:26:39]   → 91657 期間 完了 (20.7秒)
[08:26:39] [Phase 3/4] disclosures 一括 upsert...
[08:26:39]   対象 disclosure: 91657 件
[08:26:57]   既存 disclosure: 183281 件
[08:26:57]   新規なし（全件既存）
[08:26:57]   → 183281 disclosure 完了 (39.0秒)
[08:26:57] [Phase 4/4] facts 一括 upsert (batch=500, offset=0)...
[08:26:58]   batch 1: 226/91657 (0.2%) facts=500 sanitized=0 経過=39秒 残り\u224815932秒
[08:26:58]   batch 2: 477/91657 (0.5%) facts=1002 sanitized=0 経過=40秒 残り\u22487589秒
[08:26:58]   batch 3: 709/91657 (0.8%) facts=1503 sanitized=0 経過=40秒 残り\u22485131秒
[08:26:58]   batch 4: 959/91657 (1.0%) facts=2005 sanitized=0 経過=40秒 残り\u22483808秒
[08:26:59]   batch 5: 1188/91657 (1.3%) facts=2505 sanitized=0 経過=41秒 残り\u22483085秒
[08:26:59]   batch 6: 1439/91657 (1.6%) facts=3006 sanitized=0 経過=41秒 残り\u22482554秒
[08:26:59]   batch 7: 1668/91657 (1.8%) facts=3507 sanitized=0 経過=41秒 残り\u22482208秒
[08:26:59]   batch 8: 1909/91657 (2.1%) facts=4007 sanitized=0 経過=41秒 残り\u22481932秒
[08:27:00]   batch 9: 2144/91657 (2.3%) facts=4507 sanitized=0 経過=41秒 残り\u22481724秒
[08:27:00]   batch 10: 2370/91657 (2.6%) facts=5007 sanitized=0 経過=41秒 残り\u22481563秒
[08:27:03]   batch 11: 2626/91657 (2.9%) facts=5509 sanitized=0 経過=45秒 残り\u22481516秒
[08:27:03]   batch 12: 2863/91657 (3.1%) facts=6011 sanitized=0 経過=45秒 残り\u22481402秒
[08:27:04]   batch 13: 3129/91657 (3.4%) facts=6512 sanitized=0 経過=45秒 残り\u22481286秒
[08:27:04]   batch 14: 3375/91657 (3.7%) facts=7014 sanitized=0 経過=46秒 残り\u22481202秒
[08:27:04]   batch 15: 3638/91657 (4.0%) facts=7514 sanitized=0 経過=46秒 残り\u22481117秒
[08:27:05]   batch 16: 3884/91657 (4.2%) facts=8015 sanitized=0 経過=46秒 残り\u22481049秒
[08:27:05]   batch 17: 4134/91657 (4.5%) facts=8517 sanitized=0 経過=47秒 残り\u2248988秒
[08:27:05]   batch 18: 4384/91657 (4.8%) facts=9017 sanitized=0 経過=47秒 残り\u2248935秒
[08:27:05]   batch 19: 4621/91657 (5.0%) facts=9518 sanitized=0 経過=47秒 残り\u2248888秒
[08:27:06]   batch 20: 4871/91657 (5.3%) facts=10020 sanitized=0 経過=47秒 残り\u2248844秒
[08:27:06]   batch 21: 5095/91657 (5.6%) facts=10521 sanitized=0 経過=48秒 残り\u2248809秒
[08:27:06]   batch 22: 5353/91657 (5.8%) facts=11021 sanitized=0 経過=48秒 残り\u2248771秒
[08:27:06]   batch 23: 5611/91657 (6.1%) facts=11523 sanitized=0 経過=48秒 残り\u2248737秒
[08:27:06]   batch 24: 5843/91657 (6.4%) facts=12024 sanitized=0 経過=48秒 残り\u2248709秒
[08:27:07]   batch 25: 6114/91657 (6.7%) facts=12526 sanitized=0 経過=48秒 残り\u2248678秒
[08:27:07]   batch 26: 6350/91657 (6.9%) facts=13028 sanitized=0 経過=49秒 残り\u2248653秒
[08:27:07]   batch 27: 6589/91657 (7.2%) facts=13530 sanitized=0 経過=49秒 残り\u2248631秒
[08:27:07]   batch 28: 6851/91657 (7.5%) facts=14030 sanitized=0 経過=49秒 残り\u2248608秒
[08:27:07]   batch 29: 7104/91657 (7.8%) facts=14531 sanitized=0 経過=49秒 残り\u2248586秒
[08:27:08]   batch 30: 7345/91657 (8.0%) facts=15033 sanitized=0 経過=49秒 残り\u2248567秒
[08:27:08]   batch 31: 7595/91657 (8.3%) facts=15535 sanitized=0 経過=50秒 残り\u2248549秒
[08:27:08]   batch 32: 7841/91657 (8.6%) facts=16037 sanitized=0 経過=50秒 残り\u2248532秒
[08:27:08]   batch 33: 8093/91657 (8.8%) facts=16537 sanitized=0 経過=50秒 残り\u2248515秒
[08:27:08]   batch 34: 8328/91657 (9.1%) facts=17038 sanitized=0 経過=50秒 残り\u2248501秒
[08:27:08]   batch 35: 8579/91657 (9.4%) facts=17538 sanitized=0 経過=50秒 残り\u2248487秒
[08:27:09]   batch 36: 8802/91657 (9.6%) facts=18038 sanitized=0 経過=50秒 残り\u2248475秒
[08:27:09]   batch 37: 9024/91657 (9.8%) facts=18538 sanitized=0 経過=51秒 残り\u2248464秒
[08:27:09]   batch 38: 9252/91657 (10.1%) facts=19038 sanitized=0 経過=51秒 残り\u2248453秒
[08:27:09]   batch 39: 9500/91657 (10.4%) facts=19540 sanitized=0 経過=51秒 残り\u2248441秒
[08:27:09]   batch 40: 9736/91657 (10.6%) facts=20040 sanitized=0 経過=51秒 残り\u2248431秒
[08:27:10]   batch 41: 9976/91657 (10.9%) facts=20542 sanitized=0 経過=51秒 残り\u2248420秒
[08:27:10]   batch 42: 10242/91657 (11.2%) facts=21042 sanitized=0 経過=51秒 残り\u2248409秒
[08:27:10]   batch 43: 10529/91657 (11.5%) facts=21543 sanitized=0 経過=52秒 残り\u2248398秒
[08:27:10]   batch 44: 10826/91657 (11.8%) facts=22043 sanitized=0 経過=52秒 残り\u2248387秒
[08:27:10]   batch 45: 11183/91657 (12.2%) facts=22543 sanitized=0 経過=52秒 残り\u2248374秒
[08:27:10]   batch 46: 11461/91657 (12.5%) facts=23043 sanitized=0 経過=52秒 残り\u2248365秒
[08:27:10]   batch 47: 11691/91657 (12.8%) facts=23545 sanitized=0 経過=52秒 残り\u2248357秒
[08:27:11]   batch 48: 11963/91657 (13.1%) facts=24045 sanitized=0 経過=52秒 残り\u2248349秒
[08:27:11]   batch 49: 12232/91657 (13.3%) facts=24546 sanitized=0 経過=53秒 残り\u2248341秒
[08:27:11]   batch 50: 12468/91657 (13.6%) facts=25047 sanitized=0 経過=53秒 残り\u2248335秒
[08:27:11]   batch 51: 12691/91657 (13.8%) facts=25548 sanitized=0 経過=53秒 残り\u2248329秒
[08:27:11]   batch 52: 12933/91657 (14.1%) facts=26050 sanitized=0 経過=53秒 残り\u2248323秒
[08:27:11]   batch 53: 13186/91657 (14.4%) facts=26550 sanitized=0 経過=53秒 残り\u2248316秒
[08:27:12]   batch 54: 13413/91657 (14.6%) facts=27050 sanitized=0 経過=53秒 残り\u2248311秒
[08:27:12]   batch 55: 13645/91657 (14.9%) facts=27550 sanitized=0 経過=53秒 残り\u2248306秒
[08:27:12]   batch 56: 13902/91657 (15.2%) facts=28052 sanitized=0 経過=54秒 残り\u2248300秒
[08:27:12]   batch 57: 14163/91657 (15.5%) facts=28554 sanitized=0 経過=54秒 残り\u2248294秒
[08:27:12]   batch 58: 14394/91657 (15.7%) facts=29055 sanitized=0 経過=54秒 残り\u2248290秒
[08:27:12]   batch 59: 14632/91657 (16.0%) facts=29556 sanitized=0 経過=54秒 残り\u2248285秒
[08:27:12]   batch 60: 14860/91657 (16.2%) facts=30057 sanitized=0 経過=54秒 残り\u2248280秒
[08:27:12] [SANITIZE] 元値が10^16超 (5.40e+303): col=operating_profit val=5.4e+303 ticker=46850 fye=2028-03-31 Q=2Q
[08:27:13]   batch 61: 15079/91657 (16.5%) facts=30557 sanitized=1 経過=54秒 残り\u2248276秒
[08:27:13]   batch 62: 15308/91657 (16.7%) facts=31057 sanitized=1 経過=55秒 残り\u2248272秒
[08:27:13]   batch 63: 15538/91657 (17.0%) facts=31557 sanitized=1 経過=55秒 残り\u2248268秒
[08:27:13]   batch 64: 15781/91657 (17.2%) facts=32059 sanitized=1 経過=55秒 残り\u2248264秒
[08:27:13]   batch 65: 16031/91657 (17.5%) facts=32559 sanitized=1 経過=55秒 残り\u2248260秒
[08:27:13]   batch 66: 16246/91657 (17.7%) facts=33059 sanitized=1 経過=55秒 残り\u2248257秒
[08:27:14]   batch 67: 16482/91657 (18.0%) facts=33560 sanitized=1 経過=55秒 残り\u2248253秒
[08:27:14]   batch 68: 16726/91657 (18.2%) facts=34060 sanitized=1 経過=56秒 残り\u2248249秒
[08:27:14]   batch 69: 16952/91657 (18.5%) facts=34560 sanitized=1 経過=56秒 残り\u2248246秒
[08:27:14]   batch 70: 17198/91657 (18.8%) facts=35060 sanitized=1 経過=56秒 残り\u2248242秒
[08:27:14]   batch 71: 17433/91657 (19.0%) facts=35561 sanitized=1 経過=56秒 残り\u2248239秒
[08:27:14]   batch 72: 17643/91657 (19.2%) facts=36063 sanitized=1 経過=56秒 残り\u2248236秒
[08:27:15]   batch 73: 17871/91657 (19.5%) facts=36565 sanitized=1 経過=56秒 残り\u2248233秒
[08:27:15]   batch 74: 18091/91657 (19.7%) facts=37066 sanitized=1 経過=57秒 残り\u2248230秒
[08:27:15]   batch 75: 18339/91657 (20.0%) facts=37567 sanitized=1 経過=57秒 残り\u2248226秒
[08:27:15]   batch 76: 18585/91657 (20.3%) facts=38067 sanitized=1 経過=57秒 残り\u2248223秒
[08:27:15]   batch 77: 18840/91657 (20.6%) facts=38569 sanitized=1 経過=57秒 残り\u2248220秒
[08:27:15]   batch 78: 19096/91657 (20.8%) facts=39069 sanitized=1 経過=57秒 残り\u2248217秒
[08:27:15]   batch 79: 19340/91657 (21.1%) facts=39571 sanitized=1 経過=57秒 残り\u2248214秒
[08:27:16]   batch 80: 19571/91657 (21.4%) facts=40073 sanitized=1 経過=57秒 残り\u2248211秒
[08:27:16]   batch 81: 19835/91657 (21.6%) facts=40573 sanitized=1 経過=58秒 残り\u2248208秒
[08:27:16]   batch 82: 20077/91657 (21.9%) facts=41074 sanitized=1 経過=58秒 残り\u2248206秒
[08:27:16]   batch 83: 20330/91657 (22.2%) facts=41576 sanitized=1 経過=58秒 残り\u2248203秒
[08:27:16]   batch 84: 20568/91657 (22.4%) facts=42077 sanitized=1 経過=58秒 残り\u2248200秒
[08:27:16]   batch 85: 20844/91657 (22.7%) facts=42577 sanitized=1 経過=58秒 残り\u2248198秒
[08:27:17]   batch 86: 21061/91657 (23.0%) facts=43077 sanitized=1 経過=58秒 残り\u2248195秒
[08:27:17]   batch 87: 21319/91657 (23.3%) facts=43579 sanitized=1 経過=59秒 残り\u2248193秒
[08:27:17]   batch 88: 21609/91657 (23.6%) facts=44081 sanitized=1 経過=59秒 残り\u2248191秒
[08:27:17]   batch 89: 21845/91657 (23.8%) facts=44581 sanitized=1 経過=59秒 残り\u2248189秒
[08:27:17]   batch 90: 22074/91657 (24.1%) facts=45082 sanitized=1 経過=59秒 残り\u2248187秒
[08:27:18]   batch 91: 22294/91657 (24.3%) facts=45583 sanitized=1 経過=59秒 残り\u2248185秒
[08:27:18]   batch 92: 22539/91657 (24.6%) facts=46084 sanitized=1 経過=60秒 残り\u2248183秒
[08:27:18]   batch 93: 22780/91657 (24.9%) facts=46584 sanitized=1 経過=60秒 残り\u2248181秒
[08:27:18]   batch 94: 23020/91657 (25.1%) facts=47084 sanitized=1 経過=60秒 残り\u2248179秒
[08:27:18]   batch 95: 23266/91657 (25.4%) facts=47584 sanitized=1 経過=60秒 残り\u2248177秒
[08:27:19]   batch 96: 23512/91657 (25.7%) facts=48085 sanitized=1 経過=60秒 残り\u2248175秒
[08:27:19]   batch 97: 23760/91657 (25.9%) facts=48585 sanitized=1 経過=60秒 残り\u2248173秒
[08:27:19]   batch 98: 24009/91657 (26.2%) facts=49085 sanitized=1 経過=61秒 残り\u2248171秒
[08:27:19]   batch 99: 24249/91657 (26.5%) facts=49586 sanitized=1 経過=61秒 残り\u2248169秒
[08:27:19]   batch 100: 24520/91657 (26.8%) facts=50088 sanitized=1 経過=61秒 残り\u2248167秒
[08:27:19]   batch 101: 24742/91657 (27.0%) facts=50590 sanitized=1 経過=61秒 残り\u2248165秒
[08:27:19]   batch 102: 24956/91657 (27.2%) facts=51091 sanitized=1 経過=61秒 残り\u2248164秒
[08:27:20]   batch 103: 25188/91657 (27.5%) facts=51591 sanitized=1 経過=61秒 残り\u2248162秒
[08:27:20]   batch 104: 25436/91657 (27.8%) facts=52091 sanitized=1 経過=62秒 残り\u2248160秒
[08:27:20]   batch 105: 25663/91657 (28.0%) facts=52593 sanitized=1 経過=62秒 残り\u2248159秒
[08:27:20]   batch 106: 25913/91657 (28.3%) facts=53093 sanitized=1 経過=62秒 残り\u2248157秒
[08:27:20]   batch 107: 26173/91657 (28.6%) facts=53595 sanitized=1 経過=62秒 残り\u2248155秒
[08:27:21]   batch 108: 26428/91657 (28.8%) facts=54097 sanitized=1 経過=62秒 残り\u2248154秒
[08:27:21]   batch 109: 26666/91657 (29.1%) facts=54599 sanitized=1 経過=63秒 残り\u2248152秒
[08:27:21]   batch 110: 26903/91657 (29.4%) facts=55100 sanitized=1 経過=63秒 残り\u2248151秒
[08:27:21]   batch 111: 27156/91657 (29.6%) facts=55602 sanitized=1 経過=63秒 残り\u2248149秒
[08:27:21]   batch 112: 27389/91657 (29.9%) facts=56102 sanitized=1 経過=63秒 残り\u2248148秒
[08:27:21]   batch 113: 27638/91657 (30.2%) facts=56602 sanitized=1 経過=63秒 残り\u2248146秒
[08:27:22]   batch 114: 27908/91657 (30.4%) facts=57103 sanitized=1 経過=63秒 残り\u2248145秒
[08:27:22]   batch 115: 28147/91657 (30.7%) facts=57605 sanitized=1 経過=63秒 残り\u2248143秒
[08:27:22]   batch 116: 28397/91657 (31.0%) facts=58105 sanitized=1 経過=64秒 残り\u2248142秒
[08:27:22]   batch 117: 28629/91657 (31.2%) facts=58606 sanitized=1 経過=64秒 残り\u2248140秒
[08:27:22]   batch 118: 28867/91657 (31.5%) facts=59108 sanitized=1 経過=64秒 残り\u2248139秒
[08:27:22]   batch 119: 29095/91657 (31.7%) facts=59608 sanitized=1 経過=64秒 残り\u2248138秒
[08:27:23]   batch 120: 29321/91657 (32.0%) facts=60110 sanitized=1 経過=64秒 残り\u2248137秒
[08:27:23]   batch 121: 29607/91657 (32.3%) facts=60611 sanitized=1 経過=65秒 残り\u2248135秒
[08:27:23]   batch 122: 29833/91657 (32.5%) facts=61111 sanitized=1 経過=65秒 残り\u2248134秒
[08:27:23]   batch 123: 30065/91657 (32.8%) facts=61611 sanitized=1 経過=65秒 残り\u2248133秒
[08:27:23]   batch 124: 30321/91657 (33.1%) facts=62112 sanitized=1 経過=65秒 残り\u2248132秒
[08:27:23]   batch 125: 30552/91657 (33.3%) facts=62613 sanitized=1 経過=65秒 残り\u2248131秒
[08:27:24]   batch 126: 30773/91657 (33.6%) facts=63114 sanitized=1 経過=65秒 残り\u2248130秒
[08:27:24]   batch 127: 31016/91657 (33.8%) facts=63615 sanitized=1 経過=66秒 残り\u2248128秒
[08:27:24]   batch 128: 31247/91657 (34.1%) facts=64115 sanitized=1 経過=66秒 残り\u2248127秒
[08:27:24]   batch 129: 31487/91657 (34.4%) facts=64615 sanitized=1 経過=66秒 残り\u2248126秒
[08:27:24]   batch 130: 31707/91657 (34.6%) facts=65116 sanitized=1 経過=66秒 残り\u2248125秒
[08:27:24]   batch 131: 31940/91657 (34.8%) facts=65618 sanitized=1 経過=66秒 残り\u2248124秒
[08:27:25]   batch 132: 32181/91657 (35.1%) facts=66118 sanitized=1 経過=66秒 残り\u2248123秒
[08:27:25]   batch 133: 32423/91657 (35.4%) facts=66619 sanitized=1 経過=67秒 残り\u2248122秒
[08:27:25]   batch 134: 32655/91657 (35.6%) facts=67121 sanitized=1 経過=67秒 残り\u2248121秒
[08:27:25]   batch 135: 32898/91657 (35.9%) facts=67623 sanitized=1 経過=67秒 残り\u2248120秒
[08:27:25]   batch 136: 33127/91657 (36.1%) facts=68123 sanitized=1 経過=67秒 残り\u2248119秒
[08:27:26]   batch 137: 33371/91657 (36.4%) facts=68624 sanitized=1 経過=67秒 残り\u2248118秒
[08:27:26]   batch 138: 33621/91657 (36.7%) facts=69125 sanitized=1 経過=68秒 残り\u2248117秒
[08:27:26]   batch 139: 33860/91657 (36.9%) facts=69626 sanitized=1 経過=68秒 残り\u2248116秒
[08:27:26]   batch 140: 34106/91657 (37.2%) facts=70126 sanitized=1 経過=68秒 残り\u2248114秒
[08:27:26]   batch 141: 34402/91657 (37.5%) facts=70626 sanitized=1 経過=68秒 残り\u2248113秒
[08:27:26]   batch 142: 34638/91657 (37.8%) facts=71126 sanitized=1 経過=68秒 残り\u2248112秒
[08:27:27]   batch 143: 34873/91657 (38.0%) facts=71628 sanitized=1 経過=68秒 残り\u2248111秒
[08:27:27]   batch 144: 35149/91657 (38.3%) facts=72129 sanitized=1 経過=69秒 残り\u2248110秒
[08:27:27]   batch 145: 35382/91657 (38.6%) facts=72630 sanitized=1 経過=69秒 残り\u2248109秒
[08:27:27]   batch 146: 35633/91657 (38.9%) facts=73131 sanitized=1 経過=69秒 残り\u2248108秒
[08:27:27]   batch 147: 35910/91657 (39.2%) facts=73633 sanitized=1 経過=69秒 残り\u2248107秒
[08:27:27]   batch 148: 36183/91657 (39.5%) facts=74135 sanitized=1 経過=69秒 残り\u2248106秒
[08:27:28]   batch 149: 36464/91657 (39.8%) facts=74637 sanitized=1 経過=69秒 残り\u2248105秒
[08:27:28]   batch 150: 36699/91657 (40.0%) facts=75138 sanitized=1 経過=70秒 残り\u2248104秒
[08:27:28]   batch 151: 36955/91657 (40.3%) facts=75640 sanitized=1 経過=70秒 残り\u2248103秒
[08:27:28]   batch 152: 37190/91657 (40.6%) facts=76142 sanitized=1 経過=70秒 残り\u2248102秒
[08:27:28]   batch 153: 37458/91657 (40.9%) facts=76642 sanitized=1 経過=70秒 残り\u2248101秒
[08:27:28]   batch 154: 37713/91657 (41.1%) facts=77143 sanitized=1 経過=70秒 残り\u2248100秒
[08:27:29]   batch 155: 37945/91657 (41.4%) facts=77645 sanitized=1 経過=70秒 残り\u2248100秒
[08:27:29]   batch 156: 38214/91657 (41.7%) facts=78146 sanitized=1 経過=70秒 残り\u224899秒
[08:27:29]   batch 157: 38436/91657 (41.9%) facts=78647 sanitized=1 経過=71秒 残り\u224898秒
[08:27:29]   batch 158: 38659/91657 (42.2%) facts=79148 sanitized=1 経過=71秒 残り\u224897秒
[08:27:29]   batch 159: 38902/91657 (42.4%) facts=79649 sanitized=1 経過=71秒 残り\u224896秒
[08:27:29]   batch 160: 39123/91657 (42.7%) facts=80151 sanitized=1 経過=71秒 残り\u224895秒
[08:27:29]   batch 161: 39362/91657 (42.9%) facts=80651 sanitized=1 経過=71秒 残り\u224895秒
[08:27:30]   batch 162: 39668/91657 (43.3%) facts=81153 sanitized=1 経過=71秒 残り\u224893秒
[08:27:30]   batch 163: 39920/91657 (43.6%) facts=81653 sanitized=1 経過=71秒 残り\u224893秒
[08:27:30]   batch 164: 40197/91657 (43.9%) facts=82155 sanitized=1 経過=72秒 残り\u224892秒
[08:27:30]   batch 165: 40462/91657 (44.1%) facts=82655 sanitized=1 経過=72秒 残り\u224891秒
[08:27:30]   batch 166: 40716/91657 (44.4%) facts=83156 sanitized=1 経過=72秒 残り\u224890秒
[08:27:30]   batch 167: 40947/91657 (44.7%) facts=83657 sanitized=1 経過=72秒 残り\u224889秒
[08:27:30]   batch 168: 41199/91657 (44.9%) facts=84159 sanitized=1 経過=72秒 残り\u224888秒
[08:27:31]   batch 169: 41450/91657 (45.2%) facts=84659 sanitized=1 経過=72秒 残り\u224888秒
[08:27:31]   batch 170: 41702/91657 (45.5%) facts=85161 sanitized=1 経過=73秒 残り\u224887秒
[08:27:31]   batch 171: 41945/91657 (45.8%) facts=85661 sanitized=1 経過=73秒 残り\u224886秒
[08:27:31]   batch 172: 42178/91657 (46.0%) facts=86163 sanitized=1 経過=73秒 残り\u224885秒
[08:27:31]   batch 173: 42430/91657 (46.3%) facts=86665 sanitized=1 経過=73秒 残り\u224885秒
[08:27:31]   batch 174: 42673/91657 (46.6%) facts=87165 sanitized=1 経過=73秒 残り\u224884秒
[08:27:32]   batch 175: 42959/91657 (46.9%) facts=87665 sanitized=1 経過=73秒 残り\u224883秒
[08:27:32]   batch 176: 43197/91657 (47.1%) facts=88165 sanitized=1 経過=73秒 残り\u224882秒
[08:27:32]   batch 177: 43435/91657 (47.4%) facts=88665 sanitized=1 経過=74秒 残り\u224882秒
[08:27:32]   batch 178: 43663/91657 (47.6%) facts=89166 sanitized=1 経過=74秒 残り\u224881秒
[08:27:32]   batch 179: 43867/91657 (47.9%) facts=89666 sanitized=1 経過=74秒 残り\u224881秒
[08:27:32]   batch 180: 44107/91657 (48.1%) facts=90166 sanitized=1 経過=74秒 残り\u224880秒
[08:27:32]   batch 181: 44338/91657 (48.4%) facts=90666 sanitized=1 経過=74秒 残り\u224879秒
[08:27:33]   batch 182: 44571/91657 (48.6%) facts=91166 sanitized=1 経過=74秒 残り\u224879秒
[08:27:33]   batch 183: 44818/91657 (48.9%) facts=91666 sanitized=1 経過=75秒 残り\u224878秒
[08:27:33]   batch 184: 45044/91657 (49.1%) facts=92168 sanitized=1 経過=75秒 残り\u224877秒
[08:27:33]   batch 185: 45255/91657 (49.4%) facts=92669 sanitized=1 経過=75秒 残り\u224877秒
[08:27:33]   batch 186: 45538/91657 (49.7%) facts=93169 sanitized=1 経過=75秒 残り\u224876秒
[08:27:33]   batch 187: 45843/91657 (50.0%) facts=93669 sanitized=1 経過=75秒 残り\u224875秒
[08:27:34]   batch 188: 46171/91657 (50.4%) facts=94169 sanitized=1 経過=75秒 残り\u224874秒
[08:27:34]   batch 189: 46426/91657 (50.7%) facts=94671 sanitized=1 経過=75秒 残り\u224874秒
[08:27:34]   batch 190: 46675/91657 (50.9%) facts=95173 sanitized=1 経過=76秒 残り\u224873秒
[08:27:34]   batch 191: 46897/91657 (51.2%) facts=95673 sanitized=1 経過=76秒 残り\u224872秒
[08:27:34]   batch 192: 47132/91657 (51.4%) facts=96173 sanitized=1 経過=76秒 残り\u224872秒
[08:27:34]   batch 193: 47383/91657 (51.7%) facts=96675 sanitized=1 経過=76秒 残り\u224871秒
[08:27:34]   batch 194: 47603/91657 (51.9%) facts=97175 sanitized=1 経過=76秒 残り\u224871秒
[08:27:35]   batch 195: 47818/91657 (52.2%) facts=97676 sanitized=1 経過=76秒 残り\u224870秒
[08:27:35]   batch 196: 48067/91657 (52.4%) facts=98177 sanitized=1 経過=77秒 残り\u224869秒
[08:27:35]   batch 197: 48286/91657 (52.7%) facts=98677 sanitized=1 経過=77秒 残り\u224869秒
[08:27:35]   batch 198: 48565/91657 (53.0%) facts=99178 sanitized=1 経過=77秒 残り\u224868秒
[08:27:35]   batch 199: 48846/91657 (53.3%) facts=99680 sanitized=1 経過=77秒 残り\u224867秒
[08:27:35]   batch 200: 49102/91657 (53.6%) facts=100182 sanitized=1 経過=77秒 残り\u224867秒
[08:27:35]   batch 201: 49351/91657 (53.8%) facts=100683 sanitized=1 経過=77秒 残り\u224866秒
[08:27:36]   batch 202: 49569/91657 (54.1%) facts=101183 sanitized=1 経過=77秒 残り\u224866秒
[08:27:36]   batch 203: 49801/91657 (54.3%) facts=101685 sanitized=1 経過=77秒 残り\u224865秒
[08:27:36]   batch 204: 50039/91657 (54.6%) facts=102185 sanitized=1 経過=78秒 残り\u224865秒
[08:27:36]   batch 205: 50280/91657 (54.9%) facts=102687 sanitized=1 経過=78秒 残り\u224864秒
[08:27:36]   batch 206: 50500/91657 (55.1%) facts=103187 sanitized=1 経過=78秒 残り\u224863秒
[08:27:36]   batch 207: 50744/91657 (55.4%) facts=103687 sanitized=1 経過=78秒 残り\u224863秒
[08:27:36]   batch 208: 51001/91657 (55.6%) facts=104188 sanitized=1 経過=78秒 残り\u224862秒
[08:27:37]   batch 209: 51230/91657 (55.9%) facts=104688 sanitized=1 経過=78秒 残り\u224862秒
[08:27:37]   batch 210: 51495/91657 (56.2%) facts=105190 sanitized=1 経過=78秒 残り\u224861秒
[08:27:37]   batch 211: 51723/91657 (56.4%) facts=105691 sanitized=1 経過=79秒 残り\u224861秒
[08:27:37]   batch 212: 51954/91657 (56.7%) facts=106193 sanitized=1 経過=79秒 残り\u224860秒
[08:27:37]   batch 213: 52196/91657 (56.9%) facts=106694 sanitized=1 経過=79秒 残り\u224860秒
[08:27:37]   batch 214: 52452/91657 (57.2%) facts=107195 sanitized=1 経過=79秒 残り\u224859秒
[08:27:37]   batch 215: 52685/91657 (57.5%) facts=107697 sanitized=1 経過=79秒 残り\u224859秒
[08:27:37]   batch 216: 52930/91657 (57.7%) facts=108198 sanitized=1 経過=79秒 残り\u224858秒
[08:27:38]   batch 217: 53163/91657 (58.0%) facts=108700 sanitized=1 経過=79秒 残り\u224857秒
[08:27:38]   batch 218: 53387/91657 (58.2%) facts=109201 sanitized=1 経過=80秒 残り\u224857秒
[08:27:38]   batch 219: 53627/91657 (58.5%) facts=109703 sanitized=1 経過=80秒 残り\u224856秒
[08:27:38]   batch 220: 53880/91657 (58.8%) facts=110205 sanitized=1 経過=80秒 残り\u224856秒
[08:27:38]   batch 221: 54130/91657 (59.1%) facts=110707 sanitized=1 経過=80秒 残り\u224855秒
[08:27:38]   batch 222: 54360/91657 (59.3%) facts=111208 sanitized=1 経過=80秒 残り\u224855秒
[08:27:38]   batch 223: 54614/91657 (59.6%) facts=111709 sanitized=1 経過=80秒 残り\u224854秒
[08:27:39]   batch 224: 54846/91657 (59.8%) facts=112211 sanitized=1 経過=80秒 残り\u224854秒
[08:27:39]   batch 225: 55092/91657 (60.1%) facts=112711 sanitized=1 経過=80秒 残り\u224853秒
[08:27:39]   batch 226: 55319/91657 (60.4%) facts=113213 sanitized=1 経過=81秒 残り\u224853秒
[08:27:39]   batch 227: 55550/91657 (60.6%) facts=113714 sanitized=1 経過=81秒 残り\u224853秒
[08:27:39]   batch 228: 55781/91657 (60.9%) facts=114215 sanitized=1 経過=81秒 残り\u224852秒
[08:27:39]   batch 229: 55981/91657 (61.1%) facts=114715 sanitized=1 経過=81秒 残り\u224852秒
[08:27:39]   batch 230: 56197/91657 (61.3%) facts=115216 sanitized=1 経過=81秒 残り\u224851秒
[08:27:40]   batch 231: 56409/91657 (61.5%) facts=115717 sanitized=1 経過=81秒 残り\u224851秒
[08:27:40]   batch 232: 56637/91657 (61.8%) facts=116217 sanitized=1 経過=81秒 残り\u224850秒
[08:27:40]   batch 233: 56864/91657 (62.0%) facts=116717 sanitized=1 経過=82秒 残り\u224850秒
[08:27:40]   batch 234: 57107/91657 (62.3%) facts=117219 sanitized=1 経過=82秒 残り\u224849秒
[08:27:40]   batch 235: 57345/91657 (62.6%) facts=117720 sanitized=1 経過=82秒 残り\u224849秒
[08:27:40]   batch 236: 57562/91657 (62.8%) facts=118220 sanitized=1 経過=82秒 残り\u224849秒
[08:27:40]   batch 237: 57779/91657 (63.0%) facts=118720 sanitized=1 経過=82秒 残り\u224848秒
[08:27:40]   batch 238: 58023/91657 (63.3%) facts=119220 sanitized=1 経過=82秒 残り\u224848秒
[08:27:41]   batch 239: 58257/91657 (63.6%) facts=119720 sanitized=1 経過=82秒 残り\u224847秒
[08:27:41]   batch 240: 58499/91657 (63.8%) facts=120222 sanitized=1 経過=82秒 残り\u224847秒
[08:27:41]   batch 241: 58750/91657 (64.1%) facts=120723 sanitized=1 経過=83秒 残り\u224846秒
[08:27:41]   batch 242: 58966/91657 (64.3%) facts=121225 sanitized=1 経過=83秒 残り\u224846秒
[08:27:41]   batch 243: 59208/91657 (64.6%) facts=121725 sanitized=1 経過=83秒 残り\u224845秒
[08:27:41]   batch 244: 59452/91657 (64.9%) facts=122225 sanitized=1 経過=83秒 残り\u224845秒
[08:27:41]   batch 245: 59670/91657 (65.1%) facts=122725 sanitized=1 経過=83秒 残り\u224845秒
[08:27:41]   batch 246: 59928/91657 (65.4%) facts=123225 sanitized=1 経過=83秒 残り\u224844秒
[08:27:42]   batch 247: 60197/91657 (65.7%) facts=123727 sanitized=1 経過=83秒 残り\u224844秒
[08:27:42]   batch 248: 60449/91657 (66.0%) facts=124229 sanitized=1 経過=83秒 残り\u224843秒
[08:27:42]   batch 249: 60682/91657 (66.2%) facts=124729 sanitized=1 経過=84秒 残り\u224843秒
[08:27:42]   batch 250: 60919/91657 (66.5%) facts=125231 sanitized=1 経過=84秒 残り\u224842秒
[08:27:42]   batch 251: 61142/91657 (66.7%) facts=125732 sanitized=1 経過=84秒 残り\u224842秒
[08:27:42]   batch 252: 61378/91657 (67.0%) facts=126233 sanitized=1 経過=84秒 残り\u224841秒
[08:27:42]   batch 253: 61624/91657 (67.2%) facts=126735 sanitized=1 経過=84秒 残り\u224841秒
[08:27:43]   batch 254: 61872/91657 (67.5%) facts=127237 sanitized=1 経過=84秒 残り\u224841秒
[08:27:43]   batch 255: 62104/91657 (67.8%) facts=127737 sanitized=1 経過=84秒 残り\u224840秒
[08:27:43]   batch 256: 62338/91657 (68.0%) facts=128238 sanitized=1 経過=85秒 残り\u224840秒
[08:27:43] [SANITIZE] scaled超過 (2.27e+16): col=gross_profit val=22732000000.0 ticker=80570 fye=2026-03-31 Q=1Q
[08:27:43]   batch 257: 62578/91657 (68.3%) facts=128740 sanitized=2 経過=85秒 残り\u224839秒
[08:27:43]   batch 258: 62819/91657 (68.5%) facts=129241 sanitized=2 経過=85秒 残り\u224839秒
[08:27:43]   batch 259: 63059/91657 (68.8%) facts=129743 sanitized=2 経過=85秒 残り\u224839秒
[08:27:43]   batch 260: 63292/91657 (69.1%) facts=130245 sanitized=2 経過=85秒 残り\u224838秒
[08:27:44]   batch 261: 63532/91657 (69.3%) facts=130746 sanitized=2 経過=85秒 残り\u224838秒
[08:27:44]   batch 262: 63777/91657 (69.6%) facts=131246 sanitized=2 経過=85秒 残り\u224837秒
[08:27:44]   batch 263: 64043/91657 (69.9%) facts=131747 sanitized=2 経過=86秒 残り\u224837秒
[08:27:44]   batch 264: 64284/91657 (70.1%) facts=132248 sanitized=2 経過=86秒 残り\u224837秒
[08:27:44]   batch 265: 64519/91657 (70.4%) facts=132749 sanitized=2 経過=86秒 残り\u224836秒
[08:27:44]   batch 266: 64736/91657 (70.6%) facts=133250 sanitized=2 経過=86秒 残り\u224836秒
[08:27:44]   batch 267: 64958/91657 (70.9%) facts=133752 sanitized=2 経過=86秒 残り\u224835秒
[08:27:45]   batch 268: 65196/91657 (71.1%) facts=134253 sanitized=2 経過=86秒 残り\u224835秒
[08:27:45]   batch 269: 65451/91657 (71.4%) facts=134753 sanitized=2 経過=87秒 残り\u224835秒
[08:27:45]   batch 270: 65695/91657 (71.7%) facts=135255 sanitized=2 経過=87秒 残り\u224834秒
[08:27:45]   batch 271: 65926/91657 (71.9%) facts=135755 sanitized=2 経過=87秒 残り\u224834秒
[08:27:45]   batch 272: 66168/91657 (72.2%) facts=136255 sanitized=2 経過=87秒 残り\u224834秒
[08:27:46]   batch 273: 66396/91657 (72.4%) facts=136755 sanitized=2 経過=87秒 残り\u224833秒
[08:27:46]   batch 274: 66636/91657 (72.7%) facts=137255 sanitized=2 経過=87秒 残り\u224833秒
[08:27:46]   batch 275: 66853/91657 (72.9%) facts=137756 sanitized=2 経過=88秒 残り\u224833秒
[08:27:46]   batch 276: 67085/91657 (73.2%) facts=138258 sanitized=2 経過=88秒 残り\u224832秒
[08:27:46]   batch 277: 67324/91657 (73.5%) facts=138759 sanitized=2 経過=88秒 残り\u224832秒
[08:27:46]   batch 278: 67581/91657 (73.7%) facts=139261 sanitized=2 経過=88秒 残り\u224831秒
[08:27:46]   batch 279: 67796/91657 (74.0%) facts=139762 sanitized=2 経過=88秒 残り\u224831秒
[08:27:47]   batch 280: 68045/91657 (74.2%) facts=140264 sanitized=2 経過=88秒 残り\u224831秒
[08:27:47]   batch 281: 68277/91657 (74.5%) facts=140765 sanitized=2 経過=89秒 残り\u224830秒
[08:27:47]   batch 282: 68515/91657 (74.8%) facts=141265 sanitized=2 経過=89秒 残り\u224830秒
[08:27:47]   batch 283: 68751/91657 (75.0%) facts=141766 sanitized=2 経過=89秒 残り\u224830秒
[08:27:47]   batch 284: 69001/91657 (75.3%) facts=142266 sanitized=2 経過=89秒 残り\u224829秒
[08:27:47]   batch 285: 69247/91657 (75.6%) facts=142767 sanitized=2 経過=89秒 残り\u224829秒
[08:27:48]   batch 286: 69486/91657 (75.8%) facts=143268 sanitized=2 経過=89秒 残り\u224828秒
[08:27:48]   batch 287: 69713/91657 (76.1%) facts=143768 sanitized=2 経過=89秒 残り\u224828秒
[08:27:48]   batch 288: 69971/91657 (76.3%) facts=144269 sanitized=2 経過=90秒 残り\u224828秒
[08:27:48]   batch 289: 70220/91657 (76.6%) facts=144771 sanitized=2 経過=90秒 残り\u224827秒
[08:27:48]   batch 290: 70472/91657 (76.9%) facts=145271 sanitized=2 経過=90秒 残り\u224827秒
[08:27:48]   batch 291: 70706/91657 (77.1%) facts=145772 sanitized=2 経過=90秒 残り\u224827秒
[08:27:48]   batch 292: 70934/91657 (77.4%) facts=146274 sanitized=2 経過=90秒 残り\u224826秒
[08:27:49]   batch 293: 71162/91657 (77.6%) facts=146775 sanitized=2 経過=90秒 残り\u224826秒
[08:27:49]   batch 294: 71384/91657 (77.9%) facts=147276 sanitized=2 経過=91秒 残り\u224826秒
[08:27:49]   batch 295: 71601/91657 (78.1%) facts=147776 sanitized=2 経過=91秒 残り\u224825秒
[08:27:49]   batch 296: 71853/91657 (78.4%) facts=148276 sanitized=2 経過=91秒 残り\u224825秒
[08:27:49]   batch 297: 72078/91657 (78.6%) facts=148776 sanitized=2 経過=91秒 残り\u224825秒
[08:27:49]   batch 298: 72328/91657 (78.9%) facts=149277 sanitized=2 経過=91秒 残り\u224824秒
[08:27:49]   batch 299: 72577/91657 (79.2%) facts=149777 sanitized=2 経過=91秒 残り\u224824秒
[08:27:50]   batch 300: 72859/91657 (79.5%) facts=150279 sanitized=2 経過=91秒 残り\u224824秒
[08:27:50]   batch 301: 73101/91657 (79.8%) facts=150779 sanitized=2 経過=92秒 残り\u224823秒
[08:27:50]   batch 302: 73365/91657 (80.0%) facts=151280 sanitized=2 経過=92秒 残り\u224823秒
[08:27:50]   batch 303: 73617/91657 (80.3%) facts=151782 sanitized=2 経過=92秒 残り\u224823秒
[08:27:50]   batch 304: 73857/91657 (80.6%) facts=152283 sanitized=2 経過=92秒 残り\u224822秒
[08:27:50]   batch 305: 74114/91657 (80.9%) facts=152784 sanitized=2 経過=92秒 残り\u224822秒
[08:27:51]   batch 306: 74345/91657 (81.1%) facts=153286 sanitized=2 経過=92秒 残り\u224822秒
[08:27:51]   batch 307: 74570/91657 (81.4%) facts=153788 sanitized=2 経過=93秒 残り\u224821秒
[08:27:51]   batch 308: 74812/91657 (81.6%) facts=154289 sanitized=2 経過=93秒 残り\u224821秒
[08:27:51]   batch 309: 75056/91657 (81.9%) facts=154791 sanitized=2 経過=93秒 残り\u224821秒
[08:27:51]   batch 310: 75284/91657 (82.1%) facts=155291 sanitized=2 経過=93秒 残り\u224820秒
[08:27:51]   batch 311: 75506/91657 (82.4%) facts=155792 sanitized=2 経過=93秒 残り\u224820秒
[08:27:51]   batch 312: 75761/91657 (82.7%) facts=156294 sanitized=2 経過=93秒 残り\u224820秒
[08:27:52]   batch 313: 75998/91657 (82.9%) facts=156794 sanitized=2 経過=93秒 残り\u224819秒
[08:27:52]   batch 314: 76260/91657 (83.2%) facts=157296 sanitized=2 経過=94秒 残り\u224819秒
[08:27:52]   batch 315: 76520/91657 (83.5%) facts=157797 sanitized=2 経過=94秒 残り\u224819秒
[08:27:52]   batch 316: 76792/91657 (83.8%) facts=158297 sanitized=2 経過=94秒 残り\u224818秒
[08:27:52]   batch 317: 77072/91657 (84.1%) facts=158799 sanitized=2 経過=94秒 残り\u224818秒
[08:27:52]   batch 318: 77354/91657 (84.4%) facts=159301 sanitized=2 経過=94秒 残り\u224817秒
[08:27:53]   batch 319: 77603/91657 (84.7%) facts=159801 sanitized=2 経過=94秒 残り\u224817秒
[08:27:53]   batch 320: 77892/91657 (85.0%) facts=160301 sanitized=2 経過=94秒 残り\u224817秒
[08:27:53]   batch 321: 78261/91657 (85.4%) facts=160801 sanitized=2 経過=95秒 残り\u224816秒
[08:27:53]   batch 322: 78529/91657 (85.7%) facts=161303 sanitized=2 経過=95秒 残り\u224816秒
[08:27:53]   batch 323: 78787/91657 (86.0%) facts=161805 sanitized=2 経過=95秒 残り\u224816秒
[08:27:53]   batch 324: 79058/91657 (86.3%) facts=162307 sanitized=2 経過=95秒 残り\u224815秒
[08:27:53]   batch 325: 79310/91657 (86.5%) facts=162808 sanitized=2 経過=95秒 残り\u224815秒
[08:27:54]   batch 326: 79570/91657 (86.8%) facts=163309 sanitized=2 経過=95秒 残り\u224814秒
[08:27:54]   batch 327: 79820/91657 (87.1%) facts=163811 sanitized=2 経過=95秒 残り\u224814秒
[08:27:54]   batch 328: 80073/91657 (87.4%) facts=164311 sanitized=2 経過=96秒 残り\u224814秒
[08:27:54]   batch 329: 80335/91657 (87.6%) facts=164811 sanitized=2 経過=96秒 残り\u224813秒
[08:27:54]   batch 330: 80565/91657 (87.9%) facts=165312 sanitized=2 経過=96秒 残り\u224813秒
[08:27:54]   batch 331: 80832/91657 (88.2%) facts=165813 sanitized=2 経過=96秒 残り\u224813秒
[08:27:54]   batch 332: 81087/91657 (88.5%) facts=166313 sanitized=2 経過=96秒 残り\u224813秒
[08:27:54]   batch 333: 81339/91657 (88.7%) facts=166813 sanitized=2 経過=96秒 残り\u224812秒
[08:27:55]   batch 334: 81582/91657 (89.0%) facts=167315 sanitized=2 経過=96秒 残り\u224812秒
[08:27:55]   batch 335: 81852/91657 (89.3%) facts=167816 sanitized=2 経過=97秒 残り\u224812秒
[08:27:55]   batch 336: 82093/91657 (89.6%) facts=168318 sanitized=2 経過=97秒 残り\u224811秒
[08:27:55]   batch 337: 82343/91657 (89.8%) facts=168818 sanitized=2 経過=97秒 残り\u224811秒
[08:27:55]   batch 338: 82600/91657 (90.1%) facts=169318 sanitized=2 経過=97秒 残り\u224811秒
[08:27:55]   batch 339: 82871/91657 (90.4%) facts=169818 sanitized=2 経過=97秒 残り\u224810秒
[08:27:55]   batch 340: 83112/91657 (90.7%) facts=170320 sanitized=2 経過=97秒 残り\u224810秒
[08:27:56]   batch 341: 83386/91657 (91.0%) facts=170822 sanitized=2 経過=97秒 残り\u224810秒
[08:27:56]   batch 342: 83706/91657 (91.3%) facts=171323 sanitized=2 経過=98秒 残り\u22489秒
[08:27:56]   batch 343: 84010/91657 (91.7%) facts=171823 sanitized=2 経過=98秒 残り\u22489秒
[08:27:56]   batch 344: 84361/91657 (92.0%) facts=172324 sanitized=2 経過=98秒 残り\u22488秒
[08:27:56]   batch 345: 84645/91657 (92.3%) facts=172826 sanitized=2 経過=98秒 残り\u22488秒
[08:27:56]   batch 346: 84954/91657 (92.7%) facts=173326 sanitized=2 経過=98秒 残り\u22488秒
[08:27:56]   batch 347: 85248/91657 (93.0%) facts=173828 sanitized=2 経過=98秒 残り\u22487秒
[08:27:57]   batch 348: 85591/91657 (93.4%) facts=174329 sanitized=2 経過=98秒 残り\u22487秒
[08:27:57]   batch 349: 85888/91657 (93.7%) facts=174829 sanitized=2 経過=99秒 残り\u22487秒
[08:27:57]   batch 350: 86171/91657 (94.0%) facts=175331 sanitized=2 経過=99秒 残り\u22486秒
[08:27:57]   batch 351: 86532/91657 (94.4%) facts=175832 sanitized=2 経過=99秒 残り\u22486秒
[08:27:57]   batch 352: 86799/91657 (94.7%) facts=176334 sanitized=2 経過=99秒 残り\u22486秒
[08:27:57]   batch 353: 87080/91657 (95.0%) facts=176834 sanitized=2 経過=99秒 残り\u22485秒
[08:27:57]   batch 354: 87384/91657 (95.3%) facts=177336 sanitized=2 経過=99秒 残り\u22485秒
[08:27:58]   batch 355: 87782/91657 (95.8%) facts=177836 sanitized=2 経過=99秒 残り\u22484秒
[08:27:58]   batch 356: 88139/91657 (96.2%) facts=178337 sanitized=2 経過=99秒 残り\u22484秒
[08:27:58]   batch 357: 88476/91657 (96.5%) facts=178838 sanitized=2 経過=100秒 残り\u22484秒
[08:27:58]   batch 358: 88776/91657 (96.9%) facts=179338 sanitized=2 経過=100秒 残り\u22483秒
[08:27:58]   batch 359: 89161/91657 (97.3%) facts=179838 sanitized=2 経過=100秒 残り\u22483秒
[08:27:58]   batch 360: 89496/91657 (97.6%) facts=180339 sanitized=2 経過=100秒 残り\u22482秒
[08:27:59]   batch 361: 89781/91657 (98.0%) facts=180840 sanitized=2 経過=100秒 残り\u22482秒
[08:27:59]   batch 362: 90151/91657 (98.4%) facts=181340 sanitized=2 経過=100秒 残り\u22482秒
[08:27:59]   batch 363: 90448/91657 (98.7%) facts=181840 sanitized=2 経過=101秒 残り\u22481秒
[08:27:59] [SANITIZE] scaled超過 (1.33e+16): col=gross_profit val=13307000000.0 ticker=72790 fye=2026-10-31 Q=1Q
[08:27:59]   batch 364: 90762/91657 (99.0%) facts=182341 sanitized=3 経過=101秒 残り\u22481秒
[08:27:59]   batch 365: 91125/91657 (99.4%) facts=182842 sanitized=3 経過=101秒 残り\u22481秒
[08:27:59]   batch 366: 91545/91657 (99.9%) facts=183344 sanitized=3 経過=101秒 残り\u22480秒
[08:27:59] [SANITIZE] scaled超過 (2.41e+17): col=sales val=241236000000.0 ticker=25900 fye=2026-01-31 Q=4Q
[08:27:59] [SANITIZE] scaled超過 (1.09e+17): col=gross_profit val=109000000000.0 ticker=25900 fye=2026-01-31 Q=4Q
[08:27:59] [SANITIZE] scaled超過 (3.70e+16): col=sales val=36954000000.0 ticker=66350 fye=2025-12-31 Q=4Q
[08:27:59] [SANITIZE] scaled超過 (1.74e+17): col=sales val=174081000000.0 ticker=80570 fye=2026-07-31 Q=4Q
[08:27:59] [SANITIZE] scaled超過 (2.41e+17): col=sales val=241236000000.0 ticker=259 fye=2026-01-31 Q=4Q
[08:27:59] [SANITIZE] scaled超過 (1.09e+17): col=gross_profit val=109000000000.0 ticker=259 fye=2026-01-31 Q=4Q
[08:27:59] [SANITIZE] scaled超過 (3.70e+16): col=sales val=36954000000.0 ticker=6635 fye=2025-12-31 Q=4Q
[08:27:59] [SANITIZE] scaled超過 (1.74e+17): col=sales val=174081000000.0 ticker=8057 fye=2026-07-31 Q=4Q
[08:27:59] [SANITIZE] scaled超過 (4.20e+18): col=sales val=4197922000000.0 ticker=1928 fye=2026-01-31 Q=4Q
[08:27:59] [SANITIZE] scaled超過 (8.40e+17): col=gross_profit val=839819000000.0 ticker=1928 fye=2026-01-31 Q=4Q
[08:27:59] [SANITIZE] scaled超過 (3.41e+17): col=operating_profit val=341402000000.0 ticker=1928 fye=2026-01-31 Q=4Q
[08:27:59] [SANITIZE] scaled超過 (2.02e+16): col=sales val=20246000000.0 ticker=759 fye=2026-01-31 Q=4Q
[08:27:59] [SANITIZE] scaled超過 (3.93e+16): col=sales val=39324000000.0 ticker=291 fye=2026-04-30 Q=4Q
[08:27:59] [SANITIZE] scaled超過 (2.26e+16): col=gross_profit val=22559000000.0 ticker=291 fye=2026-04-30 Q=4Q
[08:27:59] [SANITIZE] scaled超過 (3.63e+16): col=sales val=36272000000.0 ticker=9824 fye=2026-10-31 Q=4Q
[08:27:59] [SANITIZE] scaled超過 (1.06e+17): col=sales val=105571000000.0 ticker=7279 fye=2026-10-31 Q=4Q
[08:27:59] [SANITIZE] scaled超過 (3.57e+16): col=sales val=35709000000.0 ticker=4331 fye=2025-12-31 Q=4Q
[08:27:59] [SANITIZE] scaled超過 (2.42e+16): col=gross_profit val=24169000000.0 ticker=4331 fye=2025-12-31 Q=4Q
[08:27:59] [SANITIZE] scaled超過 (1.50e+16): col=sales val=14961000000.0 ticker=319A fye=2025-12-31 Q=4Q
[08:27:59] [SANITIZE] scaled超過 (9.40e+15): col=sales val=9404000000.0 ticker=3733 fye=2026-10-31 Q=4Q
[08:27:59] [SANITIZE] scaled超過 (1.04e+16): col=sales val=10360000000.0 ticker=3854 fye=2026-07-31 Q=4Q
[08:27:59] [SANITIZE] scaled超過 (2.13e+16): col=sales val=21258000000.0 ticker=1873 fye=2026-04-30 Q=4Q
[08:27:59] [SANITIZE] scaled超過 (9.37e+15): col=gross_profit val=9369000000.0 ticker=1873 fye=2026-04-30 Q=4Q
[08:27:59] [SANITIZE] scaled超過 (1.99e+16): col=sales val=19909000000.0 ticker=2353 fye=2026-07-31 Q=4Q
[08:27:59] [SANITIZE] scaled超過 (1.26e+16): col=sales val=12599000000.0 ticker=4238 fye=2026-01-31 Q=4Q
[08:27:59] [SANITIZE] scaled超過 (2.97e+17): col=sales val=297273000000.0 ticker=4151 fye=2025-12-31 Q=4Q
[08:27:59] [SANITIZE] scaled超過 (6.00e+16): col=operating_profit val=60047000000.0 ticker=4151 fye=2025-12-31 Q=4Q
[08:27:59] [SANITIZE] scaled超過 (3.90e+16): col=sales val=39033000000.0 ticker=2751 fye=2026-04-30 Q=3Q
[08:27:59] [SANITIZE] scaled超過 (1.58e+16): col=gross_profit val=15805000000.0 ticker=2751 fye=2026-04-30 Q=3Q
[08:27:59] [SANITIZE] scaled超過 (2.45e+16): col=sales val=24490000000.0 ticker=7435 fye=2026-04-30 Q=3Q
[08:28:00] [SANITIZE] scaled超過 (2.21e+16): col=sales val=22126000000.0 ticker=272A fye=2026-04-30 Q=3Q
[08:28:00]   → facts 完了: 183463 件 (sanitized=34) (101.4秒)
[08:28:00] [SANITIZE] === 異常値サマリ: 34 件 ===
[08:28:00] [SANITIZE] 列別件数:
[08:28:00]   sales: 22 件
[08:28:00]   gross_profit: 9 件
[08:28:00]   operating_profit: 3 件
[08:28:00] [SANITIZE] ticker別 上位5:
[08:28:00]   1928: 3 件
[08:28:00]   80570: 2 件
[08:28:00]   25900: 2 件
[08:28:00]   259: 2 件
[08:28:00]   291: 2 件
[08:28:00] [SANITIZE] 該当行 詳細:
[08:28:00]   [1] ticker=46850 fye=2028-03-31 Q=2Q col=operating_profit val=5.4e+303 reason=元値が10^16超 (5.40e+303) cause=巨大値 (指数=304, 単位誤りの疑い)
[08:28:00]   [2] ticker=80570 fye=2026-03-31 Q=1Q col=gross_profit val=22732000000.0 reason=scaled超過 (2.27e+16) cause=不明 (scaled超過 (2.27e+16))
[08:28:00]        source_doc_id=e841bf3c059516595530fd6204437bf65d7ec30540c80564652f66bb195ccd68
[08:28:00]   [3] ticker=72790 fye=2026-10-31 Q=1Q col=gross_profit val=13307000000.0 reason=scaled超過 (1.33e+16) cause=不明 (scaled超過 (1.33e+16))
[08:28:00]        source_doc_id=b4b2ef997a78b4db3eeeb2218569892eede2d5cb43e142c1e6295810345636cb
[08:28:00]   [4] ticker=25900 fye=2026-01-31 Q=4Q col=sales val=241236000000.0 reason=scaled超過 (2.41e+17) cause=不明 (scaled超過 (2.41e+17))
[08:28:00]        source_doc_id=e575776114b44bcb1a5194ba09f3cb6f0f6a321057235838a8f8e6e7e2fcbeb4
[08:28:00]        source_url=https://webapi.yanoshin.jp/rd.php?https://www.release.tdnet.info/inbs/140120260304575305.pdf
[08:28:00]   [5] ticker=25900 fye=2026-01-31 Q=4Q col=gross_profit val=109000000000.0 reason=scaled超過 (1.09e+17) cause=不明 (scaled超過 (1.09e+17))
[08:28:00]        source_doc_id=e575776114b44bcb1a5194ba09f3cb6f0f6a321057235838a8f8e6e7e2fcbeb4
[08:28:00]        source_url=https://webapi.yanoshin.jp/rd.php?https://www.release.tdnet.info/inbs/140120260304575305.pdf
[08:28:00]   [6] ticker=66350 fye=2025-12-31 Q=4Q col=sales val=36954000000.0 reason=scaled超過 (3.70e+16) cause=不明 (scaled超過 (3.70e+16))
[08:28:00]        source_doc_id=fb5f157a80c7fef595ba383922642f5e653728903fb109536214f6a75c646cdc
[08:28:00]        source_url=https://webapi.yanoshin.jp/rd.php?https://www.release.tdnet.info/inbs/140120260227571645.pdf
[08:28:00]   [7] ticker=80570 fye=2026-07-31 Q=4Q col=sales val=174081000000.0 reason=scaled超過 (1.74e+17) cause=不明 (scaled超過 (1.74e+17))
[08:28:00]        source_doc_id=d7226d204ef18e1ed8bb7a5899c561d05ccfe4ae6703c55d87bb690986d122e5
[08:28:00]        source_url=https://webapi.yanoshin.jp/rd.php?https://www.release.tdnet.info/inbs/140120260304575655.pdf
[08:28:00]   [8] ticker=259 fye=2026-01-31 Q=4Q col=sales val=241236000000.0 reason=scaled超過 (2.41e+17) cause=不明 (scaled超過 (2.41e+17))
[08:28:00]        source_doc_id=e575776114b44bcb1a5194ba09f3cb6f0f6a321057235838a8f8e6e7e2fcbeb4
[08:28:00]        source_url=https://webapi.yanoshin.jp/rd.php?https://www.release.tdnet.info/inbs/140120260304575305.pdf
[08:28:00]   [9] ticker=259 fye=2026-01-31 Q=4Q col=gross_profit val=109000000000.0 reason=scaled超過 (1.09e+17) cause=不明 (scaled超過 (1.09e+17))
[08:28:00]        source_doc_id=e575776114b44bcb1a5194ba09f3cb6f0f6a321057235838a8f8e6e7e2fcbeb4
[08:28:00]        source_url=https://webapi.yanoshin.jp/rd.php?https://www.release.tdnet.info/inbs/140120260304575305.pdf
[08:28:00]   [10] ticker=6635 fye=2025-12-31 Q=4Q col=sales val=36954000000.0 reason=scaled超過 (3.70e+16) cause=不明 (scaled超過 (3.70e+16))
[08:28:00]        source_doc_id=fb5f157a80c7fef595ba383922642f5e653728903fb109536214f6a75c646cdc
[08:28:00]        source_url=https://webapi.yanoshin.jp/rd.php?https://www.release.tdnet.info/inbs/140120260227571645.pdf
[08:28:00]   [11] ticker=8057 fye=2026-07-31 Q=4Q col=sales val=174081000000.0 reason=scaled超過 (1.74e+17) cause=不明 (scaled超過 (1.74e+17))
[08:28:00]        source_doc_id=d7226d204ef18e1ed8bb7a5899c561d05ccfe4ae6703c55d87bb690986d122e5
[08:28:00]        source_url=https://webapi.yanoshin.jp/rd.php?https://www.release.tdnet.info/inbs/140120260304575655.pdf
[08:28:00]   [12] ticker=1928 fye=2026-01-31 Q=4Q col=sales val=4197922000000.0 reason=scaled超過 (4.20e+18) cause=不明 (scaled超過 (4.20e+18))
[08:28:00]        source_doc_id=9d76a7718fd1f381aaa5e6324c6483557df5cfd581c4cbf3e0dae838cf4b560c
[08:28:00]        source_url=https://webapi.yanoshin.jp/rd.php?https://www.release.tdnet.info/inbs/140120260304576061.pdf
[08:28:00]   [13] ticker=1928 fye=2026-01-31 Q=4Q col=gross_profit val=839819000000.0 reason=scaled超過 (8.40e+17) cause=不明 (scaled超過 (8.40e+17))
[08:28:00]        source_doc_id=9d76a7718fd1f381aaa5e6324c6483557df5cfd581c4cbf3e0dae838cf4b560c
[08:28:00]        source_url=https://webapi.yanoshin.jp/rd.php?https://www.release.tdnet.info/inbs/140120260304576061.pdf
[08:28:00]   [14] ticker=1928 fye=2026-01-31 Q=4Q col=operating_profit val=341402000000.0 reason=scaled超過 (3.41e+17) cause=不明 (scaled超過 (3.41e+17))
[08:28:00]        source_doc_id=9d76a7718fd1f381aaa5e6324c6483557df5cfd581c4cbf3e0dae838cf4b560c
[08:28:00]        source_url=https://webapi.yanoshin.jp/rd.php?https://www.release.tdnet.info/inbs/140120260304576061.pdf
[08:28:00]   [15] ticker=759 fye=2026-01-31 Q=4Q col=sales val=20246000000.0 reason=scaled超過 (2.02e+16) cause=不明 (scaled超過 (2.02e+16))
[08:28:00]        source_doc_id=52c4ddf5b8a757f7a0fa6b86a5c8c870a08556f468efdc20732724f2e124f8f0
[08:28:00]        source_url=https://webapi.yanoshin.jp/rd.php?https://www.release.tdnet.info/inbs/140120260304576008.pdf
[08:28:00]   [16] ticker=291 fye=2026-04-30 Q=4Q col=sales val=39324000000.0 reason=scaled超過 (3.93e+16) cause=不明 (scaled超過 (3.93e+16))
[08:28:00]        source_doc_id=ffa599449c7eba4ccff0dbaab62e50a9d3444b0897f214f8df277114943261a9
[08:28:00]        source_url=https://webapi.yanoshin.jp/rd.php?https://www.release.tdnet.info/inbs/140120260305576912.pdf
[08:28:00]   [17] ticker=291 fye=2026-04-30 Q=4Q col=gross_profit val=22559000000.0 reason=scaled超過 (2.26e+16) cause=不明 (scaled超過 (2.26e+16))
[08:28:00]        source_doc_id=ffa599449c7eba4ccff0dbaab62e50a9d3444b0897f214f8df277114943261a9
[08:28:00]        source_url=https://webapi.yanoshin.jp/rd.php?https://www.release.tdnet.info/inbs/140120260305576912.pdf
[08:28:00]   [18] ticker=9824 fye=2026-10-31 Q=4Q col=sales val=36272000000.0 reason=scaled超過 (3.63e+16) cause=不明 (scaled超過 (3.63e+16))
[08:28:00]        source_doc_id=4e11da79cdcad4fcffef85bb9d36b2733ce836e1cf8302e50965897230f9788e
[08:28:00]        source_url=https://webapi.yanoshin.jp/rd.php?https://www.release.tdnet.info/inbs/140120260306577313.pdf
[08:28:00]   [19] ticker=7279 fye=2026-10-31 Q=4Q col=sales val=105571000000.0 reason=scaled超過 (1.06e+17) cause=不明 (scaled超過 (1.06e+17))
[08:28:00]        source_doc_id=ab63c6d2d446d9c2f632e486b3df8c58e407220657979a279e330ec78862edb3
[08:28:00]        source_url=https://webapi.yanoshin.jp/rd.php?https://www.release.tdnet.info/inbs/140120260225569178.pdf
[08:28:00]   [20] ticker=4331 fye=2025-12-31 Q=4Q col=sales val=35709000000.0 reason=scaled超過 (3.57e+16) cause=不明 (scaled超過 (3.57e+16))
[08:28:00]        source_doc_id=d3137e4f111f0f539c8893d87fd13fdce2cea68267321916cd948ec2b4155c14
[08:28:00]        source_url=https://webapi.yanoshin.jp/rd.php?https://www.release.tdnet.info/inbs/140120260306577795.pdf
[08:28:00]   [21] ticker=4331 fye=2025-12-31 Q=4Q col=gross_profit val=24169000000.0 reason=scaled超過 (2.42e+16) cause=不明 (scaled超過 (2.42e+16))
[08:28:00]        source_doc_id=d3137e4f111f0f539c8893d87fd13fdce2cea68267321916cd948ec2b4155c14
[08:28:00]        source_url=https://webapi.yanoshin.jp/rd.php?https://www.release.tdnet.info/inbs/140120260306577795.pdf
[08:28:00]   [22] ticker=319A fye=2025-12-31 Q=4Q col=sales val=14961000000.0 reason=scaled超過 (1.50e+16) cause=不明 (scaled超過 (1.50e+16))
[08:28:00]        source_doc_id=9014af0bc4a71d5222f9df6d516bb5f5c5c07e11f6f6fdd75981bc970a826303
[08:28:00]        source_url=https://webapi.yanoshin.jp/rd.php?https://www.release.tdnet.info/inbs/140120260305576615.pdf
[08:28:00]   [23] ticker=3733 fye=2026-10-31 Q=4Q col=sales val=9404000000.0 reason=scaled超過 (9.40e+15) cause=不明 (scaled超過 (9.40e+15))
[08:28:00]        source_doc_id=32fdea10e56e3506484abf9098217243b23bb68f28b0ba8241c0aa10bc48209d
[08:28:00]        source_url=https://webapi.yanoshin.jp/rd.php?https://www.release.tdnet.info/inbs/140120260305576840.pdf
[08:28:00]   [24] ticker=3854 fye=2026-07-31 Q=4Q col=sales val=10360000000.0 reason=scaled超過 (1.04e+16) cause=不明 (scaled超過 (1.04e+16))
[08:28:00]        source_doc_id=256b5590dd07ec504e21db6fcf1de41d2f5853ecf6ef25dd47cc3445ae8090e8
[08:28:00]        source_url=https://webapi.yanoshin.jp/rd.php?https://www.release.tdnet.info/inbs/140120260305576562.pdf
[08:28:00]   [25] ticker=1873 fye=2026-04-30 Q=4Q col=sales val=21258000000.0 reason=scaled超過 (2.13e+16) cause=不明 (scaled超過 (2.13e+16))
[08:28:00]        source_doc_id=7c45903fd67bf2785e8d64084ab575ba31ec3177327ebe7b44111d2c3c7c5170
[08:28:00]        source_url=https://webapi.yanoshin.jp/rd.php?https://www.release.tdnet.info/inbs/140120260305576938.pdf
[08:28:00]   [26] ticker=1873 fye=2026-04-30 Q=4Q col=gross_profit val=9369000000.0 reason=scaled超過 (9.37e+15) cause=不明 (scaled超過 (9.37e+15))
[08:28:00]        source_doc_id=7c45903fd67bf2785e8d64084ab575ba31ec3177327ebe7b44111d2c3c7c5170
[08:28:00]        source_url=https://webapi.yanoshin.jp/rd.php?https://www.release.tdnet.info/inbs/140120260305576938.pdf
[08:28:00]   [27] ticker=2353 fye=2026-07-31 Q=4Q col=sales val=19909000000.0 reason=scaled超過 (1.99e+16) cause=不明 (scaled超過 (1.99e+16))
[08:28:00]        source_doc_id=3fb293c6144b058c4201bee77af52dd057547d62b7e797474cd5cd27ae778f48
[08:28:00]        source_url=https://webapi.yanoshin.jp/rd.php?https://www.release.tdnet.info/inbs/140120260204547040.pdf
[08:28:00]   [28] ticker=4238 fye=2026-01-31 Q=4Q col=sales val=12599000000.0 reason=scaled超過 (1.26e+16) cause=不明 (scaled超過 (1.26e+16))
[08:28:00]        source_doc_id=964c8c619be16af3676300139135520a8a39d03543d596d2e31f01dd0c507e37
[08:28:00]        source_url=https://webapi.yanoshin.jp/rd.php?https://www.release.tdnet.info/inbs/140120260309578131.pdf
[08:28:00]   [29] ticker=4151 fye=2025-12-31 Q=4Q col=sales val=297273000000.0 reason=scaled超過 (2.97e+17) cause=不明 (scaled超過 (2.97e+17))
[08:28:00]        source_doc_id=9d396d53bffc2a4e9732a375acd489e80681d3a6ad8bf5dee29ae20221b6a35a
[08:28:00]        source_url=https://webapi.yanoshin.jp/rd.php?https://www.release.tdnet.info/inbs/140120260305576118.pdf
[08:28:00]   [30] ticker=4151 fye=2025-12-31 Q=4Q col=operating_profit val=60047000000.0 reason=scaled超過 (6.00e+16) cause=不明 (scaled超過 (6.00e+16))
[08:28:00]        source_doc_id=9d396d53bffc2a4e9732a375acd489e80681d3a6ad8bf5dee29ae20221b6a35a
[08:28:00]        source_url=https://webapi.yanoshin.jp/rd.php?https://www.release.tdnet.info/inbs/140120260305576118.pdf
[08:28:00]   [31] ticker=2751 fye=2026-04-30 Q=3Q col=sales val=39033000000.0 reason=scaled超過 (3.90e+16) cause=不明 (scaled超過 (3.90e+16))
[08:28:00]        source_doc_id=451836c04e6916888315c5028d59c3d34c49bd9279e1392a406bb3899d9f9bfc
[08:28:00]        source_url=https://webapi.yanoshin.jp/rd.php?https://www.release.tdnet.info/inbs/140120260311579423.pdf
[08:28:00]   [32] ticker=2751 fye=2026-04-30 Q=3Q col=gross_profit val=15805000000.0 reason=scaled超過 (1.58e+16) cause=不明 (scaled超過 (1.58e+16))
[08:28:00]        source_doc_id=451836c04e6916888315c5028d59c3d34c49bd9279e1392a406bb3899d9f9bfc
[08:28:00]        source_url=https://webapi.yanoshin.jp/rd.php?https://www.release.tdnet.info/inbs/140120260311579423.pdf
[08:28:00]   [33] ticker=7435 fye=2026-04-30 Q=3Q col=sales val=24490000000.0 reason=scaled超過 (2.45e+16) cause=不明 (scaled超過 (2.45e+16))
[08:28:00]        source_doc_id=2d75ae803c956a0bac0de2aae57d6762abfd11cc214af9dde49fda2f6a36566f
[08:28:00]        source_url=https://webapi.yanoshin.jp/rd.php?https://www.release.tdnet.info/inbs/140120260225568936.pdf
[08:28:00]   [34] ticker=272A fye=2026-04-30 Q=3Q col=sales val=22126000000.0 reason=scaled超過 (2.21e+16) cause=不明 (scaled超過 (2.21e+16))
[08:28:00]        source_doc_id=bca2c05252e7cdcfed1fb19392437b5430b2c15cc60a4aa299309f9999bee545
[08:28:00]        source_url=https://webapi.yanoshin.jp/rd.php?https://www.release.tdnet.info/inbs/140120260305576734.pdf
[08:28:00] [SANITIZE] === サマリ終了 (34 件) ===
[08:28:00] [Phase 5/5] TDnet → public.financials upsert...
[08:28:00] [FINANCIALS] ticker=78490→7849 origin=jquants
[08:28:00] [FINANCIALS] ticker=78490→7849 origin=jquants
[08:28:00] [FINANCIALS] ticker=78490→7849 origin=jquants
[08:28:00] [FINANCIALS] ticker=78490→7849 origin=jquants
[08:28:00] [FINANCIALS] ticker=78490→7849 origin=jquants
[08:28:01] [FINANCIALS] quarantine: 733件を serving から除外
[08:28:01]   QUARANTINE: 7780 2022-03-31 FY sales=None gp=None op=4451 source=jquants reason=FY行で sales+gp が共に None（不完全行）
[08:28:01]   QUARANTINE: 7780 2020-03-31 FY sales=None gp=None op=0 source=jquants reason=FY行で sales+gp が共に None（不完全行）
[08:28:01]   QUARANTINE: 6360 2020-03-31 FY sales=None gp=None op=0 source=jquants reason=FY行で sales+gp が共に None（不完全行）
[08:28:01]   QUARANTINE: 7593 2020-03-31 FY sales=None gp=None op=0 source=jquants reason=FY行で sales+gp が共に None（不完全行）
[08:28:01]   QUARANTINE: 7912 2020-03-31 FY sales=None gp=None op=0 source=jquants reason=FY行で sales+gp が共に None（不完全行）
[08:28:01]   QUARANTINE: 7914 2020-03-31 FY sales=None gp=None op=0 source=jquants reason=FY行で sales+gp が共に None（不完全行）
[08:28:01]   QUARANTINE: 7911 2020-03-31 FY sales=None gp=None op=0 source=jquants reason=FY行で sales+gp が共に None（不完全行）
[08:28:01]   QUARANTINE: 5192 2019-03-31 FY sales=None gp=None op=0 source=jquants reason=FY行で sales+gp が共に None（不完全行）
[08:28:01]   QUARANTINE: 5192 2020-03-31 FY sales=None gp=None op=0 source=jquants reason=FY行で sales+gp が共に None（不完全行）
[08:28:01]   QUARANTINE: 2264 2020-03-31 FY sales=None gp=None op=0 source=jquants reason=FY行で sales+gp が共に None（不完全行）
[08:28:01]   QUARANTINE: 7810 2020-03-31 FY sales=None gp=None op=0 source=jquants reason=FY行で sales+gp が共に None（不完全行）
[08:28:01]   QUARANTINE: 7810 2021-03-31 FY sales=None gp=None op=0 source=jquants reason=FY行で sales+gp が共に None（不完全行）
[08:28:01]   QUARANTINE: 7810 2022-03-31 FY sales=None gp=None op=0 source=jquants reason=FY行で sales+gp が共に None（不完全行）
[08:28:01]   QUARANTINE: 4256 2020-03-31 FY sales=None gp=None op=0 source=jquants reason=FY行で sales+gp が共に None（不完全行）
[08:28:01]   QUARANTINE: 4256 2021-03-31 FY sales=None gp=None op=0 source=jquants reason=FY行で sales+gp が共に None（不完全行）
[08:28:01]   QUARANTINE: 2201 2020-03-31 FY sales=None gp=None op=0 source=jquants reason=FY行で sales+gp が共に None（不完全行）
[08:28:01]   QUARANTINE: 1433 2027-03-31 FY sales=None gp=None op=1200 source=jquants reason=FY行で sales+gp が共に None（不完全行）
[08:28:01]   QUARANTINE: 3908 2028-03-31 FY sales=None gp=None op=50 source=jquants reason=FY行で sales+gp が共に None（不完全行）
[08:28:01]   QUARANTINE: 3908 2021-03-31 FY sales=None gp=None op=0 source=jquants reason=FY行で sales+gp が共に None（不完全行）
[08:28:01]   QUARANTINE: 3908 2020-03-31 FY sales=None gp=None op=0 source=jquants reason=FY行で sales+gp が共に None（不完全行）
[08:28:01]   QUARANTINE: 6518 2025-03-31 FY sales=None gp=None op=0 source=jquants reason=FY行で sales+gp が共に None（不完全行）
[08:28:01]   QUARANTINE: 3635 2023-03-31 FY sales=None gp=None op=0 source=jquants reason=FY行で sales+gp が共に None（不完全行）
[08:28:01]   QUARANTINE: 3678 2021-02-28 FY sales=None gp=None op=0 source=jquants reason=FY行で sales+gp が共に None（不完全行）
[08:28:01]   QUARANTINE: 2487 2022-12-31 FY sales=None gp=None op=0 source=jquants reason=FY行で sales+gp が共に None（不完全行）
[08:28:01]   QUARANTINE: 3895 2026-03-31 FY sales=None gp=None op=500 source=jquants reason=FY行で sales+gp が共に None（不完全行）
[08:28:01]   QUARANTINE: 4401 2020-03-31 FY sales=None gp=None op=0 source=jquants reason=FY行で sales+gp が共に None（不完全行）
[08:28:01]   QUARANTINE: 3825 2020-03-31 FY sales=None gp=None op=0 source=jquants reason=FY行で sales+gp が共に None（不完全行）
[08:28:01]   QUARANTINE: 6332 2020-03-31 FY sales=None gp=None op=0 source=jquants reason=FY行で sales+gp が共に None（不完全行）
[08:28:01]   QUARANTINE: 2892 2028-03-31 FY sales=None gp=None op=1300 source=jquants reason=FY行で sales+gp が共に None（不完全行）
[08:28:01]   QUARANTINE: 2892 2027-03-31 FY sales=None gp=None op=1300 source=jquants reason=FY行で sales+gp が共に None（不完全行）
[08:28:01]   QUARANTINE: 2480 2022-03-31 FY sales=None gp=None op=0 source=jquants reason=FY行で sales+gp が共に None（不完全行）
[08:28:01]   QUARANTINE: 4243 2020-03-31 FY sales=None gp=None op=0 source=jquants reason=FY行で sales+gp が共に None（不完全行）
[08:28:01]   QUARANTINE: 7518 2025-03-31 FY sales=None gp=None op=0 source=jquants reason=FY行で sales+gp が共に None（不完全行）
[08:28:01]   QUARANTINE: 7134 2020-03-31 FY sales=None gp=None op=0 source=jquants reason=FY行で sales+gp が共に None（不完全行）
[08:28:01]   QUARANTINE: 7134 2021-03-31 FY sales=None gp=None op=0 source=jquants reason=FY行で sales+gp が共に None（不完全行）
[08:28:01]   QUARANTINE: 2788 2020-03-31 FY sales=None gp=None op=0 source=jquants reason=FY行で sales+gp が共に None（不完全行）
[08:28:01]   QUARANTINE: 9987 2025-03-31 FY sales=None gp=None op=10830 source=jquants reason=FY行で sales+gp が共に None（不完全行）
[08:28:01]   QUARANTINE: 3910 2021-03-31 FY sales=None gp=None op=0 source=jquants reason=FY行で sales+gp が共に None（不完全行）
[08:28:01]   QUARANTINE: 4180 2020-03-31 FY sales=None gp=None op=0 source=jquants reason=FY行で sales+gp が共に None（不完全行）
[08:28:01]   QUARANTINE: 7133 2020-03-31 FY sales=None gp=None op=0 source=jquants reason=FY行で sales+gp が共に None（不完全行）
[08:28:01]   QUARANTINE: 7839 2021-09-30 FY sales=None gp=None op=0 source=jquants reason=FY行で sales+gp が共に None（不完全行）
[08:28:01]   QUARANTINE: 3773 2028-03-31 FY sales=None gp=None op=0 source=jquants reason=FY行で sales+gp が共に None（不完全行）
[08:28:01]   QUARANTINE: 9533 2020-03-31 FY sales=None gp=None op=0 source=jquants reason=FY行で sales+gp が共に None（不完全行）
[08:28:01]   QUARANTINE: 9532 2025-03-31 FY sales=None gp=None op=0 source=jquants reason=FY行で sales+gp が共に None（不完全行）
[08:28:01]   QUARANTINE: 6180 2020-12-31 FY sales=None gp=None op=0 source=jquants reason=FY行で sales+gp が共に None（不完全行）
[08:28:01]   QUARANTINE: 5727 2022-03-31 FY sales=None gp=None op=0 source=jquants reason=FY行で sales+gp が共に None（不完全行）
[08:28:01]   QUARANTINE: 2150 2026-12-31 FY sales=None gp=None op=2500 source=jquants reason=FY行で sales+gp が共に None（不完全行）
[08:28:01]   QUARANTINE: 7739 2020-03-31 FY sales=None gp=None op=0 source=jquants reason=FY行で sales+gp が共に None（不完全行）
[08:28:01]   QUARANTINE: 6026 2027-12-31 FY sales=None gp=None op=960 source=jquants reason=FY行で sales+gp が共に None（不完全行）
[08:28:01]   QUARANTINE: 6305 2021-03-31 FY sales=None gp=None op=0 source=jquants reason=FY行で sales+gp が共に None（不完全行）
[08:28:01]   QUARANTINE: 7974 2021-03-31 FY sales=None gp=None op=0 source=jquants reason=FY行で sales+gp が共に None（不完全行）
[08:28:01]   QUARANTINE: 4072 2027-12-31 FY sales=None gp=None op=0 source=jquants reason=FY行で sales+gp が共に None（不完全行）
[08:28:01]   QUARANTINE: 6701 2027-03-31 FY sales=None gp=None op=360000 source=jquants reason=FY行で sales+gp が共に None（不完全行）
[08:28:01]   QUARANTINE: 9020 2020-03-31 FY sales=None gp=None op=0 source=jquants reason=FY行で sales+gp が共に None（不完全行）
[08:28:01]   QUARANTINE: 2483 2028-03-31 FY sales=None gp=None op=900 source=jquants reason=FY行で sales+gp が共に None（不完全行）
[08:28:01]   QUARANTINE: 2483 2027-03-31 FY sales=None gp=None op=900 source=jquants reason=FY行で sales+gp が共に None（不完全行）
[08:28:01]   QUARANTINE: 6227 2028-06-30 FY sales=None gp=None op=0 source=jquants reason=FY行で sales+gp が共に None（不完全行）
[08:28:01]   QUARANTINE: 4911 2021-12-31 FY sales=None gp=None op=0 source=jquants reason=FY行で sales+gp が共に None（不完全行）
[08:28:01]   QUARANTINE: 4911 2019-12-31 FY sales=None gp=None op=0 source=jquants reason=FY行で sales+gp が共に None（不完全行）
[08:28:01]   QUARANTINE: 3690 2020-09-30 FY sales=None gp=None op=0 source=jquants reason=FY行で sales+gp が共に None（不完全行）
[08:28:01]   QUARANTINE: 9702 2020-11-30 FY sales=None gp=None op=0 source=jquants reason=FY行で sales+gp が共に None（不完全行）
[08:28:01]   QUARANTINE: 4368 2027-03-31 FY sales=None gp=None op=17500 source=jquants reason=FY行で sales+gp が共に None（不完全行）
[08:28:01]   QUARANTINE: 6448 2028-03-31 FY sales=None gp=None op=73000 source=jquants reason=FY行で sales+gp が共に None（不完全行）
[08:28:01]   QUARANTINE: 6448 2027-03-31 FY sales=None gp=None op=73000 source=jquants reason=FY行で sales+gp が共に None（不完全行）
[08:28:01]   QUARANTINE: 3901 2020-12-31 FY sales=None gp=None op=0 source=jquants reason=FY行で sales+gp が共に None（不完全行）
[08:28:01]   QUARANTINE: 9622 2020-03-31 FY sales=None gp=None op=0 source=jquants reason=FY行で sales+gp が共に None（不完全行）
[08:28:01]   QUARANTINE: 2676 2020-03-31 FY sales=None gp=None op=0 source=jquants reason=FY行で sales+gp が共に None（不完全行）
[08:28:01]   QUARANTINE: 2607 2027-03-31 FY sales=None gp=None op=37250 source=jquants reason=FY行で sales+gp が共に None（不完全行）
[08:28:01]   QUARANTINE: 2533 2020-03-31 FY sales=None gp=None op=0 source=jquants reason=FY行で sales+gp が共に None（不完全行）
[08:28:01]   QUARANTINE: 6186 2020-03-31 FY sales=None gp=None op=0 source=jquants reason=FY行で sales+gp が共に None（不完全行）
[08:28:01]   QUARANTINE: 4202 2021-03-31 FY sales=None gp=None op=0 source=jquants reason=FY行で sales+gp が共に None（不完全行）
[08:28:01]   QUARANTINE: 9416 2020-12-31 FY sales=None gp=None op=0 source=jquants reason=FY行で sales+gp が共に None（不完全行）
[08:28:01]   QUARANTINE: 6817 2025-12-31 FY sales=None gp=None op=5900 source=jquants reason=FY行で sales+gp が共に None（不完全行）
[08:28:01]   QUARANTINE: 6817 2020-03-31 FY sales=None gp=None op=0 source=jquants reason=FY行で sales+gp が共に None（不完全行）
[08:28:01]   QUARANTINE: 8153 2020-03-31 FY sales=None gp=None op=0 source=jquants reason=FY行で sales+gp が共に None（不完全行）
[08:28:01]   QUARANTINE: 2467 2020-03-31 FY sales=None gp=None op=0 source=jquants reason=FY行で sales+gp が共に None（不完全行）
[08:28:01]   QUARANTINE: 3904 2026-12-31 FY sales=None gp=None op=800 source=jquants reason=FY行で sales+gp が共に None（不完全行）
[08:28:01]   QUARANTINE: 3904 2020-03-31 FY sales=None gp=None op=0 source=jquants reason=FY行で sales+gp が共に None（不完全行）
[08:28:01]   QUARANTINE: 4392 2020-03-31 FY sales=None gp=None op=0 source=jquants reason=FY行で sales+gp が共に None（不完全行）
[08:28:01]   QUARANTINE: 3659 2020-03-31 FY sales=None gp=None op=0 source=jquants reason=FY行で sales+gp が共に None（不完全行）
[08:28:01]   QUARANTINE: 2588 2021-03-31 FY sales=None gp=None op=0 source=jquants reason=FY行で sales+gp が共に None（不完全行）
[08:28:01]   QUARANTINE: 4124 2021-09-30 FY sales=None gp=None op=0 source=jquants reason=FY行で sales+gp が共に None（不完全行）
[08:28:01]   QUARANTINE: 4189 2020-12-31 FY sales=None gp=None op=0 source=jquants reason=FY行で sales+gp が共に None（不完全行）
[08:28:01]   QUARANTINE: 9164 2020-03-31 FY sales=None gp=None op=0 source=jquants reason=FY行で sales+gp が共に None（不完全行）
[08:28:01]   QUARANTINE: 9163 2020-03-31 FY sales=None gp=None op=0 source=jquants reason=FY行で sales+gp が共に None（不完全行）
[08:28:01]   QUARANTINE: 5582 2020-03-31 FY sales=None gp=None op=0 source=jquants reason=FY行で sales+gp が共に None（不完全行）
[08:28:01]   QUARANTINE: 4893 2020-03-31 FY sales=None gp=None op=0 source=jquants reason=FY行で sales+gp が共に None（不完全行）
[08:28:01]   QUARANTINE: 4893 2021-03-31 FY sales=None gp=None op=0 source=jquants reason=FY行で sales+gp が共に None（不完全行）
[08:28:01]   QUARANTINE: 4893 2024-03-31 FY sales=None gp=None op=0 source=jquants reason=FY行で sales+gp が共に None（不完全行）
[08:28:01]   QUARANTINE: 4894 2020-03-31 FY sales=None gp=None op=0 source=jquants reason=FY行で sales+gp が共に None（不完全行）
[08:28:01]   QUARANTINE: 5576 2020-03-31 FY sales=None gp=None op=0 source=jquants reason=FY行で sales+gp が共に None（不完全行）
[08:28:01]   QUARANTINE: 3040 2022-03-31 FY sales=None gp=None op=50 source=jquants reason=FY行で sales+gp が共に None（不完全行）
[08:28:01]   QUARANTINE: 6312 2027-02-28 FY sales=None gp=None op=0 source=jquants reason=FY行で sales+gp が共に None（不完全行）
[08:28:01]   QUARANTINE: 7729 2028-03-31 FY sales=None gp=None op=32000 source=jquants reason=FY行で sales+gp が共に None（不完全行）
[08:28:01]   QUARANTINE: 6656 2022-03-31 FY sales=None gp=None op=0 source=jquants reason=FY行で sales+gp が共に None（不完全行）
[08:28:01]   QUARANTINE: 7725 2028-05-31 FY sales=None gp=None op=590 source=jquants reason=FY行で sales+gp が共に None（不完全行）
[08:28:01]   QUARANTINE: 6327 2021-03-31 FY sales=None gp=None op=1707 source=jquants reason=FY行で sales+gp が共に None（不完全行）
[08:28:01]   QUARANTINE: 8185 2020-03-31 FY sales=None gp=None op=0 source=jquants reason=FY行で sales+gp が共に None（不完全行）
[08:28:01]   QUARANTINE: 3550 2022-02-28 FY sales=None gp=None op=-2800 source=jquants reason=FY行で sales+gp が共に None（不完全行）
[08:28:01]   QUARANTINE: 2670 2020-03-31 FY sales=None gp=None op=0 source=jquants reason=FY行で sales+gp が共に None（不完全行）
[08:28:01]   QUARANTINE: 3160 2020-03-31 FY sales=None gp=None op=0 source=jquants reason=FY行で sales+gp が共に None（不完全行）
[08:28:01]   QUARANTINE: 3160 2028-03-31 FY sales=None gp=None op=0 source=jquants reason=FY行で sales+gp が共に None（不完全行）
[08:28:01]   QUARANTINE: 2138 2026-03-31 FY sales=None gp=None op=30 source=jquants reason=FY行で sales+gp が共に None（不完全行）
[08:28:01]   QUARANTINE: 3921 2020-01-31 FY sales=None gp=None op=0 source=jquants reason=FY行で sales+gp が共に None（不完全行）
[08:28:01]   QUARANTINE: 3089 2027-11-30 FY sales=None gp=None op=0 source=jquants reason=FY行で sales+gp が共に None（不完全行）
[08:28:01]   QUARANTINE: 5609 2020-03-31 FY sales=None gp=None op=0 source=jquants reason=FY行で sales+gp が共に None（不完全行）
[08:28:01]   QUARANTINE: 6076 2023-11-30 FY sales=None gp=None op=0 source=jquants reason=FY行で sales+gp が共に None（不完全行）
[08:28:01]   QUARANTINE: 1960 2020-03-31 FY sales=None gp=None op=0 source=jquants reason=FY行で sales+gp が共に None（不完全行）
[08:28:01]   QUARANTINE: 6273 2028-03-31 FY sales=None gp=None op=191000 source=jquants reason=FY行で sales+gp が共に None（不完全行）
[08:28:01]   QUARANTINE: 6273 2026-03-31 FY sales=None gp=None op=191000 source=jquants reason=FY行で sales+gp が共に None（不完全行）
[08:28:01]   QUARANTINE: 6166 2022-03-31 FY sales=None gp=None op=0 source=jquants reason=FY行で sales+gp が共に None（不完全行）
[08:28:01]   QUARANTINE: 6384 2026-03-31 FY sales=None gp=None op=466 source=jquants reason=FY行で sales+gp が共に None（不完全行）
[08:28:01]   QUARANTINE: 6092 2024-03-31 FY sales=None gp=None op=0 source=jquants reason=FY行で sales+gp が共に None（不完全行）
[08:28:01]   QUARANTINE: 6433 2027-03-31 FY sales=None gp=None op=102 source=jquants reason=FY行で sales+gp が共に None（不完全行）
[08:28:01]   QUARANTINE: 6996 2027-03-31 FY sales=None gp=None op=6000 source=jquants reason=FY行で sales+gp が共に None（不完全行）
[08:28:01]   QUARANTINE: 8119 2019-03-31 FY sales=None gp=None op=0 source=jquants reason=FY行で sales+gp が共に None（不完全行）
[08:28:01]   QUARANTINE: 8119 2020-03-31 FY sales=None gp=None op=0 source=jquants reason=FY行で sales+gp が共に None（不完全行）
[08:28:01]   QUARANTINE: 7226 2020-03-31 FY sales=None gp=None op=0 source=jquants reason=FY行で sales+gp が共に None（不完全行）
[08:28:01]   QUARANTINE: 9908 2019-03-31 FY sales=None gp=None op=0 source=jquants reason=FY行で sales+gp が共に None（不完全行）
[08:28:01]   QUARANTINE: 9908 2020-03-31 FY sales=None gp=None op=0 source=jquants reason=FY行で sales+gp が共に None（不完全行）
[08:28:01]   QUARANTINE: 7709 2019-03-31 FY sales=None gp=None op=0 source=jquants reason=FY行で sales+gp が共に None（不完全行）
[08:28:01]   QUARANTINE: 7709 2020-03-31 FY sales=None gp=None op=0 source=jquants reason=FY行で sales+gp が共に None（不完全行）
[08:28:01]   QUARANTINE: 5133 2029-03-31 FY sales=None gp=None op=115 source=jquants reason=FY行で sales+gp が共に None（不完全行）
[08:28:01]   QUARANTINE: 9991 2020-03-31 FY sales=None gp=None op=0 source=jquants reason=FY行で sales+gp が共に None（不完全行）
[08:28:01]   QUARANTINE: 3321 2027-05-31 FY sales=None gp=None op=3000 source=jquants reason=FY行で sales+gp が共に None（不完全行）
[08:28:01]   QUARANTINE: 5445 2021-03-31 FY sales=None gp=None op=0 source=jquants reason=FY行で sales+gp が共に None（不完全行）
[08:28:01]   QUARANTINE: 6482 2019-03-31 FY sales=None gp=None op=0 source=jquants reason=FY行で sales+gp が共に None（不完全行）
[08:28:01]   QUARANTINE: 6482 2020-03-31 FY sales=None gp=None op=0 source=jquants reason=FY行で sales+gp が共に None（不完全行）
[08:28:01]   QUARANTINE: 7581 2028-08-31 FY sales=None gp=None op=0 source=jquants reason=FY行で sales+gp が共に None（不完全行）
[08:28:01]   QUARANTINE: 7581 2027-08-31 FY sales=None gp=None op=0 source=jquants reason=FY行で sales+gp が共に None（不完全行）
[08:28:01]   QUARANTINE: 7581 2026-08-31 FY sales=None gp=None op=16600 source=jquants reason=FY行で sales+gp が共に None（不完全行）
[08:28:01]   QUARANTINE: 7581 2022-08-31 FY sales=None gp=None op=0 source=jquants reason=FY行で sales+gp が共に None（不完全行）
[08:28:01]   QUARANTINE: 2491 2027-12-31 FY sales=None gp=None op=0 source=jquants reason=FY行で sales+gp が共に None（不完全行）
[08:28:01]   QUARANTINE: 2491 2026-12-31 FY sales=None gp=None op=0 source=jquants reason=FY行で sales+gp が共に None（不完全行）
[08:28:01]   QUARANTINE: 2778 2027-02-28 FY sales=None gp=None op=350 source=jquants reason=FY行で sales+gp が共に None（不完全行）
[08:28:01]   QUARANTINE: 2726 2028-02-29 FY sales=None gp=None op=26400 source=jquants reason=FY行で sales+gp が共に None（不完全行）
[08:28:01]   QUARANTINE: 2726 2027-02-28 FY sales=None gp=None op=26400 source=jquants reason=FY行で sales+gp が共に None（不完全行）
[08:28:01]   QUARANTINE: 2726 2022-03-31 FY sales=None gp=None op=0 source=jquants reason=FY行で sales+gp が共に None（不完全行）
[08:28:01]   QUARANTINE: 2331 2024-03-31 FY sales=None gp=None op=0 source=jquants reason=FY行で sales+gp が共に None（不完全行）
[08:28:01]   QUARANTINE: 6954 2028-03-31 FY sales=None gp=None op=0 source=jquants reason=FY行で sales+gp が共に None（不完全行）
[08:28:01]   QUARANTINE: 6954 2022-03-31 FY sales=None gp=None op=0 source=jquants reason=FY行で sales+gp が共に None（不完全行）
[08:28:01]   QUARANTINE: 6506 2028-02-29 FY sales=None gp=None op=60000 source=jquants reason=FY行で sales+gp が共に None（不完全行）
[08:28:01]   QUARANTINE: 6506 2027-02-28 FY sales=None gp=None op=60000 source=jquants reason=FY行で sales+gp が共に None（不完全行）
[08:28:01]   QUARANTINE: 7970 2022-03-31 FY sales=None gp=None op=6500 source=jquants reason=FY行で sales+gp が共に None（不完全行）
[08:28:01]   QUARANTINE: 6855 2029-03-31 FY sales=None gp=None op=0 source=jquants reason=FY行で sales+gp が共に None（不完全行）
[08:28:01]   QUARANTINE: 6855 2028-03-31 FY sales=None gp=None op=0 source=jquants reason=FY行で sales+gp が共に None（不完全行）
[08:28:01]   QUARANTINE: 7994 2020-03-31 FY sales=None gp=None op=0 source=jquants reason=FY行で sales+gp が共に None（不完全行）
[08:28:01]   QUARANTINE: 3317 2020-03-31 FY sales=None gp=None op=0 source=jquants reason=FY行で sales+gp が共に None（不完全行）
[08:28:01]   QUARANTINE: 6645 2026-03-31 FY sales=None gp=None op=0 source=jquants reason=FY行で sales+gp が共に None（不完全行）
[08:28:01]   QUARANTINE: 2760 2028-03-31 FY sales=None gp=None op=10000 source=jquants reason=FY行で sales+gp が共に None（不完全行）
[08:28:01]   QUARANTINE: 2760 2027-03-31 FY sales=None gp=None op=10000 source=jquants reason=FY行で sales+gp が共に None（不完全行）
[08:28:01]   QUARANTINE: 2760 2020-03-31 FY sales=None gp=None op=0 source=jquants reason=FY行で sales+gp が共に None（不完全行）
[08:28:01]   QUARANTINE: 8035 2028-03-31 FY sales=None gp=None op=0 source=jquants reason=FY行で sales+gp が共に None（不完全行）
[08:28:01]   QUARANTINE: 8035 2027-03-31 FY sales=None gp=None op=0 source=jquants reason=FY行で sales+gp が共に None（不完全行）
[08:28:01]   QUARANTINE: 2705 2020-03-31 FY sales=None gp=None op=0 source=jquants reason=FY行で sales+gp が共に None（不完全行）
[08:28:01]   QUARANTINE: 3132 2028-03-31 FY sales=None gp=None op=42000 source=jquants reason=FY行で sales+gp が共に None（不完全行）
[08:28:01]   QUARANTINE: 7995 2019-03-31 FY sales=None gp=None op=0 source=jquants reason=FY行で sales+gp が共に None（不完全行）
[08:28:01]   QUARANTINE: 7995 2023-10-31 FY sales=None gp=None op=0 source=jquants reason=FY行で sales+gp が共に None（不完全行）
[08:28:01]   QUARANTINE: 5395 2025-12-31 FY sales=None gp=None op=148 source=jquants reason=FY行で sales+gp が共に None（不完全行）
[08:28:01]   QUARANTINE: 5395 2020-03-31 FY sales=None gp=None op=0 source=jquants reason=FY行で sales+gp が共に None（不完全行）
[08:28:01]   QUARANTINE: 4963 2024-03-31 FY sales=None gp=None op=0 source=jquants reason=FY行で sales+gp が共に None（不完全行）
[08:28:01]   QUARANTINE: 9218 2022-03-31 FY sales=None gp=None op=0 source=jquants reason=FY行で sales+gp が共に None（不完全行）
[08:28:01]   QUARANTINE: 3374 2028-03-31 FY sales=None gp=None op=810 source=jquants reason=FY行で sales+gp が共に None（不完全行）
[08:28:01]   QUARANTINE: 3374 2027-03-31 FY sales=None gp=None op=810 source=jquants reason=FY行で sales+gp が共に None（不完全行）
[08:28:01]   QUARANTINE: 6391 2019-03-31 FY sales=None gp=None op=0 source=jquants reason=FY行で sales+gp が共に None（不完全行）
[08:28:01]   QUARANTINE: 6391 2020-03-31 FY sales=None gp=None op=0 source=jquants reason=FY行で sales+gp が共に None（不完全行）
[08:28:01]   QUARANTINE: 5248 2020-03-31 FY sales=None gp=None op=0 source=jquants reason=FY行で sales+gp が共に None（不完全行）
[08:28:01]   QUARANTINE: 5248 2021-03-31 FY sales=None gp=None op=0 source=jquants reason=FY行で sales+gp が共に None（不完全行）
[08:28:01]   QUARANTINE: 7241 2022-03-31 FY sales=None gp=None op=0 source=jquants reason=FY行で sales+gp が共に None（不完全行）
[08:28:01]   QUARANTINE: 7510 2020-03-31 FY sales=None gp=None op=0 source=jquants reason=FY行で sales+gp が共に None（不完全行）
[08:28:01]   QUARANTINE: 6724 2019-03-31 FY sales=None gp=None op=0 source=jquants reason=FY行で sales+gp が共に None（不完全行）
[08:28:01]   QUARANTINE: 9889 2021-03-31 FY sales=None gp=None op=0 source=jquants reason=FY行で sales+gp が共に None（不完全行）
[08:28:01]   QUARANTINE: 4416 2020-03-31 FY sales=None gp=None op=0 source=jquants reason=FY行で sales+gp が共に None（不完全行）
[08:28:01]   QUARANTINE: 2737 2027-03-31 FY sales=None gp=None op=8800 source=jquants reason=FY行で sales+gp が共に None（不完全行）
[08:28:01]   QUARANTINE: 2737 2020-03-31 FY sales=None gp=None op=0 source=jquants reason=FY行で sales+gp が共に None（不完全行）
[08:28:01]   QUARANTINE: 6629 2026-03-31 FY sales=None gp=None op=1500 source=jquants reason=FY行で sales+gp が共に None（不完全行）
[08:28:01]   QUARANTINE: 4043 2020-03-31 FY sales=None gp=None op=0 source=jquants reason=FY行で sales+gp が共に None（不完全行）
[08:28:01]   QUARANTINE: 6407 2022-03-31 FY sales=None gp=None op=0 source=jquants reason=FY行で sales+gp が共に None（不完全行）
[08:28:01]   QUARANTINE: 4348 2023-03-31 FY sales=None gp=None op=0 source=jquants reason=FY行で sales+gp が共に None（不完全行）
[08:28:01]   QUARANTINE: 4348 2022-03-31 FY sales=None gp=None op=0 source=jquants reason=FY行で sales+gp が共に None（不完全行）
[08:28:01]   QUARANTINE: 7732 2021-03-31 FY sales=None gp=None op=0 source=jquants reason=FY行で sales+gp が共に None（不完全行）
[08:28:01]   QUARANTINE: 6823 2020-03-31 FY sales=None gp=None op=0 source=jquants reason=FY行で sales+gp が共に None（不完全行）
[08:28:01]   QUARANTINE: 6928 2020-03-31 FY sales=None gp=None op=0 source=jquants reason=FY行で sales+gp が共に None（不完全行）
[08:28:01]   QUARANTINE: 5702 2022-03-31 FY sales=None gp=None op=0 source=jquants reason=FY行で sales+gp が共に None（不完全行）
[08:28:01]   QUARANTINE: 4113 2020-03-31 FY sales=None gp=None op=0 source=jquants reason=FY行で sales+gp が共に None（不完全行）
[08:28:01]   QUARANTINE: 6196 2027-09-30 FY sales=None gp=None op=0 source=jquants reason=FY行で sales+gp が共に None（不完全行）
[08:28:01]   QUARANTINE: 6196 2022-03-31 FY sales=None gp=None op=0 source=jquants reason=FY行で sales+gp が共に None（不完全行）
[08:28:01]   QUARANTINE: 3388 2020-03-31 FY sales=None gp=None op=0 source=jquants reason=FY行で sales+gp が共に None（不完全行）
[08:28:01]   QUARANTINE: 5191 2020-03-31 FY sales=None gp=None op=0 source=jquants reason=FY行で sales+gp が共に None（不完全行）
[08:28:01]   QUARANTINE: 7011 2020-03-31 FY sales=None gp=None op=0 source=jquants reason=FY行で sales+gp が共に None（不完全行）
[08:28:01]   QUARANTINE: 3738 2022-03-31 FY sales=None gp=None op=0 source=jquants reason=FY行で sales+gp が共に None（不完全行）
[08:28:01]   QUARANTINE: 4975 2027-03-31 FY sales=None gp=None op=10700 source=jquants reason=FY行で sales+gp が共に None（不完全行）
[08:28:01]   QUARANTINE: 4975 2020-03-31 FY sales=None gp=None op=0 source=jquants reason=FY行で sales+gp が共に None（不完全行）
[08:28:01]   QUARANTINE: 6849 2019-03-31 FY sales=None gp=None op=0 source=jquants reason=FY行で sales+gp が共に None（不完全行）
[08:28:01]   QUARANTINE: 6908 2028-03-31 FY sales=None gp=None op=0 source=jquants reason=FY行で sales+gp が共に None（不完全行）
[08:28:01]   QUARANTINE: 3891 2023-03-31 FY sales=None gp=None op=1900 source=jquants reason=FY行で sales+gp が共に None（不完全行）
[08:28:01]   QUARANTINE: 6503 2020-03-31 FY sales=None gp=None op=0 source=jquants reason=FY行で sales+gp が共に None（不完全行）
[08:28:01]   QUARANTINE: 3835 2025-03-31 FY sales=None gp=None op=0 source=jquants reason=FY行で sales+gp が共に None（不完全行）
[08:28:01]   QUARANTINE: 9928 2020-03-31 FY sales=None gp=None op=0 source=jquants reason=FY行で sales+gp が共に None（不完全行）
[08:28:01]   QUARANTINE: 9366 2020-03-31 FY sales=None gp=None op=0 source=jquants reason=FY行で sales+gp が共に None（不完全行）
[08:28:01]   QUARANTINE: 6157 2020-03-31 FY sales=None gp=None op=0 source=jquants reason=FY行で sales+gp が共に None（不完全行）
[08:28:01]   QUARANTINE: 2282 2026-03-31 FY sales=None gp=None op=64000 source=jquants reason=FY行で sales+gp が共に None（不完全行）
[08:28:01]   QUARANTINE: 5079 2025-03-31 FY sales=None gp=None op=1350 source=jquants reason=FY行で sales+gp が共に None（不完全行）
[08:28:01]   QUARANTINE: 2376 2020-03-31 FY sales=None gp=None op=0 source=jquants reason=FY行で sales+gp が共に None（不完全行）
[08:28:01]   QUARANTINE: 4120 2020-03-31 FY sales=None gp=None op=0 source=jquants reason=FY行で sales+gp が共に None（不完全行）
[08:28:01]   QUARANTINE: 7214 2022-03-31 FY sales=None gp=None op=0 source=jquants reason=FY行で sales+gp が共に None（不完全行）
[08:28:01]   QUARANTINE: 2930 2028-03-31 FY sales=None gp=None op=897 source=jquants reason=FY行で sales+gp が共に None（不完全行）
[08:28:01]   QUARANTINE: 2930 2027-03-31 FY sales=None gp=None op=897 source=jquants reason=FY行で sales+gp が共に None（不完全行）
[08:28:01]   QUARANTINE: 6762 2021-03-31 FY sales=None gp=None op=0 source=jquants reason=FY行で sales+gp が共に None（不完全行）
[08:28:01]   QUARANTINE: 3946 2020-03-31 FY sales=None gp=None op=0 source=jquants reason=FY行で sales+gp が共に None（不完全行）
[08:28:01]   QUARANTINE: 6516 2020-03-31 FY sales=None gp=None op=0 source=jquants reason=FY行で sales+gp が共に None（不完全行）
[08:28:01]   QUARANTINE: 6590 2026-03-31 FY sales=None gp=None op=12500 source=jquants reason=FY行で sales+gp が共に None（不完全行）
[08:28:01]   QUARANTINE: 6590 2020-03-31 FY sales=None gp=None op=0 source=jquants reason=FY行で sales+gp が共に None（不完全行）
[08:28:01]   QUARANTINE: 7212 2020-03-31 FY sales=None gp=None op=0 source=jquants reason=FY行で sales+gp が共に None（不完全行）
[08:28:01]   QUARANTINE: 6392 2020-03-31 FY sales=None gp=None op=0 source=jquants reason=FY行で sales+gp が共に None（不完全行）
[08:28:01]   QUARANTINE: 2226 2020-03-31 FY sales=None gp=None op=0 source=jquants reason=FY行で sales+gp が共に None（不完全行）
[08:28:01]   QUARANTINE: 2226 2022-03-31 FY sales=None gp=None op=0 source=jquants reason=FY行で sales+gp が共に None（不完全行）
[08:28:01]   QUARANTINE: 2229 2020-03-31 FY sales=None gp=None op=0 source=jquants reason=FY行で sales+gp が共に None（不完全行）
[08:28:01]   QUARANTINE: 3002 2021-03-31 FY sales=None gp=None op=0 source=jquants reason=FY行で sales+gp が共に None（不完全行）
[08:28:01]   QUARANTINE: 3002 2019-03-31 FY sales=None gp=None op=0 source=jquants reason=FY行で sales+gp が共に None（不完全行）
[08:28:01]   QUARANTINE: 5602 2021-03-31 FY sales=None gp=None op=0 source=jquants reason=FY行で sales+gp が共に None（不完全行）
[08:28:01]   QUARANTINE: 5602 2020-03-31 FY sales=None gp=None op=0 source=jquants reason=FY行で sales+gp が共に None（不完全行）
[08:28:01]   QUARANTINE: 6018 2020-03-31 FY sales=None gp=None op=0 source=jquants reason=FY行で sales+gp が共に None（不完全行）
[08:28:01]   QUARANTINE: 9445 2020-03-31 FY sales=None gp=None op=0 source=jquants reason=FY行で sales+gp が共に None（不完全行）
[08:28:01]   QUARANTINE: 7846 2021-03-31 FY sales=None gp=None op=19325 source=jquants reason=FY行で sales+gp が共に None（不完全行）
[08:28:01]   QUARANTINE: 6496 2020-03-31 FY sales=None gp=None op=0 source=jquants reason=FY行で sales+gp が共に None（不完全行）
[08:28:01]   QUARANTINE: 7018 2020-03-31 FY sales=None gp=None op=0 source=jquants reason=FY行で sales+gp が共に None（不完全行）
[08:28:01]   QUARANTINE: 6637 2019-03-31 FY sales=None gp=None op=0 source=jquants reason=FY行で sales+gp が共に None（不完全行）
[08:28:01]   QUARANTINE: 7022 2020-03-31 FY sales=None gp=None op=0 source=jquants reason=FY行で sales+gp が共に None（不完全行）
[08:28:01]   QUARANTINE: 7022 2026-03-31 FY sales=None gp=None op=800 source=jquants reason=FY行で sales+gp が共に None（不完全行）
[08:28:01]   QUARANTINE: 6023 2019-03-31 FY sales=None gp=None op=0 source=jquants reason=FY行で sales+gp が共に None（不完全行）
[08:28:01]   QUARANTINE: 6023 2020-03-31 FY sales=None gp=None op=0 source=jquants reason=FY行で sales+gp が共に None（不完全行）
[08:28:01]   QUARANTINE: 4235 2021-03-31 FY sales=None gp=None op=0 source=jquants reason=FY行で sales+gp が共に None（不完全行）
[08:28:01]   QUARANTINE: 1515 2027-03-31 FY sales=None gp=None op=65000 source=jquants reason=FY行で sales+gp が共に None（不完全行）
[08:28:01]   QUARANTINE: 4206 2020-03-31 FY sales=None gp=None op=0 source=jquants reason=FY行で sales+gp が共に None（不完全行）
[08:28:01]   QUARANTINE: 2475 2027-03-31 FY sales=None gp=None op=4230 source=jquants reason=FY行で sales+gp が共に None（不完全行）
[08:28:01]   QUARANTINE: 4667 2020-03-31 FY sales=None gp=None op=0 source=jquants reason=FY行で sales+gp が共に None（不完全行）
[08:28:01]   QUARANTINE: 1905 2021-03-31 FY sales=None gp=None op=0 source=jquants reason=FY行で sales+gp が共に None（不完全行）
[08:28:01]   QUARANTINE: 5644 2028-03-31 FY sales=None gp=None op=2680 source=jquants reason=FY行で sales+gp が共に None（不完全行）
[08:28:01]   QUARANTINE: 5482 2020-03-31 FY sales=None gp=None op=0 source=jquants reason=FY行で sales+gp が共に None（不完全行）
[08:28:01]   QUARANTINE: 7261 2020-03-31 FY sales=None gp=None op=0 source=jquants reason=FY行で sales+gp が共に None（不完全行）
[08:28:01]   QUARANTINE: 6859 2020-03-31 FY sales=None gp=None op=0 source=jquants reason=FY行で sales+gp が共に None（不完全行）
[08:28:01]   QUARANTINE: 6736 2022-03-31 FY sales=None gp=None op=0 source=jquants reason=FY行で sales+gp が共に None（不完全行）
[08:28:01]   QUARANTINE: 4366 2020-03-31 FY sales=None gp=None op=0 source=jquants reason=FY行で sales+gp が共に None（不完全行）
[08:28:01]   QUARANTINE: 4335 2028-06-30 FY sales=None gp=None op=0 source=jquants reason=FY行で sales+gp が共に None（不完全行）
[08:28:01]   QUARANTINE: 4335 2027-06-30 FY sales=None gp=None op=0 source=jquants reason=FY行で sales+gp が共に None（不完全行）
[08:28:01]   QUARANTINE: 4335 2021-06-30 FY sales=None gp=None op=0 source=jquants reason=FY行で sales+gp が共に None（不完全行）
[08:28:01]   QUARANTINE: 4335 2020-06-30 FY sales=None gp=None op=0 source=jquants reason=FY行で sales+gp が共に None（不完全行）
[08:28:01]   QUARANTINE: 6599 2020-03-31 FY sales=None gp=None op=0 source=jquants reason=FY行で sales+gp が共に None（不完全行）
[08:28:01]   QUARANTINE: 5992 2022-03-31 FY sales=None gp=None op=0 source=jquants reason=FY行で sales+gp が共に None（不完全行）
[08:28:01]   QUARANTINE: 6167 2021-03-31 FY sales=None gp=None op=0 source=jquants reason=FY行で sales+gp が共に None（不完全行）
[08:28:01]   QUARANTINE: 7467 2020-03-31 FY sales=None gp=None op=0 source=jquants reason=FY行で sales+gp が共に None（不完全行）
[08:28:01]   QUARANTINE: 7685 2027-12-31 FY sales=None gp=None op=-12632 source=jquants reason=FY行で sales+gp が共に None（不完全行）
[08:28:01]   QUARANTINE: 6618 2024-03-31 FY sales=None gp=None op=0 source=jquants reason=FY行で sales+gp が共に None（不完全行）
[08:28:01]   QUARANTINE: 7701 2028-03-31 FY sales=None gp=None op=700 source=jquants reason=FY行で sales+gp が共に None（不完全行）
[08:28:01]   QUARANTINE: 7701 2020-03-31 FY sales=None gp=None op=0 source=jquants reason=FY行で sales+gp が共に None（不完全行）
[08:28:01]   QUARANTINE: 7701 2019-03-31 FY sales=None gp=None op=0 source=jquants reason=FY行で sales+gp が共に None（不完全行）
[08:28:01]   QUARANTINE: 7701 2048-03-31 FY sales=None gp=None op=0 source=jquants reason=FY行で sales+gp が共に None（不完全行）
[08:28:01]   QUARANTINE: 5541 2020-03-31 FY sales=None gp=None op=0 source=jquants reason=FY行で sales+gp が共に None（不完全行）
[08:28:01]   QUARANTINE: 7315 2020-03-31 FY sales=None gp=None op=0 source=jquants reason=FY行で sales+gp が共に None（不完全行）
[08:28:01]   QUARANTINE: 7315 2024-03-31 FY sales=None gp=None op=0 source=jquants reason=FY行で sales+gp が共に None（不完全行）
[08:28:01]   QUARANTINE: 4109 2020-03-31 FY sales=None gp=None op=0 source=jquants reason=FY行で sales+gp が共に None（不完全行）
[08:28:01]   QUARANTINE: 3360 2020-03-31 FY sales=None gp=None op=0 source=jquants reason=FY行で sales+gp が共に None（不完全行）
[08:28:01]   QUARANTINE: 2897 2028-03-31 FY sales=None gp=None op=77600 source=jquants reason=FY行で sales+gp が共に None（不完全行）
[08:28:01]   QUARANTINE: 2897 2027-03-31 FY sales=None gp=None op=77600 source=jquants reason=FY行で sales+gp が共に None（不完全行）
[08:28:01]   QUARANTINE: 6699 2024-03-31 FY sales=None gp=None op=0 source=jquants reason=FY行で sales+gp が共に None（不完全行）
[08:28:01]   QUARANTINE: 6699 2019-03-31 FY sales=None gp=None op=0 source=jquants reason=FY行で sales+gp が共に None（不完全行）
[08:28:01]   QUARANTINE: 3326 2023-03-31 FY sales=None gp=None op=0 source=jquants reason=FY行で sales+gp が共に None（不完全行）
[08:28:01]   QUARANTINE: 4100 2019-03-31 FY sales=None gp=None op=0 source=jquants reason=FY行で sales+gp が共に None（不完全行）
[08:28:01]   QUARANTINE: 4272 2020-03-31 FY sales=None gp=None op=0 source=jquants reason=FY行で sales+gp が共に None（不完全行）
[08:28:01]   QUARANTINE: 4080 2021-03-31 FY sales=None gp=None op=0 source=jquants reason=FY行で sales+gp が共に None（不完全行）
[08:28:01]   QUARANTINE: 4268 2020-03-31 FY sales=None gp=None op=0 source=jquants reason=FY行で sales+gp が共に None（不完全行）
[08:28:01]   QUARANTINE: 2884 2021-02-28 FY sales=None gp=None op=0 source=jquants reason=FY行で sales+gp が共に None（不完全行）
[08:28:01]   QUARANTINE: 9385 2028-03-31 FY sales=None gp=None op=1401 source=jquants reason=FY行で sales+gp が共に None（不完全行）
[08:28:01]   QUARANTINE: 9385 2027-03-31 FY sales=None gp=None op=1401 source=jquants reason=FY行で sales+gp が共に None（不完全行）
[08:28:01]   QUARANTINE: 9385 2021-03-31 FY sales=None gp=None op=0 source=jquants reason=FY行で sales+gp が共に None（不完全行）
[08:28:01]   QUARANTINE: 4813 2028-03-31 FY sales=None gp=None op=0 source=jquants reason=FY行で sales+gp が共に None（不完全行）
[08:28:01]   QUARANTINE: 4379 2022-12-31 FY sales=None gp=None op=0 source=jquants reason=FY行で sales+gp が共に None（不完全行）
[08:28:01]   QUARANTINE: 3943 2020-03-31 FY sales=None gp=None op=0 source=jquants reason=FY行で sales+gp が共に None（不完全行）
[08:28:01]   QUARANTINE: 7048 2021-12-31 FY sales=None gp=None op=0 source=jquants reason=FY行で sales+gp が共に None（不完全行）
[08:28:01]   QUARANTINE: 6030 2020-03-31 FY sales=None gp=None op=0 source=jquants reason=FY行で sales+gp が共に None（不完全行）
[08:28:01]   QUARANTINE: 3933 2019-03-31 FY sales=None gp=None op=0 source=jquants reason=FY行で sales+gp が共に None（不完全行）
[08:28:01]   QUARANTINE: 4704 2020-06-30 FY sales=None gp=None op=0 source=jquants reason=FY行で sales+gp が共に None（不完全行）
[08:28:01]   QUARANTINE: 3675 2021-06-30 FY sales=None gp=None op=0 source=jquants reason=FY行で sales+gp が共に None（不完全行）
[08:28:01]   QUARANTINE: 3695 2020-12-31 FY sales=None gp=None op=0 source=jquants reason=FY行で sales+gp が共に None（不完全行）
[08:28:01]   QUARANTINE: 7637 2028-03-31 FY sales=None gp=None op=3230 source=jquants reason=FY行で sales+gp が共に None（不完全行）
[08:28:01]   QUARANTINE: 7637 2027-03-31 FY sales=None gp=None op=3230 source=jquants reason=FY行で sales+gp が共に None（不完全行）
[08:28:01]   QUARANTINE: 4973 2028-03-31 FY sales=None gp=None op=510 source=jquants reason=FY行で sales+gp が共に None（不完全行）
[08:28:01]   QUARANTINE: 4973 2027-03-31 FY sales=None gp=None op=510 source=jquants reason=FY行で sales+gp が共に None（不完全行）
[08:28:01]   QUARANTINE: 6630 2024-03-31 FY sales=None gp=None op=6444 source=jquants reason=FY行で sales+gp が共に None（不完全行）
[08:28:01]   QUARANTINE: 3187 2020-03-31 FY sales=None gp=None op=0 source=jquants reason=FY行で sales+gp が共に None（不完全行）
[08:28:01]   QUARANTINE: 6455 2019-03-31 FY sales=None gp=None op=0 source=jquants reason=FY行で sales+gp が共に None（不完全行）
[08:28:01]   QUARANTINE: 6455 2020-03-31 FY sales=None gp=None op=0 source=jquants reason=FY行で sales+gp が共に None（不完全行）
[08:28:01]   QUARANTINE: 6455 2027-03-31 FY sales=None gp=None op=16000 source=jquants reason=FY行で sales+gp が共に None（不完全行）
[08:28:01]   QUARANTINE: 2317 2028-03-31 FY sales=None gp=None op=14500 source=jquants reason=FY行で sales+gp が共に None（不完全行）
[08:28:01]   QUARANTINE: 2317 2027-03-31 FY sales=None gp=None op=14500 source=jquants reason=FY行で sales+gp が共に None（不完全行）
[08:28:01]   QUARANTINE: 6844 2020-03-31 FY sales=None gp=None op=0 source=jquants reason=FY行で sales+gp が共に None（不完全行）
[08:28:01]   QUARANTINE: 6616 2028-03-31 FY sales=None gp=None op=0 source=jquants reason=FY行で sales+gp が共に None（不完全行）
[08:28:01]   QUARANTINE: 6963 2028-03-31 FY sales=None gp=None op=5000 source=jquants reason=FY行で sales+gp が共に None（不完全行）
[08:28:01]   QUARANTINE: 2002 2022-03-31 FY sales=None gp=None op=0 source=jquants reason=FY行で sales+gp が共に None（不完全行）
[08:28:01]   QUARANTINE: 2002 2021-03-31 FY sales=None gp=None op=0 source=jquants reason=FY行で sales+gp が共に None（不完全行）
[08:28:01]   QUARANTINE: 4224 2028-03-31 FY sales=None gp=None op=0 source=jquants reason=FY行で sales+gp が共に None（不完全行）
[08:28:01]   QUARANTINE: 7936 2020-03-31 FY sales=None gp=None op=0 source=jquants reason=FY行で sales+gp が共に None（不完全行）
[08:28:01]   QUARANTINE: 6436 2020-03-31 FY sales=None gp=None op=0 source=jquants reason=FY行で sales+gp が共に None（不完全行）
[08:28:01]   QUARANTINE: 4222 2020-03-31 FY sales=None gp=None op=0 source=jquants reason=FY行で sales+gp が共に None（不完全行）
[08:28:01]   QUARANTINE: 9312 2020-03-31 FY sales=None gp=None op=0 source=jquants reason=FY行で sales+gp が共に None（不完全行）
[08:28:01]   QUARANTINE: 9960 2020-03-31 FY sales=None gp=None op=0 source=jquants reason=FY行で sales+gp が共に None（不完全行）
[08:28:01]   QUARANTINE: 1952 2020-03-31 FY sales=None gp=None op=0 source=jquants reason=FY行で sales+gp が共に None（不完全行）
[08:28:01]   QUARANTINE: 6302 2020-03-31 FY sales=None gp=None op=0 source=jquants reason=FY行で sales+gp が共に None（不完全行）
[08:28:01]   QUARANTINE: 6302 2023-03-31 FY sales=None gp=None op=0 source=jquants reason=FY行で sales+gp が共に None（不完全行）
[08:28:01]   QUARANTINE: 8101 2027-03-31 FY sales=None gp=None op=2800 source=jquants reason=FY行で sales+gp が共に None（不完全行）
[08:28:01]   QUARANTINE: 2907 2028-03-31 FY sales=None gp=None op=1100 source=jquants reason=FY行で sales+gp が共に None（不完全行）
[08:28:01]   QUARANTINE: 2907 2027-03-31 FY sales=None gp=None op=1100 source=jquants reason=FY行で sales+gp が共に None（不完全行）
[08:28:01]   QUARANTINE: 6904 2020-03-31 FY sales=None gp=None op=0 source=jquants reason=FY行で sales+gp が共に None（不完全行）
[08:28:01]   QUARANTINE: 3521 2020-03-31 FY sales=None gp=None op=0 source=jquants reason=FY行で sales+gp が共に None（不完全行）
[08:28:01]   QUARANTINE: 4736 2020-03-31 FY sales=None gp=None op=0 source=jquants reason=FY行で sales+gp が共に None（不完全行）
[08:28:01]   QUARANTINE: 3082 2022-06-30 FY sales=None gp=None op=0 source=jquants reason=FY行で sales+gp が共に None（不完全行）
[08:28:01]   QUARANTINE: 3457 2022-06-30 FY sales=None gp=None op=0 source=jquants reason=FY行で sales+gp が共に None（不完全行）
[08:28:01]   QUARANTINE: 8230 2022-03-31 FY sales=None gp=None op=0 source=jquants reason=FY行で sales+gp が共に None（不完全行）
[08:28:01]   QUARANTINE: 7122 2021-03-31 FY sales=None gp=None op=0 source=jquants reason=FY行で sales+gp が共に None（不完全行）
[08:28:01]   QUARANTINE: 7122 2026-03-31 FY sales=None gp=None op=0 source=jquants reason=FY行で sales+gp が共に None（不完全行）
[08:28:01]   QUARANTINE: 3181 2028-03-31 FY sales=None gp=None op=133 source=jquants reason=FY行で sales+gp が共に None（不完全行）
[08:28:01]   QUARANTINE: 6898 2028-03-31 FY sales=None gp=None op=0 source=jquants reason=FY行で sales+gp が共に None（不完全行）
[08:28:01]   QUARANTINE: 2695 2023-03-31 FY sales=None gp=None op=0 source=jquants reason=FY行で sales+gp が共に None（不完全行）
[08:28:01]   QUARANTINE: 5034 2028-06-30 FY sales=None gp=None op=2600 source=jquants reason=FY行で sales+gp が共に None（不完全行）
[08:28:01]   QUARANTINE: 2288 2020-03-31 FY sales=None gp=None op=0 source=jquants reason=FY行で sales+gp が共に None（不完全行）
[08:28:01]   QUARANTINE: 2001 2020-03-31 FY sales=None gp=None op=0 source=jquants reason=FY行で sales+gp が共に None（不完全行）
[08:28:01]   QUARANTINE: 6125 2020-03-31 FY sales=None gp=None op=0 source=jquants reason=FY行で sales+gp が共に None（不完全行）
[08:28:01]   QUARANTINE: 6832 2021-03-31 FY sales=None gp=None op=0 source=jquants reason=FY行で sales+gp が共に None（不完全行）
[08:28:01]   QUARANTINE: 7947 2020-03-31 FY sales=None gp=None op=0 source=jquants reason=FY行で sales+gp が共に None（不完全行）
[08:28:01]   QUARANTINE: 7947 2023-03-31 FY sales=None gp=None op=0 source=jquants reason=FY行で sales+gp が共に None（不完全行）
[08:28:01]   QUARANTINE: 7867 2020-03-31 FY sales=None gp=None op=0 source=jquants reason=FY行で sales+gp が共に None（不完全行）
[08:28:01]   QUARANTINE: 7280 2020-03-31 FY sales=None gp=None op=0 source=jquants reason=FY行で sales+gp が共に None（不完全行）
[08:28:01]   QUARANTINE: 5367 2020-03-31 FY sales=None gp=None op=0 source=jquants reason=FY行で sales+gp が共に None（不完全行）
[08:28:01]   QUARANTINE: 6981 2027-03-31 FY sales=None gp=None op=0 source=jquants reason=FY行で sales+gp が共に None（不完全行）
[08:28:01]   QUARANTINE: 6981 2026-03-31 FY sales=None gp=None op=0 source=jquants reason=FY行で sales+gp が共に None（不完全行）
[08:28:01]   QUARANTINE: 6981 2020-03-31 FY sales=None gp=None op=0 source=jquants reason=FY行で sales+gp が共に None（不完全行）
[08:28:01]   QUARANTINE: 5232 2019-03-31 FY sales=None gp=None op=0 source=jquants reason=FY行で sales+gp が共に None（不完全行）
[08:28:01]   QUARANTINE: 5232 2020-03-31 FY sales=None gp=None op=0 source=jquants reason=FY行で sales+gp が共に None（不完全行）
[08:28:01]   QUARANTINE: 5233 2029-03-31 FY sales=None gp=None op=0 source=jquants reason=FY行で sales+gp が共に None（不完全行）
[08:28:01]   QUARANTINE: 9885 2027-03-31 FY sales=None gp=None op=145 source=jquants reason=FY行で sales+gp が共に None（不完全行）
[08:28:01]   QUARANTINE: 6237 2019-03-31 FY sales=None gp=None op=0 source=jquants reason=FY行で sales+gp が共に None（不完全行）
[08:28:01]   QUARANTINE: 6237 2020-03-31 FY sales=None gp=None op=0 source=jquants reason=FY行で sales+gp が共に None（不完全行）
[08:28:01]   QUARANTINE: 6310 2027-12-31 FY sales=None gp=None op=4225 source=jquants reason=FY行で sales+gp が共に None（不完全行）
[08:28:01]   QUARANTINE: 6310 2020-12-31 FY sales=None gp=None op=0 source=jquants reason=FY行で sales+gp が共に None（不完全行）
[08:28:01]   QUARANTINE: 5302 2019-12-31 FY sales=None gp=None op=0 source=jquants reason=FY行で sales+gp が共に None（不完全行）
[08:28:01]   QUARANTINE: 3934 2020-03-31 FY sales=None gp=None op=0 source=jquants reason=FY行で sales+gp が共に None（不完全行）
[08:28:01]   QUARANTINE: 6533 2019-12-31 FY sales=None gp=None op=0 source=jquants reason=FY行で sales+gp が共に None（不完全行）
[08:28:01]   QUARANTINE: 3970 2020-03-31 FY sales=None gp=None op=0 source=jquants reason=FY行で sales+gp が共に None（不完全行）
[08:28:01]   QUARANTINE: 4893 2022-03-31 FY sales=None gp=None op=0 source=jquants reason=FY行で sales+gp が共に None（不完全行）
[08:28:01]   QUARANTINE: 7369 2020-03-31 FY sales=None gp=None op=0 source=jquants reason=FY行で sales+gp が共に None（不完全行）
[08:28:01]   QUARANTINE: 2410 2019-09-30 FY sales=None gp=None op=0 source=jquants reason=FY行で sales+gp が共に None（不完全行）
[08:28:01]   QUARANTINE: 5401 2026-03-31 FY sales=None gp=None op=400000 source=jquants reason=FY行で sales+gp が共に None（不完全行）
[08:28:01]   QUARANTINE: 1972 2020-03-31 FY sales=None gp=None op=0 source=jquants reason=FY行で sales+gp が共に None（不完全行）
[08:28:01]   QUARANTINE: 6558 2020-11-30 FY sales=None gp=None op=300 source=jquants reason=FY行で sales+gp が共に None（不完全行）
[08:28:01]   QUARANTINE: 2175 2021-03-31 FY sales=None gp=None op=0 source=jquants reason=FY行で sales+gp が共に None（不完全行）
[08:28:01]   QUARANTINE: 2175 2022-03-31 FY sales=None gp=None op=0 source=jquants reason=FY行で sales+gp が共に None（不完全行）
[08:28:01]   QUARANTINE: 2175 2020-03-31 FY sales=None gp=None op=0 source=jquants reason=FY行で sales+gp が共に None（不完全行）
[08:28:01]   QUARANTINE: 7523 2021-03-31 FY sales=None gp=None op=0 source=jquants reason=FY行で sales+gp が共に None（不完全行）
[08:28:01]   QUARANTINE: 9268 2027-03-31 FY sales=None gp=None op=10300 source=jquants reason=FY行で sales+gp が共に None（不完全行）
[08:28:01]   QUARANTINE: 7987 2021-03-31 FY sales=None gp=None op=0 source=jquants reason=FY行で sales+gp が共に None（不完全行）
[08:28:01]   QUARANTINE: 5411 2020-03-31 FY sales=None gp=None op=0 source=jquants reason=FY行で sales+gp が共に None（不完全行）
[08:28:01]   QUARANTINE: 6035 2027-03-31 FY sales=None gp=None op=6000 source=jquants reason=FY行で sales+gp が共に None（不完全行）
[08:28:01]   QUARANTINE: 4188 2020-03-31 FY sales=None gp=None op=0 source=jquants reason=FY行で sales+gp が共に None（不完全行）
[08:28:01]   QUARANTINE: 2722 2023-05-31 FY sales=None gp=None op=0 source=jquants reason=FY行で sales+gp が共に None（不完全行）
[08:28:01]   QUARANTINE: 7928 2022-08-31 FY sales=None gp=None op=0 source=jquants reason=FY行で sales+gp が共に None（不完全行）
[08:28:01]   QUARANTINE: 9064 2020-03-31 FY sales=None gp=None op=0 source=jquants reason=FY行で sales+gp が共に None（不完全行）
[08:28:01]   QUARANTINE: 1959 2020-03-31 FY sales=None gp=None op=0 source=jquants reason=FY行で sales+gp が共に None（不完全行）
[08:28:01]   QUARANTINE: 4116 2020-03-31 FY sales=None gp=None op=0 source=jquants reason=FY行で sales+gp が共に None（不完全行）
[08:28:01]   QUARANTINE: 9691 2028-03-31 FY sales=None gp=None op=1600 source=jquants reason=FY行で sales+gp が共に None（不完全行）
[08:28:01]   QUARANTINE: 7375 2020-06-30 FY sales=None gp=None op=0 source=jquants reason=FY行で sales+gp が共に None（不完全行）
[08:28:01]   QUARANTINE: 7741 2026-03-31 FY sales=None gp=None op=324000 source=jquants reason=FY行で sales+gp が共に None（不完全行）
[08:28:01]   QUARANTINE: 5013 2020-03-31 FY sales=None gp=None op=0 source=jquants reason=FY行で sales+gp が共に None（不完全行）
[08:28:01]   QUARANTINE: 6737 2028-03-31 FY sales=None gp=None op=0 source=jquants reason=FY行で sales+gp が共に None（不完全行）
[08:28:01]   QUARANTINE: 6737 2026-03-31 FY sales=None gp=None op=0 source=jquants reason=FY行で sales+gp が共に None（不完全行）
[08:28:01]   QUARANTINE: 3467 2020-03-31 FY sales=None gp=None op=0 source=jquants reason=FY行で sales+gp が共に None（不完全行）
[08:28:01]   QUARANTINE: 3417 2020-03-31 FY sales=None gp=None op=0 source=jquants reason=FY行で sales+gp が共に None（不完全行）
[08:28:01]   QUARANTINE: 6988 2022-03-31 FY sales=None gp=None op=0 source=jquants reason=FY行で sales+gp が共に None（不完全行）
[08:28:01]   QUARANTINE: 7196 2023-01-31 FY sales=None gp=None op=0 source=jquants reason=FY行で sales+gp が共に None（不完全行）
[08:28:01]   QUARANTINE: 2359 2028-03-31 FY sales=None gp=None op=3500 source=jquants reason=FY行で sales+gp が共に None（不完全行）
[08:28:01]   QUARANTINE: 2359 2027-03-31 FY sales=None gp=None op=3500 source=jquants reason=FY行で sales+gp が共に None（不完全行）
[08:28:01]   QUARANTINE: 6164 2027-12-31 FY sales=None gp=None op=0 source=jquants reason=FY行で sales+gp が共に None（不完全行）
[08:28:01]   QUARANTINE: 6164 2026-12-31 FY sales=None gp=None op=0 source=jquants reason=FY行で sales+gp が共に None（不完全行）
[08:28:01]   QUARANTINE: 6029 2025-12-31 FY sales=None gp=None op=120 source=jquants reason=FY行で sales+gp が共に None（不完全行）
[08:28:01]   QUARANTINE: 3073 2020-02-29 FY sales=None gp=None op=0 source=jquants reason=FY行で sales+gp が共に None（不完全行）
[08:28:01]   QUARANTINE: 4320 2021-09-30 FY sales=None gp=None op=0 source=jquants reason=FY行で sales+gp が共に None（不完全行）
[08:28:01]   QUARANTINE: 3733 2020-10-31 FY sales=None gp=None op=0 source=jquants reason=FY行で sales+gp が共に None（不完全行）
[08:28:01]   QUARANTINE: 6571 2021-06-30 FY sales=None gp=None op=0 source=jquants reason=FY行で sales+gp が共に None（不完全行）
[08:28:01]   QUARANTINE: 6571 2020-03-31 FY sales=None gp=None op=0 source=jquants reason=FY行で sales+gp が共に None（不完全行）
[08:28:01]   QUARANTINE: 6566 2020-03-31 FY sales=None gp=None op=0 source=jquants reason=FY行で sales+gp が共に None（不完全行）
[08:28:01]   QUARANTINE: 4220 2022-03-31 FY sales=None gp=None op=0 source=jquants reason=FY行で sales+gp が共に None（不完全行）
[08:28:01]   QUARANTINE: 7172 2019-03-31 FY sales=None gp=None op=0 source=jquants reason=FY行で sales+gp が共に None（不完全行）
[08:28:01]   QUARANTINE: 6871 2026-12-31 FY sales=None gp=None op=20000 source=jquants reason=FY行で sales+gp が共に None（不完全行）
[08:28:01]   QUARANTINE: 6871 2028-12-31 FY sales=None gp=None op=4500 source=jquants reason=FY行で sales+gp が共に None（不完全行）
[08:28:01]   QUARANTINE: 9939 2020-03-31 FY sales=None gp=None op=0 source=jquants reason=FY行で sales+gp が共に None（不完全行）
[08:28:01]   QUARANTINE: 7116 2021-03-31 FY sales=None gp=None op=0 source=jquants reason=FY行で sales+gp が共に None（不完全行）
[08:28:01]   QUARANTINE: 4061 2020-03-31 FY sales=None gp=None op=0 source=jquants reason=FY行で sales+gp が共に None（不完全行）
[08:28:01]   QUARANTINE: 9325 2020-03-31 FY sales=None gp=None op=0 source=jquants reason=FY行で sales+gp が共に None（不完全行）
[08:28:01]   QUARANTINE: 2585 2020-03-31 FY sales=None gp=None op=0 source=jquants reason=FY行で sales+gp が共に None（不完全行）
[08:28:01]   QUARANTINE: 6195 2020-06-30 FY sales=None gp=None op=0 source=jquants reason=FY行で sales+gp が共に None（不完全行）
[08:28:01]   QUARANTINE: 3673 2026-12-31 FY sales=None gp=None op=4800 source=jquants reason=FY行で sales+gp が共に None（不完全行）
[08:28:01]   QUARANTINE: 7140 2020-03-31 FY sales=None gp=None op=0 source=jquants reason=FY行で sales+gp が共に None（不完全行）
[08:28:01]   QUARANTINE: 5028 2020-03-31 FY sales=None gp=None op=0 source=jquants reason=FY行で sales+gp が共に None（不完全行）
[08:28:01]   QUARANTINE: 1605 2022-05-31 FY sales=None gp=None op=0 source=jquants reason=FY行で sales+gp が共に None（不完全行）
[08:28:01]   QUARANTINE: 5711 2020-03-31 FY sales=None gp=None op=0 source=jquants reason=FY行で sales+gp が共に None（不完全行）
[08:28:01]   QUARANTINE: 4381 2022-03-31 FY sales=None gp=None op=0 source=jquants reason=FY行で sales+gp が共に None（不完全行）
[08:28:01]   QUARANTINE: 6562 2019-03-31 FY sales=None gp=None op=0 source=jquants reason=FY行で sales+gp が共に None（不完全行）
[08:28:01]   QUARANTINE: 6033 2020-03-31 FY sales=None gp=None op=0 source=jquants reason=FY行で sales+gp が共に None（不完全行）
[08:28:01]   QUARANTINE: 1712 2020-03-31 FY sales=None gp=None op=0 source=jquants reason=FY行で sales+gp が共に None（不完全行）
[08:28:01]   QUARANTINE: 3979 2021-03-31 FY sales=None gp=None op=0 source=jquants reason=FY行で sales+gp が共に None（不完全行）
[08:28:01]   QUARANTINE: 2415 2022-03-31 FY sales=None gp=None op=0 source=jquants reason=FY行で sales+gp が共に None（不完全行）
[08:28:01]   QUARANTINE: 2415 2023-03-31 FY sales=None gp=None op=0 source=jquants reason=FY行で sales+gp が共に None（不完全行）
[08:28:01]   QUARANTINE: 1992 2026-03-31 FY sales=None gp=None op=380 source=jquants reason=FY行で sales+gp が共に None（不完全行）
[08:28:01]   QUARANTINE: 1992 2019-03-31 FY sales=None gp=None op=0 source=jquants reason=FY行で sales+gp が共に None（不完全行）
[08:28:01]   QUARANTINE: 3137 2021-03-31 FY sales=None gp=None op=0 source=jquants reason=FY行で sales+gp が共に None（不完全行）
[08:28:01]   QUARANTINE: 9273 2019-06-30 FY sales=None gp=None op=0 source=jquants reason=FY行で sales+gp が共に None（不完全行）
[08:28:01]   QUARANTINE: 6580 2020-03-31 FY sales=None gp=None op=0 source=jquants reason=FY行で sales+gp が共に None（不完全行）
[08:28:01]   QUARANTINE: 4388 2021-03-31 FY sales=None gp=None op=0 source=jquants reason=FY行で sales+gp が共に None（不完全行）
[08:28:01]   QUARANTINE: 5834 2020-03-31 FY sales=None gp=None op=0 source=jquants reason=FY行で sales+gp が共に None（不完全行）
[08:28:01]   QUARANTINE: 3491 2021-10-31 FY sales=None gp=None op=0 source=jquants reason=FY行で sales+gp が共に None（不完全行）
[08:28:01]   QUARANTINE: 4394 2019-11-30 FY sales=None gp=None op=0 source=jquants reason=FY行で sales+gp が共に None（不完全行）
[08:28:01]   QUARANTINE: 5659 2028-03-31 FY sales=None gp=None op=4000 source=jquants reason=FY行で sales+gp が共に None（不完全行）
[08:28:01]   QUARANTINE: 9782 2023-03-31 FY sales=None gp=None op=0 source=jquants reason=FY行で sales+gp が共に None（不完全行）
[08:28:01]   QUARANTINE: 5352 2019-03-31 FY sales=None gp=None op=0 source=jquants reason=FY行で sales+gp が共に None（不完全行）
[08:28:01]   QUARANTINE: 5352 2020-03-31 FY sales=None gp=None op=0 source=jquants reason=FY行で sales+gp が共に None（不完全行）
[08:28:01]   QUARANTINE: 4709 2020-03-31 FY sales=None gp=None op=0 source=jquants reason=FY行で sales+gp が共に None（不完全行）
[08:28:01]   QUARANTINE: 6005 2020-03-31 FY sales=None gp=None op=0 source=jquants reason=FY行で sales+gp が共に None（不完全行）
[08:28:01]   QUARANTINE: 7192 2020-03-31 FY sales=None gp=None op=0 source=jquants reason=FY行で sales+gp が共に None（不完全行）
[08:28:01]   QUARANTINE: 6544 2019-03-31 FY sales=None gp=None op=0 source=jquants reason=FY行で sales+gp が共に None（不完全行）
[08:28:01]   QUARANTINE: 3800 2021-03-31 FY sales=None gp=None op=0 source=jquants reason=FY行で sales+gp が共に None（不完全行）
[08:28:01]   QUARANTINE: 6118 2020-03-31 FY sales=None gp=None op=0 source=jquants reason=FY行で sales+gp が共に None（不完全行）
[08:28:01]   QUARANTINE: 6118 2028-03-31 FY sales=None gp=None op=0 source=jquants reason=FY行で sales+gp が共に None（不完全行）
[08:28:01]   QUARANTINE: 3937 2028-03-31 FY sales=None gp=None op=1351 source=jquants reason=FY行で sales+gp が共に None（不完全行）
[08:28:01]   QUARANTINE: 3937 2027-03-31 FY sales=None gp=None op=1351 source=jquants reason=FY行で sales+gp が共に None（不完全行）
[08:28:01]   QUARANTINE: 3937 2021-03-31 FY sales=None gp=None op=0 source=jquants reason=FY行で sales+gp が共に None（不完全行）
[08:28:01]   QUARANTINE: 3628 2027-06-30 FY sales=None gp=None op=400 source=jquants reason=FY行で sales+gp が共に None（不完全行）
[08:28:01]   QUARANTINE: 3628 2020-06-30 FY sales=None gp=None op=0 source=jquants reason=FY行で sales+gp が共に None（不完全行）
[08:28:01]   QUARANTINE: 6578 2021-03-31 FY sales=None gp=None op=0 source=jquants reason=FY行で sales+gp が共に None（不完全行）
[08:28:01]   QUARANTINE: 7254 2020-03-31 FY sales=None gp=None op=0 source=jquants reason=FY行で sales+gp が共に None（不完全行）
[08:28:01]   QUARANTINE: 7715 2020-03-31 FY sales=None gp=None op=0 source=jquants reason=FY行で sales+gp が共に None（不完全行）
[08:28:01]   QUARANTINE: 7715 2028-03-31 FY sales=None gp=None op=0 source=jquants reason=FY行で sales+gp が共に None（不完全行）
[08:28:01]   QUARANTINE: 7277 2020-03-31 FY sales=None gp=None op=0 source=jquants reason=FY行で sales+gp が共に None（不完全行）
[08:28:01]   QUARANTINE: 7277 2029-03-31 FY sales=None gp=None op=800 source=jquants reason=FY行で sales+gp が共に None（不完全行）
[08:28:01]   QUARANTINE: 3984 2020-06-30 FY sales=None gp=None op=0 source=jquants reason=FY行で sales+gp が共に None（不完全行）
[08:28:01]   QUARANTINE: 7004 2019-03-31 FY sales=None gp=None op=0 source=jquants reason=FY行で sales+gp が共に None（不完全行）
[08:28:01]   QUARANTINE: 7004 2020-03-31 FY sales=None gp=None op=0 source=jquants reason=FY行で sales+gp が共に None（不完全行）
[08:28:01]   QUARANTINE: 5138 2020-03-31 FY sales=None gp=None op=0 source=jquants reason=FY行で sales+gp が共に None（不完全行）
[08:28:01]   QUARANTINE: 4892 2022-03-31 FY sales=None gp=None op=0 source=jquants reason=FY行で sales+gp が共に None（不完全行）
[08:28:01]   QUARANTINE: 4892 2023-03-31 FY sales=None gp=None op=0 source=jquants reason=FY行で sales+gp が共に None（不完全行）
[08:28:01]   QUARANTINE: 4892 2025-03-31 FY sales=None gp=None op=0 source=jquants reason=FY行で sales+gp が共に None（不完全行）
[08:28:01]   QUARANTINE: 2999 2020-03-31 FY sales=None gp=None op=0 source=jquants reason=FY行で sales+gp が共に None（不完全行）
[08:28:01]   QUARANTINE: 9227 2020-03-31 FY sales=None gp=None op=0 source=jquants reason=FY行で sales+gp が共に None（不完全行）
[08:28:01]   QUARANTINE: 4662 2028-03-31 FY sales=None gp=None op=2660 source=jquants reason=FY行で sales+gp が共に None（不完全行）
[08:28:01]   QUARANTINE: 4662 2027-03-31 FY sales=None gp=None op=2660 source=jquants reason=FY行で sales+gp が共に None（不完全行）
[08:28:01]   QUARANTINE: 5704 2027-12-31 FY sales=None gp=None op=205 source=jquants reason=FY行で sales+gp が共に None（不完全行）
[08:28:01]   QUARANTINE: 5704 2020-12-31 FY sales=None gp=None op=0 source=jquants reason=FY行で sales+gp が共に None（不完全行）
[08:28:01]   QUARANTINE: 7231 2027-03-31 FY sales=None gp=None op=13000 source=jquants reason=FY行で sales+gp が共に None（不完全行）
[08:28:01]   QUARANTINE: 1803 2021-03-31 FY sales=None gp=None op=0 source=jquants reason=FY行で sales+gp が共に None（不完全行）
[08:28:01]   QUARANTINE: 4255 2027-12-31 FY sales=None gp=None op=300 source=jquants reason=FY行で sales+gp が共に None（不完全行）
[08:28:01]   QUARANTINE: 4397 2022-08-31 FY sales=None gp=None op=0 source=jquants reason=FY行で sales+gp が共に None（不完全行）
[08:28:01]   QUARANTINE: 2353 2027-03-31 FY sales=None gp=None op=8500 source=jquants reason=FY行で sales+gp が共に None（不完全行）
[08:28:01]   QUARANTINE: 2353 2019-07-31 FY sales=None gp=None op=0 source=jquants reason=FY行で sales+gp が共に None（不完全行）
[08:28:01]   QUARANTINE: 4666 2028-10-31 FY sales=None gp=None op=27000 source=jquants reason=FY行で sales+gp が共に None（不完全行）
[08:28:01]   QUARANTINE: 4556 2028-03-31 FY sales=None gp=None op=450 source=jquants reason=FY行で sales+gp が共に None（不完全行）
[08:28:01]   QUARANTINE: 4556 2021-03-31 FY sales=None gp=None op=650 source=jquants reason=FY行で sales+gp が共に None（不完全行）
[08:28:01]   QUARANTINE: 4718 2023-03-31 FY sales=None gp=None op=0 source=jquants reason=FY行で sales+gp が共に None（不完全行）
[08:28:01]   QUARANTINE: 7030 2022-09-30 FY sales=None gp=None op=1477 source=jquants reason=FY行で sales+gp が共に None（不完全行）
[08:28:01]   QUARANTINE: 7030 2020-09-30 FY sales=None gp=None op=0 source=jquants reason=FY行で sales+gp が共に None（不完全行）
[08:28:01]   QUARANTINE: 7564 2020-03-31 FY sales=None gp=None op=0 source=jquants reason=FY行で sales+gp が共に None（不完全行）
[08:28:01]   QUARANTINE: 6800 2022-03-31 FY sales=None gp=None op=4350 source=jquants reason=FY行で sales+gp が共に None（不完全行）
[08:28:01]   QUARANTINE: 9508 2022-03-31 FY sales=None gp=None op=0 source=jquants reason=FY行で sales+gp が共に None（不完全行）
[08:28:01]   QUARANTINE: 9508 2023-03-31 FY sales=None gp=None op=0 source=jquants reason=FY行で sales+gp が共に None（不完全行）
[08:28:01]   QUARANTINE: 9508 2024-03-31 FY sales=None gp=None op=0 source=jquants reason=FY行で sales+gp が共に None（不完全行）
[08:28:01]   QUARANTINE: 9508 2025-03-31 FY sales=None gp=None op=-72988 source=jquants reason=FY行で sales+gp が共に None（不完全行）
[08:28:01]   QUARANTINE: 9503 2020-03-31 FY sales=None gp=None op=0 source=jquants reason=FY行で sales+gp が共に None（不完全行）
[08:28:01]   QUARANTINE: 3917 2020-03-31 FY sales=None gp=None op=0 source=jquants reason=FY行で sales+gp が共に None（不完全行）
[08:28:01]   QUARANTINE: 6379 2020-03-31 FY sales=None gp=None op=0 source=jquants reason=FY行で sales+gp が共に None（不完全行）
[08:28:01]   QUARANTINE: 7805 2026-08-31 FY sales=None gp=None op=0 source=jquants reason=FY行で sales+gp が共に None（不完全行）
[08:28:01]   QUARANTINE: 7805 2024-08-31 FY sales=None gp=None op=0 source=jquants reason=FY行で sales+gp が共に None（不完全行）
[08:28:01]   QUARANTINE: 8570 2022-03-31 FY sales=None gp=None op=0 source=jquants reason=FY行で sales+gp が共に None（不完全行）
[08:28:01]   QUARANTINE: 4384 2019-07-31 FY sales=None gp=None op=0 source=jquants reason=FY行で sales+gp が共に None（不完全行）
[08:28:01]   QUARANTINE: 6579 2021-03-31 FY sales=None gp=None op=0 source=jquants reason=FY行で sales+gp が共に None（不完全行）
[08:28:01]   QUARANTINE: 3969 2022-03-31 FY sales=None gp=None op=0 source=jquants reason=FY行で sales+gp が共に None（不完全行）
[08:28:01]   QUARANTINE: 3969 2021-03-31 FY sales=None gp=None op=0 source=jquants reason=FY行で sales+gp が共に None（不完全行）
[08:28:01]   QUARANTINE: 3920 2021-09-30 FY sales=None gp=None op=0 source=jquants reason=FY行で sales+gp が共に None（不完全行）
[08:28:01]   QUARANTINE: 2784 2020-03-31 FY sales=None gp=None op=0 source=jquants reason=FY行で sales+gp が共に None（不完全行）
[08:28:01]   QUARANTINE: 9698 2028-03-31 FY sales=None gp=None op=0 source=jquants reason=FY行で sales+gp が共に None（不完全行）
[08:28:01]   QUARANTINE: 5210 2020-03-31 FY sales=None gp=None op=0 source=jquants reason=FY行で sales+gp が共に None（不完全行）
[08:28:01]   QUARANTINE: 4044 2022-03-31 FY sales=None gp=None op=0 source=jquants reason=FY行で sales+gp が共に None（不完全行）
[08:28:01]   QUARANTINE: 4044 2021-03-31 FY sales=None gp=None op=0 source=jquants reason=FY行で sales+gp が共に None（不完全行）
[08:28:01]   QUARANTINE: 4812 2020-12-31 FY sales=None gp=None op=0 source=jquants reason=FY行で sales+gp が共に None（不完全行）
[08:28:01]   QUARANTINE: 7042 2028-09-30 FY sales=None gp=None op=0 source=jquants reason=FY行で sales+gp が共に None（不完全行）
[08:28:01]   QUARANTINE: 3776 2020-12-31 FY sales=None gp=None op=0 source=jquants reason=FY行で sales+gp が共に None（不完全行）
[08:28:01]   QUARANTINE: 2173 2028-12-31 FY sales=None gp=None op=1700 source=jquants reason=FY行で sales+gp が共に None（不完全行）
[08:28:01]   QUARANTINE: 2173 2027-12-31 FY sales=None gp=None op=1700 source=jquants reason=FY行で sales+gp が共に None（不完全行）
[08:28:01]   QUARANTINE: 2173 2026-12-31 FY sales=None gp=None op=1700 source=jquants reason=FY行で sales+gp が共に None（不完全行）
[08:28:01]   QUARANTINE: 3461 2026-09-30 FY sales=None gp=None op=370 source=jquants reason=FY行で sales+gp が共に None（不完全行）
[08:28:01]   QUARANTINE: 3461 2021-09-30 FY sales=None gp=None op=410 source=jquants reason=FY行で sales+gp が共に None（不完全行）
[08:28:01]   QUARANTINE: 3681 2020-03-31 FY sales=None gp=None op=0 source=jquants reason=FY行で sales+gp が共に None（不完全行）
[08:28:01]   QUARANTINE: 3962 2023-03-31 FY sales=None gp=None op=5571 source=jquants reason=FY行で sales+gp が共に None（不完全行）
[08:28:01]   QUARANTINE: 8088 2028-03-31 FY sales=None gp=None op=0 source=jquants reason=FY行で sales+gp が共に None（不完全行）
[08:28:01]   QUARANTINE: 5726 2019-03-31 FY sales=None gp=None op=0 source=jquants reason=FY行で sales+gp が共に None（不完全行）
[08:28:01]   QUARANTINE: 5726 2020-03-31 FY sales=None gp=None op=0 source=jquants reason=FY行で sales+gp が共に None（不完全行）
[08:28:01]   QUARANTINE: 6238 2027-03-31 FY sales=None gp=None op=0 source=jquants reason=FY行で sales+gp が共に None（不完全行）
[08:28:01]   QUARANTINE: 7860 2026-03-31 FY sales=None gp=None op=3000 source=jquants reason=FY行で sales+gp が共に None（不完全行）
[08:28:01]   QUARANTINE: 7860 2028-03-31 FY sales=None gp=None op=3000 source=jquants reason=FY行で sales+gp が共に None（不完全行）
[08:28:01]   QUARANTINE: 6824 2028-03-31 FY sales=None gp=None op=5600 source=jquants reason=FY行で sales+gp が共に None（不完全行）
[08:28:01]   QUARANTINE: 6824 2027-03-31 FY sales=None gp=None op=5600 source=jquants reason=FY行で sales+gp が共に None（不完全行）
[08:28:01]   QUARANTINE: 3853 2024-03-31 FY sales=None gp=None op=-3642 source=jquants reason=FY行で sales+gp が共に None（不完全行）
[08:28:01]   QUARANTINE: 4885 2020-03-31 FY sales=None gp=None op=0 source=jquants reason=FY行で sales+gp が共に None（不完全行）
[08:28:01]   QUARANTINE: 2437 2020-03-31 FY sales=None gp=None op=0 source=jquants reason=FY行で sales+gp が共に None（不完全行）
[08:28:01]   QUARANTINE: 6619 2028-01-31 FY sales=None gp=None op=4000 source=jquants reason=FY行で sales+gp が共に None（不完全行）
[08:28:01]   QUARANTINE: 4424 2021-09-30 FY sales=None gp=None op=900 source=jquants reason=FY行で sales+gp が共に None（不完全行）
[08:28:01]   QUARANTINE: 4427 2029-03-31 FY sales=None gp=None op=0 source=jquants reason=FY行で sales+gp が共に None（不完全行）
[08:28:01]   QUARANTINE: 3994 2026-11-30 FY sales=None gp=None op=-6329 source=jquants reason=FY行で sales+gp が共に None（不完全行）
[08:28:01]   QUARANTINE: 6563 2019-09-30 FY sales=None gp=None op=0 source=jquants reason=FY行で sales+gp が共に None（不完全行）
[08:28:01]   QUARANTINE: 5929 2020-03-31 FY sales=None gp=None op=0 source=jquants reason=FY行で sales+gp が共に None（不完全行）
[08:28:01]   QUARANTINE: 4686 2026-03-31 FY sales=None gp=None op=1 source=jquants reason=FY行で sales+gp が共に None（不完全行）
[08:28:01]   QUARANTINE: 4428 2020-12-31 FY sales=None gp=None op=0 source=jquants reason=FY行で sales+gp が共に None（不完全行）
[08:28:01]   QUARANTINE: 6200 2022-09-30 FY sales=None gp=None op=2400 source=jquants reason=FY行で sales+gp が共に None（不完全行）
[08:28:01]   QUARANTINE: 4825 2022-05-31 FY sales=None gp=None op=0 source=jquants reason=FY行で sales+gp が共に None（不完全行）
[08:28:01]   QUARANTINE: 4825 2020-05-31 FY sales=None gp=None op=0 source=jquants reason=FY行で sales+gp が共に None（不完全行）
[08:28:01]   QUARANTINE: 4465 2028-03-31 FY sales=None gp=None op=0 source=jquants reason=FY行で sales+gp が共に None（不完全行）
[08:28:01]   QUARANTINE: 8285 2028-03-31 FY sales=None gp=None op=2020 source=jquants reason=FY行で sales+gp が共に None（不完全行）
[08:28:01]   QUARANTINE: 4393 2020-09-30 FY sales=None gp=None op=0 source=jquants reason=FY行で sales+gp が共に None（不完全行）
[08:28:01]   QUARANTINE: 7674 2022-06-30 FY sales=None gp=None op=0 source=jquants reason=FY行で sales+gp が共に None（不完全行）
[08:28:01]   QUARANTINE: 6912 2020-03-31 FY sales=None gp=None op=1680 source=jquants reason=FY行で sales+gp が共に None（不完全行）
[08:28:01]   QUARANTINE: 6182 2026-02-28 FY sales=None gp=None op=0 source=jquants reason=FY行で sales+gp が共に None（不完全行）
[08:28:01]   QUARANTINE: 6182 2025-02-28 FY sales=None gp=None op=0 source=jquants reason=FY行で sales+gp が共に None（不完全行）
[08:28:01]   QUARANTINE: 6182 2020-02-29 FY sales=None gp=None op=0 source=jquants reason=FY行で sales+gp が共に None（不完全行）
[08:28:01]   QUARANTINE: 6840 2020-03-31 FY sales=None gp=None op=0 source=jquants reason=FY行で sales+gp が共に None（不完全行）
[08:28:01]   QUARANTINE: 2301 2026-10-31 FY sales=None gp=None op=3250 source=jquants reason=FY行で sales+gp が共に None（不完全行）
[08:28:01]   QUARANTINE: 4435 2020-03-31 FY sales=None gp=None op=0 source=jquants reason=FY行で sales+gp が共に None（不完全行）
[08:28:01]   QUARANTINE: 7127 2028-03-31 FY sales=None gp=None op=0 source=jquants reason=FY行で sales+gp が共に None（不完全行）
[08:28:01]   QUARANTINE: 7062 2021-03-31 FY sales=None gp=None op=0 source=jquants reason=FY行で sales+gp が共に None（不完全行）
[08:28:01]   QUARANTINE: 7314 2020-03-31 FY sales=None gp=None op=0 source=jquants reason=FY行で sales+gp が共に None（不完全行）
[08:28:01]   QUARANTINE: 6734 2020-03-31 FY sales=None gp=None op=0 source=jquants reason=FY行で sales+gp が共に None（不完全行）
[08:28:01]   QUARANTINE: 6734 2024-03-31 FY sales=None gp=None op=0 source=jquants reason=FY行で sales+gp が共に None（不完全行）
[08:28:01]   QUARANTINE: 3608 2028-03-31 FY sales=None gp=None op=3 source=jquants reason=FY行で sales+gp が共に None（不完全行）
[08:28:01]   QUARANTINE: 9347 2022-03-31 FY sales=None gp=None op=0 source=jquants reason=FY行で sales+gp が共に None（不完全行）
[08:28:01]   QUARANTINE: 3479 2022-03-31 FY sales=None gp=None op=0 source=jquants reason=FY行で sales+gp が共に None（不完全行）
[08:28:01]   QUARANTINE: 9474 2021-03-31 FY sales=None gp=None op=0 source=jquants reason=FY行で sales+gp が共に None（不完全行）
[08:28:01]   QUARANTINE: 3784 2023-12-31 FY sales=None gp=None op=0 source=jquants reason=FY行で sales+gp が共に None（不完全行）
[08:28:01]   QUARANTINE: 3784 2023-03-31 FY sales=None gp=None op=0 source=jquants reason=FY行で sales+gp が共に None（不完全行）
[08:28:01]   QUARANTINE: 4259 2020-03-31 FY sales=None gp=None op=0 source=jquants reason=FY行で sales+gp が共に None（不完全行）
[08:28:01]   QUARANTINE: 4265 2020-03-31 FY sales=None gp=None op=0 source=jquants reason=FY行で sales+gp が共に None（不完全行）
[08:28:01]   QUARANTINE: 7343 2020-03-31 FY sales=None gp=None op=0 source=jquants reason=FY行で sales+gp が共に None（不完全行）
[08:28:01]   QUARANTINE: 9450 2021-03-31 FY sales=None gp=None op=0 source=jquants reason=FY行で sales+gp が共に None（不完全行）
[08:28:01]   QUARANTINE: 9450 2020-03-31 FY sales=None gp=None op=0 source=jquants reason=FY行で sales+gp が共に None（不完全行）
[08:28:01]   QUARANTINE: 3799 2022-03-31 FY sales=None gp=None op=0 source=jquants reason=FY行で sales+gp が共に None（不完全行）
[08:28:01]   QUARANTINE: 8074 2020-03-31 FY sales=None gp=None op=0 source=jquants reason=FY行で sales+gp が共に None（不完全行）
[08:28:01]   QUARANTINE: 3591 2020-03-31 FY sales=None gp=None op=0 source=jquants reason=FY行で sales+gp が共に None（不完全行）
[08:28:01]   QUARANTINE: 3598 2020-03-31 FY sales=None gp=None op=0 source=jquants reason=FY行で sales+gp が共に None（不完全行）
[08:28:01]   QUARANTINE: 4387 2024-03-31 FY sales=None gp=None op=0 source=jquants reason=FY行で sales+gp が共に None（不完全行）
[08:28:01]   QUARANTINE: 2158 2028-03-31 FY sales=None gp=None op=400 source=jquants reason=FY行で sales+gp が共に None（不完全行）
[08:28:01]   QUARANTINE: 7085 2028-08-31 FY sales=None gp=None op=3700 source=jquants reason=FY行で sales+gp が共に None（不完全行）
[08:28:01]   QUARANTINE: 4310 2024-03-31 FY sales=None gp=None op=0 source=jquants reason=FY行で sales+gp が共に None（不完全行）
[08:28:01]   QUARANTINE: 4310 2025-03-31 FY sales=None gp=None op=17 source=jquants reason=FY行で sales+gp が共に None（不完全行）
[08:28:01]   QUARANTINE: 6748 2020-03-31 FY sales=None gp=None op=113 source=jquants reason=FY行で sales+gp が共に None（不完全行）
[08:28:01]   QUARANTINE: 7940 2020-03-31 FY sales=None gp=None op=0 source=jquants reason=FY行で sales+gp が共に None（不完全行）
[08:28:01]   QUARANTINE: 1871 2020-03-31 FY sales=None gp=None op=0 source=jquants reason=FY行で sales+gp が共に None（不完全行）
[08:28:01]   QUARANTINE: 3123 2019-03-31 FY sales=None gp=None op=0 source=jquants reason=FY行で sales+gp が共に None（不完全行）
[08:28:01]   QUARANTINE: 3123 2020-03-31 FY sales=None gp=None op=0 source=jquants reason=FY行で sales+gp が共に None（不完全行）
[08:28:01]   QUARANTINE: 4613 2020-03-31 FY sales=None gp=None op=0 source=jquants reason=FY行で sales+gp が共に None（不完全行）
[08:28:01]   QUARANTINE: 3772 2020-03-31 FY sales=None gp=None op=0 source=jquants reason=FY行で sales+gp が共に None（不完全行）
[08:28:01]   QUARANTINE: 6633 2020-03-31 FY sales=None gp=None op=0 source=jquants reason=FY行で sales+gp が共に None（不完全行）
[08:28:01]   QUARANTINE: 5971 2023-03-31 FY sales=None gp=None op=0 source=jquants reason=FY行で sales+gp が共に None（不完全行）
[08:28:01]   QUARANTINE: 1961 2020-03-31 FY sales=None gp=None op=0 source=jquants reason=FY行で sales+gp が共に None（不完全行）
[08:28:01]   QUARANTINE: 4418 2020-03-31 FY sales=None gp=None op=0 source=jquants reason=FY行で sales+gp が共に None（不完全行）
[08:28:01]   QUARANTINE: 4417 2020-03-31 FY sales=None gp=None op=0 source=jquants reason=FY行で sales+gp が共に None（不完全行）
[08:28:01]   QUARANTINE: 4417 2021-03-31 FY sales=None gp=None op=0 source=jquants reason=FY行で sales+gp が共に None（不完全行）
[08:28:01]   QUARANTINE: 1417 2021-03-31 FY sales=None gp=None op=21500 source=jquants reason=FY行で sales+gp が共に None（不完全行）
[08:28:01]   QUARANTINE: 5903 2024-06-30 FY sales=None gp=None op=0 source=jquants reason=FY行で sales+gp が共に None（不完全行）
[08:28:01]   QUARANTINE: 6060 2020-03-31 FY sales=None gp=None op=0 source=jquants reason=FY行で sales+gp が共に None（不完全行）
[08:28:01]   QUARANTINE: 2004 2020-03-31 FY sales=None gp=None op=0 source=jquants reason=FY行で sales+gp が共に None（不完全行）
[08:28:01]   QUARANTINE: 4752 2019-03-31 FY sales=None gp=None op=0 source=jquants reason=FY行で sales+gp が共に None（不完全行）
[08:28:01]   QUARANTINE: 4752 2020-03-31 FY sales=None gp=None op=0 source=jquants reason=FY行で sales+gp が共に None（不完全行）
[08:28:01]   QUARANTINE: 6366 2020-03-31 FY sales=None gp=None op=0 source=jquants reason=FY行で sales+gp が共に None（不完全行）
[08:28:01]   QUARANTINE: 9768 2020-03-31 FY sales=None gp=None op=0 source=jquants reason=FY行で sales+gp が共に None（不完全行）
[08:28:01]   QUARANTINE: 9755 2020-12-31 FY sales=None gp=None op=0 source=jquants reason=FY行で sales+gp が共に None（不完全行）
[08:28:01]   QUARANTINE: 7446 2021-09-30 FY sales=None gp=None op=0 source=jquants reason=FY行で sales+gp が共に None（不完全行）
[08:28:01]   QUARANTINE: 7446 2028-03-31 FY sales=None gp=None op=390 source=jquants reason=FY行で sales+gp が共に None（不完全行）
[08:28:01]   QUARANTINE: 8057 2020-07-31 FY sales=None gp=None op=0 source=jquants reason=FY行で sales+gp が共に None（不完全行）
[08:28:01]   QUARANTINE: 8057 2021-07-31 FY sales=None gp=None op=0 source=jquants reason=FY行で sales+gp が共に None（不完全行）
[08:28:01]   QUARANTINE: 6703 2020-03-31 FY sales=None gp=None op=0 source=jquants reason=FY行で sales+gp が共に None（不完全行）
[08:28:01]   QUARANTINE: 7080 2028-12-31 FY sales=None gp=None op=828 source=jquants reason=FY行で sales+gp が共に None（不完全行）
[08:28:01]   QUARANTINE: 6721 2023-03-31 FY sales=None gp=None op=0 source=jquants reason=FY行で sales+gp が共に None（不完全行）
[08:28:01]   QUARANTINE: 3626 2028-03-31 FY sales=None gp=None op=0 source=jquants reason=FY行で sales+gp が共に None（不完全行）
[08:28:01]   QUARANTINE: 9553 2020-03-31 FY sales=None gp=None op=0 source=jquants reason=FY行で sales+gp が共に None（不完全行）
[08:28:01]   QUARANTINE: 3333 2020-03-31 FY sales=None gp=None op=0 source=jquants reason=FY行で sales+gp が共に None（不完全行）
[08:28:01]   QUARANTINE: 3333 2021-03-31 FY sales=None gp=None op=0 source=jquants reason=FY行で sales+gp が共に None（不完全行）
[08:28:01]   QUARANTINE: 3710 2021-07-31 FY sales=None gp=None op=0 source=jquants reason=FY行で sales+gp が共に None（不完全行）
[08:28:01]   QUARANTINE: 3560 2020-03-31 FY sales=None gp=None op=0 source=jquants reason=FY行で sales+gp が共に None（不完全行）
[08:28:01]   QUARANTINE: 7931 2020-03-31 FY sales=None gp=None op=0 source=jquants reason=FY行で sales+gp が共に None（不完全行）
[08:28:01]   QUARANTINE: 1381 2024-03-31 FY sales=None gp=None op=0 source=jquants reason=FY行で sales+gp が共に None（不完全行）
[08:28:01]   QUARANTINE: 4531 2020-03-31 FY sales=None gp=None op=0 source=jquants reason=FY行で sales+gp が共に None（不完全行）
[08:28:01]   QUARANTINE: 5923 2020-03-31 FY sales=None gp=None op=0 source=jquants reason=FY行で sales+gp が共に None（不完全行）
[08:28:01]   QUARANTINE: 2469 2020-03-31 FY sales=None gp=None op=0 source=jquants reason=FY行で sales+gp が共に None（不完全行）
[08:28:01]   QUARANTINE: 4376 2021-09-30 FY sales=None gp=None op=0 source=jquants reason=FY行で sales+gp が共に None（不完全行）
[08:28:01]   QUARANTINE: 6369 2020-03-31 FY sales=None gp=None op=0 source=jquants reason=FY行で sales+gp が共に None（不完全行）
[08:28:01]   QUARANTINE: 3474 2021-01-31 FY sales=None gp=None op=-10 source=jquants reason=FY行で sales+gp が共に None（不完全行）
[08:28:01]   QUARANTINE: 2372 2026-03-31 FY sales=None gp=None op=0 source=jquants reason=FY行で sales+gp が共に None（不完全行）
[08:28:01]   QUARANTINE: 4671 2026-03-31 FY sales=None gp=None op=0 source=jquants reason=FY行で sales+gp が共に None（不完全行）
[08:28:01]   QUARANTINE: 6363 2020-03-31 FY sales=None gp=None op=0 source=jquants reason=FY行で sales+gp が共に None（不完全行）
[08:28:01]   QUARANTINE: 1944 2020-03-31 FY sales=None gp=None op=0 source=jquants reason=FY行で sales+gp が共に None（不完全行）
[08:28:01]   QUARANTINE: 1945 2027-03-31 FY sales=None gp=None op=5000 source=jquants reason=FY行で sales+gp が共に None（不完全行）
[08:28:01]   QUARANTINE: 6643 2020-03-31 FY sales=None gp=None op=0 source=jquants reason=FY行で sales+gp が共に None（不完全行）
[08:28:01]   QUARANTINE: 1734 2024-03-31 FY sales=None gp=None op=360 source=jquants reason=FY行で sales+gp が共に None（不完全行）
[08:28:01]   QUARANTINE: 4421 2028-09-30 FY sales=None gp=None op=0 source=jquants reason=FY行で sales+gp が共に None（不完全行）
[08:28:01]   QUARANTINE: 6822 2021-03-31 FY sales=None gp=None op=0 source=jquants reason=FY行で sales+gp が共に None（不完全行）
[08:28:01]   QUARANTINE: 9119 2023-03-31 FY sales=None gp=None op=0 source=jquants reason=FY行で sales+gp が共に None（不完全行）
[08:28:01]   QUARANTINE: 3544 2020-05-31 FY sales=None gp=None op=0 source=jquants reason=FY行で sales+gp が共に None（不完全行）
[08:28:01]   QUARANTINE: 8008 2023-02-28 FY sales=None gp=None op=0 source=jquants reason=FY行で sales+gp が共に None（不完全行）
[08:28:01]   QUARANTINE: 8008 2028-03-31 FY sales=None gp=None op=5100 source=jquants reason=FY行で sales+gp が共に None（不完全行）
[08:28:01]   QUARANTINE: 8016 2026-02-28 FY sales=None gp=None op=0 source=jquants reason=FY行で sales+gp が共に None（不完全行）
[08:28:01]   QUARANTINE: 4574 2020-12-31 FY sales=None gp=None op=0 source=jquants reason=FY行で sales+gp が共に None（不完全行）
[08:28:01]   QUARANTINE: 3341 2022-03-31 FY sales=None gp=None op=0 source=jquants reason=FY行で sales+gp が共に None（不完全行）
[08:28:01]   QUARANTINE: 9627 2021-03-31 FY sales=None gp=None op=0 source=jquants reason=FY行で sales+gp が共に None（不完全行）
[08:28:01]   QUARANTINE: 3034 2028-03-31 FY sales=None gp=None op=0 source=jquants reason=FY行で sales+gp が共に None（不完全行）
[08:28:01]   QUARANTINE: 5247 2020-03-31 FY sales=None gp=None op=0 source=jquants reason=FY行で sales+gp が共に None（不完全行）
[08:28:01]   QUARANTINE: 5247 2021-03-31 FY sales=None gp=None op=0 source=jquants reason=FY行で sales+gp が共に None（不完全行）
[08:28:01]   QUARANTINE: 7689 2023-02-28 FY sales=None gp=None op=0 source=jquants reason=FY行で sales+gp が共に None（不完全行）
[08:28:01]   QUARANTINE: 7383 2021-03-31 FY sales=None gp=None op=0 source=jquants reason=FY行で sales+gp が共に None（不完全行）
[08:28:01]   QUARANTINE: 3863 2020-03-31 FY sales=None gp=None op=0 source=jquants reason=FY行で sales+gp が共に None（不完全行）
[08:28:01]   QUARANTINE: 3863 2024-03-31 FY sales=None gp=None op=0 source=jquants reason=FY行で sales+gp が共に None（不完全行）
[08:28:01]   QUARANTINE: 5632 2027-03-31 FY sales=None gp=None op=8000 source=jquants reason=FY行で sales+gp が共に None（不完全行）
[08:28:01]   QUARANTINE: 7377 2021-06-30 FY sales=None gp=None op=0 source=jquants reason=FY行で sales+gp が共に None（不完全行）
[08:28:01]   QUARANTINE: 7377 2027-03-31 FY sales=None gp=None op=0 source=jquants reason=FY行で sales+gp が共に None（不完全行）
[08:28:01]   QUARANTINE: 7235 2028-03-31 FY sales=None gp=None op=301 source=jquants reason=FY行で sales+gp が共に None（不完全行）
[08:28:01]   QUARANTINE: 9997 2020-03-31 FY sales=None gp=None op=0 source=jquants reason=FY行で sales+gp が共に None（不完全行）
[08:28:01]   QUARANTINE: 4932 2028-03-31 FY sales=None gp=None op=820 source=jquants reason=FY行で sales+gp が共に None（不完全行）
[08:28:01]   QUARANTINE: 4937 2020-03-31 FY sales=None gp=None op=0 source=jquants reason=FY行で sales+gp が共に None（不完全行）
[08:28:01]   QUARANTINE: 9441 2020-12-31 FY sales=None gp=None op=0 source=jquants reason=FY行で sales+gp が共に None（不完全行）
[08:28:01]   QUARANTINE: 6367 2020-03-31 FY sales=None gp=None op=0 source=jquants reason=FY行で sales+gp が共に None（不完全行）
[08:28:01]   QUARANTINE: 2993 2021-03-31 FY sales=None gp=None op=2015 source=jquants reason=FY行で sales+gp が共に None（不完全行）
[08:28:01]   QUARANTINE: 8473 2020-03-31 FY sales=None gp=None op=0 source=jquants reason=FY行で sales+gp が共に None（不完全行）
[08:28:01]   QUARANTINE: 8904 2021-08-31 FY sales=None gp=None op=0 source=jquants reason=FY行で sales+gp が共に None（不完全行）
[08:28:01]   QUARANTINE: 9687 2028-03-31 FY sales=None gp=None op=3600 source=jquants reason=FY行で sales+gp が共に None（不完全行）
[08:28:01]   QUARANTINE: 3452 2026-03-31 FY sales=None gp=None op=8400 source=jquants reason=FY行で sales+gp が共に None（不完全行）
[08:28:01]   QUARANTINE: 6779 2023-03-31 FY sales=None gp=None op=0 source=jquants reason=FY行で sales+gp が共に None（不完全行）
[08:28:01]   QUARANTINE: 2445 2020-03-31 FY sales=None gp=None op=0 source=jquants reason=FY行で sales+gp が共に None（不完全行）
[08:28:01]   QUARANTINE: 3562 2020-03-31 FY sales=None gp=None op=0 source=jquants reason=FY行で sales+gp が共に None（不完全行）
[08:28:01]   QUARANTINE: 8131 2020-03-31 FY sales=None gp=None op=0 source=jquants reason=FY行で sales+gp が共に None（不完全行）
[08:28:01]   QUARANTINE: 9090 2020-03-31 FY sales=None gp=None op=0 source=jquants reason=FY行で sales+gp が共に None（不完全行）
[08:28:01]   QUARANTINE: 9272 2027-03-31 FY sales=None gp=None op=2500 source=jquants reason=FY行で sales+gp が共に None（不完全行）
[08:28:01]   QUARANTINE: 9145 2021-03-31 FY sales=None gp=None op=0 source=jquants reason=FY行で sales+gp が共に None（不完全行）
[08:28:01]   QUARANTINE: 4901 2020-03-31 FY sales=None gp=None op=0 source=jquants reason=FY行で sales+gp が共に None（不完全行）
[08:28:01]   QUARANTINE: 4516 2022-03-31 FY sales=None gp=None op=0 source=jquants reason=FY行で sales+gp が共に None（不完全行）
[08:28:01]   QUARANTINE: 6276 2020-03-31 FY sales=None gp=None op=0 source=jquants reason=FY行で sales+gp が共に None（不完全行）
[08:28:01]   QUARANTINE: 9247 2020-03-31 FY sales=None gp=None op=0 source=jquants reason=FY行で sales+gp が共に None（不完全行）
[08:28:01]   QUARANTINE: 9247 2021-03-31 FY sales=None gp=None op=0 source=jquants reason=FY行で sales+gp が共に None（不完全行）
[08:28:01]   QUARANTINE: 8218 2022-03-31 FY sales=None gp=None op=0 source=jquants reason=FY行で sales+gp が共に None（不完全行）
[08:28:01]   QUARANTINE: 8566 2022-03-31 FY sales=None gp=None op=0 source=jquants reason=FY行で sales+gp が共に None（不完全行）
[08:28:01]   QUARANTINE: 4676 2022-03-31 FY sales=None gp=None op=0 source=jquants reason=FY行で sales+gp が共に None（不完全行）
[08:28:01]   QUARANTINE: 9404 2022-03-31 FY sales=None gp=None op=0 source=jquants reason=FY行で sales+gp が共に None（不完全行）
[08:28:01]   QUARANTINE: 4019 2028-12-31 FY sales=None gp=None op=150 source=jquants reason=FY行で sales+gp が共に None（不完全行）
[08:28:01]   QUARANTINE: 4549 2020-03-31 FY sales=None gp=None op=0 source=jquants reason=FY行で sales+gp が共に None（不完全行）
[08:28:01]   QUARANTINE: 6069 2027-03-31 FY sales=None gp=None op=1300 source=jquants reason=FY行で sales+gp が共に None（不完全行）
[08:28:01]   QUARANTINE: 6969 2019-03-31 FY sales=None gp=None op=0 source=jquants reason=FY行で sales+gp が共に None（不完全行）
[08:28:01]   QUARANTINE: 2998 2021-03-31 FY sales=None gp=None op=0 source=jquants reason=FY行で sales+gp が共に None（不完全行）
[08:28:01]   QUARANTINE: 2983 2020-03-31 FY sales=None gp=None op=0 source=jquants reason=FY行で sales+gp が共に None（不完全行）
[08:28:01]   QUARANTINE: 3075 2028-12-31 FY sales=None gp=None op=1367 source=jquants reason=FY行で sales+gp が共に None（不完全行）
[08:28:01]   QUARANTINE: 2440 2020-03-31 FY sales=None gp=None op=0 source=jquants reason=FY行で sales+gp が共に None（不完全行）
[08:28:01]   QUARANTINE: 9248 2021-03-31 FY sales=None gp=None op=0 source=jquants reason=FY行で sales+gp が共に None（不完全行）
[08:28:01]   QUARANTINE: 7228 2021-12-31 FY sales=None gp=None op=0 source=jquants reason=FY行で sales+gp が共に None（不完全行）
[08:28:01]   QUARANTINE: 7228 2022-12-31 FY sales=None gp=None op=0 source=jquants reason=FY行で sales+gp が共に None（不完全行）
[08:28:01]   QUARANTINE: 7218 2022-03-31 FY sales=None gp=None op=0 source=jquants reason=FY行で sales+gp が共に None（不完全行）
[08:28:01]   QUARANTINE: 9242 2020-03-31 FY sales=None gp=None op=0 source=jquants reason=FY行で sales+gp が共に None（不完全行）
[08:28:01]   QUARANTINE: 9242 2028-07-31 FY sales=None gp=None op=289 source=jquants reason=FY行で sales+gp が共に None（不完全行）
[08:28:01]   QUARANTINE: 9342 2020-03-31 FY sales=None gp=None op=0 source=jquants reason=FY行で sales+gp が共に None（不完全行）
[08:28:01]   QUARANTINE: 9342 2021-03-31 FY sales=None gp=None op=0 source=jquants reason=FY行で sales+gp が共に None（不完全行）
[08:28:01]   QUARANTINE: 4179 2022-03-31 FY sales=None gp=None op=0 source=jquants reason=FY行で sales+gp が共に None（不完全行）
[08:28:01]   QUARANTINE: 9215 2020-03-31 FY sales=None gp=None op=0 source=jquants reason=FY行で sales+gp が共に None（不完全行）
[08:28:01]   QUARANTINE: 4370 2020-03-31 FY sales=None gp=None op=0 source=jquants reason=FY行で sales+gp が共に None（不完全行）
[08:28:01]   QUARANTINE: 4404 2020-03-31 FY sales=None gp=None op=0 source=jquants reason=FY行で sales+gp が共に None（不完全行）
[08:28:01]   QUARANTINE: 7451 2020-03-31 FY sales=None gp=None op=0 source=jquants reason=FY行で sales+gp が共に None（不完全行）
[08:28:01]   QUARANTINE: 5842 2020-03-31 FY sales=None gp=None op=0 source=jquants reason=FY行で sales+gp が共に None（不完全行）
[08:28:01]   QUARANTINE: 5842 2021-03-31 FY sales=None gp=None op=0 source=jquants reason=FY行で sales+gp が共に None（不完全行）
[08:28:01]   QUARANTINE: 9168 2020-03-31 FY sales=None gp=None op=0 source=jquants reason=FY行で sales+gp が共に None（不完全行）
[08:28:01]   QUARANTINE: 9168 2021-03-31 FY sales=None gp=None op=0 source=jquants reason=FY行で sales+gp が共に None（不完全行）
[08:28:01]   QUARANTINE: 4493 2020-03-31 FY sales=None gp=None op=0 source=jquants reason=FY行で sales+gp が共に None（不完全行）
[08:28:01]   QUARANTINE: 8194 2020-02-29 FY sales=None gp=None op=0 source=jquants reason=FY行で sales+gp が共に None（不完全行）
[08:28:01]   QUARANTINE: 3858 2020-03-31 FY sales=None gp=None op=0 source=jquants reason=FY行で sales+gp が共に None（不完全行）
[08:28:01]   QUARANTINE: 6517 2020-03-31 FY sales=None gp=None op=0 source=jquants reason=FY行で sales+gp が共に None（不完全行）
[08:28:01]   QUARANTINE: 5195 2020-03-31 FY sales=None gp=None op=0 source=jquants reason=FY行で sales+gp が共に None（不完全行）
[08:28:01]   QUARANTINE: 5589 2021-03-31 FY sales=None gp=None op=0 source=jquants reason=FY行で sales+gp が共に None（不完全行）
[08:28:01]   QUARANTINE: 5597 2028-03-31 FY sales=None gp=None op=-250 source=jquants reason=FY行で sales+gp が共に None（不完全行）
[08:28:01]   QUARANTINE: 9085 2026-03-31 FY sales=None gp=None op=2300 source=jquants reason=FY行で sales+gp が共に None（不完全行）
[08:28:01]   QUARANTINE: 7135 2021-03-31 FY sales=None gp=None op=-2175 source=jquants reason=FY行で sales+gp が共に None（不完全行）
[08:28:01]   QUARANTINE: 6638 2028-03-31 FY sales=None gp=None op=9400 source=jquants reason=FY行で sales+gp が共に None（不完全行）
[08:28:01]   QUARANTINE: 3106 2027-03-31 FY sales=None gp=None op=11500 source=jquants reason=FY行で sales+gp が共に None（不完全行）
[08:28:01]   QUARANTINE: 7366 2019-03-31 FY sales=None gp=None op=0 source=jquants reason=FY行で sales+gp が共に None（不完全行）
[08:28:01]   QUARANTINE: 6556 2025-03-31 FY sales=None gp=None op=1306 source=jquants reason=FY行で sales+gp が共に None（不完全行）
[08:28:01]   QUARANTINE: 2471 2028-03-31 FY sales=None gp=None op=800 source=jquants reason=FY行で sales+gp が共に None（不完全行）
[08:28:01]   QUARANTINE: 2471 2027-03-31 FY sales=None gp=None op=150 source=jquants reason=FY行で sales+gp が共に None（不完全行）
[08:28:01]   QUARANTINE: 7791 2027-03-31 FY sales=None gp=None op=1000 source=jquants reason=FY行で sales+gp が共に None（不完全行）
[08:28:01]   QUARANTINE: 5572 2027-10-31 FY sales=None gp=None op=6000 source=jquants reason=FY行で sales+gp が共に None（不完全行）
[08:28:01]   QUARANTINE: 8844 2027-03-31 FY sales=None gp=None op=10000 source=jquants reason=FY行で sales+gp が共に None（不完全行）
[08:28:01]   QUARANTINE: 8309 2027-03-31 FY sales=None gp=None op=355000 source=jquants reason=FY行で sales+gp が共に None（不完全行）
[08:28:01]   QUARANTINE: 9048 2027-03-31 FY sales=None gp=None op=50000 source=jquants reason=FY行で sales+gp が共に None（不完全行）
[08:28:01]   QUARANTINE: 8600 2026-03-31 FY sales=None gp=None op=26050 source=jquants reason=FY行で sales+gp が共に None（不完全行）
[08:28:01]   QUARANTINE: 8985 2026-12-31 FY sales=None gp=None op=50979 source=jquants reason=FY行で sales+gp が共に None（不完全行）
[08:28:01]   QUARANTINE: 4768 2025-12-31 FY sales=12610000 gp=None op=86200 source=jquants reason=FY/3Q sales 桁ずれ: FY=12610000 / 3Q=1005719 = 12.5x (>10.0)
[08:28:01]   QUARANTINE: 7226 2021-03-31 FY sales=1117170 gp=23161 op=9080 source=jquants reason=FY/3Q sales 桁ずれ: FY=1117170 / 3Q=81277 = 13.7x (>10.0)
[08:28:01]   QUARANTINE: 5805 2024-03-31 FY sales=296326 gp=6530 op=1667 source=jquants reason=FY/3Q sales 桁ずれ: FY=296326 / 3Q=22347 = 13.3x (>10.0)
[08:28:01]   QUARANTINE: 6103 2023-03-31 FY sales=227636 gp=73076 op=24804 source=jquants reason=FY/3Q sales 桁ずれ: FY=227636 / 3Q=16579 = 13.7x (>10.0)
[08:28:01]   QUARANTINE: 6794 2025-03-31 FY sales=1376070 gp=24123 op=6796 source=jquants reason=FY/3Q sales 桁ずれ: FY=1376070 / 3Q=103474 = 13.3x (>10.0)
[08:28:01]   QUARANTINE: 5032 2026-04-30 FY sales=520000 gp=None op=21000 source=jquants reason=FY/3Q sales 桁ずれ: FY=520000 / 3Q=41000 = 12.7x (>10.0)
[08:28:01]   QUARANTINE: 4548 2022-03-31 FY sales=3409997 gp=126060 op=43760 source=jquants reason=FY/3Q sales 桁ずれ: FY=3409997 / 3Q=256594 = 13.3x (>10.0)
[08:28:01]   QUARANTINE: 6317 2025-03-31 FY sales=572808 gp=9109 op=1872 source=jquants reason=FY/3Q sales 桁ずれ: FY=572808 / 3Q=41784 = 13.7x (>10.0)
[08:28:01]   QUARANTINE: 3930 2025-07-31 FY sales=37494 gp=3247 op=339 source=jquants reason=FY/3Q sales 桁ずれ: FY=37494 / 3Q=2895 = 13.0x (>10.0)
[08:28:01]   QUARANTINE: 4334 2026-03-31 FY sales=4220 gp=None op=20 source=jquants reason=FY/3Q sales 桁ずれ: FY=4220 / 3Q=294 = 14.4x (>10.0)
[08:28:01]   QUARANTINE: 6485 2026-03-31 FY sales=320000 gp=None op=2250 source=jquants reason=FY/3Q sales 桁ずれ: FY=320000 / 3Q=24119 = 13.3x (>10.0)
[08:28:01]   QUARANTINE: 2359 2022-03-31 FY sales=217989 gp=5567 op=2367 source=jquants reason=FY/3Q sales 桁ずれ: FY=217989 / 3Q=16118 = 13.5x (>10.0)
[08:28:01]   QUARANTINE: 2602 2023-03-31 FY sales=5565655 gp=65622 op=16186 source=jquants reason=FY/3Q sales 桁ずれ: FY=5565655 / 3Q=425092 = 13.1x (>10.0)
[08:28:01]   QUARANTINE: 9697 2025-03-31 FY sales=1699604 gp=98757 op=65777 source=jquants reason=FY/3Q sales 桁ずれ: FY=1699604 / 3Q=88853 = 19.1x (>10.0)
[08:28:01]   QUARANTINE: 1801 2026-03-31 FY sales=1960000 gp=None op=101000 source=jquants reason=FY/3Q sales 桁ずれ: FY=1960000 / 3Q=1427 = 1373.5x (>10.0)
[08:28:01]   QUARANTINE: 3299 2028-03-31 FY sales=45706 gp=9285 op=6123 source=jquants reason=FY/3Q sales 桁ずれ: FY=45706 / 3Q=3296 = 13.9x (>10.0)
[08:28:01]   QUARANTINE: 6840 2026-03-31 FY sales=255000 gp=None op=900 source=jquants reason=FY/3Q sales 桁ずれ: FY=255000 / 3Q=16914 = 15.1x (>10.0)
[08:28:01]   QUARANTINE: 6615 2025-03-31 FY sales=1331938 gp=7570 op=2149 source=jquants reason=FY/3Q sales 桁ずれ: FY=1331938 / 3Q=99917 = 13.3x (>10.0)
[08:28:01]   QUARANTINE: 6060 2025-03-31 FY sales=10117 gp=3473 op=746 source=jquants reason=FY/3Q sales 桁ずれ: FY=10117 / 3Q=751 = 13.5x (>10.0)
[08:28:01]   QUARANTINE: 5943 2026-03-31 FY sales=202049 gp=63700 op=4300 source=jquants reason=FY/3Q sales 桁ずれ: FY=202049 / 3Q=14610 = 13.8x (>10.0)
[08:28:01]   QUARANTINE: 3105 2025-12-31 FY sales=502339 gp=117550 op=26401 source=jquants reason=FY/3Q sales 桁ずれ: FY=502339 / 3Q=36458 = 13.8x (>10.0)
[08:28:01]   QUARANTINE: 4350 2026-03-31 FY sales=125500 gp=None op=3400 source=jquants reason=FY/3Q sales 桁ずれ: FY=125500 / 3Q=9880 = 12.7x (>10.0)
[08:28:01]   QUARANTINE: 3034 2021-03-31 FY sales=166199 gp=23163 op=9855 source=jquants reason=FY/3Q sales 桁ずれ: FY=166199 / 3Q=12454 = 13.3x (>10.0)
[08:28:01]   QUARANTINE: 4735 2022-05-31 FY sales=236504 gp=5135 op=165 source=jquants reason=FY/3Q sales 桁ずれ: FY=236504 / 3Q=18073 = 13.1x (>10.0)
[08:28:01]   QUARANTINE: 4553 2020-03-31 FY sales=1108384 gp=50646 op=16143 source=jquants reason=FY/3Q sales 桁ずれ: FY=1108384 / 3Q=84405 = 13.1x (>10.0)
[08:28:01]   QUARANTINE: 6727 2023-03-31 FY sales=1112729 gp=31173 op=2013 source=jquants reason=FY/3Q sales 桁ずれ: FY=1112729 / 3Q=84020 = 13.2x (>10.0)
[08:28:01]   QUARANTINE: 6265 2024-03-31 FY sales=1850 gp=None op=277 source=jquants reason=FY/3Q sales 桁ずれ: FY=1850 / 3Q=138 = 13.4x (>10.0)
[08:28:01]   QUARANTINE: 1928 2025-03-31 FY sales=4058583 gp=785993 op=331366 source=jquants reason=FY/3Q sales 桁ずれ: FY=4058583 / 3Q=1135 = 3575.8x (>10.0)
[08:28:01]   QUARANTINE: 1928 2026-01-31 FY sales=4197922 gp=839819 op=341402 source=jquants reason=FY/3Q sales 桁ずれ: FY=4197922 / 3Q=3597 = 1167.1x (>10.0)
[08:28:01]   QUARANTINE: 8030 2026-03-31 FY sales=150000 gp=None op=3300 source=jquants reason=FY/3Q sales 桁ずれ: FY=150000 / 3Q=12380 = 12.1x (>10.0)
[08:28:01]   QUARANTINE: 3069 2025-03-31 FY sales=65207 gp=17205 op=1310 source=jquants reason=FY/3Q sales 桁ずれ: FY=65207 / 3Q=1874 = 34.8x (>10.0)
[08:28:01] [FINANCIALS] origin counts: {'jquants': 91580, 'unknown': 42, 'tdnet': 35}
[08:28:01] [FINANCIALS] 衝突マージ: 8件
[08:28:01]   6635 2025-12-31 FY: field merge \u2014 winning sources: ['tdnet_attachment_xbrl', 'tdnet_summary_xbrl']
[08:28:01]   8057 2026-07-31 FY: field merge \u2014 winning sources: ['tdnet_summary_xbrl']
[08:28:01]   1928 2026-01-31 FY: field merge \u2014 winning sources: ['tdnet_attachment_xbrl', 'tdnet_summary_xbrl']
[08:28:01]   9824 2026-10-31 FY: field merge \u2014 winning sources: ['tdnet_summary_xbrl']
[08:28:01]   7279 2026-10-31 FY: field merge \u2014 winning sources: ['tdnet_summary_xbrl']
[08:28:01]   4331 2025-12-31 FY: field merge \u2014 winning sources: ['tdnet_attachment_xbrl', 'tdnet_summary_xbrl']
[08:28:01]   4238 2026-01-31 FY: field merge \u2014 winning sources: ['tdnet_attachment_xbrl', 'tdnet_summary_xbrl']
[08:28:01]   7804 2026-10-31 FY: field merge \u2014 winning sources: ['tdnet_attachment_xbrl', 'tdnet_summary_xbrl']
[08:28:01] [NORMALIZE] === Normalization Report ===
  auto_unit_converted: 103
  confidence: high(>0.8)=103 medium(0.6-0.8)=183320 low(<0.6)=73
  anomaly_flags: {'unit_converted': 103, 'unit_inferred': 1}
  field_merge_wins: {'tdnet_summary_xbrl': 16, 'tdnet_attachment_xbrl': 5}
[08:28:01] [FINANCIALS] 候補=66109 → マージ後=65368 (衝突解消=8件)
[08:28:01]   upsert対象: 65,368 行
[08:28:21] [FINANCIALS] scanned=91657 built=65368 upserted=65368 errors=0
[08:28:21] [PUSH] 全完了 (123.2秒): companies=2783 periods=91657 disclosures=0 facts=183463 sanitized=34 financials_inserted=65368 errors=0
[08:28:22] [filings_process] push done facts=183463 financials=65368 errors=0
[08:28:22] [filings_process] Step 2: J-Quants financial sync
[08:28:22] [SQLite] 生データ: 87,157 rows / 3,820 codes
[08:28:22] [SQLite] 重複排除後: 72,490 rows
[08:28:22] [SYNC] quarter 分布: {"1Q": 17819, "2Q": 17771, "3Q": 17832, "4Q": 13, "FY": 19055}
[08:28:22] [SYNC] 開始: 72,490 rows → financials (145 batches × 500)
[08:28:22]   batch 1/145: 500 rows upserted (累計 500 / 72,490, 0.1秒)
[08:28:22]   batch 2/145: 500 rows upserted (累計 1,000 / 72,490, 0.3秒)
[08:28:23]   batch 3/145: 500 rows upserted (累計 1,500 / 72,490, 0.4秒)
[08:28:23]   batch 4/145: 500 rows upserted (累計 2,000 / 72,490, 0.6秒)
[08:28:23]   batch 5/145: 500 rows upserted (累計 2,500 / 72,490, 0.7秒)
[08:28:23]   batch 6/145: 500 rows upserted (累計 3,000 / 72,490, 0.9秒)
[08:28:23]   batch 7/145: 500 rows upserted (累計 3,500 / 72,490, 1.0秒)
[08:28:23]   batch 8/145: 500 rows upserted (累計 4,000 / 72,490, 1.2秒)
[08:28:23]   batch 9/145: 500 rows upserted (累計 4,500 / 72,490, 1.3秒)
[08:28:24]   batch 10/145: 500 rows upserted (累計 5,000 / 72,490, 1.5秒)
[08:28:24]   batch 11/145: 500 rows upserted (累計 5,500 / 72,490, 1.6秒)
[08:28:24]   batch 12/145: 500 rows upserted (累計 6,000 / 72,490, 1.7秒)
[08:28:24]   batch 13/145: 500 rows upserted (累計 6,500 / 72,490, 1.9秒)
[08:28:24]   batch 14/145: 500 rows upserted (累計 7,000 / 72,490, 2.0秒)
[08:28:24]   batch 15/145: 500 rows upserted (累計 7,500 / 72,490, 2.2秒)
[08:28:24]   batch 16/145: 500 rows upserted (累計 8,000 / 72,490, 2.3秒)
[08:28:25]   batch 17/145: 500 rows upserted (累計 8,500 / 72,490, 2.5秒)
[08:28:25]   batch 18/145: 500 rows upserted (累計 9,000 / 72,490, 2.6秒)
[08:28:25]   batch 19/145: 500 rows upserted (累計 9,500 / 72,490, 2.7秒)
[08:28:25]   batch 20/145: 500 rows upserted (累計 10,000 / 72,490, 2.9秒)
[08:28:25]   batch 21/145: 500 rows upserted (累計 10,500 / 72,490, 3.0秒)
[08:28:25]   batch 22/145: 500 rows upserted (累計 11,000 / 72,490, 3.2秒)
[08:28:25]   batch 23/145: 500 rows upserted (累計 11,500 / 72,490, 3.3秒)
[08:28:26]   batch 24/145: 500 rows upserted (累計 12,000 / 72,490, 3.4秒)
[08:28:26]   batch 25/145: 500 rows upserted (累計 12,500 / 72,490, 3.6秒)
[08:28:26]   batch 26/145: 500 rows upserted (累計 13,000 / 72,490, 3.7秒)
[08:28:26]   batch 27/145: 500 rows upserted (累計 13,500 / 72,490, 3.9秒)
[08:28:26]   batch 28/145: 500 rows upserted (累計 14,000 / 72,490, 4.0秒)
[08:28:26]   batch 29/145: 500 rows upserted (累計 14,500 / 72,490, 4.2秒)
[08:28:26]   batch 30/145: 500 rows upserted (累計 15,000 / 72,490, 4.3秒)
[08:28:27]   batch 31/145: 500 rows upserted (累計 15,500 / 72,490, 4.5秒)
[08:28:27]   batch 32/145: 500 rows upserted (累計 16,000 / 72,490, 4.6秒)
[08:28:27]   batch 33/145: 500 rows upserted (累計 16,500 / 72,490, 4.8秒)
[08:28:27]   batch 34/145: 500 rows upserted (累計 17,000 / 72,490, 4.9秒)
[08:28:27]   batch 35/145: 500 rows upserted (累計 17,500 / 72,490, 5.1秒)
[08:28:27]   batch 36/145: 500 rows upserted (累計 18,000 / 72,490, 5.2秒)
[08:28:27]   batch 37/145: 500 rows upserted (累計 18,500 / 72,490, 5.4秒)
[08:28:28]   batch 38/145: 500 rows upserted (累計 19,000 / 72,490, 5.5秒)
[08:28:28]   batch 39/145: 500 rows upserted (累計 19,500 / 72,490, 5.7秒)
[08:28:28]   batch 40/145: 500 rows upserted (累計 20,000 / 72,490, 5.8秒)
[08:28:28]   batch 41/145: 500 rows upserted (累計 20,500 / 72,490, 5.9秒)
[08:28:28]   batch 42/145: 500 rows upserted (累計 21,000 / 72,490, 6.1秒)
[08:28:28]   batch 43/145: 500 rows upserted (累計 21,500 / 72,490, 6.2秒)
[08:28:28]   batch 44/145: 500 rows upserted (累計 22,000 / 72,490, 6.4秒)
[08:28:29]   batch 45/145: 500 rows upserted (累計 22,500 / 72,490, 6.5秒)
[08:28:29]   batch 46/145: 500 rows upserted (累計 23,000 / 72,490, 6.7秒)
[08:28:29]   batch 47/145: 500 rows upserted (累計 23,500 / 72,490, 6.8秒)
[08:28:29]   batch 48/145: 500 rows upserted (累計 24,000 / 72,490, 6.9秒)
[08:28:29]   batch 49/145: 500 rows upserted (累計 24,500 / 72,490, 7.1秒)
[08:28:29]   batch 50/145: 500 rows upserted (累計 25,000 / 72,490, 7.3秒)
[08:28:29]   batch 51/145: 500 rows upserted (累計 25,500 / 72,490, 7.4秒)
[08:28:30]   batch 52/145: 500 rows upserted (累計 26,000 / 72,490, 7.5秒)
[08:28:30]   batch 53/145: 500 rows upserted (累計 26,500 / 72,490, 7.7秒)
[08:28:30]   batch 54/145: 500 rows upserted (累計 27,000 / 72,490, 7.8秒)
[08:28:30]   batch 55/145: 500 rows upserted (累計 27,500 / 72,490, 8.0秒)
[08:28:30]   batch 56/145: 500 rows upserted (累計 28,000 / 72,490, 8.1秒)
[08:28:30]   batch 57/145: 500 rows upserted (累計 28,500 / 72,490, 8.3秒)
[08:28:31]   batch 58/145: 500 rows upserted (累計 29,000 / 72,490, 8.4秒)
[08:28:31]   batch 59/145: 500 rows upserted (累計 29,500 / 72,490, 8.5秒)
[08:28:31]   batch 60/145: 500 rows upserted (累計 30,000 / 72,490, 8.7秒)
[08:28:31]   batch 61/145: 500 rows upserted (累計 30,500 / 72,490, 8.9秒)
[08:28:31]   batch 62/145: 500 rows upserted (累計 31,000 / 72,490, 9.0秒)
[08:28:31]   batch 63/145: 500 rows upserted (累計 31,500 / 72,490, 9.2秒)
[08:28:31]   batch 64/145: 500 rows upserted (累計 32,000 / 72,490, 9.3秒)
[08:28:32]   batch 65/145: 500 rows upserted (累計 32,500 / 72,490, 9.4秒)
[08:28:32]   batch 66/145: 500 rows upserted (累計 33,000 / 72,490, 9.6秒)
[08:28:32]   batch 67/145: 500 rows upserted (累計 33,500 / 72,490, 9.8秒)
[08:28:32]   batch 68/145: 500 rows upserted (累計 34,000 / 72,490, 10.0秒)
[08:28:32]   batch 69/145: 500 rows upserted (累計 34,500 / 72,490, 10.1秒)
[08:28:32]   batch 70/145: 500 rows upserted (累計 35,000 / 72,490, 10.3秒)
[08:28:33]   batch 71/145: 500 rows upserted (累計 35,500 / 72,490, 10.4秒)
[08:28:33]   batch 72/145: 500 rows upserted (累計 36,000 / 72,490, 10.5秒)
[08:28:33]   batch 73/145: 500 rows upserted (累計 36,500 / 72,490, 10.7秒)
[08:28:33]   batch 74/145: 500 rows upserted (累計 37,000 / 72,490, 10.8秒)
[08:28:33]   batch 75/145: 500 rows upserted (累計 37,500 / 72,490, 11.0秒)
[08:28:33]   batch 76/145: 500 rows upserted (累計 38,000 / 72,490, 11.1秒)
[08:28:33]   batch 77/145: 500 rows upserted (累計 38,500 / 72,490, 11.3秒)
[08:28:34]   batch 78/145: 500 rows upserted (累計 39,000 / 72,490, 11.4秒)
[08:28:34]   batch 79/145: 500 rows upserted (累計 39,500 / 72,490, 11.6秒)
[08:28:34]   batch 80/145: 500 rows upserted (累計 40,000 / 72,490, 11.7秒)
[08:28:34]   batch 81/145: 500 rows upserted (累計 40,500 / 72,490, 11.8秒)
[08:28:34]   batch 82/145: 500 rows upserted (累計 41,000 / 72,490, 12.0秒)
[08:28:34]   batch 83/145: 500 rows upserted (累計 41,500 / 72,490, 12.2秒)
[08:28:34]   batch 84/145: 500 rows upserted (累計 42,000 / 72,490, 12.4秒)
[08:28:35]   batch 85/145: 500 rows upserted (累計 42,500 / 72,490, 12.5秒)
[08:28:35]   batch 86/145: 500 rows upserted (累計 43,000 / 72,490, 12.7秒)
[08:28:35]   batch 87/145: 500 rows upserted (累計 43,500 / 72,490, 12.8秒)
[08:28:35]   batch 88/145: 500 rows upserted (累計 44,000 / 72,490, 12.9秒)
[08:28:35]   batch 89/145: 500 rows upserted (累計 44,500 / 72,490, 13.1秒)
[08:28:35]   batch 90/145: 500 rows upserted (累計 45,000 / 72,490, 13.2秒)
[08:28:35]   batch 91/145: 500 rows upserted (累計 45,500 / 72,490, 13.4秒)
[08:28:36]   batch 92/145: 500 rows upserted (累計 46,000 / 72,490, 13.6秒)
[08:28:36]   batch 93/145: 500 rows upserted (累計 46,500 / 72,490, 13.7秒)
[08:28:36]   batch 94/145: 500 rows upserted (累計 47,000 / 72,490, 13.9秒)
[08:28:37]   batch 95/145: 500 rows upserted (累計 47,500 / 72,490, 15.2秒)
[08:28:38]   batch 96/145: 500 rows upserted (累計 48,000 / 72,490, 15.5秒)
[08:28:38]   batch 97/145: 500 rows upserted (累計 48,500 / 72,490, 15.7秒)
[08:28:38]   batch 98/145: 500 rows upserted (累計 49,000 / 72,490, 15.9秒)
[08:28:38]   batch 99/145: 500 rows upserted (累計 49,500 / 72,490, 16.1秒)
[08:28:38]   batch 100/145: 500 rows upserted (累計 50,000 / 72,490, 16.2秒)
[08:28:39]   batch 101/145: 500 rows upserted (累計 50,500 / 72,490, 16.4秒)
[08:28:39]   batch 102/145: 500 rows upserted (累計 51,000 / 72,490, 16.6秒)
[08:28:39]   batch 103/145: 500 rows upserted (累計 51,500 / 72,490, 16.7秒)
[08:28:39]   batch 104/145: 500 rows upserted (累計 52,000 / 72,490, 16.9秒)
[08:28:39]   batch 105/145: 500 rows upserted (累計 52,500 / 72,490, 17.1秒)
[08:28:39]   batch 106/145: 500 rows upserted (累計 53,000 / 72,490, 17.2秒)
[08:28:39]   batch 107/145: 500 rows upserted (累計 53,500 / 72,490, 17.4秒)
[08:28:40]   batch 108/145: 500 rows upserted (累計 54,000 / 72,490, 17.5秒)
[08:28:40]   batch 109/145: 500 rows upserted (累計 54,500 / 72,490, 17.7秒)
[08:28:40]   batch 110/145: 500 rows upserted (累計 55,000 / 72,490, 17.8秒)
[08:28:40]   batch 111/145: 500 rows upserted (累計 55,500 / 72,490, 18.0秒)
[08:28:40]   batch 112/145: 500 rows upserted (累計 56,000 / 72,490, 18.1秒)
[08:28:40]   batch 113/145: 500 rows upserted (累計 56,500 / 72,490, 18.3秒)
[08:28:41]   batch 114/145: 500 rows upserted (累計 57,000 / 72,490, 18.5秒)
[08:28:41]   batch 115/145: 500 rows upserted (累計 57,500 / 72,490, 18.6秒)
[08:28:41]   batch 116/145: 500 rows upserted (累計 58,000 / 72,490, 18.8秒)
[08:28:41]   batch 117/145: 500 rows upserted (累計 58,500 / 72,490, 18.9秒)
[08:28:41]   batch 118/145: 500 rows upserted (累計 59,000 / 72,490, 19.1秒)
[08:28:41]   batch 119/145: 500 rows upserted (累計 59,500 / 72,490, 19.2秒)
[08:28:41]   batch 120/145: 500 rows upserted (累計 60,000 / 72,490, 19.4秒)
[08:28:42]   batch 121/145: 500 rows upserted (累計 60,500 / 72,490, 19.5秒)
[08:28:42]   batch 122/145: 500 rows upserted (累計 61,000 / 72,490, 19.6秒)
[08:28:42]   batch 123/145: 500 rows upserted (累計 61,500 / 72,490, 19.8秒)
[08:28:42]   batch 124/145: 500 rows upserted (累計 62,000 / 72,490, 19.9秒)
[08:28:42]   batch 125/145: 500 rows upserted (累計 62,500 / 72,490, 20.1秒)
[08:28:42]   batch 126/145: 500 rows upserted (累計 63,000 / 72,490, 20.2秒)
[08:28:43]   batch 127/145: 500 rows upserted (累計 63,500 / 72,490, 20.4秒)
[08:28:43]   batch 128/145: 500 rows upserted (累計 64,000 / 72,490, 20.5秒)
[08:28:43]   batch 129/145: 500 rows upserted (累計 64,500 / 72,490, 20.7秒)
[08:28:43]   batch 130/145: 500 rows upserted (累計 65,000 / 72,490, 20.8秒)
[08:28:43]   batch 131/145: 500 rows upserted (累計 65,500 / 72,490, 21.0秒)
[08:28:43]   batch 132/145: 500 rows upserted (累計 66,000 / 72,490, 21.1秒)
[08:28:43]   batch 133/145: 500 rows upserted (累計 66,500 / 72,490, 21.3秒)
[08:28:44]   batch 134/145: 500 rows upserted (累計 67,000 / 72,490, 21.4秒)
[08:28:44]   batch 135/145: 500 rows upserted (累計 67,500 / 72,490, 21.6秒)
[08:28:44]   batch 136/145: 500 rows upserted (累計 68,000 / 72,490, 21.7秒)
[08:28:44]   batch 137/145: 500 rows upserted (累計 68,500 / 72,490, 21.9秒)
[08:28:44]   batch 138/145: 500 rows upserted (累計 69,000 / 72,490, 22.0秒)
[08:28:44]   batch 139/145: 500 rows upserted (累計 69,500 / 72,490, 22.2秒)
[08:28:44]   batch 140/145: 500 rows upserted (累計 70,000 / 72,490, 22.3秒)
[08:28:45]   batch 141/145: 500 rows upserted (累計 70,500 / 72,490, 22.5秒)
[08:28:45]   batch 142/145: 500 rows upserted (累計 71,000 / 72,490, 22.6秒)
[08:28:45]   batch 143/145: 500 rows upserted (累計 71,500 / 72,490, 22.7秒)
[08:28:45]   batch 144/145: 500 rows upserted (累計 72,000 / 72,490, 22.9秒)
[08:28:45]   batch 145/145: 490 rows upserted (累計 72,490 / 72,490, 23.0秒)
[08:28:45] [VERIFY] Supabase 側の検証中...
[08:28:46] [VERIFY] public.financials: 170,884 rows
[08:28:46] 
============================================================
  SYNC 完了
  upserted: 72,490 / 72,490
  errors:   0
  elapsed:  23.0秒
============================================================
[08:28:46] [filings_process] J-Quants sync done: {'sqlite_raw_rows': 87157, 'sqlite_codes': 3820, 'deduped_rows': 72490, 'upserted': 72490, 'batches': 145, 'errors': 0, 'dry_run': False, 'elapsed_sec': 23.0}
[08:28:46] [pipeline_run] finished: process status=done elapsed=147.7s id=10 processed=0 success=0 failed=0
[2026/03/12  8:28:46.16] Finished (exit=0) 
