START 2026/03/09  8:30:01.00 
[Step 1/8] TDnet ingest... 
============================================================
  TDNET Ingest - „ÉØ„É≥„Ç∑„Éß„ÉÉ„ÉàÂÆüË°å
============================================================

[DB]   C:\Users\takuy\OneDrive\tdnet-excel-input\decision_db.db

[2026-03-09 08:30:01] [INFO] [API] yanoshin.jp API„Åã„ÇâÂèñÂæó‰∏≠: https://webapi.yanoshin.jp/webapi/tdnet/list/today.json
[2026-03-09 08:30:03] [INFO] [API] detected_schema=items, raw_items_count=0
[2026-03-09 08:30:03] [INFO] [API] fetched_count=0
[2026-03-09 08:30:03] [INFO] [API] fetched_count=0, filtered_count=0, forecast_revision_count=0, financial_statement_count=0
[2026-03-09 08:30:03] [INFO] [API] new_count=0
[2026-03-09 08:30:03] [INFO] [INGEST] run=ingest-b22d5c93 processed=0 success=0 skipped=0 error=0 (tanshin=0)
============================================================
  ÁµêÊûú„Çµ„Éû„É™
============================================================
  run_id          : ingest-b22d5c93
  ÂèñÂæóÈñãÁ§∫Êï∞      : 0
  ÂØæË±°(Ê±∫ÁÆóÁü≠‰ø°)  : 0
  Âá¶ÁêÜ‰ª∂Êï∞        : 0
  INSERT          : 0
  UPDATE          : 0
  Â§âÊõ¥„Å™„Åó        : 0
  ÊàêÂäü            : 0
  „Çπ„Ç≠„ÉÉ„Éó        : 0
  „Ç®„É©„Éº          : 0

[TICKERS] 0 items -> C:\Users\takuy\OneDrive\tdnet-excel-input\logs\last_ingested_items.json
[Step 2/8] SQLite to Supabase push... 
[08:30:04] [PUSH] SQLiteÁ∑èË°åÊï∞: 91647, ‰ªäÂõûÂØæË±°: 91647 ‰ª∂
[08:30:04] [Phase 1/4] companies ‰∏ÄÊã¨ upsert...
[08:30:06]   ‚Üí 2773 Á§æ ÂÆå‰∫Ü (1.8Áßí)
[08:30:06] [Phase 2/4] periods ‰∏ÄÊã¨ upsert...
[08:30:27]   ‚Üí 91647 ÊúüÈñì ÂÆå‰∫Ü (23.2Áßí)
[08:30:27] [Phase 3/4] disclosures ‰∏ÄÊã¨ upsert...
[08:30:27]   ÂØæË±° disclosure: 91647 ‰ª∂
[08:30:48]   Êó¢Â≠ò disclosure: 183276 ‰ª∂
[08:30:48]   Êñ∞Ë¶è„Å™„ÅóÔºàÂÖ®‰ª∂Êó¢Â≠òÔºâ
[08:30:48]   ‚Üí 183276 disclosure ÂÆå‰∫Ü (44.5Áßí)
[08:30:48] [Phase 4/4] facts ‰∏ÄÊã¨ upsert (batch=500, offset=0)...
[08:30:49]   batch 1: 226/91647 (0.2%) facts=500 sanitized=0 ÁµåÈÅé=45Áßí ÊÆã„Çä‚âà18225Áßí
[08:30:49]   batch 2: 477/91647 (0.5%) facts=1002 sanitized=0 ÁµåÈÅé=45Áßí ÊÆã„Çä‚âà8667Áßí
[08:30:50]   batch 3: 709/91647 (0.8%) facts=1503 sanitized=0 ÁµåÈÅé=46Áßí ÊÆã„Çä‚âà5887Áßí
[08:30:50]   batch 4: 959/91647 (1.0%) facts=2005 sanitized=0 ÁµåÈÅé=46Áßí ÊÆã„Çä‚âà4370Áßí
[08:30:50]   batch 5: 1188/91647 (1.3%) facts=2505 sanitized=0 ÁµåÈÅé=47Áßí ÊÆã„Çä‚âà3544Áßí
[08:30:51]   batch 6: 1439/91647 (1.6%) facts=3006 sanitized=0 ÁµåÈÅé=47Áßí ÊÆã„Çä‚âà2933Áßí
[08:30:51]   batch 7: 1668/91647 (1.8%) facts=3507 sanitized=0 ÁµåÈÅé=47Áßí ÊÆã„Çä‚âà2539Áßí
[08:30:51]   batch 8: 1909/91647 (2.1%) facts=4007 sanitized=0 ÁµåÈÅé=47Áßí ÊÆã„Çä‚âà2225Áßí
[08:30:51]   batch 9: 2144/91647 (2.3%) facts=4507 sanitized=0 ÁµåÈÅé=48Áßí ÊÆã„Çä‚âà1988Áßí
[08:30:52]   batch 10: 2370/91647 (2.6%) facts=5007 sanitized=0 ÁµåÈÅé=48Áßí ÊÆã„Çä‚âà1804Áßí
[08:30:52]   batch 11: 2626/91647 (2.9%) facts=5509 sanitized=0 ÁµåÈÅé=48Áßí ÊÆã„Çä‚âà1634Áßí
[08:30:52]   batch 12: 2863/91647 (3.1%) facts=6011 sanitized=0 ÁµåÈÅé=48Áßí ÊÆã„Çä‚âà1503Áßí
[08:30:52]   batch 13: 3129/91647 (3.4%) facts=6512 sanitized=0 ÁµåÈÅé=49Áßí ÊÆã„Çä‚âà1378Áßí
[08:30:53]   batch 14: 3375/91647 (3.7%) facts=7014 sanitized=0 ÁµåÈÅé=49Áßí ÊÆã„Çä‚âà1279Áßí
[08:30:53]   batch 15: 3638/91647 (4.0%) facts=7514 sanitized=0 ÁµåÈÅé=49Áßí ÊÆã„Çä‚âà1188Áßí
[08:30:53]   batch 16: 3884/91647 (4.2%) facts=8015 sanitized=0 ÁµåÈÅé=49Áßí ÊÆã„Çä‚âà1114Áßí
[08:30:53]   batch 17: 4134/91647 (4.5%) facts=8517 sanitized=0 ÁµåÈÅé=50Áßí ÊÆã„Çä‚âà1049Áßí
[08:30:54]   batch 18: 4384/91647 (4.8%) facts=9017 sanitized=0 ÁµåÈÅé=50Áßí ÊÆã„Çä‚âà991Áßí
[08:30:54]   batch 19: 4621/91647 (5.0%) facts=9518 sanitized=0 ÁµåÈÅé=50Áßí ÊÆã„Çä‚âà941Áßí
[08:30:54]   batch 20: 4871/91647 (5.3%) facts=10020 sanitized=0 ÁµåÈÅé=50Áßí ÊÆã„Çä‚âà894Áßí
[08:30:54]   batch 21: 5095/91647 (5.6%) facts=10521 sanitized=0 ÁµåÈÅé=50Áßí ÊÆã„Çä‚âà856Áßí
[08:30:54]   batch 22: 5353/91647 (5.8%) facts=11021 sanitized=0 ÁµåÈÅé=51Áßí ÊÆã„Çä‚âà816Áßí
[08:30:55]   batch 23: 5611/91647 (6.1%) facts=11523 sanitized=0 ÁµåÈÅé=51Áßí ÊÆã„Çä‚âà781Áßí
[08:30:55]   batch 24: 5843/91647 (6.4%) facts=12024 sanitized=0 ÁµåÈÅé=51Áßí ÊÆã„Çä‚âà751Áßí
[08:30:55]   batch 25: 6114/91647 (6.7%) facts=12526 sanitized=0 ÁµåÈÅé=51Áßí ÊÆã„Çä‚âà719Áßí
[08:30:55]   batch 26: 6350/91647 (6.9%) facts=13028 sanitized=0 ÁµåÈÅé=52Áßí ÊÆã„Çä‚âà693Áßí
[08:30:56]   batch 27: 6589/91647 (7.2%) facts=13530 sanitized=0 ÁµåÈÅé=52Áßí ÊÆã„Çä‚âà669Áßí
[08:30:56]   batch 28: 6851/91647 (7.5%) facts=14030 sanitized=0 ÁµåÈÅé=52Áßí ÊÆã„Çä‚âà643Áßí
[08:30:56]   batch 29: 7104/91647 (7.8%) facts=14531 sanitized=0 ÁµåÈÅé=52Áßí ÊÆã„Çä‚âà620Áßí
[08:30:56]   batch 30: 7345/91647 (8.0%) facts=15033 sanitized=0 ÁµåÈÅé=52Áßí ÊÆã„Çä‚âà600Áßí
[08:30:56]   batch 31: 7595/91647 (8.3%) facts=15535 sanitized=0 ÁµåÈÅé=52Áßí ÊÆã„Çä‚âà581Áßí
[08:30:56]   batch 32: 7841/91647 (8.6%) facts=16037 sanitized=0 ÁµåÈÅé=53Áßí ÊÆã„Çä‚âà562Áßí
[08:30:57]   batch 33: 8093/91647 (8.8%) facts=16537 sanitized=0 ÁµåÈÅé=53Áßí ÊÆã„Çä‚âà545Áßí
[08:30:57]   batch 34: 8328/91647 (9.1%) facts=17038 sanitized=0 ÁµåÈÅé=53Áßí ÊÆã„Çä‚âà530Áßí
[08:30:57]   batch 35: 8579/91647 (9.4%) facts=17538 sanitized=0 ÁµåÈÅé=53Áßí ÊÆã„Çä‚âà515Áßí
[08:30:57]   batch 36: 8802/91647 (9.6%) facts=18038 sanitized=0 ÁµåÈÅé=53Áßí ÊÆã„Çä‚âà502Áßí
[08:30:57]   batch 37: 9024/91647 (9.8%) facts=18538 sanitized=0 ÁµåÈÅé=53Áßí ÊÆã„Çä‚âà490Áßí
[08:30:57]   batch 38: 9252/91647 (10.1%) facts=19038 sanitized=0 ÁµåÈÅé=54Áßí ÊÆã„Çä‚âà478Áßí
[08:30:58]   batch 39: 9500/91647 (10.4%) facts=19540 sanitized=0 ÁµåÈÅé=54Áßí ÊÆã„Çä‚âà465Áßí
[08:30:58]   batch 40: 9736/91647 (10.6%) facts=20040 sanitized=0 ÁµåÈÅé=54Áßí ÊÆã„Çä‚âà454Áßí
[08:30:58]   batch 41: 9976/91647 (10.9%) facts=20542 sanitized=0 ÁµåÈÅé=54Áßí ÊÆã„Çä‚âà443Áßí
[08:30:58]   batch 42: 10242/91647 (11.2%) facts=21042 sanitized=0 ÁµåÈÅé=54Áßí ÊÆã„Çä‚âà432Áßí
[08:30:58]   batch 43: 10529/91647 (11.5%) facts=21543 sanitized=0 ÁµåÈÅé=54Áßí ÊÆã„Çä‚âà419Áßí
[08:30:58]   batch 44: 10826/91647 (11.8%) facts=22043 sanitized=0 ÁµåÈÅé=55Áßí ÊÆã„Çä‚âà408Áßí
[08:30:59]   batch 45: 11183/91647 (12.2%) facts=22543 sanitized=0 ÁµåÈÅé=55Áßí ÊÆã„Çä‚âà394Áßí
[08:30:59]   batch 46: 11461/91647 (12.5%) facts=23043 sanitized=0 ÁµåÈÅé=55Áßí ÊÆã„Çä‚âà384Áßí
[08:30:59]   batch 47: 11691/91647 (12.8%) facts=23545 sanitized=0 ÁµåÈÅé=55Áßí ÊÆã„Çä‚âà377Áßí
[08:30:59]   batch 48: 11963/91647 (13.1%) facts=24045 sanitized=0 ÁµåÈÅé=55Áßí ÊÆã„Çä‚âà368Áßí
[08:30:59]   batch 49: 12232/91647 (13.3%) facts=24546 sanitized=0 ÁµåÈÅé=55Áßí ÊÆã„Çä‚âà360Áßí
[08:30:59]   batch 50: 12468/91647 (13.6%) facts=25047 sanitized=0 ÁµåÈÅé=56Áßí ÊÆã„Çä‚âà353Áßí
[08:30:59]   batch 51: 12691/91647 (13.8%) facts=25548 sanitized=0 ÁµåÈÅé=56Áßí ÊÆã„Çä‚âà347Áßí
[08:31:00]   batch 52: 12933/91647 (14.1%) facts=26050 sanitized=0 ÁµåÈÅé=56Áßí ÊÆã„Çä‚âà340Áßí
[08:31:00]   batch 53: 13186/91647 (14.4%) facts=26550 sanitized=0 ÁµåÈÅé=56Áßí ÊÆã„Çä‚âà334Áßí
[08:31:00]   batch 54: 13413/91647 (14.6%) facts=27050 sanitized=0 ÁµåÈÅé=56Áßí ÊÆã„Çä‚âà328Áßí
[08:31:00]   batch 55: 13645/91647 (14.9%) facts=27550 sanitized=0 ÁµåÈÅé=56Áßí ÊÆã„Çä‚âà323Áßí
[08:31:00]   batch 56: 13902/91647 (15.2%) facts=28052 sanitized=0 ÁµåÈÅé=57Áßí ÊÆã„Çä‚âà317Áßí
[08:31:01]   batch 57: 14163/91647 (15.5%) facts=28554 sanitized=0 ÁµåÈÅé=57Áßí ÊÆã„Çä‚âà311Áßí
[08:31:01]   batch 58: 14394/91647 (15.7%) facts=29055 sanitized=0 ÁµåÈÅé=57Áßí ÊÆã„Çä‚âà306Áßí
[08:31:01]   batch 59: 14632/91647 (16.0%) facts=29556 sanitized=0 ÁµåÈÅé=57Áßí ÊÆã„Çä‚âà301Áßí
[08:31:01]   batch 60: 14860/91647 (16.2%) facts=30057 sanitized=0 ÁµåÈÅé=57Áßí ÊÆã„Çä‚âà296Áßí
[08:31:01] [SANITIZE] ÂÖÉÂÄ§„Åå10^16Ë∂Ö (5.40e+303): col=operating_profit val=5.4e+303 ticker=46850 fye=2028-03-31 Q=2Q
[08:31:01]   batch 61: 15079/91647 (16.5%) facts=30557 sanitized=1 ÁµåÈÅé=58Áßí ÊÆã„Çä‚âà292Áßí
[08:31:02]   batch 62: 15308/91647 (16.7%) facts=31057 sanitized=1 ÁµåÈÅé=58Áßí ÊÆã„Çä‚âà288Áßí
[08:31:02]   batch 63: 15538/91647 (17.0%) facts=31557 sanitized=1 ÁµåÈÅé=58Áßí ÊÆã„Çä‚âà284Áßí
[08:31:02]   batch 64: 15781/91647 (17.2%) facts=32059 sanitized=1 ÁµåÈÅé=58Áßí ÊÆã„Çä‚âà279Áßí
[08:31:02]   batch 65: 16031/91647 (17.5%) facts=32559 sanitized=1 ÁµåÈÅé=58Áßí ÊÆã„Çä‚âà275Áßí
[08:31:02]   batch 66: 16246/91647 (17.7%) facts=33059 sanitized=1 ÁµåÈÅé=58Áßí ÊÆã„Çä‚âà271Áßí
[08:31:02]   batch 67: 16482/91647 (18.0%) facts=33560 sanitized=1 ÁµåÈÅé=59Áßí ÊÆã„Çä‚âà268Áßí
[08:31:03]   batch 68: 16726/91647 (18.3%) facts=34060 sanitized=1 ÁµåÈÅé=59Áßí ÊÆã„Çä‚âà264Áßí
[08:31:03]   batch 69: 16952/91647 (18.5%) facts=34560 sanitized=1 ÁµåÈÅé=59Áßí ÊÆã„Çä‚âà260Áßí
[08:31:03]   batch 70: 17198/91647 (18.8%) facts=35060 sanitized=1 ÁµåÈÅé=59Áßí ÊÆã„Çä‚âà256Áßí
[08:31:03]   batch 71: 17433/91647 (19.0%) facts=35561 sanitized=1 ÁµåÈÅé=59Áßí ÊÆã„Çä‚âà253Áßí
[08:31:03]   batch 72: 17643/91647 (19.3%) facts=36063 sanitized=1 ÁµåÈÅé=60Áßí ÊÆã„Çä‚âà250Áßí
[08:31:04]   batch 73: 17871/91647 (19.5%) facts=36565 sanitized=1 ÁµåÈÅé=60Áßí ÊÆã„Çä‚âà247Áßí
[08:31:04]   batch 74: 18091/91647 (19.7%) facts=37066 sanitized=1 ÁµåÈÅé=60Áßí ÊÆã„Çä‚âà245Áßí
[08:31:04]   batch 75: 18339/91647 (20.0%) facts=37567 sanitized=1 ÁµåÈÅé=61Áßí ÊÆã„Çä‚âà242Áßí
[08:31:05]   batch 76: 18586/91647 (20.3%) facts=38069 sanitized=1 ÁµåÈÅé=61Áßí ÊÆã„Çä‚âà239Áßí
[08:31:05]   batch 77: 18841/91647 (20.6%) facts=38571 sanitized=1 ÁµåÈÅé=61Áßí ÊÆã„Çä‚âà237Áßí
[08:31:05]   batch 78: 19106/91647 (20.8%) facts=39073 sanitized=1 ÁµåÈÅé=61Áßí ÊÆã„Çä‚âà233Áßí
[08:31:05]   batch 79: 19341/91647 (21.1%) facts=39573 sanitized=1 ÁµåÈÅé=62Áßí ÊÆã„Çä‚âà231Áßí
[08:31:06]   batch 80: 19572/91647 (21.4%) facts=40075 sanitized=1 ÁµåÈÅé=62Áßí ÊÆã„Çä‚âà228Áßí
[08:31:06]   batch 81: 19836/91647 (21.6%) facts=40575 sanitized=1 ÁµåÈÅé=62Áßí ÊÆã„Çä‚âà225Áßí
[08:31:06]   batch 82: 20078/91647 (21.9%) facts=41076 sanitized=1 ÁµåÈÅé=62Áßí ÊÆã„Çä‚âà223Áßí
[08:31:06]   batch 83: 20331/91647 (22.2%) facts=41578 sanitized=1 ÁµåÈÅé=63Áßí ÊÆã„Çä‚âà220Áßí
[08:31:07]   batch 84: 20569/91647 (22.4%) facts=42079 sanitized=1 ÁµåÈÅé=63Áßí ÊÆã„Çä‚âà218Áßí
[08:31:07]   batch 85: 20845/91647 (22.7%) facts=42579 sanitized=1 ÁµåÈÅé=63Áßí ÊÆã„Çä‚âà215Áßí
[08:31:07]   batch 86: 21071/91647 (23.0%) facts=43081 sanitized=1 ÁµåÈÅé=63Áßí ÊÆã„Çä‚âà213Áßí
[08:31:07]   batch 87: 21320/91647 (23.3%) facts=43581 sanitized=1 ÁµåÈÅé=64Áßí ÊÆã„Çä‚âà210Áßí
[08:31:08]   batch 88: 21610/91647 (23.6%) facts=44083 sanitized=1 ÁµåÈÅé=64Áßí ÊÆã„Çä‚âà207Áßí
[08:31:08]   batch 89: 21846/91647 (23.8%) facts=44583 sanitized=1 ÁµåÈÅé=64Áßí ÊÆã„Çä‚âà205Áßí
[08:31:08]   batch 90: 22075/91647 (24.1%) facts=45083 sanitized=1 ÁµåÈÅé=64Áßí ÊÆã„Çä‚âà203Áßí
[08:31:08]   batch 91: 22295/91647 (24.3%) facts=45585 sanitized=1 ÁµåÈÅé=65Áßí ÊÆã„Çä‚âà201Áßí
[08:31:09]   batch 92: 22540/91647 (24.6%) facts=46086 sanitized=1 ÁµåÈÅé=65Áßí ÊÆã„Çä‚âà199Áßí
[08:31:09]   batch 93: 22782/91647 (24.9%) facts=46587 sanitized=1 ÁµåÈÅé=65Áßí ÊÆã„Çä‚âà196Áßí
[08:31:09]   batch 94: 23022/91647 (25.1%) facts=47089 sanitized=1 ÁµåÈÅé=65Áßí ÊÆã„Çä‚âà194Áßí
[08:31:09]   batch 95: 23276/91647 (25.4%) facts=47589 sanitized=1 ÁµåÈÅé=65Áßí ÊÆã„Çä‚âà192Áßí
[08:31:09]   batch 96: 23514/91647 (25.7%) facts=48090 sanitized=1 ÁµåÈÅé=66Áßí ÊÆã„Çä‚âà190Áßí
[08:31:10]   batch 97: 23763/91647 (25.9%) facts=48592 sanitized=1 ÁµåÈÅé=66Áßí ÊÆã„Çä‚âà188Áßí
[08:31:10]   batch 98: 24012/91647 (26.2%) facts=49093 sanitized=1 ÁµåÈÅé=66Áßí ÊÆã„Çä‚âà186Áßí
[08:31:10]   batch 99: 24252/91647 (26.5%) facts=49594 sanitized=1 ÁµåÈÅé=66Áßí ÊÆã„Çä‚âà184Áßí
[08:31:10]   batch 100: 24523/91647 (26.8%) facts=50096 sanitized=1 ÁµåÈÅé=66Áßí ÊÆã„Çä‚âà182Áßí
[08:31:10]   batch 101: 24745/91647 (27.0%) facts=50598 sanitized=1 ÁµåÈÅé=67Áßí ÊÆã„Çä‚âà180Áßí
[08:31:11]   batch 102: 24959/91647 (27.2%) facts=51099 sanitized=1 ÁµåÈÅé=67Áßí ÊÆã„Çä‚âà178Áßí
[08:31:11]   batch 103: 25195/91647 (27.5%) facts=51601 sanitized=1 ÁµåÈÅé=67Áßí ÊÆã„Çä‚âà177Áßí
[08:31:11]   batch 104: 25440/91647 (27.8%) facts=52102 sanitized=1 ÁµåÈÅé=67Áßí ÊÆã„Çä‚âà175Áßí
[08:31:11]   batch 105: 25667/91647 (28.0%) facts=52604 sanitized=1 ÁµåÈÅé=67Áßí ÊÆã„Çä‚âà173Áßí
[08:31:11]   batch 106: 25927/91647 (28.3%) facts=53105 sanitized=1 ÁµåÈÅé=68Áßí ÊÆã„Çä‚âà171Áßí
[08:31:11]   batch 107: 26181/91647 (28.6%) facts=53605 sanitized=1 ÁµåÈÅé=68Áßí ÊÆã„Çä‚âà169Áßí
[08:31:12]   batch 108: 26431/91647 (28.8%) facts=54105 sanitized=1 ÁµåÈÅé=68Áßí ÊÆã„Çä‚âà168Áßí
[08:31:12]   batch 109: 26671/91647 (29.1%) facts=54607 sanitized=1 ÁµåÈÅé=68Áßí ÊÆã„Çä‚âà166Áßí
[08:31:12]   batch 110: 26917/91647 (29.4%) facts=55107 sanitized=1 ÁµåÈÅé=68Áßí ÊÆã„Çä‚âà164Áßí
[08:31:12]   batch 111: 27158/91647 (29.6%) facts=55607 sanitized=1 ÁµåÈÅé=68Áßí ÊÆã„Çä‚âà162Áßí
[08:31:12]   batch 112: 27391/91647 (29.9%) facts=56107 sanitized=1 ÁµåÈÅé=69Áßí ÊÆã„Çä‚âà161Áßí
[08:31:13]   batch 113: 27667/91647 (30.2%) facts=56609 sanitized=1 ÁµåÈÅé=69Áßí ÊÆã„Çä‚âà159Áßí
[08:31:13]   batch 114: 27911/91647 (30.5%) facts=57111 sanitized=1 ÁµåÈÅé=69Áßí ÊÆã„Çä‚âà157Áßí
[08:31:13]   batch 115: 28150/91647 (30.7%) facts=57612 sanitized=1 ÁµåÈÅé=69Áßí ÊÆã„Çä‚âà156Áßí
[08:31:13]   batch 116: 28401/91647 (31.0%) facts=58112 sanitized=1 ÁµåÈÅé=69Áßí ÊÆã„Çä‚âà154Áßí
[08:31:13]   batch 117: 28632/91647 (31.2%) facts=58612 sanitized=1 ÁµåÈÅé=69Áßí ÊÆã„Çä‚âà153Áßí
[08:31:13]   batch 118: 28869/91647 (31.5%) facts=59113 sanitized=1 ÁµåÈÅé=70Áßí ÊÆã„Çä‚âà151Áßí
[08:31:14]   batch 119: 29100/91647 (31.8%) facts=59613 sanitized=1 ÁµåÈÅé=70Áßí ÊÆã„Çä‚âà150Áßí
[08:31:14]   batch 120: 29323/91647 (32.0%) facts=60115 sanitized=1 ÁµåÈÅé=70Áßí ÊÆã„Çä‚âà149Áßí
[08:31:14]   batch 121: 29609/91647 (32.3%) facts=60616 sanitized=1 ÁµåÈÅé=70Áßí ÊÆã„Çä‚âà147Áßí
[08:31:14]   batch 122: 29837/91647 (32.6%) facts=61116 sanitized=1 ÁµåÈÅé=70Áßí ÊÆã„Çä‚âà146Áßí
[08:31:14]   batch 123: 30067/91647 (32.8%) facts=61616 sanitized=1 ÁµåÈÅé=71Áßí ÊÆã„Çä‚âà145Áßí
[08:31:15]   batch 124: 30323/91647 (33.1%) facts=62117 sanitized=1 ÁµåÈÅé=71Áßí ÊÆã„Çä‚âà143Áßí
[08:31:15]   batch 125: 30554/91647 (33.3%) facts=62618 sanitized=1 ÁµåÈÅé=71Áßí ÊÆã„Çä‚âà142Áßí
[08:31:15]   batch 126: 30784/91647 (33.6%) facts=63118 sanitized=1 ÁµåÈÅé=71Áßí ÊÆã„Çä‚âà141Áßí
[08:31:15]   batch 127: 31018/91647 (33.8%) facts=63620 sanitized=1 ÁµåÈÅé=71Áßí ÊÆã„Çä‚âà139Áßí
[08:31:15]   batch 128: 31250/91647 (34.1%) facts=64122 sanitized=1 ÁµåÈÅé=71Áßí ÊÆã„Çä‚âà138Áßí
[08:31:15]   batch 129: 31491/91647 (34.4%) facts=64624 sanitized=1 ÁµåÈÅé=72Áßí ÊÆã„Çä‚âà137Áßí
[08:31:16]   batch 130: 31722/91647 (34.6%) facts=65126 sanitized=1 ÁµåÈÅé=72Áßí ÊÆã„Çä‚âà136Áßí
[08:31:16]   batch 131: 31943/91647 (34.9%) facts=65626 sanitized=1 ÁµåÈÅé=72Áßí ÊÆã„Çä‚âà135Áßí
[08:31:16]   batch 132: 32184/91647 (35.1%) facts=66126 sanitized=1 ÁµåÈÅé=72Áßí ÊÆã„Çä‚âà133Áßí
[08:31:16]   batch 133: 32427/91647 (35.4%) facts=66627 sanitized=1 ÁµåÈÅé=72Áßí ÊÆã„Çä‚âà132Áßí
[08:31:16]   batch 134: 32659/91647 (35.6%) facts=67129 sanitized=1 ÁµåÈÅé=73Áßí ÊÆã„Çä‚âà131Áßí
[08:31:17]   batch 135: 32901/91647 (35.9%) facts=67631 sanitized=1 ÁµåÈÅé=73Áßí ÊÆã„Çä‚âà130Áßí
[08:31:17]   batch 136: 33130/91647 (36.1%) facts=68131 sanitized=1 ÁµåÈÅé=73Áßí ÊÆã„Çä‚âà129Áßí
[08:31:17]   batch 137: 33374/91647 (36.4%) facts=68632 sanitized=1 ÁµåÈÅé=73Áßí ÊÆã„Çä‚âà128Áßí
[08:31:17]   batch 138: 33624/91647 (36.7%) facts=69133 sanitized=1 ÁµåÈÅé=73Áßí ÊÆã„Çä‚âà126Áßí
[08:31:17]   batch 139: 33863/91647 (36.9%) facts=69634 sanitized=1 ÁµåÈÅé=73Áßí ÊÆã„Çä‚âà125Áßí
[08:31:17]   batch 140: 34121/91647 (37.2%) facts=70134 sanitized=1 ÁµåÈÅé=74Áßí ÊÆã„Çä‚âà124Áßí
[08:31:18]   batch 141: 34405/91647 (37.5%) facts=70634 sanitized=1 ÁµåÈÅé=74Áßí ÊÆã„Çä‚âà123Áßí
[08:31:18]   batch 142: 34645/91647 (37.8%) facts=71136 sanitized=1 ÁµåÈÅé=74Áßí ÊÆã„Çä‚âà122Áßí
[08:31:18]   batch 143: 34876/91647 (38.1%) facts=71636 sanitized=1 ÁµåÈÅé=74Áßí ÊÆã„Çä‚âà121Áßí
[08:31:18]   batch 144: 35152/91647 (38.4%) facts=72137 sanitized=1 ÁµåÈÅé=74Áßí ÊÆã„Çä‚âà119Áßí
[08:31:18]   batch 145: 35405/91647 (38.6%) facts=72639 sanitized=1 ÁµåÈÅé=74Áßí ÊÆã„Çä‚âà118Áßí
[08:31:18]   batch 146: 35636/91647 (38.9%) facts=73139 sanitized=1 ÁµåÈÅé=75Áßí ÊÆã„Çä‚âà117Áßí
[08:31:19]   batch 147: 35913/91647 (39.2%) facts=73640 sanitized=1 ÁµåÈÅé=75Áßí ÊÆã„Çä‚âà116Áßí
[08:31:19]   batch 148: 36185/91647 (39.5%) facts=74140 sanitized=1 ÁµåÈÅé=75Áßí ÊÆã„Çä‚âà115Áßí
[08:31:19]   batch 149: 36466/91647 (39.8%) facts=74642 sanitized=1 ÁµåÈÅé=75Áßí ÊÆã„Çä‚âà114Áßí
[08:31:19]   batch 150: 36701/91647 (40.0%) facts=75143 sanitized=1 ÁµåÈÅé=75Áßí ÊÆã„Çä‚âà113Áßí
[08:31:19]   batch 151: 36957/91647 (40.3%) facts=75645 sanitized=1 ÁµåÈÅé=75Áßí ÊÆã„Çä‚âà112Áßí
[08:31:19]   batch 152: 37192/91647 (40.6%) facts=76147 sanitized=1 ÁµåÈÅé=76Áßí ÊÆã„Çä‚âà111Áßí
[08:31:20]   batch 153: 37460/91647 (40.9%) facts=76647 sanitized=1 ÁµåÈÅé=76Áßí ÊÆã„Çä‚âà110Áßí
[08:31:20]   batch 154: 37715/91647 (41.2%) facts=77148 sanitized=1 ÁµåÈÅé=76Áßí ÊÆã„Çä‚âà109Áßí
[08:31:20]   batch 155: 37947/91647 (41.4%) facts=77650 sanitized=1 ÁµåÈÅé=76Áßí ÊÆã„Çä‚âà108Áßí
[08:31:20]   batch 156: 38216/91647 (41.7%) facts=78151 sanitized=1 ÁµåÈÅé=76Áßí ÊÆã„Çä‚âà107Áßí
[08:31:20]   batch 157: 38438/91647 (41.9%) facts=78652 sanitized=1 ÁµåÈÅé=77Áßí ÊÆã„Çä‚âà106Áßí
[08:31:20]   batch 158: 38661/91647 (42.2%) facts=79153 sanitized=1 ÁµåÈÅé=77Áßí ÊÆã„Çä‚âà105Áßí
[08:31:21]   batch 159: 38907/91647 (42.5%) facts=79654 sanitized=1 ÁµåÈÅé=77Áßí ÊÆã„Çä‚âà104Áßí
[08:31:21]   batch 160: 39125/91647 (42.7%) facts=80155 sanitized=1 ÁµåÈÅé=77Áßí ÊÆã„Çä‚âà103Áßí
[08:31:21]   batch 161: 39365/91647 (43.0%) facts=80655 sanitized=1 ÁµåÈÅé=77Áßí ÊÆã„Çä‚âà102Áßí
[08:31:21]   batch 162: 39670/91647 (43.3%) facts=81157 sanitized=1 ÁµåÈÅé=77Áßí ÊÆã„Çä‚âà101Áßí
[08:31:21]   batch 163: 39923/91647 (43.6%) facts=81658 sanitized=1 ÁµåÈÅé=77Áßí ÊÆã„Çä‚âà100Áßí
[08:31:21]   batch 164: 40199/91647 (43.9%) facts=82159 sanitized=1 ÁµåÈÅé=78Áßí ÊÆã„Çä‚âà99Áßí
[08:31:22]   batch 165: 40468/91647 (44.2%) facts=82659 sanitized=1 ÁµåÈÅé=78Áßí ÊÆã„Çä‚âà98Áßí
[08:31:22]   batch 166: 40718/91647 (44.4%) facts=83160 sanitized=1 ÁµåÈÅé=78Áßí ÊÆã„Çä‚âà98Áßí
[08:31:22]   batch 167: 40949/91647 (44.7%) facts=83661 sanitized=1 ÁµåÈÅé=78Áßí ÊÆã„Çä‚âà97Áßí
[08:31:22]   batch 168: 41201/91647 (45.0%) facts=84163 sanitized=1 ÁµåÈÅé=78Áßí ÊÆã„Çä‚âà96Áßí
[08:31:22]   batch 169: 41453/91647 (45.2%) facts=84663 sanitized=1 ÁµåÈÅé=79Áßí ÊÆã„Çä‚âà95Áßí
[08:31:22]   batch 170: 41704/91647 (45.5%) facts=85165 sanitized=1 ÁµåÈÅé=79Áßí ÊÆã„Çä‚âà94Áßí
[08:31:23]   batch 171: 41947/91647 (45.8%) facts=85665 sanitized=1 ÁµåÈÅé=79Áßí ÊÆã„Çä‚âà93Áßí
[08:31:23]   batch 172: 42180/91647 (46.0%) facts=86167 sanitized=1 ÁµåÈÅé=79Áßí ÊÆã„Çä‚âà93Áßí
[08:31:23]   batch 173: 42436/91647 (46.3%) facts=86668 sanitized=1 ÁµåÈÅé=79Áßí ÊÆã„Çä‚âà92Áßí
[08:31:23]   batch 174: 42677/91647 (46.6%) facts=87168 sanitized=1 ÁµåÈÅé=79Áßí ÊÆã„Çä‚âà91Áßí
[08:31:23]   batch 175: 42961/91647 (46.9%) facts=87669 sanitized=1 ÁµåÈÅé=79Áßí ÊÆã„Çä‚âà90Áßí
[08:31:23]   batch 176: 43199/91647 (47.1%) facts=88169 sanitized=1 ÁµåÈÅé=80Áßí ÊÆã„Çä‚âà89Áßí
[08:31:23]   batch 177: 43437/91647 (47.4%) facts=88669 sanitized=1 ÁµåÈÅé=80Áßí ÊÆã„Çä‚âà88Áßí
[08:31:24]   batch 178: 43665/91647 (47.6%) facts=89170 sanitized=1 ÁµåÈÅé=80Áßí ÊÆã„Çä‚âà88Áßí
[08:31:24]   batch 179: 43869/91647 (47.9%) facts=89670 sanitized=1 ÁµåÈÅé=80Áßí ÊÆã„Çä‚âà87Áßí
[08:31:24]   batch 180: 44109/91647 (48.1%) facts=90170 sanitized=1 ÁµåÈÅé=80Áßí ÊÆã„Çä‚âà86Áßí
[08:31:24]   batch 181: 44340/91647 (48.4%) facts=90670 sanitized=1 ÁµåÈÅé=80Áßí ÊÆã„Çä‚âà86Áßí
[08:31:24]   batch 182: 44583/91647 (48.6%) facts=91170 sanitized=1 ÁµåÈÅé=80Áßí ÊÆã„Çä‚âà85Áßí
[08:31:24]   batch 183: 44820/91647 (48.9%) facts=91670 sanitized=1 ÁµåÈÅé=81Áßí ÊÆã„Çä‚âà84Áßí
[08:31:25]   batch 184: 45046/91647 (49.2%) facts=92172 sanitized=1 ÁµåÈÅé=81Áßí ÊÆã„Çä‚âà84Áßí
[08:31:25]   batch 185: 45257/91647 (49.4%) facts=92673 sanitized=1 ÁµåÈÅé=81Áßí ÊÆã„Çä‚âà83Áßí
[08:31:25]   batch 186: 45540/91647 (49.7%) facts=93173 sanitized=1 ÁµåÈÅé=81Áßí ÊÆã„Çä‚âà82Áßí
[08:31:25]   batch 187: 45845/91647 (50.0%) facts=93673 sanitized=1 ÁµåÈÅé=81Áßí ÊÆã„Çä‚âà81Áßí
[08:31:25]   batch 188: 46187/91647 (50.4%) facts=94173 sanitized=1 ÁµåÈÅé=81Áßí ÊÆã„Çä‚âà80Áßí
[08:31:25]   batch 189: 46428/91647 (50.7%) facts=94675 sanitized=1 ÁµåÈÅé=82Áßí ÊÆã„Çä‚âà79Áßí
[08:31:26]   batch 190: 46677/91647 (50.9%) facts=95177 sanitized=1 ÁµåÈÅé=82Áßí ÊÆã„Çä‚âà79Áßí
[08:31:26]   batch 191: 46899/91647 (51.2%) facts=95677 sanitized=1 ÁµåÈÅé=82Áßí ÊÆã„Çä‚âà78Áßí
[08:31:26]   batch 192: 47142/91647 (51.4%) facts=96178 sanitized=1 ÁµåÈÅé=82Áßí ÊÆã„Çä‚âà78Áßí
[08:31:26]   batch 193: 47385/91647 (51.7%) facts=96679 sanitized=1 ÁµåÈÅé=82Áßí ÊÆã„Çä‚âà77Áßí
[08:31:26]   batch 194: 47606/91647 (51.9%) facts=97181 sanitized=1 ÁµåÈÅé=82Áßí ÊÆã„Çä‚âà76Áßí
[08:31:26]   batch 195: 47834/91647 (52.2%) facts=97682 sanitized=1 ÁµåÈÅé=83Áßí ÊÆã„Çä‚âà76Áßí
[08:31:27]   batch 196: 48070/91647 (52.5%) facts=98183 sanitized=1 ÁµåÈÅé=83Áßí ÊÆã„Çä‚âà75Áßí
[08:31:27]   batch 197: 48289/91647 (52.7%) facts=98683 sanitized=1 ÁµåÈÅé=83Áßí ÊÆã„Çä‚âà74Áßí
[08:31:27]   batch 198: 48569/91647 (53.0%) facts=99183 sanitized=1 ÁµåÈÅé=83Áßí ÊÆã„Çä‚âà74Áßí
[08:31:27]   batch 199: 48851/91647 (53.3%) facts=99684 sanitized=1 ÁµåÈÅé=83Áßí ÊÆã„Çä‚âà73Áßí
[08:31:27]   batch 200: 49104/91647 (53.6%) facts=100185 sanitized=1 ÁµåÈÅé=83Áßí ÊÆã„Çä‚âà72Áßí
[08:31:27]   batch 201: 49353/91647 (53.9%) facts=100686 sanitized=1 ÁµåÈÅé=83Áßí ÊÆã„Çä‚âà72Áßí
[08:31:27]   batch 202: 49571/91647 (54.1%) facts=101186 sanitized=1 ÁµåÈÅé=84Áßí ÊÆã„Çä‚âà71Áßí
[08:31:28]   batch 203: 49803/91647 (54.3%) facts=101688 sanitized=1 ÁµåÈÅé=84Áßí ÊÆã„Çä‚âà70Áßí
[08:31:28]   batch 204: 50041/91647 (54.6%) facts=102188 sanitized=1 ÁµåÈÅé=84Áßí ÊÆã„Çä‚âà70Áßí
[08:31:28]   batch 205: 50284/91647 (54.9%) facts=102690 sanitized=1 ÁµåÈÅé=84Áßí ÊÆã„Çä‚âà69Áßí
[08:31:28]   batch 206: 50504/91647 (55.1%) facts=103190 sanitized=1 ÁµåÈÅé=84Áßí ÊÆã„Çä‚âà69Áßí
[08:31:28]   batch 207: 50747/91647 (55.4%) facts=103691 sanitized=1 ÁµåÈÅé=84Áßí ÊÆã„Çä‚âà68Áßí
[08:31:28]   batch 208: 51003/91647 (55.7%) facts=104191 sanitized=1 ÁµåÈÅé=85Áßí ÊÆã„Çä‚âà67Áßí
[08:31:28]   batch 209: 51232/91647 (55.9%) facts=104691 sanitized=1 ÁµåÈÅé=85Áßí ÊÆã„Çä‚âà67Áßí
[08:31:29]   batch 210: 51497/91647 (56.2%) facts=105193 sanitized=1 ÁµåÈÅé=85Áßí ÊÆã„Çä‚âà66Áßí
[08:31:29]   batch 211: 51726/91647 (56.4%) facts=105695 sanitized=1 ÁµåÈÅé=85Áßí ÊÆã„Çä‚âà66Áßí
[08:31:29]   batch 212: 51956/91647 (56.7%) facts=106196 sanitized=1 ÁµåÈÅé=85Áßí ÊÆã„Çä‚âà65Áßí
[08:31:29]   batch 213: 52198/91647 (57.0%) facts=106697 sanitized=1 ÁµåÈÅé=85Áßí ÊÆã„Çä‚âà64Áßí
[08:31:29]   batch 214: 52455/91647 (57.2%) facts=107197 sanitized=1 ÁµåÈÅé=85Áßí ÊÆã„Çä‚âà64Áßí
[08:31:29]   batch 215: 52686/91647 (57.5%) facts=107697 sanitized=1 ÁµåÈÅé=86Áßí ÊÆã„Çä‚âà63Áßí
[08:31:30]   batch 216: 52931/91647 (57.8%) facts=108198 sanitized=1 ÁµåÈÅé=86Áßí ÊÆã„Çä‚âà63Áßí
[08:31:30]   batch 217: 53164/91647 (58.0%) facts=108700 sanitized=1 ÁµåÈÅé=86Áßí ÊÆã„Çä‚âà62Áßí
[08:31:30]   batch 218: 53388/91647 (58.3%) facts=109201 sanitized=1 ÁµåÈÅé=86Áßí ÊÆã„Çä‚âà62Áßí
[08:31:30]   batch 219: 53628/91647 (58.5%) facts=109703 sanitized=1 ÁµåÈÅé=86Áßí ÊÆã„Çä‚âà61Áßí
[08:31:30]   batch 220: 53881/91647 (58.8%) facts=110205 sanitized=1 ÁµåÈÅé=86Áßí ÊÆã„Çä‚âà61Áßí
[08:31:30]   batch 221: 54131/91647 (59.1%) facts=110707 sanitized=1 ÁµåÈÅé=87Áßí ÊÆã„Çä‚âà60Áßí
[08:31:30]   batch 222: 54361/91647 (59.3%) facts=111208 sanitized=1 ÁµåÈÅé=87Áßí ÊÆã„Çä‚âà59Áßí
[08:31:31]   batch 223: 54615/91647 (59.6%) facts=111709 sanitized=1 ÁµåÈÅé=87Áßí ÊÆã„Çä‚âà59Áßí
[08:31:31]   batch 224: 54847/91647 (59.8%) facts=112211 sanitized=1 ÁµåÈÅé=87Áßí ÊÆã„Çä‚âà58Áßí
[08:31:31]   batch 225: 55093/91647 (60.1%) facts=112711 sanitized=1 ÁµåÈÅé=87Áßí ÊÆã„Çä‚âà58Áßí
[08:31:31]   batch 226: 55320/91647 (60.4%) facts=113213 sanitized=1 ÁµåÈÅé=87Áßí ÊÆã„Çä‚âà57Áßí
[08:31:31]   batch 227: 55551/91647 (60.6%) facts=113714 sanitized=1 ÁµåÈÅé=87Áßí ÊÆã„Çä‚âà57Áßí
[08:31:31]   batch 228: 55782/91647 (60.9%) facts=114215 sanitized=1 ÁµåÈÅé=87Áßí ÊÆã„Çä‚âà56Áßí
[08:31:31]   batch 229: 55982/91647 (61.1%) facts=114715 sanitized=1 ÁµåÈÅé=88Áßí ÊÆã„Çä‚âà56Áßí
[08:31:32]   batch 230: 56198/91647 (61.3%) facts=115216 sanitized=1 ÁµåÈÅé=88Áßí ÊÆã„Çä‚âà55Áßí
[08:31:32]   batch 231: 56410/91647 (61.6%) facts=115717 sanitized=1 ÁµåÈÅé=88Áßí ÊÆã„Çä‚âà55Áßí
[08:31:32]   batch 232: 56638/91647 (61.8%) facts=116217 sanitized=1 ÁµåÈÅé=88Áßí ÊÆã„Çä‚âà54Áßí
[08:31:32]   batch 233: 56865/91647 (62.0%) facts=116717 sanitized=1 ÁµåÈÅé=88Áßí ÊÆã„Çä‚âà54Áßí
[08:31:32]   batch 234: 57108/91647 (62.3%) facts=117219 sanitized=1 ÁµåÈÅé=88Áßí ÊÆã„Çä‚âà53Áßí
[08:31:32]   batch 235: 57346/91647 (62.6%) facts=117720 sanitized=1 ÁµåÈÅé=89Áßí ÊÆã„Çä‚âà53Áßí
[08:31:32]   batch 236: 57563/91647 (62.8%) facts=118220 sanitized=1 ÁµåÈÅé=89Áßí ÊÆã„Çä‚âà53Áßí
[08:31:33]   batch 237: 57781/91647 (63.0%) facts=118721 sanitized=1 ÁµåÈÅé=89Áßí ÊÆã„Çä‚âà52Áßí
[08:31:33]   batch 238: 58025/91647 (63.3%) facts=119223 sanitized=1 ÁµåÈÅé=89Áßí ÊÆã„Çä‚âà52Áßí
[08:31:33]   batch 239: 58259/91647 (63.6%) facts=119723 sanitized=1 ÁµåÈÅé=89Áßí ÊÆã„Çä‚âà51Áßí
[08:31:33]   batch 240: 58501/91647 (63.8%) facts=120225 sanitized=1 ÁµåÈÅé=89Áßí ÊÆã„Çä‚âà51Áßí
[08:31:33]   batch 241: 58752/91647 (64.1%) facts=120726 sanitized=1 ÁµåÈÅé=90Áßí ÊÆã„Çä‚âà50Áßí
[08:31:34]   batch 242: 58978/91647 (64.4%) facts=121226 sanitized=1 ÁµåÈÅé=90Áßí ÊÆã„Çä‚âà50Áßí
[08:31:34]   batch 243: 59210/91647 (64.6%) facts=121727 sanitized=1 ÁµåÈÅé=90Áßí ÊÆã„Çä‚âà49Áßí
[08:31:34]   batch 244: 59454/91647 (64.9%) facts=122227 sanitized=1 ÁµåÈÅé=90Áßí ÊÆã„Çä‚âà49Áßí
[08:31:34]   batch 245: 59673/91647 (65.1%) facts=122727 sanitized=1 ÁµåÈÅé=90Áßí ÊÆã„Çä‚âà48Áßí
[08:31:34]   batch 246: 59930/91647 (65.4%) facts=123227 sanitized=1 ÁµåÈÅé=90Áßí ÊÆã„Çä‚âà48Áßí
[08:31:34]   batch 247: 60199/91647 (65.7%) facts=123729 sanitized=1 ÁµåÈÅé=91Áßí ÊÆã„Çä‚âà47Áßí
[08:31:34]   batch 248: 60451/91647 (66.0%) facts=124230 sanitized=1 ÁµåÈÅé=91Áßí ÊÆã„Çä‚âà47Áßí
[08:31:35]   batch 249: 60695/91647 (66.2%) facts=124732 sanitized=1 ÁµåÈÅé=91Áßí ÊÆã„Çä‚âà46Áßí
[08:31:35]   batch 250: 60925/91647 (66.5%) facts=125233 sanitized=1 ÁµåÈÅé=91Áßí ÊÆã„Çä‚âà46Áßí
[08:31:35]   batch 251: 61144/91647 (66.7%) facts=125733 sanitized=1 ÁµåÈÅé=91Áßí ÊÆã„Çä‚âà45Áßí
[08:31:35]   batch 252: 61380/91647 (67.0%) facts=126234 sanitized=1 ÁµåÈÅé=91Áßí ÊÆã„Çä‚âà45Áßí
[08:31:35]   batch 253: 61626/91647 (67.2%) facts=126736 sanitized=1 ÁµåÈÅé=92Áßí ÊÆã„Çä‚âà45Áßí
[08:31:35]   batch 254: 61874/91647 (67.5%) facts=127238 sanitized=1 ÁµåÈÅé=92Áßí ÊÆã„Çä‚âà44Áßí
[08:31:36]   batch 255: 62108/91647 (67.8%) facts=127738 sanitized=1 ÁµåÈÅé=92Áßí ÊÆã„Çä‚âà44Áßí
[08:31:36]   batch 256: 62344/91647 (68.0%) facts=128238 sanitized=1 ÁµåÈÅé=92Áßí ÊÆã„Çä‚âà43Áßí
[08:31:36]   batch 257: 62579/91647 (68.3%) facts=128738 sanitized=1 ÁµåÈÅé=92Áßí ÊÆã„Çä‚âà43Áßí
[08:31:36]   batch 258: 62820/91647 (68.5%) facts=129239 sanitized=1 ÁµåÈÅé=92Áßí ÊÆã„Çä‚âà42Áßí
[08:31:36]   batch 259: 63060/91647 (68.8%) facts=129741 sanitized=1 ÁµåÈÅé=92Áßí ÊÆã„Çä‚âà42Áßí
[08:31:36]   batch 260: 63293/91647 (69.1%) facts=130243 sanitized=1 ÁµåÈÅé=93Áßí ÊÆã„Çä‚âà41Áßí
[08:31:37]   batch 261: 63533/91647 (69.3%) facts=130744 sanitized=1 ÁµåÈÅé=93Áßí ÊÆã„Çä‚âà41Áßí
[08:31:37]   batch 262: 63778/91647 (69.6%) facts=131244 sanitized=1 ÁµåÈÅé=93Áßí ÊÆã„Çä‚âà41Áßí
[08:31:37]   batch 263: 64045/91647 (69.9%) facts=131744 sanitized=1 ÁµåÈÅé=93Áßí ÊÆã„Çä‚âà40Áßí
[08:31:37]   batch 264: 64290/91647 (70.1%) facts=132246 sanitized=1 ÁµåÈÅé=93Áßí ÊÆã„Çä‚âà40Áßí
[08:31:37]   batch 265: 64520/91647 (70.4%) facts=132747 sanitized=1 ÁµåÈÅé=93Áßí ÊÆã„Çä‚âà39Áßí
[08:31:37]   batch 266: 64737/91647 (70.6%) facts=133248 sanitized=1 ÁµåÈÅé=94Áßí ÊÆã„Çä‚âà39Áßí
[08:31:38]   batch 267: 64959/91647 (70.9%) facts=133750 sanitized=1 ÁµåÈÅé=94Áßí ÊÆã„Çä‚âà39Áßí
[08:31:38]   batch 268: 65197/91647 (71.1%) facts=134251 sanitized=1 ÁµåÈÅé=94Áßí ÊÆã„Çä‚âà38Áßí
[08:31:38]   batch 269: 65452/91647 (71.4%) facts=134751 sanitized=1 ÁµåÈÅé=94Áßí ÊÆã„Çä‚âà38Áßí
[08:31:38]   batch 270: 65696/91647 (71.7%) facts=135253 sanitized=1 ÁµåÈÅé=95Áßí ÊÆã„Çä‚âà37Áßí
[08:31:39]   batch 271: 65930/91647 (71.9%) facts=135753 sanitized=1 ÁµåÈÅé=95Áßí ÊÆã„Çä‚âà37Áßí
[08:31:39]   batch 272: 66169/91647 (72.2%) facts=136253 sanitized=1 ÁµåÈÅé=95Áßí ÊÆã„Çä‚âà37Áßí
[08:31:39]   batch 273: 66397/91647 (72.4%) facts=136753 sanitized=1 ÁµåÈÅé=95Áßí ÊÆã„Çä‚âà36Áßí
[08:31:39]   batch 274: 66637/91647 (72.7%) facts=137253 sanitized=1 ÁµåÈÅé=95Áßí ÊÆã„Çä‚âà36Áßí
[08:31:39]   batch 275: 66854/91647 (72.9%) facts=137754 sanitized=1 ÁµåÈÅé=96Áßí ÊÆã„Çä‚âà35Áßí
[08:31:40]   batch 276: 67086/91647 (73.2%) facts=138256 sanitized=1 ÁµåÈÅé=96Áßí ÊÆã„Çä‚âà35Áßí
[08:31:40]   batch 277: 67325/91647 (73.5%) facts=138757 sanitized=1 ÁµåÈÅé=96Áßí ÊÆã„Çä‚âà35Áßí
[08:31:40]   batch 278: 67582/91647 (73.7%) facts=139259 sanitized=1 ÁµåÈÅé=96Áßí ÊÆã„Çä‚âà34Áßí
[08:31:40]   batch 279: 67797/91647 (74.0%) facts=139760 sanitized=1 ÁµåÈÅé=96Áßí ÊÆã„Çä‚âà34Áßí
[08:31:40]   batch 280: 68046/91647 (74.2%) facts=140262 sanitized=1 ÁµåÈÅé=96Áßí ÊÆã„Çä‚âà33Áßí
[08:31:40]   batch 281: 68279/91647 (74.5%) facts=140762 sanitized=1 ÁµåÈÅé=97Áßí ÊÆã„Çä‚âà33Áßí
[08:31:41]   batch 282: 68519/91647 (74.8%) facts=141262 sanitized=1 ÁµåÈÅé=97Áßí ÊÆã„Çä‚âà33Áßí
[08:31:41]   batch 283: 68752/91647 (75.0%) facts=141764 sanitized=1 ÁµåÈÅé=97Áßí ÊÆã„Çä‚âà32Áßí
[08:31:41]   batch 284: 69003/91647 (75.3%) facts=142265 sanitized=1 ÁµåÈÅé=97Áßí ÊÆã„Çä‚âà32Áßí
[08:31:41]   batch 285: 69248/91647 (75.6%) facts=142765 sanitized=1 ÁµåÈÅé=97Áßí ÊÆã„Çä‚âà31Áßí
[08:31:41]   batch 286: 69487/91647 (75.8%) facts=143266 sanitized=1 ÁµåÈÅé=97Áßí ÊÆã„Çä‚âà31Áßí
[08:31:41]   batch 287: 69714/91647 (76.1%) facts=143766 sanitized=1 ÁµåÈÅé=98Áßí ÊÆã„Çä‚âà31Áßí
[08:31:42]   batch 288: 69972/91647 (76.3%) facts=144267 sanitized=1 ÁµåÈÅé=98Áßí ÊÆã„Çä‚âà30Áßí
[08:31:42]   batch 289: 70221/91647 (76.6%) facts=144769 sanitized=1 ÁµåÈÅé=98Áßí ÊÆã„Çä‚âà30Áßí
[08:31:42]   batch 290: 70473/91647 (76.9%) facts=145269 sanitized=1 ÁµåÈÅé=98Áßí ÊÆã„Çä‚âà29Áßí
[08:31:42]   batch 291: 70707/91647 (77.2%) facts=145770 sanitized=1 ÁµåÈÅé=98Áßí ÊÆã„Çä‚âà29Áßí
[08:31:42]   batch 292: 70935/91647 (77.4%) facts=146272 sanitized=1 ÁµåÈÅé=99Áßí ÊÆã„Çä‚âà29Áßí
[08:31:43]   batch 293: 71163/91647 (77.6%) facts=146773 sanitized=1 ÁµåÈÅé=99Áßí ÊÆã„Çä‚âà28Áßí
[08:31:43]   batch 294: 71385/91647 (77.9%) facts=147274 sanitized=1 ÁµåÈÅé=99Áßí ÊÆã„Çä‚âà28Áßí
[08:31:43]   batch 295: 71603/91647 (78.1%) facts=147775 sanitized=1 ÁµåÈÅé=99Áßí ÊÆã„Çä‚âà28Áßí
[08:31:43]   batch 296: 71855/91647 (78.4%) facts=148277 sanitized=1 ÁµåÈÅé=99Áßí ÊÆã„Çä‚âà27Áßí
[08:31:43]   batch 297: 72089/91647 (78.7%) facts=148778 sanitized=1 ÁµåÈÅé=99Áßí ÊÆã„Çä‚âà27Áßí
[08:31:43]   batch 298: 72330/91647 (78.9%) facts=149278 sanitized=1 ÁµåÈÅé=100Áßí ÊÆã„Çä‚âà27Áßí
[08:31:44]   batch 299: 72591/91647 (79.2%) facts=149780 sanitized=1 ÁµåÈÅé=100Áßí ÊÆã„Çä‚âà26Áßí
[08:31:44]   batch 300: 72861/91647 (79.5%) facts=150280 sanitized=1 ÁµåÈÅé=100Áßí ÊÆã„Çä‚âà26Áßí
[08:31:44]   batch 301: 73103/91647 (79.8%) facts=150780 sanitized=1 ÁµåÈÅé=100Áßí ÊÆã„Çä‚âà25Áßí
[08:31:44]   batch 302: 73370/91647 (80.1%) facts=151280 sanitized=1 ÁµåÈÅé=100Áßí ÊÆã„Çä‚âà25Áßí
[08:31:44]   batch 303: 73619/91647 (80.3%) facts=151782 sanitized=1 ÁµåÈÅé=101Áßí ÊÆã„Çä‚âà25Áßí
[08:31:44]   batch 304: 73859/91647 (80.6%) facts=152284 sanitized=1 ÁµåÈÅé=101Áßí ÊÆã„Çä‚âà24Áßí
[08:31:45]   batch 305: 74118/91647 (80.9%) facts=152785 sanitized=1 ÁµåÈÅé=101Áßí ÊÆã„Çä‚âà24Áßí
[08:31:45]   batch 306: 74347/91647 (81.1%) facts=153287 sanitized=1 ÁµåÈÅé=101Áßí ÊÆã„Çä‚âà24Áßí
[08:31:45]   batch 307: 74584/91647 (81.4%) facts=153787 sanitized=1 ÁµåÈÅé=101Áßí ÊÆã„Çä‚âà23Áßí
[08:31:45]   batch 308: 74813/91647 (81.6%) facts=154287 sanitized=1 ÁµåÈÅé=101Áßí ÊÆã„Çä‚âà23Áßí
[08:31:45]   batch 309: 75057/91647 (81.9%) facts=154789 sanitized=1 ÁµåÈÅé=102Áßí ÊÆã„Çä‚âà22Áßí
[08:31:45]   batch 310: 75285/91647 (82.1%) facts=155289 sanitized=1 ÁµåÈÅé=102Áßí ÊÆã„Çä‚âà22Áßí
[08:31:46]   batch 311: 75507/91647 (82.4%) facts=155790 sanitized=1 ÁµåÈÅé=102Áßí ÊÆã„Çä‚âà22Áßí
[08:31:46]   batch 312: 75762/91647 (82.7%) facts=156292 sanitized=1 ÁµåÈÅé=102Áßí ÊÆã„Çä‚âà21Áßí
[08:31:46]   batch 313: 75999/91647 (82.9%) facts=156792 sanitized=1 ÁµåÈÅé=102Áßí ÊÆã„Çä‚âà21Áßí
[08:31:46]   batch 314: 76261/91647 (83.2%) facts=157294 sanitized=1 ÁµåÈÅé=102Áßí ÊÆã„Çä‚âà21Áßí
[08:31:46]   batch 315: 76521/91647 (83.5%) facts=157795 sanitized=1 ÁµåÈÅé=103Áßí ÊÆã„Çä‚âà20Áßí
[08:31:46]   batch 316: 76793/91647 (83.8%) facts=158295 sanitized=1 ÁµåÈÅé=103Áßí ÊÆã„Çä‚âà20Áßí
[08:31:47]   batch 317: 77073/91647 (84.1%) facts=158797 sanitized=1 ÁµåÈÅé=103Áßí ÊÆã„Çä‚âà19Áßí
[08:31:47]   batch 318: 77355/91647 (84.4%) facts=159299 sanitized=1 ÁµåÈÅé=103Áßí ÊÆã„Çä‚âà19Áßí
[08:31:47]   batch 319: 77604/91647 (84.7%) facts=159799 sanitized=1 ÁµåÈÅé=103Áßí ÊÆã„Çä‚âà19Áßí
[08:31:47]   batch 320: 77893/91647 (85.0%) facts=160299 sanitized=1 ÁµåÈÅé=103Áßí ÊÆã„Çä‚âà18Áßí
[08:31:47]   batch 321: 78270/91647 (85.4%) facts=160800 sanitized=1 ÁµåÈÅé=103Áßí ÊÆã„Çä‚âà18Áßí
[08:31:47]   batch 322: 78530/91647 (85.7%) facts=161301 sanitized=1 ÁµåÈÅé=104Áßí ÊÆã„Çä‚âà17Áßí
[08:31:48]   batch 323: 78788/91647 (86.0%) facts=161803 sanitized=1 ÁµåÈÅé=104Áßí ÊÆã„Çä‚âà17Áßí
[08:31:48]   batch 324: 79059/91647 (86.3%) facts=162305 sanitized=1 ÁµåÈÅé=104Áßí ÊÆã„Çä‚âà17Áßí
[08:31:48]   batch 325: 79311/91647 (86.5%) facts=162806 sanitized=1 ÁµåÈÅé=104Áßí ÊÆã„Çä‚âà16Áßí
[08:31:48]   batch 326: 79571/91647 (86.8%) facts=163307 sanitized=1 ÁµåÈÅé=104Áßí ÊÆã„Çä‚âà16Áßí
[08:31:48]   batch 327: 79821/91647 (87.1%) facts=163809 sanitized=1 ÁµåÈÅé=104Áßí ÊÆã„Çä‚âà15Áßí
[08:31:48]   batch 328: 80074/91647 (87.4%) facts=164309 sanitized=1 ÁµåÈÅé=105Áßí ÊÆã„Çä‚âà15Áßí
[08:31:48]   batch 329: 80336/91647 (87.7%) facts=164809 sanitized=1 ÁµåÈÅé=105Áßí ÊÆã„Çä‚âà15Áßí
[08:31:49]   batch 330: 80566/91647 (87.9%) facts=165310 sanitized=1 ÁµåÈÅé=105Áßí ÊÆã„Çä‚âà14Áßí
[08:31:49]   batch 331: 80838/91647 (88.2%) facts=165811 sanitized=1 ÁµåÈÅé=105Áßí ÊÆã„Çä‚âà14Áßí
[08:31:49]   batch 332: 81098/91647 (88.5%) facts=166311 sanitized=1 ÁµåÈÅé=105Áßí ÊÆã„Çä‚âà14Áßí
[08:31:49]   batch 333: 81340/91647 (88.8%) facts=166811 sanitized=1 ÁµåÈÅé=105Áßí ÊÆã„Çä‚âà13Áßí
[08:31:49]   batch 334: 81583/91647 (89.0%) facts=167313 sanitized=1 ÁµåÈÅé=106Áßí ÊÆã„Çä‚âà13Áßí
[08:31:50]   batch 335: 81853/91647 (89.3%) facts=167814 sanitized=1 ÁµåÈÅé=106Áßí ÊÆã„Çä‚âà13Áßí
[08:31:50]   batch 336: 82094/91647 (89.6%) facts=168316 sanitized=1 ÁµåÈÅé=106Áßí ÊÆã„Çä‚âà12Áßí
[08:31:50]   batch 337: 82344/91647 (89.8%) facts=168816 sanitized=1 ÁµåÈÅé=106Áßí ÊÆã„Çä‚âà12Áßí
[08:31:50]   batch 338: 82601/91647 (90.1%) facts=169316 sanitized=1 ÁµåÈÅé=106Áßí ÊÆã„Çä‚âà12Áßí
[08:31:50]   batch 339: 82872/91647 (90.4%) facts=169816 sanitized=1 ÁµåÈÅé=106Áßí ÊÆã„Çä‚âà11Áßí
[08:31:50]   batch 340: 83113/91647 (90.7%) facts=170318 sanitized=1 ÁµåÈÅé=106Áßí ÊÆã„Çä‚âà11Áßí
[08:31:50]   batch 341: 83387/91647 (91.0%) facts=170820 sanitized=1 ÁµåÈÅé=107Áßí ÊÆã„Çä‚âà11Áßí
[08:31:51]   batch 342: 83707/91647 (91.3%) facts=171321 sanitized=1 ÁµåÈÅé=107Áßí ÊÆã„Çä‚âà10Áßí
[08:31:51]   batch 343: 84021/91647 (91.7%) facts=171823 sanitized=1 ÁµåÈÅé=107Áßí ÊÆã„Çä‚âà10Áßí
[08:31:51]   batch 344: 84363/91647 (92.1%) facts=172325 sanitized=1 ÁµåÈÅé=107Áßí ÊÆã„Çä‚âà9Áßí
[08:31:51]   batch 345: 84647/91647 (92.4%) facts=172827 sanitized=1 ÁµåÈÅé=107Áßí ÊÆã„Çä‚âà9Áßí
[08:31:51]   batch 346: 84956/91647 (92.7%) facts=173327 sanitized=1 ÁµåÈÅé=107Áßí ÊÆã„Çä‚âà8Áßí
[08:31:51]   batch 347: 85250/91647 (93.0%) facts=173829 sanitized=1 ÁµåÈÅé=108Áßí ÊÆã„Çä‚âà8Áßí
[08:31:52]   batch 348: 85593/91647 (93.4%) facts=174330 sanitized=1 ÁµåÈÅé=108Áßí ÊÆã„Çä‚âà8Áßí
[08:31:52]   batch 349: 85890/91647 (93.7%) facts=174830 sanitized=1 ÁµåÈÅé=108Áßí ÊÆã„Çä‚âà7Áßí
[08:31:52]   batch 350: 86173/91647 (94.0%) facts=175332 sanitized=1 ÁµåÈÅé=108Áßí ÊÆã„Çä‚âà7Áßí
[08:31:52]   batch 351: 86534/91647 (94.4%) facts=175833 sanitized=1 ÁµåÈÅé=108Áßí ÊÆã„Çä‚âà6Áßí
[08:31:52]   batch 352: 86801/91647 (94.7%) facts=176335 sanitized=1 ÁµåÈÅé=108Áßí ÊÆã„Çä‚âà6Áßí
[08:31:52]   batch 353: 87082/91647 (95.0%) facts=176835 sanitized=1 ÁµåÈÅé=109Áßí ÊÆã„Çä‚âà6Áßí
[08:31:53]   batch 354: 87386/91647 (95.4%) facts=177337 sanitized=1 ÁµåÈÅé=109Áßí ÊÆã„Çä‚âà5Áßí
[08:31:53]   batch 355: 87784/91647 (95.8%) facts=177837 sanitized=1 ÁµåÈÅé=109Áßí ÊÆã„Çä‚âà5Áßí
[08:31:53]   batch 356: 88141/91647 (96.2%) facts=178338 sanitized=1 ÁµåÈÅé=109Áßí ÊÆã„Çä‚âà4Áßí
[08:31:53]   batch 357: 88478/91647 (96.5%) facts=178838 sanitized=1 ÁµåÈÅé=109Áßí ÊÆã„Çä‚âà4Áßí
[08:31:53]   batch 358: 88786/91647 (96.9%) facts=179339 sanitized=1 ÁµåÈÅé=110Áßí ÊÆã„Çä‚âà4Áßí
[08:31:53]   batch 359: 89175/91647 (97.3%) facts=179839 sanitized=1 ÁµåÈÅé=110Áßí ÊÆã„Çä‚âà3Áßí
[08:31:54]   batch 360: 89513/91647 (97.7%) facts=180341 sanitized=1 ÁµåÈÅé=110Áßí ÊÆã„Çä‚âà3Áßí
[08:31:54]   batch 361: 89791/91647 (98.0%) facts=180841 sanitized=1 ÁµåÈÅé=110Áßí ÊÆã„Çä‚âà2Áßí
[08:31:54]   batch 362: 90157/91647 (98.4%) facts=181343 sanitized=1 ÁµåÈÅé=110Áßí ÊÆã„Çä‚âà2Áßí
[08:31:54]   batch 363: 90451/91647 (98.7%) facts=181843 sanitized=1 ÁµåÈÅé=110Áßí ÊÆã„Çä‚âà1Áßí
[08:31:54]   batch 364: 90765/91647 (99.0%) facts=182344 sanitized=1 ÁµåÈÅé=111Áßí ÊÆã„Çä‚âà1Áßí
[08:31:55]   batch 365: 91128/91647 (99.4%) facts=182845 sanitized=1 ÁµåÈÅé=111Áßí ÊÆã„Çä‚âà1Áßí
[08:31:55]   batch 366: 91565/91647 (99.9%) facts=183346 sanitized=1 ÁµåÈÅé=111Áßí ÊÆã„Çä‚âà0Áßí
[08:31:55] [SANITIZE] scaledË∂ÖÈÅé (2.41e+17): col=sales val=241236000000.0 ticker=25900 fye=2026-01-31 Q=4Q
[08:31:55] [SANITIZE] scaledË∂ÖÈÅé (3.70e+16): col=sales val=36954000000.0 ticker=66350 fye=2025-12-31 Q=4Q
[08:31:55] [SANITIZE] scaledË∂ÖÈÅé (1.74e+17): col=sales val=174081000000.0 ticker=80570 fye=2026-07-31 Q=4Q
[08:31:55] [SANITIZE] scaledË∂ÖÈÅé (2.41e+17): col=sales val=241236000000.0 ticker=259 fye=2026-01-31 Q=4Q
[08:31:55] [SANITIZE] scaledË∂ÖÈÅé (3.70e+16): col=sales val=36954000000.0 ticker=6635 fye=2025-12-31 Q=4Q
[08:31:55] [SANITIZE] scaledË∂ÖÈÅé (1.74e+17): col=sales val=174081000000.0 ticker=8057 fye=2026-07-31 Q=4Q
[08:31:55] [SANITIZE] scaledË∂ÖÈÅé (4.20e+18): col=sales val=4197922000000.0 ticker=1928 fye=2026-01-31 Q=4Q
[08:31:55] [SANITIZE] scaledË∂ÖÈÅé (3.41e+17): col=operating_profit val=341402000000.0 ticker=1928 fye=2026-01-31 Q=4Q
[08:31:55] [SANITIZE] scaledË∂ÖÈÅé (2.02e+16): col=sales val=20246000000.0 ticker=759 fye=2026-01-31 Q=4Q
[08:31:55] [SANITIZE] scaledË∂ÖÈÅé (3.93e+16): col=sales val=39324000000.0 ticker=291 fye=2026-04-30 Q=4Q
[08:31:55] [SANITIZE] scaledË∂ÖÈÅé (3.63e+16): col=sales val=36272000000.0 ticker=9824 fye=2026-10-31 Q=4Q
[08:31:55] [SANITIZE] scaledË∂ÖÈÅé (1.06e+17): col=sales val=105571000000.0 ticker=7279 fye=2026-10-31 Q=4Q
[08:31:55] [SANITIZE] scaledË∂ÖÈÅé (3.57e+16): col=sales val=35709000000.0 ticker=4331 fye=2025-12-31 Q=4Q
[08:31:55] [SANITIZE] scaledË∂ÖÈÅé (1.50e+16): col=sales val=14961000000.0 ticker=319A fye=2025-12-31 Q=4Q
[08:31:55] [SANITIZE] scaledË∂ÖÈÅé (9.40e+15): col=sales val=9404000000.0 ticker=3733 fye=2026-10-31 Q=4Q
[08:31:55] [SANITIZE] scaledË∂ÖÈÅé (1.04e+16): col=sales val=10360000000.0 ticker=3854 fye=2026-07-31 Q=4Q
[08:31:55] [SANITIZE] scaledË∂ÖÈÅé (2.13e+16): col=sales val=21258000000.0 ticker=1873 fye=2026-04-30 Q=4Q
[08:31:55] [SANITIZE] scaledË∂ÖÈÅé (1.99e+16): col=sales val=19909000000.0 ticker=2353 fye=2026-07-31 Q=4Q
[08:31:55]   ‚Üí facts ÂÆå‰∫Ü: 183425 ‰ª∂ (sanitized=19) (111.3Áßí)
[08:31:55] [SANITIZE] === Áï∞Â∏∏ÂÄ§„Çµ„Éû„É™: 19 ‰ª∂ ===
[08:31:55] [SANITIZE] ÂàóÂà•‰ª∂Êï∞:
[08:31:55]   sales: 17 ‰ª∂
[08:31:55]   operating_profit: 2 ‰ª∂
[08:31:55] [SANITIZE] tickerÂà• ‰∏ä‰Ωç5:
[08:31:55]   1928: 2 ‰ª∂
[08:31:55]   46850: 1 ‰ª∂
[08:31:55]   25900: 1 ‰ª∂
[08:31:55]   66350: 1 ‰ª∂
[08:31:55]   80570: 1 ‰ª∂
[08:31:55] [SANITIZE] Ë©≤ÂΩìË°å Ë©≥Á¥∞:
[08:31:55]   [1] ticker=46850 fye=2028-03-31 Q=2Q col=operating_profit val=5.4e+303 reason=ÂÖÉÂÄ§„Åå10^16Ë∂Ö (5.40e+303) cause=Â∑®Â§ßÂÄ§ (ÊåáÊï∞=304, Âçò‰ΩçË™§„Çä„ÅÆÁñë„ÅÑ)
[08:31:55]   [2] ticker=25900 fye=2026-01-31 Q=4Q col=sales val=241236000000.0 reason=scaledË∂ÖÈÅé (2.41e+17) cause=‰∏çÊòé (scaledË∂ÖÈÅé (2.41e+17))
[08:31:55]        source_doc_id=e575776114b44bcb1a5194ba09f3cb6f0f6a321057235838a8f8e6e7e2fcbeb4
[08:31:55]        source_url=https://webapi.yanoshin.jp/rd.php?https://www.release.tdnet.info/inbs/140120260304575305.pdf
[08:31:55]   [3] ticker=66350 fye=2025-12-31 Q=4Q col=sales val=36954000000.0 reason=scaledË∂ÖÈÅé (3.70e+16) cause=‰∏çÊòé (scaledË∂ÖÈÅé (3.70e+16))
[08:31:55]        source_doc_id=fb5f157a80c7fef595ba383922642f5e653728903fb109536214f6a75c646cdc
[08:31:55]        source_url=https://webapi.yanoshin.jp/rd.php?https://www.release.tdnet.info/inbs/140120260227571645.pdf
[08:31:55]   [4] ticker=80570 fye=2026-07-31 Q=4Q col=sales val=174081000000.0 reason=scaledË∂ÖÈÅé (1.74e+17) cause=‰∏çÊòé (scaledË∂ÖÈÅé (1.74e+17))
[08:31:55]        source_doc_id=d7226d204ef18e1ed8bb7a5899c561d05ccfe4ae6703c55d87bb690986d122e5
[08:31:55]        source_url=https://webapi.yanoshin.jp/rd.php?https://www.release.tdnet.info/inbs/140120260304575655.pdf
[08:31:55]   [5] ticker=259 fye=2026-01-31 Q=4Q col=sales val=241236000000.0 reason=scaledË∂ÖÈÅé (2.41e+17) cause=‰∏çÊòé (scaledË∂ÖÈÅé (2.41e+17))
[08:31:55]        source_doc_id=e575776114b44bcb1a5194ba09f3cb6f0f6a321057235838a8f8e6e7e2fcbeb4
[08:31:55]        source_url=https://webapi.yanoshin.jp/rd.php?https://www.release.tdnet.info/inbs/140120260304575305.pdf
[08:31:55]   [6] ticker=6635 fye=2025-12-31 Q=4Q col=sales val=36954000000.0 reason=scaledË∂ÖÈÅé (3.70e+16) cause=‰∏çÊòé (scaledË∂ÖÈÅé (3.70e+16))
[08:31:55]        source_doc_id=fb5f157a80c7fef595ba383922642f5e653728903fb109536214f6a75c646cdc
[08:31:55]        source_url=https://webapi.yanoshin.jp/rd.php?https://www.release.tdnet.info/inbs/140120260227571645.pdf
[08:31:55]   [7] ticker=8057 fye=2026-07-31 Q=4Q col=sales val=174081000000.0 reason=scaledË∂ÖÈÅé (1.74e+17) cause=‰∏çÊòé (scaledË∂ÖÈÅé (1.74e+17))
[08:31:55]        source_doc_id=d7226d204ef18e1ed8bb7a5899c561d05ccfe4ae6703c55d87bb690986d122e5
[08:31:55]        source_url=https://webapi.yanoshin.jp/rd.php?https://www.release.tdnet.info/inbs/140120260304575655.pdf
[08:31:55]   [8] ticker=1928 fye=2026-01-31 Q=4Q col=sales val=4197922000000.0 reason=scaledË∂ÖÈÅé (4.20e+18) cause=‰∏çÊòé (scaledË∂ÖÈÅé (4.20e+18))
[08:31:55]        source_doc_id=9d76a7718fd1f381aaa5e6324c6483557df5cfd581c4cbf3e0dae838cf4b560c
[08:31:55]        source_url=https://webapi.yanoshin.jp/rd.php?https://www.release.tdnet.info/inbs/140120260304576061.pdf
[08:31:55]   [9] ticker=1928 fye=2026-01-31 Q=4Q col=operating_profit val=341402000000.0 reason=scaledË∂ÖÈÅé (3.41e+17) cause=‰∏çÊòé (scaledË∂ÖÈÅé (3.41e+17))
[08:31:55]        source_doc_id=9d76a7718fd1f381aaa5e6324c6483557df5cfd581c4cbf3e0dae838cf4b560c
[08:31:55]        source_url=https://webapi.yanoshin.jp/rd.php?https://www.release.tdnet.info/inbs/140120260304576061.pdf
[08:31:55]   [10] ticker=759 fye=2026-01-31 Q=4Q col=sales val=20246000000.0 reason=scaledË∂ÖÈÅé (2.02e+16) cause=‰∏çÊòé (scaledË∂ÖÈÅé (2.02e+16))
[08:31:55]        source_doc_id=52c4ddf5b8a757f7a0fa6b86a5c8c870a08556f468efdc20732724f2e124f8f0
[08:31:55]        source_url=https://webapi.yanoshin.jp/rd.php?https://www.release.tdnet.info/inbs/140120260304576008.pdf
[08:31:55]   [11] ticker=291 fye=2026-04-30 Q=4Q col=sales val=39324000000.0 reason=scaledË∂ÖÈÅé (3.93e+16) cause=‰∏çÊòé (scaledË∂ÖÈÅé (3.93e+16))
[08:31:55]        source_doc_id=ffa599449c7eba4ccff0dbaab62e50a9d3444b0897f214f8df277114943261a9
[08:31:55]        source_url=https://webapi.yanoshin.jp/rd.php?https://www.release.tdnet.info/inbs/140120260305576912.pdf
[08:31:55]   [12] ticker=9824 fye=2026-10-31 Q=4Q col=sales val=36272000000.0 reason=scaledË∂ÖÈÅé (3.63e+16) cause=‰∏çÊòé (scaledË∂ÖÈÅé (3.63e+16))
[08:31:55]        source_doc_id=4e11da79cdcad4fcffef85bb9d36b2733ce836e1cf8302e50965897230f9788e
[08:31:55]        source_url=https://webapi.yanoshin.jp/rd.php?https://www.release.tdnet.info/inbs/140120260306577313.pdf
[08:31:55]   [13] ticker=7279 fye=2026-10-31 Q=4Q col=sales val=105571000000.0 reason=scaledË∂ÖÈÅé (1.06e+17) cause=‰∏çÊòé (scaledË∂ÖÈÅé (1.06e+17))
[08:31:55]        source_doc_id=ab63c6d2d446d9c2f632e486b3df8c58e407220657979a279e330ec78862edb3
[08:31:55]        source_url=https://webapi.yanoshin.jp/rd.php?https://www.release.tdnet.info/inbs/140120260225569178.pdf
[08:31:55]   [14] ticker=4331 fye=2025-12-31 Q=4Q col=sales val=35709000000.0 reason=scaledË∂ÖÈÅé (3.57e+16) cause=‰∏çÊòé (scaledË∂ÖÈÅé (3.57e+16))
[08:31:55]        source_doc_id=d3137e4f111f0f539c8893d87fd13fdce2cea68267321916cd948ec2b4155c14
[08:31:55]        source_url=https://webapi.yanoshin.jp/rd.php?https://www.release.tdnet.info/inbs/140120260306577795.pdf
[08:31:55]   [15] ticker=319A fye=2025-12-31 Q=4Q col=sales val=14961000000.0 reason=scaledË∂ÖÈÅé (1.50e+16) cause=‰∏çÊòé (scaledË∂ÖÈÅé (1.50e+16))
[08:31:55]        source_doc_id=9014af0bc4a71d5222f9df6d516bb5f5c5c07e11f6f6fdd75981bc970a826303
[08:31:55]        source_url=https://webapi.yanoshin.jp/rd.php?https://www.release.tdnet.info/inbs/140120260305576615.pdf
[08:31:55]   [16] ticker=3733 fye=2026-10-31 Q=4Q col=sales val=9404000000.0 reason=scaledË∂ÖÈÅé (9.40e+15) cause=‰∏çÊòé (scaledË∂ÖÈÅé (9.40e+15))
[08:31:55]        source_doc_id=32fdea10e56e3506484abf9098217243b23bb68f28b0ba8241c0aa10bc48209d
[08:31:55]        source_url=https://webapi.yanoshin.jp/rd.php?https://www.release.tdnet.info/inbs/140120260305576840.pdf
[08:31:55]   [17] ticker=3854 fye=2026-07-31 Q=4Q col=sales val=10360000000.0 reason=scaledË∂ÖÈÅé (1.04e+16) cause=‰∏çÊòé (scaledË∂ÖÈÅé (1.04e+16))
[08:31:55]        source_doc_id=256b5590dd07ec504e21db6fcf1de41d2f5853ecf6ef25dd47cc3445ae8090e8
[08:31:55]        source_url=https://webapi.yanoshin.jp/rd.php?https://www.release.tdnet.info/inbs/140120260305576562.pdf
[08:31:55]   [18] ticker=1873 fye=2026-04-30 Q=4Q col=sales val=21258000000.0 reason=scaledË∂ÖÈÅé (2.13e+16) cause=‰∏çÊòé (scaledË∂ÖÈÅé (2.13e+16))
[08:31:55]        source_doc_id=7c45903fd67bf2785e8d64084ab575ba31ec3177327ebe7b44111d2c3c7c5170
[08:31:55]        source_url=https://webapi.yanoshin.jp/rd.php?https://www.release.tdnet.info/inbs/140120260305576938.pdf
[08:31:55]   [19] ticker=2353 fye=2026-07-31 Q=4Q col=sales val=19909000000.0 reason=scaledË∂ÖÈÅé (1.99e+16) cause=‰∏çÊòé (scaledË∂ÖÈÅé (1.99e+16))
[08:31:55]        source_doc_id=3fb293c6144b058c4201bee77af52dd057547d62b7e797474cd5cd27ae778f48
[08:31:55]        source_url=https://webapi.yanoshin.jp/rd.php?https://www.release.tdnet.info/inbs/140120260204547040.pdf
[08:31:55] [SANITIZE] === „Çµ„Éû„É™ÁµÇ‰∫Ü (19 ‰ª∂) ===
[08:31:55] [Phase 5/5] TDnet ‚Üí public.financials „Éï„É©„ÉÉ„ÉàÊäïÂÖ•...
[08:31:55] [FINANCIALS] ticker normalize: 78490 -> 7849
[08:31:55] [FINANCIALS] ticker normalize: 78490 -> 7849
[08:31:55] [FINANCIALS] ticker normalize: 78490 -> 7849
[08:31:55] [FINANCIALS] ticker normalize: 78490 -> 7849
[08:31:55] [FINANCIALS] ticker normalize: 78490 -> 7849
[08:31:56]   Êó¢Â≠ò financials: 0 Ë°å
[08:31:56] [Phase5] financials batch ‰æãÂ§ñ:
Traceback (most recent call last):
  File "C:\Users\takuy\OneDrive\tdnet-excel-input\tools\sqlite_to_supabase.py", line 1135, in push_sqlite_to_supabase
    api.upsert_batch_fast(
  File "C:\Users\takuy\OneDrive\tdnet-excel-input\tools\sqlite_to_supabase.py", line 474, in upsert_batch_fast
    self._request(
  File "C:\Users\takuy\OneDrive\tdnet-excel-input\tools\sqlite_to_supabase.py", line 394, in _request
    r.raise_for_status()
  File "C:\Users\takuy\OneDrive\tdnet-excel-input\.venv\Lib\site-packages\requests\models.py", line 1026, in raise_for_status
    raise HTTPError(http_error_msg, response=self)
requests.exceptions.HTTPError: 401 Client Error: Unauthorized for url: https://fvkvfekzoebcolssnteo.supabase.co/rest/v1/financials?on_conflict=ticker%2Cperiod%2Cquarter

[08:31:56] [Phase5] financials batch ‰æãÂ§ñ:
Traceback (most recent call last):
  File "C:\Users\takuy\OneDrive\tdnet-excel-input\tools\sqlite_to_supabase.py", line 1135, in push_sqlite_to_supabase
    api.upsert_batch_fast(
  File "C:\Users\takuy\OneDrive\tdnet-excel-input\tools\sqlite_to_supabase.py", line 474, in upsert_batch_fast
    self._request(
  File "C:\Users\takuy\OneDrive\tdnet-excel-input\tools\sqlite_to_supabase.py", line 394, in _request
    r.raise_for_status()
  File "C:\Users\takuy\OneDrive\tdnet-excel-input\.venv\Lib\site-packages\requests\models.py", line 1026, in raise_for_status
    raise HTTPError(http_error_msg, response=self)
requests.exceptions.HTTPError: 401 Client Error: Unauthorized for url: https://fvkvfekzoebcolssnteo.supabase.co/rest/v1/financials?on_conflict=ticker%2Cperiod%2Cquarter

[08:31:56] [Phase5] financials batch ‰æãÂ§ñ:
Traceback (most recent call last):
  File "C:\Users\takuy\OneDrive\tdnet-excel-input\tools\sqlite_to_supabase.py", line 1135, in push_sqlite_to_supabase
    api.upsert_batch_fast(
  File "C:\Users\takuy\OneDrive\tdnet-excel-input\tools\sqlite_to_supabase.py", line 474, in upsert_batch_fast
    self._request(
  File "C:\Users\takuy\OneDrive\tdnet-excel-input\tools\sqlite_to_supabase.py", line 394, in _request
    r.raise_for_status()
  File "C:\Users\takuy\OneDrive\tdnet-excel-input\.venv\Lib\site-packages\requests\models.py", line 1026, in raise_for_status
    raise HTTPError(http_error_msg, response=self)
requests.exceptions.HTTPError: 401 Client Error: Unauthorized for url: https://fvkvfekzoebcolssnteo.supabase.co/rest/v1/financials?on_conflict=ticker%2Cperiod%2Cquarter

[08:31:56] [Phase5] financials batch ‰æãÂ§ñ:
Traceback (most recent call last):
  File "C:\Users\takuy\OneDrive\tdnet-excel-input\tools\sqlite_to_supabase.py", line 1135, in push_sqlite_to_supabase
    api.upsert_batch_fast(
  File "C:\Users\takuy\OneDrive\tdnet-excel-input\tools\sqlite_to_supabase.py", line 474, in upsert_batch_fast
    self._request(
  File "C:\Users\takuy\OneDrive\tdnet-excel-input\tools\sqlite_to_supabase.py", line 394, in _request
    r.raise_for_status()
  File "C:\Users\takuy\OneDrive\tdnet-excel-input\.venv\Lib\site-packages\requests\models.py", line 1026, in raise_for_status
    raise HTTPError(http_error_msg, response=self)
requests.exceptions.HTTPError: 401 Client Error: Unauthorized for url: https://fvkvfekzoebcolssnteo.supabase.co/rest/v1/financials?on_conflict=ticker%2Cperiod%2Cquarter

[08:31:57] [Phase5] financials batch ‰æãÂ§ñ:
Traceback (most recent call last):
  File "C:\Users\takuy\OneDrive\tdnet-excel-input\tools\sqlite_to_supabase.py", line 1135, in push_sqlite_to_supabase
    api.upsert_batch_fast(
  File "C:\Users\takuy\OneDrive\tdnet-excel-input\tools\sqlite_to_supabase.py", line 474, in upsert_batch_fast
    self._request(
  File "C:\Users\takuy\OneDrive\tdnet-excel-input\tools\sqlite_to_supabase.py", line 394, in _request
    r.raise_for_status()
  File "C:\Users\takuy\OneDrive\tdnet-excel-input\.venv\Lib\site-packages\requests\models.py", line 1026, in raise_for_status
    raise HTTPError(http_error_msg, response=self)
requests.exceptions.HTTPError: 401 Client Error: Unauthorized for url: https://fvkvfekzoebcolssnteo.supabase.co/rest/v1/financials?on_conflict=ticker%2Cperiod%2Cquarter

[08:31:57] [Phase5] financials batch ‰æãÂ§ñ:
Traceback (most recent call last):
  File "C:\Users\takuy\OneDrive\tdnet-excel-input\tools\sqlite_to_supabase.py", line 1135, in push_sqlite_to_supabase
    api.upsert_batch_fast(
  File "C:\Users\takuy\OneDrive\tdnet-excel-input\tools\sqlite_to_supabase.py", line 474, in upsert_batch_fast
    self._request(
  File "C:\Users\takuy\OneDrive\tdnet-excel-input\tools\sqlite_to_supabase.py", line 394, in _request
    r.raise_for_status()
  File "C:\Users\takuy\OneDrive\tdnet-excel-input\.venv\Lib\site-packages\requests\models.py", line 1026, in raise_for_status
    raise HTTPError(http_error_msg, response=self)
requests.exceptions.HTTPError: 401 Client Error: Unauthorized for url: https://fvkvfekzoebcolssnteo.supabase.co/rest/v1/financials?on_conflict=ticker%2Cperiod%2Cquarter

[08:31:57] [Phase5] financials batch ‰æãÂ§ñ:
Traceback (most recent call last):
  File "C:\Users\takuy\OneDrive\tdnet-excel-input\tools\sqlite_to_supabase.py", line 1135, in push_sqlite_to_supabase
    api.upsert_batch_fast(
  File "C:\Users\takuy\OneDrive\tdnet-excel-input\tools\sqlite_to_supabase.py", line 474, in upsert_batch_fast
    self._request(
  File "C:\Users\takuy\OneDrive\tdnet-excel-input\tools\sqlite_to_supabase.py", line 394, in _request
    r.raise_for_status()
  File "C:\Users\takuy\OneDrive\tdnet-excel-input\.venv\Lib\site-packages\requests\models.py", line 1026, in raise_for_status
    raise HTTPError(http_error_msg, response=self)
requests.exceptions.HTTPError: 401 Client Error: Unauthorized for url: https://fvkvfekzoebcolssnteo.supabase.co/rest/v1/financials?on_conflict=ticker%2Cperiod%2Cquarter

[08:31:57] [Phase5] financials batch ‰æãÂ§ñ:
Traceback (most recent call last):
  File "C:\Users\takuy\OneDrive\tdnet-excel-input\tools\sqlite_to_supabase.py", line 1135, in push_sqlite_to_supabase
    api.upsert_batch_fast(
  File "C:\Users\takuy\OneDrive\tdnet-excel-input\tools\sqlite_to_supabase.py", line 474, in upsert_batch_fast
    self._request(
  File "C:\Users\takuy\OneDrive\tdnet-excel-input\tools\sqlite_to_supabase.py", line 394, in _request
    r.raise_for_status()
  File "C:\Users\takuy\OneDrive\tdnet-excel-input\.venv\Lib\site-packages\requests\models.py", line 1026, in raise_for_status
    raise HTTPError(http_error_msg, response=self)
requests.exceptions.HTTPError: 401 Client Error: Unauthorized for url: https://fvkvfekzoebcolssnteo.supabase.co/rest/v1/financials?on_conflict=ticker%2Cperiod%2Cquarter

[08:31:57] [Phase5] financials batch ‰æãÂ§ñ:
Traceback (most recent call last):
  File "C:\Users\takuy\OneDrive\tdnet-excel-input\tools\sqlite_to_supabase.py", line 1135, in push_sqlite_to_supabase
    api.upsert_batch_fast(
  File "C:\Users\takuy\OneDrive\tdnet-excel-input\tools\sqlite_to_supabase.py", line 474, in upsert_batch_fast
    self._request(
  File "C:\Users\takuy\OneDrive\tdnet-excel-input\tools\sqlite_to_supabase.py", line 394, in _request
    r.raise_for_status()
  File "C:\Users\takuy\OneDrive\tdnet-excel-input\.venv\Lib\site-packages\requests\models.py", line 1026, in raise_for_status
    raise HTTPError(http_error_msg, response=self)
requests.exceptions.HTTPError: 401 Client Error: Unauthorized for url: https://fvkvfekzoebcolssnteo.supabase.co/rest/v1/financials?on_conflict=ticker%2Cperiod%2Cquarter

[08:31:57] [Phase5] financials batch ‰æãÂ§ñ:
Traceback (most recent call last):
  File "C:\Users\takuy\OneDrive\tdnet-excel-input\tools\sqlite_to_supabase.py", line 1135, in push_sqlite_to_supabase
    api.upsert_batch_fast(
  File "C:\Users\takuy\OneDrive\tdnet-excel-input\tools\sqlite_to_supabase.py", line 474, in upsert_batch_fast
    self._request(
  File "C:\Users\takuy\OneDrive\tdnet-excel-input\tools\sqlite_to_supabase.py", line 394, in _request
    r.raise_for_status()
  File "C:\Users\takuy\OneDrive\tdnet-excel-input\.venv\Lib\site-packages\requests\models.py", line 1026, in raise_for_status
    raise HTTPError(http_error_msg, response=self)
requests.exceptions.HTTPError: 401 Client Error: Unauthorized for url: https://fvkvfekzoebcolssnteo.supabase.co/rest/v1/financials?on_conflict=ticker%2Cperiod%2Cquarter

[08:31:57] [Phase5] financials batch ‰æãÂ§ñ:
Traceback (most recent call last):
  File "C:\Users\takuy\OneDrive\tdnet-excel-input\tools\sqlite_to_supabase.py", line 1135, in push_sqlite_to_supabase
    api.upsert_batch_fast(
  File "C:\Users\takuy\OneDrive\tdnet-excel-input\tools\sqlite_to_supabase.py", line 474, in upsert_batch_fast
    self._request(
  File "C:\Users\takuy\OneDrive\tdnet-excel-input\tools\sqlite_to_supabase.py", line 394, in _request
    r.raise_for_status()
  File "C:\Users\takuy\OneDrive\tdnet-excel-input\.venv\Lib\site-packages\requests\models.py", line 1026, in raise_for_status
    raise HTTPError(http_error_msg, response=self)
requests.exceptions.HTTPError: 401 Client Error: Unauthorized for url: https://fvkvfekzoebcolssnteo.supabase.co/rest/v1/financials?on_conflict=ticker%2Cperiod%2Cquarter

[08:31:58] [Phase5] financials batch ‰æãÂ§ñ:
Traceback (most recent call last):
  File "C:\Users\takuy\OneDrive\tdnet-excel-input\tools\sqlite_to_supabase.py", line 1135, in push_sqlite_to_supabase
    api.upsert_batch_fast(
  File "C:\Users\takuy\OneDrive\tdnet-excel-input\tools\sqlite_to_supabase.py", line 474, in upsert_batch_fast
    self._request(
  File "C:\Users\takuy\OneDrive\tdnet-excel-input\tools\sqlite_to_supabase.py", line 394, in _request
    r.raise_for_status()
  File "C:\Users\takuy\OneDrive\tdnet-excel-input\.venv\Lib\site-packages\requests\models.py", line 1026, in raise_for_status
    raise HTTPError(http_error_msg, response=self)
requests.exceptions.HTTPError: 401 Client Error: Unauthorized for url: https://fvkvfekzoebcolssnteo.supabase.co/rest/v1/financials?on_conflict=ticker%2Cperiod%2Cquarter

[08:31:58] [Phase5] financials batch ‰æãÂ§ñ:
Traceback (most recent call last):
  File "C:\Users\takuy\OneDrive\tdnet-excel-input\tools\sqlite_to_supabase.py", line 1135, in push_sqlite_to_supabase
    api.upsert_batch_fast(
  File "C:\Users\takuy\OneDrive\tdnet-excel-input\tools\sqlite_to_supabase.py", line 474, in upsert_batch_fast
    self._request(
  File "C:\Users\takuy\OneDrive\tdnet-excel-input\tools\sqlite_to_supabase.py", line 394, in _request
    r.raise_for_status()
  File "C:\Users\takuy\OneDrive\tdnet-excel-input\.venv\Lib\site-packages\requests\models.py", line 1026, in raise_for_status
    raise HTTPError(http_error_msg, response=self)
requests.exceptions.HTTPError: 401 Client Error: Unauthorized for url: https://fvkvfekzoebcolssnteo.supabase.co/rest/v1/financials?on_conflict=ticker%2Cperiod%2Cquarter

[08:31:58] [Phase5] financials batch ‰æãÂ§ñ:
Traceback (most recent call last):
  File "C:\Users\takuy\OneDrive\tdnet-excel-input\tools\sqlite_to_supabase.py", line 1135, in push_sqlite_to_supabase
    api.upsert_batch_fast(
  File "C:\Users\takuy\OneDrive\tdnet-excel-input\tools\sqlite_to_supabase.py", line 474, in upsert_batch_fast
    self._request(
  File "C:\Users\takuy\OneDrive\tdnet-excel-input\tools\sqlite_to_supabase.py", line 394, in _request
    r.raise_for_status()
  File "C:\Users\takuy\OneDrive\tdnet-excel-input\.venv\Lib\site-packages\requests\models.py", line 1026, in raise_for_status
    raise HTTPError(http_error_msg, response=self)
requests.exceptions.HTTPError: 401 Client Error: Unauthorized for url: https://fvkvfekzoebcolssnteo.supabase.co/rest/v1/financials?on_conflict=ticker%2Cperiod%2Cquarter

[08:31:58] [Phase5] financials batch ‰æãÂ§ñ:
Traceback (most recent call last):
  File "C:\Users\takuy\OneDrive\tdnet-excel-input\tools\sqlite_to_supabase.py", line 1135, in push_sqlite_to_supabase
    api.upsert_batch_fast(
  File "C:\Users\takuy\OneDrive\tdnet-excel-input\tools\sqlite_to_supabase.py", line 474, in upsert_batch_fast
    self._request(
  File "C:\Users\takuy\OneDrive\tdnet-excel-input\tools\sqlite_to_supabase.py", line 394, in _request
    r.raise_for_status()
  File "C:\Users\takuy\OneDrive\tdnet-excel-input\.venv\Lib\site-packages\requests\models.py", line 1026, in raise_for_status
    raise HTTPError(http_error_msg, response=self)
requests.exceptions.HTTPError: 401 Client Error: Unauthorized for url: https://fvkvfekzoebcolssnteo.supabase.co/rest/v1/financials?on_conflict=ticker%2Cperiod%2Cquarter

[08:31:58] [Phase5] financials batch ‰æãÂ§ñ:
Traceback (most recent call last):
  File "C:\Users\takuy\OneDrive\tdnet-excel-input\tools\sqlite_to_supabase.py", line 1135, in push_sqlite_to_supabase
    api.upsert_batch_fast(
  File "C:\Users\takuy\OneDrive\tdnet-excel-input\tools\sqlite_to_supabase.py", line 474, in upsert_batch_fast
    self._request(
  File "C:\Users\takuy\OneDrive\tdnet-excel-input\tools\sqlite_to_supabase.py", line 394, in _request
    r.raise_for_status()
  File "C:\Users\takuy\OneDrive\tdnet-excel-input\.venv\Lib\site-packages\requests\models.py", line 1026, in raise_for_status
    raise HTTPError(http_error_msg, response=self)
requests.exceptions.HTTPError: 401 Client Error: Unauthorized for url: https://fvkvfekzoebcolssnteo.supabase.co/rest/v1/financials?on_conflict=ticker%2Cperiod%2Cquarter

[08:31:58] [Phase5] financials batch ‰æãÂ§ñ:
Traceback (most recent call last):
  File "C:\Users\takuy\OneDrive\tdnet-excel-input\tools\sqlite_to_supabase.py", line 1135, in push_sqlite_to_supabase
    api.upsert_batch_fast(
  File "C:\Users\takuy\OneDrive\tdnet-excel-input\tools\sqlite_to_supabase.py", line 474, in upsert_batch_fast
    self._request(
  File "C:\Users\takuy\OneDrive\tdnet-excel-input\tools\sqlite_to_supabase.py", line 394, in _request
    r.raise_for_status()
  File "C:\Users\takuy\OneDrive\tdnet-excel-input\.venv\Lib\site-packages\requests\models.py", line 1026, in raise_for_status
    raise HTTPError(http_error_msg, response=self)
requests.exceptions.HTTPError: 401 Client Error: Unauthorized for url: https://fvkvfekzoebcolssnteo.supabase.co/rest/v1/financials?on_conflict=ticker%2Cperiod%2Cquarter

[08:31:58] [Phase5] financials batch ‰æãÂ§ñ:
Traceback (most recent call last):
  File "C:\Users\takuy\OneDrive\tdnet-excel-input\tools\sqlite_to_supabase.py", line 1135, in push_sqlite_to_supabase
    api.upsert_batch_fast(
  File "C:\Users\takuy\OneDrive\tdnet-excel-input\tools\sqlite_to_supabase.py", line 474, in upsert_batch_fast
    self._request(
  File "C:\Users\takuy\OneDrive\tdnet-excel-input\tools\sqlite_to_supabase.py", line 394, in _request
    r.raise_for_status()
  File "C:\Users\takuy\OneDrive\tdnet-excel-input\.venv\Lib\site-packages\requests\models.py", line 1026, in raise_for_status
    raise HTTPError(http_error_msg, response=self)
requests.exceptions.HTTPError: 401 Client Error: Unauthorized for url: https://fvkvfekzoebcolssnteo.supabase.co/rest/v1/financials?on_conflict=ticker%2Cperiod%2Cquarter

[08:31:58] [Phase5] financials batch ‰æãÂ§ñ:
Traceback (most recent call last):
  File "C:\Users\takuy\OneDrive\tdnet-excel-input\tools\sqlite_to_supabase.py", line 1135, in push_sqlite_to_supabase
    api.upsert_batch_fast(
  File "C:\Users\takuy\OneDrive\tdnet-excel-input\tools\sqlite_to_supabase.py", line 474, in upsert_batch_fast
    self._request(
  File "C:\Users\takuy\OneDrive\tdnet-excel-input\tools\sqlite_to_supabase.py", line 394, in _request
    r.raise_for_status()
  File "C:\Users\takuy\OneDrive\tdnet-excel-input\.venv\Lib\site-packages\requests\models.py", line 1026, in raise_for_status
    raise HTTPError(http_error_msg, response=self)
requests.exceptions.HTTPError: 401 Client Error: Unauthorized for url: https://fvkvfekzoebcolssnteo.supabase.co/rest/v1/financials?on_conflict=ticker%2Cperiod%2Cquarter

[08:31:59] [Phase5] financials batch ‰æãÂ§ñ:
Traceback (most recent call last):
  File "C:\Users\takuy\OneDrive\tdnet-excel-input\tools\sqlite_to_supabase.py", line 1135, in push_sqlite_to_supabase
    api.upsert_batch_fast(
  File "C:\Users\takuy\OneDrive\tdnet-excel-input\tools\sqlite_to_supabase.py", line 474, in upsert_batch_fast
    self._request(
  File "C:\Users\takuy\OneDrive\tdnet-excel-input\tools\sqlite_to_supabase.py", line 394, in _request
    r.raise_for_status()
  File "C:\Users\takuy\OneDrive\tdnet-excel-input\.venv\Lib\site-packages\requests\models.py", line 1026, in raise_for_status
    raise HTTPError(http_error_msg, response=self)
requests.exceptions.HTTPError: 401 Client Error: Unauthorized for url: https://fvkvfekzoebcolssnteo.supabase.co/rest/v1/financials?on_conflict=ticker%2Cperiod%2Cquarter

[08:31:59] [Phase5] financials batch ‰æãÂ§ñ:
Traceback (most recent call last):
  File "C:\Users\takuy\OneDrive\tdnet-excel-input\tools\sqlite_to_supabase.py", line 1135, in push_sqlite_to_supabase
    api.upsert_batch_fast(
  File "C:\Users\takuy\OneDrive\tdnet-excel-input\tools\sqlite_to_supabase.py", line 474, in upsert_batch_fast
    self._request(
  File "C:\Users\takuy\OneDrive\tdnet-excel-input\tools\sqlite_to_supabase.py", line 394, in _request
    r.raise_for_status()
  File "C:\Users\takuy\OneDrive\tdnet-excel-input\.venv\Lib\site-packages\requests\models.py", line 1026, in raise_for_status
    raise HTTPError(http_error_msg, response=self)
requests.exceptions.HTTPError: 401 Client Error: Unauthorized for url: https://fvkvfekzoebcolssnteo.supabase.co/rest/v1/financials?on_conflict=ticker%2Cperiod%2Cquarter

[08:31:59] [Phase5] financials batch ‰æãÂ§ñ:
Traceback (most recent call last):
  File "C:\Users\takuy\OneDrive\tdnet-excel-input\tools\sqlite_to_supabase.py", line 1135, in push_sqlite_to_supabase
    api.upsert_batch_fast(
  File "C:\Users\takuy\OneDrive\tdnet-excel-input\tools\sqlite_to_supabase.py", line 474, in upsert_batch_fast
    self._request(
  File "C:\Users\takuy\OneDrive\tdnet-excel-input\tools\sqlite_to_supabase.py", line 394, in _request
    r.raise_for_status()
  File "C:\Users\takuy\OneDrive\tdnet-excel-input\.venv\Lib\site-packages\requests\models.py", line 1026, in raise_for_status
    raise HTTPError(http_error_msg, response=self)
requests.exceptions.HTTPError: 401 Client Error: Unauthorized for url: https://fvkvfekzoebcolssnteo.supabase.co/rest/v1/financials?on_conflict=ticker%2Cperiod%2Cquarter

[08:31:59] [Phase5] financials batch ‰æãÂ§ñ:
Traceback (most recent call last):
  File "C:\Users\takuy\OneDrive\tdnet-excel-input\tools\sqlite_to_supabase.py", line 1135, in push_sqlite_to_supabase
    api.upsert_batch_fast(
  File "C:\Users\takuy\OneDrive\tdnet-excel-input\tools\sqlite_to_supabase.py", line 474, in upsert_batch_fast
    self._request(
  File "C:\Users\takuy\OneDrive\tdnet-excel-input\tools\sqlite_to_supabase.py", line 394, in _request
    r.raise_for_status()
  File "C:\Users\takuy\OneDrive\tdnet-excel-input\.venv\Lib\site-packages\requests\models.py", line 1026, in raise_for_status
    raise HTTPError(http_error_msg, response=self)
requests.exceptions.HTTPError: 401 Client Error: Unauthorized for url: https://fvkvfekzoebcolssnteo.supabase.co/rest/v1/financials?on_conflict=ticker%2Cperiod%2Cquarter

[08:31:59] [Phase5] financials batch ‰æãÂ§ñ:
Traceback (most recent call last):
  File "C:\Users\takuy\OneDrive\tdnet-excel-input\tools\sqlite_to_supabase.py", line 1135, in push_sqlite_to_supabase
    api.upsert_batch_fast(
  File "C:\Users\takuy\OneDrive\tdnet-excel-input\tools\sqlite_to_supabase.py", line 474, in upsert_batch_fast
    self._request(
  File "C:\Users\takuy\OneDrive\tdnet-excel-input\tools\sqlite_to_supabase.py", line 394, in _request
    r.raise_for_status()
  File "C:\Users\takuy\OneDrive\tdnet-excel-input\.venv\Lib\site-packages\requests\models.py", line 1026, in raise_for_status
    raise HTTPError(http_error_msg, response=self)
requests.exceptions.HTTPError: 401 Client Error: Unauthorized for url: https://fvkvfekzoebcolssnteo.supabase.co/rest/v1/financials?on_conflict=ticker%2Cperiod%2Cquarter

[08:31:59] [Phase5] financials batch ‰æãÂ§ñ:
Traceback (most recent call last):
  File "C:\Users\takuy\OneDrive\tdnet-excel-input\tools\sqlite_to_supabase.py", line 1135, in push_sqlite_to_supabase
    api.upsert_batch_fast(
  File "C:\Users\takuy\OneDrive\tdnet-excel-input\tools\sqlite_to_supabase.py", line 474, in upsert_batch_fast
    self._request(
  File "C:\Users\takuy\OneDrive\tdnet-excel-input\tools\sqlite_to_supabase.py", line 394, in _request
    r.raise_for_status()
  File "C:\Users\takuy\OneDrive\tdnet-excel-input\.venv\Lib\site-packages\requests\models.py", line 1026, in raise_for_status
    raise HTTPError(http_error_msg, response=self)
requests.exceptions.HTTPError: 401 Client Error: Unauthorized for url: https://fvkvfekzoebcolssnteo.supabase.co/rest/v1/financials?on_conflict=ticker%2Cperiod%2Cquarter

[08:31:59] [Phase5] financials batch ‰æãÂ§ñ:
Traceback (most recent call last):
  File "C:\Users\takuy\OneDrive\tdnet-excel-input\tools\sqlite_to_supabase.py", line 1135, in push_sqlite_to_supabase
    api.upsert_batch_fast(
  File "C:\Users\takuy\OneDrive\tdnet-excel-input\tools\sqlite_to_supabase.py", line 474, in upsert_batch_fast
    self._request(
  File "C:\Users\takuy\OneDrive\tdnet-excel-input\tools\sqlite_to_supabase.py", line 394, in _request
    r.raise_for_status()
  File "C:\Users\takuy\OneDrive\tdnet-excel-input\.venv\Lib\site-packages\requests\models.py", line 1026, in raise_for_status
    raise HTTPError(http_error_msg, response=self)
requests.exceptions.HTTPError: 401 Client Error: Unauthorized for url: https://fvkvfekzoebcolssnteo.supabase.co/rest/v1/financials?on_conflict=ticker%2Cperiod%2Cquarter

[08:32:00] [Phase5] financials batch ‰æãÂ§ñ:
Traceback (most recent call last):
  File "C:\Users\takuy\OneDrive\tdnet-excel-input\tools\sqlite_to_supabase.py", line 1135, in push_sqlite_to_supabase
    api.upsert_batch_fast(
  File "C:\Users\takuy\OneDrive\tdnet-excel-input\tools\sqlite_to_supabase.py", line 474, in upsert_batch_fast
    self._request(
  File "C:\Users\takuy\OneDrive\tdnet-excel-input\tools\sqlite_to_supabase.py", line 394, in _request
    r.raise_for_status()
  File "C:\Users\takuy\OneDrive\tdnet-excel-input\.venv\Lib\site-packages\requests\models.py", line 1026, in raise_for_status
    raise HTTPError(http_error_msg, response=self)
requests.exceptions.HTTPError: 401 Client Error: Unauthorized for url: https://fvkvfekzoebcolssnteo.supabase.co/rest/v1/financials?on_conflict=ticker%2Cperiod%2Cquarter

[08:32:00] [Phase5] financials batch ‰æãÂ§ñ:
Traceback (most recent call last):
  File "C:\Users\takuy\OneDrive\tdnet-excel-input\tools\sqlite_to_supabase.py", line 1135, in push_sqlite_to_supabase
    api.upsert_batch_fast(
  File "C:\Users\takuy\OneDrive\tdnet-excel-input\tools\sqlite_to_supabase.py", line 474, in upsert_batch_fast
    self._request(
  File "C:\Users\takuy\OneDrive\tdnet-excel-input\tools\sqlite_to_supabase.py", line 394, in _request
    r.raise_for_status()
  File "C:\Users\takuy\OneDrive\tdnet-excel-input\.venv\Lib\site-packages\requests\models.py", line 1026, in raise_for_status
    raise HTTPError(http_error_msg, response=self)
requests.exceptions.HTTPError: 401 Client Error: Unauthorized for url: https://fvkvfekzoebcolssnteo.supabase.co/rest/v1/financials?on_conflict=ticker%2Cperiod%2Cquarter

[08:32:00] [Phase5] financials batch ‰æãÂ§ñ:
Traceback (most recent call last):
  File "C:\Users\takuy\OneDrive\tdnet-excel-input\tools\sqlite_to_supabase.py", line 1135, in push_sqlite_to_supabase
    api.upsert_batch_fast(
  File "C:\Users\takuy\OneDrive\tdnet-excel-input\tools\sqlite_to_supabase.py", line 474, in upsert_batch_fast
    self._request(
  File "C:\Users\takuy\OneDrive\tdnet-excel-input\tools\sqlite_to_supabase.py", line 394, in _request
    r.raise_for_status()
  File "C:\Users\takuy\OneDrive\tdnet-excel-input\.venv\Lib\site-packages\requests\models.py", line 1026, in raise_for_status
    raise HTTPError(http_error_msg, response=self)
requests.exceptions.HTTPError: 401 Client Error: Unauthorized for url: https://fvkvfekzoebcolssnteo.supabase.co/rest/v1/financials?on_conflict=ticker%2Cperiod%2Cquarter

[08:32:00] [Phase5] financials batch ‰æãÂ§ñ:
Traceback (most recent call last):
  File "C:\Users\takuy\OneDrive\tdnet-excel-input\tools\sqlite_to_supabase.py", line 1135, in push_sqlite_to_supabase
    api.upsert_batch_fast(
  File "C:\Users\takuy\OneDrive\tdnet-excel-input\tools\sqlite_to_supabase.py", line 474, in upsert_batch_fast
    self._request(
  File "C:\Users\takuy\OneDrive\tdnet-excel-input\tools\sqlite_to_supabase.py", line 394, in _request
    r.raise_for_status()
  File "C:\Users\takuy\OneDrive\tdnet-excel-input\.venv\Lib\site-packages\requests\models.py", line 1026, in raise_for_status
    raise HTTPError(http_error_msg, response=self)
requests.exceptions.HTTPError: 401 Client Error: Unauthorized for url: https://fvkvfekzoebcolssnteo.supabase.co/rest/v1/financials?on_conflict=ticker%2Cperiod%2Cquarter

[08:32:00] [Phase5] financials batch ‰æãÂ§ñ:
Traceback (most recent call last):
  File "C:\Users\takuy\OneDrive\tdnet-excel-input\tools\sqlite_to_supabase.py", line 1135, in push_sqlite_to_supabase
    api.upsert_batch_fast(
  File "C:\Users\takuy\OneDrive\tdnet-excel-input\tools\sqlite_to_supabase.py", line 474, in upsert_batch_fast
    self._request(
  File "C:\Users\takuy\OneDrive\tdnet-excel-input\tools\sqlite_to_supabase.py", line 394, in _request
    r.raise_for_status()
  File "C:\Users\takuy\OneDrive\tdnet-excel-input\.venv\Lib\site-packages\requests\models.py", line 1026, in raise_for_status
    raise HTTPError(http_error_msg, response=self)
requests.exceptions.HTTPError: 401 Client Error: Unauthorized for url: https://fvkvfekzoebcolssnteo.supabase.co/rest/v1/financials?on_conflict=ticker%2Cperiod%2Cquarter

[08:32:00] [Phase5] financials batch ‰æãÂ§ñ:
Traceback (most recent call last):
  File "C:\Users\takuy\OneDrive\tdnet-excel-input\tools\sqlite_to_supabase.py", line 1135, in push_sqlite_to_supabase
    api.upsert_batch_fast(
  File "C:\Users\takuy\OneDrive\tdnet-excel-input\tools\sqlite_to_supabase.py", line 474, in upsert_batch_fast
    self._request(
  File "C:\Users\takuy\OneDrive\tdnet-excel-input\tools\sqlite_to_supabase.py", line 394, in _request
    r.raise_for_status()
  File "C:\Users\takuy\OneDrive\tdnet-excel-input\.venv\Lib\site-packages\requests\models.py", line 1026, in raise_for_status
    raise HTTPError(http_error_msg, response=self)
requests.exceptions.HTTPError: 401 Client Error: Unauthorized for url: https://fvkvfekzoebcolssnteo.supabase.co/rest/v1/financials?on_conflict=ticker%2Cperiod%2Cquarter

[08:32:00] [Phase5] financials batch ‰æãÂ§ñ:
Traceback (most recent call last):
  File "C:\Users\takuy\OneDrive\tdnet-excel-input\tools\sqlite_to_supabase.py", line 1135, in push_sqlite_to_supabase
    api.upsert_batch_fast(
  File "C:\Users\takuy\OneDrive\tdnet-excel-input\tools\sqlite_to_supabase.py", line 474, in upsert_batch_fast
    self._request(
  File "C:\Users\takuy\OneDrive\tdnet-excel-input\tools\sqlite_to_supabase.py", line 394, in _request
    r.raise_for_status()
  File "C:\Users\takuy\OneDrive\tdnet-excel-input\.venv\Lib\site-packages\requests\models.py", line 1026, in raise_for_status
    raise HTTPError(http_error_msg, response=self)
requests.exceptions.HTTPError: 401 Client Error: Unauthorized for url: https://fvkvfekzoebcolssnteo.supabase.co/rest/v1/financials?on_conflict=ticker%2Cperiod%2Cquarter

[08:32:01] [Phase5] financials batch ‰æãÂ§ñ:
Traceback (most recent call last):
  File "C:\Users\takuy\OneDrive\tdnet-excel-input\tools\sqlite_to_supabase.py", line 1135, in push_sqlite_to_supabase
    api.upsert_batch_fast(
  File "C:\Users\takuy\OneDrive\tdnet-excel-input\tools\sqlite_to_supabase.py", line 474, in upsert_batch_fast
    self._request(
  File "C:\Users\takuy\OneDrive\tdnet-excel-input\tools\sqlite_to_supabase.py", line 394, in _request
    r.raise_for_status()
  File "C:\Users\takuy\OneDrive\tdnet-excel-input\.venv\Lib\site-packages\requests\models.py", line 1026, in raise_for_status
    raise HTTPError(http_error_msg, response=self)
requests.exceptions.HTTPError: 401 Client Error: Unauthorized for url: https://fvkvfekzoebcolssnteo.supabase.co/rest/v1/financials?on_conflict=ticker%2Cperiod%2Cquarter

[08:32:01] [Phase5] financials batch ‰æãÂ§ñ:
Traceback (most recent call last):
  File "C:\Users\takuy\OneDrive\tdnet-excel-input\tools\sqlite_to_supabase.py", line 1135, in push_sqlite_to_supabase
    api.upsert_batch_fast(
  File "C:\Users\takuy\OneDrive\tdnet-excel-input\tools\sqlite_to_supabase.py", line 474, in upsert_batch_fast
    self._request(
  File "C:\Users\takuy\OneDrive\tdnet-excel-input\tools\sqlite_to_supabase.py", line 394, in _request
    r.raise_for_status()
  File "C:\Users\takuy\OneDrive\tdnet-excel-input\.venv\Lib\site-packages\requests\models.py", line 1026, in raise_for_status
    raise HTTPError(http_error_msg, response=self)
requests.exceptions.HTTPError: 401 Client Error: Unauthorized for url: https://fvkvfekzoebcolssnteo.supabase.co/rest/v1/financials?on_conflict=ticker%2Cperiod%2Cquarter

[08:32:01] [Phase5] financials batch ‰æãÂ§ñ:
Traceback (most recent call last):
  File "C:\Users\takuy\OneDrive\tdnet-excel-input\tools\sqlite_to_supabase.py", line 1135, in push_sqlite_to_supabase
    api.upsert_batch_fast(
  File "C:\Users\takuy\OneDrive\tdnet-excel-input\tools\sqlite_to_supabase.py", line 474, in upsert_batch_fast
    self._request(
  File "C:\Users\takuy\OneDrive\tdnet-excel-input\tools\sqlite_to_supabase.py", line 394, in _request
    r.raise_for_status()
  File "C:\Users\takuy\OneDrive\tdnet-excel-input\.venv\Lib\site-packages\requests\models.py", line 1026, in raise_for_status
    raise HTTPError(http_error_msg, response=self)
requests.exceptions.HTTPError: 401 Client Error: Unauthorized for url: https://fvkvfekzoebcolssnteo.supabase.co/rest/v1/financials?on_conflict=ticker%2Cperiod%2Cquarter

[08:32:01] [Phase5] financials batch ‰æãÂ§ñ:
Traceback (most recent call last):
  File "C:\Users\takuy\OneDrive\tdnet-excel-input\tools\sqlite_to_supabase.py", line 1135, in push_sqlite_to_supabase
    api.upsert_batch_fast(
  File "C:\Users\takuy\OneDrive\tdnet-excel-input\tools\sqlite_to_supabase.py", line 474, in upsert_batch_fast
    self._request(
  File "C:\Users\takuy\OneDrive\tdnet-excel-input\tools\sqlite_to_supabase.py", line 394, in _request
    r.raise_for_status()
  File "C:\Users\takuy\OneDrive\tdnet-excel-input\.venv\Lib\site-packages\requests\models.py", line 1026, in raise_for_status
    raise HTTPError(http_error_msg, response=self)
requests.exceptions.HTTPError: 401 Client Error: Unauthorized for url: https://fvkvfekzoebcolssnteo.supabase.co/rest/v1/financials?on_conflict=ticker%2Cperiod%2Cquarter

[08:32:01] [Phase5] financials batch ‰æãÂ§ñ:
Traceback (most recent call last):
  File "C:\Users\takuy\OneDrive\tdnet-excel-input\tools\sqlite_to_supabase.py", line 1135, in push_sqlite_to_supabase
    api.upsert_batch_fast(
  File "C:\Users\takuy\OneDrive\tdnet-excel-input\tools\sqlite_to_supabase.py", line 474, in upsert_batch_fast
    self._request(
  File "C:\Users\takuy\OneDrive\tdnet-excel-input\tools\sqlite_to_supabase.py", line 394, in _request
    r.raise_for_status()
  File "C:\Users\takuy\OneDrive\tdnet-excel-input\.venv\Lib\site-packages\requests\models.py", line 1026, in raise_for_status
    raise HTTPError(http_error_msg, response=self)
requests.exceptions.HTTPError: 401 Client Error: Unauthorized for url: https://fvkvfekzoebcolssnteo.supabase.co/rest/v1/financials?on_conflict=ticker%2Cperiod%2Cquarter

[08:32:01] [Phase5] financials batch ‰æãÂ§ñ:
Traceback (most recent call last):
  File "C:\Users\takuy\OneDrive\tdnet-excel-input\tools\sqlite_to_supabase.py", line 1135, in push_sqlite_to_supabase
    api.upsert_batch_fast(
  File "C:\Users\takuy\OneDrive\tdnet-excel-input\tools\sqlite_to_supabase.py", line 474, in upsert_batch_fast
    self._request(
  File "C:\Users\takuy\OneDrive\tdnet-excel-input\tools\sqlite_to_supabase.py", line 394, in _request
    r.raise_for_status()
  File "C:\Users\takuy\OneDrive\tdnet-excel-input\.venv\Lib\site-packages\requests\models.py", line 1026, in raise_for_status
    raise HTTPError(http_error_msg, response=self)
requests.exceptions.HTTPError: 401 Client Error: Unauthorized for url: https://fvkvfekzoebcolssnteo.supabase.co/rest/v1/financials?on_conflict=ticker%2Cperiod%2Cquarter

[08:32:01] [Phase5] financials batch ‰æãÂ§ñ:
Traceback (most recent call last):
  File "C:\Users\takuy\OneDrive\tdnet-excel-input\tools\sqlite_to_supabase.py", line 1135, in push_sqlite_to_supabase
    api.upsert_batch_fast(
  File "C:\Users\takuy\OneDrive\tdnet-excel-input\tools\sqlite_to_supabase.py", line 474, in upsert_batch_fast
    self._request(
  File "C:\Users\takuy\OneDrive\tdnet-excel-input\tools\sqlite_to_supabase.py", line 394, in _request
    r.raise_for_status()
  File "C:\Users\takuy\OneDrive\tdnet-excel-input\.venv\Lib\site-packages\requests\models.py", line 1026, in raise_for_status
    raise HTTPError(http_error_msg, response=self)
requests.exceptions.HTTPError: 401 Client Error: Unauthorized for url: https://fvkvfekzoebcolssnteo.supabase.co/rest/v1/financials?on_conflict=ticker%2Cperiod%2Cquarter

[08:32:02] [Phase5] financials batch ‰æãÂ§ñ:
Traceback (most recent call last):
  File "C:\Users\takuy\OneDrive\tdnet-excel-input\tools\sqlite_to_supabase.py", line 1135, in push_sqlite_to_supabase
    api.upsert_batch_fast(
  File "C:\Users\takuy\OneDrive\tdnet-excel-input\tools\sqlite_to_supabase.py", line 474, in upsert_batch_fast
    self._request(
  File "C:\Users\takuy\OneDrive\tdnet-excel-input\tools\sqlite_to_supabase.py", line 394, in _request
    r.raise_for_status()
  File "C:\Users\takuy\OneDrive\tdnet-excel-input\.venv\Lib\site-packages\requests\models.py", line 1026, in raise_for_status
    raise HTTPError(http_error_msg, response=self)
requests.exceptions.HTTPError: 401 Client Error: Unauthorized for url: https://fvkvfekzoebcolssnteo.supabase.co/rest/v1/financials?on_conflict=ticker%2Cperiod%2Cquarter

[08:32:02] [Phase5] financials batch ‰æãÂ§ñ:
Traceback (most recent call last):
  File "C:\Users\takuy\OneDrive\tdnet-excel-input\tools\sqlite_to_supabase.py", line 1135, in push_sqlite_to_supabase
    api.upsert_batch_fast(
  File "C:\Users\takuy\OneDrive\tdnet-excel-input\tools\sqlite_to_supabase.py", line 474, in upsert_batch_fast
    self._request(
  File "C:\Users\takuy\OneDrive\tdnet-excel-input\tools\sqlite_to_supabase.py", line 394, in _request
    r.raise_for_status()
  File "C:\Users\takuy\OneDrive\tdnet-excel-input\.venv\Lib\site-packages\requests\models.py", line 1026, in raise_for_status
    raise HTTPError(http_error_msg, response=self)
requests.exceptions.HTTPError: 401 Client Error: Unauthorized for url: https://fvkvfekzoebcolssnteo.supabase.co/rest/v1/financials?on_conflict=ticker%2Cperiod%2Cquarter

[08:32:02] [Phase5] financials batch ‰æãÂ§ñ:
Traceback (most recent call last):
  File "C:\Users\takuy\OneDrive\tdnet-excel-input\tools\sqlite_to_supabase.py", line 1135, in push_sqlite_to_supabase
    api.upsert_batch_fast(
  File "C:\Users\takuy\OneDrive\tdnet-excel-input\tools\sqlite_to_supabase.py", line 474, in upsert_batch_fast
    self._request(
  File "C:\Users\takuy\OneDrive\tdnet-excel-input\tools\sqlite_to_supabase.py", line 394, in _request
    r.raise_for_status()
  File "C:\Users\takuy\OneDrive\tdnet-excel-input\.venv\Lib\site-packages\requests\models.py", line 1026, in raise_for_status
    raise HTTPError(http_error_msg, response=self)
requests.exceptions.HTTPError: 401 Client Error: Unauthorized for url: https://fvkvfekzoebcolssnteo.supabase.co/rest/v1/financials?on_conflict=ticker%2Cperiod%2Cquarter

[08:32:02] [Phase5] financials batch ‰æãÂ§ñ:
Traceback (most recent call last):
  File "C:\Users\takuy\OneDrive\tdnet-excel-input\tools\sqlite_to_supabase.py", line 1135, in push_sqlite_to_supabase
    api.upsert_batch_fast(
  File "C:\Users\takuy\OneDrive\tdnet-excel-input\tools\sqlite_to_supabase.py", line 474, in upsert_batch_fast
    self._request(
  File "C:\Users\takuy\OneDrive\tdnet-excel-input\tools\sqlite_to_supabase.py", line 394, in _request
    r.raise_for_status()
  File "C:\Users\takuy\OneDrive\tdnet-excel-input\.venv\Lib\site-packages\requests\models.py", line 1026, in raise_for_status
    raise HTTPError(http_error_msg, response=self)
requests.exceptions.HTTPError: 401 Client Error: Unauthorized for url: https://fvkvfekzoebcolssnteo.supabase.co/rest/v1/financials?on_conflict=ticker%2Cperiod%2Cquarter

[08:32:02] [Phase5] financials batch ‰æãÂ§ñ:
Traceback (most recent call last):
  File "C:\Users\takuy\OneDrive\tdnet-excel-input\tools\sqlite_to_supabase.py", line 1135, in push_sqlite_to_supabase
    api.upsert_batch_fast(
  File "C:\Users\takuy\OneDrive\tdnet-excel-input\tools\sqlite_to_supabase.py", line 474, in upsert_batch_fast
    self._request(
  File "C:\Users\takuy\OneDrive\tdnet-excel-input\tools\sqlite_to_supabase.py", line 394, in _request
    r.raise_for_status()
  File "C:\Users\takuy\OneDrive\tdnet-excel-input\.venv\Lib\site-packages\requests\models.py", line 1026, in raise_for_status
    raise HTTPError(http_error_msg, response=self)
requests.exceptions.HTTPError: 401 Client Error: Unauthorized for url: https://fvkvfekzoebcolssnteo.supabase.co/rest/v1/financials?on_conflict=ticker%2Cperiod%2Cquarter

[08:32:02] [Phase5] financials batch ‰æãÂ§ñ:
Traceback (most recent call last):
  File "C:\Users\takuy\OneDrive\tdnet-excel-input\tools\sqlite_to_supabase.py", line 1135, in push_sqlite_to_supabase
    api.upsert_batch_fast(
  File "C:\Users\takuy\OneDrive\tdnet-excel-input\tools\sqlite_to_supabase.py", line 474, in upsert_batch_fast
    self._request(
  File "C:\Users\takuy\OneDrive\tdnet-excel-input\tools\sqlite_to_supabase.py", line 394, in _request
    r.raise_for_status()
  File "C:\Users\takuy\OneDrive\tdnet-excel-input\.venv\Lib\site-packages\requests\models.py", line 1026, in raise_for_status
    raise HTTPError(http_error_msg, response=self)
requests.exceptions.HTTPError: 401 Client Error: Unauthorized for url: https://fvkvfekzoebcolssnteo.supabase.co/rest/v1/financials?on_conflict=ticker%2Cperiod%2Cquarter

[08:32:02] [Phase5] financials batch ‰æãÂ§ñ:
Traceback (most recent call last):
  File "C:\Users\takuy\OneDrive\tdnet-excel-input\tools\sqlite_to_supabase.py", line 1135, in push_sqlite_to_supabase
    api.upsert_batch_fast(
  File "C:\Users\takuy\OneDrive\tdnet-excel-input\tools\sqlite_to_supabase.py", line 474, in upsert_batch_fast
    self._request(
  File "C:\Users\takuy\OneDrive\tdnet-excel-input\tools\sqlite_to_supabase.py", line 394, in _request
    r.raise_for_status()
  File "C:\Users\takuy\OneDrive\tdnet-excel-input\.venv\Lib\site-packages\requests\models.py", line 1026, in raise_for_status
    raise HTTPError(http_error_msg, response=self)
requests.exceptions.HTTPError: 401 Client Error: Unauthorized for url: https://fvkvfekzoebcolssnteo.supabase.co/rest/v1/financials?on_conflict=ticker%2Cperiod%2Cquarter

[08:32:02] [Phase5] financials batch ‰æãÂ§ñ:
Traceback (most recent call last):
  File "C:\Users\takuy\OneDrive\tdnet-excel-input\tools\sqlite_to_supabase.py", line 1135, in push_sqlite_to_supabase
    api.upsert_batch_fast(
  File "C:\Users\takuy\OneDrive\tdnet-excel-input\tools\sqlite_to_supabase.py", line 474, in upsert_batch_fast
    self._request(
  File "C:\Users\takuy\OneDrive\tdnet-excel-input\tools\sqlite_to_supabase.py", line 394, in _request
    r.raise_for_status()
  File "C:\Users\takuy\OneDrive\tdnet-excel-input\.venv\Lib\site-packages\requests\models.py", line 1026, in raise_for_status
    raise HTTPError(http_error_msg, response=self)
requests.exceptions.HTTPError: 401 Client Error: Unauthorized for url: https://fvkvfekzoebcolssnteo.supabase.co/rest/v1/financials?on_conflict=ticker%2Cperiod%2Cquarter

[08:32:03] [Phase5] financials batch ‰æãÂ§ñ:
Traceback (most recent call last):
  File "C:\Users\takuy\OneDrive\tdnet-excel-input\tools\sqlite_to_supabase.py", line 1135, in push_sqlite_to_supabase
    api.upsert_batch_fast(
  File "C:\Users\takuy\OneDrive\tdnet-excel-input\tools\sqlite_to_supabase.py", line 474, in upsert_batch_fast
    self._request(
  File "C:\Users\takuy\OneDrive\tdnet-excel-input\tools\sqlite_to_supabase.py", line 394, in _request
    r.raise_for_status()
  File "C:\Users\takuy\OneDrive\tdnet-excel-input\.venv\Lib\site-packages\requests\models.py", line 1026, in raise_for_status
    raise HTTPError(http_error_msg, response=self)
requests.exceptions.HTTPError: 401 Client Error: Unauthorized for url: https://fvkvfekzoebcolssnteo.supabase.co/rest/v1/financials?on_conflict=ticker%2Cperiod%2Cquarter

[08:32:03] [Phase5] financials batch ‰æãÂ§ñ:
Traceback (most recent call last):
  File "C:\Users\takuy\OneDrive\tdnet-excel-input\tools\sqlite_to_supabase.py", line 1135, in push_sqlite_to_supabase
    api.upsert_batch_fast(
  File "C:\Users\takuy\OneDrive\tdnet-excel-input\tools\sqlite_to_supabase.py", line 474, in upsert_batch_fast
    self._request(
  File "C:\Users\takuy\OneDrive\tdnet-excel-input\tools\sqlite_to_supabase.py", line 394, in _request
    r.raise_for_status()
  File "C:\Users\takuy\OneDrive\tdnet-excel-input\.venv\Lib\site-packages\requests\models.py", line 1026, in raise_for_status
    raise HTTPError(http_error_msg, response=self)
requests.exceptions.HTTPError: 401 Client Error: Unauthorized for url: https://fvkvfekzoebcolssnteo.supabase.co/rest/v1/financials?on_conflict=ticker%2Cperiod%2Cquarter

[08:32:03] [Phase5] financials batch ‰æãÂ§ñ:
Traceback (most recent call last):
  File "C:\Users\takuy\OneDrive\tdnet-excel-input\tools\sqlite_to_supabase.py", line 1135, in push_sqlite_to_supabase
    api.upsert_batch_fast(
  File "C:\Users\takuy\OneDrive\tdnet-excel-input\tools\sqlite_to_supabase.py", line 474, in upsert_batch_fast
    self._request(
  File "C:\Users\takuy\OneDrive\tdnet-excel-input\tools\sqlite_to_supabase.py", line 394, in _request
    r.raise_for_status()
  File "C:\Users\takuy\OneDrive\tdnet-excel-input\.venv\Lib\site-packages\requests\models.py", line 1026, in raise_for_status
    raise HTTPError(http_error_msg, response=self)
requests.exceptions.HTTPError: 401 Client Error: Unauthorized for url: https://fvkvfekzoebcolssnteo.supabase.co/rest/v1/financials?on_conflict=ticker%2Cperiod%2Cquarter

[08:32:03] [Phase5] financials batch ‰æãÂ§ñ:
Traceback (most recent call last):
  File "C:\Users\takuy\OneDrive\tdnet-excel-input\tools\sqlite_to_supabase.py", line 1135, in push_sqlite_to_supabase
    api.upsert_batch_fast(
  File "C:\Users\takuy\OneDrive\tdnet-excel-input\tools\sqlite_to_supabase.py", line 474, in upsert_batch_fast
    self._request(
  File "C:\Users\takuy\OneDrive\tdnet-excel-input\tools\sqlite_to_supabase.py", line 394, in _request
    r.raise_for_status()
  File "C:\Users\takuy\OneDrive\tdnet-excel-input\.venv\Lib\site-packages\requests\models.py", line 1026, in raise_for_status
    raise HTTPError(http_error_msg, response=self)
requests.exceptions.HTTPError: 401 Client Error: Unauthorized for url: https://fvkvfekzoebcolssnteo.supabase.co/rest/v1/financials?on_conflict=ticker%2Cperiod%2Cquarter

[08:32:03] [Phase5] financials batch ‰æãÂ§ñ:
Traceback (most recent call last):
  File "C:\Users\takuy\OneDrive\tdnet-excel-input\tools\sqlite_to_supabase.py", line 1135, in push_sqlite_to_supabase
    api.upsert_batch_fast(
  File "C:\Users\takuy\OneDrive\tdnet-excel-input\tools\sqlite_to_supabase.py", line 474, in upsert_batch_fast
    self._request(
  File "C:\Users\takuy\OneDrive\tdnet-excel-input\tools\sqlite_to_supabase.py", line 394, in _request
    r.raise_for_status()
  File "C:\Users\takuy\OneDrive\tdnet-excel-input\.venv\Lib\site-packages\requests\models.py", line 1026, in raise_for_status
    raise HTTPError(http_error_msg, response=self)
requests.exceptions.HTTPError: 401 Client Error: Unauthorized for url: https://fvkvfekzoebcolssnteo.supabase.co/rest/v1/financials?on_conflict=ticker%2Cperiod%2Cquarter

[08:32:03] [Phase5] financials batch ‰æãÂ§ñ:
Traceback (most recent call last):
  File "C:\Users\takuy\OneDrive\tdnet-excel-input\tools\sqlite_to_supabase.py", line 1135, in push_sqlite_to_supabase
    api.upsert_batch_fast(
  File "C:\Users\takuy\OneDrive\tdnet-excel-input\tools\sqlite_to_supabase.py", line 474, in upsert_batch_fast
    self._request(
  File "C:\Users\takuy\OneDrive\tdnet-excel-input\tools\sqlite_to_supabase.py", line 394, in _request
    r.raise_for_status()
  File "C:\Users\takuy\OneDrive\tdnet-excel-input\.venv\Lib\site-packages\requests\models.py", line 1026, in raise_for_status
    raise HTTPError(http_error_msg, response=self)
requests.exceptions.HTTPError: 401 Client Error: Unauthorized for url: https://fvkvfekzoebcolssnteo.supabase.co/rest/v1/financials?on_conflict=ticker%2Cperiod%2Cquarter

[08:32:03] [Phase5] financials batch ‰æãÂ§ñ:
Traceback (most recent call last):
  File "C:\Users\takuy\OneDrive\tdnet-excel-input\tools\sqlite_to_supabase.py", line 1135, in push_sqlite_to_supabase
    api.upsert_batch_fast(
  File "C:\Users\takuy\OneDrive\tdnet-excel-input\tools\sqlite_to_supabase.py", line 474, in upsert_batch_fast
    self._request(
  File "C:\Users\takuy\OneDrive\tdnet-excel-input\tools\sqlite_to_supabase.py", line 394, in _request
    r.raise_for_status()
  File "C:\Users\takuy\OneDrive\tdnet-excel-input\.venv\Lib\site-packages\requests\models.py", line 1026, in raise_for_status
    raise HTTPError(http_error_msg, response=self)
requests.exceptions.HTTPError: 401 Client Error: Unauthorized for url: https://fvkvfekzoebcolssnteo.supabase.co/rest/v1/financials?on_conflict=ticker%2Cperiod%2Cquarter

[08:32:03] [Phase5] financials batch ‰æãÂ§ñ:
Traceback (most recent call last):
  File "C:\Users\takuy\OneDrive\tdnet-excel-input\tools\sqlite_to_supabase.py", line 1135, in push_sqlite_to_supabase
    api.upsert_batch_fast(
  File "C:\Users\takuy\OneDrive\tdnet-excel-input\tools\sqlite_to_supabase.py", line 474, in upsert_batch_fast
    self._request(
  File "C:\Users\takuy\OneDrive\tdnet-excel-input\tools\sqlite_to_supabase.py", line 394, in _request
    r.raise_for_status()
  File "C:\Users\takuy\OneDrive\tdnet-excel-input\.venv\Lib\site-packages\requests\models.py", line 1026, in raise_for_status
    raise HTTPError(http_error_msg, response=self)
requests.exceptions.HTTPError: 401 Client Error: Unauthorized for url: https://fvkvfekzoebcolssnteo.supabase.co/rest/v1/financials?on_conflict=ticker%2Cperiod%2Cquarter

[08:32:04] [Phase5] financials batch ‰æãÂ§ñ:
Traceback (most recent call last):
  File "C:\Users\takuy\OneDrive\tdnet-excel-input\tools\sqlite_to_supabase.py", line 1135, in push_sqlite_to_supabase
    api.upsert_batch_fast(
  File "C:\Users\takuy\OneDrive\tdnet-excel-input\tools\sqlite_to_supabase.py", line 474, in upsert_batch_fast
    self._request(
  File "C:\Users\takuy\OneDrive\tdnet-excel-input\tools\sqlite_to_supabase.py", line 394, in _request
    r.raise_for_status()
  File "C:\Users\takuy\OneDrive\tdnet-excel-input\.venv\Lib\site-packages\requests\models.py", line 1026, in raise_for_status
    raise HTTPError(http_error_msg, response=self)
requests.exceptions.HTTPError: 401 Client Error: Unauthorized for url: https://fvkvfekzoebcolssnteo.supabase.co/rest/v1/financials?on_conflict=ticker%2Cperiod%2Cquarter

[08:32:04] [Phase5] financials batch ‰æãÂ§ñ:
Traceback (most recent call last):
  File "C:\Users\takuy\OneDrive\tdnet-excel-input\tools\sqlite_to_supabase.py", line 1135, in push_sqlite_to_supabase
    api.upsert_batch_fast(
  File "C:\Users\takuy\OneDrive\tdnet-excel-input\tools\sqlite_to_supabase.py", line 474, in upsert_batch_fast
    self._request(
  File "C:\Users\takuy\OneDrive\tdnet-excel-input\tools\sqlite_to_supabase.py", line 394, in _request
    r.raise_for_status()
  File "C:\Users\takuy\OneDrive\tdnet-excel-input\.venv\Lib\site-packages\requests\models.py", line 1026, in raise_for_status
    raise HTTPError(http_error_msg, response=self)
requests.exceptions.HTTPError: 401 Client Error: Unauthorized for url: https://fvkvfekzoebcolssnteo.supabase.co/rest/v1/financials?on_conflict=ticker%2Cperiod%2Cquarter

[08:32:04] [Phase5] financials batch ‰æãÂ§ñ:
Traceback (most recent call last):
  File "C:\Users\takuy\OneDrive\tdnet-excel-input\tools\sqlite_to_supabase.py", line 1135, in push_sqlite_to_supabase
    api.upsert_batch_fast(
  File "C:\Users\takuy\OneDrive\tdnet-excel-input\tools\sqlite_to_supabase.py", line 474, in upsert_batch_fast
    self._request(
  File "C:\Users\takuy\OneDrive\tdnet-excel-input\tools\sqlite_to_supabase.py", line 394, in _request
    r.raise_for_status()
  File "C:\Users\takuy\OneDrive\tdnet-excel-input\.venv\Lib\site-packages\requests\models.py", line 1026, in raise_for_status
    raise HTTPError(http_error_msg, response=self)
requests.exceptions.HTTPError: 401 Client Error: Unauthorized for url: https://fvkvfekzoebcolssnteo.supabase.co/rest/v1/financials?on_conflict=ticker%2Cperiod%2Cquarter

[08:32:04] [Phase5] financials batch ‰æãÂ§ñ:
Traceback (most recent call last):
  File "C:\Users\takuy\OneDrive\tdnet-excel-input\tools\sqlite_to_supabase.py", line 1135, in push_sqlite_to_supabase
    api.upsert_batch_fast(
  File "C:\Users\takuy\OneDrive\tdnet-excel-input\tools\sqlite_to_supabase.py", line 474, in upsert_batch_fast
    self._request(
  File "C:\Users\takuy\OneDrive\tdnet-excel-input\tools\sqlite_to_supabase.py", line 394, in _request
    r.raise_for_status()
  File "C:\Users\takuy\OneDrive\tdnet-excel-input\.venv\Lib\site-packages\requests\models.py", line 1026, in raise_for_status
    raise HTTPError(http_error_msg, response=self)
requests.exceptions.HTTPError: 401 Client Error: Unauthorized for url: https://fvkvfekzoebcolssnteo.supabase.co/rest/v1/financials?on_conflict=ticker%2Cperiod%2Cquarter

[08:32:04] [Phase5] financials batch ‰æãÂ§ñ:
Traceback (most recent call last):
  File "C:\Users\takuy\OneDrive\tdnet-excel-input\tools\sqlite_to_supabase.py", line 1135, in push_sqlite_to_supabase
    api.upsert_batch_fast(
  File "C:\Users\takuy\OneDrive\tdnet-excel-input\tools\sqlite_to_supabase.py", line 474, in upsert_batch_fast
    self._request(
  File "C:\Users\takuy\OneDrive\tdnet-excel-input\tools\sqlite_to_supabase.py", line 394, in _request
    r.raise_for_status()
  File "C:\Users\takuy\OneDrive\tdnet-excel-input\.venv\Lib\site-packages\requests\models.py", line 1026, in raise_for_status
    raise HTTPError(http_error_msg, response=self)
requests.exceptions.HTTPError: 401 Client Error: Unauthorized for url: https://fvkvfekzoebcolssnteo.supabase.co/rest/v1/financials?on_conflict=ticker%2Cperiod%2Cquarter

[08:32:04] [Phase5] financials batch ‰æãÂ§ñ:
Traceback (most recent call last):
  File "C:\Users\takuy\OneDrive\tdnet-excel-input\tools\sqlite_to_supabase.py", line 1135, in push_sqlite_to_supabase
    api.upsert_batch_fast(
  File "C:\Users\takuy\OneDrive\tdnet-excel-input\tools\sqlite_to_supabase.py", line 474, in upsert_batch_fast
    self._request(
  File "C:\Users\takuy\OneDrive\tdnet-excel-input\tools\sqlite_to_supabase.py", line 394, in _request
    r.raise_for_status()
  File "C:\Users\takuy\OneDrive\tdnet-excel-input\.venv\Lib\site-packages\requests\models.py", line 1026, in raise_for_status
    raise HTTPError(http_error_msg, response=self)
requests.exceptions.HTTPError: 401 Client Error: Unauthorized for url: https://fvkvfekzoebcolssnteo.supabase.co/rest/v1/financials?on_conflict=ticker%2Cperiod%2Cquarter

[08:32:04] [Phase5] financials batch ‰æãÂ§ñ:
Traceback (most recent call last):
  File "C:\Users\takuy\OneDrive\tdnet-excel-input\tools\sqlite_to_supabase.py", line 1135, in push_sqlite_to_supabase
    api.upsert_batch_fast(
  File "C:\Users\takuy\OneDrive\tdnet-excel-input\tools\sqlite_to_supabase.py", line 474, in upsert_batch_fast
    self._request(
  File "C:\Users\takuy\OneDrive\tdnet-excel-input\tools\sqlite_to_supabase.py", line 394, in _request
    r.raise_for_status()
  File "C:\Users\takuy\OneDrive\tdnet-excel-input\.venv\Lib\site-packages\requests\models.py", line 1026, in raise_for_status
    raise HTTPError(http_error_msg, response=self)
requests.exceptions.HTTPError: 401 Client Error: Unauthorized for url: https://fvkvfekzoebcolssnteo.supabase.co/rest/v1/financials?on_conflict=ticker%2Cperiod%2Cquarter

[08:32:05] [Phase5] financials batch ‰æãÂ§ñ:
Traceback (most recent call last):
  File "C:\Users\takuy\OneDrive\tdnet-excel-input\tools\sqlite_to_supabase.py", line 1135, in push_sqlite_to_supabase
    api.upsert_batch_fast(
  File "C:\Users\takuy\OneDrive\tdnet-excel-input\tools\sqlite_to_supabase.py", line 474, in upsert_batch_fast
    self._request(
  File "C:\Users\takuy\OneDrive\tdnet-excel-input\tools\sqlite_to_supabase.py", line 394, in _request
    r.raise_for_status()
  File "C:\Users\takuy\OneDrive\tdnet-excel-input\.venv\Lib\site-packages\requests\models.py", line 1026, in raise_for_status
    raise HTTPError(http_error_msg, response=self)
requests.exceptions.HTTPError: 401 Client Error: Unauthorized for url: https://fvkvfekzoebcolssnteo.supabase.co/rest/v1/financials?on_conflict=ticker%2Cperiod%2Cquarter

[08:32:05] [Phase5] financials batch ‰æãÂ§ñ:
Traceback (most recent call last):
  File "C:\Users\takuy\OneDrive\tdnet-excel-input\tools\sqlite_to_supabase.py", line 1135, in push_sqlite_to_supabase
    api.upsert_batch_fast(
  File "C:\Users\takuy\OneDrive\tdnet-excel-input\tools\sqlite_to_supabase.py", line 474, in upsert_batch_fast
    self._request(
  File "C:\Users\takuy\OneDrive\tdnet-excel-input\tools\sqlite_to_supabase.py", line 394, in _request
    r.raise_for_status()
  File "C:\Users\takuy\OneDrive\tdnet-excel-input\.venv\Lib\site-packages\requests\models.py", line 1026, in raise_for_status
    raise HTTPError(http_error_msg, response=self)
requests.exceptions.HTTPError: 401 Client Error: Unauthorized for url: https://fvkvfekzoebcolssnteo.supabase.co/rest/v1/financials?on_conflict=ticker%2Cperiod%2Cquarter

[08:32:05] [Phase5] financials batch ‰æãÂ§ñ:
Traceback (most recent call last):
  File "C:\Users\takuy\OneDrive\tdnet-excel-input\tools\sqlite_to_supabase.py", line 1135, in push_sqlite_to_supabase
    api.upsert_batch_fast(
  File "C:\Users\takuy\OneDrive\tdnet-excel-input\tools\sqlite_to_supabase.py", line 474, in upsert_batch_fast
    self._request(
  File "C:\Users\takuy\OneDrive\tdnet-excel-input\tools\sqlite_to_supabase.py", line 394, in _request
    r.raise_for_status()
  File "C:\Users\takuy\OneDrive\tdnet-excel-input\.venv\Lib\site-packages\requests\models.py", line 1026, in raise_for_status
    raise HTTPError(http_error_msg, response=self)
requests.exceptions.HTTPError: 401 Client Error: Unauthorized for url: https://fvkvfekzoebcolssnteo.supabase.co/rest/v1/financials?on_conflict=ticker%2Cperiod%2Cquarter

[08:32:05] [Phase5] financials batch ‰æãÂ§ñ:
Traceback (most recent call last):
  File "C:\Users\takuy\OneDrive\tdnet-excel-input\tools\sqlite_to_supabase.py", line 1135, in push_sqlite_to_supabase
    api.upsert_batch_fast(
  File "C:\Users\takuy\OneDrive\tdnet-excel-input\tools\sqlite_to_supabase.py", line 474, in upsert_batch_fast
    self._request(
  File "C:\Users\takuy\OneDrive\tdnet-excel-input\tools\sqlite_to_supabase.py", line 394, in _request
    r.raise_for_status()
  File "C:\Users\takuy\OneDrive\tdnet-excel-input\.venv\Lib\site-packages\requests\models.py", line 1026, in raise_for_status
    raise HTTPError(http_error_msg, response=self)
requests.exceptions.HTTPError: 401 Client Error: Unauthorized for url: https://fvkvfekzoebcolssnteo.supabase.co/rest/v1/financials?on_conflict=ticker%2Cperiod%2Cquarter

[08:32:05] [Phase5] financials batch ‰æãÂ§ñ:
Traceback (most recent call last):
  File "C:\Users\takuy\OneDrive\tdnet-excel-input\tools\sqlite_to_supabase.py", line 1135, in push_sqlite_to_supabase
    api.upsert_batch_fast(
  File "C:\Users\takuy\OneDrive\tdnet-excel-input\tools\sqlite_to_supabase.py", line 474, in upsert_batch_fast
    self._request(
  File "C:\Users\takuy\OneDrive\tdnet-excel-input\tools\sqlite_to_supabase.py", line 394, in _request
    r.raise_for_status()
  File "C:\Users\takuy\OneDrive\tdnet-excel-input\.venv\Lib\site-packages\requests\models.py", line 1026, in raise_for_status
    raise HTTPError(http_error_msg, response=self)
requests.exceptions.HTTPError: 401 Client Error: Unauthorized for url: https://fvkvfekzoebcolssnteo.supabase.co/rest/v1/financials?on_conflict=ticker%2Cperiod%2Cquarter

[08:32:05] [Phase5] financials batch ‰æãÂ§ñ:
Traceback (most recent call last):
  File "C:\Users\takuy\OneDrive\tdnet-excel-input\tools\sqlite_to_supabase.py", line 1135, in push_sqlite_to_supabase
    api.upsert_batch_fast(
  File "C:\Users\takuy\OneDrive\tdnet-excel-input\tools\sqlite_to_supabase.py", line 474, in upsert_batch_fast
    self._request(
  File "C:\Users\takuy\OneDrive\tdnet-excel-input\tools\sqlite_to_supabase.py", line 394, in _request
    r.raise_for_status()
  File "C:\Users\takuy\OneDrive\tdnet-excel-input\.venv\Lib\site-packages\requests\models.py", line 1026, in raise_for_status
    raise HTTPError(http_error_msg, response=self)
requests.exceptions.HTTPError: 401 Client Error: Unauthorized for url: https://fvkvfekzoebcolssnteo.supabase.co/rest/v1/financials?on_conflict=ticker%2Cperiod%2Cquarter

[08:32:05] [Phase5] financials batch ‰æãÂ§ñ:
Traceback (most recent call last):
  File "C:\Users\takuy\OneDrive\tdnet-excel-input\tools\sqlite_to_supabase.py", line 1135, in push_sqlite_to_supabase
    api.upsert_batch_fast(
  File "C:\Users\takuy\OneDrive\tdnet-excel-input\tools\sqlite_to_supabase.py", line 474, in upsert_batch_fast
    self._request(
  File "C:\Users\takuy\OneDrive\tdnet-excel-input\tools\sqlite_to_supabase.py", line 394, in _request
    r.raise_for_status()
  File "C:\Users\takuy\OneDrive\tdnet-excel-input\.venv\Lib\site-packages\requests\models.py", line 1026, in raise_for_status
    raise HTTPError(http_error_msg, response=self)
requests.exceptions.HTTPError: 401 Client Error: Unauthorized for url: https://fvkvfekzoebcolssnteo.supabase.co/rest/v1/financials?on_conflict=ticker%2Cperiod%2Cquarter

[08:32:05] [Phase5] financials batch ‰æãÂ§ñ:
Traceback (most recent call last):
  File "C:\Users\takuy\OneDrive\tdnet-excel-input\tools\sqlite_to_supabase.py", line 1135, in push_sqlite_to_supabase
    api.upsert_batch_fast(
  File "C:\Users\takuy\OneDrive\tdnet-excel-input\tools\sqlite_to_supabase.py", line 474, in upsert_batch_fast
    self._request(
  File "C:\Users\takuy\OneDrive\tdnet-excel-input\tools\sqlite_to_supabase.py", line 394, in _request
    r.raise_for_status()
  File "C:\Users\takuy\OneDrive\tdnet-excel-input\.venv\Lib\site-packages\requests\models.py", line 1026, in raise_for_status
    raise HTTPError(http_error_msg, response=self)
requests.exceptions.HTTPError: 401 Client Error: Unauthorized for url: https://fvkvfekzoebcolssnteo.supabase.co/rest/v1/financials?on_conflict=ticker%2Cperiod%2Cquarter

[08:32:06] [Phase5] financials batch ‰æãÂ§ñ:
Traceback (most recent call last):
  File "C:\Users\takuy\OneDrive\tdnet-excel-input\tools\sqlite_to_supabase.py", line 1135, in push_sqlite_to_supabase
    api.upsert_batch_fast(
  File "C:\Users\takuy\OneDrive\tdnet-excel-input\tools\sqlite_to_supabase.py", line 474, in upsert_batch_fast
    self._request(
  File "C:\Users\takuy\OneDrive\tdnet-excel-input\tools\sqlite_to_supabase.py", line 394, in _request
    r.raise_for_status()
  File "C:\Users\takuy\OneDrive\tdnet-excel-input\.venv\Lib\site-packages\requests\models.py", line 1026, in raise_for_status
    raise HTTPError(http_error_msg, response=self)
requests.exceptions.HTTPError: 401 Client Error: Unauthorized for url: https://fvkvfekzoebcolssnteo.supabase.co/rest/v1/financials?on_conflict=ticker%2Cperiod%2Cquarter

[08:32:06] [Phase5] financials batch ‰æãÂ§ñ:
Traceback (most recent call last):
  File "C:\Users\takuy\OneDrive\tdnet-excel-input\tools\sqlite_to_supabase.py", line 1135, in push_sqlite_to_supabase
    api.upsert_batch_fast(
  File "C:\Users\takuy\OneDrive\tdnet-excel-input\tools\sqlite_to_supabase.py", line 474, in upsert_batch_fast
    self._request(
  File "C:\Users\takuy\OneDrive\tdnet-excel-input\tools\sqlite_to_supabase.py", line 394, in _request
    r.raise_for_status()
  File "C:\Users\takuy\OneDrive\tdnet-excel-input\.venv\Lib\site-packages\requests\models.py", line 1026, in raise_for_status
    raise HTTPError(http_error_msg, response=self)
requests.exceptions.HTTPError: 401 Client Error: Unauthorized for url: https://fvkvfekzoebcolssnteo.supabase.co/rest/v1/financials?on_conflict=ticker%2Cperiod%2Cquarter

[08:32:06] [Phase5] financials batch ‰æãÂ§ñ:
Traceback (most recent call last):
  File "C:\Users\takuy\OneDrive\tdnet-excel-input\tools\sqlite_to_supabase.py", line 1135, in push_sqlite_to_supabase
    api.upsert_batch_fast(
  File "C:\Users\takuy\OneDrive\tdnet-excel-input\tools\sqlite_to_supabase.py", line 474, in upsert_batch_fast
    self._request(
  File "C:\Users\takuy\OneDrive\tdnet-excel-input\tools\sqlite_to_supabase.py", line 394, in _request
    r.raise_for_status()
  File "C:\Users\takuy\OneDrive\tdnet-excel-input\.venv\Lib\site-packages\requests\models.py", line 1026, in raise_for_status
    raise HTTPError(http_error_msg, response=self)
requests.exceptions.HTTPError: 401 Client Error: Unauthorized for url: https://fvkvfekzoebcolssnteo.supabase.co/rest/v1/financials?on_conflict=ticker%2Cperiod%2Cquarter

[08:32:06] [Phase5] financials batch ‰æãÂ§ñ:
Traceback (most recent call last):
  File "C:\Users\takuy\OneDrive\tdnet-excel-input\tools\sqlite_to_supabase.py", line 1135, in push_sqlite_to_supabase
    api.upsert_batch_fast(
  File "C:\Users\takuy\OneDrive\tdnet-excel-input\tools\sqlite_to_supabase.py", line 474, in upsert_batch_fast
    self._request(
  File "C:\Users\takuy\OneDrive\tdnet-excel-input\tools\sqlite_to_supabase.py", line 394, in _request
    r.raise_for_status()
  File "C:\Users\takuy\OneDrive\tdnet-excel-input\.venv\Lib\site-packages\requests\models.py", line 1026, in raise_for_status
    raise HTTPError(http_error_msg, response=self)
requests.exceptions.HTTPError: 401 Client Error: Unauthorized for url: https://fvkvfekzoebcolssnteo.supabase.co/rest/v1/financials?on_conflict=ticker%2Cperiod%2Cquarter

[08:32:06] [Phase5] financials batch ‰æãÂ§ñ:
Traceback (most recent call last):
  File "C:\Users\takuy\OneDrive\tdnet-excel-input\tools\sqlite_to_supabase.py", line 1135, in push_sqlite_to_supabase
    api.upsert_batch_fast(
  File "C:\Users\takuy\OneDrive\tdnet-excel-input\tools\sqlite_to_supabase.py", line 474, in upsert_batch_fast
    self._request(
  File "C:\Users\takuy\OneDrive\tdnet-excel-input\tools\sqlite_to_supabase.py", line 394, in _request
    r.raise_for_status()
  File "C:\Users\takuy\OneDrive\tdnet-excel-input\.venv\Lib\site-packages\requests\models.py", line 1026, in raise_for_status
    raise HTTPError(http_error_msg, response=self)
requests.exceptions.HTTPError: 401 Client Error: Unauthorized for url: https://fvkvfekzoebcolssnteo.supabase.co/rest/v1/financials?on_conflict=ticker%2Cperiod%2Cquarter

[08:32:06] [Phase5] financials batch ‰æãÂ§ñ:
Traceback (most recent call last):
  File "C:\Users\takuy\OneDrive\tdnet-excel-input\tools\sqlite_to_supabase.py", line 1135, in push_sqlite_to_supabase
    api.upsert_batch_fast(
  File "C:\Users\takuy\OneDrive\tdnet-excel-input\tools\sqlite_to_supabase.py", line 474, in upsert_batch_fast
    self._request(
  File "C:\Users\takuy\OneDrive\tdnet-excel-input\tools\sqlite_to_supabase.py", line 394, in _request
    r.raise_for_status()
  File "C:\Users\takuy\OneDrive\tdnet-excel-input\.venv\Lib\site-packages\requests\models.py", line 1026, in raise_for_status
    raise HTTPError(http_error_msg, response=self)
requests.exceptions.HTTPError: 401 Client Error: Unauthorized for url: https://fvkvfekzoebcolssnteo.supabase.co/rest/v1/financials?on_conflict=ticker%2Cperiod%2Cquarter

[08:32:06] [Phase5] financials batch ‰æãÂ§ñ:
Traceback (most recent call last):
  File "C:\Users\takuy\OneDrive\tdnet-excel-input\tools\sqlite_to_supabase.py", line 1135, in push_sqlite_to_supabase
    api.upsert_batch_fast(
  File "C:\Users\takuy\OneDrive\tdnet-excel-input\tools\sqlite_to_supabase.py", line 474, in upsert_batch_fast
    self._request(
  File "C:\Users\takuy\OneDrive\tdnet-excel-input\tools\sqlite_to_supabase.py", line 394, in _request
    r.raise_for_status()
  File "C:\Users\takuy\OneDrive\tdnet-excel-input\.venv\Lib\site-packages\requests\models.py", line 1026, in raise_for_status
    raise HTTPError(http_error_msg, response=self)
requests.exceptions.HTTPError: 401 Client Error: Unauthorized for url: https://fvkvfekzoebcolssnteo.supabase.co/rest/v1/financials?on_conflict=ticker%2Cperiod%2Cquarter

[08:32:07] [Phase5] financials batch ‰æãÂ§ñ:
Traceback (most recent call last):
  File "C:\Users\takuy\OneDrive\tdnet-excel-input\tools\sqlite_to_supabase.py", line 1135, in push_sqlite_to_supabase
    api.upsert_batch_fast(
  File "C:\Users\takuy\OneDrive\tdnet-excel-input\tools\sqlite_to_supabase.py", line 474, in upsert_batch_fast
    self._request(
  File "C:\Users\takuy\OneDrive\tdnet-excel-input\tools\sqlite_to_supabase.py", line 394, in _request
    r.raise_for_status()
  File "C:\Users\takuy\OneDrive\tdnet-excel-input\.venv\Lib\site-packages\requests\models.py", line 1026, in raise_for_status
    raise HTTPError(http_error_msg, response=self)
requests.exceptions.HTTPError: 401 Client Error: Unauthorized for url: https://fvkvfekzoebcolssnteo.supabase.co/rest/v1/financials?on_conflict=ticker%2Cperiod%2Cquarter

[08:32:07] [Phase5] financials batch ‰æãÂ§ñ:
Traceback (most recent call last):
  File "C:\Users\takuy\OneDrive\tdnet-excel-input\tools\sqlite_to_supabase.py", line 1135, in push_sqlite_to_supabase
    api.upsert_batch_fast(
  File "C:\Users\takuy\OneDrive\tdnet-excel-input\tools\sqlite_to_supabase.py", line 474, in upsert_batch_fast
    self._request(
  File "C:\Users\takuy\OneDrive\tdnet-excel-input\tools\sqlite_to_supabase.py", line 394, in _request
    r.raise_for_status()
  File "C:\Users\takuy\OneDrive\tdnet-excel-input\.venv\Lib\site-packages\requests\models.py", line 1026, in raise_for_status
    raise HTTPError(http_error_msg, response=self)
requests.exceptions.HTTPError: 401 Client Error: Unauthorized for url: https://fvkvfekzoebcolssnteo.supabase.co/rest/v1/financials?on_conflict=ticker%2Cperiod%2Cquarter

[08:32:07] [Phase5] financials batch ‰æãÂ§ñ:
Traceback (most recent call last):
  File "C:\Users\takuy\OneDrive\tdnet-excel-input\tools\sqlite_to_supabase.py", line 1135, in push_sqlite_to_supabase
    api.upsert_batch_fast(
  File "C:\Users\takuy\OneDrive\tdnet-excel-input\tools\sqlite_to_supabase.py", line 474, in upsert_batch_fast
    self._request(
  File "C:\Users\takuy\OneDrive\tdnet-excel-input\tools\sqlite_to_supabase.py", line 394, in _request
    r.raise_for_status()
  File "C:\Users\takuy\OneDrive\tdnet-excel-input\.venv\Lib\site-packages\requests\models.py", line 1026, in raise_for_status
    raise HTTPError(http_error_msg, response=self)
requests.exceptions.HTTPError: 401 Client Error: Unauthorized for url: https://fvkvfekzoebcolssnteo.supabase.co/rest/v1/financials?on_conflict=ticker%2Cperiod%2Cquarter

[08:32:07] [Phase5] financials batch ‰æãÂ§ñ:
Traceback (most recent call last):
  File "C:\Users\takuy\OneDrive\tdnet-excel-input\tools\sqlite_to_supabase.py", line 1135, in push_sqlite_to_supabase
    api.upsert_batch_fast(
  File "C:\Users\takuy\OneDrive\tdnet-excel-input\tools\sqlite_to_supabase.py", line 474, in upsert_batch_fast
    self._request(
  File "C:\Users\takuy\OneDrive\tdnet-excel-input\tools\sqlite_to_supabase.py", line 394, in _request
    r.raise_for_status()
  File "C:\Users\takuy\OneDrive\tdnet-excel-input\.venv\Lib\site-packages\requests\models.py", line 1026, in raise_for_status
    raise HTTPError(http_error_msg, response=self)
requests.exceptions.HTTPError: 401 Client Error: Unauthorized for url: https://fvkvfekzoebcolssnteo.supabase.co/rest/v1/financials?on_conflict=ticker%2Cperiod%2Cquarter

[08:32:07] [Phase5] financials batch ‰æãÂ§ñ:
Traceback (most recent call last):
  File "C:\Users\takuy\OneDrive\tdnet-excel-input\tools\sqlite_to_supabase.py", line 1135, in push_sqlite_to_supabase
    api.upsert_batch_fast(
  File "C:\Users\takuy\OneDrive\tdnet-excel-input\tools\sqlite_to_supabase.py", line 474, in upsert_batch_fast
    self._request(
  File "C:\Users\takuy\OneDrive\tdnet-excel-input\tools\sqlite_to_supabase.py", line 394, in _request
    r.raise_for_status()
  File "C:\Users\takuy\OneDrive\tdnet-excel-input\.venv\Lib\site-packages\requests\models.py", line 1026, in raise_for_status
    raise HTTPError(http_error_msg, response=self)
requests.exceptions.HTTPError: 401 Client Error: Unauthorized for url: https://fvkvfekzoebcolssnteo.supabase.co/rest/v1/financials?on_conflict=ticker%2Cperiod%2Cquarter

[08:32:07] [Phase5] financials batch ‰æãÂ§ñ:
Traceback (most recent call last):
  File "C:\Users\takuy\OneDrive\tdnet-excel-input\tools\sqlite_to_supabase.py", line 1135, in push_sqlite_to_supabase
    api.upsert_batch_fast(
  File "C:\Users\takuy\OneDrive\tdnet-excel-input\tools\sqlite_to_supabase.py", line 474, in upsert_batch_fast
    self._request(
  File "C:\Users\takuy\OneDrive\tdnet-excel-input\tools\sqlite_to_supabase.py", line 394, in _request
    r.raise_for_status()
  File "C:\Users\takuy\OneDrive\tdnet-excel-input\.venv\Lib\site-packages\requests\models.py", line 1026, in raise_for_status
    raise HTTPError(http_error_msg, response=self)
requests.exceptions.HTTPError: 401 Client Error: Unauthorized for url: https://fvkvfekzoebcolssnteo.supabase.co/rest/v1/financials?on_conflict=ticker%2Cperiod%2Cquarter

[08:32:07] [Phase5] financials batch ‰æãÂ§ñ:
Traceback (most recent call last):
  File "C:\Users\takuy\OneDrive\tdnet-excel-input\tools\sqlite_to_supabase.py", line 1135, in push_sqlite_to_supabase
    api.upsert_batch_fast(
  File "C:\Users\takuy\OneDrive\tdnet-excel-input\tools\sqlite_to_supabase.py", line 474, in upsert_batch_fast
    self._request(
  File "C:\Users\takuy\OneDrive\tdnet-excel-input\tools\sqlite_to_supabase.py", line 394, in _request
    r.raise_for_status()
  File "C:\Users\takuy\OneDrive\tdnet-excel-input\.venv\Lib\site-packages\requests\models.py", line 1026, in raise_for_status
    raise HTTPError(http_error_msg, response=self)
requests.exceptions.HTTPError: 401 Client Error: Unauthorized for url: https://fvkvfekzoebcolssnteo.supabase.co/rest/v1/financials?on_conflict=ticker%2Cperiod%2Cquarter

[08:32:07] [Phase5] financials batch ‰æãÂ§ñ:
Traceback (most recent call last):
  File "C:\Users\takuy\OneDrive\tdnet-excel-input\tools\sqlite_to_supabase.py", line 1135, in push_sqlite_to_supabase
    api.upsert_batch_fast(
  File "C:\Users\takuy\OneDrive\tdnet-excel-input\tools\sqlite_to_supabase.py", line 474, in upsert_batch_fast
    self._request(
  File "C:\Users\takuy\OneDrive\tdnet-excel-input\tools\sqlite_to_supabase.py", line 394, in _request
    r.raise_for_status()
  File "C:\Users\takuy\OneDrive\tdnet-excel-input\.venv\Lib\site-packages\requests\models.py", line 1026, in raise_for_status
    raise HTTPError(http_error_msg, response=self)
requests.exceptions.HTTPError: 401 Client Error: Unauthorized for url: https://fvkvfekzoebcolssnteo.supabase.co/rest/v1/financials?on_conflict=ticker%2Cperiod%2Cquarter

[08:32:08] [Phase5] financials batch ‰æãÂ§ñ:
Traceback (most recent call last):
  File "C:\Users\takuy\OneDrive\tdnet-excel-input\tools\sqlite_to_supabase.py", line 1135, in push_sqlite_to_supabase
    api.upsert_batch_fast(
  File "C:\Users\takuy\OneDrive\tdnet-excel-input\tools\sqlite_to_supabase.py", line 474, in upsert_batch_fast
    self._request(
  File "C:\Users\takuy\OneDrive\tdnet-excel-input\tools\sqlite_to_supabase.py", line 394, in _request
    r.raise_for_status()
  File "C:\Users\takuy\OneDrive\tdnet-excel-input\.venv\Lib\site-packages\requests\models.py", line 1026, in raise_for_status
    raise HTTPError(http_error_msg, response=self)
requests.exceptions.HTTPError: 401 Client Error: Unauthorized for url: https://fvkvfekzoebcolssnteo.supabase.co/rest/v1/financials?on_conflict=ticker%2Cperiod%2Cquarter

[08:32:08] [Phase5] financials batch ‰æãÂ§ñ:
Traceback (most recent call last):
  File "C:\Users\takuy\OneDrive\tdnet-excel-input\tools\sqlite_to_supabase.py", line 1135, in push_sqlite_to_supabase
    api.upsert_batch_fast(
  File "C:\Users\takuy\OneDrive\tdnet-excel-input\tools\sqlite_to_supabase.py", line 474, in upsert_batch_fast
    self._request(
  File "C:\Users\takuy\OneDrive\tdnet-excel-input\tools\sqlite_to_supabase.py", line 394, in _request
    r.raise_for_status()
  File "C:\Users\takuy\OneDrive\tdnet-excel-input\.venv\Lib\site-packages\requests\models.py", line 1026, in raise_for_status
    raise HTTPError(http_error_msg, response=self)
requests.exceptions.HTTPError: 401 Client Error: Unauthorized for url: https://fvkvfekzoebcolssnteo.supabase.co/rest/v1/financials?on_conflict=ticker%2Cperiod%2Cquarter

[08:32:08] [Phase5] financials batch ‰æãÂ§ñ:
Traceback (most recent call last):
  File "C:\Users\takuy\OneDrive\tdnet-excel-input\tools\sqlite_to_supabase.py", line 1135, in push_sqlite_to_supabase
    api.upsert_batch_fast(
  File "C:\Users\takuy\OneDrive\tdnet-excel-input\tools\sqlite_to_supabase.py", line 474, in upsert_batch_fast
    self._request(
  File "C:\Users\takuy\OneDrive\tdnet-excel-input\tools\sqlite_to_supabase.py", line 394, in _request
    r.raise_for_status()
  File "C:\Users\takuy\OneDrive\tdnet-excel-input\.venv\Lib\site-packages\requests\models.py", line 1026, in raise_for_status
    raise HTTPError(http_error_msg, response=self)
requests.exceptions.HTTPError: 401 Client Error: Unauthorized for url: https://fvkvfekzoebcolssnteo.supabase.co/rest/v1/financials?on_conflict=ticker%2Cperiod%2Cquarter

[08:32:08] [Phase5] financials batch ‰æãÂ§ñ:
Traceback (most recent call last):
  File "C:\Users\takuy\OneDrive\tdnet-excel-input\tools\sqlite_to_supabase.py", line 1135, in push_sqlite_to_supabase
    api.upsert_batch_fast(
  File "C:\Users\takuy\OneDrive\tdnet-excel-input\tools\sqlite_to_supabase.py", line 474, in upsert_batch_fast
    self._request(
  File "C:\Users\takuy\OneDrive\tdnet-excel-input\tools\sqlite_to_supabase.py", line 394, in _request
    r.raise_for_status()
  File "C:\Users\takuy\OneDrive\tdnet-excel-input\.venv\Lib\site-packages\requests\models.py", line 1026, in raise_for_status
    raise HTTPError(http_error_msg, response=self)
requests.exceptions.HTTPError: 401 Client Error: Unauthorized for url: https://fvkvfekzoebcolssnteo.supabase.co/rest/v1/financials?on_conflict=ticker%2Cperiod%2Cquarter

[08:32:08] [Phase5] financials batch ‰æãÂ§ñ:
Traceback (most recent call last):
  File "C:\Users\takuy\OneDrive\tdnet-excel-input\tools\sqlite_to_supabase.py", line 1135, in push_sqlite_to_supabase
    api.upsert_batch_fast(
  File "C:\Users\takuy\OneDrive\tdnet-excel-input\tools\sqlite_to_supabase.py", line 474, in upsert_batch_fast
    self._request(
  File "C:\Users\takuy\OneDrive\tdnet-excel-input\tools\sqlite_to_supabase.py", line 394, in _request
    r.raise_for_status()
  File "C:\Users\takuy\OneDrive\tdnet-excel-input\.venv\Lib\site-packages\requests\models.py", line 1026, in raise_for_status
    raise HTTPError(http_error_msg, response=self)
requests.exceptions.HTTPError: 401 Client Error: Unauthorized for url: https://fvkvfekzoebcolssnteo.supabase.co/rest/v1/financials?on_conflict=ticker%2Cperiod%2Cquarter

[08:32:08] [Phase5] financials batch ‰æãÂ§ñ:
Traceback (most recent call last):
  File "C:\Users\takuy\OneDrive\tdnet-excel-input\tools\sqlite_to_supabase.py", line 1135, in push_sqlite_to_supabase
    api.upsert_batch_fast(
  File "C:\Users\takuy\OneDrive\tdnet-excel-input\tools\sqlite_to_supabase.py", line 474, in upsert_batch_fast
    self._request(
  File "C:\Users\takuy\OneDrive\tdnet-excel-input\tools\sqlite_to_supabase.py", line 394, in _request
    r.raise_for_status()
  File "C:\Users\takuy\OneDrive\tdnet-excel-input\.venv\Lib\site-packages\requests\models.py", line 1026, in raise_for_status
    raise HTTPError(http_error_msg, response=self)
requests.exceptions.HTTPError: 401 Client Error: Unauthorized for url: https://fvkvfekzoebcolssnteo.supabase.co/rest/v1/financials?on_conflict=ticker%2Cperiod%2Cquarter

[08:32:08] [Phase5] financials batch ‰æãÂ§ñ:
Traceback (most recent call last):
  File "C:\Users\takuy\OneDrive\tdnet-excel-input\tools\sqlite_to_supabase.py", line 1135, in push_sqlite_to_supabase
    api.upsert_batch_fast(
  File "C:\Users\takuy\OneDrive\tdnet-excel-input\tools\sqlite_to_supabase.py", line 474, in upsert_batch_fast
    self._request(
  File "C:\Users\takuy\OneDrive\tdnet-excel-input\tools\sqlite_to_supabase.py", line 394, in _request
    r.raise_for_status()
  File "C:\Users\takuy\OneDrive\tdnet-excel-input\.venv\Lib\site-packages\requests\models.py", line 1026, in raise_for_status
    raise HTTPError(http_error_msg, response=self)
requests.exceptions.HTTPError: 401 Client Error: Unauthorized for url: https://fvkvfekzoebcolssnteo.supabase.co/rest/v1/financials?on_conflict=ticker%2Cperiod%2Cquarter

[08:32:09] [Phase5] financials batch ‰æãÂ§ñ:
Traceback (most recent call last):
  File "C:\Users\takuy\OneDrive\tdnet-excel-input\tools\sqlite_to_supabase.py", line 1135, in push_sqlite_to_supabase
    api.upsert_batch_fast(
  File "C:\Users\takuy\OneDrive\tdnet-excel-input\tools\sqlite_to_supabase.py", line 474, in upsert_batch_fast
    self._request(
  File "C:\Users\takuy\OneDrive\tdnet-excel-input\tools\sqlite_to_supabase.py", line 394, in _request
    r.raise_for_status()
  File "C:\Users\takuy\OneDrive\tdnet-excel-input\.venv\Lib\site-packages\requests\models.py", line 1026, in raise_for_status
    raise HTTPError(http_error_msg, response=self)
requests.exceptions.HTTPError: 401 Client Error: Unauthorized for url: https://fvkvfekzoebcolssnteo.supabase.co/rest/v1/financials?on_conflict=ticker%2Cperiod%2Cquarter

[08:32:09] [Phase5] financials batch ‰æãÂ§ñ:
Traceback (most recent call last):
  File "C:\Users\takuy\OneDrive\tdnet-excel-input\tools\sqlite_to_supabase.py", line 1135, in push_sqlite_to_supabase
    api.upsert_batch_fast(
  File "C:\Users\takuy\OneDrive\tdnet-excel-input\tools\sqlite_to_supabase.py", line 474, in upsert_batch_fast
    self._request(
  File "C:\Users\takuy\OneDrive\tdnet-excel-input\tools\sqlite_to_supabase.py", line 394, in _request
    r.raise_for_status()
  File "C:\Users\takuy\OneDrive\tdnet-excel-input\.venv\Lib\site-packages\requests\models.py", line 1026, in raise_for_status
    raise HTTPError(http_error_msg, response=self)
requests.exceptions.HTTPError: 401 Client Error: Unauthorized for url: https://fvkvfekzoebcolssnteo.supabase.co/rest/v1/financials?on_conflict=ticker%2Cperiod%2Cquarter

[08:32:09] [Phase5] financials batch ‰æãÂ§ñ:
Traceback (most recent call last):
  File "C:\Users\takuy\OneDrive\tdnet-excel-input\tools\sqlite_to_supabase.py", line 1135, in push_sqlite_to_supabase
    api.upsert_batch_fast(
  File "C:\Users\takuy\OneDrive\tdnet-excel-input\tools\sqlite_to_supabase.py", line 474, in upsert_batch_fast
    self._request(
  File "C:\Users\takuy\OneDrive\tdnet-excel-input\tools\sqlite_to_supabase.py", line 394, in _request
    r.raise_for_status()
  File "C:\Users\takuy\OneDrive\tdnet-excel-input\.venv\Lib\site-packages\requests\models.py", line 1026, in raise_for_status
    raise HTTPError(http_error_msg, response=self)
requests.exceptions.HTTPError: 401 Client Error: Unauthorized for url: https://fvkvfekzoebcolssnteo.supabase.co/rest/v1/financials?on_conflict=ticker%2Cperiod%2Cquarter

[08:32:09] [Phase5] financials batch ‰æãÂ§ñ:
Traceback (most recent call last):
  File "C:\Users\takuy\OneDrive\tdnet-excel-input\tools\sqlite_to_supabase.py", line 1135, in push_sqlite_to_supabase
    api.upsert_batch_fast(
  File "C:\Users\takuy\OneDrive\tdnet-excel-input\tools\sqlite_to_supabase.py", line 474, in upsert_batch_fast
    self._request(
  File "C:\Users\takuy\OneDrive\tdnet-excel-input\tools\sqlite_to_supabase.py", line 394, in _request
    r.raise_for_status()
  File "C:\Users\takuy\OneDrive\tdnet-excel-input\.venv\Lib\site-packages\requests\models.py", line 1026, in raise_for_status
    raise HTTPError(http_error_msg, response=self)
requests.exceptions.HTTPError: 401 Client Error: Unauthorized for url: https://fvkvfekzoebcolssnteo.supabase.co/rest/v1/financials?on_conflict=ticker%2Cperiod%2Cquarter

[08:32:09] [Phase5] financials batch ‰æãÂ§ñ:
Traceback (most recent call last):
  File "C:\Users\takuy\OneDrive\tdnet-excel-input\tools\sqlite_to_supabase.py", line 1135, in push_sqlite_to_supabase
    api.upsert_batch_fast(
  File "C:\Users\takuy\OneDrive\tdnet-excel-input\tools\sqlite_to_supabase.py", line 474, in upsert_batch_fast
    self._request(
  File "C:\Users\takuy\OneDrive\tdnet-excel-input\tools\sqlite_to_supabase.py", line 394, in _request
    r.raise_for_status()
  File "C:\Users\takuy\OneDrive\tdnet-excel-input\.venv\Lib\site-packages\requests\models.py", line 1026, in raise_for_status
    raise HTTPError(http_error_msg, response=self)
requests.exceptions.HTTPError: 401 Client Error: Unauthorized for url: https://fvkvfekzoebcolssnteo.supabase.co/rest/v1/financials?on_conflict=ticker%2Cperiod%2Cquarter

[08:32:09] [Phase5] financials batch ‰æãÂ§ñ:
Traceback (most recent call last):
  File "C:\Users\takuy\OneDrive\tdnet-excel-input\tools\sqlite_to_supabase.py", line 1135, in push_sqlite_to_supabase
    api.upsert_batch_fast(
  File "C:\Users\takuy\OneDrive\tdnet-excel-input\tools\sqlite_to_supabase.py", line 474, in upsert_batch_fast
    self._request(
  File "C:\Users\takuy\OneDrive\tdnet-excel-input\tools\sqlite_to_supabase.py", line 394, in _request
    r.raise_for_status()
  File "C:\Users\takuy\OneDrive\tdnet-excel-input\.venv\Lib\site-packages\requests\models.py", line 1026, in raise_for_status
    raise HTTPError(http_error_msg, response=self)
requests.exceptions.HTTPError: 401 Client Error: Unauthorized for url: https://fvkvfekzoebcolssnteo.supabase.co/rest/v1/financials?on_conflict=ticker%2Cperiod%2Cquarter

[08:32:09] [Phase5] financials batch ‰æãÂ§ñ:
Traceback (most recent call last):
  File "C:\Users\takuy\OneDrive\tdnet-excel-input\tools\sqlite_to_supabase.py", line 1135, in push_sqlite_to_supabase
    api.upsert_batch_fast(
  File "C:\Users\takuy\OneDrive\tdnet-excel-input\tools\sqlite_to_supabase.py", line 474, in upsert_batch_fast
    self._request(
  File "C:\Users\takuy\OneDrive\tdnet-excel-input\tools\sqlite_to_supabase.py", line 394, in _request
    r.raise_for_status()
  File "C:\Users\takuy\OneDrive\tdnet-excel-input\.venv\Lib\site-packages\requests\models.py", line 1026, in raise_for_status
    raise HTTPError(http_error_msg, response=self)
requests.exceptions.HTTPError: 401 Client Error: Unauthorized for url: https://fvkvfekzoebcolssnteo.supabase.co/rest/v1/financials?on_conflict=ticker%2Cperiod%2Cquarter

[08:32:10] [Phase5] financials batch ‰æãÂ§ñ:
Traceback (most recent call last):
  File "C:\Users\takuy\OneDrive\tdnet-excel-input\tools\sqlite_to_supabase.py", line 1135, in push_sqlite_to_supabase
    api.upsert_batch_fast(
  File "C:\Users\takuy\OneDrive\tdnet-excel-input\tools\sqlite_to_supabase.py", line 474, in upsert_batch_fast
    self._request(
  File "C:\Users\takuy\OneDrive\tdnet-excel-input\tools\sqlite_to_supabase.py", line 394, in _request
    r.raise_for_status()
  File "C:\Users\takuy\OneDrive\tdnet-excel-input\.venv\Lib\site-packages\requests\models.py", line 1026, in raise_for_status
    raise HTTPError(http_error_msg, response=self)
requests.exceptions.HTTPError: 401 Client Error: Unauthorized for url: https://fvkvfekzoebcolssnteo.supabase.co/rest/v1/financials?on_conflict=ticker%2Cperiod%2Cquarter

[08:32:10] [Phase5] financials batch ‰æãÂ§ñ:
Traceback (most recent call last):
  File "C:\Users\takuy\OneDrive\tdnet-excel-input\tools\sqlite_to_supabase.py", line 1135, in push_sqlite_to_supabase
    api.upsert_batch_fast(
  File "C:\Users\takuy\OneDrive\tdnet-excel-input\tools\sqlite_to_supabase.py", line 474, in upsert_batch_fast
    self._request(
  File "C:\Users\takuy\OneDrive\tdnet-excel-input\tools\sqlite_to_supabase.py", line 394, in _request
    r.raise_for_status()
  File "C:\Users\takuy\OneDrive\tdnet-excel-input\.venv\Lib\site-packages\requests\models.py", line 1026, in raise_for_status
    raise HTTPError(http_error_msg, response=self)
requests.exceptions.HTTPError: 401 Client Error: Unauthorized for url: https://fvkvfekzoebcolssnteo.supabase.co/rest/v1/financials?on_conflict=ticker%2Cperiod%2Cquarter

[08:32:10] [Phase5] financials batch ‰æãÂ§ñ:
Traceback (most recent call last):
  File "C:\Users\takuy\OneDrive\tdnet-excel-input\tools\sqlite_to_supabase.py", line 1135, in push_sqlite_to_supabase
    api.upsert_batch_fast(
  File "C:\Users\takuy\OneDrive\tdnet-excel-input\tools\sqlite_to_supabase.py", line 474, in upsert_batch_fast
    self._request(
  File "C:\Users\takuy\OneDrive\tdnet-excel-input\tools\sqlite_to_supabase.py", line 394, in _request
    r.raise_for_status()
  File "C:\Users\takuy\OneDrive\tdnet-excel-input\.venv\Lib\site-packages\requests\models.py", line 1026, in raise_for_status
    raise HTTPError(http_error_msg, response=self)
requests.exceptions.HTTPError: 401 Client Error: Unauthorized for url: https://fvkvfekzoebcolssnteo.supabase.co/rest/v1/financials?on_conflict=ticker%2Cperiod%2Cquarter

[08:32:10] [Phase5] financials batch ‰æãÂ§ñ:
Traceback (most recent call last):
  File "C:\Users\takuy\OneDrive\tdnet-excel-input\tools\sqlite_to_supabase.py", line 1135, in push_sqlite_to_supabase
    api.upsert_batch_fast(
  File "C:\Users\takuy\OneDrive\tdnet-excel-input\tools\sqlite_to_supabase.py", line 474, in upsert_batch_fast
    self._request(
  File "C:\Users\takuy\OneDrive\tdnet-excel-input\tools\sqlite_to_supabase.py", line 394, in _request
    r.raise_for_status()
  File "C:\Users\takuy\OneDrive\tdnet-excel-input\.venv\Lib\site-packages\requests\models.py", line 1026, in raise_for_status
    raise HTTPError(http_error_msg, response=self)
requests.exceptions.HTTPError: 401 Client Error: Unauthorized for url: https://fvkvfekzoebcolssnteo.supabase.co/rest/v1/financials?on_conflict=ticker%2Cperiod%2Cquarter

[08:32:10] [Phase5] financials batch ‰æãÂ§ñ:
Traceback (most recent call last):
  File "C:\Users\takuy\OneDrive\tdnet-excel-input\tools\sqlite_to_supabase.py", line 1135, in push_sqlite_to_supabase
    api.upsert_batch_fast(
  File "C:\Users\takuy\OneDrive\tdnet-excel-input\tools\sqlite_to_supabase.py", line 474, in upsert_batch_fast
    self._request(
  File "C:\Users\takuy\OneDrive\tdnet-excel-input\tools\sqlite_to_supabase.py", line 394, in _request
    r.raise_for_status()
  File "C:\Users\takuy\OneDrive\tdnet-excel-input\.venv\Lib\site-packages\requests\models.py", line 1026, in raise_for_status
    raise HTTPError(http_error_msg, response=self)
requests.exceptions.HTTPError: 401 Client Error: Unauthorized for url: https://fvkvfekzoebcolssnteo.supabase.co/rest/v1/financials?on_conflict=ticker%2Cperiod%2Cquarter

[08:32:10] [Phase5] financials batch ‰æãÂ§ñ:
Traceback (most recent call last):
  File "C:\Users\takuy\OneDrive\tdnet-excel-input\tools\sqlite_to_supabase.py", line 1135, in push_sqlite_to_supabase
    api.upsert_batch_fast(
  File "C:\Users\takuy\OneDrive\tdnet-excel-input\tools\sqlite_to_supabase.py", line 474, in upsert_batch_fast
    self._request(
  File "C:\Users\takuy\OneDrive\tdnet-excel-input\tools\sqlite_to_supabase.py", line 394, in _request
    r.raise_for_status()
  File "C:\Users\takuy\OneDrive\tdnet-excel-input\.venv\Lib\site-packages\requests\models.py", line 1026, in raise_for_status
    raise HTTPError(http_error_msg, response=self)
requests.exceptions.HTTPError: 401 Client Error: Unauthorized for url: https://fvkvfekzoebcolssnteo.supabase.co/rest/v1/financials?on_conflict=ticker%2Cperiod%2Cquarter

[08:32:10] [Phase5] financials batch ‰æãÂ§ñ:
Traceback (most recent call last):
  File "C:\Users\takuy\OneDrive\tdnet-excel-input\tools\sqlite_to_supabase.py", line 1135, in push_sqlite_to_supabase
    api.upsert_batch_fast(
  File "C:\Users\takuy\OneDrive\tdnet-excel-input\tools\sqlite_to_supabase.py", line 474, in upsert_batch_fast
    self._request(
  File "C:\Users\takuy\OneDrive\tdnet-excel-input\tools\sqlite_to_supabase.py", line 394, in _request
    r.raise_for_status()
  File "C:\Users\takuy\OneDrive\tdnet-excel-input\.venv\Lib\site-packages\requests\models.py", line 1026, in raise_for_status
    raise HTTPError(http_error_msg, response=self)
requests.exceptions.HTTPError: 401 Client Error: Unauthorized for url: https://fvkvfekzoebcolssnteo.supabase.co/rest/v1/financials?on_conflict=ticker%2Cperiod%2Cquarter

[08:32:10] [Phase5] financials batch ‰æãÂ§ñ:
Traceback (most recent call last):
  File "C:\Users\takuy\OneDrive\tdnet-excel-input\tools\sqlite_to_supabase.py", line 1135, in push_sqlite_to_supabase
    api.upsert_batch_fast(
  File "C:\Users\takuy\OneDrive\tdnet-excel-input\tools\sqlite_to_supabase.py", line 474, in upsert_batch_fast
    self._request(
  File "C:\Users\takuy\OneDrive\tdnet-excel-input\tools\sqlite_to_supabase.py", line 394, in _request
    r.raise_for_status()
  File "C:\Users\takuy\OneDrive\tdnet-excel-input\.venv\Lib\site-packages\requests\models.py", line 1026, in raise_for_status
    raise HTTPError(http_error_msg, response=self)
requests.exceptions.HTTPError: 401 Client Error: Unauthorized for url: https://fvkvfekzoebcolssnteo.supabase.co/rest/v1/financials?on_conflict=ticker%2Cperiod%2Cquarter

[08:32:11] [Phase5] financials batch ‰æãÂ§ñ:
Traceback (most recent call last):
  File "C:\Users\takuy\OneDrive\tdnet-excel-input\tools\sqlite_to_supabase.py", line 1135, in push_sqlite_to_supabase
    api.upsert_batch_fast(
  File "C:\Users\takuy\OneDrive\tdnet-excel-input\tools\sqlite_to_supabase.py", line 474, in upsert_batch_fast
    self._request(
  File "C:\Users\takuy\OneDrive\tdnet-excel-input\tools\sqlite_to_supabase.py", line 394, in _request
    r.raise_for_status()
  File "C:\Users\takuy\OneDrive\tdnet-excel-input\.venv\Lib\site-packages\requests\models.py", line 1026, in raise_for_status
    raise HTTPError(http_error_msg, response=self)
requests.exceptions.HTTPError: 401 Client Error: Unauthorized for url: https://fvkvfekzoebcolssnteo.supabase.co/rest/v1/financials?on_conflict=ticker%2Cperiod%2Cquarter

[08:32:11] [Phase5] financials batch ‰æãÂ§ñ:
Traceback (most recent call last):
  File "C:\Users\takuy\OneDrive\tdnet-excel-input\tools\sqlite_to_supabase.py", line 1135, in push_sqlite_to_supabase
    api.upsert_batch_fast(
  File "C:\Users\takuy\OneDrive\tdnet-excel-input\tools\sqlite_to_supabase.py", line 474, in upsert_batch_fast
    self._request(
  File "C:\Users\takuy\OneDrive\tdnet-excel-input\tools\sqlite_to_supabase.py", line 394, in _request
    r.raise_for_status()
  File "C:\Users\takuy\OneDrive\tdnet-excel-input\.venv\Lib\site-packages\requests\models.py", line 1026, in raise_for_status
    raise HTTPError(http_error_msg, response=self)
requests.exceptions.HTTPError: 401 Client Error: Unauthorized for url: https://fvkvfekzoebcolssnteo.supabase.co/rest/v1/financials?on_conflict=ticker%2Cperiod%2Cquarter

[08:32:11] [Phase5] financials batch ‰æãÂ§ñ:
Traceback (most recent call last):
  File "C:\Users\takuy\OneDrive\tdnet-excel-input\tools\sqlite_to_supabase.py", line 1135, in push_sqlite_to_supabase
    api.upsert_batch_fast(
  File "C:\Users\takuy\OneDrive\tdnet-excel-input\tools\sqlite_to_supabase.py", line 474, in upsert_batch_fast
    self._request(
  File "C:\Users\takuy\OneDrive\tdnet-excel-input\tools\sqlite_to_supabase.py", line 394, in _request
    r.raise_for_status()
  File "C:\Users\takuy\OneDrive\tdnet-excel-input\.venv\Lib\site-packages\requests\models.py", line 1026, in raise_for_status
    raise HTTPError(http_error_msg, response=self)
requests.exceptions.HTTPError: 401 Client Error: Unauthorized for url: https://fvkvfekzoebcolssnteo.supabase.co/rest/v1/financials?on_conflict=ticker%2Cperiod%2Cquarter

[08:32:11] [Phase5] financials batch ‰æãÂ§ñ:
Traceback (most recent call last):
  File "C:\Users\takuy\OneDrive\tdnet-excel-input\tools\sqlite_to_supabase.py", line 1135, in push_sqlite_to_supabase
    api.upsert_batch_fast(
  File "C:\Users\takuy\OneDrive\tdnet-excel-input\tools\sqlite_to_supabase.py", line 474, in upsert_batch_fast
    self._request(
  File "C:\Users\takuy\OneDrive\tdnet-excel-input\tools\sqlite_to_supabase.py", line 394, in _request
    r.raise_for_status()
  File "C:\Users\takuy\OneDrive\tdnet-excel-input\.venv\Lib\site-packages\requests\models.py", line 1026, in raise_for_status
    raise HTTPError(http_error_msg, response=self)
requests.exceptions.HTTPError: 401 Client Error: Unauthorized for url: https://fvkvfekzoebcolssnteo.supabase.co/rest/v1/financials?on_conflict=ticker%2Cperiod%2Cquarter

[08:32:11] [Phase5] financials batch ‰æãÂ§ñ:
Traceback (most recent call last):
  File "C:\Users\takuy\OneDrive\tdnet-excel-input\tools\sqlite_to_supabase.py", line 1135, in push_sqlite_to_supabase
    api.upsert_batch_fast(
  File "C:\Users\takuy\OneDrive\tdnet-excel-input\tools\sqlite_to_supabase.py", line 474, in upsert_batch_fast
    self._request(
  File "C:\Users\takuy\OneDrive\tdnet-excel-input\tools\sqlite_to_supabase.py", line 394, in _request
    r.raise_for_status()
  File "C:\Users\takuy\OneDrive\tdnet-excel-input\.venv\Lib\site-packages\requests\models.py", line 1026, in raise_for_status
    raise HTTPError(http_error_msg, response=self)
requests.exceptions.HTTPError: 401 Client Error: Unauthorized for url: https://fvkvfekzoebcolssnteo.supabase.co/rest/v1/financials?on_conflict=ticker%2Cperiod%2Cquarter

[08:32:11] [Phase5] financials batch ‰æãÂ§ñ:
Traceback (most recent call last):
  File "C:\Users\takuy\OneDrive\tdnet-excel-input\tools\sqlite_to_supabase.py", line 1135, in push_sqlite_to_supabase
    api.upsert_batch_fast(
  File "C:\Users\takuy\OneDrive\tdnet-excel-input\tools\sqlite_to_supabase.py", line 474, in upsert_batch_fast
    self._request(
  File "C:\Users\takuy\OneDrive\tdnet-excel-input\tools\sqlite_to_supabase.py", line 394, in _request
    r.raise_for_status()
  File "C:\Users\takuy\OneDrive\tdnet-excel-input\.venv\Lib\site-packages\requests\models.py", line 1026, in raise_for_status
    raise HTTPError(http_error_msg, response=self)
requests.exceptions.HTTPError: 401 Client Error: Unauthorized for url: https://fvkvfekzoebcolssnteo.supabase.co/rest/v1/financials?on_conflict=ticker%2Cperiod%2Cquarter

[08:32:11] [Phase5] financials batch ‰æãÂ§ñ:
Traceback (most recent call last):
  File "C:\Users\takuy\OneDrive\tdnet-excel-input\tools\sqlite_to_supabase.py", line 1135, in push_sqlite_to_supabase
    api.upsert_batch_fast(
  File "C:\Users\takuy\OneDrive\tdnet-excel-input\tools\sqlite_to_supabase.py", line 474, in upsert_batch_fast
    self._request(
  File "C:\Users\takuy\OneDrive\tdnet-excel-input\tools\sqlite_to_supabase.py", line 394, in _request
    r.raise_for_status()
  File "C:\Users\takuy\OneDrive\tdnet-excel-input\.venv\Lib\site-packages\requests\models.py", line 1026, in raise_for_status
    raise HTTPError(http_error_msg, response=self)
requests.exceptions.HTTPError: 401 Client Error: Unauthorized for url: https://fvkvfekzoebcolssnteo.supabase.co/rest/v1/financials?on_conflict=ticker%2Cperiod%2Cquarter

[08:32:12] [Phase5] financials batch ‰æãÂ§ñ:
Traceback (most recent call last):
  File "C:\Users\takuy\OneDrive\tdnet-excel-input\tools\sqlite_to_supabase.py", line 1135, in push_sqlite_to_supabase
    api.upsert_batch_fast(
  File "C:\Users\takuy\OneDrive\tdnet-excel-input\tools\sqlite_to_supabase.py", line 474, in upsert_batch_fast
    self._request(
  File "C:\Users\takuy\OneDrive\tdnet-excel-input\tools\sqlite_to_supabase.py", line 394, in _request
    r.raise_for_status()
  File "C:\Users\takuy\OneDrive\tdnet-excel-input\.venv\Lib\site-packages\requests\models.py", line 1026, in raise_for_status
    raise HTTPError(http_error_msg, response=self)
requests.exceptions.HTTPError: 401 Client Error: Unauthorized for url: https://fvkvfekzoebcolssnteo.supabase.co/rest/v1/financials?on_conflict=ticker%2Cperiod%2Cquarter

[08:32:12] [Phase5] financials batch ‰æãÂ§ñ:
Traceback (most recent call last):
  File "C:\Users\takuy\OneDrive\tdnet-excel-input\tools\sqlite_to_supabase.py", line 1135, in push_sqlite_to_supabase
    api.upsert_batch_fast(
  File "C:\Users\takuy\OneDrive\tdnet-excel-input\tools\sqlite_to_supabase.py", line 474, in upsert_batch_fast
    self._request(
  File "C:\Users\takuy\OneDrive\tdnet-excel-input\tools\sqlite_to_supabase.py", line 394, in _request
    r.raise_for_status()
  File "C:\Users\takuy\OneDrive\tdnet-excel-input\.venv\Lib\site-packages\requests\models.py", line 1026, in raise_for_status
    raise HTTPError(http_error_msg, response=self)
requests.exceptions.HTTPError: 401 Client Error: Unauthorized for url: https://fvkvfekzoebcolssnteo.supabase.co/rest/v1/financials?on_conflict=ticker%2Cperiod%2Cquarter

[08:32:12] [Phase5] financials batch ‰æãÂ§ñ:
Traceback (most recent call last):
  File "C:\Users\takuy\OneDrive\tdnet-excel-input\tools\sqlite_to_supabase.py", line 1135, in push_sqlite_to_supabase
    api.upsert_batch_fast(
  File "C:\Users\takuy\OneDrive\tdnet-excel-input\tools\sqlite_to_supabase.py", line 474, in upsert_batch_fast
    self._request(
  File "C:\Users\takuy\OneDrive\tdnet-excel-input\tools\sqlite_to_supabase.py", line 394, in _request
    r.raise_for_status()
  File "C:\Users\takuy\OneDrive\tdnet-excel-input\.venv\Lib\site-packages\requests\models.py", line 1026, in raise_for_status
    raise HTTPError(http_error_msg, response=self)
requests.exceptions.HTTPError: 401 Client Error: Unauthorized for url: https://fvkvfekzoebcolssnteo.supabase.co/rest/v1/financials?on_conflict=ticker%2Cperiod%2Cquarter

[08:32:12] [Phase5] financials batch ‰æãÂ§ñ:
Traceback (most recent call last):
  File "C:\Users\takuy\OneDrive\tdnet-excel-input\tools\sqlite_to_supabase.py", line 1135, in push_sqlite_to_supabase
    api.upsert_batch_fast(
  File "C:\Users\takuy\OneDrive\tdnet-excel-input\tools\sqlite_to_supabase.py", line 474, in upsert_batch_fast
    self._request(
  File "C:\Users\takuy\OneDrive\tdnet-excel-input\tools\sqlite_to_supabase.py", line 394, in _request
    r.raise_for_status()
  File "C:\Users\takuy\OneDrive\tdnet-excel-input\.venv\Lib\site-packages\requests\models.py", line 1026, in raise_for_status
    raise HTTPError(http_error_msg, response=self)
requests.exceptions.HTTPError: 401 Client Error: Unauthorized for url: https://fvkvfekzoebcolssnteo.supabase.co/rest/v1/financials?on_conflict=ticker%2Cperiod%2Cquarter

[08:32:12] [Phase5] financials batch ‰æãÂ§ñ:
Traceback (most recent call last):
  File "C:\Users\takuy\OneDrive\tdnet-excel-input\tools\sqlite_to_supabase.py", line 1135, in push_sqlite_to_supabase
    api.upsert_batch_fast(
  File "C:\Users\takuy\OneDrive\tdnet-excel-input\tools\sqlite_to_supabase.py", line 474, in upsert_batch_fast
    self._request(
  File "C:\Users\takuy\OneDrive\tdnet-excel-input\tools\sqlite_to_supabase.py", line 394, in _request
    r.raise_for_status()
  File "C:\Users\takuy\OneDrive\tdnet-excel-input\.venv\Lib\site-packages\requests\models.py", line 1026, in raise_for_status
    raise HTTPError(http_error_msg, response=self)
requests.exceptions.HTTPError: 401 Client Error: Unauthorized for url: https://fvkvfekzoebcolssnteo.supabase.co/rest/v1/financials?on_conflict=ticker%2Cperiod%2Cquarter

[08:32:12] [Phase5] financials batch ‰æãÂ§ñ:
Traceback (most recent call last):
  File "C:\Users\takuy\OneDrive\tdnet-excel-input\tools\sqlite_to_supabase.py", line 1135, in push_sqlite_to_supabase
    api.upsert_batch_fast(
  File "C:\Users\takuy\OneDrive\tdnet-excel-input\tools\sqlite_to_supabase.py", line 474, in upsert_batch_fast
    self._request(
  File "C:\Users\takuy\OneDrive\tdnet-excel-input\tools\sqlite_to_supabase.py", line 394, in _request
    r.raise_for_status()
  File "C:\Users\takuy\OneDrive\tdnet-excel-input\.venv\Lib\site-packages\requests\models.py", line 1026, in raise_for_status
    raise HTTPError(http_error_msg, response=self)
requests.exceptions.HTTPError: 401 Client Error: Unauthorized for url: https://fvkvfekzoebcolssnteo.supabase.co/rest/v1/financials?on_conflict=ticker%2Cperiod%2Cquarter

[08:32:12] [Phase5] financials batch ‰æãÂ§ñ:
Traceback (most recent call last):
  File "C:\Users\takuy\OneDrive\tdnet-excel-input\tools\sqlite_to_supabase.py", line 1135, in push_sqlite_to_supabase
    api.upsert_batch_fast(
  File "C:\Users\takuy\OneDrive\tdnet-excel-input\tools\sqlite_to_supabase.py", line 474, in upsert_batch_fast
    self._request(
  File "C:\Users\takuy\OneDrive\tdnet-excel-input\tools\sqlite_to_supabase.py", line 394, in _request
    r.raise_for_status()
  File "C:\Users\takuy\OneDrive\tdnet-excel-input\.venv\Lib\site-packages\requests\models.py", line 1026, in raise_for_status
    raise HTTPError(http_error_msg, response=self)
requests.exceptions.HTTPError: 401 Client Error: Unauthorized for url: https://fvkvfekzoebcolssnteo.supabase.co/rest/v1/financials?on_conflict=ticker%2Cperiod%2Cquarter

[08:32:12] [Phase5] financials batch ‰æãÂ§ñ:
Traceback (most recent call last):
  File "C:\Users\takuy\OneDrive\tdnet-excel-input\tools\sqlite_to_supabase.py", line 1135, in push_sqlite_to_supabase
    api.upsert_batch_fast(
  File "C:\Users\takuy\OneDrive\tdnet-excel-input\tools\sqlite_to_supabase.py", line 474, in upsert_batch_fast
    self._request(
  File "C:\Users\takuy\OneDrive\tdnet-excel-input\tools\sqlite_to_supabase.py", line 394, in _request
    r.raise_for_status()
  File "C:\Users\takuy\OneDrive\tdnet-excel-input\.venv\Lib\site-packages\requests\models.py", line 1026, in raise_for_status
    raise HTTPError(http_error_msg, response=self)
requests.exceptions.HTTPError: 401 Client Error: Unauthorized for url: https://fvkvfekzoebcolssnteo.supabase.co/rest/v1/financials?on_conflict=ticker%2Cperiod%2Cquarter

[08:32:13] [Phase5] financials batch ‰æãÂ§ñ:
Traceback (most recent call last):
  File "C:\Users\takuy\OneDrive\tdnet-excel-input\tools\sqlite_to_supabase.py", line 1135, in push_sqlite_to_supabase
    api.upsert_batch_fast(
  File "C:\Users\takuy\OneDrive\tdnet-excel-input\tools\sqlite_to_supabase.py", line 474, in upsert_batch_fast
    self._request(
  File "C:\Users\takuy\OneDrive\tdnet-excel-input\tools\sqlite_to_supabase.py", line 394, in _request
    r.raise_for_status()
  File "C:\Users\takuy\OneDrive\tdnet-excel-input\.venv\Lib\site-packages\requests\models.py", line 1026, in raise_for_status
    raise HTTPError(http_error_msg, response=self)
requests.exceptions.HTTPError: 401 Client Error: Unauthorized for url: https://fvkvfekzoebcolssnteo.supabase.co/rest/v1/financials?on_conflict=ticker%2Cperiod%2Cquarter

[08:32:13] [Phase5] financials batch ‰æãÂ§ñ:
Traceback (most recent call last):
  File "C:\Users\takuy\OneDrive\tdnet-excel-input\tools\sqlite_to_supabase.py", line 1135, in push_sqlite_to_supabase
    api.upsert_batch_fast(
  File "C:\Users\takuy\OneDrive\tdnet-excel-input\tools\sqlite_to_supabase.py", line 474, in upsert_batch_fast
    self._request(
  File "C:\Users\takuy\OneDrive\tdnet-excel-input\tools\sqlite_to_supabase.py", line 394, in _request
    r.raise_for_status()
  File "C:\Users\takuy\OneDrive\tdnet-excel-input\.venv\Lib\site-packages\requests\models.py", line 1026, in raise_for_status
    raise HTTPError(http_error_msg, response=self)
requests.exceptions.HTTPError: 401 Client Error: Unauthorized for url: https://fvkvfekzoebcolssnteo.supabase.co/rest/v1/financials?on_conflict=ticker%2Cperiod%2Cquarter

[08:32:13] [Phase5] financials batch ‰æãÂ§ñ:
Traceback (most recent call last):
  File "C:\Users\takuy\OneDrive\tdnet-excel-input\tools\sqlite_to_supabase.py", line 1135, in push_sqlite_to_supabase
    api.upsert_batch_fast(
  File "C:\Users\takuy\OneDrive\tdnet-excel-input\tools\sqlite_to_supabase.py", line 474, in upsert_batch_fast
    self._request(
  File "C:\Users\takuy\OneDrive\tdnet-excel-input\tools\sqlite_to_supabase.py", line 394, in _request
    r.raise_for_status()
  File "C:\Users\takuy\OneDrive\tdnet-excel-input\.venv\Lib\site-packages\requests\models.py", line 1026, in raise_for_status
    raise HTTPError(http_error_msg, response=self)
requests.exceptions.HTTPError: 401 Client Error: Unauthorized for url: https://fvkvfekzoebcolssnteo.supabase.co/rest/v1/financials?on_conflict=ticker%2Cperiod%2Cquarter

[08:32:13] [Phase5] financials batch ‰æãÂ§ñ:
Traceback (most recent call last):
  File "C:\Users\takuy\OneDrive\tdnet-excel-input\tools\sqlite_to_supabase.py", line 1135, in push_sqlite_to_supabase
    api.upsert_batch_fast(
  File "C:\Users\takuy\OneDrive\tdnet-excel-input\tools\sqlite_to_supabase.py", line 474, in upsert_batch_fast
    self._request(
  File "C:\Users\takuy\OneDrive\tdnet-excel-input\tools\sqlite_to_supabase.py", line 394, in _request
    r.raise_for_status()
  File "C:\Users\takuy\OneDrive\tdnet-excel-input\.venv\Lib\site-packages\requests\models.py", line 1026, in raise_for_status
    raise HTTPError(http_error_msg, response=self)
requests.exceptions.HTTPError: 401 Client Error: Unauthorized for url: https://fvkvfekzoebcolssnteo.supabase.co/rest/v1/financials?on_conflict=ticker%2Cperiod%2Cquarter

[08:32:13] [Phase5] financials batch ‰æãÂ§ñ:
Traceback (most recent call last):
  File "C:\Users\takuy\OneDrive\tdnet-excel-input\tools\sqlite_to_supabase.py", line 1135, in push_sqlite_to_supabase
    api.upsert_batch_fast(
  File "C:\Users\takuy\OneDrive\tdnet-excel-input\tools\sqlite_to_supabase.py", line 474, in upsert_batch_fast
    self._request(
  File "C:\Users\takuy\OneDrive\tdnet-excel-input\tools\sqlite_to_supabase.py", line 394, in _request
    r.raise_for_status()
  File "C:\Users\takuy\OneDrive\tdnet-excel-input\.venv\Lib\site-packages\requests\models.py", line 1026, in raise_for_status
    raise HTTPError(http_error_msg, response=self)
requests.exceptions.HTTPError: 401 Client Error: Unauthorized for url: https://fvkvfekzoebcolssnteo.supabase.co/rest/v1/financials?on_conflict=ticker%2Cperiod%2Cquarter

[08:32:13] [Phase5] financials batch ‰æãÂ§ñ:
Traceback (most recent call last):
  File "C:\Users\takuy\OneDrive\tdnet-excel-input\tools\sqlite_to_supabase.py", line 1135, in push_sqlite_to_supabase
    api.upsert_batch_fast(
  File "C:\Users\takuy\OneDrive\tdnet-excel-input\tools\sqlite_to_supabase.py", line 474, in upsert_batch_fast
    self._request(
  File "C:\Users\takuy\OneDrive\tdnet-excel-input\tools\sqlite_to_supabase.py", line 394, in _request
    r.raise_for_status()
  File "C:\Users\takuy\OneDrive\tdnet-excel-input\.venv\Lib\site-packages\requests\models.py", line 1026, in raise_for_status
    raise HTTPError(http_error_msg, response=self)
requests.exceptions.HTTPError: 401 Client Error: Unauthorized for url: https://fvkvfekzoebcolssnteo.supabase.co/rest/v1/financials?on_conflict=ticker%2Cperiod%2Cquarter

[08:32:13] [Phase5] financials batch ‰æãÂ§ñ:
Traceback (most recent call last):
  File "C:\Users\takuy\OneDrive\tdnet-excel-input\tools\sqlite_to_supabase.py", line 1135, in push_sqlite_to_supabase
    api.upsert_batch_fast(
  File "C:\Users\takuy\OneDrive\tdnet-excel-input\tools\sqlite_to_supabase.py", line 474, in upsert_batch_fast
    self._request(
  File "C:\Users\takuy\OneDrive\tdnet-excel-input\tools\sqlite_to_supabase.py", line 394, in _request
    r.raise_for_status()
  File "C:\Users\takuy\OneDrive\tdnet-excel-input\.venv\Lib\site-packages\requests\models.py", line 1026, in raise_for_status
    raise HTTPError(http_error_msg, response=self)
requests.exceptions.HTTPError: 401 Client Error: Unauthorized for url: https://fvkvfekzoebcolssnteo.supabase.co/rest/v1/financials?on_conflict=ticker%2Cperiod%2Cquarter

[08:32:14] [Phase5] financials batch ‰æãÂ§ñ:
Traceback (most recent call last):
  File "C:\Users\takuy\OneDrive\tdnet-excel-input\tools\sqlite_to_supabase.py", line 1135, in push_sqlite_to_supabase
    api.upsert_batch_fast(
  File "C:\Users\takuy\OneDrive\tdnet-excel-input\tools\sqlite_to_supabase.py", line 474, in upsert_batch_fast
    self._request(
  File "C:\Users\takuy\OneDrive\tdnet-excel-input\tools\sqlite_to_supabase.py", line 394, in _request
    r.raise_for_status()
  File "C:\Users\takuy\OneDrive\tdnet-excel-input\.venv\Lib\site-packages\requests\models.py", line 1026, in raise_for_status
    raise HTTPError(http_error_msg, response=self)
requests.exceptions.HTTPError: 401 Client Error: Unauthorized for url: https://fvkvfekzoebcolssnteo.supabase.co/rest/v1/financials?on_conflict=ticker%2Cperiod%2Cquarter

[08:32:14] [Phase5] financials batch ‰æãÂ§ñ:
Traceback (most recent call last):
  File "C:\Users\takuy\OneDrive\tdnet-excel-input\tools\sqlite_to_supabase.py", line 1135, in push_sqlite_to_supabase
    api.upsert_batch_fast(
  File "C:\Users\takuy\OneDrive\tdnet-excel-input\tools\sqlite_to_supabase.py", line 474, in upsert_batch_fast
    self._request(
  File "C:\Users\takuy\OneDrive\tdnet-excel-input\tools\sqlite_to_supabase.py", line 394, in _request
    r.raise_for_status()
  File "C:\Users\takuy\OneDrive\tdnet-excel-input\.venv\Lib\site-packages\requests\models.py", line 1026, in raise_for_status
    raise HTTPError(http_error_msg, response=self)
requests.exceptions.HTTPError: 401 Client Error: Unauthorized for url: https://fvkvfekzoebcolssnteo.supabase.co/rest/v1/financials?on_conflict=ticker%2Cperiod%2Cquarter

[08:32:14] [Phase5] financials batch ‰æãÂ§ñ:
Traceback (most recent call last):
  File "C:\Users\takuy\OneDrive\tdnet-excel-input\tools\sqlite_to_supabase.py", line 1135, in push_sqlite_to_supabase
    api.upsert_batch_fast(
  File "C:\Users\takuy\OneDrive\tdnet-excel-input\tools\sqlite_to_supabase.py", line 474, in upsert_batch_fast
    self._request(
  File "C:\Users\takuy\OneDrive\tdnet-excel-input\tools\sqlite_to_supabase.py", line 394, in _request
    r.raise_for_status()
  File "C:\Users\takuy\OneDrive\tdnet-excel-input\.venv\Lib\site-packages\requests\models.py", line 1026, in raise_for_status
    raise HTTPError(http_error_msg, response=self)
requests.exceptions.HTTPError: 401 Client Error: Unauthorized for url: https://fvkvfekzoebcolssnteo.supabase.co/rest/v1/financials?on_conflict=ticker%2Cperiod%2Cquarter

[08:32:14] [FINANCIALS] scanned=91647 built=66090 inserted=0 skipped_existing=0 skipped_invalid=0
[08:32:14] [PUSH] ÂÖ®ÂÆå‰∫Ü (130.1Áßí): companies=2773 periods=91647 disclosures=0 facts=183425 sanitized=19 financials_inserted=0 errors=66090

=======================================================
  SQLite ‚Üí Supabase push („Éê„ÉÉ„ÉÅÁâà)
=======================================================
  DB         : C:\Users\takuy\OneDrive\tdnet-excel-input\decision_db.db
  batch_size : 500

=======================================================
  ‚úÖ push ÂÆå‰∫Ü
=======================================================
  SQLiteÁ∑èË°åÊï∞       : 91647
  ‰ªäÂõûÂØæË±°           : 91647
  companies upsert   : 2773
  periods upsert     : 91647
  disclosures upsert : 0
  facts push         : 183425
  ÂÄ§„Çµ„Éã„Çø„Ç§„Ç∫       : 19
  financials insert  : 0
  financials skip    : 0
  „Ç®„É©„Éº             : 66090
  quarantine DB      : C:\Users\takuy\OneDrive\tdnet-excel-input\data/quarantine.db
=======================================================

[Step 3/8] jquants sync... 
2026-03-09 08:32:14,679 INFO [sync_financials] === sync_financials START ===
2026-03-09 08:32:14,679 INFO [sync_financials]   mode:       APPLY (ñ{î‘îΩâf)
2026-03-09 08:32:14,681 INFO [sync_financials]   scope:      RECENT 30ì˙
2026-03-09 08:32:14,681 INFO [sync_financials]   sqlite:     C:\Users\takuy\OneDrive\tdnet-excel-input\data\jquants.db
2026-03-09 08:32:14,681 INFO [sync_financials]   table:      financials
2026-03-09 08:32:14,681 INFO [sync_financials]   limit:      ñ≥êßå¿
2026-03-09 08:32:14,681 INFO [sync_financials]   batch-size: 500
2026-03-09 08:32:14,681 INFO [sync_financials]   log:        C:\Users\takuy\OneDrive\tdnet-excel-input\logs\sync_financials_apply_recent30d_20260309_083214.log
2026-03-09 08:32:14,761 INFO [sync_financials] [SQLite] ê∂ÉfÅ[É^: 87,157 rows / 3,820 codes
2026-03-09 08:32:14,761 INFO [sync_financials] [SQLite] ç∑ï™ÉÇÅ[Éh: fetched_at >= 2026-02-07 08:32:14 (íºãﬂ30ì˙)
2026-03-09 08:32:19,058 INFO [sync_financials] [SQLite] èdï°îrèúå„: 72,490 rows
2026-03-09 08:32:19,070 INFO [sync_financials] [SYNC] quarter ï™ïz: {"1Q": 17819, "2Q": 17771, "3Q": 17832, "4Q": 13, "FY": 19055}
2026-03-09 08:32:19,070 INFO [sync_financials] [SYNC] äJén: 72,490 rows Å® financials (145 batches Å~ 500)
--- Logging error ---
Traceback (most recent call last):
  File "C:\Users\takuy\OneDrive\tdnet-excel-input\tools\sync_financials.py", line 96, in _request
    r.raise_for_status()
  File "C:\Users\takuy\OneDrive\tdnet-excel-input\.venv\Lib\site-packages\requests\models.py", line 1026, in raise_for_status
    raise HTTPError(http_error_msg, response=self)
requests.exceptions.HTTPError: 401 Client Error: Unauthorized for url: https://fvkvfekzoebcolssnteo.supabase.co/rest/v1/financials?on_conflict=ticker%2Cperiod%2Cquarter

During handling of the above exception, another exception occurred:

Traceback (most recent call last):
  File "C:\Users\takuy\AppData\Roaming\uv\python\cpython-3.11-windows-x86_64-none\Lib\logging\__init__.py", line 1113, in emit
    stream.write(msg + self.terminator)
UnicodeEncodeError: 'cp932' codec can't encode character '\u2014' in position 61: illegal multibyte sequence
Call stack:
  File "C:\Users\takuy\OneDrive\tdnet-excel-input\tools\sync_financials.py", line 538, in <module>
    main()
  File "C:\Users\takuy\OneDrive\tdnet-excel-input\tools\sync_financials.py", line 512, in main
    stats = sync(
  File "C:\Users\takuy\OneDrive\tdnet-excel-input\tools\sync_financials.py", line 348, in sync
    n = api.upsert_batch(table, chunk, on_conflict="ticker,period,quarter")
  File "C:\Users\takuy\OneDrive\tdnet-excel-input\tools\sync_financials.py", line 139, in upsert_batch
    self._request(
  File "C:\Users\takuy\OneDrive\tdnet-excel-input\tools\sync_financials.py", line 123, in _request
    logger.error(
Message: '[API] HTTP 0 \u2014 ÉäÉgÉâÉCïsâ¬\n  ÉåÉXÉ|ÉìÉX: {"code":"42501","details":null,"hint":null,"message":"new row violates row-level security policy for table \\"financials\\""}'
Arguments: ()
--- Logging error ---
Traceback (most recent call last):
  File "C:\Users\takuy\OneDrive\tdnet-excel-input\tools\sync_financials.py", line 348, in sync
    n = api.upsert_batch(table, chunk, on_conflict="ticker,period,quarter")
        ^^^^^^^^^^^^^^^^^^^^^^^^^^^^^^^^^^^^^^^^^^^^^^^^^^^^^^^^^^^^^^^^^^^
  File "C:\Users\takuy\OneDrive\tdnet-excel-input\tools\sync_financials.py", line 139, in upsert_batch
    self._request(
  File "C:\Users\takuy\OneDrive\tdnet-excel-input\tools\sync_financials.py", line 96, in _request
    r.raise_for_status()
  File "C:\Users\takuy\OneDrive\tdnet-excel-input\.venv\Lib\site-packages\requests\models.py", line 1026, in raise_for_status
    raise HTTPError(http_error_msg, response=self)
requests.exceptions.HTTPError: 401 Client Error: Unauthorized for url: https://fvkvfekzoebcolssnteo.supabase.co/rest/v1/financials?on_conflict=ticker%2Cperiod%2Cquarter

During handling of the above exception, another exception occurred:

Traceback (most recent call last):
  File "C:\Users\takuy\AppData\Roaming\uv\python\cpython-3.11-windows-x86_64-none\Lib\logging\__init__.py", line 1113, in emit
    stream.write(msg + self.terminator)
UnicodeEncodeError: 'cp932' codec can't encode character '\u2014' in position 70: illegal multibyte sequence
Call stack:
  File "C:\Users\takuy\OneDrive\tdnet-excel-input\tools\sync_financials.py", line 538, in <module>
    main()
  File "C:\Users\takuy\OneDrive\tdnet-excel-input\tools\sync_financials.py", line 512, in main
    stats = sync(
  File "C:\Users\takuy\OneDrive\tdnet-excel-input\tools\sync_financials.py", line 360, in sync
    logger.error(
Message: "  batch 1/145: FAILED \u2014 401 Client Error: Unauthorized for url: https://fvkvfekzoebcolssnteo.supabase.co/rest/v1/financials?on_conflict=ticker%2Cperiod%2Cquarter\n  (êÊì™çs: {'ticker': '13010', 'period': '2021-03-31', 'quarter': 'FY', 'sales': 249197000000, 'gross_profit': 25576000000, 'operating_profit': 4657000000, 'source': 'jquants', 'updated_at': '2026-03-09T08:32:19.007329+09:00'})"
Arguments: ()
--- Logging error ---
Traceback (most recent call last):
  File "C:\Users\takuy\OneDrive\tdnet-excel-input\tools\sync_financials.py", line 96, in _request
    r.raise_for_status()
  File "C:\Users\takuy\OneDrive\tdnet-excel-input\.venv\Lib\site-packages\requests\models.py", line 1026, in raise_for_status
    raise HTTPError(http_error_msg, response=self)
requests.exceptions.HTTPError: 401 Client Error: Unauthorized for url: https://fvkvfekzoebcolssnteo.supabase.co/rest/v1/financials?on_conflict=ticker%2Cperiod%2Cquarter

During handling of the above exception, another exception occurred:

Traceback (most recent call last):
  File "C:\Users\takuy\AppData\Roaming\uv\python\cpython-3.11-windows-x86_64-none\Lib\logging\__init__.py", line 1113, in emit
    stream.write(msg + self.terminator)
UnicodeEncodeError: 'cp932' codec can't encode character '\u2014' in position 61: illegal multibyte sequence
Call stack:
  File "C:\Users\takuy\OneDrive\tdnet-excel-input\tools\sync_financials.py", line 538, in <module>
    main()
  File "C:\Users\takuy\OneDrive\tdnet-excel-input\tools\sync_financials.py", line 512, in main
    stats = sync(
  File "C:\Users\takuy\OneDrive\tdnet-excel-input\tools\sync_financials.py", line 348, in sync
    n = api.upsert_batch(table, chunk, on_conflict="ticker,period,quarter")
  File "C:\Users\takuy\OneDrive\tdnet-excel-input\tools\sync_financials.py", line 139, in upsert_batch
    self._request(
  File "C:\Users\takuy\OneDrive\tdnet-excel-input\tools\sync_financials.py", line 123, in _request
    logger.error(
Message: '[API] HTTP 0 \u2014 ÉäÉgÉâÉCïsâ¬\n  ÉåÉXÉ|ÉìÉX: {"code":"42501","details":null,"hint":null,"message":"new row violates row-level security policy for table \\"financials\\""}'
Arguments: ()
--- Logging error ---
Traceback (most recent call last):
  File "C:\Users\takuy\OneDrive\tdnet-excel-input\tools\sync_financials.py", line 348, in sync
    n = api.upsert_batch(table, chunk, on_conflict="ticker,period,quarter")
        ^^^^^^^^^^^^^^^^^^^^^^^^^^^^^^^^^^^^^^^^^^^^^^^^^^^^^^^^^^^^^^^^^^^
  File "C:\Users\takuy\OneDrive\tdnet-excel-input\tools\sync_financials.py", line 139, in upsert_batch
    self._request(
  File "C:\Users\takuy\OneDrive\tdnet-excel-input\tools\sync_financials.py", line 96, in _request
    r.raise_for_status()
  File "C:\Users\takuy\OneDrive\tdnet-excel-input\.venv\Lib\site-packages\requests\models.py", line 1026, in raise_for_status
    raise HTTPError(http_error_msg, response=self)
requests.exceptions.HTTPError: 401 Client Error: Unauthorized for url: https://fvkvfekzoebcolssnteo.supabase.co/rest/v1/financials?on_conflict=ticker%2Cperiod%2Cquarter

During handling of the above exception, another exception occurred:

Traceback (most recent call last):
  File "C:\Users\takuy\AppData\Roaming\uv\python\cpython-3.11-windows-x86_64-none\Lib\logging\__init__.py", line 1113, in emit
    stream.write(msg + self.terminator)
UnicodeEncodeError: 'cp932' codec can't encode character '\u2014' in position 70: illegal multibyte sequence
Call stack:
  File "C:\Users\takuy\OneDrive\tdnet-excel-input\tools\sync_financials.py", line 538, in <module>
    main()
  File "C:\Users\takuy\OneDrive\tdnet-excel-input\tools\sync_financials.py", line 512, in main
    stats = sync(
  File "C:\Users\takuy\OneDrive\tdnet-excel-input\tools\sync_financials.py", line 360, in sync
    logger.error(
Message: "  batch 2/145: FAILED \u2014 401 Client Error: Unauthorized for url: https://fvkvfekzoebcolssnteo.supabase.co/rest/v1/financials?on_conflict=ticker%2Cperiod%2Cquarter\n  (êÊì™çs: {'ticker': '14330', 'period': '2023-01-31', 'quarter': '3Q', 'sales': 3863000000, 'gross_profit': 656685000, 'operating_profit': 7000000, 'source': 'jquants', 'updated_at': '2026-03-09T08:32:19.007329+09:00'})"
Arguments: ()
--- Logging error ---
Traceback (most recent call last):
  File "C:\Users\takuy\OneDrive\tdnet-excel-input\tools\sync_financials.py", line 96, in _request
    r.raise_for_status()
  File "C:\Users\takuy\OneDrive\tdnet-excel-input\.venv\Lib\site-packages\requests\models.py", line 1026, in raise_for_status
    raise HTTPError(http_error_msg, response=self)
requests.exceptions.HTTPError: 401 Client Error: Unauthorized for url: https://fvkvfekzoebcolssnteo.supabase.co/rest/v1/financials?on_conflict=ticker%2Cperiod%2Cquarter

During handling of the above exception, another exception occurred:

Traceback (most recent call last):
  File "C:\Users\takuy\AppData\Roaming\uv\python\cpython-3.11-windows-x86_64-none\Lib\logging\__init__.py", line 1113, in emit
    stream.write(msg + self.terminator)
UnicodeEncodeError: 'cp932' codec can't encode character '\u2014' in position 61: illegal multibyte sequence
Call stack:
  File "C:\Users\takuy\OneDrive\tdnet-excel-input\tools\sync_financials.py", line 538, in <module>
    main()
  File "C:\Users\takuy\OneDrive\tdnet-excel-input\tools\sync_financials.py", line 512, in main
    stats = sync(
  File "C:\Users\takuy\OneDrive\tdnet-excel-input\tools\sync_financials.py", line 348, in sync
    n = api.upsert_batch(table, chunk, on_conflict="ticker,period,quarter")
  File "C:\Users\takuy\OneDrive\tdnet-excel-input\tools\sync_financials.py", line 139, in upsert_batch
    self._request(
  File "C:\Users\takuy\OneDrive\tdnet-excel-input\tools\sync_financials.py", line 123, in _request
    logger.error(
Message: '[API] HTTP 0 \u2014 ÉäÉgÉâÉCïsâ¬\n  ÉåÉXÉ|ÉìÉX: {"code":"42501","details":null,"hint":null,"message":"new row violates row-level security policy for table \\"financials\\""}'
Arguments: ()
--- Logging error ---
Traceback (most recent call last):
  File "C:\Users\takuy\OneDrive\tdnet-excel-input\tools\sync_financials.py", line 348, in sync
    n = api.upsert_batch(table, chunk, on_conflict="ticker,period,quarter")
        ^^^^^^^^^^^^^^^^^^^^^^^^^^^^^^^^^^^^^^^^^^^^^^^^^^^^^^^^^^^^^^^^^^^
  File "C:\Users\takuy\OneDrive\tdnet-excel-input\tools\sync_financials.py", line 139, in upsert_batch
    self._request(
  File "C:\Users\takuy\OneDrive\tdnet-excel-input\tools\sync_financials.py", line 96, in _request
    r.raise_for_status()
  File "C:\Users\takuy\OneDrive\tdnet-excel-input\.venv\Lib\site-packages\requests\models.py", line 1026, in raise_for_status
    raise HTTPError(http_error_msg, response=self)
requests.exceptions.HTTPError: 401 Client Error: Unauthorized for url: https://fvkvfekzoebcolssnteo.supabase.co/rest/v1/financials?on_conflict=ticker%2Cperiod%2Cquarter

During handling of the above exception, another exception occurred:

Traceback (most recent call last):
  File "C:\Users\takuy\AppData\Roaming\uv\python\cpython-3.11-windows-x86_64-none\Lib\logging\__init__.py", line 1113, in emit
    stream.write(msg + self.terminator)
UnicodeEncodeError: 'cp932' codec can't encode character '\u2014' in position 70: illegal multibyte sequence
Call stack:
  File "C:\Users\takuy\OneDrive\tdnet-excel-input\tools\sync_financials.py", line 538, in <module>
    main()
  File "C:\Users\takuy\OneDrive\tdnet-excel-input\tools\sync_financials.py", line 512, in main
    stats = sync(
  File "C:\Users\takuy\OneDrive\tdnet-excel-input\tools\sync_financials.py", line 360, in sync
    logger.error(
Message: "  batch 3/145: FAILED \u2014 401 Client Error: Unauthorized for url: https://fvkvfekzoebcolssnteo.supabase.co/rest/v1/financials?on_conflict=ticker%2Cperiod%2Cquarter\n  (êÊì™çs: {'ticker': '17160', 'period': '2025-06-30', 'quarter': '2Q', 'sales': 10774000000, 'gross_profit': 3241152000, 'operating_profit': 1202000000, 'source': 'jquants', 'updated_at': '2026-03-09T08:32:19.007329+09:00'})"
Arguments: ()
--- Logging error ---
Traceback (most recent call last):
  File "C:\Users\takuy\OneDrive\tdnet-excel-input\tools\sync_financials.py", line 96, in _request
    r.raise_for_status()
  File "C:\Users\takuy\OneDrive\tdnet-excel-input\.venv\Lib\site-packages\requests\models.py", line 1026, in raise_for_status
    raise HTTPError(http_error_msg, response=self)
requests.exceptions.HTTPError: 401 Client Error: Unauthorized for url: https://fvkvfekzoebcolssnteo.supabase.co/rest/v1/financials?on_conflict=ticker%2Cperiod%2Cquarter

During handling of the above exception, another exception occurred:

Traceback (most recent call last):
  File "C:\Users\takuy\AppData\Roaming\uv\python\cpython-3.11-windows-x86_64-none\Lib\logging\__init__.py", line 1113, in emit
    stream.write(msg + self.terminator)
UnicodeEncodeError: 'cp932' codec can't encode character '\u2014' in position 61: illegal multibyte sequence
Call stack:
  File "C:\Users\takuy\OneDrive\tdnet-excel-input\tools\sync_financials.py", line 538, in <module>
    main()
  File "C:\Users\takuy\OneDrive\tdnet-excel-input\tools\sync_financials.py", line 512, in main
    stats = sync(
  File "C:\Users\takuy\OneDrive\tdnet-excel-input\tools\sync_financials.py", line 348, in sync
    n = api.upsert_batch(table, chunk, on_conflict="ticker,period,quarter")
  File "C:\Users\takuy\OneDrive\tdnet-excel-input\tools\sync_financials.py", line 139, in upsert_batch
    self._request(
  File "C:\Users\takuy\OneDrive\tdnet-excel-input\tools\sync_financials.py", line 123, in _request
    logger.error(
Message: '[API] HTTP 0 \u2014 ÉäÉgÉâÉCïsâ¬\n  ÉåÉXÉ|ÉìÉX: {"code":"42501","details":null,"hint":null,"message":"new row violates row-level security policy for table \\"financials\\""}'
Arguments: ()
--- Logging error ---
Traceback (most recent call last):
  File "C:\Users\takuy\OneDrive\tdnet-excel-input\tools\sync_financials.py", line 348, in sync
    n = api.upsert_batch(table, chunk, on_conflict="ticker,period,quarter")
        ^^^^^^^^^^^^^^^^^^^^^^^^^^^^^^^^^^^^^^^^^^^^^^^^^^^^^^^^^^^^^^^^^^^
  File "C:\Users\takuy\OneDrive\tdnet-excel-input\tools\sync_financials.py", line 139, in upsert_batch
    self._request(
  File "C:\Users\takuy\OneDrive\tdnet-excel-input\tools\sync_financials.py", line 96, in _request
    r.raise_for_status()
  File "C:\Users\takuy\OneDrive\tdnet-excel-input\.venv\Lib\site-packages\requests\models.py", line 1026, in raise_for_status
    raise HTTPError(http_error_msg, response=self)
requests.exceptions.HTTPError: 401 Client Error: Unauthorized for url: https://fvkvfekzoebcolssnteo.supabase.co/rest/v1/financials?on_conflict=ticker%2Cperiod%2Cquarter

During handling of the above exception, another exception occurred:

Traceback (most recent call last):
  File "C:\Users\takuy\AppData\Roaming\uv\python\cpython-3.11-windows-x86_64-none\Lib\logging\__init__.py", line 1113, in emit
    stream.write(msg + self.terminator)
UnicodeEncodeError: 'cp932' codec can't encode character '\u2014' in position 70: illegal multibyte sequence
Call stack:
  File "C:\Users\takuy\OneDrive\tdnet-excel-input\tools\sync_financials.py", line 538, in <module>
    main()
  File "C:\Users\takuy\OneDrive\tdnet-excel-input\tools\sync_financials.py", line 512, in main
    stats = sync(
  File "C:\Users\takuy\OneDrive\tdnet-excel-input\tools\sync_financials.py", line 360, in sync
    logger.error(
Message: "  batch 4/145: FAILED \u2014 401 Client Error: Unauthorized for url: https://fvkvfekzoebcolssnteo.supabase.co/rest/v1/financials?on_conflict=ticker%2Cperiod%2Cquarter\n  (êÊì™çs: {'ticker': '17980', 'period': '2024-03-31', 'quarter': '3Q', 'sales': 31325000000, 'gross_profit': 3217127000, 'operating_profit': 1540000000, 'source': 'jquants', 'updated_at': '2026-03-09T08:32:19.007329+09:00'})"
Arguments: ()
--- Logging error ---
Traceback (most recent call last):
  File "C:\Users\takuy\OneDrive\tdnet-excel-input\tools\sync_financials.py", line 96, in _request
    r.raise_for_status()
  File "C:\Users\takuy\OneDrive\tdnet-excel-input\.venv\Lib\site-packages\requests\models.py", line 1026, in raise_for_status
    raise HTTPError(http_error_msg, response=self)
requests.exceptions.HTTPError: 401 Client Error: Unauthorized for url: https://fvkvfekzoebcolssnteo.supabase.co/rest/v1/financials?on_conflict=ticker%2Cperiod%2Cquarter

During handling of the above exception, another exception occurred:

Traceback (most recent call last):
  File "C:\Users\takuy\AppData\Roaming\uv\python\cpython-3.11-windows-x86_64-none\Lib\logging\__init__.py", line 1113, in emit
    stream.write(msg + self.terminator)
UnicodeEncodeError: 'cp932' codec can't encode character '\u2014' in position 61: illegal multibyte sequence
Call stack:
  File "C:\Users\takuy\OneDrive\tdnet-excel-input\tools\sync_financials.py", line 538, in <module>
    main()
  File "C:\Users\takuy\OneDrive\tdnet-excel-input\tools\sync_financials.py", line 512, in main
    stats = sync(
  File "C:\Users\takuy\OneDrive\tdnet-excel-input\tools\sync_financials.py", line 348, in sync
    n = api.upsert_batch(table, chunk, on_conflict="ticker,period,quarter")
  File "C:\Users\takuy\OneDrive\tdnet-excel-input\tools\sync_financials.py", line 139, in upsert_batch
    self._request(
  File "C:\Users\takuy\OneDrive\tdnet-excel-input\tools\sync_financials.py", line 123, in _request
    logger.error(
Message: '[API] HTTP 0 \u2014 ÉäÉgÉâÉCïsâ¬\n  ÉåÉXÉ|ÉìÉX: {"code":"42501","details":null,"hint":null,"message":"new row violates row-level security policy for table \\"financials\\""}'
Arguments: ()
--- Logging error ---
Traceback (most recent call last):
  File "C:\Users\takuy\OneDrive\tdnet-excel-input\tools\sync_financials.py", line 348, in sync
    n = api.upsert_batch(table, chunk, on_conflict="ticker,period,quarter")
        ^^^^^^^^^^^^^^^^^^^^^^^^^^^^^^^^^^^^^^^^^^^^^^^^^^^^^^^^^^^^^^^^^^^
  File "C:\Users\takuy\OneDrive\tdnet-excel-input\tools\sync_financials.py", line 139, in upsert_batch
    self._request(
  File "C:\Users\takuy\OneDrive\tdnet-excel-input\tools\sync_financials.py", line 96, in _request
    r.raise_for_status()
  File "C:\Users\takuy\OneDrive\tdnet-excel-input\.venv\Lib\site-packages\requests\models.py", line 1026, in raise_for_status
    raise HTTPError(http_error_msg, response=self)
requests.exceptions.HTTPError: 401 Client Error: Unauthorized for url: https://fvkvfekzoebcolssnteo.supabase.co/rest/v1/financials?on_conflict=ticker%2Cperiod%2Cquarter

During handling of the above exception, another exception occurred:

Traceback (most recent call last):
  File "C:\Users\takuy\AppData\Roaming\uv\python\cpython-3.11-windows-x86_64-none\Lib\logging\__init__.py", line 1113, in emit
    stream.write(msg + self.terminator)
UnicodeEncodeError: 'cp932' codec can't encode character '\u2014' in position 70: illegal multibyte sequence
Call stack:
  File "C:\Users\takuy\OneDrive\tdnet-excel-input\tools\sync_financials.py", line 538, in <module>
    main()
  File "C:\Users\takuy\OneDrive\tdnet-excel-input\tools\sync_financials.py", line 512, in main
    stats = sync(
  File "C:\Users\takuy\OneDrive\tdnet-excel-input\tools\sync_financials.py", line 360, in sync
    logger.error(
Message: "  batch 5/145: FAILED \u2014 401 Client Error: Unauthorized for url: https://fvkvfekzoebcolssnteo.supabase.co/rest/v1/financials?on_conflict=ticker%2Cperiod%2Cquarter\n  (êÊì™çs: {'ticker': '18480', 'period': '2025-03-31', 'quarter': 'FY', 'sales': 33771000000, 'gross_profit': 4311000000, 'operating_profit': 885000000, 'source': 'jquants', 'updated_at': '2026-03-09T08:32:19.007329+09:00'})"
Arguments: ()
--- Logging error ---
Traceback (most recent call last):
  File "C:\Users\takuy\OneDrive\tdnet-excel-input\tools\sync_financials.py", line 96, in _request
    r.raise_for_status()
  File "C:\Users\takuy\OneDrive\tdnet-excel-input\.venv\Lib\site-packages\requests\models.py", line 1026, in raise_for_status
    raise HTTPError(http_error_msg, response=self)
requests.exceptions.HTTPError: 401 Client Error: Unauthorized for url: https://fvkvfekzoebcolssnteo.supabase.co/rest/v1/financials?on_conflict=ticker%2Cperiod%2Cquarter

During handling of the above exception, another exception occurred:

Traceback (most recent call last):
  File "C:\Users\takuy\AppData\Roaming\uv\python\cpython-3.11-windows-x86_64-none\Lib\logging\__init__.py", line 1113, in emit
    stream.write(msg + self.terminator)
UnicodeEncodeError: 'cp932' codec can't encode character '\u2014' in position 61: illegal multibyte sequence
Call stack:
  File "C:\Users\takuy\OneDrive\tdnet-excel-input\tools\sync_financials.py", line 538, in <module>
    main()
  File "C:\Users\takuy\OneDrive\tdnet-excel-input\tools\sync_financials.py", line 512, in main
    stats = sync(
  File "C:\Users\takuy\OneDrive\tdnet-excel-input\tools\sync_financials.py", line 348, in sync
    n = api.upsert_batch(table, chunk, on_conflict="ticker,period,quarter")
  File "C:\Users\takuy\OneDrive\tdnet-excel-input\tools\sync_financials.py", line 139, in upsert_batch
    self._request(
  File "C:\Users\takuy\OneDrive\tdnet-excel-input\tools\sync_financials.py", line 123, in _request
    logger.error(
Message: '[API] HTTP 0 \u2014 ÉäÉgÉâÉCïsâ¬\n  ÉåÉXÉ|ÉìÉX: {"code":"42501","details":null,"hint":null,"message":"new row violates row-level security policy for table \\"financials\\""}'
Arguments: ()
--- Logging error ---
Traceback (most recent call last):
  File "C:\Users\takuy\OneDrive\tdnet-excel-input\tools\sync_financials.py", line 348, in sync
    n = api.upsert_batch(table, chunk, on_conflict="ticker,period,quarter")
        ^^^^^^^^^^^^^^^^^^^^^^^^^^^^^^^^^^^^^^^^^^^^^^^^^^^^^^^^^^^^^^^^^^^
  File "C:\Users\takuy\OneDrive\tdnet-excel-input\tools\sync_financials.py", line 139, in upsert_batch
    self._request(
  File "C:\Users\takuy\OneDrive\tdnet-excel-input\tools\sync_financials.py", line 96, in _request
    r.raise_for_status()
  File "C:\Users\takuy\OneDrive\tdnet-excel-input\.venv\Lib\site-packages\requests\models.py", line 1026, in raise_for_status
    raise HTTPError(http_error_msg, response=self)
requests.exceptions.HTTPError: 401 Client Error: Unauthorized for url: https://fvkvfekzoebcolssnteo.supabase.co/rest/v1/financials?on_conflict=ticker%2Cperiod%2Cquarter

During handling of the above exception, another exception occurred:

Traceback (most recent call last):
  File "C:\Users\takuy\AppData\Roaming\uv\python\cpython-3.11-windows-x86_64-none\Lib\logging\__init__.py", line 1113, in emit
    stream.write(msg + self.terminator)
UnicodeEncodeError: 'cp932' codec can't encode character '\u2014' in position 70: illegal multibyte sequence
Call stack:
  File "C:\Users\takuy\OneDrive\tdnet-excel-input\tools\sync_financials.py", line 538, in <module>
    main()
  File "C:\Users\takuy\OneDrive\tdnet-excel-input\tools\sync_financials.py", line 512, in main
    stats = sync(
  File "C:\Users\takuy\OneDrive\tdnet-excel-input\tools\sync_financials.py", line 360, in sync
    logger.error(
Message: "  batch 6/145: FAILED \u2014 401 Client Error: Unauthorized for url: https://fvkvfekzoebcolssnteo.supabase.co/rest/v1/financials?on_conflict=ticker%2Cperiod%2Cquarter\n  (êÊì™çs: {'ticker': '190A0', 'period': '2026-08-31', 'quarter': '1Q', 'sales': None, 'gross_profit': None, 'operating_profit': -306000000, 'source': 'jquants', 'updated_at': '2026-03-09T08:32:19.007329+09:00'})"
Arguments: ()
--- Logging error ---
Traceback (most recent call last):
  File "C:\Users\takuy\OneDrive\tdnet-excel-input\tools\sync_financials.py", line 96, in _request
    r.raise_for_status()
  File "C:\Users\takuy\OneDrive\tdnet-excel-input\.venv\Lib\site-packages\requests\models.py", line 1026, in raise_for_status
    raise HTTPError(http_error_msg, response=self)
requests.exceptions.HTTPError: 401 Client Error: Unauthorized for url: https://fvkvfekzoebcolssnteo.supabase.co/rest/v1/financials?on_conflict=ticker%2Cperiod%2Cquarter

During handling of the above exception, another exception occurred:

Traceback (most recent call last):
  File "C:\Users\takuy\AppData\Roaming\uv\python\cpython-3.11-windows-x86_64-none\Lib\logging\__init__.py", line 1113, in emit
    stream.write(msg + self.terminator)
UnicodeEncodeError: 'cp932' codec can't encode character '\u2014' in position 61: illegal multibyte sequence
Call stack:
  File "C:\Users\takuy\OneDrive\tdnet-excel-input\tools\sync_financials.py", line 538, in <module>
    main()
  File "C:\Users\takuy\OneDrive\tdnet-excel-input\tools\sync_financials.py", line 512, in main
    stats = sync(
  File "C:\Users\takuy\OneDrive\tdnet-excel-input\tools\sync_financials.py", line 348, in sync
    n = api.upsert_batch(table, chunk, on_conflict="ticker,period,quarter")
  File "C:\Users\takuy\OneDrive\tdnet-excel-input\tools\sync_financials.py", line 139, in upsert_batch
    self._request(
  File "C:\Users\takuy\OneDrive\tdnet-excel-input\tools\sync_financials.py", line 123, in _request
    logger.error(
Message: '[API] HTTP 0 \u2014 ÉäÉgÉâÉCïsâ¬\n  ÉåÉXÉ|ÉìÉX: {"code":"42501","details":null,"hint":null,"message":"new row violates row-level security policy for table \\"financials\\""}'
Arguments: ()
--- Logging error ---
Traceback (most recent call last):
  File "C:\Users\takuy\OneDrive\tdnet-excel-input\tools\sync_financials.py", line 348, in sync
    n = api.upsert_batch(table, chunk, on_conflict="ticker,period,quarter")
        ^^^^^^^^^^^^^^^^^^^^^^^^^^^^^^^^^^^^^^^^^^^^^^^^^^^^^^^^^^^^^^^^^^^
  File "C:\Users\takuy\OneDrive\tdnet-excel-input\tools\sync_financials.py", line 139, in upsert_batch
    self._request(
  File "C:\Users\takuy\OneDrive\tdnet-excel-input\tools\sync_financials.py", line 96, in _request
    r.raise_for_status()
  File "C:\Users\takuy\OneDrive\tdnet-excel-input\.venv\Lib\site-packages\requests\models.py", line 1026, in raise_for_status
    raise HTTPError(http_error_msg, response=self)
requests.exceptions.HTTPError: 401 Client Error: Unauthorized for url: https://fvkvfekzoebcolssnteo.supabase.co/rest/v1/financials?on_conflict=ticker%2Cperiod%2Cquarter

During handling of the above exception, another exception occurred:

Traceback (most recent call last):
  File "C:\Users\takuy\AppData\Roaming\uv\python\cpython-3.11-windows-x86_64-none\Lib\logging\__init__.py", line 1113, in emit
    stream.write(msg + self.terminator)
UnicodeEncodeError: 'cp932' codec can't encode character '\u2014' in position 70: illegal multibyte sequence
Call stack:
  File "C:\Users\takuy\OneDrive\tdnet-excel-input\tools\sync_financials.py", line 538, in <module>
    main()
  File "C:\Users\takuy\OneDrive\tdnet-excel-input\tools\sync_financials.py", line 512, in main
    stats = sync(
  File "C:\Users\takuy\OneDrive\tdnet-excel-input\tools\sync_financials.py", line 360, in sync
    logger.error(
Message: "  batch 7/145: FAILED \u2014 401 Client Error: Unauthorized for url: https://fvkvfekzoebcolssnteo.supabase.co/rest/v1/financials?on_conflict=ticker%2Cperiod%2Cquarter\n  (êÊì™çs: {'ticker': '19610', 'period': '2023-03-31', 'quarter': '2Q', 'sales': 73510000000, 'gross_profit': 9161000000, 'operating_profit': -1260000000, 'source': 'jquants', 'updated_at': '2026-03-09T08:32:19.007329+09:00'})"
Arguments: ()
--- Logging error ---
Traceback (most recent call last):
  File "C:\Users\takuy\OneDrive\tdnet-excel-input\tools\sync_financials.py", line 96, in _request
    r.raise_for_status()
  File "C:\Users\takuy\OneDrive\tdnet-excel-input\.venv\Lib\site-packages\requests\models.py", line 1026, in raise_for_status
    raise HTTPError(http_error_msg, response=self)
requests.exceptions.HTTPError: 401 Client Error: Unauthorized for url: https://fvkvfekzoebcolssnteo.supabase.co/rest/v1/financials?on_conflict=ticker%2Cperiod%2Cquarter

During handling of the above exception, another exception occurred:

Traceback (most recent call last):
  File "C:\Users\takuy\AppData\Roaming\uv\python\cpython-3.11-windows-x86_64-none\Lib\logging\__init__.py", line 1113, in emit
    stream.write(msg + self.terminator)
UnicodeEncodeError: 'cp932' codec can't encode character '\u2014' in position 61: illegal multibyte sequence
Call stack:
  File "C:\Users\takuy\OneDrive\tdnet-excel-input\tools\sync_financials.py", line 538, in <module>
    main()
  File "C:\Users\takuy\OneDrive\tdnet-excel-input\tools\sync_financials.py", line 512, in main
    stats = sync(
  File "C:\Users\takuy\OneDrive\tdnet-excel-input\tools\sync_financials.py", line 348, in sync
    n = api.upsert_batch(table, chunk, on_conflict="ticker,period,quarter")
  File "C:\Users\takuy\OneDrive\tdnet-excel-input\tools\sync_financials.py", line 139, in upsert_batch
    self._request(
  File "C:\Users\takuy\OneDrive\tdnet-excel-input\tools\sync_financials.py", line 123, in _request
    logger.error(
Message: '[API] HTTP 0 \u2014 ÉäÉgÉâÉCïsâ¬\n  ÉåÉXÉ|ÉìÉX: {"code":"42501","details":null,"hint":null,"message":"new row violates row-level security policy for table \\"financials\\""}'
Arguments: ()
--- Logging error ---
Traceback (most recent call last):
  File "C:\Users\takuy\OneDrive\tdnet-excel-input\tools\sync_financials.py", line 348, in sync
    n = api.upsert_batch(table, chunk, on_conflict="ticker,period,quarter")
        ^^^^^^^^^^^^^^^^^^^^^^^^^^^^^^^^^^^^^^^^^^^^^^^^^^^^^^^^^^^^^^^^^^^
  File "C:\Users\takuy\OneDrive\tdnet-excel-input\tools\sync_financials.py", line 139, in upsert_batch
    self._request(
  File "C:\Users\takuy\OneDrive\tdnet-excel-input\tools\sync_financials.py", line 96, in _request
    r.raise_for_status()
  File "C:\Users\takuy\OneDrive\tdnet-excel-input\.venv\Lib\site-packages\requests\models.py", line 1026, in raise_for_status
    raise HTTPError(http_error_msg, response=self)
requests.exceptions.HTTPError: 401 Client Error: Unauthorized for url: https://fvkvfekzoebcolssnteo.supabase.co/rest/v1/financials?on_conflict=ticker%2Cperiod%2Cquarter

During handling of the above exception, another exception occurred:

Traceback (most recent call last):
  File "C:\Users\takuy\AppData\Roaming\uv\python\cpython-3.11-windows-x86_64-none\Lib\logging\__init__.py", line 1113, in emit
    stream.write(msg + self.terminator)
UnicodeEncodeError: 'cp932' codec can't encode character '\u2014' in position 70: illegal multibyte sequence
Call stack:
  File "C:\Users\takuy\OneDrive\tdnet-excel-input\tools\sync_financials.py", line 538, in <module>
    main()
  File "C:\Users\takuy\OneDrive\tdnet-excel-input\tools\sync_financials.py", line 512, in main
    stats = sync(
  File "C:\Users\takuy\OneDrive\tdnet-excel-input\tools\sync_financials.py", line 360, in sync
    logger.error(
Message: "  batch 8/145: FAILED \u2014 401 Client Error: Unauthorized for url: https://fvkvfekzoebcolssnteo.supabase.co/rest/v1/financials?on_conflict=ticker%2Cperiod%2Cquarter\n  (êÊì™çs: {'ticker': '20530', 'period': '2023-03-31', 'quarter': '3Q', 'sales': 182406000000, 'gross_profit': 10433000000, 'operating_profit': 1815000000, 'source': 'jquants', 'updated_at': '2026-03-09T08:32:19.007329+09:00'})"
Arguments: ()
--- Logging error ---
Traceback (most recent call last):
  File "C:\Users\takuy\OneDrive\tdnet-excel-input\tools\sync_financials.py", line 96, in _request
    r.raise_for_status()
  File "C:\Users\takuy\OneDrive\tdnet-excel-input\.venv\Lib\site-packages\requests\models.py", line 1026, in raise_for_status
    raise HTTPError(http_error_msg, response=self)
requests.exceptions.HTTPError: 401 Client Error: Unauthorized for url: https://fvkvfekzoebcolssnteo.supabase.co/rest/v1/financials?on_conflict=ticker%2Cperiod%2Cquarter

During handling of the above exception, another exception occurred:

Traceback (most recent call last):
  File "C:\Users\takuy\AppData\Roaming\uv\python\cpython-3.11-windows-x86_64-none\Lib\logging\__init__.py", line 1113, in emit
    stream.write(msg + self.terminator)
UnicodeEncodeError: 'cp932' codec can't encode character '\u2014' in position 61: illegal multibyte sequence
Call stack:
  File "C:\Users\takuy\OneDrive\tdnet-excel-input\tools\sync_financials.py", line 538, in <module>
    main()
  File "C:\Users\takuy\OneDrive\tdnet-excel-input\tools\sync_financials.py", line 512, in main
    stats = sync(
  File "C:\Users\takuy\OneDrive\tdnet-excel-input\tools\sync_financials.py", line 348, in sync
    n = api.upsert_batch(table, chunk, on_conflict="ticker,period,quarter")
  File "C:\Users\takuy\OneDrive\tdnet-excel-input\tools\sync_financials.py", line 139, in upsert_batch
    self._request(
  File "C:\Users\takuy\OneDrive\tdnet-excel-input\tools\sync_financials.py", line 123, in _request
    logger.error(
Message: '[API] HTTP 0 \u2014 ÉäÉgÉâÉCïsâ¬\n  ÉåÉXÉ|ÉìÉX: {"code":"42501","details":null,"hint":null,"message":"new row violates row-level security policy for table \\"financials\\""}'
Arguments: ()
--- Logging error ---
Traceback (most recent call last):
  File "C:\Users\takuy\OneDrive\tdnet-excel-input\tools\sync_financials.py", line 348, in sync
    n = api.upsert_batch(table, chunk, on_conflict="ticker,period,quarter")
        ^^^^^^^^^^^^^^^^^^^^^^^^^^^^^^^^^^^^^^^^^^^^^^^^^^^^^^^^^^^^^^^^^^^
  File "C:\Users\takuy\OneDrive\tdnet-excel-input\tools\sync_financials.py", line 139, in upsert_batch
    self._request(
  File "C:\Users\takuy\OneDrive\tdnet-excel-input\tools\sync_financials.py", line 96, in _request
    r.raise_for_status()
  File "C:\Users\takuy\OneDrive\tdnet-excel-input\.venv\Lib\site-packages\requests\models.py", line 1026, in raise_for_status
    raise HTTPError(http_error_msg, response=self)
requests.exceptions.HTTPError: 401 Client Error: Unauthorized for url: https://fvkvfekzoebcolssnteo.supabase.co/rest/v1/financials?on_conflict=ticker%2Cperiod%2Cquarter

During handling of the above exception, another exception occurred:

Traceback (most recent call last):
  File "C:\Users\takuy\AppData\Roaming\uv\python\cpython-3.11-windows-x86_64-none\Lib\logging\__init__.py", line 1113, in emit
    stream.write(msg + self.terminator)
UnicodeEncodeError: 'cp932' codec can't encode character '\u2014' in position 70: illegal multibyte sequence
Call stack:
  File "C:\Users\takuy\OneDrive\tdnet-excel-input\tools\sync_financials.py", line 538, in <module>
    main()
  File "C:\Users\takuy\OneDrive\tdnet-excel-input\tools\sync_financials.py", line 512, in main
    stats = sync(
  File "C:\Users\takuy\OneDrive\tdnet-excel-input\tools\sync_financials.py", line 360, in sync
    logger.error(
Message: "  batch 9/145: FAILED \u2014 401 Client Error: Unauthorized for url: https://fvkvfekzoebcolssnteo.supabase.co/rest/v1/financials?on_conflict=ticker%2Cperiod%2Cquarter\n  (êÊì™çs: {'ticker': '21560', 'period': '2023-03-31', 'quarter': 'FY', 'sales': 2107000000, 'gross_profit': 1635633000, 'operating_profit': 168000000, 'source': 'jquants', 'updated_at': '2026-03-09T08:32:19.007329+09:00'})"
Arguments: ()
--- Logging error ---
Traceback (most recent call last):
  File "C:\Users\takuy\OneDrive\tdnet-excel-input\tools\sync_financials.py", line 96, in _request
    r.raise_for_status()
  File "C:\Users\takuy\OneDrive\tdnet-excel-input\.venv\Lib\site-packages\requests\models.py", line 1026, in raise_for_status
    raise HTTPError(http_error_msg, response=self)
requests.exceptions.HTTPError: 401 Client Error: Unauthorized for url: https://fvkvfekzoebcolssnteo.supabase.co/rest/v1/financials?on_conflict=ticker%2Cperiod%2Cquarter

During handling of the above exception, another exception occurred:

Traceback (most recent call last):
  File "C:\Users\takuy\AppData\Roaming\uv\python\cpython-3.11-windows-x86_64-none\Lib\logging\__init__.py", line 1113, in emit
    stream.write(msg + self.terminator)
UnicodeEncodeError: 'cp932' codec can't encode character '\u2014' in position 61: illegal multibyte sequence
Call stack:
  File "C:\Users\takuy\OneDrive\tdnet-excel-input\tools\sync_financials.py", line 538, in <module>
    main()
  File "C:\Users\takuy\OneDrive\tdnet-excel-input\tools\sync_financials.py", line 512, in main
    stats = sync(
  File "C:\Users\takuy\OneDrive\tdnet-excel-input\tools\sync_financials.py", line 348, in sync
    n = api.upsert_batch(table, chunk, on_conflict="ticker,period,quarter")
  File "C:\Users\takuy\OneDrive\tdnet-excel-input\tools\sync_financials.py", line 139, in upsert_batch
    self._request(
  File "C:\Users\takuy\OneDrive\tdnet-excel-input\tools\sync_financials.py", line 123, in _request
    logger.error(
Message: '[API] HTTP 0 \u2014 ÉäÉgÉâÉCïsâ¬\n  ÉåÉXÉ|ÉìÉX: {"code":"42501","details":null,"hint":null,"message":"new row violates row-level security policy for table \\"financials\\""}'
Arguments: ()
--- Logging error ---
Traceback (most recent call last):
  File "C:\Users\takuy\OneDrive\tdnet-excel-input\tools\sync_financials.py", line 348, in sync
    n = api.upsert_batch(table, chunk, on_conflict="ticker,period,quarter")
        ^^^^^^^^^^^^^^^^^^^^^^^^^^^^^^^^^^^^^^^^^^^^^^^^^^^^^^^^^^^^^^^^^^^
  File "C:\Users\takuy\OneDrive\tdnet-excel-input\tools\sync_financials.py", line 139, in upsert_batch
    self._request(
  File "C:\Users\takuy\OneDrive\tdnet-excel-input\tools\sync_financials.py", line 96, in _request
    r.raise_for_status()
  File "C:\Users\takuy\OneDrive\tdnet-excel-input\.venv\Lib\site-packages\requests\models.py", line 1026, in raise_for_status
    raise HTTPError(http_error_msg, response=self)
requests.exceptions.HTTPError: 401 Client Error: Unauthorized for url: https://fvkvfekzoebcolssnteo.supabase.co/rest/v1/financials?on_conflict=ticker%2Cperiod%2Cquarter

During handling of the above exception, another exception occurred:

Traceback (most recent call last):
  File "C:\Users\takuy\AppData\Roaming\uv\python\cpython-3.11-windows-x86_64-none\Lib\logging\__init__.py", line 1113, in emit
    stream.write(msg + self.terminator)
UnicodeEncodeError: 'cp932' codec can't encode character '\u2014' in position 71: illegal multibyte sequence
Call stack:
  File "C:\Users\takuy\OneDrive\tdnet-excel-input\tools\sync_financials.py", line 538, in <module>
    main()
  File "C:\Users\takuy\OneDrive\tdnet-excel-input\tools\sync_financials.py", line 512, in main
    stats = sync(
  File "C:\Users\takuy\OneDrive\tdnet-excel-input\tools\sync_financials.py", line 360, in sync
    logger.error(
Message: "  batch 10/145: FAILED \u2014 401 Client Error: Unauthorized for url: https://fvkvfekzoebcolssnteo.supabase.co/rest/v1/financials?on_conflict=ticker%2Cperiod%2Cquarter\n  (êÊì™çs: {'ticker': '22060', 'period': '2023-12-31', 'quarter': '1Q', 'sales': 71075000000, 'gross_profit': 26313000000, 'operating_profit': 3900000000, 'source': 'jquants', 'updated_at': '2026-03-09T08:32:19.007329+09:00'})"
Arguments: ()
--- Logging error ---
Traceback (most recent call last):
  File "C:\Users\takuy\OneDrive\tdnet-excel-input\tools\sync_financials.py", line 96, in _request
    r.raise_for_status()
  File "C:\Users\takuy\OneDrive\tdnet-excel-input\.venv\Lib\site-packages\requests\models.py", line 1026, in raise_for_status
    raise HTTPError(http_error_msg, response=self)
requests.exceptions.HTTPError: 401 Client Error: Unauthorized for url: https://fvkvfekzoebcolssnteo.supabase.co/rest/v1/financials?on_conflict=ticker%2Cperiod%2Cquarter

During handling of the above exception, another exception occurred:

Traceback (most recent call last):
  File "C:\Users\takuy\AppData\Roaming\uv\python\cpython-3.11-windows-x86_64-none\Lib\logging\__init__.py", line 1113, in emit
    stream.write(msg + self.terminator)
UnicodeEncodeError: 'cp932' codec can't encode character '\u2014' in position 61: illegal multibyte sequence
Call stack:
  File "C:\Users\takuy\OneDrive\tdnet-excel-input\tools\sync_financials.py", line 538, in <module>
    main()
  File "C:\Users\takuy\OneDrive\tdnet-excel-input\tools\sync_financials.py", line 512, in main
    stats = sync(
  File "C:\Users\takuy\OneDrive\tdnet-excel-input\tools\sync_financials.py", line 348, in sync
    n = api.upsert_batch(table, chunk, on_conflict="ticker,period,quarter")
  File "C:\Users\takuy\OneDrive\tdnet-excel-input\tools\sync_financials.py", line 139, in upsert_batch
    self._request(
  File "C:\Users\takuy\OneDrive\tdnet-excel-input\tools\sync_financials.py", line 123, in _request
    logger.error(
Message: '[API] HTTP 0 \u2014 ÉäÉgÉâÉCïsâ¬\n  ÉåÉXÉ|ÉìÉX: {"code":"42501","details":null,"hint":null,"message":"new row violates row-level security policy for table \\"financials\\""}'
Arguments: ()
--- Logging error ---
Traceback (most recent call last):
  File "C:\Users\takuy\OneDrive\tdnet-excel-input\tools\sync_financials.py", line 348, in sync
    n = api.upsert_batch(table, chunk, on_conflict="ticker,period,quarter")
        ^^^^^^^^^^^^^^^^^^^^^^^^^^^^^^^^^^^^^^^^^^^^^^^^^^^^^^^^^^^^^^^^^^^
  File "C:\Users\takuy\OneDrive\tdnet-excel-input\tools\sync_financials.py", line 139, in upsert_batch
    self._request(
  File "C:\Users\takuy\OneDrive\tdnet-excel-input\tools\sync_financials.py", line 96, in _request
    r.raise_for_status()
  File "C:\Users\takuy\OneDrive\tdnet-excel-input\.venv\Lib\site-packages\requests\models.py", line 1026, in raise_for_status
    raise HTTPError(http_error_msg, response=self)
requests.exceptions.HTTPError: 401 Client Error: Unauthorized for url: https://fvkvfekzoebcolssnteo.supabase.co/rest/v1/financials?on_conflict=ticker%2Cperiod%2Cquarter

During handling of the above exception, another exception occurred:

Traceback (most recent call last):
  File "C:\Users\takuy\AppData\Roaming\uv\python\cpython-3.11-windows-x86_64-none\Lib\logging\__init__.py", line 1113, in emit
    stream.write(msg + self.terminator)
UnicodeEncodeError: 'cp932' codec can't encode character '\u2014' in position 71: illegal multibyte sequence
Call stack:
  File "C:\Users\takuy\OneDrive\tdnet-excel-input\tools\sync_financials.py", line 538, in <module>
    main()
  File "C:\Users\takuy\OneDrive\tdnet-excel-input\tools\sync_financials.py", line 512, in main
    stats = sync(
  File "C:\Users\takuy\OneDrive\tdnet-excel-input\tools\sync_financials.py", line 360, in sync
    logger.error(
Message: "  batch 11/145: FAILED \u2014 401 Client Error: Unauthorized for url: https://fvkvfekzoebcolssnteo.supabase.co/rest/v1/financials?on_conflict=ticker%2Cperiod%2Cquarter\n  (êÊì™çs: {'ticker': '22880', 'period': '2026-03-31', 'quarter': '2Q', 'sales': 120290000000, 'gross_profit': 20100000000, 'operating_profit': 4210000000, 'source': 'jquants', 'updated_at': '2026-03-09T08:32:19.007329+09:00'})"
Arguments: ()
--- Logging error ---
Traceback (most recent call last):
  File "C:\Users\takuy\OneDrive\tdnet-excel-input\tools\sync_financials.py", line 96, in _request
    r.raise_for_status()
  File "C:\Users\takuy\OneDrive\tdnet-excel-input\.venv\Lib\site-packages\requests\models.py", line 1026, in raise_for_status
    raise HTTPError(http_error_msg, response=self)
requests.exceptions.HTTPError: 401 Client Error: Unauthorized for url: https://fvkvfekzoebcolssnteo.supabase.co/rest/v1/financials?on_conflict=ticker%2Cperiod%2Cquarter

During handling of the above exception, another exception occurred:

Traceback (most recent call last):
  File "C:\Users\takuy\AppData\Roaming\uv\python\cpython-3.11-windows-x86_64-none\Lib\logging\__init__.py", line 1113, in emit
    stream.write(msg + self.terminator)
UnicodeEncodeError: 'cp932' codec can't encode character '\u2014' in position 61: illegal multibyte sequence
Call stack:
  File "C:\Users\takuy\OneDrive\tdnet-excel-input\tools\sync_financials.py", line 538, in <module>
    main()
  File "C:\Users\takuy\OneDrive\tdnet-excel-input\tools\sync_financials.py", line 512, in main
    stats = sync(
  File "C:\Users\takuy\OneDrive\tdnet-excel-input\tools\sync_financials.py", line 348, in sync
    n = api.upsert_batch(table, chunk, on_conflict="ticker,period,quarter")
  File "C:\Users\takuy\OneDrive\tdnet-excel-input\tools\sync_financials.py", line 139, in upsert_batch
    self._request(
  File "C:\Users\takuy\OneDrive\tdnet-excel-input\tools\sync_financials.py", line 123, in _request
    logger.error(
Message: '[API] HTTP 0 \u2014 ÉäÉgÉâÉCïsâ¬\n  ÉåÉXÉ|ÉìÉX: {"code":"42501","details":null,"hint":null,"message":"new row violates row-level security policy for table \\"financials\\""}'
Arguments: ()
--- Logging error ---
Traceback (most recent call last):
  File "C:\Users\takuy\OneDrive\tdnet-excel-input\tools\sync_financials.py", line 348, in sync
    n = api.upsert_batch(table, chunk, on_conflict="ticker,period,quarter")
        ^^^^^^^^^^^^^^^^^^^^^^^^^^^^^^^^^^^^^^^^^^^^^^^^^^^^^^^^^^^^^^^^^^^
  File "C:\Users\takuy\OneDrive\tdnet-excel-input\tools\sync_financials.py", line 139, in upsert_batch
    self._request(
  File "C:\Users\takuy\OneDrive\tdnet-excel-input\tools\sync_financials.py", line 96, in _request
    r.raise_for_status()
  File "C:\Users\takuy\OneDrive\tdnet-excel-input\.venv\Lib\site-packages\requests\models.py", line 1026, in raise_for_status
    raise HTTPError(http_error_msg, response=self)
requests.exceptions.HTTPError: 401 Client Error: Unauthorized for url: https://fvkvfekzoebcolssnteo.supabase.co/rest/v1/financials?on_conflict=ticker%2Cperiod%2Cquarter

During handling of the above exception, another exception occurred:

Traceback (most recent call last):
  File "C:\Users\takuy\AppData\Roaming\uv\python\cpython-3.11-windows-x86_64-none\Lib\logging\__init__.py", line 1113, in emit
    stream.write(msg + self.terminator)
UnicodeEncodeError: 'cp932' codec can't encode character '\u2014' in position 71: illegal multibyte sequence
Call stack:
  File "C:\Users\takuy\OneDrive\tdnet-excel-input\tools\sync_financials.py", line 538, in <module>
    main()
  File "C:\Users\takuy\OneDrive\tdnet-excel-input\tools\sync_financials.py", line 512, in main
    stats = sync(
  File "C:\Users\takuy\OneDrive\tdnet-excel-input\tools\sync_financials.py", line 360, in sync
    logger.error(
Message: "  batch 12/145: FAILED \u2014 401 Client Error: Unauthorized for url: https://fvkvfekzoebcolssnteo.supabase.co/rest/v1/financials?on_conflict=ticker%2Cperiod%2Cquarter\n  (êÊì™çs: {'ticker': '23350', 'period': '2023-03-31', 'quarter': '3Q', 'sales': 11972000000, 'gross_profit': 2568349000, 'operating_profit': 951000000, 'source': 'jquants', 'updated_at': '2026-03-09T08:32:19.007329+09:00'})"
Arguments: ()
--- Logging error ---
Traceback (most recent call last):
  File "C:\Users\takuy\OneDrive\tdnet-excel-input\tools\sync_financials.py", line 96, in _request
    r.raise_for_status()
  File "C:\Users\takuy\OneDrive\tdnet-excel-input\.venv\Lib\site-packages\requests\models.py", line 1026, in raise_for_status
    raise HTTPError(http_error_msg, response=self)
requests.exceptions.HTTPError: 401 Client Error: Unauthorized for url: https://fvkvfekzoebcolssnteo.supabase.co/rest/v1/financials?on_conflict=ticker%2Cperiod%2Cquarter

During handling of the above exception, another exception occurred:

Traceback (most recent call last):
  File "C:\Users\takuy\AppData\Roaming\uv\python\cpython-3.11-windows-x86_64-none\Lib\logging\__init__.py", line 1113, in emit
    stream.write(msg + self.terminator)
UnicodeEncodeError: 'cp932' codec can't encode character '\u2014' in position 61: illegal multibyte sequence
Call stack:
  File "C:\Users\takuy\OneDrive\tdnet-excel-input\tools\sync_financials.py", line 538, in <module>
    main()
  File "C:\Users\takuy\OneDrive\tdnet-excel-input\tools\sync_financials.py", line 512, in main
    stats = sync(
  File "C:\Users\takuy\OneDrive\tdnet-excel-input\tools\sync_financials.py", line 348, in sync
    n = api.upsert_batch(table, chunk, on_conflict="ticker,period,quarter")
  File "C:\Users\takuy\OneDrive\tdnet-excel-input\tools\sync_financials.py", line 139, in upsert_batch
    self._request(
  File "C:\Users\takuy\OneDrive\tdnet-excel-input\tools\sync_financials.py", line 123, in _request
    logger.error(
Message: '[API] HTTP 0 \u2014 ÉäÉgÉâÉCïsâ¬\n  ÉåÉXÉ|ÉìÉX: {"code":"42501","details":null,"hint":null,"message":"new row violates row-level security policy for table \\"financials\\""}'
Arguments: ()
--- Logging error ---
Traceback (most recent call last):
  File "C:\Users\takuy\OneDrive\tdnet-excel-input\tools\sync_financials.py", line 348, in sync
    n = api.upsert_batch(table, chunk, on_conflict="ticker,period,quarter")
        ^^^^^^^^^^^^^^^^^^^^^^^^^^^^^^^^^^^^^^^^^^^^^^^^^^^^^^^^^^^^^^^^^^^
  File "C:\Users\takuy\OneDrive\tdnet-excel-input\tools\sync_financials.py", line 139, in upsert_batch
    self._request(
  File "C:\Users\takuy\OneDrive\tdnet-excel-input\tools\sync_financials.py", line 96, in _request
    r.raise_for_status()
  File "C:\Users\takuy\OneDrive\tdnet-excel-input\.venv\Lib\site-packages\requests\models.py", line 1026, in raise_for_status
    raise HTTPError(http_error_msg, response=self)
requests.exceptions.HTTPError: 401 Client Error: Unauthorized for url: https://fvkvfekzoebcolssnteo.supabase.co/rest/v1/financials?on_conflict=ticker%2Cperiod%2Cquarter

During handling of the above exception, another exception occurred:

Traceback (most recent call last):
  File "C:\Users\takuy\AppData\Roaming\uv\python\cpython-3.11-windows-x86_64-none\Lib\logging\__init__.py", line 1113, in emit
    stream.write(msg + self.terminator)
UnicodeEncodeError: 'cp932' codec can't encode character '\u2014' in position 71: illegal multibyte sequence
Call stack:
  File "C:\Users\takuy\OneDrive\tdnet-excel-input\tools\sync_financials.py", line 538, in <module>
    main()
  File "C:\Users\takuy\OneDrive\tdnet-excel-input\tools\sync_financials.py", line 512, in main
    stats = sync(
  File "C:\Users\takuy\OneDrive\tdnet-excel-input\tools\sync_financials.py", line 360, in sync
    logger.error(
Message: "  batch 13/145: FAILED \u2014 401 Client Error: Unauthorized for url: https://fvkvfekzoebcolssnteo.supabase.co/rest/v1/financials?on_conflict=ticker%2Cperiod%2Cquarter\n  (êÊì™çs: {'ticker': '23910', 'period': '2022-07-31', 'quarter': '2Q', 'sales': 1551000000, 'gross_profit': 1027783000, 'operating_profit': 353000000, 'source': 'jquants', 'updated_at': '2026-03-09T08:32:19.007329+09:00'})"
Arguments: ()
--- Logging error ---
Traceback (most recent call last):
  File "C:\Users\takuy\OneDrive\tdnet-excel-input\tools\sync_financials.py", line 96, in _request
    r.raise_for_status()
  File "C:\Users\takuy\OneDrive\tdnet-excel-input\.venv\Lib\site-packages\requests\models.py", line 1026, in raise_for_status
    raise HTTPError(http_error_msg, response=self)
requests.exceptions.HTTPError: 401 Client Error: Unauthorized for url: https://fvkvfekzoebcolssnteo.supabase.co/rest/v1/financials?on_conflict=ticker%2Cperiod%2Cquarter

During handling of the above exception, another exception occurred:

Traceback (most recent call last):
  File "C:\Users\takuy\AppData\Roaming\uv\python\cpython-3.11-windows-x86_64-none\Lib\logging\__init__.py", line 1113, in emit
    stream.write(msg + self.terminator)
UnicodeEncodeError: 'cp932' codec can't encode character '\u2014' in position 61: illegal multibyte sequence
Call stack:
  File "C:\Users\takuy\OneDrive\tdnet-excel-input\tools\sync_financials.py", line 538, in <module>
    main()
  File "C:\Users\takuy\OneDrive\tdnet-excel-input\tools\sync_financials.py", line 512, in main
    stats = sync(
  File "C:\Users\takuy\OneDrive\tdnet-excel-input\tools\sync_financials.py", line 348, in sync
    n = api.upsert_batch(table, chunk, on_conflict="ticker,period,quarter")
  File "C:\Users\takuy\OneDrive\tdnet-excel-input\tools\sync_financials.py", line 139, in upsert_batch
    self._request(
  File "C:\Users\takuy\OneDrive\tdnet-excel-input\tools\sync_financials.py", line 123, in _request
    logger.error(
Message: '[API] HTTP 0 \u2014 ÉäÉgÉâÉCïsâ¬\n  ÉåÉXÉ|ÉìÉX: {"code":"42501","details":null,"hint":null,"message":"new row violates row-level security policy for table \\"financials\\""}'
Arguments: ()
--- Logging error ---
Traceback (most recent call last):
  File "C:\Users\takuy\OneDrive\tdnet-excel-input\tools\sync_financials.py", line 348, in sync
    n = api.upsert_batch(table, chunk, on_conflict="ticker,period,quarter")
        ^^^^^^^^^^^^^^^^^^^^^^^^^^^^^^^^^^^^^^^^^^^^^^^^^^^^^^^^^^^^^^^^^^^
  File "C:\Users\takuy\OneDrive\tdnet-excel-input\tools\sync_financials.py", line 139, in upsert_batch
    self._request(
  File "C:\Users\takuy\OneDrive\tdnet-excel-input\tools\sync_financials.py", line 96, in _request
    r.raise_for_status()
  File "C:\Users\takuy\OneDrive\tdnet-excel-input\.venv\Lib\site-packages\requests\models.py", line 1026, in raise_for_status
    raise HTTPError(http_error_msg, response=self)
requests.exceptions.HTTPError: 401 Client Error: Unauthorized for url: https://fvkvfekzoebcolssnteo.supabase.co/rest/v1/financials?on_conflict=ticker%2Cperiod%2Cquarter

During handling of the above exception, another exception occurred:

Traceback (most recent call last):
  File "C:\Users\takuy\AppData\Roaming\uv\python\cpython-3.11-windows-x86_64-none\Lib\logging\__init__.py", line 1113, in emit
    stream.write(msg + self.terminator)
UnicodeEncodeError: 'cp932' codec can't encode character '\u2014' in position 71: illegal multibyte sequence
Call stack:
  File "C:\Users\takuy\OneDrive\tdnet-excel-input\tools\sync_financials.py", line 538, in <module>
    main()
  File "C:\Users\takuy\OneDrive\tdnet-excel-input\tools\sync_financials.py", line 512, in main
    stats = sync(
  File "C:\Users\takuy\OneDrive\tdnet-excel-input\tools\sync_financials.py", line 360, in sync
    logger.error(
Message: "  batch 14/145: FAILED \u2014 401 Client Error: Unauthorized for url: https://fvkvfekzoebcolssnteo.supabase.co/rest/v1/financials?on_conflict=ticker%2Cperiod%2Cquarter\n  (êÊì™çs: {'ticker': '24590', 'period': '2023-05-31', 'quarter': 'FY', 'sales': 454000000, 'gross_profit': 317454000, 'operating_profit': -71000000, 'source': 'jquants', 'updated_at': '2026-03-09T08:32:19.007329+09:00'})"
Arguments: ()
--- Logging error ---
Traceback (most recent call last):
  File "C:\Users\takuy\OneDrive\tdnet-excel-input\tools\sync_financials.py", line 96, in _request
    r.raise_for_status()
  File "C:\Users\takuy\OneDrive\tdnet-excel-input\.venv\Lib\site-packages\requests\models.py", line 1026, in raise_for_status
    raise HTTPError(http_error_msg, response=self)
requests.exceptions.HTTPError: 401 Client Error: Unauthorized for url: https://fvkvfekzoebcolssnteo.supabase.co/rest/v1/financials?on_conflict=ticker%2Cperiod%2Cquarter

During handling of the above exception, another exception occurred:

Traceback (most recent call last):
  File "C:\Users\takuy\AppData\Roaming\uv\python\cpython-3.11-windows-x86_64-none\Lib\logging\__init__.py", line 1113, in emit
    stream.write(msg + self.terminator)
UnicodeEncodeError: 'cp932' codec can't encode character '\u2014' in position 61: illegal multibyte sequence
Call stack:
  File "C:\Users\takuy\OneDrive\tdnet-excel-input\tools\sync_financials.py", line 538, in <module>
    main()
  File "C:\Users\takuy\OneDrive\tdnet-excel-input\tools\sync_financials.py", line 512, in main
    stats = sync(
  File "C:\Users\takuy\OneDrive\tdnet-excel-input\tools\sync_financials.py", line 348, in sync
    n = api.upsert_batch(table, chunk, on_conflict="ticker,period,quarter")
  File "C:\Users\takuy\OneDrive\tdnet-excel-input\tools\sync_financials.py", line 139, in upsert_batch
    self._request(
  File "C:\Users\takuy\OneDrive\tdnet-excel-input\tools\sync_financials.py", line 123, in _request
    logger.error(
Message: '[API] HTTP 0 \u2014 ÉäÉgÉâÉCïsâ¬\n  ÉåÉXÉ|ÉìÉX: {"code":"42501","details":null,"hint":null,"message":"new row violates row-level security policy for table \\"financials\\""}'
Arguments: ()
--- Logging error ---
Traceback (most recent call last):
  File "C:\Users\takuy\OneDrive\tdnet-excel-input\tools\sync_financials.py", line 348, in sync
    n = api.upsert_batch(table, chunk, on_conflict="ticker,period,quarter")
        ^^^^^^^^^^^^^^^^^^^^^^^^^^^^^^^^^^^^^^^^^^^^^^^^^^^^^^^^^^^^^^^^^^^
  File "C:\Users\takuy\OneDrive\tdnet-excel-input\tools\sync_financials.py", line 139, in upsert_batch
    self._request(
  File "C:\Users\takuy\OneDrive\tdnet-excel-input\tools\sync_financials.py", line 96, in _request
    r.raise_for_status()
  File "C:\Users\takuy\OneDrive\tdnet-excel-input\.venv\Lib\site-packages\requests\models.py", line 1026, in raise_for_status
    raise HTTPError(http_error_msg, response=self)
requests.exceptions.HTTPError: 401 Client Error: Unauthorized for url: https://fvkvfekzoebcolssnteo.supabase.co/rest/v1/financials?on_conflict=ticker%2Cperiod%2Cquarter

During handling of the above exception, another exception occurred:

Traceback (most recent call last):
  File "C:\Users\takuy\AppData\Roaming\uv\python\cpython-3.11-windows-x86_64-none\Lib\logging\__init__.py", line 1113, in emit
    stream.write(msg + self.terminator)
UnicodeEncodeError: 'cp932' codec can't encode character '\u2014' in position 71: illegal multibyte sequence
Call stack:
  File "C:\Users\takuy\OneDrive\tdnet-excel-input\tools\sync_financials.py", line 538, in <module>
    main()
  File "C:\Users\takuy\OneDrive\tdnet-excel-input\tools\sync_financials.py", line 512, in main
    stats = sync(
  File "C:\Users\takuy\OneDrive\tdnet-excel-input\tools\sync_financials.py", line 360, in sync
    logger.error(
Message: "  batch 15/145: FAILED \u2014 401 Client Error: Unauthorized for url: https://fvkvfekzoebcolssnteo.supabase.co/rest/v1/financials?on_conflict=ticker%2Cperiod%2Cquarter\n  (êÊì™çs: {'ticker': '25030', 'period': '2023-12-31', 'quarter': '1Q', 'sales': 450329000000, 'gross_profit': 204446000000, 'operating_profit': 10992000000, 'source': 'jquants', 'updated_at': '2026-03-09T08:32:19.007329+09:00'})"
Arguments: ()
--- Logging error ---
Traceback (most recent call last):
  File "C:\Users\takuy\OneDrive\tdnet-excel-input\tools\sync_financials.py", line 96, in _request
    r.raise_for_status()
  File "C:\Users\takuy\OneDrive\tdnet-excel-input\.venv\Lib\site-packages\requests\models.py", line 1026, in raise_for_status
    raise HTTPError(http_error_msg, response=self)
requests.exceptions.HTTPError: 401 Client Error: Unauthorized for url: https://fvkvfekzoebcolssnteo.supabase.co/rest/v1/financials?on_conflict=ticker%2Cperiod%2Cquarter

During handling of the above exception, another exception occurred:

Traceback (most recent call last):
  File "C:\Users\takuy\AppData\Roaming\uv\python\cpython-3.11-windows-x86_64-none\Lib\logging\__init__.py", line 1113, in emit
    stream.write(msg + self.terminator)
UnicodeEncodeError: 'cp932' codec can't encode character '\u2014' in position 61: illegal multibyte sequence
Call stack:
  File "C:\Users\takuy\OneDrive\tdnet-excel-input\tools\sync_financials.py", line 538, in <module>
    main()
  File "C:\Users\takuy\OneDrive\tdnet-excel-input\tools\sync_financials.py", line 512, in main
    stats = sync(
  File "C:\Users\takuy\OneDrive\tdnet-excel-input\tools\sync_financials.py", line 348, in sync
    n = api.upsert_batch(table, chunk, on_conflict="ticker,period,quarter")
  File "C:\Users\takuy\OneDrive\tdnet-excel-input\tools\sync_financials.py", line 139, in upsert_batch
    self._request(
  File "C:\Users\takuy\OneDrive\tdnet-excel-input\tools\sync_financials.py", line 123, in _request
    logger.error(
Message: '[API] HTTP 0 \u2014 ÉäÉgÉâÉCïsâ¬\n  ÉåÉXÉ|ÉìÉX: {"code":"42501","details":null,"hint":null,"message":"new row violates row-level security policy for table \\"financials\\""}'
Arguments: ()
--- Logging error ---
Traceback (most recent call last):
  File "C:\Users\takuy\OneDrive\tdnet-excel-input\tools\sync_financials.py", line 348, in sync
    n = api.upsert_batch(table, chunk, on_conflict="ticker,period,quarter")
        ^^^^^^^^^^^^^^^^^^^^^^^^^^^^^^^^^^^^^^^^^^^^^^^^^^^^^^^^^^^^^^^^^^^
  File "C:\Users\takuy\OneDrive\tdnet-excel-input\tools\sync_financials.py", line 139, in upsert_batch
    self._request(
  File "C:\Users\takuy\OneDrive\tdnet-excel-input\tools\sync_financials.py", line 96, in _request
    r.raise_for_status()
  File "C:\Users\takuy\OneDrive\tdnet-excel-input\.venv\Lib\site-packages\requests\models.py", line 1026, in raise_for_status
    raise HTTPError(http_error_msg, response=self)
requests.exceptions.HTTPError: 401 Client Error: Unauthorized for url: https://fvkvfekzoebcolssnteo.supabase.co/rest/v1/financials?on_conflict=ticker%2Cperiod%2Cquarter

During handling of the above exception, another exception occurred:

Traceback (most recent call last):
  File "C:\Users\takuy\AppData\Roaming\uv\python\cpython-3.11-windows-x86_64-none\Lib\logging\__init__.py", line 1113, in emit
    stream.write(msg + self.terminator)
UnicodeEncodeError: 'cp932' codec can't encode character '\u2014' in position 71: illegal multibyte sequence
Call stack:
  File "C:\Users\takuy\OneDrive\tdnet-excel-input\tools\sync_financials.py", line 538, in <module>
    main()
  File "C:\Users\takuy\OneDrive\tdnet-excel-input\tools\sync_financials.py", line 512, in main
    stats = sync(
  File "C:\Users\takuy\OneDrive\tdnet-excel-input\tools\sync_financials.py", line 360, in sync
    logger.error(
Message: "  batch 16/145: FAILED \u2014 401 Client Error: Unauthorized for url: https://fvkvfekzoebcolssnteo.supabase.co/rest/v1/financials?on_conflict=ticker%2Cperiod%2Cquarter\n  (êÊì™çs: {'ticker': '265A0', 'period': '2025-12-31', 'quarter': '2Q', 'sales': 439000000, 'gross_profit': 157161000, 'operating_profit': -36000000, 'source': 'jquants', 'updated_at': '2026-03-09T08:32:19.007329+09:00'})"
Arguments: ()
--- Logging error ---
Traceback (most recent call last):
  File "C:\Users\takuy\OneDrive\tdnet-excel-input\tools\sync_financials.py", line 96, in _request
    r.raise_for_status()
  File "C:\Users\takuy\OneDrive\tdnet-excel-input\.venv\Lib\site-packages\requests\models.py", line 1026, in raise_for_status
    raise HTTPError(http_error_msg, response=self)
requests.exceptions.HTTPError: 401 Client Error: Unauthorized for url: https://fvkvfekzoebcolssnteo.supabase.co/rest/v1/financials?on_conflict=ticker%2Cperiod%2Cquarter

During handling of the above exception, another exception occurred:

Traceback (most recent call last):
  File "C:\Users\takuy\AppData\Roaming\uv\python\cpython-3.11-windows-x86_64-none\Lib\logging\__init__.py", line 1113, in emit
    stream.write(msg + self.terminator)
UnicodeEncodeError: 'cp932' codec can't encode character '\u2014' in position 61: illegal multibyte sequence
Call stack:
  File "C:\Users\takuy\OneDrive\tdnet-excel-input\tools\sync_financials.py", line 538, in <module>
    main()
  File "C:\Users\takuy\OneDrive\tdnet-excel-input\tools\sync_financials.py", line 512, in main
    stats = sync(
  File "C:\Users\takuy\OneDrive\tdnet-excel-input\tools\sync_financials.py", line 348, in sync
    n = api.upsert_batch(table, chunk, on_conflict="ticker,period,quarter")
  File "C:\Users\takuy\OneDrive\tdnet-excel-input\tools\sync_financials.py", line 139, in upsert_batch
    self._request(
  File "C:\Users\takuy\OneDrive\tdnet-excel-input\tools\sync_financials.py", line 123, in _request
    logger.error(
Message: '[API] HTTP 0 \u2014 ÉäÉgÉâÉCïsâ¬\n  ÉåÉXÉ|ÉìÉX: {"code":"42501","details":null,"hint":null,"message":"new row violates row-level security policy for table \\"financials\\""}'
Arguments: ()
--- Logging error ---
Traceback (most recent call last):
  File "C:\Users\takuy\OneDrive\tdnet-excel-input\tools\sync_financials.py", line 348, in sync
    n = api.upsert_batch(table, chunk, on_conflict="ticker,period,quarter")
        ^^^^^^^^^^^^^^^^^^^^^^^^^^^^^^^^^^^^^^^^^^^^^^^^^^^^^^^^^^^^^^^^^^^
  File "C:\Users\takuy\OneDrive\tdnet-excel-input\tools\sync_financials.py", line 139, in upsert_batch
    self._request(
  File "C:\Users\takuy\OneDrive\tdnet-excel-input\tools\sync_financials.py", line 96, in _request
    r.raise_for_status()
  File "C:\Users\takuy\OneDrive\tdnet-excel-input\.venv\Lib\site-packages\requests\models.py", line 1026, in raise_for_status
    raise HTTPError(http_error_msg, response=self)
requests.exceptions.HTTPError: 401 Client Error: Unauthorized for url: https://fvkvfekzoebcolssnteo.supabase.co/rest/v1/financials?on_conflict=ticker%2Cperiod%2Cquarter

During handling of the above exception, another exception occurred:

Traceback (most recent call last):
  File "C:\Users\takuy\AppData\Roaming\uv\python\cpython-3.11-windows-x86_64-none\Lib\logging\__init__.py", line 1113, in emit
    stream.write(msg + self.terminator)
UnicodeEncodeError: 'cp932' codec can't encode character '\u2014' in position 71: illegal multibyte sequence
Call stack:
  File "C:\Users\takuy\OneDrive\tdnet-excel-input\tools\sync_financials.py", line 538, in <module>
    main()
  File "C:\Users\takuy\OneDrive\tdnet-excel-input\tools\sync_financials.py", line 512, in main
    stats = sync(
  File "C:\Users\takuy\OneDrive\tdnet-excel-input\tools\sync_financials.py", line 360, in sync
    logger.error(
Message: "  batch 17/145: FAILED \u2014 401 Client Error: Unauthorized for url: https://fvkvfekzoebcolssnteo.supabase.co/rest/v1/financials?on_conflict=ticker%2Cperiod%2Cquarter\n  (êÊì™çs: {'ticker': '27080', 'period': '2022-03-31', 'quarter': '2Q', 'sales': 19219000000, 'gross_profit': 4129000000, 'operating_profit': -961000000, 'source': 'jquants', 'updated_at': '2026-03-09T08:32:19.007329+09:00'})"
Arguments: ()
--- Logging error ---
Traceback (most recent call last):
  File "C:\Users\takuy\OneDrive\tdnet-excel-input\tools\sync_financials.py", line 96, in _request
    r.raise_for_status()
  File "C:\Users\takuy\OneDrive\tdnet-excel-input\.venv\Lib\site-packages\requests\models.py", line 1026, in raise_for_status
    raise HTTPError(http_error_msg, response=self)
requests.exceptions.HTTPError: 401 Client Error: Unauthorized for url: https://fvkvfekzoebcolssnteo.supabase.co/rest/v1/financials?on_conflict=ticker%2Cperiod%2Cquarter

During handling of the above exception, another exception occurred:

Traceback (most recent call last):
  File "C:\Users\takuy\AppData\Roaming\uv\python\cpython-3.11-windows-x86_64-none\Lib\logging\__init__.py", line 1113, in emit
    stream.write(msg + self.terminator)
UnicodeEncodeError: 'cp932' codec can't encode character '\u2014' in position 61: illegal multibyte sequence
Call stack:
  File "C:\Users\takuy\OneDrive\tdnet-excel-input\tools\sync_financials.py", line 538, in <module>
    main()
  File "C:\Users\takuy\OneDrive\tdnet-excel-input\tools\sync_financials.py", line 512, in main
    stats = sync(
  File "C:\Users\takuy\OneDrive\tdnet-excel-input\tools\sync_financials.py", line 348, in sync
    n = api.upsert_batch(table, chunk, on_conflict="ticker,period,quarter")
  File "C:\Users\takuy\OneDrive\tdnet-excel-input\tools\sync_financials.py", line 139, in upsert_batch
    self._request(
  File "C:\Users\takuy\OneDrive\tdnet-excel-input\tools\sync_financials.py", line 123, in _request
    logger.error(
Message: '[API] HTTP 0 \u2014 ÉäÉgÉâÉCïsâ¬\n  ÉåÉXÉ|ÉìÉX: {"code":"42501","details":null,"hint":null,"message":"new row violates row-level security policy for table \\"financials\\""}'
Arguments: ()
--- Logging error ---
Traceback (most recent call last):
  File "C:\Users\takuy\OneDrive\tdnet-excel-input\tools\sync_financials.py", line 348, in sync
    n = api.upsert_batch(table, chunk, on_conflict="ticker,period,quarter")
        ^^^^^^^^^^^^^^^^^^^^^^^^^^^^^^^^^^^^^^^^^^^^^^^^^^^^^^^^^^^^^^^^^^^
  File "C:\Users\takuy\OneDrive\tdnet-excel-input\tools\sync_financials.py", line 139, in upsert_batch
    self._request(
  File "C:\Users\takuy\OneDrive\tdnet-excel-input\tools\sync_financials.py", line 96, in _request
    r.raise_for_status()
  File "C:\Users\takuy\OneDrive\tdnet-excel-input\.venv\Lib\site-packages\requests\models.py", line 1026, in raise_for_status
    raise HTTPError(http_error_msg, response=self)
requests.exceptions.HTTPError: 401 Client Error: Unauthorized for url: https://fvkvfekzoebcolssnteo.supabase.co/rest/v1/financials?on_conflict=ticker%2Cperiod%2Cquarter

During handling of the above exception, another exception occurred:

Traceback (most recent call last):
  File "C:\Users\takuy\AppData\Roaming\uv\python\cpython-3.11-windows-x86_64-none\Lib\logging\__init__.py", line 1113, in emit
    stream.write(msg + self.terminator)
UnicodeEncodeError: 'cp932' codec can't encode character '\u2014' in position 71: illegal multibyte sequence
Call stack:
  File "C:\Users\takuy\OneDrive\tdnet-excel-input\tools\sync_financials.py", line 538, in <module>
    main()
  File "C:\Users\takuy\OneDrive\tdnet-excel-input\tools\sync_financials.py", line 512, in main
    stats = sync(
  File "C:\Users\takuy\OneDrive\tdnet-excel-input\tools\sync_financials.py", line 360, in sync
    logger.error(
Message: "  batch 18/145: FAILED \u2014 401 Client Error: Unauthorized for url: https://fvkvfekzoebcolssnteo.supabase.co/rest/v1/financials?on_conflict=ticker%2Cperiod%2Cquarter\n  (êÊì™çs: {'ticker': '27760', 'period': '2023-01-31', 'quarter': '2Q', 'sales': 1815000000, 'gross_profit': None, 'operating_profit': -142000000, 'source': 'jquants', 'updated_at': '2026-03-09T08:32:19.007329+09:00'})"
Arguments: ()
--- Logging error ---
Traceback (most recent call last):
  File "C:\Users\takuy\OneDrive\tdnet-excel-input\tools\sync_financials.py", line 96, in _request
    r.raise_for_status()
  File "C:\Users\takuy\OneDrive\tdnet-excel-input\.venv\Lib\site-packages\requests\models.py", line 1026, in raise_for_status
    raise HTTPError(http_error_msg, response=self)
requests.exceptions.HTTPError: 401 Client Error: Unauthorized for url: https://fvkvfekzoebcolssnteo.supabase.co/rest/v1/financials?on_conflict=ticker%2Cperiod%2Cquarter

During handling of the above exception, another exception occurred:

Traceback (most recent call last):
  File "C:\Users\takuy\AppData\Roaming\uv\python\cpython-3.11-windows-x86_64-none\Lib\logging\__init__.py", line 1113, in emit
    stream.write(msg + self.terminator)
UnicodeEncodeError: 'cp932' codec can't encode character '\u2014' in position 61: illegal multibyte sequence
Call stack:
  File "C:\Users\takuy\OneDrive\tdnet-excel-input\tools\sync_financials.py", line 538, in <module>
    main()
  File "C:\Users\takuy\OneDrive\tdnet-excel-input\tools\sync_financials.py", line 512, in main
    stats = sync(
  File "C:\Users\takuy\OneDrive\tdnet-excel-input\tools\sync_financials.py", line 348, in sync
    n = api.upsert_batch(table, chunk, on_conflict="ticker,period,quarter")
  File "C:\Users\takuy\OneDrive\tdnet-excel-input\tools\sync_financials.py", line 139, in upsert_batch
    self._request(
  File "C:\Users\takuy\OneDrive\tdnet-excel-input\tools\sync_financials.py", line 123, in _request
    logger.error(
Message: '[API] HTTP 0 \u2014 ÉäÉgÉâÉCïsâ¬\n  ÉåÉXÉ|ÉìÉX: {"code":"42501","details":null,"hint":null,"message":"new row violates row-level security policy for table \\"financials\\""}'
Arguments: ()
--- Logging error ---
Traceback (most recent call last):
  File "C:\Users\takuy\OneDrive\tdnet-excel-input\tools\sync_financials.py", line 348, in sync
    n = api.upsert_batch(table, chunk, on_conflict="ticker,period,quarter")
        ^^^^^^^^^^^^^^^^^^^^^^^^^^^^^^^^^^^^^^^^^^^^^^^^^^^^^^^^^^^^^^^^^^^
  File "C:\Users\takuy\OneDrive\tdnet-excel-input\tools\sync_financials.py", line 139, in upsert_batch
    self._request(
  File "C:\Users\takuy\OneDrive\tdnet-excel-input\tools\sync_financials.py", line 96, in _request
    r.raise_for_status()
  File "C:\Users\takuy\OneDrive\tdnet-excel-input\.venv\Lib\site-packages\requests\models.py", line 1026, in raise_for_status
    raise HTTPError(http_error_msg, response=self)
requests.exceptions.HTTPError: 401 Client Error: Unauthorized for url: https://fvkvfekzoebcolssnteo.supabase.co/rest/v1/financials?on_conflict=ticker%2Cperiod%2Cquarter

During handling of the above exception, another exception occurred:

Traceback (most recent call last):
  File "C:\Users\takuy\AppData\Roaming\uv\python\cpython-3.11-windows-x86_64-none\Lib\logging\__init__.py", line 1113, in emit
    stream.write(msg + self.terminator)
UnicodeEncodeError: 'cp932' codec can't encode character '\u2014' in position 71: illegal multibyte sequence
Call stack:
  File "C:\Users\takuy\OneDrive\tdnet-excel-input\tools\sync_financials.py", line 538, in <module>
    main()
  File "C:\Users\takuy\OneDrive\tdnet-excel-input\tools\sync_financials.py", line 512, in main
    stats = sync(
  File "C:\Users\takuy\OneDrive\tdnet-excel-input\tools\sync_financials.py", line 360, in sync
    logger.error(
Message: "  batch 19/145: FAILED \u2014 401 Client Error: Unauthorized for url: https://fvkvfekzoebcolssnteo.supabase.co/rest/v1/financials?on_conflict=ticker%2Cperiod%2Cquarter\n  (êÊì™çs: {'ticker': '28160', 'period': '2023-03-31', 'quarter': 'FY', 'sales': 23374000000, 'gross_profit': 8979000000, 'operating_profit': 484000000, 'source': 'jquants', 'updated_at': '2026-03-09T08:32:19.007329+09:00'})"
Arguments: ()
--- Logging error ---
Traceback (most recent call last):
  File "C:\Users\takuy\OneDrive\tdnet-excel-input\tools\sync_financials.py", line 96, in _request
    r.raise_for_status()
  File "C:\Users\takuy\OneDrive\tdnet-excel-input\.venv\Lib\site-packages\requests\models.py", line 1026, in raise_for_status
    raise HTTPError(http_error_msg, response=self)
requests.exceptions.HTTPError: 401 Client Error: Unauthorized for url: https://fvkvfekzoebcolssnteo.supabase.co/rest/v1/financials?on_conflict=ticker%2Cperiod%2Cquarter

During handling of the above exception, another exception occurred:

Traceback (most recent call last):
  File "C:\Users\takuy\AppData\Roaming\uv\python\cpython-3.11-windows-x86_64-none\Lib\logging\__init__.py", line 1113, in emit
    stream.write(msg + self.terminator)
UnicodeEncodeError: 'cp932' codec can't encode character '\u2014' in position 61: illegal multibyte sequence
Call stack:
  File "C:\Users\takuy\OneDrive\tdnet-excel-input\tools\sync_financials.py", line 538, in <module>
    main()
  File "C:\Users\takuy\OneDrive\tdnet-excel-input\tools\sync_financials.py", line 512, in main
    stats = sync(
  File "C:\Users\takuy\OneDrive\tdnet-excel-input\tools\sync_financials.py", line 348, in sync
    n = api.upsert_batch(table, chunk, on_conflict="ticker,period,quarter")
  File "C:\Users\takuy\OneDrive\tdnet-excel-input\tools\sync_financials.py", line 139, in upsert_batch
    self._request(
  File "C:\Users\takuy\OneDrive\tdnet-excel-input\tools\sync_financials.py", line 123, in _request
    logger.error(
Message: '[API] HTTP 0 \u2014 ÉäÉgÉâÉCïsâ¬\n  ÉåÉXÉ|ÉìÉX: {"code":"42501","details":null,"hint":null,"message":"new row violates row-level security policy for table \\"financials\\""}'
Arguments: ()
--- Logging error ---
Traceback (most recent call last):
  File "C:\Users\takuy\OneDrive\tdnet-excel-input\tools\sync_financials.py", line 348, in sync
    n = api.upsert_batch(table, chunk, on_conflict="ticker,period,quarter")
        ^^^^^^^^^^^^^^^^^^^^^^^^^^^^^^^^^^^^^^^^^^^^^^^^^^^^^^^^^^^^^^^^^^^
  File "C:\Users\takuy\OneDrive\tdnet-excel-input\tools\sync_financials.py", line 139, in upsert_batch
    self._request(
  File "C:\Users\takuy\OneDrive\tdnet-excel-input\tools\sync_financials.py", line 96, in _request
    r.raise_for_status()
  File "C:\Users\takuy\OneDrive\tdnet-excel-input\.venv\Lib\site-packages\requests\models.py", line 1026, in raise_for_status
    raise HTTPError(http_error_msg, response=self)
requests.exceptions.HTTPError: 401 Client Error: Unauthorized for url: https://fvkvfekzoebcolssnteo.supabase.co/rest/v1/financials?on_conflict=ticker%2Cperiod%2Cquarter

During handling of the above exception, another exception occurred:

Traceback (most recent call last):
  File "C:\Users\takuy\AppData\Roaming\uv\python\cpython-3.11-windows-x86_64-none\Lib\logging\__init__.py", line 1113, in emit
    stream.write(msg + self.terminator)
UnicodeEncodeError: 'cp932' codec can't encode character '\u2014' in position 71: illegal multibyte sequence
Call stack:
  File "C:\Users\takuy\OneDrive\tdnet-excel-input\tools\sync_financials.py", line 538, in <module>
    main()
  File "C:\Users\takuy\OneDrive\tdnet-excel-input\tools\sync_financials.py", line 512, in main
    stats = sync(
  File "C:\Users\takuy\OneDrive\tdnet-excel-input\tools\sync_financials.py", line 360, in sync
    logger.error(
Message: "  batch 20/145: FAILED \u2014 401 Client Error: Unauthorized for url: https://fvkvfekzoebcolssnteo.supabase.co/rest/v1/financials?on_conflict=ticker%2Cperiod%2Cquarter\n  (êÊì™çs: {'ticker': '29110', 'period': '2025-03-31', 'quarter': 'FY', 'sales': 8017000000, 'gross_profit': 2287092000, 'operating_profit': 225000000, 'source': 'jquants', 'updated_at': '2026-03-09T08:32:19.007329+09:00'})"
Arguments: ()
--- Logging error ---
Traceback (most recent call last):
  File "C:\Users\takuy\OneDrive\tdnet-excel-input\tools\sync_financials.py", line 96, in _request
    r.raise_for_status()
  File "C:\Users\takuy\OneDrive\tdnet-excel-input\.venv\Lib\site-packages\requests\models.py", line 1026, in raise_for_status
    raise HTTPError(http_error_msg, response=self)
requests.exceptions.HTTPError: 401 Client Error: Unauthorized for url: https://fvkvfekzoebcolssnteo.supabase.co/rest/v1/financials?on_conflict=ticker%2Cperiod%2Cquarter

During handling of the above exception, another exception occurred:

Traceback (most recent call last):
  File "C:\Users\takuy\AppData\Roaming\uv\python\cpython-3.11-windows-x86_64-none\Lib\logging\__init__.py", line 1113, in emit
    stream.write(msg + self.terminator)
UnicodeEncodeError: 'cp932' codec can't encode character '\u2014' in position 61: illegal multibyte sequence
Call stack:
  File "C:\Users\takuy\OneDrive\tdnet-excel-input\tools\sync_financials.py", line 538, in <module>
    main()
  File "C:\Users\takuy\OneDrive\tdnet-excel-input\tools\sync_financials.py", line 512, in main
    stats = sync(
  File "C:\Users\takuy\OneDrive\tdnet-excel-input\tools\sync_financials.py", line 348, in sync
    n = api.upsert_batch(table, chunk, on_conflict="ticker,period,quarter")
  File "C:\Users\takuy\OneDrive\tdnet-excel-input\tools\sync_financials.py", line 139, in upsert_batch
    self._request(
  File "C:\Users\takuy\OneDrive\tdnet-excel-input\tools\sync_financials.py", line 123, in _request
    logger.error(
Message: '[API] HTTP 0 \u2014 ÉäÉgÉâÉCïsâ¬\n  ÉåÉXÉ|ÉìÉX: {"code":"42501","details":null,"hint":null,"message":"new row violates row-level security policy for table \\"financials\\""}'
Arguments: ()
--- Logging error ---
Traceback (most recent call last):
  File "C:\Users\takuy\OneDrive\tdnet-excel-input\tools\sync_financials.py", line 348, in sync
    n = api.upsert_batch(table, chunk, on_conflict="ticker,period,quarter")
        ^^^^^^^^^^^^^^^^^^^^^^^^^^^^^^^^^^^^^^^^^^^^^^^^^^^^^^^^^^^^^^^^^^^
  File "C:\Users\takuy\OneDrive\tdnet-excel-input\tools\sync_financials.py", line 139, in upsert_batch
    self._request(
  File "C:\Users\takuy\OneDrive\tdnet-excel-input\tools\sync_financials.py", line 96, in _request
    r.raise_for_status()
  File "C:\Users\takuy\OneDrive\tdnet-excel-input\.venv\Lib\site-packages\requests\models.py", line 1026, in raise_for_status
    raise HTTPError(http_error_msg, response=self)
requests.exceptions.HTTPError: 401 Client Error: Unauthorized for url: https://fvkvfekzoebcolssnteo.supabase.co/rest/v1/financials?on_conflict=ticker%2Cperiod%2Cquarter

During handling of the above exception, another exception occurred:

Traceback (most recent call last):
  File "C:\Users\takuy\AppData\Roaming\uv\python\cpython-3.11-windows-x86_64-none\Lib\logging\__init__.py", line 1113, in emit
    stream.write(msg + self.terminator)
UnicodeEncodeError: 'cp932' codec can't encode character '\u2014' in position 71: illegal multibyte sequence
Call stack:
  File "C:\Users\takuy\OneDrive\tdnet-excel-input\tools\sync_financials.py", line 538, in <module>
    main()
  File "C:\Users\takuy\OneDrive\tdnet-excel-input\tools\sync_financials.py", line 512, in main
    stats = sync(
  File "C:\Users\takuy\OneDrive\tdnet-excel-input\tools\sync_financials.py", line 360, in sync
    logger.error(
Message: "  batch 21/145: FAILED \u2014 401 Client Error: Unauthorized for url: https://fvkvfekzoebcolssnteo.supabase.co/rest/v1/financials?on_conflict=ticker%2Cperiod%2Cquarter\n  (êÊì™çs: {'ticker': '29790', 'period': '2025-05-31', 'quarter': 'FY', 'sales': 4738000000, 'gross_profit': None, 'operating_profit': 2229000000, 'source': 'jquants', 'updated_at': '2026-03-09T08:32:19.007329+09:00'})"
Arguments: ()
--- Logging error ---
Traceback (most recent call last):
  File "C:\Users\takuy\OneDrive\tdnet-excel-input\tools\sync_financials.py", line 96, in _request
    r.raise_for_status()
  File "C:\Users\takuy\OneDrive\tdnet-excel-input\.venv\Lib\site-packages\requests\models.py", line 1026, in raise_for_status
    raise HTTPError(http_error_msg, response=self)
requests.exceptions.HTTPError: 401 Client Error: Unauthorized for url: https://fvkvfekzoebcolssnteo.supabase.co/rest/v1/financials?on_conflict=ticker%2Cperiod%2Cquarter

During handling of the above exception, another exception occurred:

Traceback (most recent call last):
  File "C:\Users\takuy\AppData\Roaming\uv\python\cpython-3.11-windows-x86_64-none\Lib\logging\__init__.py", line 1113, in emit
    stream.write(msg + self.terminator)
UnicodeEncodeError: 'cp932' codec can't encode character '\u2014' in position 61: illegal multibyte sequence
Call stack:
  File "C:\Users\takuy\OneDrive\tdnet-excel-input\tools\sync_financials.py", line 538, in <module>
    main()
  File "C:\Users\takuy\OneDrive\tdnet-excel-input\tools\sync_financials.py", line 512, in main
    stats = sync(
  File "C:\Users\takuy\OneDrive\tdnet-excel-input\tools\sync_financials.py", line 348, in sync
    n = api.upsert_batch(table, chunk, on_conflict="ticker,period,quarter")
  File "C:\Users\takuy\OneDrive\tdnet-excel-input\tools\sync_financials.py", line 139, in upsert_batch
    self._request(
  File "C:\Users\takuy\OneDrive\tdnet-excel-input\tools\sync_financials.py", line 123, in _request
    logger.error(
Message: '[API] HTTP 0 \u2014 ÉäÉgÉâÉCïsâ¬\n  ÉåÉXÉ|ÉìÉX: {"code":"42501","details":null,"hint":null,"message":"new row violates row-level security policy for table \\"financials\\""}'
Arguments: ()
--- Logging error ---
Traceback (most recent call last):
  File "C:\Users\takuy\OneDrive\tdnet-excel-input\tools\sync_financials.py", line 348, in sync
    n = api.upsert_batch(table, chunk, on_conflict="ticker,period,quarter")
        ^^^^^^^^^^^^^^^^^^^^^^^^^^^^^^^^^^^^^^^^^^^^^^^^^^^^^^^^^^^^^^^^^^^
  File "C:\Users\takuy\OneDrive\tdnet-excel-input\tools\sync_financials.py", line 139, in upsert_batch
    self._request(
  File "C:\Users\takuy\OneDrive\tdnet-excel-input\tools\sync_financials.py", line 96, in _request
    r.raise_for_status()
  File "C:\Users\takuy\OneDrive\tdnet-excel-input\.venv\Lib\site-packages\requests\models.py", line 1026, in raise_for_status
    raise HTTPError(http_error_msg, response=self)
requests.exceptions.HTTPError: 401 Client Error: Unauthorized for url: https://fvkvfekzoebcolssnteo.supabase.co/rest/v1/financials?on_conflict=ticker%2Cperiod%2Cquarter

During handling of the above exception, another exception occurred:

Traceback (most recent call last):
  File "C:\Users\takuy\AppData\Roaming\uv\python\cpython-3.11-windows-x86_64-none\Lib\logging\__init__.py", line 1113, in emit
    stream.write(msg + self.terminator)
UnicodeEncodeError: 'cp932' codec can't encode character '\u2014' in position 71: illegal multibyte sequence
Call stack:
  File "C:\Users\takuy\OneDrive\tdnet-excel-input\tools\sync_financials.py", line 538, in <module>
    main()
  File "C:\Users\takuy\OneDrive\tdnet-excel-input\tools\sync_financials.py", line 512, in main
    stats = sync(
  File "C:\Users\takuy\OneDrive\tdnet-excel-input\tools\sync_financials.py", line 360, in sync
    logger.error(
Message: "  batch 22/145: FAILED \u2014 401 Client Error: Unauthorized for url: https://fvkvfekzoebcolssnteo.supabase.co/rest/v1/financials?on_conflict=ticker%2Cperiod%2Cquarter\n  (êÊì™çs: {'ticker': '30340', 'period': '2022-03-31', 'quarter': 'FY', 'sales': 166199000000, 'gross_profit': 23163000000, 'operating_profit': 9855000000, 'source': 'jquants', 'updated_at': '2026-03-09T08:32:19.007329+09:00'})"
Arguments: ()
--- Logging error ---
Traceback (most recent call last):
  File "C:\Users\takuy\OneDrive\tdnet-excel-input\tools\sync_financials.py", line 96, in _request
    r.raise_for_status()
  File "C:\Users\takuy\OneDrive\tdnet-excel-input\.venv\Lib\site-packages\requests\models.py", line 1026, in raise_for_status
    raise HTTPError(http_error_msg, response=self)
requests.exceptions.HTTPError: 401 Client Error: Unauthorized for url: https://fvkvfekzoebcolssnteo.supabase.co/rest/v1/financials?on_conflict=ticker%2Cperiod%2Cquarter

During handling of the above exception, another exception occurred:

Traceback (most recent call last):
  File "C:\Users\takuy\AppData\Roaming\uv\python\cpython-3.11-windows-x86_64-none\Lib\logging\__init__.py", line 1113, in emit
    stream.write(msg + self.terminator)
UnicodeEncodeError: 'cp932' codec can't encode character '\u2014' in position 61: illegal multibyte sequence
Call stack:
  File "C:\Users\takuy\OneDrive\tdnet-excel-input\tools\sync_financials.py", line 538, in <module>
    main()
  File "C:\Users\takuy\OneDrive\tdnet-excel-input\tools\sync_financials.py", line 512, in main
    stats = sync(
  File "C:\Users\takuy\OneDrive\tdnet-excel-input\tools\sync_financials.py", line 348, in sync
    n = api.upsert_batch(table, chunk, on_conflict="ticker,period,quarter")
  File "C:\Users\takuy\OneDrive\tdnet-excel-input\tools\sync_financials.py", line 139, in upsert_batch
    self._request(
  File "C:\Users\takuy\OneDrive\tdnet-excel-input\tools\sync_financials.py", line 123, in _request
    logger.error(
Message: '[API] HTTP 0 \u2014 ÉäÉgÉâÉCïsâ¬\n  ÉåÉXÉ|ÉìÉX: {"code":"42501","details":null,"hint":null,"message":"new row violates row-level security policy for table \\"financials\\""}'
Arguments: ()
--- Logging error ---
Traceback (most recent call last):
  File "C:\Users\takuy\OneDrive\tdnet-excel-input\tools\sync_financials.py", line 348, in sync
    n = api.upsert_batch(table, chunk, on_conflict="ticker,period,quarter")
        ^^^^^^^^^^^^^^^^^^^^^^^^^^^^^^^^^^^^^^^^^^^^^^^^^^^^^^^^^^^^^^^^^^^
  File "C:\Users\takuy\OneDrive\tdnet-excel-input\tools\sync_financials.py", line 139, in upsert_batch
    self._request(
  File "C:\Users\takuy\OneDrive\tdnet-excel-input\tools\sync_financials.py", line 96, in _request
    r.raise_for_status()
  File "C:\Users\takuy\OneDrive\tdnet-excel-input\.venv\Lib\site-packages\requests\models.py", line 1026, in raise_for_status
    raise HTTPError(http_error_msg, response=self)
requests.exceptions.HTTPError: 401 Client Error: Unauthorized for url: https://fvkvfekzoebcolssnteo.supabase.co/rest/v1/financials?on_conflict=ticker%2Cperiod%2Cquarter

During handling of the above exception, another exception occurred:

Traceback (most recent call last):
  File "C:\Users\takuy\AppData\Roaming\uv\python\cpython-3.11-windows-x86_64-none\Lib\logging\__init__.py", line 1113, in emit
    stream.write(msg + self.terminator)
UnicodeEncodeError: 'cp932' codec can't encode character '\u2014' in position 71: illegal multibyte sequence
Call stack:
  File "C:\Users\takuy\OneDrive\tdnet-excel-input\tools\sync_financials.py", line 538, in <module>
    main()
  File "C:\Users\takuy\OneDrive\tdnet-excel-input\tools\sync_financials.py", line 512, in main
    stats = sync(
  File "C:\Users\takuy\OneDrive\tdnet-excel-input\tools\sync_financials.py", line 360, in sync
    logger.error(
Message: "  batch 23/145: FAILED \u2014 401 Client Error: Unauthorized for url: https://fvkvfekzoebcolssnteo.supabase.co/rest/v1/financials?on_conflict=ticker%2Cperiod%2Cquarter\n  (êÊì™çs: {'ticker': '30760', 'period': '2023-06-30', 'quarter': 'FY', 'sales': 46396000000, 'gross_profit': 22821000000, 'operating_profit': 9434000000, 'source': 'jquants', 'updated_at': '2026-03-09T08:32:19.007329+09:00'})"
Arguments: ()
--- Logging error ---
Traceback (most recent call last):
  File "C:\Users\takuy\OneDrive\tdnet-excel-input\tools\sync_financials.py", line 96, in _request
    r.raise_for_status()
  File "C:\Users\takuy\OneDrive\tdnet-excel-input\.venv\Lib\site-packages\requests\models.py", line 1026, in raise_for_status
    raise HTTPError(http_error_msg, response=self)
requests.exceptions.HTTPError: 401 Client Error: Unauthorized for url: https://fvkvfekzoebcolssnteo.supabase.co/rest/v1/financials?on_conflict=ticker%2Cperiod%2Cquarter

During handling of the above exception, another exception occurred:

Traceback (most recent call last):
  File "C:\Users\takuy\AppData\Roaming\uv\python\cpython-3.11-windows-x86_64-none\Lib\logging\__init__.py", line 1113, in emit
    stream.write(msg + self.terminator)
UnicodeEncodeError: 'cp932' codec can't encode character '\u2014' in position 61: illegal multibyte sequence
Call stack:
  File "C:\Users\takuy\OneDrive\tdnet-excel-input\tools\sync_financials.py", line 538, in <module>
    main()
  File "C:\Users\takuy\OneDrive\tdnet-excel-input\tools\sync_financials.py", line 512, in main
    stats = sync(
  File "C:\Users\takuy\OneDrive\tdnet-excel-input\tools\sync_financials.py", line 348, in sync
    n = api.upsert_batch(table, chunk, on_conflict="ticker,period,quarter")
  File "C:\Users\takuy\OneDrive\tdnet-excel-input\tools\sync_financials.py", line 139, in upsert_batch
    self._request(
  File "C:\Users\takuy\OneDrive\tdnet-excel-input\tools\sync_financials.py", line 123, in _request
    logger.error(
Message: '[API] HTTP 0 \u2014 ÉäÉgÉâÉCïsâ¬\n  ÉåÉXÉ|ÉìÉX: {"code":"42501","details":null,"hint":null,"message":"new row violates row-level security policy for table \\"financials\\""}'
Arguments: ()
--- Logging error ---
Traceback (most recent call last):
  File "C:\Users\takuy\OneDrive\tdnet-excel-input\tools\sync_financials.py", line 348, in sync
    n = api.upsert_batch(table, chunk, on_conflict="ticker,period,quarter")
        ^^^^^^^^^^^^^^^^^^^^^^^^^^^^^^^^^^^^^^^^^^^^^^^^^^^^^^^^^^^^^^^^^^^
  File "C:\Users\takuy\OneDrive\tdnet-excel-input\tools\sync_financials.py", line 139, in upsert_batch
    self._request(
  File "C:\Users\takuy\OneDrive\tdnet-excel-input\tools\sync_financials.py", line 96, in _request
    r.raise_for_status()
  File "C:\Users\takuy\OneDrive\tdnet-excel-input\.venv\Lib\site-packages\requests\models.py", line 1026, in raise_for_status
    raise HTTPError(http_error_msg, response=self)
requests.exceptions.HTTPError: 401 Client Error: Unauthorized for url: https://fvkvfekzoebcolssnteo.supabase.co/rest/v1/financials?on_conflict=ticker%2Cperiod%2Cquarter

During handling of the above exception, another exception occurred:

Traceback (most recent call last):
  File "C:\Users\takuy\AppData\Roaming\uv\python\cpython-3.11-windows-x86_64-none\Lib\logging\__init__.py", line 1113, in emit
    stream.write(msg + self.terminator)
UnicodeEncodeError: 'cp932' codec can't encode character '\u2014' in position 71: illegal multibyte sequence
Call stack:
  File "C:\Users\takuy\OneDrive\tdnet-excel-input\tools\sync_financials.py", line 538, in <module>
    main()
  File "C:\Users\takuy\OneDrive\tdnet-excel-input\tools\sync_financials.py", line 512, in main
    stats = sync(
  File "C:\Users\takuy\OneDrive\tdnet-excel-input\tools\sync_financials.py", line 360, in sync
    logger.error(
Message: "  batch 24/145: FAILED \u2014 401 Client Error: Unauthorized for url: https://fvkvfekzoebcolssnteo.supabase.co/rest/v1/financials?on_conflict=ticker%2Cperiod%2Cquarter\n  (êÊì™çs: {'ticker': '31130', 'period': '2023-03-31', 'quarter': '3Q', 'sales': 1061000000, 'gross_profit': 465115000, 'operating_profit': -561000000, 'source': 'jquants', 'updated_at': '2026-03-09T08:32:19.007329+09:00'})"
Arguments: ()
--- Logging error ---
Traceback (most recent call last):
  File "C:\Users\takuy\OneDrive\tdnet-excel-input\tools\sync_financials.py", line 96, in _request
    r.raise_for_status()
  File "C:\Users\takuy\OneDrive\tdnet-excel-input\.venv\Lib\site-packages\requests\models.py", line 1026, in raise_for_status
    raise HTTPError(http_error_msg, response=self)
requests.exceptions.HTTPError: 401 Client Error: Unauthorized for url: https://fvkvfekzoebcolssnteo.supabase.co/rest/v1/financials?on_conflict=ticker%2Cperiod%2Cquarter

During handling of the above exception, another exception occurred:

Traceback (most recent call last):
  File "C:\Users\takuy\AppData\Roaming\uv\python\cpython-3.11-windows-x86_64-none\Lib\logging\__init__.py", line 1113, in emit
    stream.write(msg + self.terminator)
UnicodeEncodeError: 'cp932' codec can't encode character '\u2014' in position 61: illegal multibyte sequence
Call stack:
  File "C:\Users\takuy\OneDrive\tdnet-excel-input\tools\sync_financials.py", line 538, in <module>
    main()
  File "C:\Users\takuy\OneDrive\tdnet-excel-input\tools\sync_financials.py", line 512, in main
    stats = sync(
  File "C:\Users\takuy\OneDrive\tdnet-excel-input\tools\sync_financials.py", line 348, in sync
    n = api.upsert_batch(table, chunk, on_conflict="ticker,period,quarter")
  File "C:\Users\takuy\OneDrive\tdnet-excel-input\tools\sync_financials.py", line 139, in upsert_batch
    self._request(
  File "C:\Users\takuy\OneDrive\tdnet-excel-input\tools\sync_financials.py", line 123, in _request
    logger.error(
Message: '[API] HTTP 0 \u2014 ÉäÉgÉâÉCïsâ¬\n  ÉåÉXÉ|ÉìÉX: {"code":"42501","details":null,"hint":null,"message":"new row violates row-level security policy for table \\"financials\\""}'
Arguments: ()
--- Logging error ---
Traceback (most recent call last):
  File "C:\Users\takuy\OneDrive\tdnet-excel-input\tools\sync_financials.py", line 348, in sync
    n = api.upsert_batch(table, chunk, on_conflict="ticker,period,quarter")
        ^^^^^^^^^^^^^^^^^^^^^^^^^^^^^^^^^^^^^^^^^^^^^^^^^^^^^^^^^^^^^^^^^^^
  File "C:\Users\takuy\OneDrive\tdnet-excel-input\tools\sync_financials.py", line 139, in upsert_batch
    self._request(
  File "C:\Users\takuy\OneDrive\tdnet-excel-input\tools\sync_financials.py", line 96, in _request
    r.raise_for_status()
  File "C:\Users\takuy\OneDrive\tdnet-excel-input\.venv\Lib\site-packages\requests\models.py", line 1026, in raise_for_status
    raise HTTPError(http_error_msg, response=self)
requests.exceptions.HTTPError: 401 Client Error: Unauthorized for url: https://fvkvfekzoebcolssnteo.supabase.co/rest/v1/financials?on_conflict=ticker%2Cperiod%2Cquarter

During handling of the above exception, another exception occurred:

Traceback (most recent call last):
  File "C:\Users\takuy\AppData\Roaming\uv\python\cpython-3.11-windows-x86_64-none\Lib\logging\__init__.py", line 1113, in emit
    stream.write(msg + self.terminator)
UnicodeEncodeError: 'cp932' codec can't encode character '\u2014' in position 71: illegal multibyte sequence
Call stack:
  File "C:\Users\takuy\OneDrive\tdnet-excel-input\tools\sync_financials.py", line 538, in <module>
    main()
  File "C:\Users\takuy\OneDrive\tdnet-excel-input\tools\sync_financials.py", line 512, in main
    stats = sync(
  File "C:\Users\takuy\OneDrive\tdnet-excel-input\tools\sync_financials.py", line 360, in sync
    logger.error(
Message: "  batch 25/145: FAILED \u2014 401 Client Error: Unauthorized for url: https://fvkvfekzoebcolssnteo.supabase.co/rest/v1/financials?on_conflict=ticker%2Cperiod%2Cquarter\n  (êÊì™çs: {'ticker': '31670', 'period': '2021-03-31', 'quarter': 'FY', 'sales': 196726000000, 'gross_profit': 82870000000, 'operating_profit': 15226000000, 'source': 'jquants', 'updated_at': '2026-03-09T08:32:19.007329+09:00'})"
Arguments: ()
--- Logging error ---
Traceback (most recent call last):
  File "C:\Users\takuy\OneDrive\tdnet-excel-input\tools\sync_financials.py", line 96, in _request
    r.raise_for_status()
  File "C:\Users\takuy\OneDrive\tdnet-excel-input\.venv\Lib\site-packages\requests\models.py", line 1026, in raise_for_status
    raise HTTPError(http_error_msg, response=self)
requests.exceptions.HTTPError: 401 Client Error: Unauthorized for url: https://fvkvfekzoebcolssnteo.supabase.co/rest/v1/financials?on_conflict=ticker%2Cperiod%2Cquarter

During handling of the above exception, another exception occurred:

Traceback (most recent call last):
  File "C:\Users\takuy\AppData\Roaming\uv\python\cpython-3.11-windows-x86_64-none\Lib\logging\__init__.py", line 1113, in emit
    stream.write(msg + self.terminator)
UnicodeEncodeError: 'cp932' codec can't encode character '\u2014' in position 61: illegal multibyte sequence
Call stack:
  File "C:\Users\takuy\OneDrive\tdnet-excel-input\tools\sync_financials.py", line 538, in <module>
    main()
  File "C:\Users\takuy\OneDrive\tdnet-excel-input\tools\sync_financials.py", line 512, in main
    stats = sync(
  File "C:\Users\takuy\OneDrive\tdnet-excel-input\tools\sync_financials.py", line 348, in sync
    n = api.upsert_batch(table, chunk, on_conflict="ticker,period,quarter")
  File "C:\Users\takuy\OneDrive\tdnet-excel-input\tools\sync_financials.py", line 139, in upsert_batch
    self._request(
  File "C:\Users\takuy\OneDrive\tdnet-excel-input\tools\sync_financials.py", line 123, in _request
    logger.error(
Message: '[API] HTTP 0 \u2014 ÉäÉgÉâÉCïsâ¬\n  ÉåÉXÉ|ÉìÉX: {"code":"42501","details":null,"hint":null,"message":"new row violates row-level security policy for table \\"financials\\""}'
Arguments: ()
--- Logging error ---
Traceback (most recent call last):
  File "C:\Users\takuy\OneDrive\tdnet-excel-input\tools\sync_financials.py", line 348, in sync
    n = api.upsert_batch(table, chunk, on_conflict="ticker,period,quarter")
        ^^^^^^^^^^^^^^^^^^^^^^^^^^^^^^^^^^^^^^^^^^^^^^^^^^^^^^^^^^^^^^^^^^^
  File "C:\Users\takuy\OneDrive\tdnet-excel-input\tools\sync_financials.py", line 139, in upsert_batch
    self._request(
  File "C:\Users\takuy\OneDrive\tdnet-excel-input\tools\sync_financials.py", line 96, in _request
    r.raise_for_status()
  File "C:\Users\takuy\OneDrive\tdnet-excel-input\.venv\Lib\site-packages\requests\models.py", line 1026, in raise_for_status
    raise HTTPError(http_error_msg, response=self)
requests.exceptions.HTTPError: 401 Client Error: Unauthorized for url: https://fvkvfekzoebcolssnteo.supabase.co/rest/v1/financials?on_conflict=ticker%2Cperiod%2Cquarter

During handling of the above exception, another exception occurred:

Traceback (most recent call last):
  File "C:\Users\takuy\AppData\Roaming\uv\python\cpython-3.11-windows-x86_64-none\Lib\logging\__init__.py", line 1113, in emit
    stream.write(msg + self.terminator)
UnicodeEncodeError: 'cp932' codec can't encode character '\u2014' in position 71: illegal multibyte sequence
Call stack:
  File "C:\Users\takuy\OneDrive\tdnet-excel-input\tools\sync_financials.py", line 538, in <module>
    main()
  File "C:\Users\takuy\OneDrive\tdnet-excel-input\tools\sync_financials.py", line 512, in main
    stats = sync(
  File "C:\Users\takuy\OneDrive\tdnet-excel-input\tools\sync_financials.py", line 360, in sync
    logger.error(
Message: "  batch 26/145: FAILED \u2014 401 Client Error: Unauthorized for url: https://fvkvfekzoebcolssnteo.supabase.co/rest/v1/financials?on_conflict=ticker%2Cperiod%2Cquarter\n  (êÊì™çs: {'ticker': '31950', 'period': '2024-10-31', 'quarter': '1Q', 'sales': 4004000000, 'gross_profit': 1113845000, 'operating_profit': 45000000, 'source': 'jquants', 'updated_at': '2026-03-09T08:32:19.007329+09:00'})"
Arguments: ()
--- Logging error ---
Traceback (most recent call last):
  File "C:\Users\takuy\OneDrive\tdnet-excel-input\tools\sync_financials.py", line 96, in _request
    r.raise_for_status()
  File "C:\Users\takuy\OneDrive\tdnet-excel-input\.venv\Lib\site-packages\requests\models.py", line 1026, in raise_for_status
    raise HTTPError(http_error_msg, response=self)
requests.exceptions.HTTPError: 401 Client Error: Unauthorized for url: https://fvkvfekzoebcolssnteo.supabase.co/rest/v1/financials?on_conflict=ticker%2Cperiod%2Cquarter

During handling of the above exception, another exception occurred:

Traceback (most recent call last):
  File "C:\Users\takuy\AppData\Roaming\uv\python\cpython-3.11-windows-x86_64-none\Lib\logging\__init__.py", line 1113, in emit
    stream.write(msg + self.terminator)
UnicodeEncodeError: 'cp932' codec can't encode character '\u2014' in position 61: illegal multibyte sequence
Call stack:
  File "C:\Users\takuy\OneDrive\tdnet-excel-input\tools\sync_financials.py", line 538, in <module>
    main()
  File "C:\Users\takuy\OneDrive\tdnet-excel-input\tools\sync_financials.py", line 512, in main
    stats = sync(
  File "C:\Users\takuy\OneDrive\tdnet-excel-input\tools\sync_financials.py", line 348, in sync
    n = api.upsert_batch(table, chunk, on_conflict="ticker,period,quarter")
  File "C:\Users\takuy\OneDrive\tdnet-excel-input\tools\sync_financials.py", line 139, in upsert_batch
    self._request(
  File "C:\Users\takuy\OneDrive\tdnet-excel-input\tools\sync_financials.py", line 123, in _request
    logger.error(
Message: '[API] HTTP 0 \u2014 ÉäÉgÉâÉCïsâ¬\n  ÉåÉXÉ|ÉìÉX: {"code":"42501","details":null,"hint":null,"message":"new row violates row-level security policy for table \\"financials\\""}'
Arguments: ()
--- Logging error ---
Traceback (most recent call last):
  File "C:\Users\takuy\OneDrive\tdnet-excel-input\tools\sync_financials.py", line 348, in sync
    n = api.upsert_batch(table, chunk, on_conflict="ticker,period,quarter")
        ^^^^^^^^^^^^^^^^^^^^^^^^^^^^^^^^^^^^^^^^^^^^^^^^^^^^^^^^^^^^^^^^^^^
  File "C:\Users\takuy\OneDrive\tdnet-excel-input\tools\sync_financials.py", line 139, in upsert_batch
    self._request(
  File "C:\Users\takuy\OneDrive\tdnet-excel-input\tools\sync_financials.py", line 96, in _request
    r.raise_for_status()
  File "C:\Users\takuy\OneDrive\tdnet-excel-input\.venv\Lib\site-packages\requests\models.py", line 1026, in raise_for_status
    raise HTTPError(http_error_msg, response=self)
requests.exceptions.HTTPError: 401 Client Error: Unauthorized for url: https://fvkvfekzoebcolssnteo.supabase.co/rest/v1/financials?on_conflict=ticker%2Cperiod%2Cquarter

During handling of the above exception, another exception occurred:

Traceback (most recent call last):
  File "C:\Users\takuy\AppData\Roaming\uv\python\cpython-3.11-windows-x86_64-none\Lib\logging\__init__.py", line 1113, in emit
    stream.write(msg + self.terminator)
UnicodeEncodeError: 'cp932' codec can't encode character '\u2014' in position 71: illegal multibyte sequence
Call stack:
  File "C:\Users\takuy\OneDrive\tdnet-excel-input\tools\sync_financials.py", line 538, in <module>
    main()
  File "C:\Users\takuy\OneDrive\tdnet-excel-input\tools\sync_financials.py", line 512, in main
    stats = sync(
  File "C:\Users\takuy\OneDrive\tdnet-excel-input\tools\sync_financials.py", line 360, in sync
    logger.error(
Message: "  batch 27/145: FAILED \u2014 401 Client Error: Unauthorized for url: https://fvkvfekzoebcolssnteo.supabase.co/rest/v1/financials?on_conflict=ticker%2Cperiod%2Cquarter\n  (êÊì™çs: {'ticker': '32520', 'period': '2021-12-31', 'quarter': 'FY', 'sales': 56177000000, 'gross_profit': 9263000000, 'operating_profit': 5475000000, 'source': 'jquants', 'updated_at': '2026-03-09T08:32:19.007329+09:00'})"
Arguments: ()
--- Logging error ---
Traceback (most recent call last):
  File "C:\Users\takuy\OneDrive\tdnet-excel-input\tools\sync_financials.py", line 96, in _request
    r.raise_for_status()
  File "C:\Users\takuy\OneDrive\tdnet-excel-input\.venv\Lib\site-packages\requests\models.py", line 1026, in raise_for_status
    raise HTTPError(http_error_msg, response=self)
requests.exceptions.HTTPError: 401 Client Error: Unauthorized for url: https://fvkvfekzoebcolssnteo.supabase.co/rest/v1/financials?on_conflict=ticker%2Cperiod%2Cquarter

During handling of the above exception, another exception occurred:

Traceback (most recent call last):
  File "C:\Users\takuy\AppData\Roaming\uv\python\cpython-3.11-windows-x86_64-none\Lib\logging\__init__.py", line 1113, in emit
    stream.write(msg + self.terminator)
UnicodeEncodeError: 'cp932' codec can't encode character '\u2014' in position 61: illegal multibyte sequence
Call stack:
  File "C:\Users\takuy\OneDrive\tdnet-excel-input\tools\sync_financials.py", line 538, in <module>
    main()
  File "C:\Users\takuy\OneDrive\tdnet-excel-input\tools\sync_financials.py", line 512, in main
    stats = sync(
  File "C:\Users\takuy\OneDrive\tdnet-excel-input\tools\sync_financials.py", line 348, in sync
    n = api.upsert_batch(table, chunk, on_conflict="ticker,period,quarter")
  File "C:\Users\takuy\OneDrive\tdnet-excel-input\tools\sync_financials.py", line 139, in upsert_batch
    self._request(
  File "C:\Users\takuy\OneDrive\tdnet-excel-input\tools\sync_financials.py", line 123, in _request
    logger.error(
Message: '[API] HTTP 0 \u2014 ÉäÉgÉâÉCïsâ¬\n  ÉåÉXÉ|ÉìÉX: {"code":"42501","details":null,"hint":null,"message":"new row violates row-level security policy for table \\"financials\\""}'
Arguments: ()
--- Logging error ---
Traceback (most recent call last):
  File "C:\Users\takuy\OneDrive\tdnet-excel-input\tools\sync_financials.py", line 348, in sync
    n = api.upsert_batch(table, chunk, on_conflict="ticker,period,quarter")
        ^^^^^^^^^^^^^^^^^^^^^^^^^^^^^^^^^^^^^^^^^^^^^^^^^^^^^^^^^^^^^^^^^^^
  File "C:\Users\takuy\OneDrive\tdnet-excel-input\tools\sync_financials.py", line 139, in upsert_batch
    self._request(
  File "C:\Users\takuy\OneDrive\tdnet-excel-input\tools\sync_financials.py", line 96, in _request
    r.raise_for_status()
  File "C:\Users\takuy\OneDrive\tdnet-excel-input\.venv\Lib\site-packages\requests\models.py", line 1026, in raise_for_status
    raise HTTPError(http_error_msg, response=self)
requests.exceptions.HTTPError: 401 Client Error: Unauthorized for url: https://fvkvfekzoebcolssnteo.supabase.co/rest/v1/financials?on_conflict=ticker%2Cperiod%2Cquarter

During handling of the above exception, another exception occurred:

Traceback (most recent call last):
  File "C:\Users\takuy\AppData\Roaming\uv\python\cpython-3.11-windows-x86_64-none\Lib\logging\__init__.py", line 1113, in emit
    stream.write(msg + self.terminator)
UnicodeEncodeError: 'cp932' codec can't encode character '\u2014' in position 71: illegal multibyte sequence
Call stack:
  File "C:\Users\takuy\OneDrive\tdnet-excel-input\tools\sync_financials.py", line 538, in <module>
    main()
  File "C:\Users\takuy\OneDrive\tdnet-excel-input\tools\sync_financials.py", line 512, in main
    stats = sync(
  File "C:\Users\takuy\OneDrive\tdnet-excel-input\tools\sync_financials.py", line 360, in sync
    logger.error(
Message: "  batch 28/145: FAILED \u2014 401 Client Error: Unauthorized for url: https://fvkvfekzoebcolssnteo.supabase.co/rest/v1/financials?on_conflict=ticker%2Cperiod%2Cquarter\n  (êÊì™çs: {'ticker': '33060', 'period': '2025-03-31', 'quarter': '3Q', 'sales': 3407000000, 'gross_profit': 836113000, 'operating_profit': 245000000, 'source': 'jquants', 'updated_at': '2026-03-09T08:32:19.007329+09:00'})"
Arguments: ()
--- Logging error ---
Traceback (most recent call last):
  File "C:\Users\takuy\OneDrive\tdnet-excel-input\tools\sync_financials.py", line 96, in _request
    r.raise_for_status()
  File "C:\Users\takuy\OneDrive\tdnet-excel-input\.venv\Lib\site-packages\requests\models.py", line 1026, in raise_for_status
    raise HTTPError(http_error_msg, response=self)
requests.exceptions.HTTPError: 401 Client Error: Unauthorized for url: https://fvkvfekzoebcolssnteo.supabase.co/rest/v1/financials?on_conflict=ticker%2Cperiod%2Cquarter

During handling of the above exception, another exception occurred:

Traceback (most recent call last):
  File "C:\Users\takuy\AppData\Roaming\uv\python\cpython-3.11-windows-x86_64-none\Lib\logging\__init__.py", line 1113, in emit
    stream.write(msg + self.terminator)
UnicodeEncodeError: 'cp932' codec can't encode character '\u2014' in position 61: illegal multibyte sequence
Call stack:
  File "C:\Users\takuy\OneDrive\tdnet-excel-input\tools\sync_financials.py", line 538, in <module>
    main()
  File "C:\Users\takuy\OneDrive\tdnet-excel-input\tools\sync_financials.py", line 512, in main
    stats = sync(
  File "C:\Users\takuy\OneDrive\tdnet-excel-input\tools\sync_financials.py", line 348, in sync
    n = api.upsert_batch(table, chunk, on_conflict="ticker,period,quarter")
  File "C:\Users\takuy\OneDrive\tdnet-excel-input\tools\sync_financials.py", line 139, in upsert_batch
    self._request(
  File "C:\Users\takuy\OneDrive\tdnet-excel-input\tools\sync_financials.py", line 123, in _request
    logger.error(
Message: '[API] HTTP 0 \u2014 ÉäÉgÉâÉCïsâ¬\n  ÉåÉXÉ|ÉìÉX: {"code":"42501","details":null,"hint":null,"message":"new row violates row-level security policy for table \\"financials\\""}'
Arguments: ()
--- Logging error ---
Traceback (most recent call last):
  File "C:\Users\takuy\OneDrive\tdnet-excel-input\tools\sync_financials.py", line 348, in sync
    n = api.upsert_batch(table, chunk, on_conflict="ticker,period,quarter")
        ^^^^^^^^^^^^^^^^^^^^^^^^^^^^^^^^^^^^^^^^^^^^^^^^^^^^^^^^^^^^^^^^^^^
  File "C:\Users\takuy\OneDrive\tdnet-excel-input\tools\sync_financials.py", line 139, in upsert_batch
    self._request(
  File "C:\Users\takuy\OneDrive\tdnet-excel-input\tools\sync_financials.py", line 96, in _request
    r.raise_for_status()
  File "C:\Users\takuy\OneDrive\tdnet-excel-input\.venv\Lib\site-packages\requests\models.py", line 1026, in raise_for_status
    raise HTTPError(http_error_msg, response=self)
requests.exceptions.HTTPError: 401 Client Error: Unauthorized for url: https://fvkvfekzoebcolssnteo.supabase.co/rest/v1/financials?on_conflict=ticker%2Cperiod%2Cquarter

During handling of the above exception, another exception occurred:

Traceback (most recent call last):
  File "C:\Users\takuy\AppData\Roaming\uv\python\cpython-3.11-windows-x86_64-none\Lib\logging\__init__.py", line 1113, in emit
    stream.write(msg + self.terminator)
UnicodeEncodeError: 'cp932' codec can't encode character '\u2014' in position 71: illegal multibyte sequence
Call stack:
  File "C:\Users\takuy\OneDrive\tdnet-excel-input\tools\sync_financials.py", line 538, in <module>
    main()
  File "C:\Users\takuy\OneDrive\tdnet-excel-input\tools\sync_financials.py", line 512, in main
    stats = sync(
  File "C:\Users\takuy\OneDrive\tdnet-excel-input\tools\sync_financials.py", line 360, in sync
    logger.error(
Message: "  batch 29/145: FAILED \u2014 401 Client Error: Unauthorized for url: https://fvkvfekzoebcolssnteo.supabase.co/rest/v1/financials?on_conflict=ticker%2Cperiod%2Cquarter\n  (êÊì™çs: {'ticker': '33770', 'period': '2024-11-30', 'quarter': 'FY', 'sales': 33965000000, 'gross_profit': 12624371000, 'operating_profit': 286000000, 'source': 'jquants', 'updated_at': '2026-03-09T08:32:19.007329+09:00'})"
Arguments: ()
--- Logging error ---
Traceback (most recent call last):
  File "C:\Users\takuy\OneDrive\tdnet-excel-input\tools\sync_financials.py", line 96, in _request
    r.raise_for_status()
  File "C:\Users\takuy\OneDrive\tdnet-excel-input\.venv\Lib\site-packages\requests\models.py", line 1026, in raise_for_status
    raise HTTPError(http_error_msg, response=self)
requests.exceptions.HTTPError: 401 Client Error: Unauthorized for url: https://fvkvfekzoebcolssnteo.supabase.co/rest/v1/financials?on_conflict=ticker%2Cperiod%2Cquarter

During handling of the above exception, another exception occurred:

Traceback (most recent call last):
  File "C:\Users\takuy\AppData\Roaming\uv\python\cpython-3.11-windows-x86_64-none\Lib\logging\__init__.py", line 1113, in emit
    stream.write(msg + self.terminator)
UnicodeEncodeError: 'cp932' codec can't encode character '\u2014' in position 61: illegal multibyte sequence
Call stack:
  File "C:\Users\takuy\OneDrive\tdnet-excel-input\tools\sync_financials.py", line 538, in <module>
    main()
  File "C:\Users\takuy\OneDrive\tdnet-excel-input\tools\sync_financials.py", line 512, in main
    stats = sync(
  File "C:\Users\takuy\OneDrive\tdnet-excel-input\tools\sync_financials.py", line 348, in sync
    n = api.upsert_batch(table, chunk, on_conflict="ticker,period,quarter")
  File "C:\Users\takuy\OneDrive\tdnet-excel-input\tools\sync_financials.py", line 139, in upsert_batch
    self._request(
  File "C:\Users\takuy\OneDrive\tdnet-excel-input\tools\sync_financials.py", line 123, in _request
    logger.error(
Message: '[API] HTTP 0 \u2014 ÉäÉgÉâÉCïsâ¬\n  ÉåÉXÉ|ÉìÉX: {"code":"42501","details":null,"hint":null,"message":"new row violates row-level security policy for table \\"financials\\""}'
Arguments: ()
--- Logging error ---
Traceback (most recent call last):
  File "C:\Users\takuy\OneDrive\tdnet-excel-input\tools\sync_financials.py", line 348, in sync
    n = api.upsert_batch(table, chunk, on_conflict="ticker,period,quarter")
        ^^^^^^^^^^^^^^^^^^^^^^^^^^^^^^^^^^^^^^^^^^^^^^^^^^^^^^^^^^^^^^^^^^^
  File "C:\Users\takuy\OneDrive\tdnet-excel-input\tools\sync_financials.py", line 139, in upsert_batch
    self._request(
  File "C:\Users\takuy\OneDrive\tdnet-excel-input\tools\sync_financials.py", line 96, in _request
    r.raise_for_status()
  File "C:\Users\takuy\OneDrive\tdnet-excel-input\.venv\Lib\site-packages\requests\models.py", line 1026, in raise_for_status
    raise HTTPError(http_error_msg, response=self)
requests.exceptions.HTTPError: 401 Client Error: Unauthorized for url: https://fvkvfekzoebcolssnteo.supabase.co/rest/v1/financials?on_conflict=ticker%2Cperiod%2Cquarter

During handling of the above exception, another exception occurred:

Traceback (most recent call last):
  File "C:\Users\takuy\AppData\Roaming\uv\python\cpython-3.11-windows-x86_64-none\Lib\logging\__init__.py", line 1113, in emit
    stream.write(msg + self.terminator)
UnicodeEncodeError: 'cp932' codec can't encode character '\u2014' in position 71: illegal multibyte sequence
Call stack:
  File "C:\Users\takuy\OneDrive\tdnet-excel-input\tools\sync_financials.py", line 538, in <module>
    main()
  File "C:\Users\takuy\OneDrive\tdnet-excel-input\tools\sync_financials.py", line 512, in main
    stats = sync(
  File "C:\Users\takuy\OneDrive\tdnet-excel-input\tools\sync_financials.py", line 360, in sync
    logger.error(
Message: "  batch 30/145: FAILED \u2014 401 Client Error: Unauthorized for url: https://fvkvfekzoebcolssnteo.supabase.co/rest/v1/financials?on_conflict=ticker%2Cperiod%2Cquarter\n  (êÊì™çs: {'ticker': '34230', 'period': '2025-03-31', 'quarter': 'FY', 'sales': 25887000000, 'gross_profit': 6916715000, 'operating_profit': 849000000, 'source': 'jquants', 'updated_at': '2026-03-09T08:32:19.007329+09:00'})"
Arguments: ()
--- Logging error ---
Traceback (most recent call last):
  File "C:\Users\takuy\OneDrive\tdnet-excel-input\tools\sync_financials.py", line 96, in _request
    r.raise_for_status()
  File "C:\Users\takuy\OneDrive\tdnet-excel-input\.venv\Lib\site-packages\requests\models.py", line 1026, in raise_for_status
    raise HTTPError(http_error_msg, response=self)
requests.exceptions.HTTPError: 401 Client Error: Unauthorized for url: https://fvkvfekzoebcolssnteo.supabase.co/rest/v1/financials?on_conflict=ticker%2Cperiod%2Cquarter

During handling of the above exception, another exception occurred:

Traceback (most recent call last):
  File "C:\Users\takuy\AppData\Roaming\uv\python\cpython-3.11-windows-x86_64-none\Lib\logging\__init__.py", line 1113, in emit
    stream.write(msg + self.terminator)
UnicodeEncodeError: 'cp932' codec can't encode character '\u2014' in position 61: illegal multibyte sequence
Call stack:
  File "C:\Users\takuy\OneDrive\tdnet-excel-input\tools\sync_financials.py", line 538, in <module>
    main()
  File "C:\Users\takuy\OneDrive\tdnet-excel-input\tools\sync_financials.py", line 512, in main
    stats = sync(
  File "C:\Users\takuy\OneDrive\tdnet-excel-input\tools\sync_financials.py", line 348, in sync
    n = api.upsert_batch(table, chunk, on_conflict="ticker,period,quarter")
  File "C:\Users\takuy\OneDrive\tdnet-excel-input\tools\sync_financials.py", line 139, in upsert_batch
    self._request(
  File "C:\Users\takuy\OneDrive\tdnet-excel-input\tools\sync_financials.py", line 123, in _request
    logger.error(
Message: '[API] HTTP 0 \u2014 ÉäÉgÉâÉCïsâ¬\n  ÉåÉXÉ|ÉìÉX: {"code":"42501","details":null,"hint":null,"message":"new row violates row-level security policy for table \\"financials\\""}'
Arguments: ()
--- Logging error ---
Traceback (most recent call last):
  File "C:\Users\takuy\OneDrive\tdnet-excel-input\tools\sync_financials.py", line 348, in sync
    n = api.upsert_batch(table, chunk, on_conflict="ticker,period,quarter")
        ^^^^^^^^^^^^^^^^^^^^^^^^^^^^^^^^^^^^^^^^^^^^^^^^^^^^^^^^^^^^^^^^^^^
  File "C:\Users\takuy\OneDrive\tdnet-excel-input\tools\sync_financials.py", line 139, in upsert_batch
    self._request(
  File "C:\Users\takuy\OneDrive\tdnet-excel-input\tools\sync_financials.py", line 96, in _request
    r.raise_for_status()
  File "C:\Users\takuy\OneDrive\tdnet-excel-input\.venv\Lib\site-packages\requests\models.py", line 1026, in raise_for_status
    raise HTTPError(http_error_msg, response=self)
requests.exceptions.HTTPError: 401 Client Error: Unauthorized for url: https://fvkvfekzoebcolssnteo.supabase.co/rest/v1/financials?on_conflict=ticker%2Cperiod%2Cquarter

During handling of the above exception, another exception occurred:

Traceback (most recent call last):
  File "C:\Users\takuy\AppData\Roaming\uv\python\cpython-3.11-windows-x86_64-none\Lib\logging\__init__.py", line 1113, in emit
    stream.write(msg + self.terminator)
UnicodeEncodeError: 'cp932' codec can't encode character '\u2014' in position 71: illegal multibyte sequence
Call stack:
  File "C:\Users\takuy\OneDrive\tdnet-excel-input\tools\sync_financials.py", line 538, in <module>
    main()
  File "C:\Users\takuy\OneDrive\tdnet-excel-input\tools\sync_financials.py", line 512, in main
    stats = sync(
  File "C:\Users\takuy\OneDrive\tdnet-excel-input\tools\sync_financials.py", line 360, in sync
    logger.error(
Message: "  batch 31/145: FAILED \u2014 401 Client Error: Unauthorized for url: https://fvkvfekzoebcolssnteo.supabase.co/rest/v1/financials?on_conflict=ticker%2Cperiod%2Cquarter\n  (êÊì™çs: {'ticker': '34670', 'period': '2024-03-31', 'quarter': '2Q', 'sales': 8480000000, 'gross_profit': 1158903000, 'operating_profit': 142000000, 'source': 'jquants', 'updated_at': '2026-03-09T08:32:19.007329+09:00'})"
Arguments: ()
--- Logging error ---
Traceback (most recent call last):
  File "C:\Users\takuy\OneDrive\tdnet-excel-input\tools\sync_financials.py", line 96, in _request
    r.raise_for_status()
  File "C:\Users\takuy\OneDrive\tdnet-excel-input\.venv\Lib\site-packages\requests\models.py", line 1026, in raise_for_status
    raise HTTPError(http_error_msg, response=self)
requests.exceptions.HTTPError: 401 Client Error: Unauthorized for url: https://fvkvfekzoebcolssnteo.supabase.co/rest/v1/financials?on_conflict=ticker%2Cperiod%2Cquarter

During handling of the above exception, another exception occurred:

Traceback (most recent call last):
  File "C:\Users\takuy\AppData\Roaming\uv\python\cpython-3.11-windows-x86_64-none\Lib\logging\__init__.py", line 1113, in emit
    stream.write(msg + self.terminator)
UnicodeEncodeError: 'cp932' codec can't encode character '\u2014' in position 61: illegal multibyte sequence
Call stack:
  File "C:\Users\takuy\OneDrive\tdnet-excel-input\tools\sync_financials.py", line 538, in <module>
    main()
  File "C:\Users\takuy\OneDrive\tdnet-excel-input\tools\sync_financials.py", line 512, in main
    stats = sync(
  File "C:\Users\takuy\OneDrive\tdnet-excel-input\tools\sync_financials.py", line 348, in sync
    n = api.upsert_batch(table, chunk, on_conflict="ticker,period,quarter")
  File "C:\Users\takuy\OneDrive\tdnet-excel-input\tools\sync_financials.py", line 139, in upsert_batch
    self._request(
  File "C:\Users\takuy\OneDrive\tdnet-excel-input\tools\sync_financials.py", line 123, in _request
    logger.error(
Message: '[API] HTTP 0 \u2014 ÉäÉgÉâÉCïsâ¬\n  ÉåÉXÉ|ÉìÉX: {"code":"42501","details":null,"hint":null,"message":"new row violates row-level security policy for table \\"financials\\""}'
Arguments: ()
--- Logging error ---
Traceback (most recent call last):
  File "C:\Users\takuy\OneDrive\tdnet-excel-input\tools\sync_financials.py", line 348, in sync
    n = api.upsert_batch(table, chunk, on_conflict="ticker,period,quarter")
        ^^^^^^^^^^^^^^^^^^^^^^^^^^^^^^^^^^^^^^^^^^^^^^^^^^^^^^^^^^^^^^^^^^^
  File "C:\Users\takuy\OneDrive\tdnet-excel-input\tools\sync_financials.py", line 139, in upsert_batch
    self._request(
  File "C:\Users\takuy\OneDrive\tdnet-excel-input\tools\sync_financials.py", line 96, in _request
    r.raise_for_status()
  File "C:\Users\takuy\OneDrive\tdnet-excel-input\.venv\Lib\site-packages\requests\models.py", line 1026, in raise_for_status
    raise HTTPError(http_error_msg, response=self)
requests.exceptions.HTTPError: 401 Client Error: Unauthorized for url: https://fvkvfekzoebcolssnteo.supabase.co/rest/v1/financials?on_conflict=ticker%2Cperiod%2Cquarter

During handling of the above exception, another exception occurred:

Traceback (most recent call last):
  File "C:\Users\takuy\AppData\Roaming\uv\python\cpython-3.11-windows-x86_64-none\Lib\logging\__init__.py", line 1113, in emit
    stream.write(msg + self.terminator)
UnicodeEncodeError: 'cp932' codec can't encode character '\u2014' in position 71: illegal multibyte sequence
Call stack:
  File "C:\Users\takuy\OneDrive\tdnet-excel-input\tools\sync_financials.py", line 538, in <module>
    main()
  File "C:\Users\takuy\OneDrive\tdnet-excel-input\tools\sync_financials.py", line 512, in main
    stats = sync(
  File "C:\Users\takuy\OneDrive\tdnet-excel-input\tools\sync_financials.py", line 360, in sync
    logger.error(
Message: "  batch 32/145: FAILED \u2014 401 Client Error: Unauthorized for url: https://fvkvfekzoebcolssnteo.supabase.co/rest/v1/financials?on_conflict=ticker%2Cperiod%2Cquarter\n  (êÊì™çs: {'ticker': '35210', 'period': '2024-03-31', 'quarter': 'FY', 'sales': 1892000000, 'gross_profit': 338056000, 'operating_profit': 188000000, 'source': 'jquants', 'updated_at': '2026-03-09T08:32:19.007329+09:00'})"
Arguments: ()
--- Logging error ---
Traceback (most recent call last):
  File "C:\Users\takuy\OneDrive\tdnet-excel-input\tools\sync_financials.py", line 96, in _request
    r.raise_for_status()
  File "C:\Users\takuy\OneDrive\tdnet-excel-input\.venv\Lib\site-packages\requests\models.py", line 1026, in raise_for_status
    raise HTTPError(http_error_msg, response=self)
requests.exceptions.HTTPError: 401 Client Error: Unauthorized for url: https://fvkvfekzoebcolssnteo.supabase.co/rest/v1/financials?on_conflict=ticker%2Cperiod%2Cquarter

During handling of the above exception, another exception occurred:

Traceback (most recent call last):
  File "C:\Users\takuy\AppData\Roaming\uv\python\cpython-3.11-windows-x86_64-none\Lib\logging\__init__.py", line 1113, in emit
    stream.write(msg + self.terminator)
UnicodeEncodeError: 'cp932' codec can't encode character '\u2014' in position 61: illegal multibyte sequence
Call stack:
  File "C:\Users\takuy\OneDrive\tdnet-excel-input\tools\sync_financials.py", line 538, in <module>
    main()
  File "C:\Users\takuy\OneDrive\tdnet-excel-input\tools\sync_financials.py", line 512, in main
    stats = sync(
  File "C:\Users\takuy\OneDrive\tdnet-excel-input\tools\sync_financials.py", line 348, in sync
    n = api.upsert_batch(table, chunk, on_conflict="ticker,period,quarter")
  File "C:\Users\takuy\OneDrive\tdnet-excel-input\tools\sync_financials.py", line 139, in upsert_batch
    self._request(
  File "C:\Users\takuy\OneDrive\tdnet-excel-input\tools\sync_financials.py", line 123, in _request
    logger.error(
Message: '[API] HTTP 0 \u2014 ÉäÉgÉâÉCïsâ¬\n  ÉåÉXÉ|ÉìÉX: {"code":"42501","details":null,"hint":null,"message":"new row violates row-level security policy for table \\"financials\\""}'
Arguments: ()
--- Logging error ---
Traceback (most recent call last):
  File "C:\Users\takuy\OneDrive\tdnet-excel-input\tools\sync_financials.py", line 348, in sync
    n = api.upsert_batch(table, chunk, on_conflict="ticker,period,quarter")
        ^^^^^^^^^^^^^^^^^^^^^^^^^^^^^^^^^^^^^^^^^^^^^^^^^^^^^^^^^^^^^^^^^^^
  File "C:\Users\takuy\OneDrive\tdnet-excel-input\tools\sync_financials.py", line 139, in upsert_batch
    self._request(
  File "C:\Users\takuy\OneDrive\tdnet-excel-input\tools\sync_financials.py", line 96, in _request
    r.raise_for_status()
  File "C:\Users\takuy\OneDrive\tdnet-excel-input\.venv\Lib\site-packages\requests\models.py", line 1026, in raise_for_status
    raise HTTPError(http_error_msg, response=self)
requests.exceptions.HTTPError: 401 Client Error: Unauthorized for url: https://fvkvfekzoebcolssnteo.supabase.co/rest/v1/financials?on_conflict=ticker%2Cperiod%2Cquarter

During handling of the above exception, another exception occurred:

Traceback (most recent call last):
  File "C:\Users\takuy\AppData\Roaming\uv\python\cpython-3.11-windows-x86_64-none\Lib\logging\__init__.py", line 1113, in emit
    stream.write(msg + self.terminator)
UnicodeEncodeError: 'cp932' codec can't encode character '\u2014' in position 71: illegal multibyte sequence
Call stack:
  File "C:\Users\takuy\OneDrive\tdnet-excel-input\tools\sync_financials.py", line 538, in <module>
    main()
  File "C:\Users\takuy\OneDrive\tdnet-excel-input\tools\sync_financials.py", line 512, in main
    stats = sync(
  File "C:\Users\takuy\OneDrive\tdnet-excel-input\tools\sync_financials.py", line 360, in sync
    logger.error(
Message: "  batch 33/145: FAILED \u2014 401 Client Error: Unauthorized for url: https://fvkvfekzoebcolssnteo.supabase.co/rest/v1/financials?on_conflict=ticker%2Cperiod%2Cquarter\n  (êÊì™çs: {'ticker': '35630', 'period': '2022-09-30', 'quarter': '2Q', 'sales': 140257000000, 'gross_profit': 74742000000, 'operating_profit': 9572000000, 'source': 'jquants', 'updated_at': '2026-03-09T08:32:19.007329+09:00'})"
Arguments: ()
--- Logging error ---
Traceback (most recent call last):
  File "C:\Users\takuy\OneDrive\tdnet-excel-input\tools\sync_financials.py", line 96, in _request
    r.raise_for_status()
  File "C:\Users\takuy\OneDrive\tdnet-excel-input\.venv\Lib\site-packages\requests\models.py", line 1026, in raise_for_status
    raise HTTPError(http_error_msg, response=self)
requests.exceptions.HTTPError: 401 Client Error: Unauthorized for url: https://fvkvfekzoebcolssnteo.supabase.co/rest/v1/financials?on_conflict=ticker%2Cperiod%2Cquarter

During handling of the above exception, another exception occurred:

Traceback (most recent call last):
  File "C:\Users\takuy\AppData\Roaming\uv\python\cpython-3.11-windows-x86_64-none\Lib\logging\__init__.py", line 1113, in emit
    stream.write(msg + self.terminator)
UnicodeEncodeError: 'cp932' codec can't encode character '\u2014' in position 61: illegal multibyte sequence
Call stack:
  File "C:\Users\takuy\OneDrive\tdnet-excel-input\tools\sync_financials.py", line 538, in <module>
    main()
  File "C:\Users\takuy\OneDrive\tdnet-excel-input\tools\sync_financials.py", line 512, in main
    stats = sync(
  File "C:\Users\takuy\OneDrive\tdnet-excel-input\tools\sync_financials.py", line 348, in sync
    n = api.upsert_batch(table, chunk, on_conflict="ticker,period,quarter")
  File "C:\Users\takuy\OneDrive\tdnet-excel-input\tools\sync_financials.py", line 139, in upsert_batch
    self._request(
  File "C:\Users\takuy\OneDrive\tdnet-excel-input\tools\sync_financials.py", line 123, in _request
    logger.error(
Message: '[API] HTTP 0 \u2014 ÉäÉgÉâÉCïsâ¬\n  ÉåÉXÉ|ÉìÉX: {"code":"42501","details":null,"hint":null,"message":"new row violates row-level security policy for table \\"financials\\""}'
Arguments: ()
--- Logging error ---
Traceback (most recent call last):
  File "C:\Users\takuy\OneDrive\tdnet-excel-input\tools\sync_financials.py", line 348, in sync
    n = api.upsert_batch(table, chunk, on_conflict="ticker,period,quarter")
        ^^^^^^^^^^^^^^^^^^^^^^^^^^^^^^^^^^^^^^^^^^^^^^^^^^^^^^^^^^^^^^^^^^^
  File "C:\Users\takuy\OneDrive\tdnet-excel-input\tools\sync_financials.py", line 139, in upsert_batch
    self._request(
  File "C:\Users\takuy\OneDrive\tdnet-excel-input\tools\sync_financials.py", line 96, in _request
    r.raise_for_status()
  File "C:\Users\takuy\OneDrive\tdnet-excel-input\.venv\Lib\site-packages\requests\models.py", line 1026, in raise_for_status
    raise HTTPError(http_error_msg, response=self)
requests.exceptions.HTTPError: 401 Client Error: Unauthorized for url: https://fvkvfekzoebcolssnteo.supabase.co/rest/v1/financials?on_conflict=ticker%2Cperiod%2Cquarter

During handling of the above exception, another exception occurred:

Traceback (most recent call last):
  File "C:\Users\takuy\AppData\Roaming\uv\python\cpython-3.11-windows-x86_64-none\Lib\logging\__init__.py", line 1113, in emit
    stream.write(msg + self.terminator)
UnicodeEncodeError: 'cp932' codec can't encode character '\u2014' in position 71: illegal multibyte sequence
Call stack:
  File "C:\Users\takuy\OneDrive\tdnet-excel-input\tools\sync_financials.py", line 538, in <module>
    main()
  File "C:\Users\takuy\OneDrive\tdnet-excel-input\tools\sync_financials.py", line 512, in main
    stats = sync(
  File "C:\Users\takuy\OneDrive\tdnet-excel-input\tools\sync_financials.py", line 360, in sync
    logger.error(
Message: "  batch 34/145: FAILED \u2014 401 Client Error: Unauthorized for url: https://fvkvfekzoebcolssnteo.supabase.co/rest/v1/financials?on_conflict=ticker%2Cperiod%2Cquarter\n  (êÊì™çs: {'ticker': '36320', 'period': '2026-06-30', 'quarter': '1Q', 'sales': 12765000000, 'gross_profit': 6306000000, 'operating_profit': 1068000000, 'source': 'jquants', 'updated_at': '2026-03-09T08:32:19.007329+09:00'})"
Arguments: ()
--- Logging error ---
Traceback (most recent call last):
  File "C:\Users\takuy\OneDrive\tdnet-excel-input\tools\sync_financials.py", line 96, in _request
    r.raise_for_status()
  File "C:\Users\takuy\OneDrive\tdnet-excel-input\.venv\Lib\site-packages\requests\models.py", line 1026, in raise_for_status
    raise HTTPError(http_error_msg, response=self)
requests.exceptions.HTTPError: 401 Client Error: Unauthorized for url: https://fvkvfekzoebcolssnteo.supabase.co/rest/v1/financials?on_conflict=ticker%2Cperiod%2Cquarter

During handling of the above exception, another exception occurred:

Traceback (most recent call last):
  File "C:\Users\takuy\AppData\Roaming\uv\python\cpython-3.11-windows-x86_64-none\Lib\logging\__init__.py", line 1113, in emit
    stream.write(msg + self.terminator)
UnicodeEncodeError: 'cp932' codec can't encode character '\u2014' in position 61: illegal multibyte sequence
Call stack:
  File "C:\Users\takuy\OneDrive\tdnet-excel-input\tools\sync_financials.py", line 538, in <module>
    main()
  File "C:\Users\takuy\OneDrive\tdnet-excel-input\tools\sync_financials.py", line 512, in main
    stats = sync(
  File "C:\Users\takuy\OneDrive\tdnet-excel-input\tools\sync_financials.py", line 348, in sync
    n = api.upsert_batch(table, chunk, on_conflict="ticker,period,quarter")
  File "C:\Users\takuy\OneDrive\tdnet-excel-input\tools\sync_financials.py", line 139, in upsert_batch
    self._request(
  File "C:\Users\takuy\OneDrive\tdnet-excel-input\tools\sync_financials.py", line 123, in _request
    logger.error(
Message: '[API] HTTP 0 \u2014 ÉäÉgÉâÉCïsâ¬\n  ÉåÉXÉ|ÉìÉX: {"code":"42501","details":null,"hint":null,"message":"new row violates row-level security policy for table \\"financials\\""}'
Arguments: ()
--- Logging error ---
Traceback (most recent call last):
  File "C:\Users\takuy\OneDrive\tdnet-excel-input\tools\sync_financials.py", line 348, in sync
    n = api.upsert_batch(table, chunk, on_conflict="ticker,period,quarter")
        ^^^^^^^^^^^^^^^^^^^^^^^^^^^^^^^^^^^^^^^^^^^^^^^^^^^^^^^^^^^^^^^^^^^
  File "C:\Users\takuy\OneDrive\tdnet-excel-input\tools\sync_financials.py", line 139, in upsert_batch
    self._request(
  File "C:\Users\takuy\OneDrive\tdnet-excel-input\tools\sync_financials.py", line 96, in _request
    r.raise_for_status()
  File "C:\Users\takuy\OneDrive\tdnet-excel-input\.venv\Lib\site-packages\requests\models.py", line 1026, in raise_for_status
    raise HTTPError(http_error_msg, response=self)
requests.exceptions.HTTPError: 401 Client Error: Unauthorized for url: https://fvkvfekzoebcolssnteo.supabase.co/rest/v1/financials?on_conflict=ticker%2Cperiod%2Cquarter

During handling of the above exception, another exception occurred:

Traceback (most recent call last):
  File "C:\Users\takuy\AppData\Roaming\uv\python\cpython-3.11-windows-x86_64-none\Lib\logging\__init__.py", line 1113, in emit
    stream.write(msg + self.terminator)
UnicodeEncodeError: 'cp932' codec can't encode character '\u2014' in position 71: illegal multibyte sequence
Call stack:
  File "C:\Users\takuy\OneDrive\tdnet-excel-input\tools\sync_financials.py", line 538, in <module>
    main()
  File "C:\Users\takuy\OneDrive\tdnet-excel-input\tools\sync_financials.py", line 512, in main
    stats = sync(
  File "C:\Users\takuy\OneDrive\tdnet-excel-input\tools\sync_financials.py", line 360, in sync
    logger.error(
Message: "  batch 35/145: FAILED \u2014 401 Client Error: Unauthorized for url: https://fvkvfekzoebcolssnteo.supabase.co/rest/v1/financials?on_conflict=ticker%2Cperiod%2Cquarter\n  (êÊì™çs: {'ticker': '36670', 'period': '2024-12-31', 'quarter': '1Q', 'sales': 819000000, 'gross_profit': -13230000, 'operating_profit': -182000000, 'source': 'jquants', 'updated_at': '2026-03-09T08:32:19.007329+09:00'})"
Arguments: ()
--- Logging error ---
Traceback (most recent call last):
  File "C:\Users\takuy\OneDrive\tdnet-excel-input\tools\sync_financials.py", line 96, in _request
    r.raise_for_status()
  File "C:\Users\takuy\OneDrive\tdnet-excel-input\.venv\Lib\site-packages\requests\models.py", line 1026, in raise_for_status
    raise HTTPError(http_error_msg, response=self)
requests.exceptions.HTTPError: 401 Client Error: Unauthorized for url: https://fvkvfekzoebcolssnteo.supabase.co/rest/v1/financials?on_conflict=ticker%2Cperiod%2Cquarter

During handling of the above exception, another exception occurred:

Traceback (most recent call last):
  File "C:\Users\takuy\AppData\Roaming\uv\python\cpython-3.11-windows-x86_64-none\Lib\logging\__init__.py", line 1113, in emit
    stream.write(msg + self.terminator)
UnicodeEncodeError: 'cp932' codec can't encode character '\u2014' in position 61: illegal multibyte sequence
Call stack:
  File "C:\Users\takuy\OneDrive\tdnet-excel-input\tools\sync_financials.py", line 538, in <module>
    main()
  File "C:\Users\takuy\OneDrive\tdnet-excel-input\tools\sync_financials.py", line 512, in main
    stats = sync(
  File "C:\Users\takuy\OneDrive\tdnet-excel-input\tools\sync_financials.py", line 348, in sync
    n = api.upsert_batch(table, chunk, on_conflict="ticker,period,quarter")
  File "C:\Users\takuy\OneDrive\tdnet-excel-input\tools\sync_financials.py", line 139, in upsert_batch
    self._request(
  File "C:\Users\takuy\OneDrive\tdnet-excel-input\tools\sync_financials.py", line 123, in _request
    logger.error(
Message: '[API] HTTP 0 \u2014 ÉäÉgÉâÉCïsâ¬\n  ÉåÉXÉ|ÉìÉX: {"code":"42501","details":null,"hint":null,"message":"new row violates row-level security policy for table \\"financials\\""}'
Arguments: ()
--- Logging error ---
Traceback (most recent call last):
  File "C:\Users\takuy\OneDrive\tdnet-excel-input\tools\sync_financials.py", line 348, in sync
    n = api.upsert_batch(table, chunk, on_conflict="ticker,period,quarter")
        ^^^^^^^^^^^^^^^^^^^^^^^^^^^^^^^^^^^^^^^^^^^^^^^^^^^^^^^^^^^^^^^^^^^
  File "C:\Users\takuy\OneDrive\tdnet-excel-input\tools\sync_financials.py", line 139, in upsert_batch
    self._request(
  File "C:\Users\takuy\OneDrive\tdnet-excel-input\tools\sync_financials.py", line 96, in _request
    r.raise_for_status()
  File "C:\Users\takuy\OneDrive\tdnet-excel-input\.venv\Lib\site-packages\requests\models.py", line 1026, in raise_for_status
    raise HTTPError(http_error_msg, response=self)
requests.exceptions.HTTPError: 401 Client Error: Unauthorized for url: https://fvkvfekzoebcolssnteo.supabase.co/rest/v1/financials?on_conflict=ticker%2Cperiod%2Cquarter

During handling of the above exception, another exception occurred:

Traceback (most recent call last):
  File "C:\Users\takuy\AppData\Roaming\uv\python\cpython-3.11-windows-x86_64-none\Lib\logging\__init__.py", line 1113, in emit
    stream.write(msg + self.terminator)
UnicodeEncodeError: 'cp932' codec can't encode character '\u2014' in position 71: illegal multibyte sequence
Call stack:
  File "C:\Users\takuy\OneDrive\tdnet-excel-input\tools\sync_financials.py", line 538, in <module>
    main()
  File "C:\Users\takuy\OneDrive\tdnet-excel-input\tools\sync_financials.py", line 512, in main
    stats = sync(
  File "C:\Users\takuy\OneDrive\tdnet-excel-input\tools\sync_financials.py", line 360, in sync
    logger.error(
Message: "  batch 36/145: FAILED \u2014 401 Client Error: Unauthorized for url: https://fvkvfekzoebcolssnteo.supabase.co/rest/v1/financials?on_conflict=ticker%2Cperiod%2Cquarter\n  (êÊì™çs: {'ticker': '369A0', 'period': '2025-08-31', 'quarter': 'FY', 'sales': 2929000000, 'gross_profit': 1994939000, 'operating_profit': 713000000, 'source': 'jquants', 'updated_at': '2026-03-09T08:32:19.007329+09:00'})"
Arguments: ()
--- Logging error ---
Traceback (most recent call last):
  File "C:\Users\takuy\OneDrive\tdnet-excel-input\tools\sync_financials.py", line 96, in _request
    r.raise_for_status()
  File "C:\Users\takuy\OneDrive\tdnet-excel-input\.venv\Lib\site-packages\requests\models.py", line 1026, in raise_for_status
    raise HTTPError(http_error_msg, response=self)
requests.exceptions.HTTPError: 401 Client Error: Unauthorized for url: https://fvkvfekzoebcolssnteo.supabase.co/rest/v1/financials?on_conflict=ticker%2Cperiod%2Cquarter

During handling of the above exception, another exception occurred:

Traceback (most recent call last):
  File "C:\Users\takuy\AppData\Roaming\uv\python\cpython-3.11-windows-x86_64-none\Lib\logging\__init__.py", line 1113, in emit
    stream.write(msg + self.terminator)
UnicodeEncodeError: 'cp932' codec can't encode character '\u2014' in position 61: illegal multibyte sequence
Call stack:
  File "C:\Users\takuy\OneDrive\tdnet-excel-input\tools\sync_financials.py", line 538, in <module>
    main()
  File "C:\Users\takuy\OneDrive\tdnet-excel-input\tools\sync_financials.py", line 512, in main
    stats = sync(
  File "C:\Users\takuy\OneDrive\tdnet-excel-input\tools\sync_financials.py", line 348, in sync
    n = api.upsert_batch(table, chunk, on_conflict="ticker,period,quarter")
  File "C:\Users\takuy\OneDrive\tdnet-excel-input\tools\sync_financials.py", line 139, in upsert_batch
    self._request(
  File "C:\Users\takuy\OneDrive\tdnet-excel-input\tools\sync_financials.py", line 123, in _request
    logger.error(
Message: '[API] HTTP 0 \u2014 ÉäÉgÉâÉCïsâ¬\n  ÉåÉXÉ|ÉìÉX: {"code":"42501","details":null,"hint":null,"message":"new row violates row-level security policy for table \\"financials\\""}'
Arguments: ()
--- Logging error ---
Traceback (most recent call last):
  File "C:\Users\takuy\OneDrive\tdnet-excel-input\tools\sync_financials.py", line 348, in sync
    n = api.upsert_batch(table, chunk, on_conflict="ticker,period,quarter")
        ^^^^^^^^^^^^^^^^^^^^^^^^^^^^^^^^^^^^^^^^^^^^^^^^^^^^^^^^^^^^^^^^^^^
  File "C:\Users\takuy\OneDrive\tdnet-excel-input\tools\sync_financials.py", line 139, in upsert_batch
    self._request(
  File "C:\Users\takuy\OneDrive\tdnet-excel-input\tools\sync_financials.py", line 96, in _request
    r.raise_for_status()
  File "C:\Users\takuy\OneDrive\tdnet-excel-input\.venv\Lib\site-packages\requests\models.py", line 1026, in raise_for_status
    raise HTTPError(http_error_msg, response=self)
requests.exceptions.HTTPError: 401 Client Error: Unauthorized for url: https://fvkvfekzoebcolssnteo.supabase.co/rest/v1/financials?on_conflict=ticker%2Cperiod%2Cquarter

During handling of the above exception, another exception occurred:

Traceback (most recent call last):
  File "C:\Users\takuy\AppData\Roaming\uv\python\cpython-3.11-windows-x86_64-none\Lib\logging\__init__.py", line 1113, in emit
    stream.write(msg + self.terminator)
UnicodeEncodeError: 'cp932' codec can't encode character '\u2014' in position 71: illegal multibyte sequence
Call stack:
  File "C:\Users\takuy\OneDrive\tdnet-excel-input\tools\sync_financials.py", line 538, in <module>
    main()
  File "C:\Users\takuy\OneDrive\tdnet-excel-input\tools\sync_financials.py", line 512, in main
    stats = sync(
  File "C:\Users\takuy\OneDrive\tdnet-excel-input\tools\sync_financials.py", line 360, in sync
    logger.error(
Message: "  batch 37/145: FAILED \u2014 401 Client Error: Unauthorized for url: https://fvkvfekzoebcolssnteo.supabase.co/rest/v1/financials?on_conflict=ticker%2Cperiod%2Cquarter\n  (êÊì™çs: {'ticker': '37740', 'period': '2023-03-31', 'quarter': '3Q', 'sales': 185339000000, 'gross_profit': 137127000000, 'operating_profit': 18790000000, 'source': 'jquants', 'updated_at': '2026-03-09T08:32:19.007329+09:00'})"
Arguments: ()
--- Logging error ---
Traceback (most recent call last):
  File "C:\Users\takuy\OneDrive\tdnet-excel-input\tools\sync_financials.py", line 96, in _request
    r.raise_for_status()
  File "C:\Users\takuy\OneDrive\tdnet-excel-input\.venv\Lib\site-packages\requests\models.py", line 1026, in raise_for_status
    raise HTTPError(http_error_msg, response=self)
requests.exceptions.HTTPError: 401 Client Error: Unauthorized for url: https://fvkvfekzoebcolssnteo.supabase.co/rest/v1/financials?on_conflict=ticker%2Cperiod%2Cquarter

During handling of the above exception, another exception occurred:

Traceback (most recent call last):
  File "C:\Users\takuy\AppData\Roaming\uv\python\cpython-3.11-windows-x86_64-none\Lib\logging\__init__.py", line 1113, in emit
    stream.write(msg + self.terminator)
UnicodeEncodeError: 'cp932' codec can't encode character '\u2014' in position 61: illegal multibyte sequence
Call stack:
  File "C:\Users\takuy\OneDrive\tdnet-excel-input\tools\sync_financials.py", line 538, in <module>
    main()
  File "C:\Users\takuy\OneDrive\tdnet-excel-input\tools\sync_financials.py", line 512, in main
    stats = sync(
  File "C:\Users\takuy\OneDrive\tdnet-excel-input\tools\sync_financials.py", line 348, in sync
    n = api.upsert_batch(table, chunk, on_conflict="ticker,period,quarter")
  File "C:\Users\takuy\OneDrive\tdnet-excel-input\tools\sync_financials.py", line 139, in upsert_batch
    self._request(
  File "C:\Users\takuy\OneDrive\tdnet-excel-input\tools\sync_financials.py", line 123, in _request
    logger.error(
Message: '[API] HTTP 0 \u2014 ÉäÉgÉâÉCïsâ¬\n  ÉåÉXÉ|ÉìÉX: {"code":"42501","details":null,"hint":null,"message":"new row violates row-level security policy for table \\"financials\\""}'
Arguments: ()
--- Logging error ---
Traceback (most recent call last):
  File "C:\Users\takuy\OneDrive\tdnet-excel-input\tools\sync_financials.py", line 348, in sync
    n = api.upsert_batch(table, chunk, on_conflict="ticker,period,quarter")
        ^^^^^^^^^^^^^^^^^^^^^^^^^^^^^^^^^^^^^^^^^^^^^^^^^^^^^^^^^^^^^^^^^^^
  File "C:\Users\takuy\OneDrive\tdnet-excel-input\tools\sync_financials.py", line 139, in upsert_batch
    self._request(
  File "C:\Users\takuy\OneDrive\tdnet-excel-input\tools\sync_financials.py", line 96, in _request
    r.raise_for_status()
  File "C:\Users\takuy\OneDrive\tdnet-excel-input\.venv\Lib\site-packages\requests\models.py", line 1026, in raise_for_status
    raise HTTPError(http_error_msg, response=self)
requests.exceptions.HTTPError: 401 Client Error: Unauthorized for url: https://fvkvfekzoebcolssnteo.supabase.co/rest/v1/financials?on_conflict=ticker%2Cperiod%2Cquarter

During handling of the above exception, another exception occurred:

Traceback (most recent call last):
  File "C:\Users\takuy\AppData\Roaming\uv\python\cpython-3.11-windows-x86_64-none\Lib\logging\__init__.py", line 1113, in emit
    stream.write(msg + self.terminator)
UnicodeEncodeError: 'cp932' codec can't encode character '\u2014' in position 71: illegal multibyte sequence
Call stack:
  File "C:\Users\takuy\OneDrive\tdnet-excel-input\tools\sync_financials.py", line 538, in <module>
    main()
  File "C:\Users\takuy\OneDrive\tdnet-excel-input\tools\sync_financials.py", line 512, in main
    stats = sync(
  File "C:\Users\takuy\OneDrive\tdnet-excel-input\tools\sync_financials.py", line 360, in sync
    logger.error(
Message: "  batch 38/145: FAILED \u2014 401 Client Error: Unauthorized for url: https://fvkvfekzoebcolssnteo.supabase.co/rest/v1/financials?on_conflict=ticker%2Cperiod%2Cquarter\n  (êÊì™çs: {'ticker': '38340', 'period': '2026-03-31', 'quarter': '3Q', 'sales': 10117000000, 'gross_profit': 3208000000, 'operating_profit': 1489000000, 'source': 'jquants', 'updated_at': '2026-03-09T08:32:19.007329+09:00'})"
Arguments: ()
--- Logging error ---
Traceback (most recent call last):
  File "C:\Users\takuy\OneDrive\tdnet-excel-input\tools\sync_financials.py", line 96, in _request
    r.raise_for_status()
  File "C:\Users\takuy\OneDrive\tdnet-excel-input\.venv\Lib\site-packages\requests\models.py", line 1026, in raise_for_status
    raise HTTPError(http_error_msg, response=self)
requests.exceptions.HTTPError: 401 Client Error: Unauthorized for url: https://fvkvfekzoebcolssnteo.supabase.co/rest/v1/financials?on_conflict=ticker%2Cperiod%2Cquarter

During handling of the above exception, another exception occurred:

Traceback (most recent call last):
  File "C:\Users\takuy\AppData\Roaming\uv\python\cpython-3.11-windows-x86_64-none\Lib\logging\__init__.py", line 1113, in emit
    stream.write(msg + self.terminator)
UnicodeEncodeError: 'cp932' codec can't encode character '\u2014' in position 61: illegal multibyte sequence
Call stack:
  File "C:\Users\takuy\OneDrive\tdnet-excel-input\tools\sync_financials.py", line 538, in <module>
    main()
  File "C:\Users\takuy\OneDrive\tdnet-excel-input\tools\sync_financials.py", line 512, in main
    stats = sync(
  File "C:\Users\takuy\OneDrive\tdnet-excel-input\tools\sync_financials.py", line 348, in sync
    n = api.upsert_batch(table, chunk, on_conflict="ticker,period,quarter")
  File "C:\Users\takuy\OneDrive\tdnet-excel-input\tools\sync_financials.py", line 139, in upsert_batch
    self._request(
  File "C:\Users\takuy\OneDrive\tdnet-excel-input\tools\sync_financials.py", line 123, in _request
    logger.error(
Message: '[API] HTTP 0 \u2014 ÉäÉgÉâÉCïsâ¬\n  ÉåÉXÉ|ÉìÉX: {"code":"42501","details":null,"hint":null,"message":"new row violates row-level security policy for table \\"financials\\""}'
Arguments: ()
--- Logging error ---
Traceback (most recent call last):
  File "C:\Users\takuy\OneDrive\tdnet-excel-input\tools\sync_financials.py", line 348, in sync
    n = api.upsert_batch(table, chunk, on_conflict="ticker,period,quarter")
        ^^^^^^^^^^^^^^^^^^^^^^^^^^^^^^^^^^^^^^^^^^^^^^^^^^^^^^^^^^^^^^^^^^^
  File "C:\Users\takuy\OneDrive\tdnet-excel-input\tools\sync_financials.py", line 139, in upsert_batch
    self._request(
  File "C:\Users\takuy\OneDrive\tdnet-excel-input\tools\sync_financials.py", line 96, in _request
    r.raise_for_status()
  File "C:\Users\takuy\OneDrive\tdnet-excel-input\.venv\Lib\site-packages\requests\models.py", line 1026, in raise_for_status
    raise HTTPError(http_error_msg, response=self)
requests.exceptions.HTTPError: 401 Client Error: Unauthorized for url: https://fvkvfekzoebcolssnteo.supabase.co/rest/v1/financials?on_conflict=ticker%2Cperiod%2Cquarter

During handling of the above exception, another exception occurred:

Traceback (most recent call last):
  File "C:\Users\takuy\AppData\Roaming\uv\python\cpython-3.11-windows-x86_64-none\Lib\logging\__init__.py", line 1113, in emit
    stream.write(msg + self.terminator)
UnicodeEncodeError: 'cp932' codec can't encode character '\u2014' in position 71: illegal multibyte sequence
Call stack:
  File "C:\Users\takuy\OneDrive\tdnet-excel-input\tools\sync_financials.py", line 538, in <module>
    main()
  File "C:\Users\takuy\OneDrive\tdnet-excel-input\tools\sync_financials.py", line 512, in main
    stats = sync(
  File "C:\Users\takuy\OneDrive\tdnet-excel-input\tools\sync_financials.py", line 360, in sync
    logger.error(
Message: "  batch 39/145: FAILED \u2014 401 Client Error: Unauthorized for url: https://fvkvfekzoebcolssnteo.supabase.co/rest/v1/financials?on_conflict=ticker%2Cperiod%2Cquarter\n  (êÊì™çs: {'ticker': '38910', 'period': '2023-03-31', 'quarter': 'FY', 'sales': 17586000000, 'gross_profit': 5531585000, 'operating_profit': 3327000000, 'source': 'jquants', 'updated_at': '2026-03-09T08:32:19.007329+09:00'})"
Arguments: ()
--- Logging error ---
Traceback (most recent call last):
  File "C:\Users\takuy\OneDrive\tdnet-excel-input\tools\sync_financials.py", line 96, in _request
    r.raise_for_status()
  File "C:\Users\takuy\OneDrive\tdnet-excel-input\.venv\Lib\site-packages\requests\models.py", line 1026, in raise_for_status
    raise HTTPError(http_error_msg, response=self)
requests.exceptions.HTTPError: 401 Client Error: Unauthorized for url: https://fvkvfekzoebcolssnteo.supabase.co/rest/v1/financials?on_conflict=ticker%2Cperiod%2Cquarter

During handling of the above exception, another exception occurred:

Traceback (most recent call last):
  File "C:\Users\takuy\AppData\Roaming\uv\python\cpython-3.11-windows-x86_64-none\Lib\logging\__init__.py", line 1113, in emit
    stream.write(msg + self.terminator)
UnicodeEncodeError: 'cp932' codec can't encode character '\u2014' in position 61: illegal multibyte sequence
Call stack:
  File "C:\Users\takuy\OneDrive\tdnet-excel-input\tools\sync_financials.py", line 538, in <module>
    main()
  File "C:\Users\takuy\OneDrive\tdnet-excel-input\tools\sync_financials.py", line 512, in main
    stats = sync(
  File "C:\Users\takuy\OneDrive\tdnet-excel-input\tools\sync_financials.py", line 348, in sync
    n = api.upsert_batch(table, chunk, on_conflict="ticker,period,quarter")
  File "C:\Users\takuy\OneDrive\tdnet-excel-input\tools\sync_financials.py", line 139, in upsert_batch
    self._request(
  File "C:\Users\takuy\OneDrive\tdnet-excel-input\tools\sync_financials.py", line 123, in _request
    logger.error(
Message: '[API] HTTP 0 \u2014 ÉäÉgÉâÉCïsâ¬\n  ÉåÉXÉ|ÉìÉX: {"code":"42501","details":null,"hint":null,"message":"new row violates row-level security policy for table \\"financials\\""}'
Arguments: ()
--- Logging error ---
Traceback (most recent call last):
  File "C:\Users\takuy\OneDrive\tdnet-excel-input\tools\sync_financials.py", line 348, in sync
    n = api.upsert_batch(table, chunk, on_conflict="ticker,period,quarter")
        ^^^^^^^^^^^^^^^^^^^^^^^^^^^^^^^^^^^^^^^^^^^^^^^^^^^^^^^^^^^^^^^^^^^
  File "C:\Users\takuy\OneDrive\tdnet-excel-input\tools\sync_financials.py", line 139, in upsert_batch
    self._request(
  File "C:\Users\takuy\OneDrive\tdnet-excel-input\tools\sync_financials.py", line 96, in _request
    r.raise_for_status()
  File "C:\Users\takuy\OneDrive\tdnet-excel-input\.venv\Lib\site-packages\requests\models.py", line 1026, in raise_for_status
    raise HTTPError(http_error_msg, response=self)
requests.exceptions.HTTPError: 401 Client Error: Unauthorized for url: https://fvkvfekzoebcolssnteo.supabase.co/rest/v1/financials?on_conflict=ticker%2Cperiod%2Cquarter

During handling of the above exception, another exception occurred:

Traceback (most recent call last):
  File "C:\Users\takuy\AppData\Roaming\uv\python\cpython-3.11-windows-x86_64-none\Lib\logging\__init__.py", line 1113, in emit
    stream.write(msg + self.terminator)
UnicodeEncodeError: 'cp932' codec can't encode character '\u2014' in position 71: illegal multibyte sequence
Call stack:
  File "C:\Users\takuy\OneDrive\tdnet-excel-input\tools\sync_financials.py", line 538, in <module>
    main()
  File "C:\Users\takuy\OneDrive\tdnet-excel-input\tools\sync_financials.py", line 512, in main
    stats = sync(
  File "C:\Users\takuy\OneDrive\tdnet-excel-input\tools\sync_financials.py", line 360, in sync
    logger.error(
Message: "  batch 40/145: FAILED \u2014 401 Client Error: Unauthorized for url: https://fvkvfekzoebcolssnteo.supabase.co/rest/v1/financials?on_conflict=ticker%2Cperiod%2Cquarter\n  (êÊì™çs: {'ticker': '39230', 'period': '2023-03-31', 'quarter': '2Q', 'sales': 12736000000, 'gross_profit': 8676000000, 'operating_profit': 677000000, 'source': 'jquants', 'updated_at': '2026-03-09T08:32:19.007329+09:00'})"
Arguments: ()
--- Logging error ---
Traceback (most recent call last):
  File "C:\Users\takuy\OneDrive\tdnet-excel-input\tools\sync_financials.py", line 96, in _request
    r.raise_for_status()
  File "C:\Users\takuy\OneDrive\tdnet-excel-input\.venv\Lib\site-packages\requests\models.py", line 1026, in raise_for_status
    raise HTTPError(http_error_msg, response=self)
requests.exceptions.HTTPError: 401 Client Error: Unauthorized for url: https://fvkvfekzoebcolssnteo.supabase.co/rest/v1/financials?on_conflict=ticker%2Cperiod%2Cquarter

During handling of the above exception, another exception occurred:

Traceback (most recent call last):
  File "C:\Users\takuy\AppData\Roaming\uv\python\cpython-3.11-windows-x86_64-none\Lib\logging\__init__.py", line 1113, in emit
    stream.write(msg + self.terminator)
UnicodeEncodeError: 'cp932' codec can't encode character '\u2014' in position 61: illegal multibyte sequence
Call stack:
  File "C:\Users\takuy\OneDrive\tdnet-excel-input\tools\sync_financials.py", line 538, in <module>
    main()
  File "C:\Users\takuy\OneDrive\tdnet-excel-input\tools\sync_financials.py", line 512, in main
    stats = sync(
  File "C:\Users\takuy\OneDrive\tdnet-excel-input\tools\sync_financials.py", line 348, in sync
    n = api.upsert_batch(table, chunk, on_conflict="ticker,period,quarter")
  File "C:\Users\takuy\OneDrive\tdnet-excel-input\tools\sync_financials.py", line 139, in upsert_batch
    self._request(
  File "C:\Users\takuy\OneDrive\tdnet-excel-input\tools\sync_financials.py", line 123, in _request
    logger.error(
Message: '[API] HTTP 0 \u2014 ÉäÉgÉâÉCïsâ¬\n  ÉåÉXÉ|ÉìÉX: {"code":"42501","details":null,"hint":null,"message":"new row violates row-level security policy for table \\"financials\\""}'
Arguments: ()
--- Logging error ---
Traceback (most recent call last):
  File "C:\Users\takuy\OneDrive\tdnet-excel-input\tools\sync_financials.py", line 348, in sync
    n = api.upsert_batch(table, chunk, on_conflict="ticker,period,quarter")
        ^^^^^^^^^^^^^^^^^^^^^^^^^^^^^^^^^^^^^^^^^^^^^^^^^^^^^^^^^^^^^^^^^^^
  File "C:\Users\takuy\OneDrive\tdnet-excel-input\tools\sync_financials.py", line 139, in upsert_batch
    self._request(
  File "C:\Users\takuy\OneDrive\tdnet-excel-input\tools\sync_financials.py", line 96, in _request
    r.raise_for_status()
  File "C:\Users\takuy\OneDrive\tdnet-excel-input\.venv\Lib\site-packages\requests\models.py", line 1026, in raise_for_status
    raise HTTPError(http_error_msg, response=self)
requests.exceptions.HTTPError: 401 Client Error: Unauthorized for url: https://fvkvfekzoebcolssnteo.supabase.co/rest/v1/financials?on_conflict=ticker%2Cperiod%2Cquarter

During handling of the above exception, another exception occurred:

Traceback (most recent call last):
  File "C:\Users\takuy\AppData\Roaming\uv\python\cpython-3.11-windows-x86_64-none\Lib\logging\__init__.py", line 1113, in emit
    stream.write(msg + self.terminator)
UnicodeEncodeError: 'cp932' codec can't encode character '\u2014' in position 71: illegal multibyte sequence
Call stack:
  File "C:\Users\takuy\OneDrive\tdnet-excel-input\tools\sync_financials.py", line 538, in <module>
    main()
  File "C:\Users\takuy\OneDrive\tdnet-excel-input\tools\sync_financials.py", line 512, in main
    stats = sync(
  File "C:\Users\takuy\OneDrive\tdnet-excel-input\tools\sync_financials.py", line 360, in sync
    logger.error(
Message: "  batch 41/145: FAILED \u2014 401 Client Error: Unauthorized for url: https://fvkvfekzoebcolssnteo.supabase.co/rest/v1/financials?on_conflict=ticker%2Cperiod%2Cquarter\n  (êÊì™çs: {'ticker': '39510', 'period': '2023-03-31', 'quarter': '2Q', 'sales': 19819000000, 'gross_profit': 4639703000, 'operating_profit': 1170000000, 'source': 'jquants', 'updated_at': '2026-03-09T08:32:19.007329+09:00'})"
Arguments: ()
--- Logging error ---
Traceback (most recent call last):
  File "C:\Users\takuy\OneDrive\tdnet-excel-input\tools\sync_financials.py", line 96, in _request
    r.raise_for_status()
  File "C:\Users\takuy\OneDrive\tdnet-excel-input\.venv\Lib\site-packages\requests\models.py", line 1026, in raise_for_status
    raise HTTPError(http_error_msg, response=self)
requests.exceptions.HTTPError: 401 Client Error: Unauthorized for url: https://fvkvfekzoebcolssnteo.supabase.co/rest/v1/financials?on_conflict=ticker%2Cperiod%2Cquarter

During handling of the above exception, another exception occurred:

Traceback (most recent call last):
  File "C:\Users\takuy\AppData\Roaming\uv\python\cpython-3.11-windows-x86_64-none\Lib\logging\__init__.py", line 1113, in emit
    stream.write(msg + self.terminator)
UnicodeEncodeError: 'cp932' codec can't encode character '\u2014' in position 61: illegal multibyte sequence
Call stack:
  File "C:\Users\takuy\OneDrive\tdnet-excel-input\tools\sync_financials.py", line 538, in <module>
    main()
  File "C:\Users\takuy\OneDrive\tdnet-excel-input\tools\sync_financials.py", line 512, in main
    stats = sync(
  File "C:\Users\takuy\OneDrive\tdnet-excel-input\tools\sync_financials.py", line 348, in sync
    n = api.upsert_batch(table, chunk, on_conflict="ticker,period,quarter")
  File "C:\Users\takuy\OneDrive\tdnet-excel-input\tools\sync_financials.py", line 139, in upsert_batch
    self._request(
  File "C:\Users\takuy\OneDrive\tdnet-excel-input\tools\sync_financials.py", line 123, in _request
    logger.error(
Message: '[API] HTTP 0 \u2014 ÉäÉgÉâÉCïsâ¬\n  ÉåÉXÉ|ÉìÉX: {"code":"42501","details":null,"hint":null,"message":"new row violates row-level security policy for table \\"financials\\""}'
Arguments: ()
--- Logging error ---
Traceback (most recent call last):
  File "C:\Users\takuy\OneDrive\tdnet-excel-input\tools\sync_financials.py", line 348, in sync
    n = api.upsert_batch(table, chunk, on_conflict="ticker,period,quarter")
        ^^^^^^^^^^^^^^^^^^^^^^^^^^^^^^^^^^^^^^^^^^^^^^^^^^^^^^^^^^^^^^^^^^^
  File "C:\Users\takuy\OneDrive\tdnet-excel-input\tools\sync_financials.py", line 139, in upsert_batch
    self._request(
  File "C:\Users\takuy\OneDrive\tdnet-excel-input\tools\sync_financials.py", line 96, in _request
    r.raise_for_status()
  File "C:\Users\takuy\OneDrive\tdnet-excel-input\.venv\Lib\site-packages\requests\models.py", line 1026, in raise_for_status
    raise HTTPError(http_error_msg, response=self)
requests.exceptions.HTTPError: 401 Client Error: Unauthorized for url: https://fvkvfekzoebcolssnteo.supabase.co/rest/v1/financials?on_conflict=ticker%2Cperiod%2Cquarter

During handling of the above exception, another exception occurred:

Traceback (most recent call last):
  File "C:\Users\takuy\AppData\Roaming\uv\python\cpython-3.11-windows-x86_64-none\Lib\logging\__init__.py", line 1113, in emit
    stream.write(msg + self.terminator)
UnicodeEncodeError: 'cp932' codec can't encode character '\u2014' in position 71: illegal multibyte sequence
Call stack:
  File "C:\Users\takuy\OneDrive\tdnet-excel-input\tools\sync_financials.py", line 538, in <module>
    main()
  File "C:\Users\takuy\OneDrive\tdnet-excel-input\tools\sync_financials.py", line 512, in main
    stats = sync(
  File "C:\Users\takuy\OneDrive\tdnet-excel-input\tools\sync_financials.py", line 360, in sync
    logger.error(
Message: "  batch 42/145: FAILED \u2014 401 Client Error: Unauthorized for url: https://fvkvfekzoebcolssnteo.supabase.co/rest/v1/financials?on_conflict=ticker%2Cperiod%2Cquarter\n  (êÊì™çs: {'ticker': '39910', 'period': '2024-08-31', 'quarter': '2Q', 'sales': 2327000000, 'gross_profit': None, 'operating_profit': 745000000, 'source': 'jquants', 'updated_at': '2026-03-09T08:32:19.007329+09:00'})"
Arguments: ()
--- Logging error ---
Traceback (most recent call last):
  File "C:\Users\takuy\OneDrive\tdnet-excel-input\tools\sync_financials.py", line 96, in _request
    r.raise_for_status()
  File "C:\Users\takuy\OneDrive\tdnet-excel-input\.venv\Lib\site-packages\requests\models.py", line 1026, in raise_for_status
    raise HTTPError(http_error_msg, response=self)
requests.exceptions.HTTPError: 401 Client Error: Unauthorized for url: https://fvkvfekzoebcolssnteo.supabase.co/rest/v1/financials?on_conflict=ticker%2Cperiod%2Cquarter

During handling of the above exception, another exception occurred:

Traceback (most recent call last):
  File "C:\Users\takuy\AppData\Roaming\uv\python\cpython-3.11-windows-x86_64-none\Lib\logging\__init__.py", line 1113, in emit
    stream.write(msg + self.terminator)
UnicodeEncodeError: 'cp932' codec can't encode character '\u2014' in position 61: illegal multibyte sequence
Call stack:
  File "C:\Users\takuy\OneDrive\tdnet-excel-input\tools\sync_financials.py", line 538, in <module>
    main()
  File "C:\Users\takuy\OneDrive\tdnet-excel-input\tools\sync_financials.py", line 512, in main
    stats = sync(
  File "C:\Users\takuy\OneDrive\tdnet-excel-input\tools\sync_financials.py", line 348, in sync
    n = api.upsert_batch(table, chunk, on_conflict="ticker,period,quarter")
  File "C:\Users\takuy\OneDrive\tdnet-excel-input\tools\sync_financials.py", line 139, in upsert_batch
    self._request(
  File "C:\Users\takuy\OneDrive\tdnet-excel-input\tools\sync_financials.py", line 123, in _request
    logger.error(
Message: '[API] HTTP 0 \u2014 ÉäÉgÉâÉCïsâ¬\n  ÉåÉXÉ|ÉìÉX: {"code":"42501","details":null,"hint":null,"message":"new row violates row-level security policy for table \\"financials\\""}'
Arguments: ()
--- Logging error ---
Traceback (most recent call last):
  File "C:\Users\takuy\OneDrive\tdnet-excel-input\tools\sync_financials.py", line 348, in sync
    n = api.upsert_batch(table, chunk, on_conflict="ticker,period,quarter")
        ^^^^^^^^^^^^^^^^^^^^^^^^^^^^^^^^^^^^^^^^^^^^^^^^^^^^^^^^^^^^^^^^^^^
  File "C:\Users\takuy\OneDrive\tdnet-excel-input\tools\sync_financials.py", line 139, in upsert_batch
    self._request(
  File "C:\Users\takuy\OneDrive\tdnet-excel-input\tools\sync_financials.py", line 96, in _request
    r.raise_for_status()
  File "C:\Users\takuy\OneDrive\tdnet-excel-input\.venv\Lib\site-packages\requests\models.py", line 1026, in raise_for_status
    raise HTTPError(http_error_msg, response=self)
requests.exceptions.HTTPError: 401 Client Error: Unauthorized for url: https://fvkvfekzoebcolssnteo.supabase.co/rest/v1/financials?on_conflict=ticker%2Cperiod%2Cquarter

During handling of the above exception, another exception occurred:

Traceback (most recent call last):
  File "C:\Users\takuy\AppData\Roaming\uv\python\cpython-3.11-windows-x86_64-none\Lib\logging\__init__.py", line 1113, in emit
    stream.write(msg + self.terminator)
UnicodeEncodeError: 'cp932' codec can't encode character '\u2014' in position 71: illegal multibyte sequence
Call stack:
  File "C:\Users\takuy\OneDrive\tdnet-excel-input\tools\sync_financials.py", line 538, in <module>
    main()
  File "C:\Users\takuy\OneDrive\tdnet-excel-input\tools\sync_financials.py", line 512, in main
    stats = sync(
  File "C:\Users\takuy\OneDrive\tdnet-excel-input\tools\sync_financials.py", line 360, in sync
    logger.error(
Message: "  batch 43/145: FAILED \u2014 401 Client Error: Unauthorized for url: https://fvkvfekzoebcolssnteo.supabase.co/rest/v1/financials?on_conflict=ticker%2Cperiod%2Cquarter\n  (êÊì™çs: {'ticker': '40280', 'period': '2023-03-31', 'quarter': '3Q', 'sales': 94174000000, 'gross_profit': 22307000000, 'operating_profit': 3811000000, 'source': 'jquants', 'updated_at': '2026-03-09T08:32:19.007329+09:00'})"
Arguments: ()
--- Logging error ---
Traceback (most recent call last):
  File "C:\Users\takuy\OneDrive\tdnet-excel-input\tools\sync_financials.py", line 96, in _request
    r.raise_for_status()
  File "C:\Users\takuy\OneDrive\tdnet-excel-input\.venv\Lib\site-packages\requests\models.py", line 1026, in raise_for_status
    raise HTTPError(http_error_msg, response=self)
requests.exceptions.HTTPError: 401 Client Error: Unauthorized for url: https://fvkvfekzoebcolssnteo.supabase.co/rest/v1/financials?on_conflict=ticker%2Cperiod%2Cquarter

During handling of the above exception, another exception occurred:

Traceback (most recent call last):
  File "C:\Users\takuy\AppData\Roaming\uv\python\cpython-3.11-windows-x86_64-none\Lib\logging\__init__.py", line 1113, in emit
    stream.write(msg + self.terminator)
UnicodeEncodeError: 'cp932' codec can't encode character '\u2014' in position 61: illegal multibyte sequence
Call stack:
  File "C:\Users\takuy\OneDrive\tdnet-excel-input\tools\sync_financials.py", line 538, in <module>
    main()
  File "C:\Users\takuy\OneDrive\tdnet-excel-input\tools\sync_financials.py", line 512, in main
    stats = sync(
  File "C:\Users\takuy\OneDrive\tdnet-excel-input\tools\sync_financials.py", line 348, in sync
    n = api.upsert_batch(table, chunk, on_conflict="ticker,period,quarter")
  File "C:\Users\takuy\OneDrive\tdnet-excel-input\tools\sync_financials.py", line 139, in upsert_batch
    self._request(
  File "C:\Users\takuy\OneDrive\tdnet-excel-input\tools\sync_financials.py", line 123, in _request
    logger.error(
Message: '[API] HTTP 0 \u2014 ÉäÉgÉâÉCïsâ¬\n  ÉåÉXÉ|ÉìÉX: {"code":"42501","details":null,"hint":null,"message":"new row violates row-level security policy for table \\"financials\\""}'
Arguments: ()
--- Logging error ---
Traceback (most recent call last):
  File "C:\Users\takuy\OneDrive\tdnet-excel-input\tools\sync_financials.py", line 348, in sync
    n = api.upsert_batch(table, chunk, on_conflict="ticker,period,quarter")
        ^^^^^^^^^^^^^^^^^^^^^^^^^^^^^^^^^^^^^^^^^^^^^^^^^^^^^^^^^^^^^^^^^^^
  File "C:\Users\takuy\OneDrive\tdnet-excel-input\tools\sync_financials.py", line 139, in upsert_batch
    self._request(
  File "C:\Users\takuy\OneDrive\tdnet-excel-input\tools\sync_financials.py", line 96, in _request
    r.raise_for_status()
  File "C:\Users\takuy\OneDrive\tdnet-excel-input\.venv\Lib\site-packages\requests\models.py", line 1026, in raise_for_status
    raise HTTPError(http_error_msg, response=self)
requests.exceptions.HTTPError: 401 Client Error: Unauthorized for url: https://fvkvfekzoebcolssnteo.supabase.co/rest/v1/financials?on_conflict=ticker%2Cperiod%2Cquarter

During handling of the above exception, another exception occurred:

Traceback (most recent call last):
  File "C:\Users\takuy\AppData\Roaming\uv\python\cpython-3.11-windows-x86_64-none\Lib\logging\__init__.py", line 1113, in emit
    stream.write(msg + self.terminator)
UnicodeEncodeError: 'cp932' codec can't encode character '\u2014' in position 71: illegal multibyte sequence
Call stack:
  File "C:\Users\takuy\OneDrive\tdnet-excel-input\tools\sync_financials.py", line 538, in <module>
    main()
  File "C:\Users\takuy\OneDrive\tdnet-excel-input\tools\sync_financials.py", line 512, in main
    stats = sync(
  File "C:\Users\takuy\OneDrive\tdnet-excel-input\tools\sync_financials.py", line 360, in sync
    logger.error(
Message: "  batch 44/145: FAILED \u2014 401 Client Error: Unauthorized for url: https://fvkvfekzoebcolssnteo.supabase.co/rest/v1/financials?on_conflict=ticker%2Cperiod%2Cquarter\n  (êÊì™çs: {'ticker': '40690', 'period': '2024-03-31', 'quarter': 'FY', 'sales': 2506000000, 'gross_profit': 1265547000, 'operating_profit': 253000000, 'source': 'jquants', 'updated_at': '2026-03-09T08:32:19.007329+09:00'})"
Arguments: ()
--- Logging error ---
Traceback (most recent call last):
  File "C:\Users\takuy\OneDrive\tdnet-excel-input\tools\sync_financials.py", line 96, in _request
    r.raise_for_status()
  File "C:\Users\takuy\OneDrive\tdnet-excel-input\.venv\Lib\site-packages\requests\models.py", line 1026, in raise_for_status
    raise HTTPError(http_error_msg, response=self)
requests.exceptions.HTTPError: 401 Client Error: Unauthorized for url: https://fvkvfekzoebcolssnteo.supabase.co/rest/v1/financials?on_conflict=ticker%2Cperiod%2Cquarter

During handling of the above exception, another exception occurred:

Traceback (most recent call last):
  File "C:\Users\takuy\AppData\Roaming\uv\python\cpython-3.11-windows-x86_64-none\Lib\logging\__init__.py", line 1113, in emit
    stream.write(msg + self.terminator)
UnicodeEncodeError: 'cp932' codec can't encode character '\u2014' in position 61: illegal multibyte sequence
Call stack:
  File "C:\Users\takuy\OneDrive\tdnet-excel-input\tools\sync_financials.py", line 538, in <module>
    main()
  File "C:\Users\takuy\OneDrive\tdnet-excel-input\tools\sync_financials.py", line 512, in main
    stats = sync(
  File "C:\Users\takuy\OneDrive\tdnet-excel-input\tools\sync_financials.py", line 348, in sync
    n = api.upsert_batch(table, chunk, on_conflict="ticker,period,quarter")
  File "C:\Users\takuy\OneDrive\tdnet-excel-input\tools\sync_financials.py", line 139, in upsert_batch
    self._request(
  File "C:\Users\takuy\OneDrive\tdnet-excel-input\tools\sync_financials.py", line 123, in _request
    logger.error(
Message: '[API] HTTP 0 \u2014 ÉäÉgÉâÉCïsâ¬\n  ÉåÉXÉ|ÉìÉX: {"code":"42501","details":null,"hint":null,"message":"new row violates row-level security policy for table \\"financials\\""}'
Arguments: ()
--- Logging error ---
Traceback (most recent call last):
  File "C:\Users\takuy\OneDrive\tdnet-excel-input\tools\sync_financials.py", line 348, in sync
    n = api.upsert_batch(table, chunk, on_conflict="ticker,period,quarter")
        ^^^^^^^^^^^^^^^^^^^^^^^^^^^^^^^^^^^^^^^^^^^^^^^^^^^^^^^^^^^^^^^^^^^
  File "C:\Users\takuy\OneDrive\tdnet-excel-input\tools\sync_financials.py", line 139, in upsert_batch
    self._request(
  File "C:\Users\takuy\OneDrive\tdnet-excel-input\tools\sync_financials.py", line 96, in _request
    r.raise_for_status()
  File "C:\Users\takuy\OneDrive\tdnet-excel-input\.venv\Lib\site-packages\requests\models.py", line 1026, in raise_for_status
    raise HTTPError(http_error_msg, response=self)
requests.exceptions.HTTPError: 401 Client Error: Unauthorized for url: https://fvkvfekzoebcolssnteo.supabase.co/rest/v1/financials?on_conflict=ticker%2Cperiod%2Cquarter

During handling of the above exception, another exception occurred:

Traceback (most recent call last):
  File "C:\Users\takuy\AppData\Roaming\uv\python\cpython-3.11-windows-x86_64-none\Lib\logging\__init__.py", line 1113, in emit
    stream.write(msg + self.terminator)
UnicodeEncodeError: 'cp932' codec can't encode character '\u2014' in position 71: illegal multibyte sequence
Call stack:
  File "C:\Users\takuy\OneDrive\tdnet-excel-input\tools\sync_financials.py", line 538, in <module>
    main()
  File "C:\Users\takuy\OneDrive\tdnet-excel-input\tools\sync_financials.py", line 512, in main
    stats = sync(
  File "C:\Users\takuy\OneDrive\tdnet-excel-input\tools\sync_financials.py", line 360, in sync
    logger.error(
Message: "  batch 45/145: FAILED \u2014 401 Client Error: Unauthorized for url: https://fvkvfekzoebcolssnteo.supabase.co/rest/v1/financials?on_conflict=ticker%2Cperiod%2Cquarter\n  (êÊì™çs: {'ticker': '41160', 'period': '2025-03-31', 'quarter': 'FY', 'sales': 124760000000, 'gross_profit': 25221000000, 'operating_profit': 7004000000, 'source': 'jquants', 'updated_at': '2026-03-09T08:32:19.007329+09:00'})"
Arguments: ()
--- Logging error ---
Traceback (most recent call last):
  File "C:\Users\takuy\OneDrive\tdnet-excel-input\tools\sync_financials.py", line 96, in _request
    r.raise_for_status()
  File "C:\Users\takuy\OneDrive\tdnet-excel-input\.venv\Lib\site-packages\requests\models.py", line 1026, in raise_for_status
    raise HTTPError(http_error_msg, response=self)
requests.exceptions.HTTPError: 401 Client Error: Unauthorized for url: https://fvkvfekzoebcolssnteo.supabase.co/rest/v1/financials?on_conflict=ticker%2Cperiod%2Cquarter

During handling of the above exception, another exception occurred:

Traceback (most recent call last):
  File "C:\Users\takuy\AppData\Roaming\uv\python\cpython-3.11-windows-x86_64-none\Lib\logging\__init__.py", line 1113, in emit
    stream.write(msg + self.terminator)
UnicodeEncodeError: 'cp932' codec can't encode character '\u2014' in position 61: illegal multibyte sequence
Call stack:
  File "C:\Users\takuy\OneDrive\tdnet-excel-input\tools\sync_financials.py", line 538, in <module>
    main()
  File "C:\Users\takuy\OneDrive\tdnet-excel-input\tools\sync_financials.py", line 512, in main
    stats = sync(
  File "C:\Users\takuy\OneDrive\tdnet-excel-input\tools\sync_financials.py", line 348, in sync
    n = api.upsert_batch(table, chunk, on_conflict="ticker,period,quarter")
  File "C:\Users\takuy\OneDrive\tdnet-excel-input\tools\sync_financials.py", line 139, in upsert_batch
    self._request(
  File "C:\Users\takuy\OneDrive\tdnet-excel-input\tools\sync_financials.py", line 123, in _request
    logger.error(
Message: '[API] HTTP 0 \u2014 ÉäÉgÉâÉCïsâ¬\n  ÉåÉXÉ|ÉìÉX: {"code":"42501","details":null,"hint":null,"message":"new row violates row-level security policy for table \\"financials\\""}'
Arguments: ()
--- Logging error ---
Traceback (most recent call last):
  File "C:\Users\takuy\OneDrive\tdnet-excel-input\tools\sync_financials.py", line 348, in sync
    n = api.upsert_batch(table, chunk, on_conflict="ticker,period,quarter")
        ^^^^^^^^^^^^^^^^^^^^^^^^^^^^^^^^^^^^^^^^^^^^^^^^^^^^^^^^^^^^^^^^^^^
  File "C:\Users\takuy\OneDrive\tdnet-excel-input\tools\sync_financials.py", line 139, in upsert_batch
    self._request(
  File "C:\Users\takuy\OneDrive\tdnet-excel-input\tools\sync_financials.py", line 96, in _request
    r.raise_for_status()
  File "C:\Users\takuy\OneDrive\tdnet-excel-input\.venv\Lib\site-packages\requests\models.py", line 1026, in raise_for_status
    raise HTTPError(http_error_msg, response=self)
requests.exceptions.HTTPError: 401 Client Error: Unauthorized for url: https://fvkvfekzoebcolssnteo.supabase.co/rest/v1/financials?on_conflict=ticker%2Cperiod%2Cquarter

During handling of the above exception, another exception occurred:

Traceback (most recent call last):
  File "C:\Users\takuy\AppData\Roaming\uv\python\cpython-3.11-windows-x86_64-none\Lib\logging\__init__.py", line 1113, in emit
    stream.write(msg + self.terminator)
UnicodeEncodeError: 'cp932' codec can't encode character '\u2014' in position 71: illegal multibyte sequence
Call stack:
  File "C:\Users\takuy\OneDrive\tdnet-excel-input\tools\sync_financials.py", line 538, in <module>
    main()
  File "C:\Users\takuy\OneDrive\tdnet-excel-input\tools\sync_financials.py", line 512, in main
    stats = sync(
  File "C:\Users\takuy\OneDrive\tdnet-excel-input\tools\sync_financials.py", line 360, in sync
    logger.error(
Message: "  batch 46/145: FAILED \u2014 401 Client Error: Unauthorized for url: https://fvkvfekzoebcolssnteo.supabase.co/rest/v1/financials?on_conflict=ticker%2Cperiod%2Cquarter\n  (êÊì™çs: {'ticker': '41870', 'period': '2023-11-30', 'quarter': '3Q', 'sales': 21754000000, 'gross_profit': 6232693000, 'operating_profit': 3056000000, 'source': 'jquants', 'updated_at': '2026-03-09T08:32:19.007329+09:00'})"
Arguments: ()
--- Logging error ---
Traceback (most recent call last):
  File "C:\Users\takuy\OneDrive\tdnet-excel-input\tools\sync_financials.py", line 96, in _request
    r.raise_for_status()
  File "C:\Users\takuy\OneDrive\tdnet-excel-input\.venv\Lib\site-packages\requests\models.py", line 1026, in raise_for_status
    raise HTTPError(http_error_msg, response=self)
requests.exceptions.HTTPError: 401 Client Error: Unauthorized for url: https://fvkvfekzoebcolssnteo.supabase.co/rest/v1/financials?on_conflict=ticker%2Cperiod%2Cquarter

During handling of the above exception, another exception occurred:

Traceback (most recent call last):
  File "C:\Users\takuy\AppData\Roaming\uv\python\cpython-3.11-windows-x86_64-none\Lib\logging\__init__.py", line 1113, in emit
    stream.write(msg + self.terminator)
UnicodeEncodeError: 'cp932' codec can't encode character '\u2014' in position 61: illegal multibyte sequence
Call stack:
  File "C:\Users\takuy\OneDrive\tdnet-excel-input\tools\sync_financials.py", line 538, in <module>
    main()
  File "C:\Users\takuy\OneDrive\tdnet-excel-input\tools\sync_financials.py", line 512, in main
    stats = sync(
  File "C:\Users\takuy\OneDrive\tdnet-excel-input\tools\sync_financials.py", line 348, in sync
    n = api.upsert_batch(table, chunk, on_conflict="ticker,period,quarter")
  File "C:\Users\takuy\OneDrive\tdnet-excel-input\tools\sync_financials.py", line 139, in upsert_batch
    self._request(
  File "C:\Users\takuy\OneDrive\tdnet-excel-input\tools\sync_financials.py", line 123, in _request
    logger.error(
Message: '[API] HTTP 0 \u2014 ÉäÉgÉâÉCïsâ¬\n  ÉåÉXÉ|ÉìÉX: {"code":"42501","details":null,"hint":null,"message":"new row violates row-level security policy for table \\"financials\\""}'
Arguments: ()
--- Logging error ---
Traceback (most recent call last):
  File "C:\Users\takuy\OneDrive\tdnet-excel-input\tools\sync_financials.py", line 348, in sync
    n = api.upsert_batch(table, chunk, on_conflict="ticker,period,quarter")
        ^^^^^^^^^^^^^^^^^^^^^^^^^^^^^^^^^^^^^^^^^^^^^^^^^^^^^^^^^^^^^^^^^^^
  File "C:\Users\takuy\OneDrive\tdnet-excel-input\tools\sync_financials.py", line 139, in upsert_batch
    self._request(
  File "C:\Users\takuy\OneDrive\tdnet-excel-input\tools\sync_financials.py", line 96, in _request
    r.raise_for_status()
  File "C:\Users\takuy\OneDrive\tdnet-excel-input\.venv\Lib\site-packages\requests\models.py", line 1026, in raise_for_status
    raise HTTPError(http_error_msg, response=self)
requests.exceptions.HTTPError: 401 Client Error: Unauthorized for url: https://fvkvfekzoebcolssnteo.supabase.co/rest/v1/financials?on_conflict=ticker%2Cperiod%2Cquarter

During handling of the above exception, another exception occurred:

Traceback (most recent call last):
  File "C:\Users\takuy\AppData\Roaming\uv\python\cpython-3.11-windows-x86_64-none\Lib\logging\__init__.py", line 1113, in emit
    stream.write(msg + self.terminator)
UnicodeEncodeError: 'cp932' codec can't encode character '\u2014' in position 71: illegal multibyte sequence
Call stack:
  File "C:\Users\takuy\OneDrive\tdnet-excel-input\tools\sync_financials.py", line 538, in <module>
    main()
  File "C:\Users\takuy\OneDrive\tdnet-excel-input\tools\sync_financials.py", line 512, in main
    stats = sync(
  File "C:\Users\takuy\OneDrive\tdnet-excel-input\tools\sync_financials.py", line 360, in sync
    logger.error(
Message: "  batch 47/145: FAILED \u2014 401 Client Error: Unauthorized for url: https://fvkvfekzoebcolssnteo.supabase.co/rest/v1/financials?on_conflict=ticker%2Cperiod%2Cquarter\n  (êÊì™çs: {'ticker': '42340', 'period': '2021-03-31', 'quarter': 'FY', 'sales': 29986000000, 'gross_profit': 3711179000, 'operating_profit': 613000000, 'source': 'jquants', 'updated_at': '2026-03-09T08:32:19.007329+09:00'})"
Arguments: ()
--- Logging error ---
Traceback (most recent call last):
  File "C:\Users\takuy\OneDrive\tdnet-excel-input\tools\sync_financials.py", line 96, in _request
    r.raise_for_status()
  File "C:\Users\takuy\OneDrive\tdnet-excel-input\.venv\Lib\site-packages\requests\models.py", line 1026, in raise_for_status
    raise HTTPError(http_error_msg, response=self)
requests.exceptions.HTTPError: 401 Client Error: Unauthorized for url: https://fvkvfekzoebcolssnteo.supabase.co/rest/v1/financials?on_conflict=ticker%2Cperiod%2Cquarter

During handling of the above exception, another exception occurred:

Traceback (most recent call last):
  File "C:\Users\takuy\AppData\Roaming\uv\python\cpython-3.11-windows-x86_64-none\Lib\logging\__init__.py", line 1113, in emit
    stream.write(msg + self.terminator)
UnicodeEncodeError: 'cp932' codec can't encode character '\u2014' in position 61: illegal multibyte sequence
Call stack:
  File "C:\Users\takuy\OneDrive\tdnet-excel-input\tools\sync_financials.py", line 538, in <module>
    main()
  File "C:\Users\takuy\OneDrive\tdnet-excel-input\tools\sync_financials.py", line 512, in main
    stats = sync(
  File "C:\Users\takuy\OneDrive\tdnet-excel-input\tools\sync_financials.py", line 348, in sync
    n = api.upsert_batch(table, chunk, on_conflict="ticker,period,quarter")
  File "C:\Users\takuy\OneDrive\tdnet-excel-input\tools\sync_financials.py", line 139, in upsert_batch
    self._request(
  File "C:\Users\takuy\OneDrive\tdnet-excel-input\tools\sync_financials.py", line 123, in _request
    logger.error(
Message: '[API] HTTP 0 \u2014 ÉäÉgÉâÉCïsâ¬\n  ÉåÉXÉ|ÉìÉX: {"code":"42501","details":null,"hint":null,"message":"new row violates row-level security policy for table \\"financials\\""}'
Arguments: ()
--- Logging error ---
Traceback (most recent call last):
  File "C:\Users\takuy\OneDrive\tdnet-excel-input\tools\sync_financials.py", line 348, in sync
    n = api.upsert_batch(table, chunk, on_conflict="ticker,period,quarter")
        ^^^^^^^^^^^^^^^^^^^^^^^^^^^^^^^^^^^^^^^^^^^^^^^^^^^^^^^^^^^^^^^^^^^
  File "C:\Users\takuy\OneDrive\tdnet-excel-input\tools\sync_financials.py", line 139, in upsert_batch
    self._request(
  File "C:\Users\takuy\OneDrive\tdnet-excel-input\tools\sync_financials.py", line 96, in _request
    r.raise_for_status()
  File "C:\Users\takuy\OneDrive\tdnet-excel-input\.venv\Lib\site-packages\requests\models.py", line 1026, in raise_for_status
    raise HTTPError(http_error_msg, response=self)
requests.exceptions.HTTPError: 401 Client Error: Unauthorized for url: https://fvkvfekzoebcolssnteo.supabase.co/rest/v1/financials?on_conflict=ticker%2Cperiod%2Cquarter

During handling of the above exception, another exception occurred:

Traceback (most recent call last):
  File "C:\Users\takuy\AppData\Roaming\uv\python\cpython-3.11-windows-x86_64-none\Lib\logging\__init__.py", line 1113, in emit
    stream.write(msg + self.terminator)
UnicodeEncodeError: 'cp932' codec can't encode character '\u2014' in position 71: illegal multibyte sequence
Call stack:
  File "C:\Users\takuy\OneDrive\tdnet-excel-input\tools\sync_financials.py", line 538, in <module>
    main()
  File "C:\Users\takuy\OneDrive\tdnet-excel-input\tools\sync_financials.py", line 512, in main
    stats = sync(
  File "C:\Users\takuy\OneDrive\tdnet-excel-input\tools\sync_financials.py", line 360, in sync
    logger.error(
Message: "  batch 48/145: FAILED \u2014 401 Client Error: Unauthorized for url: https://fvkvfekzoebcolssnteo.supabase.co/rest/v1/financials?on_conflict=ticker%2Cperiod%2Cquarter\n  (êÊì™çs: {'ticker': '42740', 'period': '2024-03-31', 'quarter': '1Q', 'sales': 244000000, 'gross_profit': 76670000, 'operating_profit': -1000000, 'source': 'jquants', 'updated_at': '2026-03-09T08:32:19.007329+09:00'})"
Arguments: ()
--- Logging error ---
Traceback (most recent call last):
  File "C:\Users\takuy\OneDrive\tdnet-excel-input\tools\sync_financials.py", line 96, in _request
    r.raise_for_status()
  File "C:\Users\takuy\OneDrive\tdnet-excel-input\.venv\Lib\site-packages\requests\models.py", line 1026, in raise_for_status
    raise HTTPError(http_error_msg, response=self)
requests.exceptions.HTTPError: 401 Client Error: Unauthorized for url: https://fvkvfekzoebcolssnteo.supabase.co/rest/v1/financials?on_conflict=ticker%2Cperiod%2Cquarter

During handling of the above exception, another exception occurred:

Traceback (most recent call last):
  File "C:\Users\takuy\AppData\Roaming\uv\python\cpython-3.11-windows-x86_64-none\Lib\logging\__init__.py", line 1113, in emit
    stream.write(msg + self.terminator)
UnicodeEncodeError: 'cp932' codec can't encode character '\u2014' in position 61: illegal multibyte sequence
Call stack:
  File "C:\Users\takuy\OneDrive\tdnet-excel-input\tools\sync_financials.py", line 538, in <module>
    main()
  File "C:\Users\takuy\OneDrive\tdnet-excel-input\tools\sync_financials.py", line 512, in main
    stats = sync(
  File "C:\Users\takuy\OneDrive\tdnet-excel-input\tools\sync_financials.py", line 348, in sync
    n = api.upsert_batch(table, chunk, on_conflict="ticker,period,quarter")
  File "C:\Users\takuy\OneDrive\tdnet-excel-input\tools\sync_financials.py", line 139, in upsert_batch
    self._request(
  File "C:\Users\takuy\OneDrive\tdnet-excel-input\tools\sync_financials.py", line 123, in _request
    logger.error(
Message: '[API] HTTP 0 \u2014 ÉäÉgÉâÉCïsâ¬\n  ÉåÉXÉ|ÉìÉX: {"code":"42501","details":null,"hint":null,"message":"new row violates row-level security policy for table \\"financials\\""}'
Arguments: ()
--- Logging error ---
Traceback (most recent call last):
  File "C:\Users\takuy\OneDrive\tdnet-excel-input\tools\sync_financials.py", line 348, in sync
    n = api.upsert_batch(table, chunk, on_conflict="ticker,period,quarter")
        ^^^^^^^^^^^^^^^^^^^^^^^^^^^^^^^^^^^^^^^^^^^^^^^^^^^^^^^^^^^^^^^^^^^
  File "C:\Users\takuy\OneDrive\tdnet-excel-input\tools\sync_financials.py", line 139, in upsert_batch
    self._request(
  File "C:\Users\takuy\OneDrive\tdnet-excel-input\tools\sync_financials.py", line 96, in _request
    r.raise_for_status()
  File "C:\Users\takuy\OneDrive\tdnet-excel-input\.venv\Lib\site-packages\requests\models.py", line 1026, in raise_for_status
    raise HTTPError(http_error_msg, response=self)
requests.exceptions.HTTPError: 401 Client Error: Unauthorized for url: https://fvkvfekzoebcolssnteo.supabase.co/rest/v1/financials?on_conflict=ticker%2Cperiod%2Cquarter

During handling of the above exception, another exception occurred:

Traceback (most recent call last):
  File "C:\Users\takuy\AppData\Roaming\uv\python\cpython-3.11-windows-x86_64-none\Lib\logging\__init__.py", line 1113, in emit
    stream.write(msg + self.terminator)
UnicodeEncodeError: 'cp932' codec can't encode character '\u2014' in position 71: illegal multibyte sequence
Call stack:
  File "C:\Users\takuy\OneDrive\tdnet-excel-input\tools\sync_financials.py", line 538, in <module>
    main()
  File "C:\Users\takuy\OneDrive\tdnet-excel-input\tools\sync_financials.py", line 512, in main
    stats = sync(
  File "C:\Users\takuy\OneDrive\tdnet-excel-input\tools\sync_financials.py", line 360, in sync
    logger.error(
Message: "  batch 49/145: FAILED \u2014 401 Client Error: Unauthorized for url: https://fvkvfekzoebcolssnteo.supabase.co/rest/v1/financials?on_conflict=ticker%2Cperiod%2Cquarter\n  (êÊì™çs: {'ticker': '43370', 'period': '2026-03-31', 'quarter': 'FY', 'sales': None, 'gross_profit': None, 'operating_profit': None, 'source': 'jquants', 'updated_at': '2026-03-09T08:32:19.007329+09:00'})"
Arguments: ()
--- Logging error ---
Traceback (most recent call last):
  File "C:\Users\takuy\OneDrive\tdnet-excel-input\tools\sync_financials.py", line 96, in _request
    r.raise_for_status()
  File "C:\Users\takuy\OneDrive\tdnet-excel-input\.venv\Lib\site-packages\requests\models.py", line 1026, in raise_for_status
    raise HTTPError(http_error_msg, response=self)
requests.exceptions.HTTPError: 401 Client Error: Unauthorized for url: https://fvkvfekzoebcolssnteo.supabase.co/rest/v1/financials?on_conflict=ticker%2Cperiod%2Cquarter

During handling of the above exception, another exception occurred:

Traceback (most recent call last):
  File "C:\Users\takuy\AppData\Roaming\uv\python\cpython-3.11-windows-x86_64-none\Lib\logging\__init__.py", line 1113, in emit
    stream.write(msg + self.terminator)
UnicodeEncodeError: 'cp932' codec can't encode character '\u2014' in position 61: illegal multibyte sequence
Call stack:
  File "C:\Users\takuy\OneDrive\tdnet-excel-input\tools\sync_financials.py", line 538, in <module>
    main()
  File "C:\Users\takuy\OneDrive\tdnet-excel-input\tools\sync_financials.py", line 512, in main
    stats = sync(
  File "C:\Users\takuy\OneDrive\tdnet-excel-input\tools\sync_financials.py", line 348, in sync
    n = api.upsert_batch(table, chunk, on_conflict="ticker,period,quarter")
  File "C:\Users\takuy\OneDrive\tdnet-excel-input\tools\sync_financials.py", line 139, in upsert_batch
    self._request(
  File "C:\Users\takuy\OneDrive\tdnet-excel-input\tools\sync_financials.py", line 123, in _request
    logger.error(
Message: '[API] HTTP 0 \u2014 ÉäÉgÉâÉCïsâ¬\n  ÉåÉXÉ|ÉìÉX: {"code":"42501","details":null,"hint":null,"message":"new row violates row-level security policy for table \\"financials\\""}'
Arguments: ()
--- Logging error ---
Traceback (most recent call last):
  File "C:\Users\takuy\OneDrive\tdnet-excel-input\tools\sync_financials.py", line 348, in sync
    n = api.upsert_batch(table, chunk, on_conflict="ticker,period,quarter")
        ^^^^^^^^^^^^^^^^^^^^^^^^^^^^^^^^^^^^^^^^^^^^^^^^^^^^^^^^^^^^^^^^^^^
  File "C:\Users\takuy\OneDrive\tdnet-excel-input\tools\sync_financials.py", line 139, in upsert_batch
    self._request(
  File "C:\Users\takuy\OneDrive\tdnet-excel-input\tools\sync_financials.py", line 96, in _request
    r.raise_for_status()
  File "C:\Users\takuy\OneDrive\tdnet-excel-input\.venv\Lib\site-packages\requests\models.py", line 1026, in raise_for_status
    raise HTTPError(http_error_msg, response=self)
requests.exceptions.HTTPError: 401 Client Error: Unauthorized for url: https://fvkvfekzoebcolssnteo.supabase.co/rest/v1/financials?on_conflict=ticker%2Cperiod%2Cquarter

During handling of the above exception, another exception occurred:

Traceback (most recent call last):
  File "C:\Users\takuy\AppData\Roaming\uv\python\cpython-3.11-windows-x86_64-none\Lib\logging\__init__.py", line 1113, in emit
    stream.write(msg + self.terminator)
UnicodeEncodeError: 'cp932' codec can't encode character '\u2014' in position 71: illegal multibyte sequence
Call stack:
  File "C:\Users\takuy\OneDrive\tdnet-excel-input\tools\sync_financials.py", line 538, in <module>
    main()
  File "C:\Users\takuy\OneDrive\tdnet-excel-input\tools\sync_financials.py", line 512, in main
    stats = sync(
  File "C:\Users\takuy\OneDrive\tdnet-excel-input\tools\sync_financials.py", line 360, in sync
    logger.error(
Message: "  batch 50/145: FAILED \u2014 401 Client Error: Unauthorized for url: https://fvkvfekzoebcolssnteo.supabase.co/rest/v1/financials?on_conflict=ticker%2Cperiod%2Cquarter\n  (êÊì™çs: {'ticker': '43780', 'period': '2025-10-31', 'quarter': '3Q', 'sales': 1381000000, 'gross_profit': 882995000, 'operating_profit': -85000000, 'source': 'jquants', 'updated_at': '2026-03-09T08:32:19.007329+09:00'})"
Arguments: ()
--- Logging error ---
Traceback (most recent call last):
  File "C:\Users\takuy\OneDrive\tdnet-excel-input\tools\sync_financials.py", line 96, in _request
    r.raise_for_status()
  File "C:\Users\takuy\OneDrive\tdnet-excel-input\.venv\Lib\site-packages\requests\models.py", line 1026, in raise_for_status
    raise HTTPError(http_error_msg, response=self)
requests.exceptions.HTTPError: 401 Client Error: Unauthorized for url: https://fvkvfekzoebcolssnteo.supabase.co/rest/v1/financials?on_conflict=ticker%2Cperiod%2Cquarter

During handling of the above exception, another exception occurred:

Traceback (most recent call last):
  File "C:\Users\takuy\AppData\Roaming\uv\python\cpython-3.11-windows-x86_64-none\Lib\logging\__init__.py", line 1113, in emit
    stream.write(msg + self.terminator)
UnicodeEncodeError: 'cp932' codec can't encode character '\u2014' in position 61: illegal multibyte sequence
Call stack:
  File "C:\Users\takuy\OneDrive\tdnet-excel-input\tools\sync_financials.py", line 538, in <module>
    main()
  File "C:\Users\takuy\OneDrive\tdnet-excel-input\tools\sync_financials.py", line 512, in main
    stats = sync(
  File "C:\Users\takuy\OneDrive\tdnet-excel-input\tools\sync_financials.py", line 348, in sync
    n = api.upsert_batch(table, chunk, on_conflict="ticker,period,quarter")
  File "C:\Users\takuy\OneDrive\tdnet-excel-input\tools\sync_financials.py", line 139, in upsert_batch
    self._request(
  File "C:\Users\takuy\OneDrive\tdnet-excel-input\tools\sync_financials.py", line 123, in _request
    logger.error(
Message: '[API] HTTP 0 \u2014 ÉäÉgÉâÉCïsâ¬\n  ÉåÉXÉ|ÉìÉX: {"code":"42501","details":null,"hint":null,"message":"new row violates row-level security policy for table \\"financials\\""}'
Arguments: ()
--- Logging error ---
Traceback (most recent call last):
  File "C:\Users\takuy\OneDrive\tdnet-excel-input\tools\sync_financials.py", line 348, in sync
    n = api.upsert_batch(table, chunk, on_conflict="ticker,period,quarter")
        ^^^^^^^^^^^^^^^^^^^^^^^^^^^^^^^^^^^^^^^^^^^^^^^^^^^^^^^^^^^^^^^^^^^
  File "C:\Users\takuy\OneDrive\tdnet-excel-input\tools\sync_financials.py", line 139, in upsert_batch
    self._request(
  File "C:\Users\takuy\OneDrive\tdnet-excel-input\tools\sync_financials.py", line 96, in _request
    r.raise_for_status()
  File "C:\Users\takuy\OneDrive\tdnet-excel-input\.venv\Lib\site-packages\requests\models.py", line 1026, in raise_for_status
    raise HTTPError(http_error_msg, response=self)
requests.exceptions.HTTPError: 401 Client Error: Unauthorized for url: https://fvkvfekzoebcolssnteo.supabase.co/rest/v1/financials?on_conflict=ticker%2Cperiod%2Cquarter

During handling of the above exception, another exception occurred:

Traceback (most recent call last):
  File "C:\Users\takuy\AppData\Roaming\uv\python\cpython-3.11-windows-x86_64-none\Lib\logging\__init__.py", line 1113, in emit
    stream.write(msg + self.terminator)
UnicodeEncodeError: 'cp932' codec can't encode character '\u2014' in position 71: illegal multibyte sequence
Call stack:
  File "C:\Users\takuy\OneDrive\tdnet-excel-input\tools\sync_financials.py", line 538, in <module>
    main()
  File "C:\Users\takuy\OneDrive\tdnet-excel-input\tools\sync_financials.py", line 512, in main
    stats = sync(
  File "C:\Users\takuy\OneDrive\tdnet-excel-input\tools\sync_financials.py", line 360, in sync
    logger.error(
Message: "  batch 51/145: FAILED \u2014 401 Client Error: Unauthorized for url: https://fvkvfekzoebcolssnteo.supabase.co/rest/v1/financials?on_conflict=ticker%2Cperiod%2Cquarter\n  (êÊì™çs: {'ticker': '44100', 'period': '2025-03-31', 'quarter': '1Q', 'sales': 23807000000, 'gross_profit': 5213000000, 'operating_profit': 481000000, 'source': 'jquants', 'updated_at': '2026-03-09T08:32:19.007329+09:00'})"
Arguments: ()
--- Logging error ---
Traceback (most recent call last):
  File "C:\Users\takuy\OneDrive\tdnet-excel-input\tools\sync_financials.py", line 96, in _request
    r.raise_for_status()
  File "C:\Users\takuy\OneDrive\tdnet-excel-input\.venv\Lib\site-packages\requests\models.py", line 1026, in raise_for_status
    raise HTTPError(http_error_msg, response=self)
requests.exceptions.HTTPError: 401 Client Error: Unauthorized for url: https://fvkvfekzoebcolssnteo.supabase.co/rest/v1/financials?on_conflict=ticker%2Cperiod%2Cquarter

During handling of the above exception, another exception occurred:

Traceback (most recent call last):
  File "C:\Users\takuy\AppData\Roaming\uv\python\cpython-3.11-windows-x86_64-none\Lib\logging\__init__.py", line 1113, in emit
    stream.write(msg + self.terminator)
UnicodeEncodeError: 'cp932' codec can't encode character '\u2014' in position 61: illegal multibyte sequence
Call stack:
  File "C:\Users\takuy\OneDrive\tdnet-excel-input\tools\sync_financials.py", line 538, in <module>
    main()
  File "C:\Users\takuy\OneDrive\tdnet-excel-input\tools\sync_financials.py", line 512, in main
    stats = sync(
  File "C:\Users\takuy\OneDrive\tdnet-excel-input\tools\sync_financials.py", line 348, in sync
    n = api.upsert_batch(table, chunk, on_conflict="ticker,period,quarter")
  File "C:\Users\takuy\OneDrive\tdnet-excel-input\tools\sync_financials.py", line 139, in upsert_batch
    self._request(
  File "C:\Users\takuy\OneDrive\tdnet-excel-input\tools\sync_financials.py", line 123, in _request
    logger.error(
Message: '[API] HTTP 0 \u2014 ÉäÉgÉâÉCïsâ¬\n  ÉåÉXÉ|ÉìÉX: {"code":"42501","details":null,"hint":null,"message":"new row violates row-level security policy for table \\"financials\\""}'
Arguments: ()
--- Logging error ---
Traceback (most recent call last):
  File "C:\Users\takuy\OneDrive\tdnet-excel-input\tools\sync_financials.py", line 348, in sync
    n = api.upsert_batch(table, chunk, on_conflict="ticker,period,quarter")
        ^^^^^^^^^^^^^^^^^^^^^^^^^^^^^^^^^^^^^^^^^^^^^^^^^^^^^^^^^^^^^^^^^^^
  File "C:\Users\takuy\OneDrive\tdnet-excel-input\tools\sync_financials.py", line 139, in upsert_batch
    self._request(
  File "C:\Users\takuy\OneDrive\tdnet-excel-input\tools\sync_financials.py", line 96, in _request
    r.raise_for_status()
  File "C:\Users\takuy\OneDrive\tdnet-excel-input\.venv\Lib\site-packages\requests\models.py", line 1026, in raise_for_status
    raise HTTPError(http_error_msg, response=self)
requests.exceptions.HTTPError: 401 Client Error: Unauthorized for url: https://fvkvfekzoebcolssnteo.supabase.co/rest/v1/financials?on_conflict=ticker%2Cperiod%2Cquarter

During handling of the above exception, another exception occurred:

Traceback (most recent call last):
  File "C:\Users\takuy\AppData\Roaming\uv\python\cpython-3.11-windows-x86_64-none\Lib\logging\__init__.py", line 1113, in emit
    stream.write(msg + self.terminator)
UnicodeEncodeError: 'cp932' codec can't encode character '\u2014' in position 71: illegal multibyte sequence
Call stack:
  File "C:\Users\takuy\OneDrive\tdnet-excel-input\tools\sync_financials.py", line 538, in <module>
    main()
  File "C:\Users\takuy\OneDrive\tdnet-excel-input\tools\sync_financials.py", line 512, in main
    stats = sync(
  File "C:\Users\takuy\OneDrive\tdnet-excel-input\tools\sync_financials.py", line 360, in sync
    logger.error(
Message: "  batch 52/145: FAILED \u2014 401 Client Error: Unauthorized for url: https://fvkvfekzoebcolssnteo.supabase.co/rest/v1/financials?on_conflict=ticker%2Cperiod%2Cquarter\n  (êÊì™çs: {'ticker': '44400', 'period': '2022-08-31', 'quarter': 'FY', 'sales': 2345000000, 'gross_profit': 887062000, 'operating_profit': 236000000, 'source': 'jquants', 'updated_at': '2026-03-09T08:32:19.007329+09:00'})"
Arguments: ()
--- Logging error ---
Traceback (most recent call last):
  File "C:\Users\takuy\OneDrive\tdnet-excel-input\tools\sync_financials.py", line 96, in _request
    r.raise_for_status()
  File "C:\Users\takuy\OneDrive\tdnet-excel-input\.venv\Lib\site-packages\requests\models.py", line 1026, in raise_for_status
    raise HTTPError(http_error_msg, response=self)
requests.exceptions.HTTPError: 401 Client Error: Unauthorized for url: https://fvkvfekzoebcolssnteo.supabase.co/rest/v1/financials?on_conflict=ticker%2Cperiod%2Cquarter

During handling of the above exception, another exception occurred:

Traceback (most recent call last):
  File "C:\Users\takuy\AppData\Roaming\uv\python\cpython-3.11-windows-x86_64-none\Lib\logging\__init__.py", line 1113, in emit
    stream.write(msg + self.terminator)
UnicodeEncodeError: 'cp932' codec can't encode character '\u2014' in position 61: illegal multibyte sequence
Call stack:
  File "C:\Users\takuy\OneDrive\tdnet-excel-input\tools\sync_financials.py", line 538, in <module>
    main()
  File "C:\Users\takuy\OneDrive\tdnet-excel-input\tools\sync_financials.py", line 512, in main
    stats = sync(
  File "C:\Users\takuy\OneDrive\tdnet-excel-input\tools\sync_financials.py", line 348, in sync
    n = api.upsert_batch(table, chunk, on_conflict="ticker,period,quarter")
  File "C:\Users\takuy\OneDrive\tdnet-excel-input\tools\sync_financials.py", line 139, in upsert_batch
    self._request(
  File "C:\Users\takuy\OneDrive\tdnet-excel-input\tools\sync_financials.py", line 123, in _request
    logger.error(
Message: '[API] HTTP 0 \u2014 ÉäÉgÉâÉCïsâ¬\n  ÉåÉXÉ|ÉìÉX: {"code":"42501","details":null,"hint":null,"message":"new row violates row-level security policy for table \\"financials\\""}'
Arguments: ()
--- Logging error ---
Traceback (most recent call last):
  File "C:\Users\takuy\OneDrive\tdnet-excel-input\tools\sync_financials.py", line 348, in sync
    n = api.upsert_batch(table, chunk, on_conflict="ticker,period,quarter")
        ^^^^^^^^^^^^^^^^^^^^^^^^^^^^^^^^^^^^^^^^^^^^^^^^^^^^^^^^^^^^^^^^^^^
  File "C:\Users\takuy\OneDrive\tdnet-excel-input\tools\sync_financials.py", line 139, in upsert_batch
    self._request(
  File "C:\Users\takuy\OneDrive\tdnet-excel-input\tools\sync_financials.py", line 96, in _request
    r.raise_for_status()
  File "C:\Users\takuy\OneDrive\tdnet-excel-input\.venv\Lib\site-packages\requests\models.py", line 1026, in raise_for_status
    raise HTTPError(http_error_msg, response=self)
requests.exceptions.HTTPError: 401 Client Error: Unauthorized for url: https://fvkvfekzoebcolssnteo.supabase.co/rest/v1/financials?on_conflict=ticker%2Cperiod%2Cquarter

During handling of the above exception, another exception occurred:

Traceback (most recent call last):
  File "C:\Users\takuy\AppData\Roaming\uv\python\cpython-3.11-windows-x86_64-none\Lib\logging\__init__.py", line 1113, in emit
    stream.write(msg + self.terminator)
UnicodeEncodeError: 'cp932' codec can't encode character '\u2014' in position 71: illegal multibyte sequence
Call stack:
  File "C:\Users\takuy\OneDrive\tdnet-excel-input\tools\sync_financials.py", line 538, in <module>
    main()
  File "C:\Users\takuy\OneDrive\tdnet-excel-input\tools\sync_financials.py", line 512, in main
    stats = sync(
  File "C:\Users\takuy\OneDrive\tdnet-excel-input\tools\sync_financials.py", line 360, in sync
    logger.error(
Message: "  batch 53/145: FAILED \u2014 401 Client Error: Unauthorized for url: https://fvkvfekzoebcolssnteo.supabase.co/rest/v1/financials?on_conflict=ticker%2Cperiod%2Cquarter\n  (êÊì™çs: {'ticker': '44820', 'period': '2021-12-31', 'quarter': '3Q', 'sales': 2571000000, 'gross_profit': 1111911000, 'operating_profit': 467000000, 'source': 'jquants', 'updated_at': '2026-03-09T08:32:19.007329+09:00'})"
Arguments: ()
--- Logging error ---
Traceback (most recent call last):
  File "C:\Users\takuy\OneDrive\tdnet-excel-input\tools\sync_financials.py", line 96, in _request
    r.raise_for_status()
  File "C:\Users\takuy\OneDrive\tdnet-excel-input\.venv\Lib\site-packages\requests\models.py", line 1026, in raise_for_status
    raise HTTPError(http_error_msg, response=self)
requests.exceptions.HTTPError: 401 Client Error: Unauthorized for url: https://fvkvfekzoebcolssnteo.supabase.co/rest/v1/financials?on_conflict=ticker%2Cperiod%2Cquarter

During handling of the above exception, another exception occurred:

Traceback (most recent call last):
  File "C:\Users\takuy\AppData\Roaming\uv\python\cpython-3.11-windows-x86_64-none\Lib\logging\__init__.py", line 1113, in emit
    stream.write(msg + self.terminator)
UnicodeEncodeError: 'cp932' codec can't encode character '\u2014' in position 61: illegal multibyte sequence
Call stack:
  File "C:\Users\takuy\OneDrive\tdnet-excel-input\tools\sync_financials.py", line 538, in <module>
    main()
  File "C:\Users\takuy\OneDrive\tdnet-excel-input\tools\sync_financials.py", line 512, in main
    stats = sync(
  File "C:\Users\takuy\OneDrive\tdnet-excel-input\tools\sync_financials.py", line 348, in sync
    n = api.upsert_batch(table, chunk, on_conflict="ticker,period,quarter")
  File "C:\Users\takuy\OneDrive\tdnet-excel-input\tools\sync_financials.py", line 139, in upsert_batch
    self._request(
  File "C:\Users\takuy\OneDrive\tdnet-excel-input\tools\sync_financials.py", line 123, in _request
    logger.error(
Message: '[API] HTTP 0 \u2014 ÉäÉgÉâÉCïsâ¬\n  ÉåÉXÉ|ÉìÉX: {"code":"42501","details":null,"hint":null,"message":"new row violates row-level security policy for table \\"financials\\""}'
Arguments: ()
--- Logging error ---
Traceback (most recent call last):
  File "C:\Users\takuy\OneDrive\tdnet-excel-input\tools\sync_financials.py", line 348, in sync
    n = api.upsert_batch(table, chunk, on_conflict="ticker,period,quarter")
        ^^^^^^^^^^^^^^^^^^^^^^^^^^^^^^^^^^^^^^^^^^^^^^^^^^^^^^^^^^^^^^^^^^^
  File "C:\Users\takuy\OneDrive\tdnet-excel-input\tools\sync_financials.py", line 139, in upsert_batch
    self._request(
  File "C:\Users\takuy\OneDrive\tdnet-excel-input\tools\sync_financials.py", line 96, in _request
    r.raise_for_status()
  File "C:\Users\takuy\OneDrive\tdnet-excel-input\.venv\Lib\site-packages\requests\models.py", line 1026, in raise_for_status
    raise HTTPError(http_error_msg, response=self)
requests.exceptions.HTTPError: 401 Client Error: Unauthorized for url: https://fvkvfekzoebcolssnteo.supabase.co/rest/v1/financials?on_conflict=ticker%2Cperiod%2Cquarter

During handling of the above exception, another exception occurred:

Traceback (most recent call last):
  File "C:\Users\takuy\AppData\Roaming\uv\python\cpython-3.11-windows-x86_64-none\Lib\logging\__init__.py", line 1113, in emit
    stream.write(msg + self.terminator)
UnicodeEncodeError: 'cp932' codec can't encode character '\u2014' in position 71: illegal multibyte sequence
Call stack:
  File "C:\Users\takuy\OneDrive\tdnet-excel-input\tools\sync_financials.py", line 538, in <module>
    main()
  File "C:\Users\takuy\OneDrive\tdnet-excel-input\tools\sync_financials.py", line 512, in main
    stats = sync(
  File "C:\Users\takuy\OneDrive\tdnet-excel-input\tools\sync_financials.py", line 360, in sync
    logger.error(
Message: "  batch 54/145: FAILED \u2014 401 Client Error: Unauthorized for url: https://fvkvfekzoebcolssnteo.supabase.co/rest/v1/financials?on_conflict=ticker%2Cperiod%2Cquarter\n  (êÊì™çs: {'ticker': '45240', 'period': '2026-03-31', 'quarter': '1Q', 'sales': 3343000000, 'gross_profit': 1539000000, 'operating_profit': 193000000, 'source': 'jquants', 'updated_at': '2026-03-09T08:32:19.007329+09:00'})"
Arguments: ()
--- Logging error ---
Traceback (most recent call last):
  File "C:\Users\takuy\OneDrive\tdnet-excel-input\tools\sync_financials.py", line 96, in _request
    r.raise_for_status()
  File "C:\Users\takuy\OneDrive\tdnet-excel-input\.venv\Lib\site-packages\requests\models.py", line 1026, in raise_for_status
    raise HTTPError(http_error_msg, response=self)
requests.exceptions.HTTPError: 401 Client Error: Unauthorized for url: https://fvkvfekzoebcolssnteo.supabase.co/rest/v1/financials?on_conflict=ticker%2Cperiod%2Cquarter

During handling of the above exception, another exception occurred:

Traceback (most recent call last):
  File "C:\Users\takuy\AppData\Roaming\uv\python\cpython-3.11-windows-x86_64-none\Lib\logging\__init__.py", line 1113, in emit
    stream.write(msg + self.terminator)
UnicodeEncodeError: 'cp932' codec can't encode character '\u2014' in position 61: illegal multibyte sequence
Call stack:
  File "C:\Users\takuy\OneDrive\tdnet-excel-input\tools\sync_financials.py", line 538, in <module>
    main()
  File "C:\Users\takuy\OneDrive\tdnet-excel-input\tools\sync_financials.py", line 512, in main
    stats = sync(
  File "C:\Users\takuy\OneDrive\tdnet-excel-input\tools\sync_financials.py", line 348, in sync
    n = api.upsert_batch(table, chunk, on_conflict="ticker,period,quarter")
  File "C:\Users\takuy\OneDrive\tdnet-excel-input\tools\sync_financials.py", line 139, in upsert_batch
    self._request(
  File "C:\Users\takuy\OneDrive\tdnet-excel-input\tools\sync_financials.py", line 123, in _request
    logger.error(
Message: '[API] HTTP 0 \u2014 ÉäÉgÉâÉCïsâ¬\n  ÉåÉXÉ|ÉìÉX: {"code":"42501","details":null,"hint":null,"message":"new row violates row-level security policy for table \\"financials\\""}'
Arguments: ()
--- Logging error ---
Traceback (most recent call last):
  File "C:\Users\takuy\OneDrive\tdnet-excel-input\tools\sync_financials.py", line 348, in sync
    n = api.upsert_batch(table, chunk, on_conflict="ticker,period,quarter")
        ^^^^^^^^^^^^^^^^^^^^^^^^^^^^^^^^^^^^^^^^^^^^^^^^^^^^^^^^^^^^^^^^^^^
  File "C:\Users\takuy\OneDrive\tdnet-excel-input\tools\sync_financials.py", line 139, in upsert_batch
    self._request(
  File "C:\Users\takuy\OneDrive\tdnet-excel-input\tools\sync_financials.py", line 96, in _request
    r.raise_for_status()
  File "C:\Users\takuy\OneDrive\tdnet-excel-input\.venv\Lib\site-packages\requests\models.py", line 1026, in raise_for_status
    raise HTTPError(http_error_msg, response=self)
requests.exceptions.HTTPError: 401 Client Error: Unauthorized for url: https://fvkvfekzoebcolssnteo.supabase.co/rest/v1/financials?on_conflict=ticker%2Cperiod%2Cquarter

During handling of the above exception, another exception occurred:

Traceback (most recent call last):
  File "C:\Users\takuy\AppData\Roaming\uv\python\cpython-3.11-windows-x86_64-none\Lib\logging\__init__.py", line 1113, in emit
    stream.write(msg + self.terminator)
UnicodeEncodeError: 'cp932' codec can't encode character '\u2014' in position 71: illegal multibyte sequence
Call stack:
  File "C:\Users\takuy\OneDrive\tdnet-excel-input\tools\sync_financials.py", line 538, in <module>
    main()
  File "C:\Users\takuy\OneDrive\tdnet-excel-input\tools\sync_financials.py", line 512, in main
    stats = sync(
  File "C:\Users\takuy\OneDrive\tdnet-excel-input\tools\sync_financials.py", line 360, in sync
    logger.error(
Message: "  batch 55/145: FAILED \u2014 401 Client Error: Unauthorized for url: https://fvkvfekzoebcolssnteo.supabase.co/rest/v1/financials?on_conflict=ticker%2Cperiod%2Cquarter\n  (êÊì™çs: {'ticker': '45680', 'period': '2025-03-31', 'quarter': '1Q', 'sales': 436175000000, 'gross_profit': 341126000000, 'operating_profit': 92979000000, 'source': 'jquants', 'updated_at': '2026-03-09T08:32:19.007329+09:00'})"
Arguments: ()
--- Logging error ---
Traceback (most recent call last):
  File "C:\Users\takuy\OneDrive\tdnet-excel-input\tools\sync_financials.py", line 96, in _request
    r.raise_for_status()
  File "C:\Users\takuy\OneDrive\tdnet-excel-input\.venv\Lib\site-packages\requests\models.py", line 1026, in raise_for_status
    raise HTTPError(http_error_msg, response=self)
requests.exceptions.HTTPError: 401 Client Error: Unauthorized for url: https://fvkvfekzoebcolssnteo.supabase.co/rest/v1/financials?on_conflict=ticker%2Cperiod%2Cquarter

During handling of the above exception, another exception occurred:

Traceback (most recent call last):
  File "C:\Users\takuy\AppData\Roaming\uv\python\cpython-3.11-windows-x86_64-none\Lib\logging\__init__.py", line 1113, in emit
    stream.write(msg + self.terminator)
UnicodeEncodeError: 'cp932' codec can't encode character '\u2014' in position 61: illegal multibyte sequence
Call stack:
  File "C:\Users\takuy\OneDrive\tdnet-excel-input\tools\sync_financials.py", line 538, in <module>
    main()
  File "C:\Users\takuy\OneDrive\tdnet-excel-input\tools\sync_financials.py", line 512, in main
    stats = sync(
  File "C:\Users\takuy\OneDrive\tdnet-excel-input\tools\sync_financials.py", line 348, in sync
    n = api.upsert_batch(table, chunk, on_conflict="ticker,period,quarter")
  File "C:\Users\takuy\OneDrive\tdnet-excel-input\tools\sync_financials.py", line 139, in upsert_batch
    self._request(
  File "C:\Users\takuy\OneDrive\tdnet-excel-input\tools\sync_financials.py", line 123, in _request
    logger.error(
Message: '[API] HTTP 0 \u2014 ÉäÉgÉâÉCïsâ¬\n  ÉåÉXÉ|ÉìÉX: {"code":"42501","details":null,"hint":null,"message":"new row violates row-level security policy for table \\"financials\\""}'
Arguments: ()
--- Logging error ---
Traceback (most recent call last):
  File "C:\Users\takuy\OneDrive\tdnet-excel-input\tools\sync_financials.py", line 348, in sync
    n = api.upsert_batch(table, chunk, on_conflict="ticker,period,quarter")
        ^^^^^^^^^^^^^^^^^^^^^^^^^^^^^^^^^^^^^^^^^^^^^^^^^^^^^^^^^^^^^^^^^^^
  File "C:\Users\takuy\OneDrive\tdnet-excel-input\tools\sync_financials.py", line 139, in upsert_batch
    self._request(
  File "C:\Users\takuy\OneDrive\tdnet-excel-input\tools\sync_financials.py", line 96, in _request
    r.raise_for_status()
  File "C:\Users\takuy\OneDrive\tdnet-excel-input\.venv\Lib\site-packages\requests\models.py", line 1026, in raise_for_status
    raise HTTPError(http_error_msg, response=self)
requests.exceptions.HTTPError: 401 Client Error: Unauthorized for url: https://fvkvfekzoebcolssnteo.supabase.co/rest/v1/financials?on_conflict=ticker%2Cperiod%2Cquarter

During handling of the above exception, another exception occurred:

Traceback (most recent call last):
  File "C:\Users\takuy\AppData\Roaming\uv\python\cpython-3.11-windows-x86_64-none\Lib\logging\__init__.py", line 1113, in emit
    stream.write(msg + self.terminator)
UnicodeEncodeError: 'cp932' codec can't encode character '\u2014' in position 71: illegal multibyte sequence
Call stack:
  File "C:\Users\takuy\OneDrive\tdnet-excel-input\tools\sync_financials.py", line 538, in <module>
    main()
  File "C:\Users\takuy\OneDrive\tdnet-excel-input\tools\sync_financials.py", line 512, in main
    stats = sync(
  File "C:\Users\takuy\OneDrive\tdnet-excel-input\tools\sync_financials.py", line 360, in sync
    logger.error(
Message: "  batch 56/145: FAILED \u2014 401 Client Error: Unauthorized for url: https://fvkvfekzoebcolssnteo.supabase.co/rest/v1/financials?on_conflict=ticker%2Cperiod%2Cquarter\n  (êÊì™çs: {'ticker': '45990', 'period': '2023-07-31', 'quarter': '1Q', 'sales': None, 'gross_profit': None, 'operating_profit': -512000000, 'source': 'jquants', 'updated_at': '2026-03-09T08:32:19.007329+09:00'})"
Arguments: ()
--- Logging error ---
Traceback (most recent call last):
  File "C:\Users\takuy\OneDrive\tdnet-excel-input\tools\sync_financials.py", line 96, in _request
    r.raise_for_status()
  File "C:\Users\takuy\OneDrive\tdnet-excel-input\.venv\Lib\site-packages\requests\models.py", line 1026, in raise_for_status
    raise HTTPError(http_error_msg, response=self)
requests.exceptions.HTTPError: 401 Client Error: Unauthorized for url: https://fvkvfekzoebcolssnteo.supabase.co/rest/v1/financials?on_conflict=ticker%2Cperiod%2Cquarter

During handling of the above exception, another exception occurred:

Traceback (most recent call last):
  File "C:\Users\takuy\AppData\Roaming\uv\python\cpython-3.11-windows-x86_64-none\Lib\logging\__init__.py", line 1113, in emit
    stream.write(msg + self.terminator)
UnicodeEncodeError: 'cp932' codec can't encode character '\u2014' in position 61: illegal multibyte sequence
Call stack:
  File "C:\Users\takuy\OneDrive\tdnet-excel-input\tools\sync_financials.py", line 538, in <module>
    main()
  File "C:\Users\takuy\OneDrive\tdnet-excel-input\tools\sync_financials.py", line 512, in main
    stats = sync(
  File "C:\Users\takuy\OneDrive\tdnet-excel-input\tools\sync_financials.py", line 348, in sync
    n = api.upsert_batch(table, chunk, on_conflict="ticker,period,quarter")
  File "C:\Users\takuy\OneDrive\tdnet-excel-input\tools\sync_financials.py", line 139, in upsert_batch
    self._request(
  File "C:\Users\takuy\OneDrive\tdnet-excel-input\tools\sync_financials.py", line 123, in _request
    logger.error(
Message: '[API] HTTP 0 \u2014 ÉäÉgÉâÉCïsâ¬\n  ÉåÉXÉ|ÉìÉX: {"code":"42501","details":null,"hint":null,"message":"new row violates row-level security policy for table \\"financials\\""}'
Arguments: ()
--- Logging error ---
Traceback (most recent call last):
  File "C:\Users\takuy\OneDrive\tdnet-excel-input\tools\sync_financials.py", line 348, in sync
    n = api.upsert_batch(table, chunk, on_conflict="ticker,period,quarter")
        ^^^^^^^^^^^^^^^^^^^^^^^^^^^^^^^^^^^^^^^^^^^^^^^^^^^^^^^^^^^^^^^^^^^
  File "C:\Users\takuy\OneDrive\tdnet-excel-input\tools\sync_financials.py", line 139, in upsert_batch
    self._request(
  File "C:\Users\takuy\OneDrive\tdnet-excel-input\tools\sync_financials.py", line 96, in _request
    r.raise_for_status()
  File "C:\Users\takuy\OneDrive\tdnet-excel-input\.venv\Lib\site-packages\requests\models.py", line 1026, in raise_for_status
    raise HTTPError(http_error_msg, response=self)
requests.exceptions.HTTPError: 401 Client Error: Unauthorized for url: https://fvkvfekzoebcolssnteo.supabase.co/rest/v1/financials?on_conflict=ticker%2Cperiod%2Cquarter

During handling of the above exception, another exception occurred:

Traceback (most recent call last):
  File "C:\Users\takuy\AppData\Roaming\uv\python\cpython-3.11-windows-x86_64-none\Lib\logging\__init__.py", line 1113, in emit
    stream.write(msg + self.terminator)
UnicodeEncodeError: 'cp932' codec can't encode character '\u2014' in position 71: illegal multibyte sequence
Call stack:
  File "C:\Users\takuy\OneDrive\tdnet-excel-input\tools\sync_financials.py", line 538, in <module>
    main()
  File "C:\Users\takuy\OneDrive\tdnet-excel-input\tools\sync_financials.py", line 512, in main
    stats = sync(
  File "C:\Users\takuy\OneDrive\tdnet-excel-input\tools\sync_financials.py", line 360, in sync
    logger.error(
Message: "  batch 57/145: FAILED \u2014 401 Client Error: Unauthorized for url: https://fvkvfekzoebcolssnteo.supabase.co/rest/v1/financials?on_conflict=ticker%2Cperiod%2Cquarter\n  (êÊì™çs: {'ticker': '46500', 'period': '2026-03-31', 'quarter': '3Q', 'sales': 3670000000, 'gross_profit': 3313547000, 'operating_profit': -95000000, 'source': 'jquants', 'updated_at': '2026-03-09T08:32:19.007329+09:00'})"
Arguments: ()
--- Logging error ---
Traceback (most recent call last):
  File "C:\Users\takuy\OneDrive\tdnet-excel-input\tools\sync_financials.py", line 96, in _request
    r.raise_for_status()
  File "C:\Users\takuy\OneDrive\tdnet-excel-input\.venv\Lib\site-packages\requests\models.py", line 1026, in raise_for_status
    raise HTTPError(http_error_msg, response=self)
requests.exceptions.HTTPError: 401 Client Error: Unauthorized for url: https://fvkvfekzoebcolssnteo.supabase.co/rest/v1/financials?on_conflict=ticker%2Cperiod%2Cquarter

During handling of the above exception, another exception occurred:

Traceback (most recent call last):
  File "C:\Users\takuy\AppData\Roaming\uv\python\cpython-3.11-windows-x86_64-none\Lib\logging\__init__.py", line 1113, in emit
    stream.write(msg + self.terminator)
UnicodeEncodeError: 'cp932' codec can't encode character '\u2014' in position 61: illegal multibyte sequence
Call stack:
  File "C:\Users\takuy\OneDrive\tdnet-excel-input\tools\sync_financials.py", line 538, in <module>
    main()
  File "C:\Users\takuy\OneDrive\tdnet-excel-input\tools\sync_financials.py", line 512, in main
    stats = sync(
  File "C:\Users\takuy\OneDrive\tdnet-excel-input\tools\sync_financials.py", line 348, in sync
    n = api.upsert_batch(table, chunk, on_conflict="ticker,period,quarter")
  File "C:\Users\takuy\OneDrive\tdnet-excel-input\tools\sync_financials.py", line 139, in upsert_batch
    self._request(
  File "C:\Users\takuy\OneDrive\tdnet-excel-input\tools\sync_financials.py", line 123, in _request
    logger.error(
Message: '[API] HTTP 0 \u2014 ÉäÉgÉâÉCïsâ¬\n  ÉåÉXÉ|ÉìÉX: {"code":"42501","details":null,"hint":null,"message":"new row violates row-level security policy for table \\"financials\\""}'
Arguments: ()
--- Logging error ---
Traceback (most recent call last):
  File "C:\Users\takuy\OneDrive\tdnet-excel-input\tools\sync_financials.py", line 348, in sync
    n = api.upsert_batch(table, chunk, on_conflict="ticker,period,quarter")
        ^^^^^^^^^^^^^^^^^^^^^^^^^^^^^^^^^^^^^^^^^^^^^^^^^^^^^^^^^^^^^^^^^^^
  File "C:\Users\takuy\OneDrive\tdnet-excel-input\tools\sync_financials.py", line 139, in upsert_batch
    self._request(
  File "C:\Users\takuy\OneDrive\tdnet-excel-input\tools\sync_financials.py", line 96, in _request
    r.raise_for_status()
  File "C:\Users\takuy\OneDrive\tdnet-excel-input\.venv\Lib\site-packages\requests\models.py", line 1026, in raise_for_status
    raise HTTPError(http_error_msg, response=self)
requests.exceptions.HTTPError: 401 Client Error: Unauthorized for url: https://fvkvfekzoebcolssnteo.supabase.co/rest/v1/financials?on_conflict=ticker%2Cperiod%2Cquarter

During handling of the above exception, another exception occurred:

Traceback (most recent call last):
  File "C:\Users\takuy\AppData\Roaming\uv\python\cpython-3.11-windows-x86_64-none\Lib\logging\__init__.py", line 1113, in emit
    stream.write(msg + self.terminator)
UnicodeEncodeError: 'cp932' codec can't encode character '\u2014' in position 71: illegal multibyte sequence
Call stack:
  File "C:\Users\takuy\OneDrive\tdnet-excel-input\tools\sync_financials.py", line 538, in <module>
    main()
  File "C:\Users\takuy\OneDrive\tdnet-excel-input\tools\sync_financials.py", line 512, in main
    stats = sync(
  File "C:\Users\takuy\OneDrive\tdnet-excel-input\tools\sync_financials.py", line 360, in sync
    logger.error(
Message: "  batch 58/145: FAILED \u2014 401 Client Error: Unauthorized for url: https://fvkvfekzoebcolssnteo.supabase.co/rest/v1/financials?on_conflict=ticker%2Cperiod%2Cquarter\n  (êÊì™çs: {'ticker': '46900', 'period': '2025-03-31', 'quarter': '1Q', 'sales': 1748000000, 'gross_profit': 381963000, 'operating_profit': 91000000, 'source': 'jquants', 'updated_at': '2026-03-09T08:32:19.007329+09:00'})"
Arguments: ()
--- Logging error ---
Traceback (most recent call last):
  File "C:\Users\takuy\OneDrive\tdnet-excel-input\tools\sync_financials.py", line 96, in _request
    r.raise_for_status()
  File "C:\Users\takuy\OneDrive\tdnet-excel-input\.venv\Lib\site-packages\requests\models.py", line 1026, in raise_for_status
    raise HTTPError(http_error_msg, response=self)
requests.exceptions.HTTPError: 401 Client Error: Unauthorized for url: https://fvkvfekzoebcolssnteo.supabase.co/rest/v1/financials?on_conflict=ticker%2Cperiod%2Cquarter

During handling of the above exception, another exception occurred:

Traceback (most recent call last):
  File "C:\Users\takuy\AppData\Roaming\uv\python\cpython-3.11-windows-x86_64-none\Lib\logging\__init__.py", line 1113, in emit
    stream.write(msg + self.terminator)
UnicodeEncodeError: 'cp932' codec can't encode character '\u2014' in position 61: illegal multibyte sequence
Call stack:
  File "C:\Users\takuy\OneDrive\tdnet-excel-input\tools\sync_financials.py", line 538, in <module>
    main()
  File "C:\Users\takuy\OneDrive\tdnet-excel-input\tools\sync_financials.py", line 512, in main
    stats = sync(
  File "C:\Users\takuy\OneDrive\tdnet-excel-input\tools\sync_financials.py", line 348, in sync
    n = api.upsert_batch(table, chunk, on_conflict="ticker,period,quarter")
  File "C:\Users\takuy\OneDrive\tdnet-excel-input\tools\sync_financials.py", line 139, in upsert_batch
    self._request(
  File "C:\Users\takuy\OneDrive\tdnet-excel-input\tools\sync_financials.py", line 123, in _request
    logger.error(
Message: '[API] HTTP 0 \u2014 ÉäÉgÉâÉCïsâ¬\n  ÉåÉXÉ|ÉìÉX: {"code":"42501","details":null,"hint":null,"message":"new row violates row-level security policy for table \\"financials\\""}'
Arguments: ()
--- Logging error ---
Traceback (most recent call last):
  File "C:\Users\takuy\OneDrive\tdnet-excel-input\tools\sync_financials.py", line 348, in sync
    n = api.upsert_batch(table, chunk, on_conflict="ticker,period,quarter")
        ^^^^^^^^^^^^^^^^^^^^^^^^^^^^^^^^^^^^^^^^^^^^^^^^^^^^^^^^^^^^^^^^^^^
  File "C:\Users\takuy\OneDrive\tdnet-excel-input\tools\sync_financials.py", line 139, in upsert_batch
    self._request(
  File "C:\Users\takuy\OneDrive\tdnet-excel-input\tools\sync_financials.py", line 96, in _request
    r.raise_for_status()
  File "C:\Users\takuy\OneDrive\tdnet-excel-input\.venv\Lib\site-packages\requests\models.py", line 1026, in raise_for_status
    raise HTTPError(http_error_msg, response=self)
requests.exceptions.HTTPError: 401 Client Error: Unauthorized for url: https://fvkvfekzoebcolssnteo.supabase.co/rest/v1/financials?on_conflict=ticker%2Cperiod%2Cquarter

During handling of the above exception, another exception occurred:

Traceback (most recent call last):
  File "C:\Users\takuy\AppData\Roaming\uv\python\cpython-3.11-windows-x86_64-none\Lib\logging\__init__.py", line 1113, in emit
    stream.write(msg + self.terminator)
UnicodeEncodeError: 'cp932' codec can't encode character '\u2014' in position 71: illegal multibyte sequence
Call stack:
  File "C:\Users\takuy\OneDrive\tdnet-excel-input\tools\sync_financials.py", line 538, in <module>
    main()
  File "C:\Users\takuy\OneDrive\tdnet-excel-input\tools\sync_financials.py", line 512, in main
    stats = sync(
  File "C:\Users\takuy\OneDrive\tdnet-excel-input\tools\sync_financials.py", line 360, in sync
    logger.error(
Message: "  batch 59/145: FAILED \u2014 401 Client Error: Unauthorized for url: https://fvkvfekzoebcolssnteo.supabase.co/rest/v1/financials?on_conflict=ticker%2Cperiod%2Cquarter\n  (êÊì™çs: {'ticker': '47540', 'period': '2023-09-30', 'quarter': '2Q', 'sales': 5319000000, 'gross_profit': 1808003000, 'operating_profit': 382000000, 'source': 'jquants', 'updated_at': '2026-03-09T08:32:19.007329+09:00'})"
Arguments: ()
--- Logging error ---
Traceback (most recent call last):
  File "C:\Users\takuy\OneDrive\tdnet-excel-input\tools\sync_financials.py", line 96, in _request
    r.raise_for_status()
  File "C:\Users\takuy\OneDrive\tdnet-excel-input\.venv\Lib\site-packages\requests\models.py", line 1026, in raise_for_status
    raise HTTPError(http_error_msg, response=self)
requests.exceptions.HTTPError: 401 Client Error: Unauthorized for url: https://fvkvfekzoebcolssnteo.supabase.co/rest/v1/financials?on_conflict=ticker%2Cperiod%2Cquarter

During handling of the above exception, another exception occurred:

Traceback (most recent call last):
  File "C:\Users\takuy\AppData\Roaming\uv\python\cpython-3.11-windows-x86_64-none\Lib\logging\__init__.py", line 1113, in emit
    stream.write(msg + self.terminator)
UnicodeEncodeError: 'cp932' codec can't encode character '\u2014' in position 61: illegal multibyte sequence
Call stack:
  File "C:\Users\takuy\OneDrive\tdnet-excel-input\tools\sync_financials.py", line 538, in <module>
    main()
  File "C:\Users\takuy\OneDrive\tdnet-excel-input\tools\sync_financials.py", line 512, in main
    stats = sync(
  File "C:\Users\takuy\OneDrive\tdnet-excel-input\tools\sync_financials.py", line 348, in sync
    n = api.upsert_batch(table, chunk, on_conflict="ticker,period,quarter")
  File "C:\Users\takuy\OneDrive\tdnet-excel-input\tools\sync_financials.py", line 139, in upsert_batch
    self._request(
  File "C:\Users\takuy\OneDrive\tdnet-excel-input\tools\sync_financials.py", line 123, in _request
    logger.error(
Message: '[API] HTTP 0 \u2014 ÉäÉgÉâÉCïsâ¬\n  ÉåÉXÉ|ÉìÉX: {"code":"42501","details":null,"hint":null,"message":"new row violates row-level security policy for table \\"financials\\""}'
Arguments: ()
--- Logging error ---
Traceback (most recent call last):
  File "C:\Users\takuy\OneDrive\tdnet-excel-input\tools\sync_financials.py", line 348, in sync
    n = api.upsert_batch(table, chunk, on_conflict="ticker,period,quarter")
        ^^^^^^^^^^^^^^^^^^^^^^^^^^^^^^^^^^^^^^^^^^^^^^^^^^^^^^^^^^^^^^^^^^^
  File "C:\Users\takuy\OneDrive\tdnet-excel-input\tools\sync_financials.py", line 139, in upsert_batch
    self._request(
  File "C:\Users\takuy\OneDrive\tdnet-excel-input\tools\sync_financials.py", line 96, in _request
    r.raise_for_status()
  File "C:\Users\takuy\OneDrive\tdnet-excel-input\.venv\Lib\site-packages\requests\models.py", line 1026, in raise_for_status
    raise HTTPError(http_error_msg, response=self)
requests.exceptions.HTTPError: 401 Client Error: Unauthorized for url: https://fvkvfekzoebcolssnteo.supabase.co/rest/v1/financials?on_conflict=ticker%2Cperiod%2Cquarter

During handling of the above exception, another exception occurred:

Traceback (most recent call last):
  File "C:\Users\takuy\AppData\Roaming\uv\python\cpython-3.11-windows-x86_64-none\Lib\logging\__init__.py", line 1113, in emit
    stream.write(msg + self.terminator)
UnicodeEncodeError: 'cp932' codec can't encode character '\u2014' in position 71: illegal multibyte sequence
Call stack:
  File "C:\Users\takuy\OneDrive\tdnet-excel-input\tools\sync_financials.py", line 538, in <module>
    main()
  File "C:\Users\takuy\OneDrive\tdnet-excel-input\tools\sync_financials.py", line 512, in main
    stats = sync(
  File "C:\Users\takuy\OneDrive\tdnet-excel-input\tools\sync_financials.py", line 360, in sync
    logger.error(
Message: "  batch 60/145: FAILED \u2014 401 Client Error: Unauthorized for url: https://fvkvfekzoebcolssnteo.supabase.co/rest/v1/financials?on_conflict=ticker%2Cperiod%2Cquarter\n  (êÊì™çs: {'ticker': '48160', 'period': '2024-03-31', 'quarter': '1Q', 'sales': 19884000000, 'gross_profit': 5528000000, 'operating_profit': 2095000000, 'source': 'jquants', 'updated_at': '2026-03-09T08:32:19.007329+09:00'})"
Arguments: ()
--- Logging error ---
Traceback (most recent call last):
  File "C:\Users\takuy\OneDrive\tdnet-excel-input\tools\sync_financials.py", line 96, in _request
    r.raise_for_status()
  File "C:\Users\takuy\OneDrive\tdnet-excel-input\.venv\Lib\site-packages\requests\models.py", line 1026, in raise_for_status
    raise HTTPError(http_error_msg, response=self)
requests.exceptions.HTTPError: 401 Client Error: Unauthorized for url: https://fvkvfekzoebcolssnteo.supabase.co/rest/v1/financials?on_conflict=ticker%2Cperiod%2Cquarter

During handling of the above exception, another exception occurred:

Traceback (most recent call last):
  File "C:\Users\takuy\AppData\Roaming\uv\python\cpython-3.11-windows-x86_64-none\Lib\logging\__init__.py", line 1113, in emit
    stream.write(msg + self.terminator)
UnicodeEncodeError: 'cp932' codec can't encode character '\u2014' in position 61: illegal multibyte sequence
Call stack:
  File "C:\Users\takuy\OneDrive\tdnet-excel-input\tools\sync_financials.py", line 538, in <module>
    main()
  File "C:\Users\takuy\OneDrive\tdnet-excel-input\tools\sync_financials.py", line 512, in main
    stats = sync(
  File "C:\Users\takuy\OneDrive\tdnet-excel-input\tools\sync_financials.py", line 348, in sync
    n = api.upsert_batch(table, chunk, on_conflict="ticker,period,quarter")
  File "C:\Users\takuy\OneDrive\tdnet-excel-input\tools\sync_financials.py", line 139, in upsert_batch
    self._request(
  File "C:\Users\takuy\OneDrive\tdnet-excel-input\tools\sync_financials.py", line 123, in _request
    logger.error(
Message: '[API] HTTP 0 \u2014 ÉäÉgÉâÉCïsâ¬\n  ÉåÉXÉ|ÉìÉX: {"code":"42501","details":null,"hint":null,"message":"new row violates row-level security policy for table \\"financials\\""}'
Arguments: ()
--- Logging error ---
Traceback (most recent call last):
  File "C:\Users\takuy\OneDrive\tdnet-excel-input\tools\sync_financials.py", line 348, in sync
    n = api.upsert_batch(table, chunk, on_conflict="ticker,period,quarter")
        ^^^^^^^^^^^^^^^^^^^^^^^^^^^^^^^^^^^^^^^^^^^^^^^^^^^^^^^^^^^^^^^^^^^
  File "C:\Users\takuy\OneDrive\tdnet-excel-input\tools\sync_financials.py", line 139, in upsert_batch
    self._request(
  File "C:\Users\takuy\OneDrive\tdnet-excel-input\tools\sync_financials.py", line 96, in _request
    r.raise_for_status()
  File "C:\Users\takuy\OneDrive\tdnet-excel-input\.venv\Lib\site-packages\requests\models.py", line 1026, in raise_for_status
    raise HTTPError(http_error_msg, response=self)
requests.exceptions.HTTPError: 401 Client Error: Unauthorized for url: https://fvkvfekzoebcolssnteo.supabase.co/rest/v1/financials?on_conflict=ticker%2Cperiod%2Cquarter

During handling of the above exception, another exception occurred:

Traceback (most recent call last):
  File "C:\Users\takuy\AppData\Roaming\uv\python\cpython-3.11-windows-x86_64-none\Lib\logging\__init__.py", line 1113, in emit
    stream.write(msg + self.terminator)
UnicodeEncodeError: 'cp932' codec can't encode character '\u2014' in position 71: illegal multibyte sequence
Call stack:
  File "C:\Users\takuy\OneDrive\tdnet-excel-input\tools\sync_financials.py", line 538, in <module>
    main()
  File "C:\Users\takuy\OneDrive\tdnet-excel-input\tools\sync_financials.py", line 512, in main
    stats = sync(
  File "C:\Users\takuy\OneDrive\tdnet-excel-input\tools\sync_financials.py", line 360, in sync
    logger.error(
Message: "  batch 61/145: FAILED \u2014 401 Client Error: Unauthorized for url: https://fvkvfekzoebcolssnteo.supabase.co/rest/v1/financials?on_conflict=ticker%2Cperiod%2Cquarter\n  (êÊì™çs: {'ticker': '48890', 'period': '2023-03-31', 'quarter': '3Q', 'sales': 30000000, 'gross_profit': 29750000, 'operating_profit': -225000000, 'source': 'jquants', 'updated_at': '2026-03-09T08:32:19.007329+09:00'})"
Arguments: ()
--- Logging error ---
Traceback (most recent call last):
  File "C:\Users\takuy\OneDrive\tdnet-excel-input\tools\sync_financials.py", line 96, in _request
    r.raise_for_status()
  File "C:\Users\takuy\OneDrive\tdnet-excel-input\.venv\Lib\site-packages\requests\models.py", line 1026, in raise_for_status
    raise HTTPError(http_error_msg, response=self)
requests.exceptions.HTTPError: 401 Client Error: Unauthorized for url: https://fvkvfekzoebcolssnteo.supabase.co/rest/v1/financials?on_conflict=ticker%2Cperiod%2Cquarter

During handling of the above exception, another exception occurred:

Traceback (most recent call last):
  File "C:\Users\takuy\AppData\Roaming\uv\python\cpython-3.11-windows-x86_64-none\Lib\logging\__init__.py", line 1113, in emit
    stream.write(msg + self.terminator)
UnicodeEncodeError: 'cp932' codec can't encode character '\u2014' in position 61: illegal multibyte sequence
Call stack:
  File "C:\Users\takuy\OneDrive\tdnet-excel-input\tools\sync_financials.py", line 538, in <module>
    main()
  File "C:\Users\takuy\OneDrive\tdnet-excel-input\tools\sync_financials.py", line 512, in main
    stats = sync(
  File "C:\Users\takuy\OneDrive\tdnet-excel-input\tools\sync_financials.py", line 348, in sync
    n = api.upsert_batch(table, chunk, on_conflict="ticker,period,quarter")
  File "C:\Users\takuy\OneDrive\tdnet-excel-input\tools\sync_financials.py", line 139, in upsert_batch
    self._request(
  File "C:\Users\takuy\OneDrive\tdnet-excel-input\tools\sync_financials.py", line 123, in _request
    logger.error(
Message: '[API] HTTP 0 \u2014 ÉäÉgÉâÉCïsâ¬\n  ÉåÉXÉ|ÉìÉX: {"code":"42501","details":null,"hint":null,"message":"new row violates row-level security policy for table \\"financials\\""}'
Arguments: ()
--- Logging error ---
Traceback (most recent call last):
  File "C:\Users\takuy\OneDrive\tdnet-excel-input\tools\sync_financials.py", line 348, in sync
    n = api.upsert_batch(table, chunk, on_conflict="ticker,period,quarter")
        ^^^^^^^^^^^^^^^^^^^^^^^^^^^^^^^^^^^^^^^^^^^^^^^^^^^^^^^^^^^^^^^^^^^
  File "C:\Users\takuy\OneDrive\tdnet-excel-input\tools\sync_financials.py", line 139, in upsert_batch
    self._request(
  File "C:\Users\takuy\OneDrive\tdnet-excel-input\tools\sync_financials.py", line 96, in _request
    r.raise_for_status()
  File "C:\Users\takuy\OneDrive\tdnet-excel-input\.venv\Lib\site-packages\requests\models.py", line 1026, in raise_for_status
    raise HTTPError(http_error_msg, response=self)
requests.exceptions.HTTPError: 401 Client Error: Unauthorized for url: https://fvkvfekzoebcolssnteo.supabase.co/rest/v1/financials?on_conflict=ticker%2Cperiod%2Cquarter

During handling of the above exception, another exception occurred:

Traceback (most recent call last):
  File "C:\Users\takuy\AppData\Roaming\uv\python\cpython-3.11-windows-x86_64-none\Lib\logging\__init__.py", line 1113, in emit
    stream.write(msg + self.terminator)
UnicodeEncodeError: 'cp932' codec can't encode character '\u2014' in position 71: illegal multibyte sequence
Call stack:
  File "C:\Users\takuy\OneDrive\tdnet-excel-input\tools\sync_financials.py", line 538, in <module>
    main()
  File "C:\Users\takuy\OneDrive\tdnet-excel-input\tools\sync_financials.py", line 512, in main
    stats = sync(
  File "C:\Users\takuy\OneDrive\tdnet-excel-input\tools\sync_financials.py", line 360, in sync
    logger.error(
Message: "  batch 62/145: FAILED \u2014 401 Client Error: Unauthorized for url: https://fvkvfekzoebcolssnteo.supabase.co/rest/v1/financials?on_conflict=ticker%2Cperiod%2Cquarter\n  (êÊì™çs: {'ticker': '49350', 'period': '2023-12-31', 'quarter': 'FY', 'sales': 7087000000, 'gross_profit': 2853650000, 'operating_profit': 172000000, 'source': 'jquants', 'updated_at': '2026-03-09T08:32:19.007329+09:00'})"
Arguments: ()
--- Logging error ---
Traceback (most recent call last):
  File "C:\Users\takuy\OneDrive\tdnet-excel-input\tools\sync_financials.py", line 96, in _request
    r.raise_for_status()
  File "C:\Users\takuy\OneDrive\tdnet-excel-input\.venv\Lib\site-packages\requests\models.py", line 1026, in raise_for_status
    raise HTTPError(http_error_msg, response=self)
requests.exceptions.HTTPError: 401 Client Error: Unauthorized for url: https://fvkvfekzoebcolssnteo.supabase.co/rest/v1/financials?on_conflict=ticker%2Cperiod%2Cquarter

During handling of the above exception, another exception occurred:

Traceback (most recent call last):
  File "C:\Users\takuy\AppData\Roaming\uv\python\cpython-3.11-windows-x86_64-none\Lib\logging\__init__.py", line 1113, in emit
    stream.write(msg + self.terminator)
UnicodeEncodeError: 'cp932' codec can't encode character '\u2014' in position 61: illegal multibyte sequence
Call stack:
  File "C:\Users\takuy\OneDrive\tdnet-excel-input\tools\sync_financials.py", line 538, in <module>
    main()
  File "C:\Users\takuy\OneDrive\tdnet-excel-input\tools\sync_financials.py", line 512, in main
    stats = sync(
  File "C:\Users\takuy\OneDrive\tdnet-excel-input\tools\sync_financials.py", line 348, in sync
    n = api.upsert_batch(table, chunk, on_conflict="ticker,period,quarter")
  File "C:\Users\takuy\OneDrive\tdnet-excel-input\tools\sync_financials.py", line 139, in upsert_batch
    self._request(
  File "C:\Users\takuy\OneDrive\tdnet-excel-input\tools\sync_financials.py", line 123, in _request
    logger.error(
Message: '[API] HTTP 0 \u2014 ÉäÉgÉâÉCïsâ¬\n  ÉåÉXÉ|ÉìÉX: {"code":"42501","details":null,"hint":null,"message":"new row violates row-level security policy for table \\"financials\\""}'
Arguments: ()
--- Logging error ---
Traceback (most recent call last):
  File "C:\Users\takuy\OneDrive\tdnet-excel-input\tools\sync_financials.py", line 348, in sync
    n = api.upsert_batch(table, chunk, on_conflict="ticker,period,quarter")
        ^^^^^^^^^^^^^^^^^^^^^^^^^^^^^^^^^^^^^^^^^^^^^^^^^^^^^^^^^^^^^^^^^^^
  File "C:\Users\takuy\OneDrive\tdnet-excel-input\tools\sync_financials.py", line 139, in upsert_batch
    self._request(
  File "C:\Users\takuy\OneDrive\tdnet-excel-input\tools\sync_financials.py", line 96, in _request
    r.raise_for_status()
  File "C:\Users\takuy\OneDrive\tdnet-excel-input\.venv\Lib\site-packages\requests\models.py", line 1026, in raise_for_status
    raise HTTPError(http_error_msg, response=self)
requests.exceptions.HTTPError: 401 Client Error: Unauthorized for url: https://fvkvfekzoebcolssnteo.supabase.co/rest/v1/financials?on_conflict=ticker%2Cperiod%2Cquarter

During handling of the above exception, another exception occurred:

Traceback (most recent call last):
  File "C:\Users\takuy\AppData\Roaming\uv\python\cpython-3.11-windows-x86_64-none\Lib\logging\__init__.py", line 1113, in emit
    stream.write(msg + self.terminator)
UnicodeEncodeError: 'cp932' codec can't encode character '\u2014' in position 71: illegal multibyte sequence
Call stack:
  File "C:\Users\takuy\OneDrive\tdnet-excel-input\tools\sync_financials.py", line 538, in <module>
    main()
  File "C:\Users\takuy\OneDrive\tdnet-excel-input\tools\sync_financials.py", line 512, in main
    stats = sync(
  File "C:\Users\takuy\OneDrive\tdnet-excel-input\tools\sync_financials.py", line 360, in sync
    logger.error(
Message: "  batch 63/145: FAILED \u2014 401 Client Error: Unauthorized for url: https://fvkvfekzoebcolssnteo.supabase.co/rest/v1/financials?on_conflict=ticker%2Cperiod%2Cquarter\n  (êÊì™çs: {'ticker': '49940', 'period': '2024-03-31', 'quarter': '3Q', 'sales': 21369000000, 'gross_profit': 5260277000, 'operating_profit': 1254000000, 'source': 'jquants', 'updated_at': '2026-03-09T08:32:19.007329+09:00'})"
Arguments: ()
--- Logging error ---
Traceback (most recent call last):
  File "C:\Users\takuy\OneDrive\tdnet-excel-input\tools\sync_financials.py", line 96, in _request
    r.raise_for_status()
  File "C:\Users\takuy\OneDrive\tdnet-excel-input\.venv\Lib\site-packages\requests\models.py", line 1026, in raise_for_status
    raise HTTPError(http_error_msg, response=self)
requests.exceptions.HTTPError: 401 Client Error: Unauthorized for url: https://fvkvfekzoebcolssnteo.supabase.co/rest/v1/financials?on_conflict=ticker%2Cperiod%2Cquarter

During handling of the above exception, another exception occurred:

Traceback (most recent call last):
  File "C:\Users\takuy\AppData\Roaming\uv\python\cpython-3.11-windows-x86_64-none\Lib\logging\__init__.py", line 1113, in emit
    stream.write(msg + self.terminator)
UnicodeEncodeError: 'cp932' codec can't encode character '\u2014' in position 61: illegal multibyte sequence
Call stack:
  File "C:\Users\takuy\OneDrive\tdnet-excel-input\tools\sync_financials.py", line 538, in <module>
    main()
  File "C:\Users\takuy\OneDrive\tdnet-excel-input\tools\sync_financials.py", line 512, in main
    stats = sync(
  File "C:\Users\takuy\OneDrive\tdnet-excel-input\tools\sync_financials.py", line 348, in sync
    n = api.upsert_batch(table, chunk, on_conflict="ticker,period,quarter")
  File "C:\Users\takuy\OneDrive\tdnet-excel-input\tools\sync_financials.py", line 139, in upsert_batch
    self._request(
  File "C:\Users\takuy\OneDrive\tdnet-excel-input\tools\sync_financials.py", line 123, in _request
    logger.error(
Message: '[API] HTTP 0 \u2014 ÉäÉgÉâÉCïsâ¬\n  ÉåÉXÉ|ÉìÉX: {"code":"42501","details":null,"hint":null,"message":"new row violates row-level security policy for table \\"financials\\""}'
Arguments: ()
--- Logging error ---
Traceback (most recent call last):
  File "C:\Users\takuy\OneDrive\tdnet-excel-input\tools\sync_financials.py", line 348, in sync
    n = api.upsert_batch(table, chunk, on_conflict="ticker,period,quarter")
        ^^^^^^^^^^^^^^^^^^^^^^^^^^^^^^^^^^^^^^^^^^^^^^^^^^^^^^^^^^^^^^^^^^^
  File "C:\Users\takuy\OneDrive\tdnet-excel-input\tools\sync_financials.py", line 139, in upsert_batch
    self._request(
  File "C:\Users\takuy\OneDrive\tdnet-excel-input\tools\sync_financials.py", line 96, in _request
    r.raise_for_status()
  File "C:\Users\takuy\OneDrive\tdnet-excel-input\.venv\Lib\site-packages\requests\models.py", line 1026, in raise_for_status
    raise HTTPError(http_error_msg, response=self)
requests.exceptions.HTTPError: 401 Client Error: Unauthorized for url: https://fvkvfekzoebcolssnteo.supabase.co/rest/v1/financials?on_conflict=ticker%2Cperiod%2Cquarter

During handling of the above exception, another exception occurred:

Traceback (most recent call last):
  File "C:\Users\takuy\AppData\Roaming\uv\python\cpython-3.11-windows-x86_64-none\Lib\logging\__init__.py", line 1113, in emit
    stream.write(msg + self.terminator)
UnicodeEncodeError: 'cp932' codec can't encode character '\u2014' in position 71: illegal multibyte sequence
Call stack:
  File "C:\Users\takuy\OneDrive\tdnet-excel-input\tools\sync_financials.py", line 538, in <module>
    main()
  File "C:\Users\takuy\OneDrive\tdnet-excel-input\tools\sync_financials.py", line 512, in main
    stats = sync(
  File "C:\Users\takuy\OneDrive\tdnet-excel-input\tools\sync_financials.py", line 360, in sync
    logger.error(
Message: "  batch 64/145: FAILED \u2014 401 Client Error: Unauthorized for url: https://fvkvfekzoebcolssnteo.supabase.co/rest/v1/financials?on_conflict=ticker%2Cperiod%2Cquarter\n  (êÊì™çs: {'ticker': '50790', 'period': '2025-04-30', 'quarter': '2Q', 'sales': 12996000000, 'gross_profit': 895791000, 'operating_profit': 138000000, 'source': 'jquants', 'updated_at': '2026-03-09T08:32:19.007329+09:00'})"
Arguments: ()
--- Logging error ---
Traceback (most recent call last):
  File "C:\Users\takuy\OneDrive\tdnet-excel-input\tools\sync_financials.py", line 96, in _request
    r.raise_for_status()
  File "C:\Users\takuy\OneDrive\tdnet-excel-input\.venv\Lib\site-packages\requests\models.py", line 1026, in raise_for_status
    raise HTTPError(http_error_msg, response=self)
requests.exceptions.HTTPError: 401 Client Error: Unauthorized for url: https://fvkvfekzoebcolssnteo.supabase.co/rest/v1/financials?on_conflict=ticker%2Cperiod%2Cquarter

During handling of the above exception, another exception occurred:

Traceback (most recent call last):
  File "C:\Users\takuy\AppData\Roaming\uv\python\cpython-3.11-windows-x86_64-none\Lib\logging\__init__.py", line 1113, in emit
    stream.write(msg + self.terminator)
UnicodeEncodeError: 'cp932' codec can't encode character '\u2014' in position 61: illegal multibyte sequence
Call stack:
  File "C:\Users\takuy\OneDrive\tdnet-excel-input\tools\sync_financials.py", line 538, in <module>
    main()
  File "C:\Users\takuy\OneDrive\tdnet-excel-input\tools\sync_financials.py", line 512, in main
    stats = sync(
  File "C:\Users\takuy\OneDrive\tdnet-excel-input\tools\sync_financials.py", line 348, in sync
    n = api.upsert_batch(table, chunk, on_conflict="ticker,period,quarter")
  File "C:\Users\takuy\OneDrive\tdnet-excel-input\tools\sync_financials.py", line 139, in upsert_batch
    self._request(
  File "C:\Users\takuy\OneDrive\tdnet-excel-input\tools\sync_financials.py", line 123, in _request
    logger.error(
Message: '[API] HTTP 0 \u2014 ÉäÉgÉâÉCïsâ¬\n  ÉåÉXÉ|ÉìÉX: {"code":"42501","details":null,"hint":null,"message":"new row violates row-level security policy for table \\"financials\\""}'
Arguments: ()
--- Logging error ---
Traceback (most recent call last):
  File "C:\Users\takuy\OneDrive\tdnet-excel-input\tools\sync_financials.py", line 348, in sync
    n = api.upsert_batch(table, chunk, on_conflict="ticker,period,quarter")
        ^^^^^^^^^^^^^^^^^^^^^^^^^^^^^^^^^^^^^^^^^^^^^^^^^^^^^^^^^^^^^^^^^^^
  File "C:\Users\takuy\OneDrive\tdnet-excel-input\tools\sync_financials.py", line 139, in upsert_batch
    self._request(
  File "C:\Users\takuy\OneDrive\tdnet-excel-input\tools\sync_financials.py", line 96, in _request
    r.raise_for_status()
  File "C:\Users\takuy\OneDrive\tdnet-excel-input\.venv\Lib\site-packages\requests\models.py", line 1026, in raise_for_status
    raise HTTPError(http_error_msg, response=self)
requests.exceptions.HTTPError: 401 Client Error: Unauthorized for url: https://fvkvfekzoebcolssnteo.supabase.co/rest/v1/financials?on_conflict=ticker%2Cperiod%2Cquarter

During handling of the above exception, another exception occurred:

Traceback (most recent call last):
  File "C:\Users\takuy\AppData\Roaming\uv\python\cpython-3.11-windows-x86_64-none\Lib\logging\__init__.py", line 1113, in emit
    stream.write(msg + self.terminator)
UnicodeEncodeError: 'cp932' codec can't encode character '\u2014' in position 71: illegal multibyte sequence
Call stack:
  File "C:\Users\takuy\OneDrive\tdnet-excel-input\tools\sync_financials.py", line 538, in <module>
    main()
  File "C:\Users\takuy\OneDrive\tdnet-excel-input\tools\sync_financials.py", line 512, in main
    stats = sync(
  File "C:\Users\takuy\OneDrive\tdnet-excel-input\tools\sync_financials.py", line 360, in sync
    logger.error(
Message: "  batch 65/145: FAILED \u2014 401 Client Error: Unauthorized for url: https://fvkvfekzoebcolssnteo.supabase.co/rest/v1/financials?on_conflict=ticker%2Cperiod%2Cquarter\n  (êÊì™çs: {'ticker': '51950', 'period': '2022-03-31', 'quarter': '3Q', 'sales': 69646000000, 'gross_profit': 21733000000, 'operating_profit': 7018000000, 'source': 'jquants', 'updated_at': '2026-03-09T08:32:19.007329+09:00'})"
Arguments: ()
--- Logging error ---
Traceback (most recent call last):
  File "C:\Users\takuy\OneDrive\tdnet-excel-input\tools\sync_financials.py", line 96, in _request
    r.raise_for_status()
  File "C:\Users\takuy\OneDrive\tdnet-excel-input\.venv\Lib\site-packages\requests\models.py", line 1026, in raise_for_status
    raise HTTPError(http_error_msg, response=self)
requests.exceptions.HTTPError: 401 Client Error: Unauthorized for url: https://fvkvfekzoebcolssnteo.supabase.co/rest/v1/financials?on_conflict=ticker%2Cperiod%2Cquarter

During handling of the above exception, another exception occurred:

Traceback (most recent call last):
  File "C:\Users\takuy\AppData\Roaming\uv\python\cpython-3.11-windows-x86_64-none\Lib\logging\__init__.py", line 1113, in emit
    stream.write(msg + self.terminator)
UnicodeEncodeError: 'cp932' codec can't encode character '\u2014' in position 61: illegal multibyte sequence
Call stack:
  File "C:\Users\takuy\OneDrive\tdnet-excel-input\tools\sync_financials.py", line 538, in <module>
    main()
  File "C:\Users\takuy\OneDrive\tdnet-excel-input\tools\sync_financials.py", line 512, in main
    stats = sync(
  File "C:\Users\takuy\OneDrive\tdnet-excel-input\tools\sync_financials.py", line 348, in sync
    n = api.upsert_batch(table, chunk, on_conflict="ticker,period,quarter")
  File "C:\Users\takuy\OneDrive\tdnet-excel-input\tools\sync_financials.py", line 139, in upsert_batch
    self._request(
  File "C:\Users\takuy\OneDrive\tdnet-excel-input\tools\sync_financials.py", line 123, in _request
    logger.error(
Message: '[API] HTTP 0 \u2014 ÉäÉgÉâÉCïsâ¬\n  ÉåÉXÉ|ÉìÉX: {"code":"42501","details":null,"hint":null,"message":"new row violates row-level security policy for table \\"financials\\""}'
Arguments: ()
--- Logging error ---
Traceback (most recent call last):
  File "C:\Users\takuy\OneDrive\tdnet-excel-input\tools\sync_financials.py", line 348, in sync
    n = api.upsert_batch(table, chunk, on_conflict="ticker,period,quarter")
        ^^^^^^^^^^^^^^^^^^^^^^^^^^^^^^^^^^^^^^^^^^^^^^^^^^^^^^^^^^^^^^^^^^^
  File "C:\Users\takuy\OneDrive\tdnet-excel-input\tools\sync_financials.py", line 139, in upsert_batch
    self._request(
  File "C:\Users\takuy\OneDrive\tdnet-excel-input\tools\sync_financials.py", line 96, in _request
    r.raise_for_status()
  File "C:\Users\takuy\OneDrive\tdnet-excel-input\.venv\Lib\site-packages\requests\models.py", line 1026, in raise_for_status
    raise HTTPError(http_error_msg, response=self)
requests.exceptions.HTTPError: 401 Client Error: Unauthorized for url: https://fvkvfekzoebcolssnteo.supabase.co/rest/v1/financials?on_conflict=ticker%2Cperiod%2Cquarter

During handling of the above exception, another exception occurred:

Traceback (most recent call last):
  File "C:\Users\takuy\AppData\Roaming\uv\python\cpython-3.11-windows-x86_64-none\Lib\logging\__init__.py", line 1113, in emit
    stream.write(msg + self.terminator)
UnicodeEncodeError: 'cp932' codec can't encode character '\u2014' in position 71: illegal multibyte sequence
Call stack:
  File "C:\Users\takuy\OneDrive\tdnet-excel-input\tools\sync_financials.py", line 538, in <module>
    main()
  File "C:\Users\takuy\OneDrive\tdnet-excel-input\tools\sync_financials.py", line 512, in main
    stats = sync(
  File "C:\Users\takuy\OneDrive\tdnet-excel-input\tools\sync_financials.py", line 360, in sync
    logger.error(
Message: "  batch 66/145: FAILED \u2014 401 Client Error: Unauthorized for url: https://fvkvfekzoebcolssnteo.supabase.co/rest/v1/financials?on_conflict=ticker%2Cperiod%2Cquarter\n  (êÊì™çs: {'ticker': '52680', 'period': '2021-03-31', 'quarter': 'FY', 'sales': 8417000000, 'gross_profit': 1474519000, 'operating_profit': 508000000, 'source': 'jquants', 'updated_at': '2026-03-09T08:32:19.007329+09:00'})"
Arguments: ()
--- Logging error ---
Traceback (most recent call last):
  File "C:\Users\takuy\OneDrive\tdnet-excel-input\tools\sync_financials.py", line 96, in _request
    r.raise_for_status()
  File "C:\Users\takuy\OneDrive\tdnet-excel-input\.venv\Lib\site-packages\requests\models.py", line 1026, in raise_for_status
    raise HTTPError(http_error_msg, response=self)
requests.exceptions.HTTPError: 401 Client Error: Unauthorized for url: https://fvkvfekzoebcolssnteo.supabase.co/rest/v1/financials?on_conflict=ticker%2Cperiod%2Cquarter

During handling of the above exception, another exception occurred:

Traceback (most recent call last):
  File "C:\Users\takuy\AppData\Roaming\uv\python\cpython-3.11-windows-x86_64-none\Lib\logging\__init__.py", line 1113, in emit
    stream.write(msg + self.terminator)
UnicodeEncodeError: 'cp932' codec can't encode character '\u2014' in position 61: illegal multibyte sequence
Call stack:
  File "C:\Users\takuy\OneDrive\tdnet-excel-input\tools\sync_financials.py", line 538, in <module>
    main()
  File "C:\Users\takuy\OneDrive\tdnet-excel-input\tools\sync_financials.py", line 512, in main
    stats = sync(
  File "C:\Users\takuy\OneDrive\tdnet-excel-input\tools\sync_financials.py", line 348, in sync
    n = api.upsert_batch(table, chunk, on_conflict="ticker,period,quarter")
  File "C:\Users\takuy\OneDrive\tdnet-excel-input\tools\sync_financials.py", line 139, in upsert_batch
    self._request(
  File "C:\Users\takuy\OneDrive\tdnet-excel-input\tools\sync_financials.py", line 123, in _request
    logger.error(
Message: '[API] HTTP 0 \u2014 ÉäÉgÉâÉCïsâ¬\n  ÉåÉXÉ|ÉìÉX: {"code":"42501","details":null,"hint":null,"message":"new row violates row-level security policy for table \\"financials\\""}'
Arguments: ()
--- Logging error ---
Traceback (most recent call last):
  File "C:\Users\takuy\OneDrive\tdnet-excel-input\tools\sync_financials.py", line 348, in sync
    n = api.upsert_batch(table, chunk, on_conflict="ticker,period,quarter")
        ^^^^^^^^^^^^^^^^^^^^^^^^^^^^^^^^^^^^^^^^^^^^^^^^^^^^^^^^^^^^^^^^^^^
  File "C:\Users\takuy\OneDrive\tdnet-excel-input\tools\sync_financials.py", line 139, in upsert_batch
    self._request(
  File "C:\Users\takuy\OneDrive\tdnet-excel-input\tools\sync_financials.py", line 96, in _request
    r.raise_for_status()
  File "C:\Users\takuy\OneDrive\tdnet-excel-input\.venv\Lib\site-packages\requests\models.py", line 1026, in raise_for_status
    raise HTTPError(http_error_msg, response=self)
requests.exceptions.HTTPError: 401 Client Error: Unauthorized for url: https://fvkvfekzoebcolssnteo.supabase.co/rest/v1/financials?on_conflict=ticker%2Cperiod%2Cquarter

During handling of the above exception, another exception occurred:

Traceback (most recent call last):
  File "C:\Users\takuy\AppData\Roaming\uv\python\cpython-3.11-windows-x86_64-none\Lib\logging\__init__.py", line 1113, in emit
    stream.write(msg + self.terminator)
UnicodeEncodeError: 'cp932' codec can't encode character '\u2014' in position 71: illegal multibyte sequence
Call stack:
  File "C:\Users\takuy\OneDrive\tdnet-excel-input\tools\sync_financials.py", line 538, in <module>
    main()
  File "C:\Users\takuy\OneDrive\tdnet-excel-input\tools\sync_financials.py", line 512, in main
    stats = sync(
  File "C:\Users\takuy\OneDrive\tdnet-excel-input\tools\sync_financials.py", line 360, in sync
    logger.error(
Message: "  batch 67/145: FAILED \u2014 401 Client Error: Unauthorized for url: https://fvkvfekzoebcolssnteo.supabase.co/rest/v1/financials?on_conflict=ticker%2Cperiod%2Cquarter\n  (êÊì™çs: {'ticker': '53510', 'period': '2025-03-31', 'quarter': '2Q', 'sales': 68230000000, 'gross_profit': 16167000000, 'operating_profit': 6336000000, 'source': 'jquants', 'updated_at': '2026-03-09T08:32:19.007329+09:00'})"
Arguments: ()
--- Logging error ---
Traceback (most recent call last):
  File "C:\Users\takuy\OneDrive\tdnet-excel-input\tools\sync_financials.py", line 96, in _request
    r.raise_for_status()
  File "C:\Users\takuy\OneDrive\tdnet-excel-input\.venv\Lib\site-packages\requests\models.py", line 1026, in raise_for_status
    raise HTTPError(http_error_msg, response=self)
requests.exceptions.HTTPError: 401 Client Error: Unauthorized for url: https://fvkvfekzoebcolssnteo.supabase.co/rest/v1/financials?on_conflict=ticker%2Cperiod%2Cquarter

During handling of the above exception, another exception occurred:

Traceback (most recent call last):
  File "C:\Users\takuy\AppData\Roaming\uv\python\cpython-3.11-windows-x86_64-none\Lib\logging\__init__.py", line 1113, in emit
    stream.write(msg + self.terminator)
UnicodeEncodeError: 'cp932' codec can't encode character '\u2014' in position 61: illegal multibyte sequence
Call stack:
  File "C:\Users\takuy\OneDrive\tdnet-excel-input\tools\sync_financials.py", line 538, in <module>
    main()
  File "C:\Users\takuy\OneDrive\tdnet-excel-input\tools\sync_financials.py", line 512, in main
    stats = sync(
  File "C:\Users\takuy\OneDrive\tdnet-excel-input\tools\sync_financials.py", line 348, in sync
    n = api.upsert_batch(table, chunk, on_conflict="ticker,period,quarter")
  File "C:\Users\takuy\OneDrive\tdnet-excel-input\tools\sync_financials.py", line 139, in upsert_batch
    self._request(
  File "C:\Users\takuy\OneDrive\tdnet-excel-input\tools\sync_financials.py", line 123, in _request
    logger.error(
Message: '[API] HTTP 0 \u2014 ÉäÉgÉâÉCïsâ¬\n  ÉåÉXÉ|ÉìÉX: {"code":"42501","details":null,"hint":null,"message":"new row violates row-level security policy for table \\"financials\\""}'
Arguments: ()
--- Logging error ---
Traceback (most recent call last):
  File "C:\Users\takuy\OneDrive\tdnet-excel-input\tools\sync_financials.py", line 348, in sync
    n = api.upsert_batch(table, chunk, on_conflict="ticker,period,quarter")
        ^^^^^^^^^^^^^^^^^^^^^^^^^^^^^^^^^^^^^^^^^^^^^^^^^^^^^^^^^^^^^^^^^^^
  File "C:\Users\takuy\OneDrive\tdnet-excel-input\tools\sync_financials.py", line 139, in upsert_batch
    self._request(
  File "C:\Users\takuy\OneDrive\tdnet-excel-input\tools\sync_financials.py", line 96, in _request
    r.raise_for_status()
  File "C:\Users\takuy\OneDrive\tdnet-excel-input\.venv\Lib\site-packages\requests\models.py", line 1026, in raise_for_status
    raise HTTPError(http_error_msg, response=self)
requests.exceptions.HTTPError: 401 Client Error: Unauthorized for url: https://fvkvfekzoebcolssnteo.supabase.co/rest/v1/financials?on_conflict=ticker%2Cperiod%2Cquarter

During handling of the above exception, another exception occurred:

Traceback (most recent call last):
  File "C:\Users\takuy\AppData\Roaming\uv\python\cpython-3.11-windows-x86_64-none\Lib\logging\__init__.py", line 1113, in emit
    stream.write(msg + self.terminator)
UnicodeEncodeError: 'cp932' codec can't encode character '\u2014' in position 71: illegal multibyte sequence
Call stack:
  File "C:\Users\takuy\OneDrive\tdnet-excel-input\tools\sync_financials.py", line 538, in <module>
    main()
  File "C:\Users\takuy\OneDrive\tdnet-excel-input\tools\sync_financials.py", line 512, in main
    stats = sync(
  File "C:\Users\takuy\OneDrive\tdnet-excel-input\tools\sync_financials.py", line 360, in sync
    logger.error(
Message: "  batch 68/145: FAILED \u2014 401 Client Error: Unauthorized for url: https://fvkvfekzoebcolssnteo.supabase.co/rest/v1/financials?on_conflict=ticker%2Cperiod%2Cquarter\n  (êÊì™çs: {'ticker': '54490', 'period': '2024-03-31', 'quarter': '1Q', 'sales': 30887000000, 'gross_profit': 4514000000, 'operating_profit': 2774000000, 'source': 'jquants', 'updated_at': '2026-03-09T08:32:19.007329+09:00'})"
Arguments: ()
--- Logging error ---
Traceback (most recent call last):
  File "C:\Users\takuy\OneDrive\tdnet-excel-input\tools\sync_financials.py", line 96, in _request
    r.raise_for_status()
  File "C:\Users\takuy\OneDrive\tdnet-excel-input\.venv\Lib\site-packages\requests\models.py", line 1026, in raise_for_status
    raise HTTPError(http_error_msg, response=self)
requests.exceptions.HTTPError: 401 Client Error: Unauthorized for url: https://fvkvfekzoebcolssnteo.supabase.co/rest/v1/financials?on_conflict=ticker%2Cperiod%2Cquarter

During handling of the above exception, another exception occurred:

Traceback (most recent call last):
  File "C:\Users\takuy\AppData\Roaming\uv\python\cpython-3.11-windows-x86_64-none\Lib\logging\__init__.py", line 1113, in emit
    stream.write(msg + self.terminator)
UnicodeEncodeError: 'cp932' codec can't encode character '\u2014' in position 61: illegal multibyte sequence
Call stack:
  File "C:\Users\takuy\OneDrive\tdnet-excel-input\tools\sync_financials.py", line 538, in <module>
    main()
  File "C:\Users\takuy\OneDrive\tdnet-excel-input\tools\sync_financials.py", line 512, in main
    stats = sync(
  File "C:\Users\takuy\OneDrive\tdnet-excel-input\tools\sync_financials.py", line 348, in sync
    n = api.upsert_batch(table, chunk, on_conflict="ticker,period,quarter")
  File "C:\Users\takuy\OneDrive\tdnet-excel-input\tools\sync_financials.py", line 139, in upsert_batch
    self._request(
  File "C:\Users\takuy\OneDrive\tdnet-excel-input\tools\sync_financials.py", line 123, in _request
    logger.error(
Message: '[API] HTTP 0 \u2014 ÉäÉgÉâÉCïsâ¬\n  ÉåÉXÉ|ÉìÉX: {"code":"42501","details":null,"hint":null,"message":"new row violates row-level security policy for table \\"financials\\""}'
Arguments: ()
--- Logging error ---
Traceback (most recent call last):
  File "C:\Users\takuy\OneDrive\tdnet-excel-input\tools\sync_financials.py", line 348, in sync
    n = api.upsert_batch(table, chunk, on_conflict="ticker,period,quarter")
        ^^^^^^^^^^^^^^^^^^^^^^^^^^^^^^^^^^^^^^^^^^^^^^^^^^^^^^^^^^^^^^^^^^^
  File "C:\Users\takuy\OneDrive\tdnet-excel-input\tools\sync_financials.py", line 139, in upsert_batch
    self._request(
  File "C:\Users\takuy\OneDrive\tdnet-excel-input\tools\sync_financials.py", line 96, in _request
    r.raise_for_status()
  File "C:\Users\takuy\OneDrive\tdnet-excel-input\.venv\Lib\site-packages\requests\models.py", line 1026, in raise_for_status
    raise HTTPError(http_error_msg, response=self)
requests.exceptions.HTTPError: 401 Client Error: Unauthorized for url: https://fvkvfekzoebcolssnteo.supabase.co/rest/v1/financials?on_conflict=ticker%2Cperiod%2Cquarter

During handling of the above exception, another exception occurred:

Traceback (most recent call last):
  File "C:\Users\takuy\AppData\Roaming\uv\python\cpython-3.11-windows-x86_64-none\Lib\logging\__init__.py", line 1113, in emit
    stream.write(msg + self.terminator)
UnicodeEncodeError: 'cp932' codec can't encode character '\u2014' in position 71: illegal multibyte sequence
Call stack:
  File "C:\Users\takuy\OneDrive\tdnet-excel-input\tools\sync_financials.py", line 538, in <module>
    main()
  File "C:\Users\takuy\OneDrive\tdnet-excel-input\tools\sync_financials.py", line 512, in main
    stats = sync(
  File "C:\Users\takuy\OneDrive\tdnet-excel-input\tools\sync_financials.py", line 360, in sync
    logger.error(
Message: "  batch 69/145: FAILED \u2014 401 Client Error: Unauthorized for url: https://fvkvfekzoebcolssnteo.supabase.co/rest/v1/financials?on_conflict=ticker%2Cperiod%2Cquarter\n  (êÊì™çs: {'ticker': '55970', 'period': '2025-12-31', 'quarter': '1Q', 'sales': 343000000, 'gross_profit': 156113000, 'operating_profit': -70000000, 'source': 'jquants', 'updated_at': '2026-03-09T08:32:19.007329+09:00'})"
Arguments: ()
--- Logging error ---
Traceback (most recent call last):
  File "C:\Users\takuy\OneDrive\tdnet-excel-input\tools\sync_financials.py", line 96, in _request
    r.raise_for_status()
  File "C:\Users\takuy\OneDrive\tdnet-excel-input\.venv\Lib\site-packages\requests\models.py", line 1026, in raise_for_status
    raise HTTPError(http_error_msg, response=self)
requests.exceptions.HTTPError: 401 Client Error: Unauthorized for url: https://fvkvfekzoebcolssnteo.supabase.co/rest/v1/financials?on_conflict=ticker%2Cperiod%2Cquarter

During handling of the above exception, another exception occurred:

Traceback (most recent call last):
  File "C:\Users\takuy\AppData\Roaming\uv\python\cpython-3.11-windows-x86_64-none\Lib\logging\__init__.py", line 1113, in emit
    stream.write(msg + self.terminator)
UnicodeEncodeError: 'cp932' codec can't encode character '\u2014' in position 61: illegal multibyte sequence
Call stack:
  File "C:\Users\takuy\OneDrive\tdnet-excel-input\tools\sync_financials.py", line 538, in <module>
    main()
  File "C:\Users\takuy\OneDrive\tdnet-excel-input\tools\sync_financials.py", line 512, in main
    stats = sync(
  File "C:\Users\takuy\OneDrive\tdnet-excel-input\tools\sync_financials.py", line 348, in sync
    n = api.upsert_batch(table, chunk, on_conflict="ticker,period,quarter")
  File "C:\Users\takuy\OneDrive\tdnet-excel-input\tools\sync_financials.py", line 139, in upsert_batch
    self._request(
  File "C:\Users\takuy\OneDrive\tdnet-excel-input\tools\sync_financials.py", line 123, in _request
    logger.error(
Message: '[API] HTTP 0 \u2014 ÉäÉgÉâÉCïsâ¬\n  ÉåÉXÉ|ÉìÉX: {"code":"42501","details":null,"hint":null,"message":"new row violates row-level security policy for table \\"financials\\""}'
Arguments: ()
--- Logging error ---
Traceback (most recent call last):
  File "C:\Users\takuy\OneDrive\tdnet-excel-input\tools\sync_financials.py", line 348, in sync
    n = api.upsert_batch(table, chunk, on_conflict="ticker,period,quarter")
        ^^^^^^^^^^^^^^^^^^^^^^^^^^^^^^^^^^^^^^^^^^^^^^^^^^^^^^^^^^^^^^^^^^^
  File "C:\Users\takuy\OneDrive\tdnet-excel-input\tools\sync_financials.py", line 139, in upsert_batch
    self._request(
  File "C:\Users\takuy\OneDrive\tdnet-excel-input\tools\sync_financials.py", line 96, in _request
    r.raise_for_status()
  File "C:\Users\takuy\OneDrive\tdnet-excel-input\.venv\Lib\site-packages\requests\models.py", line 1026, in raise_for_status
    raise HTTPError(http_error_msg, response=self)
requests.exceptions.HTTPError: 401 Client Error: Unauthorized for url: https://fvkvfekzoebcolssnteo.supabase.co/rest/v1/financials?on_conflict=ticker%2Cperiod%2Cquarter

During handling of the above exception, another exception occurred:

Traceback (most recent call last):
  File "C:\Users\takuy\AppData\Roaming\uv\python\cpython-3.11-windows-x86_64-none\Lib\logging\__init__.py", line 1113, in emit
    stream.write(msg + self.terminator)
UnicodeEncodeError: 'cp932' codec can't encode character '\u2014' in position 71: illegal multibyte sequence
Call stack:
  File "C:\Users\takuy\OneDrive\tdnet-excel-input\tools\sync_financials.py", line 538, in <module>
    main()
  File "C:\Users\takuy\OneDrive\tdnet-excel-input\tools\sync_financials.py", line 512, in main
    stats = sync(
  File "C:\Users\takuy\OneDrive\tdnet-excel-input\tools\sync_financials.py", line 360, in sync
    logger.error(
Message: "  batch 70/145: FAILED \u2014 401 Client Error: Unauthorized for url: https://fvkvfekzoebcolssnteo.supabase.co/rest/v1/financials?on_conflict=ticker%2Cperiod%2Cquarter\n  (êÊì™çs: {'ticker': '57150', 'period': '2023-03-31', 'quarter': 'FY', 'sales': 214190000000, 'gross_profit': 28615000000, 'operating_profit': 9031000000, 'source': 'jquants', 'updated_at': '2026-03-09T08:32:19.007329+09:00'})"
Arguments: ()
--- Logging error ---
Traceback (most recent call last):
  File "C:\Users\takuy\OneDrive\tdnet-excel-input\tools\sync_financials.py", line 96, in _request
    r.raise_for_status()
  File "C:\Users\takuy\OneDrive\tdnet-excel-input\.venv\Lib\site-packages\requests\models.py", line 1026, in raise_for_status
    raise HTTPError(http_error_msg, response=self)
requests.exceptions.HTTPError: 401 Client Error: Unauthorized for url: https://fvkvfekzoebcolssnteo.supabase.co/rest/v1/financials?on_conflict=ticker%2Cperiod%2Cquarter

During handling of the above exception, another exception occurred:

Traceback (most recent call last):
  File "C:\Users\takuy\AppData\Roaming\uv\python\cpython-3.11-windows-x86_64-none\Lib\logging\__init__.py", line 1113, in emit
    stream.write(msg + self.terminator)
UnicodeEncodeError: 'cp932' codec can't encode character '\u2014' in position 61: illegal multibyte sequence
Call stack:
  File "C:\Users\takuy\OneDrive\tdnet-excel-input\tools\sync_financials.py", line 538, in <module>
    main()
  File "C:\Users\takuy\OneDrive\tdnet-excel-input\tools\sync_financials.py", line 512, in main
    stats = sync(
  File "C:\Users\takuy\OneDrive\tdnet-excel-input\tools\sync_financials.py", line 348, in sync
    n = api.upsert_batch(table, chunk, on_conflict="ticker,period,quarter")
  File "C:\Users\takuy\OneDrive\tdnet-excel-input\tools\sync_financials.py", line 139, in upsert_batch
    self._request(
  File "C:\Users\takuy\OneDrive\tdnet-excel-input\tools\sync_financials.py", line 123, in _request
    logger.error(
Message: '[API] HTTP 0 \u2014 ÉäÉgÉâÉCïsâ¬\n  ÉåÉXÉ|ÉìÉX: {"code":"42501","details":null,"hint":null,"message":"new row violates row-level security policy for table \\"financials\\""}'
Arguments: ()
--- Logging error ---
Traceback (most recent call last):
  File "C:\Users\takuy\OneDrive\tdnet-excel-input\tools\sync_financials.py", line 348, in sync
    n = api.upsert_batch(table, chunk, on_conflict="ticker,period,quarter")
        ^^^^^^^^^^^^^^^^^^^^^^^^^^^^^^^^^^^^^^^^^^^^^^^^^^^^^^^^^^^^^^^^^^^
  File "C:\Users\takuy\OneDrive\tdnet-excel-input\tools\sync_financials.py", line 139, in upsert_batch
    self._request(
  File "C:\Users\takuy\OneDrive\tdnet-excel-input\tools\sync_financials.py", line 96, in _request
    r.raise_for_status()
  File "C:\Users\takuy\OneDrive\tdnet-excel-input\.venv\Lib\site-packages\requests\models.py", line 1026, in raise_for_status
    raise HTTPError(http_error_msg, response=self)
requests.exceptions.HTTPError: 401 Client Error: Unauthorized for url: https://fvkvfekzoebcolssnteo.supabase.co/rest/v1/financials?on_conflict=ticker%2Cperiod%2Cquarter

During handling of the above exception, another exception occurred:

Traceback (most recent call last):
  File "C:\Users\takuy\AppData\Roaming\uv\python\cpython-3.11-windows-x86_64-none\Lib\logging\__init__.py", line 1113, in emit
    stream.write(msg + self.terminator)
UnicodeEncodeError: 'cp932' codec can't encode character '\u2014' in position 71: illegal multibyte sequence
Call stack:
  File "C:\Users\takuy\OneDrive\tdnet-excel-input\tools\sync_financials.py", line 538, in <module>
    main()
  File "C:\Users\takuy\OneDrive\tdnet-excel-input\tools\sync_financials.py", line 512, in main
    stats = sync(
  File "C:\Users\takuy\OneDrive\tdnet-excel-input\tools\sync_financials.py", line 360, in sync
    logger.error(
Message: "  batch 71/145: FAILED \u2014 401 Client Error: Unauthorized for url: https://fvkvfekzoebcolssnteo.supabase.co/rest/v1/financials?on_conflict=ticker%2Cperiod%2Cquarter\n  (êÊì™çs: {'ticker': '58510', 'period': '2025-12-31', 'quarter': '2Q', 'sales': 153745000000, 'gross_profit': 19004000000, 'operating_profit': 5975000000, 'source': 'jquants', 'updated_at': '2026-03-09T08:32:19.007329+09:00'})"
Arguments: ()
--- Logging error ---
Traceback (most recent call last):
  File "C:\Users\takuy\OneDrive\tdnet-excel-input\tools\sync_financials.py", line 96, in _request
    r.raise_for_status()
  File "C:\Users\takuy\OneDrive\tdnet-excel-input\.venv\Lib\site-packages\requests\models.py", line 1026, in raise_for_status
    raise HTTPError(http_error_msg, response=self)
requests.exceptions.HTTPError: 401 Client Error: Unauthorized for url: https://fvkvfekzoebcolssnteo.supabase.co/rest/v1/financials?on_conflict=ticker%2Cperiod%2Cquarter

During handling of the above exception, another exception occurred:

Traceback (most recent call last):
  File "C:\Users\takuy\AppData\Roaming\uv\python\cpython-3.11-windows-x86_64-none\Lib\logging\__init__.py", line 1113, in emit
    stream.write(msg + self.terminator)
UnicodeEncodeError: 'cp932' codec can't encode character '\u2014' in position 61: illegal multibyte sequence
Call stack:
  File "C:\Users\takuy\OneDrive\tdnet-excel-input\tools\sync_financials.py", line 538, in <module>
    main()
  File "C:\Users\takuy\OneDrive\tdnet-excel-input\tools\sync_financials.py", line 512, in main
    stats = sync(
  File "C:\Users\takuy\OneDrive\tdnet-excel-input\tools\sync_financials.py", line 348, in sync
    n = api.upsert_batch(table, chunk, on_conflict="ticker,period,quarter")
  File "C:\Users\takuy\OneDrive\tdnet-excel-input\tools\sync_financials.py", line 139, in upsert_batch
    self._request(
  File "C:\Users\takuy\OneDrive\tdnet-excel-input\tools\sync_financials.py", line 123, in _request
    logger.error(
Message: '[API] HTTP 0 \u2014 ÉäÉgÉâÉCïsâ¬\n  ÉåÉXÉ|ÉìÉX: {"code":"42501","details":null,"hint":null,"message":"new row violates row-level security policy for table \\"financials\\""}'
Arguments: ()
--- Logging error ---
Traceback (most recent call last):
  File "C:\Users\takuy\OneDrive\tdnet-excel-input\tools\sync_financials.py", line 348, in sync
    n = api.upsert_batch(table, chunk, on_conflict="ticker,period,quarter")
        ^^^^^^^^^^^^^^^^^^^^^^^^^^^^^^^^^^^^^^^^^^^^^^^^^^^^^^^^^^^^^^^^^^^
  File "C:\Users\takuy\OneDrive\tdnet-excel-input\tools\sync_financials.py", line 139, in upsert_batch
    self._request(
  File "C:\Users\takuy\OneDrive\tdnet-excel-input\tools\sync_financials.py", line 96, in _request
    r.raise_for_status()
  File "C:\Users\takuy\OneDrive\tdnet-excel-input\.venv\Lib\site-packages\requests\models.py", line 1026, in raise_for_status
    raise HTTPError(http_error_msg, response=self)
requests.exceptions.HTTPError: 401 Client Error: Unauthorized for url: https://fvkvfekzoebcolssnteo.supabase.co/rest/v1/financials?on_conflict=ticker%2Cperiod%2Cquarter

During handling of the above exception, another exception occurred:

Traceback (most recent call last):
  File "C:\Users\takuy\AppData\Roaming\uv\python\cpython-3.11-windows-x86_64-none\Lib\logging\__init__.py", line 1113, in emit
    stream.write(msg + self.terminator)
UnicodeEncodeError: 'cp932' codec can't encode character '\u2014' in position 71: illegal multibyte sequence
Call stack:
  File "C:\Users\takuy\OneDrive\tdnet-excel-input\tools\sync_financials.py", line 538, in <module>
    main()
  File "C:\Users\takuy\OneDrive\tdnet-excel-input\tools\sync_financials.py", line 512, in main
    stats = sync(
  File "C:\Users\takuy\OneDrive\tdnet-excel-input\tools\sync_financials.py", line 360, in sync
    logger.error(
Message: "  batch 72/145: FAILED \u2014 401 Client Error: Unauthorized for url: https://fvkvfekzoebcolssnteo.supabase.co/rest/v1/financials?on_conflict=ticker%2Cperiod%2Cquarter\n  (êÊì™çs: {'ticker': '59320', 'period': '2021-05-31', 'quarter': '3Q', 'sales': 217897000000, 'gross_profit': 50436000000, 'operating_profit': 2582000000, 'source': 'jquants', 'updated_at': '2026-03-09T08:32:19.007329+09:00'})"
Arguments: ()
--- Logging error ---
Traceback (most recent call last):
  File "C:\Users\takuy\OneDrive\tdnet-excel-input\tools\sync_financials.py", line 96, in _request
    r.raise_for_status()
  File "C:\Users\takuy\OneDrive\tdnet-excel-input\.venv\Lib\site-packages\requests\models.py", line 1026, in raise_for_status
    raise HTTPError(http_error_msg, response=self)
requests.exceptions.HTTPError: 401 Client Error: Unauthorized for url: https://fvkvfekzoebcolssnteo.supabase.co/rest/v1/financials?on_conflict=ticker%2Cperiod%2Cquarter

During handling of the above exception, another exception occurred:

Traceback (most recent call last):
  File "C:\Users\takuy\AppData\Roaming\uv\python\cpython-3.11-windows-x86_64-none\Lib\logging\__init__.py", line 1113, in emit
    stream.write(msg + self.terminator)
UnicodeEncodeError: 'cp932' codec can't encode character '\u2014' in position 61: illegal multibyte sequence
Call stack:
  File "C:\Users\takuy\OneDrive\tdnet-excel-input\tools\sync_financials.py", line 538, in <module>
    main()
  File "C:\Users\takuy\OneDrive\tdnet-excel-input\tools\sync_financials.py", line 512, in main
    stats = sync(
  File "C:\Users\takuy\OneDrive\tdnet-excel-input\tools\sync_financials.py", line 348, in sync
    n = api.upsert_batch(table, chunk, on_conflict="ticker,period,quarter")
  File "C:\Users\takuy\OneDrive\tdnet-excel-input\tools\sync_financials.py", line 139, in upsert_batch
    self._request(
  File "C:\Users\takuy\OneDrive\tdnet-excel-input\tools\sync_financials.py", line 123, in _request
    logger.error(
Message: '[API] HTTP 0 \u2014 ÉäÉgÉâÉCïsâ¬\n  ÉåÉXÉ|ÉìÉX: {"code":"42501","details":null,"hint":null,"message":"new row violates row-level security policy for table \\"financials\\""}'
Arguments: ()
--- Logging error ---
Traceback (most recent call last):
  File "C:\Users\takuy\OneDrive\tdnet-excel-input\tools\sync_financials.py", line 348, in sync
    n = api.upsert_batch(table, chunk, on_conflict="ticker,period,quarter")
        ^^^^^^^^^^^^^^^^^^^^^^^^^^^^^^^^^^^^^^^^^^^^^^^^^^^^^^^^^^^^^^^^^^^
  File "C:\Users\takuy\OneDrive\tdnet-excel-input\tools\sync_financials.py", line 139, in upsert_batch
    self._request(
  File "C:\Users\takuy\OneDrive\tdnet-excel-input\tools\sync_financials.py", line 96, in _request
    r.raise_for_status()
  File "C:\Users\takuy\OneDrive\tdnet-excel-input\.venv\Lib\site-packages\requests\models.py", line 1026, in raise_for_status
    raise HTTPError(http_error_msg, response=self)
requests.exceptions.HTTPError: 401 Client Error: Unauthorized for url: https://fvkvfekzoebcolssnteo.supabase.co/rest/v1/financials?on_conflict=ticker%2Cperiod%2Cquarter

During handling of the above exception, another exception occurred:

Traceback (most recent call last):
  File "C:\Users\takuy\AppData\Roaming\uv\python\cpython-3.11-windows-x86_64-none\Lib\logging\__init__.py", line 1113, in emit
    stream.write(msg + self.terminator)
UnicodeEncodeError: 'cp932' codec can't encode character '\u2014' in position 71: illegal multibyte sequence
Call stack:
  File "C:\Users\takuy\OneDrive\tdnet-excel-input\tools\sync_financials.py", line 538, in <module>
    main()
  File "C:\Users\takuy\OneDrive\tdnet-excel-input\tools\sync_financials.py", line 512, in main
    stats = sync(
  File "C:\Users\takuy\OneDrive\tdnet-excel-input\tools\sync_financials.py", line 360, in sync
    logger.error(
Message: "  batch 73/145: FAILED \u2014 401 Client Error: Unauthorized for url: https://fvkvfekzoebcolssnteo.supabase.co/rest/v1/financials?on_conflict=ticker%2Cperiod%2Cquarter\n  (êÊì™çs: {'ticker': '59670', 'period': '2026-05-31', 'quarter': '2Q', 'sales': 3407000000, 'gross_profit': 1388657000, 'operating_profit': 491000000, 'source': 'jquants', 'updated_at': '2026-03-09T08:32:19.007329+09:00'})"
Arguments: ()
--- Logging error ---
Traceback (most recent call last):
  File "C:\Users\takuy\OneDrive\tdnet-excel-input\tools\sync_financials.py", line 96, in _request
    r.raise_for_status()
  File "C:\Users\takuy\OneDrive\tdnet-excel-input\.venv\Lib\site-packages\requests\models.py", line 1026, in raise_for_status
    raise HTTPError(http_error_msg, response=self)
requests.exceptions.HTTPError: 401 Client Error: Unauthorized for url: https://fvkvfekzoebcolssnteo.supabase.co/rest/v1/financials?on_conflict=ticker%2Cperiod%2Cquarter

During handling of the above exception, another exception occurred:

Traceback (most recent call last):
  File "C:\Users\takuy\AppData\Roaming\uv\python\cpython-3.11-windows-x86_64-none\Lib\logging\__init__.py", line 1113, in emit
    stream.write(msg + self.terminator)
UnicodeEncodeError: 'cp932' codec can't encode character '\u2014' in position 61: illegal multibyte sequence
Call stack:
  File "C:\Users\takuy\OneDrive\tdnet-excel-input\tools\sync_financials.py", line 538, in <module>
    main()
  File "C:\Users\takuy\OneDrive\tdnet-excel-input\tools\sync_financials.py", line 512, in main
    stats = sync(
  File "C:\Users\takuy\OneDrive\tdnet-excel-input\tools\sync_financials.py", line 348, in sync
    n = api.upsert_batch(table, chunk, on_conflict="ticker,period,quarter")
  File "C:\Users\takuy\OneDrive\tdnet-excel-input\tools\sync_financials.py", line 139, in upsert_batch
    self._request(
  File "C:\Users\takuy\OneDrive\tdnet-excel-input\tools\sync_financials.py", line 123, in _request
    logger.error(
Message: '[API] HTTP 0 \u2014 ÉäÉgÉâÉCïsâ¬\n  ÉåÉXÉ|ÉìÉX: {"code":"42501","details":null,"hint":null,"message":"new row violates row-level security policy for table \\"financials\\""}'
Arguments: ()
--- Logging error ---
Traceback (most recent call last):
  File "C:\Users\takuy\OneDrive\tdnet-excel-input\tools\sync_financials.py", line 348, in sync
    n = api.upsert_batch(table, chunk, on_conflict="ticker,period,quarter")
        ^^^^^^^^^^^^^^^^^^^^^^^^^^^^^^^^^^^^^^^^^^^^^^^^^^^^^^^^^^^^^^^^^^^
  File "C:\Users\takuy\OneDrive\tdnet-excel-input\tools\sync_financials.py", line 139, in upsert_batch
    self._request(
  File "C:\Users\takuy\OneDrive\tdnet-excel-input\tools\sync_financials.py", line 96, in _request
    r.raise_for_status()
  File "C:\Users\takuy\OneDrive\tdnet-excel-input\.venv\Lib\site-packages\requests\models.py", line 1026, in raise_for_status
    raise HTTPError(http_error_msg, response=self)
requests.exceptions.HTTPError: 401 Client Error: Unauthorized for url: https://fvkvfekzoebcolssnteo.supabase.co/rest/v1/financials?on_conflict=ticker%2Cperiod%2Cquarter

During handling of the above exception, another exception occurred:

Traceback (most recent call last):
  File "C:\Users\takuy\AppData\Roaming\uv\python\cpython-3.11-windows-x86_64-none\Lib\logging\__init__.py", line 1113, in emit
    stream.write(msg + self.terminator)
UnicodeEncodeError: 'cp932' codec can't encode character '\u2014' in position 71: illegal multibyte sequence
Call stack:
  File "C:\Users\takuy\OneDrive\tdnet-excel-input\tools\sync_financials.py", line 538, in <module>
    main()
  File "C:\Users\takuy\OneDrive\tdnet-excel-input\tools\sync_financials.py", line 512, in main
    stats = sync(
  File "C:\Users\takuy\OneDrive\tdnet-excel-input\tools\sync_financials.py", line 360, in sync
    logger.error(
Message: "  batch 74/145: FAILED \u2014 401 Client Error: Unauthorized for url: https://fvkvfekzoebcolssnteo.supabase.co/rest/v1/financials?on_conflict=ticker%2Cperiod%2Cquarter\n  (êÊì™çs: {'ticker': '60160', 'period': '2025-03-31', 'quarter': '3Q', 'sales': 23669000000, 'gross_profit': 6798694000, 'operating_profit': 4486000000, 'source': 'jquants', 'updated_at': '2026-03-09T08:32:19.007329+09:00'})"
Arguments: ()
--- Logging error ---
Traceback (most recent call last):
  File "C:\Users\takuy\OneDrive\tdnet-excel-input\tools\sync_financials.py", line 96, in _request
    r.raise_for_status()
  File "C:\Users\takuy\OneDrive\tdnet-excel-input\.venv\Lib\site-packages\requests\models.py", line 1026, in raise_for_status
    raise HTTPError(http_error_msg, response=self)
requests.exceptions.HTTPError: 401 Client Error: Unauthorized for url: https://fvkvfekzoebcolssnteo.supabase.co/rest/v1/financials?on_conflict=ticker%2Cperiod%2Cquarter

During handling of the above exception, another exception occurred:

Traceback (most recent call last):
  File "C:\Users\takuy\AppData\Roaming\uv\python\cpython-3.11-windows-x86_64-none\Lib\logging\__init__.py", line 1113, in emit
    stream.write(msg + self.terminator)
UnicodeEncodeError: 'cp932' codec can't encode character '\u2014' in position 61: illegal multibyte sequence
Call stack:
  File "C:\Users\takuy\OneDrive\tdnet-excel-input\tools\sync_financials.py", line 538, in <module>
    main()
  File "C:\Users\takuy\OneDrive\tdnet-excel-input\tools\sync_financials.py", line 512, in main
    stats = sync(
  File "C:\Users\takuy\OneDrive\tdnet-excel-input\tools\sync_financials.py", line 348, in sync
    n = api.upsert_batch(table, chunk, on_conflict="ticker,period,quarter")
  File "C:\Users\takuy\OneDrive\tdnet-excel-input\tools\sync_financials.py", line 139, in upsert_batch
    self._request(
  File "C:\Users\takuy\OneDrive\tdnet-excel-input\tools\sync_financials.py", line 123, in _request
    logger.error(
Message: '[API] HTTP 0 \u2014 ÉäÉgÉâÉCïsâ¬\n  ÉåÉXÉ|ÉìÉX: {"code":"42501","details":null,"hint":null,"message":"new row violates row-level security policy for table \\"financials\\""}'
Arguments: ()
--- Logging error ---
Traceback (most recent call last):
  File "C:\Users\takuy\OneDrive\tdnet-excel-input\tools\sync_financials.py", line 348, in sync
    n = api.upsert_batch(table, chunk, on_conflict="ticker,period,quarter")
        ^^^^^^^^^^^^^^^^^^^^^^^^^^^^^^^^^^^^^^^^^^^^^^^^^^^^^^^^^^^^^^^^^^^
  File "C:\Users\takuy\OneDrive\tdnet-excel-input\tools\sync_financials.py", line 139, in upsert_batch
    self._request(
  File "C:\Users\takuy\OneDrive\tdnet-excel-input\tools\sync_financials.py", line 96, in _request
    r.raise_for_status()
  File "C:\Users\takuy\OneDrive\tdnet-excel-input\.venv\Lib\site-packages\requests\models.py", line 1026, in raise_for_status
    raise HTTPError(http_error_msg, response=self)
requests.exceptions.HTTPError: 401 Client Error: Unauthorized for url: https://fvkvfekzoebcolssnteo.supabase.co/rest/v1/financials?on_conflict=ticker%2Cperiod%2Cquarter

During handling of the above exception, another exception occurred:

Traceback (most recent call last):
  File "C:\Users\takuy\AppData\Roaming\uv\python\cpython-3.11-windows-x86_64-none\Lib\logging\__init__.py", line 1113, in emit
    stream.write(msg + self.terminator)
UnicodeEncodeError: 'cp932' codec can't encode character '\u2014' in position 71: illegal multibyte sequence
Call stack:
  File "C:\Users\takuy\OneDrive\tdnet-excel-input\tools\sync_financials.py", line 538, in <module>
    main()
  File "C:\Users\takuy\OneDrive\tdnet-excel-input\tools\sync_financials.py", line 512, in main
    stats = sync(
  File "C:\Users\takuy\OneDrive\tdnet-excel-input\tools\sync_financials.py", line 360, in sync
    logger.error(
Message: "  batch 75/145: FAILED \u2014 401 Client Error: Unauthorized for url: https://fvkvfekzoebcolssnteo.supabase.co/rest/v1/financials?on_conflict=ticker%2Cperiod%2Cquarter\n  (êÊì™çs: {'ticker': '60580', 'period': '2024-02-29', 'quarter': '2Q', 'sales': 28565000000, 'gross_profit': 17940000000, 'operating_profit': 1483000000, 'source': 'jquants', 'updated_at': '2026-03-09T08:32:19.007329+09:00'})"
Arguments: ()
--- Logging error ---
Traceback (most recent call last):
  File "C:\Users\takuy\OneDrive\tdnet-excel-input\tools\sync_financials.py", line 96, in _request
    r.raise_for_status()
  File "C:\Users\takuy\OneDrive\tdnet-excel-input\.venv\Lib\site-packages\requests\models.py", line 1026, in raise_for_status
    raise HTTPError(http_error_msg, response=self)
requests.exceptions.HTTPError: 401 Client Error: Unauthorized for url: https://fvkvfekzoebcolssnteo.supabase.co/rest/v1/financials?on_conflict=ticker%2Cperiod%2Cquarter

During handling of the above exception, another exception occurred:

Traceback (most recent call last):
  File "C:\Users\takuy\AppData\Roaming\uv\python\cpython-3.11-windows-x86_64-none\Lib\logging\__init__.py", line 1113, in emit
    stream.write(msg + self.terminator)
UnicodeEncodeError: 'cp932' codec can't encode character '\u2014' in position 61: illegal multibyte sequence
Call stack:
  File "C:\Users\takuy\OneDrive\tdnet-excel-input\tools\sync_financials.py", line 538, in <module>
    main()
  File "C:\Users\takuy\OneDrive\tdnet-excel-input\tools\sync_financials.py", line 512, in main
    stats = sync(
  File "C:\Users\takuy\OneDrive\tdnet-excel-input\tools\sync_financials.py", line 348, in sync
    n = api.upsert_batch(table, chunk, on_conflict="ticker,period,quarter")
  File "C:\Users\takuy\OneDrive\tdnet-excel-input\tools\sync_financials.py", line 139, in upsert_batch
    self._request(
  File "C:\Users\takuy\OneDrive\tdnet-excel-input\tools\sync_financials.py", line 123, in _request
    logger.error(
Message: '[API] HTTP 0 \u2014 ÉäÉgÉâÉCïsâ¬\n  ÉåÉXÉ|ÉìÉX: {"code":"42501","details":null,"hint":null,"message":"new row violates row-level security policy for table \\"financials\\""}'
Arguments: ()
--- Logging error ---
Traceback (most recent call last):
  File "C:\Users\takuy\OneDrive\tdnet-excel-input\tools\sync_financials.py", line 348, in sync
    n = api.upsert_batch(table, chunk, on_conflict="ticker,period,quarter")
        ^^^^^^^^^^^^^^^^^^^^^^^^^^^^^^^^^^^^^^^^^^^^^^^^^^^^^^^^^^^^^^^^^^^
  File "C:\Users\takuy\OneDrive\tdnet-excel-input\tools\sync_financials.py", line 139, in upsert_batch
    self._request(
  File "C:\Users\takuy\OneDrive\tdnet-excel-input\tools\sync_financials.py", line 96, in _request
    r.raise_for_status()
  File "C:\Users\takuy\OneDrive\tdnet-excel-input\.venv\Lib\site-packages\requests\models.py", line 1026, in raise_for_status
    raise HTTPError(http_error_msg, response=self)
requests.exceptions.HTTPError: 401 Client Error: Unauthorized for url: https://fvkvfekzoebcolssnteo.supabase.co/rest/v1/financials?on_conflict=ticker%2Cperiod%2Cquarter

During handling of the above exception, another exception occurred:

Traceback (most recent call last):
  File "C:\Users\takuy\AppData\Roaming\uv\python\cpython-3.11-windows-x86_64-none\Lib\logging\__init__.py", line 1113, in emit
    stream.write(msg + self.terminator)
UnicodeEncodeError: 'cp932' codec can't encode character '\u2014' in position 71: illegal multibyte sequence
Call stack:
  File "C:\Users\takuy\OneDrive\tdnet-excel-input\tools\sync_financials.py", line 538, in <module>
    main()
  File "C:\Users\takuy\OneDrive\tdnet-excel-input\tools\sync_financials.py", line 512, in main
    stats = sync(
  File "C:\Users\takuy\OneDrive\tdnet-excel-input\tools\sync_financials.py", line 360, in sync
    logger.error(
Message: "  batch 76/145: FAILED \u2014 401 Client Error: Unauthorized for url: https://fvkvfekzoebcolssnteo.supabase.co/rest/v1/financials?on_conflict=ticker%2Cperiod%2Cquarter\n  (êÊì™çs: {'ticker': '60940', 'period': '2022-09-30', 'quarter': '2Q', 'sales': 14487000000, 'gross_profit': 4246313000, 'operating_profit': 1199000000, 'source': 'jquants', 'updated_at': '2026-03-09T08:32:19.007329+09:00'})"
Arguments: ()
--- Logging error ---
Traceback (most recent call last):
  File "C:\Users\takuy\OneDrive\tdnet-excel-input\tools\sync_financials.py", line 96, in _request
    r.raise_for_status()
  File "C:\Users\takuy\OneDrive\tdnet-excel-input\.venv\Lib\site-packages\requests\models.py", line 1026, in raise_for_status
    raise HTTPError(http_error_msg, response=self)
requests.exceptions.HTTPError: 401 Client Error: Unauthorized for url: https://fvkvfekzoebcolssnteo.supabase.co/rest/v1/financials?on_conflict=ticker%2Cperiod%2Cquarter

During handling of the above exception, another exception occurred:

Traceback (most recent call last):
  File "C:\Users\takuy\AppData\Roaming\uv\python\cpython-3.11-windows-x86_64-none\Lib\logging\__init__.py", line 1113, in emit
    stream.write(msg + self.terminator)
UnicodeEncodeError: 'cp932' codec can't encode character '\u2014' in position 61: illegal multibyte sequence
Call stack:
  File "C:\Users\takuy\OneDrive\tdnet-excel-input\tools\sync_financials.py", line 538, in <module>
    main()
  File "C:\Users\takuy\OneDrive\tdnet-excel-input\tools\sync_financials.py", line 512, in main
    stats = sync(
  File "C:\Users\takuy\OneDrive\tdnet-excel-input\tools\sync_financials.py", line 348, in sync
    n = api.upsert_batch(table, chunk, on_conflict="ticker,period,quarter")
  File "C:\Users\takuy\OneDrive\tdnet-excel-input\tools\sync_financials.py", line 139, in upsert_batch
    self._request(
  File "C:\Users\takuy\OneDrive\tdnet-excel-input\tools\sync_financials.py", line 123, in _request
    logger.error(
Message: '[API] HTTP 0 \u2014 ÉäÉgÉâÉCïsâ¬\n  ÉåÉXÉ|ÉìÉX: {"code":"42501","details":null,"hint":null,"message":"new row violates row-level security policy for table \\"financials\\""}'
Arguments: ()
--- Logging error ---
Traceback (most recent call last):
  File "C:\Users\takuy\OneDrive\tdnet-excel-input\tools\sync_financials.py", line 348, in sync
    n = api.upsert_batch(table, chunk, on_conflict="ticker,period,quarter")
        ^^^^^^^^^^^^^^^^^^^^^^^^^^^^^^^^^^^^^^^^^^^^^^^^^^^^^^^^^^^^^^^^^^^
  File "C:\Users\takuy\OneDrive\tdnet-excel-input\tools\sync_financials.py", line 139, in upsert_batch
    self._request(
  File "C:\Users\takuy\OneDrive\tdnet-excel-input\tools\sync_financials.py", line 96, in _request
    r.raise_for_status()
  File "C:\Users\takuy\OneDrive\tdnet-excel-input\.venv\Lib\site-packages\requests\models.py", line 1026, in raise_for_status
    raise HTTPError(http_error_msg, response=self)
requests.exceptions.HTTPError: 401 Client Error: Unauthorized for url: https://fvkvfekzoebcolssnteo.supabase.co/rest/v1/financials?on_conflict=ticker%2Cperiod%2Cquarter

During handling of the above exception, another exception occurred:

Traceback (most recent call last):
  File "C:\Users\takuy\AppData\Roaming\uv\python\cpython-3.11-windows-x86_64-none\Lib\logging\__init__.py", line 1113, in emit
    stream.write(msg + self.terminator)
UnicodeEncodeError: 'cp932' codec can't encode character '\u2014' in position 71: illegal multibyte sequence
Call stack:
  File "C:\Users\takuy\OneDrive\tdnet-excel-input\tools\sync_financials.py", line 538, in <module>
    main()
  File "C:\Users\takuy\OneDrive\tdnet-excel-input\tools\sync_financials.py", line 512, in main
    stats = sync(
  File "C:\Users\takuy\OneDrive\tdnet-excel-input\tools\sync_financials.py", line 360, in sync
    logger.error(
Message: "  batch 77/145: FAILED \u2014 401 Client Error: Unauthorized for url: https://fvkvfekzoebcolssnteo.supabase.co/rest/v1/financials?on_conflict=ticker%2Cperiod%2Cquarter\n  (êÊì™çs: {'ticker': '61510', 'period': '2026-03-31', 'quarter': '2Q', 'sales': None, 'gross_profit': None, 'operating_profit': None, 'source': 'jquants', 'updated_at': '2026-03-09T08:32:19.007329+09:00'})"
Arguments: ()
--- Logging error ---
Traceback (most recent call last):
  File "C:\Users\takuy\OneDrive\tdnet-excel-input\tools\sync_financials.py", line 96, in _request
    r.raise_for_status()
  File "C:\Users\takuy\OneDrive\tdnet-excel-input\.venv\Lib\site-packages\requests\models.py", line 1026, in raise_for_status
    raise HTTPError(http_error_msg, response=self)
requests.exceptions.HTTPError: 401 Client Error: Unauthorized for url: https://fvkvfekzoebcolssnteo.supabase.co/rest/v1/financials?on_conflict=ticker%2Cperiod%2Cquarter

During handling of the above exception, another exception occurred:

Traceback (most recent call last):
  File "C:\Users\takuy\AppData\Roaming\uv\python\cpython-3.11-windows-x86_64-none\Lib\logging\__init__.py", line 1113, in emit
    stream.write(msg + self.terminator)
UnicodeEncodeError: 'cp932' codec can't encode character '\u2014' in position 61: illegal multibyte sequence
Call stack:
  File "C:\Users\takuy\OneDrive\tdnet-excel-input\tools\sync_financials.py", line 538, in <module>
    main()
  File "C:\Users\takuy\OneDrive\tdnet-excel-input\tools\sync_financials.py", line 512, in main
    stats = sync(
  File "C:\Users\takuy\OneDrive\tdnet-excel-input\tools\sync_financials.py", line 348, in sync
    n = api.upsert_batch(table, chunk, on_conflict="ticker,period,quarter")
  File "C:\Users\takuy\OneDrive\tdnet-excel-input\tools\sync_financials.py", line 139, in upsert_batch
    self._request(
  File "C:\Users\takuy\OneDrive\tdnet-excel-input\tools\sync_financials.py", line 123, in _request
    logger.error(
Message: '[API] HTTP 0 \u2014 ÉäÉgÉâÉCïsâ¬\n  ÉåÉXÉ|ÉìÉX: {"code":"42501","details":null,"hint":null,"message":"new row violates row-level security policy for table \\"financials\\""}'
Arguments: ()
--- Logging error ---
Traceback (most recent call last):
  File "C:\Users\takuy\OneDrive\tdnet-excel-input\tools\sync_financials.py", line 348, in sync
    n = api.upsert_batch(table, chunk, on_conflict="ticker,period,quarter")
        ^^^^^^^^^^^^^^^^^^^^^^^^^^^^^^^^^^^^^^^^^^^^^^^^^^^^^^^^^^^^^^^^^^^
  File "C:\Users\takuy\OneDrive\tdnet-excel-input\tools\sync_financials.py", line 139, in upsert_batch
    self._request(
  File "C:\Users\takuy\OneDrive\tdnet-excel-input\tools\sync_financials.py", line 96, in _request
    r.raise_for_status()
  File "C:\Users\takuy\OneDrive\tdnet-excel-input\.venv\Lib\site-packages\requests\models.py", line 1026, in raise_for_status
    raise HTTPError(http_error_msg, response=self)
requests.exceptions.HTTPError: 401 Client Error: Unauthorized for url: https://fvkvfekzoebcolssnteo.supabase.co/rest/v1/financials?on_conflict=ticker%2Cperiod%2Cquarter

During handling of the above exception, another exception occurred:

Traceback (most recent call last):
  File "C:\Users\takuy\AppData\Roaming\uv\python\cpython-3.11-windows-x86_64-none\Lib\logging\__init__.py", line 1113, in emit
    stream.write(msg + self.terminator)
UnicodeEncodeError: 'cp932' codec can't encode character '\u2014' in position 71: illegal multibyte sequence
Call stack:
  File "C:\Users\takuy\OneDrive\tdnet-excel-input\tools\sync_financials.py", line 538, in <module>
    main()
  File "C:\Users\takuy\OneDrive\tdnet-excel-input\tools\sync_financials.py", line 512, in main
    stats = sync(
  File "C:\Users\takuy\OneDrive\tdnet-excel-input\tools\sync_financials.py", line 360, in sync
    logger.error(
Message: "  batch 78/145: FAILED \u2014 401 Client Error: Unauthorized for url: https://fvkvfekzoebcolssnteo.supabase.co/rest/v1/financials?on_conflict=ticker%2Cperiod%2Cquarter\n  (êÊì™çs: {'ticker': '61930', 'period': '2024-03-31', 'quarter': 'FY', 'sales': 6692000000, 'gross_profit': 1602204000, 'operating_profit': 371000000, 'source': 'jquants', 'updated_at': '2026-03-09T08:32:19.007329+09:00'})"
Arguments: ()
--- Logging error ---
Traceback (most recent call last):
  File "C:\Users\takuy\OneDrive\tdnet-excel-input\tools\sync_financials.py", line 96, in _request
    r.raise_for_status()
  File "C:\Users\takuy\OneDrive\tdnet-excel-input\.venv\Lib\site-packages\requests\models.py", line 1026, in raise_for_status
    raise HTTPError(http_error_msg, response=self)
requests.exceptions.HTTPError: 401 Client Error: Unauthorized for url: https://fvkvfekzoebcolssnteo.supabase.co/rest/v1/financials?on_conflict=ticker%2Cperiod%2Cquarter

During handling of the above exception, another exception occurred:

Traceback (most recent call last):
  File "C:\Users\takuy\AppData\Roaming\uv\python\cpython-3.11-windows-x86_64-none\Lib\logging\__init__.py", line 1113, in emit
    stream.write(msg + self.terminator)
UnicodeEncodeError: 'cp932' codec can't encode character '\u2014' in position 61: illegal multibyte sequence
Call stack:
  File "C:\Users\takuy\OneDrive\tdnet-excel-input\tools\sync_financials.py", line 538, in <module>
    main()
  File "C:\Users\takuy\OneDrive\tdnet-excel-input\tools\sync_financials.py", line 512, in main
    stats = sync(
  File "C:\Users\takuy\OneDrive\tdnet-excel-input\tools\sync_financials.py", line 348, in sync
    n = api.upsert_batch(table, chunk, on_conflict="ticker,period,quarter")
  File "C:\Users\takuy\OneDrive\tdnet-excel-input\tools\sync_financials.py", line 139, in upsert_batch
    self._request(
  File "C:\Users\takuy\OneDrive\tdnet-excel-input\tools\sync_financials.py", line 123, in _request
    logger.error(
Message: '[API] HTTP 0 \u2014 ÉäÉgÉâÉCïsâ¬\n  ÉåÉXÉ|ÉìÉX: {"code":"42501","details":null,"hint":null,"message":"new row violates row-level security policy for table \\"financials\\""}'
Arguments: ()
--- Logging error ---
Traceback (most recent call last):
  File "C:\Users\takuy\OneDrive\tdnet-excel-input\tools\sync_financials.py", line 348, in sync
    n = api.upsert_batch(table, chunk, on_conflict="ticker,period,quarter")
        ^^^^^^^^^^^^^^^^^^^^^^^^^^^^^^^^^^^^^^^^^^^^^^^^^^^^^^^^^^^^^^^^^^^
  File "C:\Users\takuy\OneDrive\tdnet-excel-input\tools\sync_financials.py", line 139, in upsert_batch
    self._request(
  File "C:\Users\takuy\OneDrive\tdnet-excel-input\tools\sync_financials.py", line 96, in _request
    r.raise_for_status()
  File "C:\Users\takuy\OneDrive\tdnet-excel-input\.venv\Lib\site-packages\requests\models.py", line 1026, in raise_for_status
    raise HTTPError(http_error_msg, response=self)
requests.exceptions.HTTPError: 401 Client Error: Unauthorized for url: https://fvkvfekzoebcolssnteo.supabase.co/rest/v1/financials?on_conflict=ticker%2Cperiod%2Cquarter

During handling of the above exception, another exception occurred:

Traceback (most recent call last):
  File "C:\Users\takuy\AppData\Roaming\uv\python\cpython-3.11-windows-x86_64-none\Lib\logging\__init__.py", line 1113, in emit
    stream.write(msg + self.terminator)
UnicodeEncodeError: 'cp932' codec can't encode character '\u2014' in position 71: illegal multibyte sequence
Call stack:
  File "C:\Users\takuy\OneDrive\tdnet-excel-input\tools\sync_financials.py", line 538, in <module>
    main()
  File "C:\Users\takuy\OneDrive\tdnet-excel-input\tools\sync_financials.py", line 512, in main
    stats = sync(
  File "C:\Users\takuy\OneDrive\tdnet-excel-input\tools\sync_financials.py", line 360, in sync
    logger.error(
Message: "  batch 79/145: FAILED \u2014 401 Client Error: Unauthorized for url: https://fvkvfekzoebcolssnteo.supabase.co/rest/v1/financials?on_conflict=ticker%2Cperiod%2Cquarter\n  (êÊì™çs: {'ticker': '62370', 'period': '2025-03-31', 'quarter': '1Q', 'sales': 11220000000, 'gross_profit': 4617037000, 'operating_profit': 1431000000, 'source': 'jquants', 'updated_at': '2026-03-09T08:32:19.007329+09:00'})"
Arguments: ()
--- Logging error ---
Traceback (most recent call last):
  File "C:\Users\takuy\OneDrive\tdnet-excel-input\tools\sync_financials.py", line 96, in _request
    r.raise_for_status()
  File "C:\Users\takuy\OneDrive\tdnet-excel-input\.venv\Lib\site-packages\requests\models.py", line 1026, in raise_for_status
    raise HTTPError(http_error_msg, response=self)
requests.exceptions.HTTPError: 401 Client Error: Unauthorized for url: https://fvkvfekzoebcolssnteo.supabase.co/rest/v1/financials?on_conflict=ticker%2Cperiod%2Cquarter

During handling of the above exception, another exception occurred:

Traceback (most recent call last):
  File "C:\Users\takuy\AppData\Roaming\uv\python\cpython-3.11-windows-x86_64-none\Lib\logging\__init__.py", line 1113, in emit
    stream.write(msg + self.terminator)
UnicodeEncodeError: 'cp932' codec can't encode character '\u2014' in position 61: illegal multibyte sequence
Call stack:
  File "C:\Users\takuy\OneDrive\tdnet-excel-input\tools\sync_financials.py", line 538, in <module>
    main()
  File "C:\Users\takuy\OneDrive\tdnet-excel-input\tools\sync_financials.py", line 512, in main
    stats = sync(
  File "C:\Users\takuy\OneDrive\tdnet-excel-input\tools\sync_financials.py", line 348, in sync
    n = api.upsert_batch(table, chunk, on_conflict="ticker,period,quarter")
  File "C:\Users\takuy\OneDrive\tdnet-excel-input\tools\sync_financials.py", line 139, in upsert_batch
    self._request(
  File "C:\Users\takuy\OneDrive\tdnet-excel-input\tools\sync_financials.py", line 123, in _request
    logger.error(
Message: '[API] HTTP 0 \u2014 ÉäÉgÉâÉCïsâ¬\n  ÉåÉXÉ|ÉìÉX: {"code":"42501","details":null,"hint":null,"message":"new row violates row-level security policy for table \\"financials\\""}'
Arguments: ()
--- Logging error ---
Traceback (most recent call last):
  File "C:\Users\takuy\OneDrive\tdnet-excel-input\tools\sync_financials.py", line 348, in sync
    n = api.upsert_batch(table, chunk, on_conflict="ticker,period,quarter")
        ^^^^^^^^^^^^^^^^^^^^^^^^^^^^^^^^^^^^^^^^^^^^^^^^^^^^^^^^^^^^^^^^^^^
  File "C:\Users\takuy\OneDrive\tdnet-excel-input\tools\sync_financials.py", line 139, in upsert_batch
    self._request(
  File "C:\Users\takuy\OneDrive\tdnet-excel-input\tools\sync_financials.py", line 96, in _request
    r.raise_for_status()
  File "C:\Users\takuy\OneDrive\tdnet-excel-input\.venv\Lib\site-packages\requests\models.py", line 1026, in raise_for_status
    raise HTTPError(http_error_msg, response=self)
requests.exceptions.HTTPError: 401 Client Error: Unauthorized for url: https://fvkvfekzoebcolssnteo.supabase.co/rest/v1/financials?on_conflict=ticker%2Cperiod%2Cquarter

During handling of the above exception, another exception occurred:

Traceback (most recent call last):
  File "C:\Users\takuy\AppData\Roaming\uv\python\cpython-3.11-windows-x86_64-none\Lib\logging\__init__.py", line 1113, in emit
    stream.write(msg + self.terminator)
UnicodeEncodeError: 'cp932' codec can't encode character '\u2014' in position 71: illegal multibyte sequence
Call stack:
  File "C:\Users\takuy\OneDrive\tdnet-excel-input\tools\sync_financials.py", line 538, in <module>
    main()
  File "C:\Users\takuy\OneDrive\tdnet-excel-input\tools\sync_financials.py", line 512, in main
    stats = sync(
  File "C:\Users\takuy\OneDrive\tdnet-excel-input\tools\sync_financials.py", line 360, in sync
    logger.error(
Message: "  batch 80/145: FAILED \u2014 401 Client Error: Unauthorized for url: https://fvkvfekzoebcolssnteo.supabase.co/rest/v1/financials?on_conflict=ticker%2Cperiod%2Cquarter\n  (êÊì™çs: {'ticker': '62780', 'period': '2024-12-31', 'quarter': '2Q', 'sales': 15794000000, 'gross_profit': 6180000000, 'operating_profit': 3108000000, 'source': 'jquants', 'updated_at': '2026-03-09T08:32:19.007329+09:00'})"
Arguments: ()
--- Logging error ---
Traceback (most recent call last):
  File "C:\Users\takuy\OneDrive\tdnet-excel-input\tools\sync_financials.py", line 96, in _request
    r.raise_for_status()
  File "C:\Users\takuy\OneDrive\tdnet-excel-input\.venv\Lib\site-packages\requests\models.py", line 1026, in raise_for_status
    raise HTTPError(http_error_msg, response=self)
requests.exceptions.HTTPError: 401 Client Error: Unauthorized for url: https://fvkvfekzoebcolssnteo.supabase.co/rest/v1/financials?on_conflict=ticker%2Cperiod%2Cquarter

During handling of the above exception, another exception occurred:

Traceback (most recent call last):
  File "C:\Users\takuy\AppData\Roaming\uv\python\cpython-3.11-windows-x86_64-none\Lib\logging\__init__.py", line 1113, in emit
    stream.write(msg + self.terminator)
UnicodeEncodeError: 'cp932' codec can't encode character '\u2014' in position 61: illegal multibyte sequence
Call stack:
  File "C:\Users\takuy\OneDrive\tdnet-excel-input\tools\sync_financials.py", line 538, in <module>
    main()
  File "C:\Users\takuy\OneDrive\tdnet-excel-input\tools\sync_financials.py", line 512, in main
    stats = sync(
  File "C:\Users\takuy\OneDrive\tdnet-excel-input\tools\sync_financials.py", line 348, in sync
    n = api.upsert_batch(table, chunk, on_conflict="ticker,period,quarter")
  File "C:\Users\takuy\OneDrive\tdnet-excel-input\tools\sync_financials.py", line 139, in upsert_batch
    self._request(
  File "C:\Users\takuy\OneDrive\tdnet-excel-input\tools\sync_financials.py", line 123, in _request
    logger.error(
Message: '[API] HTTP 0 \u2014 ÉäÉgÉâÉCïsâ¬\n  ÉåÉXÉ|ÉìÉX: {"code":"42501","details":null,"hint":null,"message":"new row violates row-level security policy for table \\"financials\\""}'
Arguments: ()
--- Logging error ---
Traceback (most recent call last):
  File "C:\Users\takuy\OneDrive\tdnet-excel-input\tools\sync_financials.py", line 348, in sync
    n = api.upsert_batch(table, chunk, on_conflict="ticker,period,quarter")
        ^^^^^^^^^^^^^^^^^^^^^^^^^^^^^^^^^^^^^^^^^^^^^^^^^^^^^^^^^^^^^^^^^^^
  File "C:\Users\takuy\OneDrive\tdnet-excel-input\tools\sync_financials.py", line 139, in upsert_batch
    self._request(
  File "C:\Users\takuy\OneDrive\tdnet-excel-input\tools\sync_financials.py", line 96, in _request
    r.raise_for_status()
  File "C:\Users\takuy\OneDrive\tdnet-excel-input\.venv\Lib\site-packages\requests\models.py", line 1026, in raise_for_status
    raise HTTPError(http_error_msg, response=self)
requests.exceptions.HTTPError: 401 Client Error: Unauthorized for url: https://fvkvfekzoebcolssnteo.supabase.co/rest/v1/financials?on_conflict=ticker%2Cperiod%2Cquarter

During handling of the above exception, another exception occurred:

Traceback (most recent call last):
  File "C:\Users\takuy\AppData\Roaming\uv\python\cpython-3.11-windows-x86_64-none\Lib\logging\__init__.py", line 1113, in emit
    stream.write(msg + self.terminator)
UnicodeEncodeError: 'cp932' codec can't encode character '\u2014' in position 71: illegal multibyte sequence
Call stack:
  File "C:\Users\takuy\OneDrive\tdnet-excel-input\tools\sync_financials.py", line 538, in <module>
    main()
  File "C:\Users\takuy\OneDrive\tdnet-excel-input\tools\sync_financials.py", line 512, in main
    stats = sync(
  File "C:\Users\takuy\OneDrive\tdnet-excel-input\tools\sync_financials.py", line 360, in sync
    logger.error(
Message: "  batch 81/145: FAILED \u2014 401 Client Error: Unauthorized for url: https://fvkvfekzoebcolssnteo.supabase.co/rest/v1/financials?on_conflict=ticker%2Cperiod%2Cquarter\n  (êÊì™çs: {'ticker': '63250', 'period': '2023-03-31', 'quarter': '2Q', 'sales': 3830000000, 'gross_profit': 1269264000, 'operating_profit': 386000000, 'source': 'jquants', 'updated_at': '2026-03-09T08:32:19.007329+09:00'})"
Arguments: ()
--- Logging error ---
Traceback (most recent call last):
  File "C:\Users\takuy\OneDrive\tdnet-excel-input\tools\sync_financials.py", line 96, in _request
    r.raise_for_status()
  File "C:\Users\takuy\OneDrive\tdnet-excel-input\.venv\Lib\site-packages\requests\models.py", line 1026, in raise_for_status
    raise HTTPError(http_error_msg, response=self)
requests.exceptions.HTTPError: 401 Client Error: Unauthorized for url: https://fvkvfekzoebcolssnteo.supabase.co/rest/v1/financials?on_conflict=ticker%2Cperiod%2Cquarter

During handling of the above exception, another exception occurred:

Traceback (most recent call last):
  File "C:\Users\takuy\AppData\Roaming\uv\python\cpython-3.11-windows-x86_64-none\Lib\logging\__init__.py", line 1113, in emit
    stream.write(msg + self.terminator)
UnicodeEncodeError: 'cp932' codec can't encode character '\u2014' in position 61: illegal multibyte sequence
Call stack:
  File "C:\Users\takuy\OneDrive\tdnet-excel-input\tools\sync_financials.py", line 538, in <module>
    main()
  File "C:\Users\takuy\OneDrive\tdnet-excel-input\tools\sync_financials.py", line 512, in main
    stats = sync(
  File "C:\Users\takuy\OneDrive\tdnet-excel-input\tools\sync_financials.py", line 348, in sync
    n = api.upsert_batch(table, chunk, on_conflict="ticker,period,quarter")
  File "C:\Users\takuy\OneDrive\tdnet-excel-input\tools\sync_financials.py", line 139, in upsert_batch
    self._request(
  File "C:\Users\takuy\OneDrive\tdnet-excel-input\tools\sync_financials.py", line 123, in _request
    logger.error(
Message: '[API] HTTP 0 \u2014 ÉäÉgÉâÉCïsâ¬\n  ÉåÉXÉ|ÉìÉX: {"code":"42501","details":null,"hint":null,"message":"new row violates row-level security policy for table \\"financials\\""}'
Arguments: ()
--- Logging error ---
Traceback (most recent call last):
  File "C:\Users\takuy\OneDrive\tdnet-excel-input\tools\sync_financials.py", line 348, in sync
    n = api.upsert_batch(table, chunk, on_conflict="ticker,period,quarter")
        ^^^^^^^^^^^^^^^^^^^^^^^^^^^^^^^^^^^^^^^^^^^^^^^^^^^^^^^^^^^^^^^^^^^
  File "C:\Users\takuy\OneDrive\tdnet-excel-input\tools\sync_financials.py", line 139, in upsert_batch
    self._request(
  File "C:\Users\takuy\OneDrive\tdnet-excel-input\tools\sync_financials.py", line 96, in _request
    r.raise_for_status()
  File "C:\Users\takuy\OneDrive\tdnet-excel-input\.venv\Lib\site-packages\requests\models.py", line 1026, in raise_for_status
    raise HTTPError(http_error_msg, response=self)
requests.exceptions.HTTPError: 401 Client Error: Unauthorized for url: https://fvkvfekzoebcolssnteo.supabase.co/rest/v1/financials?on_conflict=ticker%2Cperiod%2Cquarter

During handling of the above exception, another exception occurred:

Traceback (most recent call last):
  File "C:\Users\takuy\AppData\Roaming\uv\python\cpython-3.11-windows-x86_64-none\Lib\logging\__init__.py", line 1113, in emit
    stream.write(msg + self.terminator)
UnicodeEncodeError: 'cp932' codec can't encode character '\u2014' in position 71: illegal multibyte sequence
Call stack:
  File "C:\Users\takuy\OneDrive\tdnet-excel-input\tools\sync_financials.py", line 538, in <module>
    main()
  File "C:\Users\takuy\OneDrive\tdnet-excel-input\tools\sync_financials.py", line 512, in main
    stats = sync(
  File "C:\Users\takuy\OneDrive\tdnet-excel-input\tools\sync_financials.py", line 360, in sync
    logger.error(
Message: "  batch 82/145: FAILED \u2014 401 Client Error: Unauthorized for url: https://fvkvfekzoebcolssnteo.supabase.co/rest/v1/financials?on_conflict=ticker%2Cperiod%2Cquarter\n  (êÊì™çs: {'ticker': '63600', 'period': '2022-03-31', 'quarter': '2Q', 'sales': 3826000000, 'gross_profit': 839036000, 'operating_profit': 26000000, 'source': 'jquants', 'updated_at': '2026-03-09T08:32:19.007329+09:00'})"
Arguments: ()
--- Logging error ---
Traceback (most recent call last):
  File "C:\Users\takuy\OneDrive\tdnet-excel-input\tools\sync_financials.py", line 96, in _request
    r.raise_for_status()
  File "C:\Users\takuy\OneDrive\tdnet-excel-input\.venv\Lib\site-packages\requests\models.py", line 1026, in raise_for_status
    raise HTTPError(http_error_msg, response=self)
requests.exceptions.HTTPError: 401 Client Error: Unauthorized for url: https://fvkvfekzoebcolssnteo.supabase.co/rest/v1/financials?on_conflict=ticker%2Cperiod%2Cquarter

During handling of the above exception, another exception occurred:

Traceback (most recent call last):
  File "C:\Users\takuy\AppData\Roaming\uv\python\cpython-3.11-windows-x86_64-none\Lib\logging\__init__.py", line 1113, in emit
    stream.write(msg + self.terminator)
UnicodeEncodeError: 'cp932' codec can't encode character '\u2014' in position 61: illegal multibyte sequence
Call stack:
  File "C:\Users\takuy\OneDrive\tdnet-excel-input\tools\sync_financials.py", line 538, in <module>
    main()
  File "C:\Users\takuy\OneDrive\tdnet-excel-input\tools\sync_financials.py", line 512, in main
    stats = sync(
  File "C:\Users\takuy\OneDrive\tdnet-excel-input\tools\sync_financials.py", line 348, in sync
    n = api.upsert_batch(table, chunk, on_conflict="ticker,period,quarter")
  File "C:\Users\takuy\OneDrive\tdnet-excel-input\tools\sync_financials.py", line 139, in upsert_batch
    self._request(
  File "C:\Users\takuy\OneDrive\tdnet-excel-input\tools\sync_financials.py", line 123, in _request
    logger.error(
Message: '[API] HTTP 0 \u2014 ÉäÉgÉâÉCïsâ¬\n  ÉåÉXÉ|ÉìÉX: {"code":"42501","details":null,"hint":null,"message":"new row violates row-level security policy for table \\"financials\\""}'
Arguments: ()
--- Logging error ---
Traceback (most recent call last):
  File "C:\Users\takuy\OneDrive\tdnet-excel-input\tools\sync_financials.py", line 348, in sync
    n = api.upsert_batch(table, chunk, on_conflict="ticker,period,quarter")
        ^^^^^^^^^^^^^^^^^^^^^^^^^^^^^^^^^^^^^^^^^^^^^^^^^^^^^^^^^^^^^^^^^^^
  File "C:\Users\takuy\OneDrive\tdnet-excel-input\tools\sync_financials.py", line 139, in upsert_batch
    self._request(
  File "C:\Users\takuy\OneDrive\tdnet-excel-input\tools\sync_financials.py", line 96, in _request
    r.raise_for_status()
  File "C:\Users\takuy\OneDrive\tdnet-excel-input\.venv\Lib\site-packages\requests\models.py", line 1026, in raise_for_status
    raise HTTPError(http_error_msg, response=self)
requests.exceptions.HTTPError: 401 Client Error: Unauthorized for url: https://fvkvfekzoebcolssnteo.supabase.co/rest/v1/financials?on_conflict=ticker%2Cperiod%2Cquarter

During handling of the above exception, another exception occurred:

Traceback (most recent call last):
  File "C:\Users\takuy\AppData\Roaming\uv\python\cpython-3.11-windows-x86_64-none\Lib\logging\__init__.py", line 1113, in emit
    stream.write(msg + self.terminator)
UnicodeEncodeError: 'cp932' codec can't encode character '\u2014' in position 71: illegal multibyte sequence
Call stack:
  File "C:\Users\takuy\OneDrive\tdnet-excel-input\tools\sync_financials.py", line 538, in <module>
    main()
  File "C:\Users\takuy\OneDrive\tdnet-excel-input\tools\sync_financials.py", line 512, in main
    stats = sync(
  File "C:\Users\takuy\OneDrive\tdnet-excel-input\tools\sync_financials.py", line 360, in sync
    logger.error(
Message: "  batch 83/145: FAILED \u2014 401 Client Error: Unauthorized for url: https://fvkvfekzoebcolssnteo.supabase.co/rest/v1/financials?on_conflict=ticker%2Cperiod%2Cquarter\n  (êÊì™çs: {'ticker': '63950', 'period': '2025-12-31', 'quarter': 'FY', 'sales': 349477000000, 'gross_profit': 93195000000, 'operating_profit': 18552000000, 'source': 'jquants', 'updated_at': '2026-03-09T08:32:19.007329+09:00'})"
Arguments: ()
--- Logging error ---
Traceback (most recent call last):
  File "C:\Users\takuy\OneDrive\tdnet-excel-input\tools\sync_financials.py", line 96, in _request
    r.raise_for_status()
  File "C:\Users\takuy\OneDrive\tdnet-excel-input\.venv\Lib\site-packages\requests\models.py", line 1026, in raise_for_status
    raise HTTPError(http_error_msg, response=self)
requests.exceptions.HTTPError: 401 Client Error: Unauthorized for url: https://fvkvfekzoebcolssnteo.supabase.co/rest/v1/financials?on_conflict=ticker%2Cperiod%2Cquarter

During handling of the above exception, another exception occurred:

Traceback (most recent call last):
  File "C:\Users\takuy\AppData\Roaming\uv\python\cpython-3.11-windows-x86_64-none\Lib\logging\__init__.py", line 1113, in emit
    stream.write(msg + self.terminator)
UnicodeEncodeError: 'cp932' codec can't encode character '\u2014' in position 61: illegal multibyte sequence
Call stack:
  File "C:\Users\takuy\OneDrive\tdnet-excel-input\tools\sync_financials.py", line 538, in <module>
    main()
  File "C:\Users\takuy\OneDrive\tdnet-excel-input\tools\sync_financials.py", line 512, in main
    stats = sync(
  File "C:\Users\takuy\OneDrive\tdnet-excel-input\tools\sync_financials.py", line 348, in sync
    n = api.upsert_batch(table, chunk, on_conflict="ticker,period,quarter")
  File "C:\Users\takuy\OneDrive\tdnet-excel-input\tools\sync_financials.py", line 139, in upsert_batch
    self._request(
  File "C:\Users\takuy\OneDrive\tdnet-excel-input\tools\sync_financials.py", line 123, in _request
    logger.error(
Message: '[API] HTTP 0 \u2014 ÉäÉgÉâÉCïsâ¬\n  ÉåÉXÉ|ÉìÉX: {"code":"42501","details":null,"hint":null,"message":"new row violates row-level security policy for table \\"financials\\""}'
Arguments: ()
--- Logging error ---
Traceback (most recent call last):
  File "C:\Users\takuy\OneDrive\tdnet-excel-input\tools\sync_financials.py", line 348, in sync
    n = api.upsert_batch(table, chunk, on_conflict="ticker,period,quarter")
        ^^^^^^^^^^^^^^^^^^^^^^^^^^^^^^^^^^^^^^^^^^^^^^^^^^^^^^^^^^^^^^^^^^^
  File "C:\Users\takuy\OneDrive\tdnet-excel-input\tools\sync_financials.py", line 139, in upsert_batch
    self._request(
  File "C:\Users\takuy\OneDrive\tdnet-excel-input\tools\sync_financials.py", line 96, in _request
    r.raise_for_status()
  File "C:\Users\takuy\OneDrive\tdnet-excel-input\.venv\Lib\site-packages\requests\models.py", line 1026, in raise_for_status
    raise HTTPError(http_error_msg, response=self)
requests.exceptions.HTTPError: 401 Client Error: Unauthorized for url: https://fvkvfekzoebcolssnteo.supabase.co/rest/v1/financials?on_conflict=ticker%2Cperiod%2Cquarter

During handling of the above exception, another exception occurred:

Traceback (most recent call last):
  File "C:\Users\takuy\AppData\Roaming\uv\python\cpython-3.11-windows-x86_64-none\Lib\logging\__init__.py", line 1113, in emit
    stream.write(msg + self.terminator)
UnicodeEncodeError: 'cp932' codec can't encode character '\u2014' in position 71: illegal multibyte sequence
Call stack:
  File "C:\Users\takuy\OneDrive\tdnet-excel-input\tools\sync_financials.py", line 538, in <module>
    main()
  File "C:\Users\takuy\OneDrive\tdnet-excel-input\tools\sync_financials.py", line 512, in main
    stats = sync(
  File "C:\Users\takuy\OneDrive\tdnet-excel-input\tools\sync_financials.py", line 360, in sync
    logger.error(
Message: "  batch 84/145: FAILED \u2014 401 Client Error: Unauthorized for url: https://fvkvfekzoebcolssnteo.supabase.co/rest/v1/financials?on_conflict=ticker%2Cperiod%2Cquarter\n  (êÊì™çs: {'ticker': '64480', 'period': '2025-03-31', 'quarter': '3Q', 'sales': 658759000000, 'gross_profit': 293233000000, 'operating_profit': 64080000000, 'source': 'jquants', 'updated_at': '2026-03-09T08:32:19.007329+09:00'})"
Arguments: ()
--- Logging error ---
Traceback (most recent call last):
  File "C:\Users\takuy\OneDrive\tdnet-excel-input\tools\sync_financials.py", line 96, in _request
    r.raise_for_status()
  File "C:\Users\takuy\OneDrive\tdnet-excel-input\.venv\Lib\site-packages\requests\models.py", line 1026, in raise_for_status
    raise HTTPError(http_error_msg, response=self)
requests.exceptions.HTTPError: 401 Client Error: Unauthorized for url: https://fvkvfekzoebcolssnteo.supabase.co/rest/v1/financials?on_conflict=ticker%2Cperiod%2Cquarter

During handling of the above exception, another exception occurred:

Traceback (most recent call last):
  File "C:\Users\takuy\AppData\Roaming\uv\python\cpython-3.11-windows-x86_64-none\Lib\logging\__init__.py", line 1113, in emit
    stream.write(msg + self.terminator)
UnicodeEncodeError: 'cp932' codec can't encode character '\u2014' in position 61: illegal multibyte sequence
Call stack:
  File "C:\Users\takuy\OneDrive\tdnet-excel-input\tools\sync_financials.py", line 538, in <module>
    main()
  File "C:\Users\takuy\OneDrive\tdnet-excel-input\tools\sync_financials.py", line 512, in main
    stats = sync(
  File "C:\Users\takuy\OneDrive\tdnet-excel-input\tools\sync_financials.py", line 348, in sync
    n = api.upsert_batch(table, chunk, on_conflict="ticker,period,quarter")
  File "C:\Users\takuy\OneDrive\tdnet-excel-input\tools\sync_financials.py", line 139, in upsert_batch
    self._request(
  File "C:\Users\takuy\OneDrive\tdnet-excel-input\tools\sync_financials.py", line 123, in _request
    logger.error(
Message: '[API] HTTP 0 \u2014 ÉäÉgÉâÉCïsâ¬\n  ÉåÉXÉ|ÉìÉX: {"code":"42501","details":null,"hint":null,"message":"new row violates row-level security policy for table \\"financials\\""}'
Arguments: ()
--- Logging error ---
Traceback (most recent call last):
  File "C:\Users\takuy\OneDrive\tdnet-excel-input\tools\sync_financials.py", line 348, in sync
    n = api.upsert_batch(table, chunk, on_conflict="ticker,period,quarter")
        ^^^^^^^^^^^^^^^^^^^^^^^^^^^^^^^^^^^^^^^^^^^^^^^^^^^^^^^^^^^^^^^^^^^
  File "C:\Users\takuy\OneDrive\tdnet-excel-input\tools\sync_financials.py", line 139, in upsert_batch
    self._request(
  File "C:\Users\takuy\OneDrive\tdnet-excel-input\tools\sync_financials.py", line 96, in _request
    r.raise_for_status()
  File "C:\Users\takuy\OneDrive\tdnet-excel-input\.venv\Lib\site-packages\requests\models.py", line 1026, in raise_for_status
    raise HTTPError(http_error_msg, response=self)
requests.exceptions.HTTPError: 401 Client Error: Unauthorized for url: https://fvkvfekzoebcolssnteo.supabase.co/rest/v1/financials?on_conflict=ticker%2Cperiod%2Cquarter

During handling of the above exception, another exception occurred:

Traceback (most recent call last):
  File "C:\Users\takuy\AppData\Roaming\uv\python\cpython-3.11-windows-x86_64-none\Lib\logging\__init__.py", line 1113, in emit
    stream.write(msg + self.terminator)
UnicodeEncodeError: 'cp932' codec can't encode character '\u2014' in position 71: illegal multibyte sequence
Call stack:
  File "C:\Users\takuy\OneDrive\tdnet-excel-input\tools\sync_financials.py", line 538, in <module>
    main()
  File "C:\Users\takuy\OneDrive\tdnet-excel-input\tools\sync_financials.py", line 512, in main
    stats = sync(
  File "C:\Users\takuy\OneDrive\tdnet-excel-input\tools\sync_financials.py", line 360, in sync
    logger.error(
Message: "  batch 85/145: FAILED \u2014 401 Client Error: Unauthorized for url: https://fvkvfekzoebcolssnteo.supabase.co/rest/v1/financials?on_conflict=ticker%2Cperiod%2Cquarter\n  (êÊì™çs: {'ticker': '64880', 'period': '2025-03-31', 'quarter': '2Q', 'sales': 4755000000, 'gross_profit': 1923883000, 'operating_profit': 473000000, 'source': 'jquants', 'updated_at': '2026-03-09T08:32:19.007329+09:00'})"
Arguments: ()
--- Logging error ---
Traceback (most recent call last):
  File "C:\Users\takuy\OneDrive\tdnet-excel-input\tools\sync_financials.py", line 96, in _request
    r.raise_for_status()
  File "C:\Users\takuy\OneDrive\tdnet-excel-input\.venv\Lib\site-packages\requests\models.py", line 1026, in raise_for_status
    raise HTTPError(http_error_msg, response=self)
requests.exceptions.HTTPError: 401 Client Error: Unauthorized for url: https://fvkvfekzoebcolssnteo.supabase.co/rest/v1/financials?on_conflict=ticker%2Cperiod%2Cquarter

During handling of the above exception, another exception occurred:

Traceback (most recent call last):
  File "C:\Users\takuy\AppData\Roaming\uv\python\cpython-3.11-windows-x86_64-none\Lib\logging\__init__.py", line 1113, in emit
    stream.write(msg + self.terminator)
UnicodeEncodeError: 'cp932' codec can't encode character '\u2014' in position 61: illegal multibyte sequence
Call stack:
  File "C:\Users\takuy\OneDrive\tdnet-excel-input\tools\sync_financials.py", line 538, in <module>
    main()
  File "C:\Users\takuy\OneDrive\tdnet-excel-input\tools\sync_financials.py", line 512, in main
    stats = sync(
  File "C:\Users\takuy\OneDrive\tdnet-excel-input\tools\sync_financials.py", line 348, in sync
    n = api.upsert_batch(table, chunk, on_conflict="ticker,period,quarter")
  File "C:\Users\takuy\OneDrive\tdnet-excel-input\tools\sync_financials.py", line 139, in upsert_batch
    self._request(
  File "C:\Users\takuy\OneDrive\tdnet-excel-input\tools\sync_financials.py", line 123, in _request
    logger.error(
Message: '[API] HTTP 0 \u2014 ÉäÉgÉâÉCïsâ¬\n  ÉåÉXÉ|ÉìÉX: {"code":"42501","details":null,"hint":null,"message":"new row violates row-level security policy for table \\"financials\\""}'
Arguments: ()
--- Logging error ---
Traceback (most recent call last):
  File "C:\Users\takuy\OneDrive\tdnet-excel-input\tools\sync_financials.py", line 348, in sync
    n = api.upsert_batch(table, chunk, on_conflict="ticker,period,quarter")
        ^^^^^^^^^^^^^^^^^^^^^^^^^^^^^^^^^^^^^^^^^^^^^^^^^^^^^^^^^^^^^^^^^^^
  File "C:\Users\takuy\OneDrive\tdnet-excel-input\tools\sync_financials.py", line 139, in upsert_batch
    self._request(
  File "C:\Users\takuy\OneDrive\tdnet-excel-input\tools\sync_financials.py", line 96, in _request
    r.raise_for_status()
  File "C:\Users\takuy\OneDrive\tdnet-excel-input\.venv\Lib\site-packages\requests\models.py", line 1026, in raise_for_status
    raise HTTPError(http_error_msg, response=self)
requests.exceptions.HTTPError: 401 Client Error: Unauthorized for url: https://fvkvfekzoebcolssnteo.supabase.co/rest/v1/financials?on_conflict=ticker%2Cperiod%2Cquarter

During handling of the above exception, another exception occurred:

Traceback (most recent call last):
  File "C:\Users\takuy\AppData\Roaming\uv\python\cpython-3.11-windows-x86_64-none\Lib\logging\__init__.py", line 1113, in emit
    stream.write(msg + self.terminator)
UnicodeEncodeError: 'cp932' codec can't encode character '\u2014' in position 71: illegal multibyte sequence
Call stack:
  File "C:\Users\takuy\OneDrive\tdnet-excel-input\tools\sync_financials.py", line 538, in <module>
    main()
  File "C:\Users\takuy\OneDrive\tdnet-excel-input\tools\sync_financials.py", line 512, in main
    stats = sync(
  File "C:\Users\takuy\OneDrive\tdnet-excel-input\tools\sync_financials.py", line 360, in sync
    logger.error(
Message: "  batch 86/145: FAILED \u2014 401 Client Error: Unauthorized for url: https://fvkvfekzoebcolssnteo.supabase.co/rest/v1/financials?on_conflict=ticker%2Cperiod%2Cquarter\n  (êÊì™çs: {'ticker': '65260', 'period': '2025-03-31', 'quarter': '1Q', 'sales': 52783000000, 'gross_profit': 29836000000, 'operating_profit': 10265000000, 'source': 'jquants', 'updated_at': '2026-03-09T08:32:19.007329+09:00'})"
Arguments: ()
--- Logging error ---
Traceback (most recent call last):
  File "C:\Users\takuy\OneDrive\tdnet-excel-input\tools\sync_financials.py", line 96, in _request
    r.raise_for_status()
  File "C:\Users\takuy\OneDrive\tdnet-excel-input\.venv\Lib\site-packages\requests\models.py", line 1026, in raise_for_status
    raise HTTPError(http_error_msg, response=self)
requests.exceptions.HTTPError: 401 Client Error: Unauthorized for url: https://fvkvfekzoebcolssnteo.supabase.co/rest/v1/financials?on_conflict=ticker%2Cperiod%2Cquarter

During handling of the above exception, another exception occurred:

Traceback (most recent call last):
  File "C:\Users\takuy\AppData\Roaming\uv\python\cpython-3.11-windows-x86_64-none\Lib\logging\__init__.py", line 1113, in emit
    stream.write(msg + self.terminator)
UnicodeEncodeError: 'cp932' codec can't encode character '\u2014' in position 61: illegal multibyte sequence
Call stack:
  File "C:\Users\takuy\OneDrive\tdnet-excel-input\tools\sync_financials.py", line 538, in <module>
    main()
  File "C:\Users\takuy\OneDrive\tdnet-excel-input\tools\sync_financials.py", line 512, in main
    stats = sync(
  File "C:\Users\takuy\OneDrive\tdnet-excel-input\tools\sync_financials.py", line 348, in sync
    n = api.upsert_batch(table, chunk, on_conflict="ticker,period,quarter")
  File "C:\Users\takuy\OneDrive\tdnet-excel-input\tools\sync_financials.py", line 139, in upsert_batch
    self._request(
  File "C:\Users\takuy\OneDrive\tdnet-excel-input\tools\sync_financials.py", line 123, in _request
    logger.error(
Message: '[API] HTTP 0 \u2014 ÉäÉgÉâÉCïsâ¬\n  ÉåÉXÉ|ÉìÉX: {"code":"42501","details":null,"hint":null,"message":"new row violates row-level security policy for table \\"financials\\""}'
Arguments: ()
--- Logging error ---
Traceback (most recent call last):
  File "C:\Users\takuy\OneDrive\tdnet-excel-input\tools\sync_financials.py", line 348, in sync
    n = api.upsert_batch(table, chunk, on_conflict="ticker,period,quarter")
        ^^^^^^^^^^^^^^^^^^^^^^^^^^^^^^^^^^^^^^^^^^^^^^^^^^^^^^^^^^^^^^^^^^^
  File "C:\Users\takuy\OneDrive\tdnet-excel-input\tools\sync_financials.py", line 139, in upsert_batch
    self._request(
  File "C:\Users\takuy\OneDrive\tdnet-excel-input\tools\sync_financials.py", line 96, in _request
    r.raise_for_status()
  File "C:\Users\takuy\OneDrive\tdnet-excel-input\.venv\Lib\site-packages\requests\models.py", line 1026, in raise_for_status
    raise HTTPError(http_error_msg, response=self)
requests.exceptions.HTTPError: 401 Client Error: Unauthorized for url: https://fvkvfekzoebcolssnteo.supabase.co/rest/v1/financials?on_conflict=ticker%2Cperiod%2Cquarter

During handling of the above exception, another exception occurred:

Traceback (most recent call last):
  File "C:\Users\takuy\AppData\Roaming\uv\python\cpython-3.11-windows-x86_64-none\Lib\logging\__init__.py", line 1113, in emit
    stream.write(msg + self.terminator)
UnicodeEncodeError: 'cp932' codec can't encode character '\u2014' in position 71: illegal multibyte sequence
Call stack:
  File "C:\Users\takuy\OneDrive\tdnet-excel-input\tools\sync_financials.py", line 538, in <module>
    main()
  File "C:\Users\takuy\OneDrive\tdnet-excel-input\tools\sync_financials.py", line 512, in main
    stats = sync(
  File "C:\Users\takuy\OneDrive\tdnet-excel-input\tools\sync_financials.py", line 360, in sync
    logger.error(
Message: "  batch 87/145: FAILED \u2014 401 Client Error: Unauthorized for url: https://fvkvfekzoebcolssnteo.supabase.co/rest/v1/financials?on_conflict=ticker%2Cperiod%2Cquarter\n  (êÊì™çs: {'ticker': '65640', 'period': '2024-03-31', 'quarter': '3Q', 'sales': 6895000000, 'gross_profit': 4185999000, 'operating_profit': 2451000000, 'source': 'jquants', 'updated_at': '2026-03-09T08:32:19.007329+09:00'})"
Arguments: ()
--- Logging error ---
Traceback (most recent call last):
  File "C:\Users\takuy\OneDrive\tdnet-excel-input\tools\sync_financials.py", line 96, in _request
    r.raise_for_status()
  File "C:\Users\takuy\OneDrive\tdnet-excel-input\.venv\Lib\site-packages\requests\models.py", line 1026, in raise_for_status
    raise HTTPError(http_error_msg, response=self)
requests.exceptions.HTTPError: 401 Client Error: Unauthorized for url: https://fvkvfekzoebcolssnteo.supabase.co/rest/v1/financials?on_conflict=ticker%2Cperiod%2Cquarter

During handling of the above exception, another exception occurred:

Traceback (most recent call last):
  File "C:\Users\takuy\AppData\Roaming\uv\python\cpython-3.11-windows-x86_64-none\Lib\logging\__init__.py", line 1113, in emit
    stream.write(msg + self.terminator)
UnicodeEncodeError: 'cp932' codec can't encode character '\u2014' in position 61: illegal multibyte sequence
Call stack:
  File "C:\Users\takuy\OneDrive\tdnet-excel-input\tools\sync_financials.py", line 538, in <module>
    main()
  File "C:\Users\takuy\OneDrive\tdnet-excel-input\tools\sync_financials.py", line 512, in main
    stats = sync(
  File "C:\Users\takuy\OneDrive\tdnet-excel-input\tools\sync_financials.py", line 348, in sync
    n = api.upsert_batch(table, chunk, on_conflict="ticker,period,quarter")
  File "C:\Users\takuy\OneDrive\tdnet-excel-input\tools\sync_financials.py", line 139, in upsert_batch
    self._request(
  File "C:\Users\takuy\OneDrive\tdnet-excel-input\tools\sync_financials.py", line 123, in _request
    logger.error(
Message: '[API] HTTP 0 \u2014 ÉäÉgÉâÉCïsâ¬\n  ÉåÉXÉ|ÉìÉX: {"code":"42501","details":null,"hint":null,"message":"new row violates row-level security policy for table \\"financials\\""}'
Arguments: ()
--- Logging error ---
Traceback (most recent call last):
  File "C:\Users\takuy\OneDrive\tdnet-excel-input\tools\sync_financials.py", line 348, in sync
    n = api.upsert_batch(table, chunk, on_conflict="ticker,period,quarter")
        ^^^^^^^^^^^^^^^^^^^^^^^^^^^^^^^^^^^^^^^^^^^^^^^^^^^^^^^^^^^^^^^^^^^
  File "C:\Users\takuy\OneDrive\tdnet-excel-input\tools\sync_financials.py", line 139, in upsert_batch
    self._request(
  File "C:\Users\takuy\OneDrive\tdnet-excel-input\tools\sync_financials.py", line 96, in _request
    r.raise_for_status()
  File "C:\Users\takuy\OneDrive\tdnet-excel-input\.venv\Lib\site-packages\requests\models.py", line 1026, in raise_for_status
    raise HTTPError(http_error_msg, response=self)
requests.exceptions.HTTPError: 401 Client Error: Unauthorized for url: https://fvkvfekzoebcolssnteo.supabase.co/rest/v1/financials?on_conflict=ticker%2Cperiod%2Cquarter

During handling of the above exception, another exception occurred:

Traceback (most recent call last):
  File "C:\Users\takuy\AppData\Roaming\uv\python\cpython-3.11-windows-x86_64-none\Lib\logging\__init__.py", line 1113, in emit
    stream.write(msg + self.terminator)
UnicodeEncodeError: 'cp932' codec can't encode character '\u2014' in position 71: illegal multibyte sequence
Call stack:
  File "C:\Users\takuy\OneDrive\tdnet-excel-input\tools\sync_financials.py", line 538, in <module>
    main()
  File "C:\Users\takuy\OneDrive\tdnet-excel-input\tools\sync_financials.py", line 512, in main
    stats = sync(
  File "C:\Users\takuy\OneDrive\tdnet-excel-input\tools\sync_financials.py", line 360, in sync
    logger.error(
Message: "  batch 88/145: FAILED \u2014 401 Client Error: Unauthorized for url: https://fvkvfekzoebcolssnteo.supabase.co/rest/v1/financials?on_conflict=ticker%2Cperiod%2Cquarter\n  (êÊì™çs: {'ticker': '66160', 'period': '2023-03-31', 'quarter': '3Q', 'sales': 25083000000, 'gross_profit': 8726202000, 'operating_profit': 4289000000, 'source': 'jquants', 'updated_at': '2026-03-09T08:32:19.007329+09:00'})"
Arguments: ()
--- Logging error ---
Traceback (most recent call last):
  File "C:\Users\takuy\OneDrive\tdnet-excel-input\tools\sync_financials.py", line 96, in _request
    r.raise_for_status()
  File "C:\Users\takuy\OneDrive\tdnet-excel-input\.venv\Lib\site-packages\requests\models.py", line 1026, in raise_for_status
    raise HTTPError(http_error_msg, response=self)
requests.exceptions.HTTPError: 401 Client Error: Unauthorized for url: https://fvkvfekzoebcolssnteo.supabase.co/rest/v1/financials?on_conflict=ticker%2Cperiod%2Cquarter

During handling of the above exception, another exception occurred:

Traceback (most recent call last):
  File "C:\Users\takuy\AppData\Roaming\uv\python\cpython-3.11-windows-x86_64-none\Lib\logging\__init__.py", line 1113, in emit
    stream.write(msg + self.terminator)
UnicodeEncodeError: 'cp932' codec can't encode character '\u2014' in position 61: illegal multibyte sequence
Call stack:
  File "C:\Users\takuy\OneDrive\tdnet-excel-input\tools\sync_financials.py", line 538, in <module>
    main()
  File "C:\Users\takuy\OneDrive\tdnet-excel-input\tools\sync_financials.py", line 512, in main
    stats = sync(
  File "C:\Users\takuy\OneDrive\tdnet-excel-input\tools\sync_financials.py", line 348, in sync
    n = api.upsert_batch(table, chunk, on_conflict="ticker,period,quarter")
  File "C:\Users\takuy\OneDrive\tdnet-excel-input\tools\sync_financials.py", line 139, in upsert_batch
    self._request(
  File "C:\Users\takuy\OneDrive\tdnet-excel-input\tools\sync_financials.py", line 123, in _request
    logger.error(
Message: '[API] HTTP 0 \u2014 ÉäÉgÉâÉCïsâ¬\n  ÉåÉXÉ|ÉìÉX: {"code":"42501","details":null,"hint":null,"message":"new row violates row-level security policy for table \\"financials\\""}'
Arguments: ()
--- Logging error ---
Traceback (most recent call last):
  File "C:\Users\takuy\OneDrive\tdnet-excel-input\tools\sync_financials.py", line 348, in sync
    n = api.upsert_batch(table, chunk, on_conflict="ticker,period,quarter")
        ^^^^^^^^^^^^^^^^^^^^^^^^^^^^^^^^^^^^^^^^^^^^^^^^^^^^^^^^^^^^^^^^^^^
  File "C:\Users\takuy\OneDrive\tdnet-excel-input\tools\sync_financials.py", line 139, in upsert_batch
    self._request(
  File "C:\Users\takuy\OneDrive\tdnet-excel-input\tools\sync_financials.py", line 96, in _request
    r.raise_for_status()
  File "C:\Users\takuy\OneDrive\tdnet-excel-input\.venv\Lib\site-packages\requests\models.py", line 1026, in raise_for_status
    raise HTTPError(http_error_msg, response=self)
requests.exceptions.HTTPError: 401 Client Error: Unauthorized for url: https://fvkvfekzoebcolssnteo.supabase.co/rest/v1/financials?on_conflict=ticker%2Cperiod%2Cquarter

During handling of the above exception, another exception occurred:

Traceback (most recent call last):
  File "C:\Users\takuy\AppData\Roaming\uv\python\cpython-3.11-windows-x86_64-none\Lib\logging\__init__.py", line 1113, in emit
    stream.write(msg + self.terminator)
UnicodeEncodeError: 'cp932' codec can't encode character '\u2014' in position 71: illegal multibyte sequence
Call stack:
  File "C:\Users\takuy\OneDrive\tdnet-excel-input\tools\sync_financials.py", line 538, in <module>
    main()
  File "C:\Users\takuy\OneDrive\tdnet-excel-input\tools\sync_financials.py", line 512, in main
    stats = sync(
  File "C:\Users\takuy\OneDrive\tdnet-excel-input\tools\sync_financials.py", line 360, in sync
    logger.error(
Message: "  batch 89/145: FAILED \u2014 401 Client Error: Unauthorized for url: https://fvkvfekzoebcolssnteo.supabase.co/rest/v1/financials?on_conflict=ticker%2Cperiod%2Cquarter\n  (êÊì™çs: {'ticker': '66560', 'period': '2022-04-30', 'quarter': '1Q', 'sales': 454000000, 'gross_profit': 192681000, 'operating_profit': 16000000, 'source': 'jquants', 'updated_at': '2026-03-09T08:32:19.007329+09:00'})"
Arguments: ()
--- Logging error ---
Traceback (most recent call last):
  File "C:\Users\takuy\OneDrive\tdnet-excel-input\tools\sync_financials.py", line 96, in _request
    r.raise_for_status()
  File "C:\Users\takuy\OneDrive\tdnet-excel-input\.venv\Lib\site-packages\requests\models.py", line 1026, in raise_for_status
    raise HTTPError(http_error_msg, response=self)
requests.exceptions.HTTPError: 401 Client Error: Unauthorized for url: https://fvkvfekzoebcolssnteo.supabase.co/rest/v1/financials?on_conflict=ticker%2Cperiod%2Cquarter

During handling of the above exception, another exception occurred:

Traceback (most recent call last):
  File "C:\Users\takuy\AppData\Roaming\uv\python\cpython-3.11-windows-x86_64-none\Lib\logging\__init__.py", line 1113, in emit
    stream.write(msg + self.terminator)
UnicodeEncodeError: 'cp932' codec can't encode character '\u2014' in position 61: illegal multibyte sequence
Call stack:
  File "C:\Users\takuy\OneDrive\tdnet-excel-input\tools\sync_financials.py", line 538, in <module>
    main()
  File "C:\Users\takuy\OneDrive\tdnet-excel-input\tools\sync_financials.py", line 512, in main
    stats = sync(
  File "C:\Users\takuy\OneDrive\tdnet-excel-input\tools\sync_financials.py", line 348, in sync
    n = api.upsert_batch(table, chunk, on_conflict="ticker,period,quarter")
  File "C:\Users\takuy\OneDrive\tdnet-excel-input\tools\sync_financials.py", line 139, in upsert_batch
    self._request(
  File "C:\Users\takuy\OneDrive\tdnet-excel-input\tools\sync_financials.py", line 123, in _request
    logger.error(
Message: '[API] HTTP 0 \u2014 ÉäÉgÉâÉCïsâ¬\n  ÉåÉXÉ|ÉìÉX: {"code":"42501","details":null,"hint":null,"message":"new row violates row-level security policy for table \\"financials\\""}'
Arguments: ()
--- Logging error ---
Traceback (most recent call last):
  File "C:\Users\takuy\OneDrive\tdnet-excel-input\tools\sync_financials.py", line 348, in sync
    n = api.upsert_batch(table, chunk, on_conflict="ticker,period,quarter")
        ^^^^^^^^^^^^^^^^^^^^^^^^^^^^^^^^^^^^^^^^^^^^^^^^^^^^^^^^^^^^^^^^^^^
  File "C:\Users\takuy\OneDrive\tdnet-excel-input\tools\sync_financials.py", line 139, in upsert_batch
    self._request(
  File "C:\Users\takuy\OneDrive\tdnet-excel-input\tools\sync_financials.py", line 96, in _request
    r.raise_for_status()
  File "C:\Users\takuy\OneDrive\tdnet-excel-input\.venv\Lib\site-packages\requests\models.py", line 1026, in raise_for_status
    raise HTTPError(http_error_msg, response=self)
requests.exceptions.HTTPError: 401 Client Error: Unauthorized for url: https://fvkvfekzoebcolssnteo.supabase.co/rest/v1/financials?on_conflict=ticker%2Cperiod%2Cquarter

During handling of the above exception, another exception occurred:

Traceback (most recent call last):
  File "C:\Users\takuy\AppData\Roaming\uv\python\cpython-3.11-windows-x86_64-none\Lib\logging\__init__.py", line 1113, in emit
    stream.write(msg + self.terminator)
UnicodeEncodeError: 'cp932' codec can't encode character '\u2014' in position 71: illegal multibyte sequence
Call stack:
  File "C:\Users\takuy\OneDrive\tdnet-excel-input\tools\sync_financials.py", line 538, in <module>
    main()
  File "C:\Users\takuy\OneDrive\tdnet-excel-input\tools\sync_financials.py", line 512, in main
    stats = sync(
  File "C:\Users\takuy\OneDrive\tdnet-excel-input\tools\sync_financials.py", line 360, in sync
    logger.error(
Message: "  batch 90/145: FAILED \u2014 401 Client Error: Unauthorized for url: https://fvkvfekzoebcolssnteo.supabase.co/rest/v1/financials?on_conflict=ticker%2Cperiod%2Cquarter\n  (êÊì™çs: {'ticker': '67230', 'period': '2025-12-31', 'quarter': 'FY', 'sales': 1321212000000, 'gross_profit': 753792000000, 'operating_profit': 201166000000, 'source': 'jquants', 'updated_at': '2026-03-09T08:32:19.007329+09:00'})"
Arguments: ()
--- Logging error ---
Traceback (most recent call last):
  File "C:\Users\takuy\OneDrive\tdnet-excel-input\tools\sync_financials.py", line 96, in _request
    r.raise_for_status()
  File "C:\Users\takuy\OneDrive\tdnet-excel-input\.venv\Lib\site-packages\requests\models.py", line 1026, in raise_for_status
    raise HTTPError(http_error_msg, response=self)
requests.exceptions.HTTPError: 401 Client Error: Unauthorized for url: https://fvkvfekzoebcolssnteo.supabase.co/rest/v1/financials?on_conflict=ticker%2Cperiod%2Cquarter

During handling of the above exception, another exception occurred:

Traceback (most recent call last):
  File "C:\Users\takuy\AppData\Roaming\uv\python\cpython-3.11-windows-x86_64-none\Lib\logging\__init__.py", line 1113, in emit
    stream.write(msg + self.terminator)
UnicodeEncodeError: 'cp932' codec can't encode character '\u2014' in position 61: illegal multibyte sequence
Call stack:
  File "C:\Users\takuy\OneDrive\tdnet-excel-input\tools\sync_financials.py", line 538, in <module>
    main()
  File "C:\Users\takuy\OneDrive\tdnet-excel-input\tools\sync_financials.py", line 512, in main
    stats = sync(
  File "C:\Users\takuy\OneDrive\tdnet-excel-input\tools\sync_financials.py", line 348, in sync
    n = api.upsert_batch(table, chunk, on_conflict="ticker,period,quarter")
  File "C:\Users\takuy\OneDrive\tdnet-excel-input\tools\sync_financials.py", line 139, in upsert_batch
    self._request(
  File "C:\Users\takuy\OneDrive\tdnet-excel-input\tools\sync_financials.py", line 123, in _request
    logger.error(
Message: '[API] HTTP 0 \u2014 ÉäÉgÉâÉCïsâ¬\n  ÉåÉXÉ|ÉìÉX: {"code":"42501","details":null,"hint":null,"message":"new row violates row-level security policy for table \\"financials\\""}'
Arguments: ()
--- Logging error ---
Traceback (most recent call last):
  File "C:\Users\takuy\OneDrive\tdnet-excel-input\tools\sync_financials.py", line 348, in sync
    n = api.upsert_batch(table, chunk, on_conflict="ticker,period,quarter")
        ^^^^^^^^^^^^^^^^^^^^^^^^^^^^^^^^^^^^^^^^^^^^^^^^^^^^^^^^^^^^^^^^^^^
  File "C:\Users\takuy\OneDrive\tdnet-excel-input\tools\sync_financials.py", line 139, in upsert_batch
    self._request(
  File "C:\Users\takuy\OneDrive\tdnet-excel-input\tools\sync_financials.py", line 96, in _request
    r.raise_for_status()
  File "C:\Users\takuy\OneDrive\tdnet-excel-input\.venv\Lib\site-packages\requests\models.py", line 1026, in raise_for_status
    raise HTTPError(http_error_msg, response=self)
requests.exceptions.HTTPError: 401 Client Error: Unauthorized for url: https://fvkvfekzoebcolssnteo.supabase.co/rest/v1/financials?on_conflict=ticker%2Cperiod%2Cquarter

During handling of the above exception, another exception occurred:

Traceback (most recent call last):
  File "C:\Users\takuy\AppData\Roaming\uv\python\cpython-3.11-windows-x86_64-none\Lib\logging\__init__.py", line 1113, in emit
    stream.write(msg + self.terminator)
UnicodeEncodeError: 'cp932' codec can't encode character '\u2014' in position 71: illegal multibyte sequence
Call stack:
  File "C:\Users\takuy\OneDrive\tdnet-excel-input\tools\sync_financials.py", line 538, in <module>
    main()
  File "C:\Users\takuy\OneDrive\tdnet-excel-input\tools\sync_financials.py", line 512, in main
    stats = sync(
  File "C:\Users\takuy\OneDrive\tdnet-excel-input\tools\sync_financials.py", line 360, in sync
    logger.error(
Message: "  batch 91/145: FAILED \u2014 401 Client Error: Unauthorized for url: https://fvkvfekzoebcolssnteo.supabase.co/rest/v1/financials?on_conflict=ticker%2Cperiod%2Cquarter\n  (êÊì™çs: {'ticker': '67690', 'period': '2022-12-31', 'quarter': 'FY', 'sales': 5456000000, 'gross_profit': 2987865000, 'operating_profit': 601000000, 'source': 'jquants', 'updated_at': '2026-03-09T08:32:19.007329+09:00'})"
Arguments: ()
--- Logging error ---
Traceback (most recent call last):
  File "C:\Users\takuy\OneDrive\tdnet-excel-input\tools\sync_financials.py", line 96, in _request
    r.raise_for_status()
  File "C:\Users\takuy\OneDrive\tdnet-excel-input\.venv\Lib\site-packages\requests\models.py", line 1026, in raise_for_status
    raise HTTPError(http_error_msg, response=self)
requests.exceptions.HTTPError: 401 Client Error: Unauthorized for url: https://fvkvfekzoebcolssnteo.supabase.co/rest/v1/financials?on_conflict=ticker%2Cperiod%2Cquarter

During handling of the above exception, another exception occurred:

Traceback (most recent call last):
  File "C:\Users\takuy\AppData\Roaming\uv\python\cpython-3.11-windows-x86_64-none\Lib\logging\__init__.py", line 1113, in emit
    stream.write(msg + self.terminator)
UnicodeEncodeError: 'cp932' codec can't encode character '\u2014' in position 61: illegal multibyte sequence
Call stack:
  File "C:\Users\takuy\OneDrive\tdnet-excel-input\tools\sync_financials.py", line 538, in <module>
    main()
  File "C:\Users\takuy\OneDrive\tdnet-excel-input\tools\sync_financials.py", line 512, in main
    stats = sync(
  File "C:\Users\takuy\OneDrive\tdnet-excel-input\tools\sync_financials.py", line 348, in sync
    n = api.upsert_batch(table, chunk, on_conflict="ticker,period,quarter")
  File "C:\Users\takuy\OneDrive\tdnet-excel-input\tools\sync_financials.py", line 139, in upsert_batch
    self._request(
  File "C:\Users\takuy\OneDrive\tdnet-excel-input\tools\sync_financials.py", line 123, in _request
    logger.error(
Message: '[API] HTTP 0 \u2014 ÉäÉgÉâÉCïsâ¬\n  ÉåÉXÉ|ÉìÉX: {"code":"42501","details":null,"hint":null,"message":"new row violates row-level security policy for table \\"financials\\""}'
Arguments: ()
--- Logging error ---
Traceback (most recent call last):
  File "C:\Users\takuy\OneDrive\tdnet-excel-input\tools\sync_financials.py", line 348, in sync
    n = api.upsert_batch(table, chunk, on_conflict="ticker,period,quarter")
        ^^^^^^^^^^^^^^^^^^^^^^^^^^^^^^^^^^^^^^^^^^^^^^^^^^^^^^^^^^^^^^^^^^^
  File "C:\Users\takuy\OneDrive\tdnet-excel-input\tools\sync_financials.py", line 139, in upsert_batch
    self._request(
  File "C:\Users\takuy\OneDrive\tdnet-excel-input\tools\sync_financials.py", line 96, in _request
    r.raise_for_status()
  File "C:\Users\takuy\OneDrive\tdnet-excel-input\.venv\Lib\site-packages\requests\models.py", line 1026, in raise_for_status
    raise HTTPError(http_error_msg, response=self)
requests.exceptions.HTTPError: 401 Client Error: Unauthorized for url: https://fvkvfekzoebcolssnteo.supabase.co/rest/v1/financials?on_conflict=ticker%2Cperiod%2Cquarter

During handling of the above exception, another exception occurred:

Traceback (most recent call last):
  File "C:\Users\takuy\AppData\Roaming\uv\python\cpython-3.11-windows-x86_64-none\Lib\logging\__init__.py", line 1113, in emit
    stream.write(msg + self.terminator)
UnicodeEncodeError: 'cp932' codec can't encode character '\u2014' in position 71: illegal multibyte sequence
Call stack:
  File "C:\Users\takuy\OneDrive\tdnet-excel-input\tools\sync_financials.py", line 538, in <module>
    main()
  File "C:\Users\takuy\OneDrive\tdnet-excel-input\tools\sync_financials.py", line 512, in main
    stats = sync(
  File "C:\Users\takuy\OneDrive\tdnet-excel-input\tools\sync_financials.py", line 360, in sync
    logger.error(
Message: "  batch 92/145: FAILED \u2014 401 Client Error: Unauthorized for url: https://fvkvfekzoebcolssnteo.supabase.co/rest/v1/financials?on_conflict=ticker%2Cperiod%2Cquarter\n  (êÊì™çs: {'ticker': '68190', 'period': '2022-03-31', 'quarter': '3Q', 'sales': 1734000000, 'gross_profit': 1316723000, 'operating_profit': 182000000, 'source': 'jquants', 'updated_at': '2026-03-09T08:32:19.007329+09:00'})"
Arguments: ()
--- Logging error ---
Traceback (most recent call last):
  File "C:\Users\takuy\OneDrive\tdnet-excel-input\tools\sync_financials.py", line 96, in _request
    r.raise_for_status()
  File "C:\Users\takuy\OneDrive\tdnet-excel-input\.venv\Lib\site-packages\requests\models.py", line 1026, in raise_for_status
    raise HTTPError(http_error_msg, response=self)
requests.exceptions.HTTPError: 401 Client Error: Unauthorized for url: https://fvkvfekzoebcolssnteo.supabase.co/rest/v1/financials?on_conflict=ticker%2Cperiod%2Cquarter

During handling of the above exception, another exception occurred:

Traceback (most recent call last):
  File "C:\Users\takuy\AppData\Roaming\uv\python\cpython-3.11-windows-x86_64-none\Lib\logging\__init__.py", line 1113, in emit
    stream.write(msg + self.terminator)
UnicodeEncodeError: 'cp932' codec can't encode character '\u2014' in position 61: illegal multibyte sequence
Call stack:
  File "C:\Users\takuy\OneDrive\tdnet-excel-input\tools\sync_financials.py", line 538, in <module>
    main()
  File "C:\Users\takuy\OneDrive\tdnet-excel-input\tools\sync_financials.py", line 512, in main
    stats = sync(
  File "C:\Users\takuy\OneDrive\tdnet-excel-input\tools\sync_financials.py", line 348, in sync
    n = api.upsert_batch(table, chunk, on_conflict="ticker,period,quarter")
  File "C:\Users\takuy\OneDrive\tdnet-excel-input\tools\sync_financials.py", line 139, in upsert_batch
    self._request(
  File "C:\Users\takuy\OneDrive\tdnet-excel-input\tools\sync_financials.py", line 123, in _request
    logger.error(
Message: '[API] HTTP 0 \u2014 ÉäÉgÉâÉCïsâ¬\n  ÉåÉXÉ|ÉìÉX: {"code":"42501","details":null,"hint":null,"message":"new row violates row-level security policy for table \\"financials\\""}'
Arguments: ()
--- Logging error ---
Traceback (most recent call last):
  File "C:\Users\takuy\OneDrive\tdnet-excel-input\tools\sync_financials.py", line 348, in sync
    n = api.upsert_batch(table, chunk, on_conflict="ticker,period,quarter")
        ^^^^^^^^^^^^^^^^^^^^^^^^^^^^^^^^^^^^^^^^^^^^^^^^^^^^^^^^^^^^^^^^^^^
  File "C:\Users\takuy\OneDrive\tdnet-excel-input\tools\sync_financials.py", line 139, in upsert_batch
    self._request(
  File "C:\Users\takuy\OneDrive\tdnet-excel-input\tools\sync_financials.py", line 96, in _request
    r.raise_for_status()
  File "C:\Users\takuy\OneDrive\tdnet-excel-input\.venv\Lib\site-packages\requests\models.py", line 1026, in raise_for_status
    raise HTTPError(http_error_msg, response=self)
requests.exceptions.HTTPError: 401 Client Error: Unauthorized for url: https://fvkvfekzoebcolssnteo.supabase.co/rest/v1/financials?on_conflict=ticker%2Cperiod%2Cquarter

During handling of the above exception, another exception occurred:

Traceback (most recent call last):
  File "C:\Users\takuy\AppData\Roaming\uv\python\cpython-3.11-windows-x86_64-none\Lib\logging\__init__.py", line 1113, in emit
    stream.write(msg + self.terminator)
UnicodeEncodeError: 'cp932' codec can't encode character '\u2014' in position 71: illegal multibyte sequence
Call stack:
  File "C:\Users\takuy\OneDrive\tdnet-excel-input\tools\sync_financials.py", line 538, in <module>
    main()
  File "C:\Users\takuy\OneDrive\tdnet-excel-input\tools\sync_financials.py", line 512, in main
    stats = sync(
  File "C:\Users\takuy\OneDrive\tdnet-excel-input\tools\sync_financials.py", line 360, in sync
    logger.error(
Message: "  batch 93/145: FAILED \u2014 401 Client Error: Unauthorized for url: https://fvkvfekzoebcolssnteo.supabase.co/rest/v1/financials?on_conflict=ticker%2Cperiod%2Cquarter\n  (êÊì™çs: {'ticker': '68610', 'period': '2026-03-20', 'quarter': '2Q', 'sales': 545300000000, 'gross_profit': 450878000000, 'operating_profit': 272179000000, 'source': 'jquants', 'updated_at': '2026-03-09T08:32:19.007329+09:00'})"
Arguments: ()
--- Logging error ---
Traceback (most recent call last):
  File "C:\Users\takuy\OneDrive\tdnet-excel-input\tools\sync_financials.py", line 96, in _request
    r.raise_for_status()
  File "C:\Users\takuy\OneDrive\tdnet-excel-input\.venv\Lib\site-packages\requests\models.py", line 1026, in raise_for_status
    raise HTTPError(http_error_msg, response=self)
requests.exceptions.HTTPError: 401 Client Error: Unauthorized for url: https://fvkvfekzoebcolssnteo.supabase.co/rest/v1/financials?on_conflict=ticker%2Cperiod%2Cquarter

During handling of the above exception, another exception occurred:

Traceback (most recent call last):
  File "C:\Users\takuy\AppData\Roaming\uv\python\cpython-3.11-windows-x86_64-none\Lib\logging\__init__.py", line 1113, in emit
    stream.write(msg + self.terminator)
UnicodeEncodeError: 'cp932' codec can't encode character '\u2014' in position 61: illegal multibyte sequence
Call stack:
  File "C:\Users\takuy\OneDrive\tdnet-excel-input\tools\sync_financials.py", line 538, in <module>
    main()
  File "C:\Users\takuy\OneDrive\tdnet-excel-input\tools\sync_financials.py", line 512, in main
    stats = sync(
  File "C:\Users\takuy\OneDrive\tdnet-excel-input\tools\sync_financials.py", line 348, in sync
    n = api.upsert_batch(table, chunk, on_conflict="ticker,period,quarter")
  File "C:\Users\takuy\OneDrive\tdnet-excel-input\tools\sync_financials.py", line 139, in upsert_batch
    self._request(
  File "C:\Users\takuy\OneDrive\tdnet-excel-input\tools\sync_financials.py", line 123, in _request
    logger.error(
Message: '[API] HTTP 0 \u2014 ÉäÉgÉâÉCïsâ¬\n  ÉåÉXÉ|ÉìÉX: {"code":"42501","details":null,"hint":null,"message":"new row violates row-level security policy for table \\"financials\\""}'
Arguments: ()
--- Logging error ---
Traceback (most recent call last):
  File "C:\Users\takuy\OneDrive\tdnet-excel-input\tools\sync_financials.py", line 348, in sync
    n = api.upsert_batch(table, chunk, on_conflict="ticker,period,quarter")
        ^^^^^^^^^^^^^^^^^^^^^^^^^^^^^^^^^^^^^^^^^^^^^^^^^^^^^^^^^^^^^^^^^^^
  File "C:\Users\takuy\OneDrive\tdnet-excel-input\tools\sync_financials.py", line 139, in upsert_batch
    self._request(
  File "C:\Users\takuy\OneDrive\tdnet-excel-input\tools\sync_financials.py", line 96, in _request
    r.raise_for_status()
  File "C:\Users\takuy\OneDrive\tdnet-excel-input\.venv\Lib\site-packages\requests\models.py", line 1026, in raise_for_status
    raise HTTPError(http_error_msg, response=self)
requests.exceptions.HTTPError: 401 Client Error: Unauthorized for url: https://fvkvfekzoebcolssnteo.supabase.co/rest/v1/financials?on_conflict=ticker%2Cperiod%2Cquarter

During handling of the above exception, another exception occurred:

Traceback (most recent call last):
  File "C:\Users\takuy\AppData\Roaming\uv\python\cpython-3.11-windows-x86_64-none\Lib\logging\__init__.py", line 1113, in emit
    stream.write(msg + self.terminator)
UnicodeEncodeError: 'cp932' codec can't encode character '\u2014' in position 71: illegal multibyte sequence
Call stack:
  File "C:\Users\takuy\OneDrive\tdnet-excel-input\tools\sync_financials.py", line 538, in <module>
    main()
  File "C:\Users\takuy\OneDrive\tdnet-excel-input\tools\sync_financials.py", line 512, in main
    stats = sync(
  File "C:\Users\takuy\OneDrive\tdnet-excel-input\tools\sync_financials.py", line 360, in sync
    logger.error(
Message: "  batch 94/145: FAILED \u2014 401 Client Error: Unauthorized for url: https://fvkvfekzoebcolssnteo.supabase.co/rest/v1/financials?on_conflict=ticker%2Cperiod%2Cquarter\n  (êÊì™çs: {'ticker': '69120', 'period': '2025-03-31', 'quarter': '1Q', 'sales': 2693000000, 'gross_profit': 1448818000, 'operating_profit': 310000000, 'source': 'jquants', 'updated_at': '2026-03-09T08:32:19.007329+09:00'})"
Arguments: ()
--- Logging error ---
Traceback (most recent call last):
  File "C:\Users\takuy\OneDrive\tdnet-excel-input\tools\sync_financials.py", line 96, in _request
    r.raise_for_status()
  File "C:\Users\takuy\OneDrive\tdnet-excel-input\.venv\Lib\site-packages\requests\models.py", line 1026, in raise_for_status
    raise HTTPError(http_error_msg, response=self)
requests.exceptions.HTTPError: 401 Client Error: Unauthorized for url: https://fvkvfekzoebcolssnteo.supabase.co/rest/v1/financials?on_conflict=ticker%2Cperiod%2Cquarter

During handling of the above exception, another exception occurred:

Traceback (most recent call last):
  File "C:\Users\takuy\AppData\Roaming\uv\python\cpython-3.11-windows-x86_64-none\Lib\logging\__init__.py", line 1113, in emit
    stream.write(msg + self.terminator)
UnicodeEncodeError: 'cp932' codec can't encode character '\u2014' in position 61: illegal multibyte sequence
Call stack:
  File "C:\Users\takuy\OneDrive\tdnet-excel-input\tools\sync_financials.py", line 538, in <module>
    main()
  File "C:\Users\takuy\OneDrive\tdnet-excel-input\tools\sync_financials.py", line 512, in main
    stats = sync(
  File "C:\Users\takuy\OneDrive\tdnet-excel-input\tools\sync_financials.py", line 348, in sync
    n = api.upsert_batch(table, chunk, on_conflict="ticker,period,quarter")
  File "C:\Users\takuy\OneDrive\tdnet-excel-input\tools\sync_financials.py", line 139, in upsert_batch
    self._request(
  File "C:\Users\takuy\OneDrive\tdnet-excel-input\tools\sync_financials.py", line 123, in _request
    logger.error(
Message: '[API] HTTP 0 \u2014 ÉäÉgÉâÉCïsâ¬\n  ÉåÉXÉ|ÉìÉX: {"code":"42501","details":null,"hint":null,"message":"new row violates row-level security policy for table \\"financials\\""}'
Arguments: ()
--- Logging error ---
Traceback (most recent call last):
  File "C:\Users\takuy\OneDrive\tdnet-excel-input\tools\sync_financials.py", line 348, in sync
    n = api.upsert_batch(table, chunk, on_conflict="ticker,period,quarter")
        ^^^^^^^^^^^^^^^^^^^^^^^^^^^^^^^^^^^^^^^^^^^^^^^^^^^^^^^^^^^^^^^^^^^
  File "C:\Users\takuy\OneDrive\tdnet-excel-input\tools\sync_financials.py", line 139, in upsert_batch
    self._request(
  File "C:\Users\takuy\OneDrive\tdnet-excel-input\tools\sync_financials.py", line 96, in _request
    r.raise_for_status()
  File "C:\Users\takuy\OneDrive\tdnet-excel-input\.venv\Lib\site-packages\requests\models.py", line 1026, in raise_for_status
    raise HTTPError(http_error_msg, response=self)
requests.exceptions.HTTPError: 401 Client Error: Unauthorized for url: https://fvkvfekzoebcolssnteo.supabase.co/rest/v1/financials?on_conflict=ticker%2Cperiod%2Cquarter

During handling of the above exception, another exception occurred:

Traceback (most recent call last):
  File "C:\Users\takuy\AppData\Roaming\uv\python\cpython-3.11-windows-x86_64-none\Lib\logging\__init__.py", line 1113, in emit
    stream.write(msg + self.terminator)
UnicodeEncodeError: 'cp932' codec can't encode character '\u2014' in position 71: illegal multibyte sequence
Call stack:
  File "C:\Users\takuy\OneDrive\tdnet-excel-input\tools\sync_financials.py", line 538, in <module>
    main()
  File "C:\Users\takuy\OneDrive\tdnet-excel-input\tools\sync_financials.py", line 512, in main
    stats = sync(
  File "C:\Users\takuy\OneDrive\tdnet-excel-input\tools\sync_financials.py", line 360, in sync
    logger.error(
Message: "  batch 95/145: FAILED \u2014 401 Client Error: Unauthorized for url: https://fvkvfekzoebcolssnteo.supabase.co/rest/v1/financials?on_conflict=ticker%2Cperiod%2Cquarter\n  (êÊì™çs: {'ticker': '69620', 'period': '2024-03-31', 'quarter': '2Q', 'sales': 19332000000, 'gross_profit': 4634018000, 'operating_profit': 901000000, 'source': 'jquants', 'updated_at': '2026-03-09T08:32:19.007329+09:00'})"
Arguments: ()
--- Logging error ---
Traceback (most recent call last):
  File "C:\Users\takuy\OneDrive\tdnet-excel-input\tools\sync_financials.py", line 96, in _request
    r.raise_for_status()
  File "C:\Users\takuy\OneDrive\tdnet-excel-input\.venv\Lib\site-packages\requests\models.py", line 1026, in raise_for_status
    raise HTTPError(http_error_msg, response=self)
requests.exceptions.HTTPError: 401 Client Error: Unauthorized for url: https://fvkvfekzoebcolssnteo.supabase.co/rest/v1/financials?on_conflict=ticker%2Cperiod%2Cquarter

During handling of the above exception, another exception occurred:

Traceback (most recent call last):
  File "C:\Users\takuy\AppData\Roaming\uv\python\cpython-3.11-windows-x86_64-none\Lib\logging\__init__.py", line 1113, in emit
    stream.write(msg + self.terminator)
UnicodeEncodeError: 'cp932' codec can't encode character '\u2014' in position 61: illegal multibyte sequence
Call stack:
  File "C:\Users\takuy\OneDrive\tdnet-excel-input\tools\sync_financials.py", line 538, in <module>
    main()
  File "C:\Users\takuy\OneDrive\tdnet-excel-input\tools\sync_financials.py", line 512, in main
    stats = sync(
  File "C:\Users\takuy\OneDrive\tdnet-excel-input\tools\sync_financials.py", line 348, in sync
    n = api.upsert_batch(table, chunk, on_conflict="ticker,period,quarter")
  File "C:\Users\takuy\OneDrive\tdnet-excel-input\tools\sync_financials.py", line 139, in upsert_batch
    self._request(
  File "C:\Users\takuy\OneDrive\tdnet-excel-input\tools\sync_financials.py", line 123, in _request
    logger.error(
Message: '[API] HTTP 0 \u2014 ÉäÉgÉâÉCïsâ¬\n  ÉåÉXÉ|ÉìÉX: {"code":"42501","details":null,"hint":null,"message":"new row violates row-level security policy for table \\"financials\\""}'
Arguments: ()
--- Logging error ---
Traceback (most recent call last):
  File "C:\Users\takuy\OneDrive\tdnet-excel-input\tools\sync_financials.py", line 348, in sync
    n = api.upsert_batch(table, chunk, on_conflict="ticker,period,quarter")
        ^^^^^^^^^^^^^^^^^^^^^^^^^^^^^^^^^^^^^^^^^^^^^^^^^^^^^^^^^^^^^^^^^^^
  File "C:\Users\takuy\OneDrive\tdnet-excel-input\tools\sync_financials.py", line 139, in upsert_batch
    self._request(
  File "C:\Users\takuy\OneDrive\tdnet-excel-input\tools\sync_financials.py", line 96, in _request
    r.raise_for_status()
  File "C:\Users\takuy\OneDrive\tdnet-excel-input\.venv\Lib\site-packages\requests\models.py", line 1026, in raise_for_status
    raise HTTPError(http_error_msg, response=self)
requests.exceptions.HTTPError: 401 Client Error: Unauthorized for url: https://fvkvfekzoebcolssnteo.supabase.co/rest/v1/financials?on_conflict=ticker%2Cperiod%2Cquarter

During handling of the above exception, another exception occurred:

Traceback (most recent call last):
  File "C:\Users\takuy\AppData\Roaming\uv\python\cpython-3.11-windows-x86_64-none\Lib\logging\__init__.py", line 1113, in emit
    stream.write(msg + self.terminator)
UnicodeEncodeError: 'cp932' codec can't encode character '\u2014' in position 71: illegal multibyte sequence
Call stack:
  File "C:\Users\takuy\OneDrive\tdnet-excel-input\tools\sync_financials.py", line 538, in <module>
    main()
  File "C:\Users\takuy\OneDrive\tdnet-excel-input\tools\sync_financials.py", line 512, in main
    stats = sync(
  File "C:\Users\takuy\OneDrive\tdnet-excel-input\tools\sync_financials.py", line 360, in sync
    logger.error(
Message: "  batch 96/145: FAILED \u2014 401 Client Error: Unauthorized for url: https://fvkvfekzoebcolssnteo.supabase.co/rest/v1/financials?on_conflict=ticker%2Cperiod%2Cquarter\n  (êÊì™çs: {'ticker': '70130', 'period': '2024-03-31', 'quarter': '1Q', 'sales': 298457000000, 'gross_profit': 58238000000, 'operating_profit': 8929000000, 'source': 'jquants', 'updated_at': '2026-03-09T08:32:19.007329+09:00'})"
Arguments: ()
--- Logging error ---
Traceback (most recent call last):
  File "C:\Users\takuy\OneDrive\tdnet-excel-input\tools\sync_financials.py", line 96, in _request
    r.raise_for_status()
  File "C:\Users\takuy\OneDrive\tdnet-excel-input\.venv\Lib\site-packages\requests\models.py", line 1026, in raise_for_status
    raise HTTPError(http_error_msg, response=self)
requests.exceptions.HTTPError: 401 Client Error: Unauthorized for url: https://fvkvfekzoebcolssnteo.supabase.co/rest/v1/financials?on_conflict=ticker%2Cperiod%2Cquarter

During handling of the above exception, another exception occurred:

Traceback (most recent call last):
  File "C:\Users\takuy\AppData\Roaming\uv\python\cpython-3.11-windows-x86_64-none\Lib\logging\__init__.py", line 1113, in emit
    stream.write(msg + self.terminator)
UnicodeEncodeError: 'cp932' codec can't encode character '\u2014' in position 61: illegal multibyte sequence
Call stack:
  File "C:\Users\takuy\OneDrive\tdnet-excel-input\tools\sync_financials.py", line 538, in <module>
    main()
  File "C:\Users\takuy\OneDrive\tdnet-excel-input\tools\sync_financials.py", line 512, in main
    stats = sync(
  File "C:\Users\takuy\OneDrive\tdnet-excel-input\tools\sync_financials.py", line 348, in sync
    n = api.upsert_batch(table, chunk, on_conflict="ticker,period,quarter")
  File "C:\Users\takuy\OneDrive\tdnet-excel-input\tools\sync_financials.py", line 139, in upsert_batch
    self._request(
  File "C:\Users\takuy\OneDrive\tdnet-excel-input\tools\sync_financials.py", line 123, in _request
    logger.error(
Message: '[API] HTTP 0 \u2014 ÉäÉgÉâÉCïsâ¬\n  ÉåÉXÉ|ÉìÉX: {"code":"42501","details":null,"hint":null,"message":"new row violates row-level security policy for table \\"financials\\""}'
Arguments: ()
--- Logging error ---
Traceback (most recent call last):
  File "C:\Users\takuy\OneDrive\tdnet-excel-input\tools\sync_financials.py", line 348, in sync
    n = api.upsert_batch(table, chunk, on_conflict="ticker,period,quarter")
        ^^^^^^^^^^^^^^^^^^^^^^^^^^^^^^^^^^^^^^^^^^^^^^^^^^^^^^^^^^^^^^^^^^^
  File "C:\Users\takuy\OneDrive\tdnet-excel-input\tools\sync_financials.py", line 139, in upsert_batch
    self._request(
  File "C:\Users\takuy\OneDrive\tdnet-excel-input\tools\sync_financials.py", line 96, in _request
    r.raise_for_status()
  File "C:\Users\takuy\OneDrive\tdnet-excel-input\.venv\Lib\site-packages\requests\models.py", line 1026, in raise_for_status
    raise HTTPError(http_error_msg, response=self)
requests.exceptions.HTTPError: 401 Client Error: Unauthorized for url: https://fvkvfekzoebcolssnteo.supabase.co/rest/v1/financials?on_conflict=ticker%2Cperiod%2Cquarter

During handling of the above exception, another exception occurred:

Traceback (most recent call last):
  File "C:\Users\takuy\AppData\Roaming\uv\python\cpython-3.11-windows-x86_64-none\Lib\logging\__init__.py", line 1113, in emit
    stream.write(msg + self.terminator)
UnicodeEncodeError: 'cp932' codec can't encode character '\u2014' in position 71: illegal multibyte sequence
Call stack:
  File "C:\Users\takuy\OneDrive\tdnet-excel-input\tools\sync_financials.py", line 538, in <module>
    main()
  File "C:\Users\takuy\OneDrive\tdnet-excel-input\tools\sync_financials.py", line 512, in main
    stats = sync(
  File "C:\Users\takuy\OneDrive\tdnet-excel-input\tools\sync_financials.py", line 360, in sync
    logger.error(
Message: "  batch 97/145: FAILED \u2014 401 Client Error: Unauthorized for url: https://fvkvfekzoebcolssnteo.supabase.co/rest/v1/financials?on_conflict=ticker%2Cperiod%2Cquarter\n  (êÊì™çs: {'ticker': '70580', 'period': '2023-03-31', 'quarter': 'FY', 'sales': 8017000000, 'gross_profit': 1905111000, 'operating_profit': 489000000, 'source': 'jquants', 'updated_at': '2026-03-09T08:32:19.007329+09:00'})"
Arguments: ()
--- Logging error ---
Traceback (most recent call last):
  File "C:\Users\takuy\OneDrive\tdnet-excel-input\tools\sync_financials.py", line 96, in _request
    r.raise_for_status()
  File "C:\Users\takuy\OneDrive\tdnet-excel-input\.venv\Lib\site-packages\requests\models.py", line 1026, in raise_for_status
    raise HTTPError(http_error_msg, response=self)
requests.exceptions.HTTPError: 401 Client Error: Unauthorized for url: https://fvkvfekzoebcolssnteo.supabase.co/rest/v1/financials?on_conflict=ticker%2Cperiod%2Cquarter

During handling of the above exception, another exception occurred:

Traceback (most recent call last):
  File "C:\Users\takuy\AppData\Roaming\uv\python\cpython-3.11-windows-x86_64-none\Lib\logging\__init__.py", line 1113, in emit
    stream.write(msg + self.terminator)
UnicodeEncodeError: 'cp932' codec can't encode character '\u2014' in position 61: illegal multibyte sequence
Call stack:
  File "C:\Users\takuy\OneDrive\tdnet-excel-input\tools\sync_financials.py", line 538, in <module>
    main()
  File "C:\Users\takuy\OneDrive\tdnet-excel-input\tools\sync_financials.py", line 512, in main
    stats = sync(
  File "C:\Users\takuy\OneDrive\tdnet-excel-input\tools\sync_financials.py", line 348, in sync
    n = api.upsert_batch(table, chunk, on_conflict="ticker,period,quarter")
  File "C:\Users\takuy\OneDrive\tdnet-excel-input\tools\sync_financials.py", line 139, in upsert_batch
    self._request(
  File "C:\Users\takuy\OneDrive\tdnet-excel-input\tools\sync_financials.py", line 123, in _request
    logger.error(
Message: '[API] HTTP 0 \u2014 ÉäÉgÉâÉCïsâ¬\n  ÉåÉXÉ|ÉìÉX: {"code":"42501","details":null,"hint":null,"message":"new row violates row-level security policy for table \\"financials\\""}'
Arguments: ()
--- Logging error ---
Traceback (most recent call last):
  File "C:\Users\takuy\OneDrive\tdnet-excel-input\tools\sync_financials.py", line 348, in sync
    n = api.upsert_batch(table, chunk, on_conflict="ticker,period,quarter")
        ^^^^^^^^^^^^^^^^^^^^^^^^^^^^^^^^^^^^^^^^^^^^^^^^^^^^^^^^^^^^^^^^^^^
  File "C:\Users\takuy\OneDrive\tdnet-excel-input\tools\sync_financials.py", line 139, in upsert_batch
    self._request(
  File "C:\Users\takuy\OneDrive\tdnet-excel-input\tools\sync_financials.py", line 96, in _request
    r.raise_for_status()
  File "C:\Users\takuy\OneDrive\tdnet-excel-input\.venv\Lib\site-packages\requests\models.py", line 1026, in raise_for_status
    raise HTTPError(http_error_msg, response=self)
requests.exceptions.HTTPError: 401 Client Error: Unauthorized for url: https://fvkvfekzoebcolssnteo.supabase.co/rest/v1/financials?on_conflict=ticker%2Cperiod%2Cquarter

During handling of the above exception, another exception occurred:

Traceback (most recent call last):
  File "C:\Users\takuy\AppData\Roaming\uv\python\cpython-3.11-windows-x86_64-none\Lib\logging\__init__.py", line 1113, in emit
    stream.write(msg + self.terminator)
UnicodeEncodeError: 'cp932' codec can't encode character '\u2014' in position 71: illegal multibyte sequence
Call stack:
  File "C:\Users\takuy\OneDrive\tdnet-excel-input\tools\sync_financials.py", line 538, in <module>
    main()
  File "C:\Users\takuy\OneDrive\tdnet-excel-input\tools\sync_financials.py", line 512, in main
    stats = sync(
  File "C:\Users\takuy\OneDrive\tdnet-excel-input\tools\sync_financials.py", line 360, in sync
    logger.error(
Message: "  batch 98/145: FAILED \u2014 401 Client Error: Unauthorized for url: https://fvkvfekzoebcolssnteo.supabase.co/rest/v1/financials?on_conflict=ticker%2Cperiod%2Cquarter\n  (êÊì™çs: {'ticker': '70850', 'period': '2024-08-31', 'quarter': '3Q', 'sales': 26511000000, 'gross_profit': 11219323000, 'operating_profit': 4454000000, 'source': 'jquants', 'updated_at': '2026-03-09T08:32:19.007329+09:00'})"
Arguments: ()
--- Logging error ---
Traceback (most recent call last):
  File "C:\Users\takuy\OneDrive\tdnet-excel-input\tools\sync_financials.py", line 96, in _request
    r.raise_for_status()
  File "C:\Users\takuy\OneDrive\tdnet-excel-input\.venv\Lib\site-packages\requests\models.py", line 1026, in raise_for_status
    raise HTTPError(http_error_msg, response=self)
requests.exceptions.HTTPError: 401 Client Error: Unauthorized for url: https://fvkvfekzoebcolssnteo.supabase.co/rest/v1/financials?on_conflict=ticker%2Cperiod%2Cquarter

During handling of the above exception, another exception occurred:

Traceback (most recent call last):
  File "C:\Users\takuy\AppData\Roaming\uv\python\cpython-3.11-windows-x86_64-none\Lib\logging\__init__.py", line 1113, in emit
    stream.write(msg + self.terminator)
UnicodeEncodeError: 'cp932' codec can't encode character '\u2014' in position 61: illegal multibyte sequence
Call stack:
  File "C:\Users\takuy\OneDrive\tdnet-excel-input\tools\sync_financials.py", line 538, in <module>
    main()
  File "C:\Users\takuy\OneDrive\tdnet-excel-input\tools\sync_financials.py", line 512, in main
    stats = sync(
  File "C:\Users\takuy\OneDrive\tdnet-excel-input\tools\sync_financials.py", line 348, in sync
    n = api.upsert_batch(table, chunk, on_conflict="ticker,period,quarter")
  File "C:\Users\takuy\OneDrive\tdnet-excel-input\tools\sync_financials.py", line 139, in upsert_batch
    self._request(
  File "C:\Users\takuy\OneDrive\tdnet-excel-input\tools\sync_financials.py", line 123, in _request
    logger.error(
Message: '[API] HTTP 0 \u2014 ÉäÉgÉâÉCïsâ¬\n  ÉåÉXÉ|ÉìÉX: {"code":"42501","details":null,"hint":null,"message":"new row violates row-level security policy for table \\"financials\\""}'
Arguments: ()
--- Logging error ---
Traceback (most recent call last):
  File "C:\Users\takuy\OneDrive\tdnet-excel-input\tools\sync_financials.py", line 348, in sync
    n = api.upsert_batch(table, chunk, on_conflict="ticker,period,quarter")
        ^^^^^^^^^^^^^^^^^^^^^^^^^^^^^^^^^^^^^^^^^^^^^^^^^^^^^^^^^^^^^^^^^^^
  File "C:\Users\takuy\OneDrive\tdnet-excel-input\tools\sync_financials.py", line 139, in upsert_batch
    self._request(
  File "C:\Users\takuy\OneDrive\tdnet-excel-input\tools\sync_financials.py", line 96, in _request
    r.raise_for_status()
  File "C:\Users\takuy\OneDrive\tdnet-excel-input\.venv\Lib\site-packages\requests\models.py", line 1026, in raise_for_status
    raise HTTPError(http_error_msg, response=self)
requests.exceptions.HTTPError: 401 Client Error: Unauthorized for url: https://fvkvfekzoebcolssnteo.supabase.co/rest/v1/financials?on_conflict=ticker%2Cperiod%2Cquarter

During handling of the above exception, another exception occurred:

Traceback (most recent call last):
  File "C:\Users\takuy\AppData\Roaming\uv\python\cpython-3.11-windows-x86_64-none\Lib\logging\__init__.py", line 1113, in emit
    stream.write(msg + self.terminator)
UnicodeEncodeError: 'cp932' codec can't encode character '\u2014' in position 71: illegal multibyte sequence
Call stack:
  File "C:\Users\takuy\OneDrive\tdnet-excel-input\tools\sync_financials.py", line 538, in <module>
    main()
  File "C:\Users\takuy\OneDrive\tdnet-excel-input\tools\sync_financials.py", line 512, in main
    stats = sync(
  File "C:\Users\takuy\OneDrive\tdnet-excel-input\tools\sync_financials.py", line 360, in sync
    logger.error(
Message: "  batch 99/145: FAILED \u2014 401 Client Error: Unauthorized for url: https://fvkvfekzoebcolssnteo.supabase.co/rest/v1/financials?on_conflict=ticker%2Cperiod%2Cquarter\n  (êÊì™çs: {'ticker': '71330', 'period': '2023-03-31', 'quarter': '3Q', 'sales': 4921000000, 'gross_profit': 1166422000, 'operating_profit': 398000000, 'source': 'jquants', 'updated_at': '2026-03-09T08:32:19.007329+09:00'})"
Arguments: ()
--- Logging error ---
Traceback (most recent call last):
  File "C:\Users\takuy\OneDrive\tdnet-excel-input\tools\sync_financials.py", line 96, in _request
    r.raise_for_status()
  File "C:\Users\takuy\OneDrive\tdnet-excel-input\.venv\Lib\site-packages\requests\models.py", line 1026, in raise_for_status
    raise HTTPError(http_error_msg, response=self)
requests.exceptions.HTTPError: 401 Client Error: Unauthorized for url: https://fvkvfekzoebcolssnteo.supabase.co/rest/v1/financials?on_conflict=ticker%2Cperiod%2Cquarter

During handling of the above exception, another exception occurred:

Traceback (most recent call last):
  File "C:\Users\takuy\AppData\Roaming\uv\python\cpython-3.11-windows-x86_64-none\Lib\logging\__init__.py", line 1113, in emit
    stream.write(msg + self.terminator)
UnicodeEncodeError: 'cp932' codec can't encode character '\u2014' in position 61: illegal multibyte sequence
Call stack:
  File "C:\Users\takuy\OneDrive\tdnet-excel-input\tools\sync_financials.py", line 538, in <module>
    main()
  File "C:\Users\takuy\OneDrive\tdnet-excel-input\tools\sync_financials.py", line 512, in main
    stats = sync(
  File "C:\Users\takuy\OneDrive\tdnet-excel-input\tools\sync_financials.py", line 348, in sync
    n = api.upsert_batch(table, chunk, on_conflict="ticker,period,quarter")
  File "C:\Users\takuy\OneDrive\tdnet-excel-input\tools\sync_financials.py", line 139, in upsert_batch
    self._request(
  File "C:\Users\takuy\OneDrive\tdnet-excel-input\tools\sync_financials.py", line 123, in _request
    logger.error(
Message: '[API] HTTP 0 \u2014 ÉäÉgÉâÉCïsâ¬\n  ÉåÉXÉ|ÉìÉX: {"code":"42501","details":null,"hint":null,"message":"new row violates row-level security policy for table \\"financials\\""}'
Arguments: ()
--- Logging error ---
Traceback (most recent call last):
  File "C:\Users\takuy\OneDrive\tdnet-excel-input\tools\sync_financials.py", line 348, in sync
    n = api.upsert_batch(table, chunk, on_conflict="ticker,period,quarter")
        ^^^^^^^^^^^^^^^^^^^^^^^^^^^^^^^^^^^^^^^^^^^^^^^^^^^^^^^^^^^^^^^^^^^
  File "C:\Users\takuy\OneDrive\tdnet-excel-input\tools\sync_financials.py", line 139, in upsert_batch
    self._request(
  File "C:\Users\takuy\OneDrive\tdnet-excel-input\tools\sync_financials.py", line 96, in _request
    r.raise_for_status()
  File "C:\Users\takuy\OneDrive\tdnet-excel-input\.venv\Lib\site-packages\requests\models.py", line 1026, in raise_for_status
    raise HTTPError(http_error_msg, response=self)
requests.exceptions.HTTPError: 401 Client Error: Unauthorized for url: https://fvkvfekzoebcolssnteo.supabase.co/rest/v1/financials?on_conflict=ticker%2Cperiod%2Cquarter

During handling of the above exception, another exception occurred:

Traceback (most recent call last):
  File "C:\Users\takuy\AppData\Roaming\uv\python\cpython-3.11-windows-x86_64-none\Lib\logging\__init__.py", line 1113, in emit
    stream.write(msg + self.terminator)
UnicodeEncodeError: 'cp932' codec can't encode character '\u2014' in position 72: illegal multibyte sequence
Call stack:
  File "C:\Users\takuy\OneDrive\tdnet-excel-input\tools\sync_financials.py", line 538, in <module>
    main()
  File "C:\Users\takuy\OneDrive\tdnet-excel-input\tools\sync_financials.py", line 512, in main
    stats = sync(
  File "C:\Users\takuy\OneDrive\tdnet-excel-input\tools\sync_financials.py", line 360, in sync
    logger.error(
Message: "  batch 100/145: FAILED \u2014 401 Client Error: Unauthorized for url: https://fvkvfekzoebcolssnteo.supabase.co/rest/v1/financials?on_conflict=ticker%2Cperiod%2Cquarter\n  (êÊì™çs: {'ticker': '71910', 'period': '2026-03-31', 'quarter': '2Q', 'sales': 5860000000, 'gross_profit': 2689594000, 'operating_profit': 1388000000, 'source': 'jquants', 'updated_at': '2026-03-09T08:32:19.007329+09:00'})"
Arguments: ()
--- Logging error ---
Traceback (most recent call last):
  File "C:\Users\takuy\OneDrive\tdnet-excel-input\tools\sync_financials.py", line 96, in _request
    r.raise_for_status()
  File "C:\Users\takuy\OneDrive\tdnet-excel-input\.venv\Lib\site-packages\requests\models.py", line 1026, in raise_for_status
    raise HTTPError(http_error_msg, response=self)
requests.exceptions.HTTPError: 401 Client Error: Unauthorized for url: https://fvkvfekzoebcolssnteo.supabase.co/rest/v1/financials?on_conflict=ticker%2Cperiod%2Cquarter

During handling of the above exception, another exception occurred:

Traceback (most recent call last):
  File "C:\Users\takuy\AppData\Roaming\uv\python\cpython-3.11-windows-x86_64-none\Lib\logging\__init__.py", line 1113, in emit
    stream.write(msg + self.terminator)
UnicodeEncodeError: 'cp932' codec can't encode character '\u2014' in position 61: illegal multibyte sequence
Call stack:
  File "C:\Users\takuy\OneDrive\tdnet-excel-input\tools\sync_financials.py", line 538, in <module>
    main()
  File "C:\Users\takuy\OneDrive\tdnet-excel-input\tools\sync_financials.py", line 512, in main
    stats = sync(
  File "C:\Users\takuy\OneDrive\tdnet-excel-input\tools\sync_financials.py", line 348, in sync
    n = api.upsert_batch(table, chunk, on_conflict="ticker,period,quarter")
  File "C:\Users\takuy\OneDrive\tdnet-excel-input\tools\sync_financials.py", line 139, in upsert_batch
    self._request(
  File "C:\Users\takuy\OneDrive\tdnet-excel-input\tools\sync_financials.py", line 123, in _request
    logger.error(
Message: '[API] HTTP 0 \u2014 ÉäÉgÉâÉCïsâ¬\n  ÉåÉXÉ|ÉìÉX: {"code":"42501","details":null,"hint":null,"message":"new row violates row-level security policy for table \\"financials\\""}'
Arguments: ()
--- Logging error ---
Traceback (most recent call last):
  File "C:\Users\takuy\OneDrive\tdnet-excel-input\tools\sync_financials.py", line 348, in sync
    n = api.upsert_batch(table, chunk, on_conflict="ticker,period,quarter")
        ^^^^^^^^^^^^^^^^^^^^^^^^^^^^^^^^^^^^^^^^^^^^^^^^^^^^^^^^^^^^^^^^^^^
  File "C:\Users\takuy\OneDrive\tdnet-excel-input\tools\sync_financials.py", line 139, in upsert_batch
    self._request(
  File "C:\Users\takuy\OneDrive\tdnet-excel-input\tools\sync_financials.py", line 96, in _request
    r.raise_for_status()
  File "C:\Users\takuy\OneDrive\tdnet-excel-input\.venv\Lib\site-packages\requests\models.py", line 1026, in raise_for_status
    raise HTTPError(http_error_msg, response=self)
requests.exceptions.HTTPError: 401 Client Error: Unauthorized for url: https://fvkvfekzoebcolssnteo.supabase.co/rest/v1/financials?on_conflict=ticker%2Cperiod%2Cquarter

During handling of the above exception, another exception occurred:

Traceback (most recent call last):
  File "C:\Users\takuy\AppData\Roaming\uv\python\cpython-3.11-windows-x86_64-none\Lib\logging\__init__.py", line 1113, in emit
    stream.write(msg + self.terminator)
UnicodeEncodeError: 'cp932' codec can't encode character '\u2014' in position 72: illegal multibyte sequence
Call stack:
  File "C:\Users\takuy\OneDrive\tdnet-excel-input\tools\sync_financials.py", line 538, in <module>
    main()
  File "C:\Users\takuy\OneDrive\tdnet-excel-input\tools\sync_financials.py", line 512, in main
    stats = sync(
  File "C:\Users\takuy\OneDrive\tdnet-excel-input\tools\sync_financials.py", line 360, in sync
    logger.error(
Message: "  batch 101/145: FAILED \u2014 401 Client Error: Unauthorized for url: https://fvkvfekzoebcolssnteo.supabase.co/rest/v1/financials?on_conflict=ticker%2Cperiod%2Cquarter\n  (êÊì™çs: {'ticker': '72350', 'period': '2024-03-31', 'quarter': 'FY', 'sales': 33401000000, 'gross_profit': 4513043000, 'operating_profit': 1397000000, 'source': 'jquants', 'updated_at': '2026-03-09T08:32:19.007329+09:00'})"
Arguments: ()
--- Logging error ---
Traceback (most recent call last):
  File "C:\Users\takuy\OneDrive\tdnet-excel-input\tools\sync_financials.py", line 96, in _request
    r.raise_for_status()
  File "C:\Users\takuy\OneDrive\tdnet-excel-input\.venv\Lib\site-packages\requests\models.py", line 1026, in raise_for_status
    raise HTTPError(http_error_msg, response=self)
requests.exceptions.HTTPError: 401 Client Error: Unauthorized for url: https://fvkvfekzoebcolssnteo.supabase.co/rest/v1/financials?on_conflict=ticker%2Cperiod%2Cquarter

During handling of the above exception, another exception occurred:

Traceback (most recent call last):
  File "C:\Users\takuy\AppData\Roaming\uv\python\cpython-3.11-windows-x86_64-none\Lib\logging\__init__.py", line 1113, in emit
    stream.write(msg + self.terminator)
UnicodeEncodeError: 'cp932' codec can't encode character '\u2014' in position 61: illegal multibyte sequence
Call stack:
  File "C:\Users\takuy\OneDrive\tdnet-excel-input\tools\sync_financials.py", line 538, in <module>
    main()
  File "C:\Users\takuy\OneDrive\tdnet-excel-input\tools\sync_financials.py", line 512, in main
    stats = sync(
  File "C:\Users\takuy\OneDrive\tdnet-excel-input\tools\sync_financials.py", line 348, in sync
    n = api.upsert_batch(table, chunk, on_conflict="ticker,period,quarter")
  File "C:\Users\takuy\OneDrive\tdnet-excel-input\tools\sync_financials.py", line 139, in upsert_batch
    self._request(
  File "C:\Users\takuy\OneDrive\tdnet-excel-input\tools\sync_financials.py", line 123, in _request
    logger.error(
Message: '[API] HTTP 0 \u2014 ÉäÉgÉâÉCïsâ¬\n  ÉåÉXÉ|ÉìÉX: {"code":"42501","details":null,"hint":null,"message":"new row violates row-level security policy for table \\"financials\\""}'
Arguments: ()
--- Logging error ---
Traceback (most recent call last):
  File "C:\Users\takuy\OneDrive\tdnet-excel-input\tools\sync_financials.py", line 348, in sync
    n = api.upsert_batch(table, chunk, on_conflict="ticker,period,quarter")
        ^^^^^^^^^^^^^^^^^^^^^^^^^^^^^^^^^^^^^^^^^^^^^^^^^^^^^^^^^^^^^^^^^^^
  File "C:\Users\takuy\OneDrive\tdnet-excel-input\tools\sync_financials.py", line 139, in upsert_batch
    self._request(
  File "C:\Users\takuy\OneDrive\tdnet-excel-input\tools\sync_financials.py", line 96, in _request
    r.raise_for_status()
  File "C:\Users\takuy\OneDrive\tdnet-excel-input\.venv\Lib\site-packages\requests\models.py", line 1026, in raise_for_status
    raise HTTPError(http_error_msg, response=self)
requests.exceptions.HTTPError: 401 Client Error: Unauthorized for url: https://fvkvfekzoebcolssnteo.supabase.co/rest/v1/financials?on_conflict=ticker%2Cperiod%2Cquarter

During handling of the above exception, another exception occurred:

Traceback (most recent call last):
  File "C:\Users\takuy\AppData\Roaming\uv\python\cpython-3.11-windows-x86_64-none\Lib\logging\__init__.py", line 1113, in emit
    stream.write(msg + self.terminator)
UnicodeEncodeError: 'cp932' codec can't encode character '\u2014' in position 72: illegal multibyte sequence
Call stack:
  File "C:\Users\takuy\OneDrive\tdnet-excel-input\tools\sync_financials.py", line 538, in <module>
    main()
  File "C:\Users\takuy\OneDrive\tdnet-excel-input\tools\sync_financials.py", line 512, in main
    stats = sync(
  File "C:\Users\takuy\OneDrive\tdnet-excel-input\tools\sync_financials.py", line 360, in sync
    logger.error(
Message: "  batch 102/145: FAILED \u2014 401 Client Error: Unauthorized for url: https://fvkvfekzoebcolssnteo.supabase.co/rest/v1/financials?on_conflict=ticker%2Cperiod%2Cquarter\n  (êÊì™çs: {'ticker': '72730', 'period': '2023-03-31', 'quarter': '2Q', 'sales': 6430000000, 'gross_profit': 813326000, 'operating_profit': 114000000, 'source': 'jquants', 'updated_at': '2026-03-09T08:32:19.007329+09:00'})"
Arguments: ()
--- Logging error ---
Traceback (most recent call last):
  File "C:\Users\takuy\OneDrive\tdnet-excel-input\tools\sync_financials.py", line 96, in _request
    r.raise_for_status()
  File "C:\Users\takuy\OneDrive\tdnet-excel-input\.venv\Lib\site-packages\requests\models.py", line 1026, in raise_for_status
    raise HTTPError(http_error_msg, response=self)
requests.exceptions.HTTPError: 401 Client Error: Unauthorized for url: https://fvkvfekzoebcolssnteo.supabase.co/rest/v1/financials?on_conflict=ticker%2Cperiod%2Cquarter

During handling of the above exception, another exception occurred:

Traceback (most recent call last):
  File "C:\Users\takuy\AppData\Roaming\uv\python\cpython-3.11-windows-x86_64-none\Lib\logging\__init__.py", line 1113, in emit
    stream.write(msg + self.terminator)
UnicodeEncodeError: 'cp932' codec can't encode character '\u2014' in position 61: illegal multibyte sequence
Call stack:
  File "C:\Users\takuy\OneDrive\tdnet-excel-input\tools\sync_financials.py", line 538, in <module>
    main()
  File "C:\Users\takuy\OneDrive\tdnet-excel-input\tools\sync_financials.py", line 512, in main
    stats = sync(
  File "C:\Users\takuy\OneDrive\tdnet-excel-input\tools\sync_financials.py", line 348, in sync
    n = api.upsert_batch(table, chunk, on_conflict="ticker,period,quarter")
  File "C:\Users\takuy\OneDrive\tdnet-excel-input\tools\sync_financials.py", line 139, in upsert_batch
    self._request(
  File "C:\Users\takuy\OneDrive\tdnet-excel-input\tools\sync_financials.py", line 123, in _request
    logger.error(
Message: '[API] HTTP 0 \u2014 ÉäÉgÉâÉCïsâ¬\n  ÉåÉXÉ|ÉìÉX: {"code":"42501","details":null,"hint":null,"message":"new row violates row-level security policy for table \\"financials\\""}'
Arguments: ()
--- Logging error ---
Traceback (most recent call last):
  File "C:\Users\takuy\OneDrive\tdnet-excel-input\tools\sync_financials.py", line 348, in sync
    n = api.upsert_batch(table, chunk, on_conflict="ticker,period,quarter")
        ^^^^^^^^^^^^^^^^^^^^^^^^^^^^^^^^^^^^^^^^^^^^^^^^^^^^^^^^^^^^^^^^^^^
  File "C:\Users\takuy\OneDrive\tdnet-excel-input\tools\sync_financials.py", line 139, in upsert_batch
    self._request(
  File "C:\Users\takuy\OneDrive\tdnet-excel-input\tools\sync_financials.py", line 96, in _request
    r.raise_for_status()
  File "C:\Users\takuy\OneDrive\tdnet-excel-input\.venv\Lib\site-packages\requests\models.py", line 1026, in raise_for_status
    raise HTTPError(http_error_msg, response=self)
requests.exceptions.HTTPError: 401 Client Error: Unauthorized for url: https://fvkvfekzoebcolssnteo.supabase.co/rest/v1/financials?on_conflict=ticker%2Cperiod%2Cquarter

During handling of the above exception, another exception occurred:

Traceback (most recent call last):
  File "C:\Users\takuy\AppData\Roaming\uv\python\cpython-3.11-windows-x86_64-none\Lib\logging\__init__.py", line 1113, in emit
    stream.write(msg + self.terminator)
UnicodeEncodeError: 'cp932' codec can't encode character '\u2014' in position 72: illegal multibyte sequence
Call stack:
  File "C:\Users\takuy\OneDrive\tdnet-excel-input\tools\sync_financials.py", line 538, in <module>
    main()
  File "C:\Users\takuy\OneDrive\tdnet-excel-input\tools\sync_financials.py", line 512, in main
    stats = sync(
  File "C:\Users\takuy\OneDrive\tdnet-excel-input\tools\sync_financials.py", line 360, in sync
    logger.error(
Message: "  batch 103/145: FAILED \u2014 401 Client Error: Unauthorized for url: https://fvkvfekzoebcolssnteo.supabase.co/rest/v1/financials?on_conflict=ticker%2Cperiod%2Cquarter\n  (êÊì™çs: {'ticker': '73260', 'period': '2022-03-31', 'quarter': '1Q', 'sales': 22748000000, 'gross_profit': None, 'operating_profit': None, 'source': 'jquants', 'updated_at': '2026-03-09T08:32:19.007329+09:00'})"
Arguments: ()
--- Logging error ---
Traceback (most recent call last):
  File "C:\Users\takuy\OneDrive\tdnet-excel-input\tools\sync_financials.py", line 96, in _request
    r.raise_for_status()
  File "C:\Users\takuy\OneDrive\tdnet-excel-input\.venv\Lib\site-packages\requests\models.py", line 1026, in raise_for_status
    raise HTTPError(http_error_msg, response=self)
requests.exceptions.HTTPError: 401 Client Error: Unauthorized for url: https://fvkvfekzoebcolssnteo.supabase.co/rest/v1/financials?on_conflict=ticker%2Cperiod%2Cquarter

During handling of the above exception, another exception occurred:

Traceback (most recent call last):
  File "C:\Users\takuy\AppData\Roaming\uv\python\cpython-3.11-windows-x86_64-none\Lib\logging\__init__.py", line 1113, in emit
    stream.write(msg + self.terminator)
UnicodeEncodeError: 'cp932' codec can't encode character '\u2014' in position 61: illegal multibyte sequence
Call stack:
  File "C:\Users\takuy\OneDrive\tdnet-excel-input\tools\sync_financials.py", line 538, in <module>
    main()
  File "C:\Users\takuy\OneDrive\tdnet-excel-input\tools\sync_financials.py", line 512, in main
    stats = sync(
  File "C:\Users\takuy\OneDrive\tdnet-excel-input\tools\sync_financials.py", line 348, in sync
    n = api.upsert_batch(table, chunk, on_conflict="ticker,period,quarter")
  File "C:\Users\takuy\OneDrive\tdnet-excel-input\tools\sync_financials.py", line 139, in upsert_batch
    self._request(
  File "C:\Users\takuy\OneDrive\tdnet-excel-input\tools\sync_financials.py", line 123, in _request
    logger.error(
Message: '[API] HTTP 0 \u2014 ÉäÉgÉâÉCïsâ¬\n  ÉåÉXÉ|ÉìÉX: {"code":"42501","details":null,"hint":null,"message":"new row violates row-level security policy for table \\"financials\\""}'
Arguments: ()
--- Logging error ---
Traceback (most recent call last):
  File "C:\Users\takuy\OneDrive\tdnet-excel-input\tools\sync_financials.py", line 348, in sync
    n = api.upsert_batch(table, chunk, on_conflict="ticker,period,quarter")
        ^^^^^^^^^^^^^^^^^^^^^^^^^^^^^^^^^^^^^^^^^^^^^^^^^^^^^^^^^^^^^^^^^^^
  File "C:\Users\takuy\OneDrive\tdnet-excel-input\tools\sync_financials.py", line 139, in upsert_batch
    self._request(
  File "C:\Users\takuy\OneDrive\tdnet-excel-input\tools\sync_financials.py", line 96, in _request
    r.raise_for_status()
  File "C:\Users\takuy\OneDrive\tdnet-excel-input\.venv\Lib\site-packages\requests\models.py", line 1026, in raise_for_status
    raise HTTPError(http_error_msg, response=self)
requests.exceptions.HTTPError: 401 Client Error: Unauthorized for url: https://fvkvfekzoebcolssnteo.supabase.co/rest/v1/financials?on_conflict=ticker%2Cperiod%2Cquarter

During handling of the above exception, another exception occurred:

Traceback (most recent call last):
  File "C:\Users\takuy\AppData\Roaming\uv\python\cpython-3.11-windows-x86_64-none\Lib\logging\__init__.py", line 1113, in emit
    stream.write(msg + self.terminator)
UnicodeEncodeError: 'cp932' codec can't encode character '\u2014' in position 72: illegal multibyte sequence
Call stack:
  File "C:\Users\takuy\OneDrive\tdnet-excel-input\tools\sync_financials.py", line 538, in <module>
    main()
  File "C:\Users\takuy\OneDrive\tdnet-excel-input\tools\sync_financials.py", line 512, in main
    stats = sync(
  File "C:\Users\takuy\OneDrive\tdnet-excel-input\tools\sync_financials.py", line 360, in sync
    logger.error(
Message: "  batch 104/145: FAILED \u2014 401 Client Error: Unauthorized for url: https://fvkvfekzoebcolssnteo.supabase.co/rest/v1/financials?on_conflict=ticker%2Cperiod%2Cquarter\n  (êÊì™çs: {'ticker': '73720', 'period': '2023-09-30', 'quarter': '3Q', 'sales': 4493000000, 'gross_profit': None, 'operating_profit': 777000000, 'source': 'jquants', 'updated_at': '2026-03-09T08:32:19.007329+09:00'})"
Arguments: ()
--- Logging error ---
Traceback (most recent call last):
  File "C:\Users\takuy\OneDrive\tdnet-excel-input\tools\sync_financials.py", line 96, in _request
    r.raise_for_status()
  File "C:\Users\takuy\OneDrive\tdnet-excel-input\.venv\Lib\site-packages\requests\models.py", line 1026, in raise_for_status
    raise HTTPError(http_error_msg, response=self)
requests.exceptions.HTTPError: 401 Client Error: Unauthorized for url: https://fvkvfekzoebcolssnteo.supabase.co/rest/v1/financials?on_conflict=ticker%2Cperiod%2Cquarter

During handling of the above exception, another exception occurred:

Traceback (most recent call last):
  File "C:\Users\takuy\AppData\Roaming\uv\python\cpython-3.11-windows-x86_64-none\Lib\logging\__init__.py", line 1113, in emit
    stream.write(msg + self.terminator)
UnicodeEncodeError: 'cp932' codec can't encode character '\u2014' in position 61: illegal multibyte sequence
Call stack:
  File "C:\Users\takuy\OneDrive\tdnet-excel-input\tools\sync_financials.py", line 538, in <module>
    main()
  File "C:\Users\takuy\OneDrive\tdnet-excel-input\tools\sync_financials.py", line 512, in main
    stats = sync(
  File "C:\Users\takuy\OneDrive\tdnet-excel-input\tools\sync_financials.py", line 348, in sync
    n = api.upsert_batch(table, chunk, on_conflict="ticker,period,quarter")
  File "C:\Users\takuy\OneDrive\tdnet-excel-input\tools\sync_financials.py", line 139, in upsert_batch
    self._request(
  File "C:\Users\takuy\OneDrive\tdnet-excel-input\tools\sync_financials.py", line 123, in _request
    logger.error(
Message: '[API] HTTP 0 \u2014 ÉäÉgÉâÉCïsâ¬\n  ÉåÉXÉ|ÉìÉX: {"code":"42501","details":null,"hint":null,"message":"new row violates row-level security policy for table \\"financials\\""}'
Arguments: ()
--- Logging error ---
Traceback (most recent call last):
  File "C:\Users\takuy\OneDrive\tdnet-excel-input\tools\sync_financials.py", line 348, in sync
    n = api.upsert_batch(table, chunk, on_conflict="ticker,period,quarter")
        ^^^^^^^^^^^^^^^^^^^^^^^^^^^^^^^^^^^^^^^^^^^^^^^^^^^^^^^^^^^^^^^^^^^
  File "C:\Users\takuy\OneDrive\tdnet-excel-input\tools\sync_financials.py", line 139, in upsert_batch
    self._request(
  File "C:\Users\takuy\OneDrive\tdnet-excel-input\tools\sync_financials.py", line 96, in _request
    r.raise_for_status()
  File "C:\Users\takuy\OneDrive\tdnet-excel-input\.venv\Lib\site-packages\requests\models.py", line 1026, in raise_for_status
    raise HTTPError(http_error_msg, response=self)
requests.exceptions.HTTPError: 401 Client Error: Unauthorized for url: https://fvkvfekzoebcolssnteo.supabase.co/rest/v1/financials?on_conflict=ticker%2Cperiod%2Cquarter

During handling of the above exception, another exception occurred:

Traceback (most recent call last):
  File "C:\Users\takuy\AppData\Roaming\uv\python\cpython-3.11-windows-x86_64-none\Lib\logging\__init__.py", line 1113, in emit
    stream.write(msg + self.terminator)
UnicodeEncodeError: 'cp932' codec can't encode character '\u2014' in position 72: illegal multibyte sequence
Call stack:
  File "C:\Users\takuy\OneDrive\tdnet-excel-input\tools\sync_financials.py", line 538, in <module>
    main()
  File "C:\Users\takuy\OneDrive\tdnet-excel-input\tools\sync_financials.py", line 512, in main
    stats = sync(
  File "C:\Users\takuy\OneDrive\tdnet-excel-input\tools\sync_financials.py", line 360, in sync
    logger.error(
Message: "  batch 105/145: FAILED \u2014 401 Client Error: Unauthorized for url: https://fvkvfekzoebcolssnteo.supabase.co/rest/v1/financials?on_conflict=ticker%2Cperiod%2Cquarter\n  (êÊì™çs: {'ticker': '74330', 'period': '2023-03-31', 'quarter': 'FY', 'sales': 233624000000, 'gross_profit': 32379000000, 'operating_profit': 12711000000, 'source': 'jquants', 'updated_at': '2026-03-09T08:32:19.007329+09:00'})"
Arguments: ()
--- Logging error ---
Traceback (most recent call last):
  File "C:\Users\takuy\OneDrive\tdnet-excel-input\tools\sync_financials.py", line 96, in _request
    r.raise_for_status()
  File "C:\Users\takuy\OneDrive\tdnet-excel-input\.venv\Lib\site-packages\requests\models.py", line 1026, in raise_for_status
    raise HTTPError(http_error_msg, response=self)
requests.exceptions.HTTPError: 401 Client Error: Unauthorized for url: https://fvkvfekzoebcolssnteo.supabase.co/rest/v1/financials?on_conflict=ticker%2Cperiod%2Cquarter

During handling of the above exception, another exception occurred:

Traceback (most recent call last):
  File "C:\Users\takuy\AppData\Roaming\uv\python\cpython-3.11-windows-x86_64-none\Lib\logging\__init__.py", line 1113, in emit
    stream.write(msg + self.terminator)
UnicodeEncodeError: 'cp932' codec can't encode character '\u2014' in position 61: illegal multibyte sequence
Call stack:
  File "C:\Users\takuy\OneDrive\tdnet-excel-input\tools\sync_financials.py", line 538, in <module>
    main()
  File "C:\Users\takuy\OneDrive\tdnet-excel-input\tools\sync_financials.py", line 512, in main
    stats = sync(
  File "C:\Users\takuy\OneDrive\tdnet-excel-input\tools\sync_financials.py", line 348, in sync
    n = api.upsert_batch(table, chunk, on_conflict="ticker,period,quarter")
  File "C:\Users\takuy\OneDrive\tdnet-excel-input\tools\sync_financials.py", line 139, in upsert_batch
    self._request(
  File "C:\Users\takuy\OneDrive\tdnet-excel-input\tools\sync_financials.py", line 123, in _request
    logger.error(
Message: '[API] HTTP 0 \u2014 ÉäÉgÉâÉCïsâ¬\n  ÉåÉXÉ|ÉìÉX: {"code":"42501","details":null,"hint":null,"message":"new row violates row-level security policy for table \\"financials\\""}'
Arguments: ()
--- Logging error ---
Traceback (most recent call last):
  File "C:\Users\takuy\OneDrive\tdnet-excel-input\tools\sync_financials.py", line 348, in sync
    n = api.upsert_batch(table, chunk, on_conflict="ticker,period,quarter")
        ^^^^^^^^^^^^^^^^^^^^^^^^^^^^^^^^^^^^^^^^^^^^^^^^^^^^^^^^^^^^^^^^^^^
  File "C:\Users\takuy\OneDrive\tdnet-excel-input\tools\sync_financials.py", line 139, in upsert_batch
    self._request(
  File "C:\Users\takuy\OneDrive\tdnet-excel-input\tools\sync_financials.py", line 96, in _request
    r.raise_for_status()
  File "C:\Users\takuy\OneDrive\tdnet-excel-input\.venv\Lib\site-packages\requests\models.py", line 1026, in raise_for_status
    raise HTTPError(http_error_msg, response=self)
requests.exceptions.HTTPError: 401 Client Error: Unauthorized for url: https://fvkvfekzoebcolssnteo.supabase.co/rest/v1/financials?on_conflict=ticker%2Cperiod%2Cquarter

During handling of the above exception, another exception occurred:

Traceback (most recent call last):
  File "C:\Users\takuy\AppData\Roaming\uv\python\cpython-3.11-windows-x86_64-none\Lib\logging\__init__.py", line 1113, in emit
    stream.write(msg + self.terminator)
UnicodeEncodeError: 'cp932' codec can't encode character '\u2014' in position 72: illegal multibyte sequence
Call stack:
  File "C:\Users\takuy\OneDrive\tdnet-excel-input\tools\sync_financials.py", line 538, in <module>
    main()
  File "C:\Users\takuy\OneDrive\tdnet-excel-input\tools\sync_financials.py", line 512, in main
    stats = sync(
  File "C:\Users\takuy\OneDrive\tdnet-excel-input\tools\sync_financials.py", line 360, in sync
    logger.error(
Message: "  batch 106/145: FAILED \u2014 401 Client Error: Unauthorized for url: https://fvkvfekzoebcolssnteo.supabase.co/rest/v1/financials?on_conflict=ticker%2Cperiod%2Cquarter\n  (êÊì™çs: {'ticker': '74770', 'period': '2022-03-31', 'quarter': 'FY', 'sales': 7213000000, 'gross_profit': 1731546000, 'operating_profit': 135000000, 'source': 'jquants', 'updated_at': '2026-03-09T08:32:19.007329+09:00'})"
Arguments: ()
--- Logging error ---
Traceback (most recent call last):
  File "C:\Users\takuy\OneDrive\tdnet-excel-input\tools\sync_financials.py", line 96, in _request
    r.raise_for_status()
  File "C:\Users\takuy\OneDrive\tdnet-excel-input\.venv\Lib\site-packages\requests\models.py", line 1026, in raise_for_status
    raise HTTPError(http_error_msg, response=self)
requests.exceptions.HTTPError: 401 Client Error: Unauthorized for url: https://fvkvfekzoebcolssnteo.supabase.co/rest/v1/financials?on_conflict=ticker%2Cperiod%2Cquarter

During handling of the above exception, another exception occurred:

Traceback (most recent call last):
  File "C:\Users\takuy\AppData\Roaming\uv\python\cpython-3.11-windows-x86_64-none\Lib\logging\__init__.py", line 1113, in emit
    stream.write(msg + self.terminator)
UnicodeEncodeError: 'cp932' codec can't encode character '\u2014' in position 61: illegal multibyte sequence
Call stack:
  File "C:\Users\takuy\OneDrive\tdnet-excel-input\tools\sync_financials.py", line 538, in <module>
    main()
  File "C:\Users\takuy\OneDrive\tdnet-excel-input\tools\sync_financials.py", line 512, in main
    stats = sync(
  File "C:\Users\takuy\OneDrive\tdnet-excel-input\tools\sync_financials.py", line 348, in sync
    n = api.upsert_batch(table, chunk, on_conflict="ticker,period,quarter")
  File "C:\Users\takuy\OneDrive\tdnet-excel-input\tools\sync_financials.py", line 139, in upsert_batch
    self._request(
  File "C:\Users\takuy\OneDrive\tdnet-excel-input\tools\sync_financials.py", line 123, in _request
    logger.error(
Message: '[API] HTTP 0 \u2014 ÉäÉgÉâÉCïsâ¬\n  ÉåÉXÉ|ÉìÉX: {"code":"42501","details":null,"hint":null,"message":"new row violates row-level security policy for table \\"financials\\""}'
Arguments: ()
--- Logging error ---
Traceback (most recent call last):
  File "C:\Users\takuy\OneDrive\tdnet-excel-input\tools\sync_financials.py", line 348, in sync
    n = api.upsert_batch(table, chunk, on_conflict="ticker,period,quarter")
        ^^^^^^^^^^^^^^^^^^^^^^^^^^^^^^^^^^^^^^^^^^^^^^^^^^^^^^^^^^^^^^^^^^^
  File "C:\Users\takuy\OneDrive\tdnet-excel-input\tools\sync_financials.py", line 139, in upsert_batch
    self._request(
  File "C:\Users\takuy\OneDrive\tdnet-excel-input\tools\sync_financials.py", line 96, in _request
    r.raise_for_status()
  File "C:\Users\takuy\OneDrive\tdnet-excel-input\.venv\Lib\site-packages\requests\models.py", line 1026, in raise_for_status
    raise HTTPError(http_error_msg, response=self)
requests.exceptions.HTTPError: 401 Client Error: Unauthorized for url: https://fvkvfekzoebcolssnteo.supabase.co/rest/v1/financials?on_conflict=ticker%2Cperiod%2Cquarter

During handling of the above exception, another exception occurred:

Traceback (most recent call last):
  File "C:\Users\takuy\AppData\Roaming\uv\python\cpython-3.11-windows-x86_64-none\Lib\logging\__init__.py", line 1113, in emit
    stream.write(msg + self.terminator)
UnicodeEncodeError: 'cp932' codec can't encode character '\u2014' in position 72: illegal multibyte sequence
Call stack:
  File "C:\Users\takuy\OneDrive\tdnet-excel-input\tools\sync_financials.py", line 538, in <module>
    main()
  File "C:\Users\takuy\OneDrive\tdnet-excel-input\tools\sync_financials.py", line 512, in main
    stats = sync(
  File "C:\Users\takuy\OneDrive\tdnet-excel-input\tools\sync_financials.py", line 360, in sync
    logger.error(
Message: "  batch 107/145: FAILED \u2014 401 Client Error: Unauthorized for url: https://fvkvfekzoebcolssnteo.supabase.co/rest/v1/financials?on_conflict=ticker%2Cperiod%2Cquarter\n  (êÊì™çs: {'ticker': '75210', 'period': '2026-03-31', 'quarter': 'FY', 'sales': None, 'gross_profit': None, 'operating_profit': None, 'source': 'jquants', 'updated_at': '2026-03-09T08:32:19.007329+09:00'})"
Arguments: ()
--- Logging error ---
Traceback (most recent call last):
  File "C:\Users\takuy\OneDrive\tdnet-excel-input\tools\sync_financials.py", line 96, in _request
    r.raise_for_status()
  File "C:\Users\takuy\OneDrive\tdnet-excel-input\.venv\Lib\site-packages\requests\models.py", line 1026, in raise_for_status
    raise HTTPError(http_error_msg, response=self)
requests.exceptions.HTTPError: 401 Client Error: Unauthorized for url: https://fvkvfekzoebcolssnteo.supabase.co/rest/v1/financials?on_conflict=ticker%2Cperiod%2Cquarter

During handling of the above exception, another exception occurred:

Traceback (most recent call last):
  File "C:\Users\takuy\AppData\Roaming\uv\python\cpython-3.11-windows-x86_64-none\Lib\logging\__init__.py", line 1113, in emit
    stream.write(msg + self.terminator)
UnicodeEncodeError: 'cp932' codec can't encode character '\u2014' in position 61: illegal multibyte sequence
Call stack:
  File "C:\Users\takuy\OneDrive\tdnet-excel-input\tools\sync_financials.py", line 538, in <module>
    main()
  File "C:\Users\takuy\OneDrive\tdnet-excel-input\tools\sync_financials.py", line 512, in main
    stats = sync(
  File "C:\Users\takuy\OneDrive\tdnet-excel-input\tools\sync_financials.py", line 348, in sync
    n = api.upsert_batch(table, chunk, on_conflict="ticker,period,quarter")
  File "C:\Users\takuy\OneDrive\tdnet-excel-input\tools\sync_financials.py", line 139, in upsert_batch
    self._request(
  File "C:\Users\takuy\OneDrive\tdnet-excel-input\tools\sync_financials.py", line 123, in _request
    logger.error(
Message: '[API] HTTP 0 \u2014 ÉäÉgÉâÉCïsâ¬\n  ÉåÉXÉ|ÉìÉX: {"code":"42501","details":null,"hint":null,"message":"new row violates row-level security policy for table \\"financials\\""}'
Arguments: ()
--- Logging error ---
Traceback (most recent call last):
  File "C:\Users\takuy\OneDrive\tdnet-excel-input\tools\sync_financials.py", line 348, in sync
    n = api.upsert_batch(table, chunk, on_conflict="ticker,period,quarter")
        ^^^^^^^^^^^^^^^^^^^^^^^^^^^^^^^^^^^^^^^^^^^^^^^^^^^^^^^^^^^^^^^^^^^
  File "C:\Users\takuy\OneDrive\tdnet-excel-input\tools\sync_financials.py", line 139, in upsert_batch
    self._request(
  File "C:\Users\takuy\OneDrive\tdnet-excel-input\tools\sync_financials.py", line 96, in _request
    r.raise_for_status()
  File "C:\Users\takuy\OneDrive\tdnet-excel-input\.venv\Lib\site-packages\requests\models.py", line 1026, in raise_for_status
    raise HTTPError(http_error_msg, response=self)
requests.exceptions.HTTPError: 401 Client Error: Unauthorized for url: https://fvkvfekzoebcolssnteo.supabase.co/rest/v1/financials?on_conflict=ticker%2Cperiod%2Cquarter

During handling of the above exception, another exception occurred:

Traceback (most recent call last):
  File "C:\Users\takuy\AppData\Roaming\uv\python\cpython-3.11-windows-x86_64-none\Lib\logging\__init__.py", line 1113, in emit
    stream.write(msg + self.terminator)
UnicodeEncodeError: 'cp932' codec can't encode character '\u2014' in position 72: illegal multibyte sequence
Call stack:
  File "C:\Users\takuy\OneDrive\tdnet-excel-input\tools\sync_financials.py", line 538, in <module>
    main()
  File "C:\Users\takuy\OneDrive\tdnet-excel-input\tools\sync_financials.py", line 512, in main
    stats = sync(
  File "C:\Users\takuy\OneDrive\tdnet-excel-input\tools\sync_financials.py", line 360, in sync
    logger.error(
Message: "  batch 108/145: FAILED \u2014 401 Client Error: Unauthorized for url: https://fvkvfekzoebcolssnteo.supabase.co/rest/v1/financials?on_conflict=ticker%2Cperiod%2Cquarter\n  (êÊì™çs: {'ticker': '75750', 'period': '2025-03-31', 'quarter': '3Q', 'sales': 42811000000, 'gross_profit': 25910000000, 'operating_profit': 9906000000, 'source': 'jquants', 'updated_at': '2026-03-09T08:32:19.007329+09:00'})"
Arguments: ()
--- Logging error ---
Traceback (most recent call last):
  File "C:\Users\takuy\OneDrive\tdnet-excel-input\tools\sync_financials.py", line 96, in _request
    r.raise_for_status()
  File "C:\Users\takuy\OneDrive\tdnet-excel-input\.venv\Lib\site-packages\requests\models.py", line 1026, in raise_for_status
    raise HTTPError(http_error_msg, response=self)
requests.exceptions.HTTPError: 401 Client Error: Unauthorized for url: https://fvkvfekzoebcolssnteo.supabase.co/rest/v1/financials?on_conflict=ticker%2Cperiod%2Cquarter

During handling of the above exception, another exception occurred:

Traceback (most recent call last):
  File "C:\Users\takuy\AppData\Roaming\uv\python\cpython-3.11-windows-x86_64-none\Lib\logging\__init__.py", line 1113, in emit
    stream.write(msg + self.terminator)
UnicodeEncodeError: 'cp932' codec can't encode character '\u2014' in position 61: illegal multibyte sequence
Call stack:
  File "C:\Users\takuy\OneDrive\tdnet-excel-input\tools\sync_financials.py", line 538, in <module>
    main()
  File "C:\Users\takuy\OneDrive\tdnet-excel-input\tools\sync_financials.py", line 512, in main
    stats = sync(
  File "C:\Users\takuy\OneDrive\tdnet-excel-input\tools\sync_financials.py", line 348, in sync
    n = api.upsert_batch(table, chunk, on_conflict="ticker,period,quarter")
  File "C:\Users\takuy\OneDrive\tdnet-excel-input\tools\sync_financials.py", line 139, in upsert_batch
    self._request(
  File "C:\Users\takuy\OneDrive\tdnet-excel-input\tools\sync_financials.py", line 123, in _request
    logger.error(
Message: '[API] HTTP 0 \u2014 ÉäÉgÉâÉCïsâ¬\n  ÉåÉXÉ|ÉìÉX: {"code":"42501","details":null,"hint":null,"message":"new row violates row-level security policy for table \\"financials\\""}'
Arguments: ()
--- Logging error ---
Traceback (most recent call last):
  File "C:\Users\takuy\OneDrive\tdnet-excel-input\tools\sync_financials.py", line 348, in sync
    n = api.upsert_batch(table, chunk, on_conflict="ticker,period,quarter")
        ^^^^^^^^^^^^^^^^^^^^^^^^^^^^^^^^^^^^^^^^^^^^^^^^^^^^^^^^^^^^^^^^^^^
  File "C:\Users\takuy\OneDrive\tdnet-excel-input\tools\sync_financials.py", line 139, in upsert_batch
    self._request(
  File "C:\Users\takuy\OneDrive\tdnet-excel-input\tools\sync_financials.py", line 96, in _request
    r.raise_for_status()
  File "C:\Users\takuy\OneDrive\tdnet-excel-input\.venv\Lib\site-packages\requests\models.py", line 1026, in raise_for_status
    raise HTTPError(http_error_msg, response=self)
requests.exceptions.HTTPError: 401 Client Error: Unauthorized for url: https://fvkvfekzoebcolssnteo.supabase.co/rest/v1/financials?on_conflict=ticker%2Cperiod%2Cquarter

During handling of the above exception, another exception occurred:

Traceback (most recent call last):
  File "C:\Users\takuy\AppData\Roaming\uv\python\cpython-3.11-windows-x86_64-none\Lib\logging\__init__.py", line 1113, in emit
    stream.write(msg + self.terminator)
UnicodeEncodeError: 'cp932' codec can't encode character '\u2014' in position 72: illegal multibyte sequence
Call stack:
  File "C:\Users\takuy\OneDrive\tdnet-excel-input\tools\sync_financials.py", line 538, in <module>
    main()
  File "C:\Users\takuy\OneDrive\tdnet-excel-input\tools\sync_financials.py", line 512, in main
    stats = sync(
  File "C:\Users\takuy\OneDrive\tdnet-excel-input\tools\sync_financials.py", line 360, in sync
    logger.error(
Message: "  batch 109/145: FAILED \u2014 401 Client Error: Unauthorized for url: https://fvkvfekzoebcolssnteo.supabase.co/rest/v1/financials?on_conflict=ticker%2Cperiod%2Cquarter\n  (êÊì™çs: {'ticker': '76210', 'period': '2024-03-31', 'quarter': '1Q', 'sales': 3308000000, 'gross_profit': 1871290000, 'operating_profit': 301000000, 'source': 'jquants', 'updated_at': '2026-03-09T08:32:19.007329+09:00'})"
Arguments: ()
--- Logging error ---
Traceback (most recent call last):
  File "C:\Users\takuy\OneDrive\tdnet-excel-input\tools\sync_financials.py", line 96, in _request
    r.raise_for_status()
  File "C:\Users\takuy\OneDrive\tdnet-excel-input\.venv\Lib\site-packages\requests\models.py", line 1026, in raise_for_status
    raise HTTPError(http_error_msg, response=self)
requests.exceptions.HTTPError: 401 Client Error: Unauthorized for url: https://fvkvfekzoebcolssnteo.supabase.co/rest/v1/financials?on_conflict=ticker%2Cperiod%2Cquarter

During handling of the above exception, another exception occurred:

Traceback (most recent call last):
  File "C:\Users\takuy\AppData\Roaming\uv\python\cpython-3.11-windows-x86_64-none\Lib\logging\__init__.py", line 1113, in emit
    stream.write(msg + self.terminator)
UnicodeEncodeError: 'cp932' codec can't encode character '\u2014' in position 61: illegal multibyte sequence
Call stack:
  File "C:\Users\takuy\OneDrive\tdnet-excel-input\tools\sync_financials.py", line 538, in <module>
    main()
  File "C:\Users\takuy\OneDrive\tdnet-excel-input\tools\sync_financials.py", line 512, in main
    stats = sync(
  File "C:\Users\takuy\OneDrive\tdnet-excel-input\tools\sync_financials.py", line 348, in sync
    n = api.upsert_batch(table, chunk, on_conflict="ticker,period,quarter")
  File "C:\Users\takuy\OneDrive\tdnet-excel-input\tools\sync_financials.py", line 139, in upsert_batch
    self._request(
  File "C:\Users\takuy\OneDrive\tdnet-excel-input\tools\sync_financials.py", line 123, in _request
    logger.error(
Message: '[API] HTTP 0 \u2014 ÉäÉgÉâÉCïsâ¬\n  ÉåÉXÉ|ÉìÉX: {"code":"42501","details":null,"hint":null,"message":"new row violates row-level security policy for table \\"financials\\""}'
Arguments: ()
--- Logging error ---
Traceback (most recent call last):
  File "C:\Users\takuy\OneDrive\tdnet-excel-input\tools\sync_financials.py", line 348, in sync
    n = api.upsert_batch(table, chunk, on_conflict="ticker,period,quarter")
        ^^^^^^^^^^^^^^^^^^^^^^^^^^^^^^^^^^^^^^^^^^^^^^^^^^^^^^^^^^^^^^^^^^^
  File "C:\Users\takuy\OneDrive\tdnet-excel-input\tools\sync_financials.py", line 139, in upsert_batch
    self._request(
  File "C:\Users\takuy\OneDrive\tdnet-excel-input\tools\sync_financials.py", line 96, in _request
    r.raise_for_status()
  File "C:\Users\takuy\OneDrive\tdnet-excel-input\.venv\Lib\site-packages\requests\models.py", line 1026, in raise_for_status
    raise HTTPError(http_error_msg, response=self)
requests.exceptions.HTTPError: 401 Client Error: Unauthorized for url: https://fvkvfekzoebcolssnteo.supabase.co/rest/v1/financials?on_conflict=ticker%2Cperiod%2Cquarter

During handling of the above exception, another exception occurred:

Traceback (most recent call last):
  File "C:\Users\takuy\AppData\Roaming\uv\python\cpython-3.11-windows-x86_64-none\Lib\logging\__init__.py", line 1113, in emit
    stream.write(msg + self.terminator)
UnicodeEncodeError: 'cp932' codec can't encode character '\u2014' in position 72: illegal multibyte sequence
Call stack:
  File "C:\Users\takuy\OneDrive\tdnet-excel-input\tools\sync_financials.py", line 538, in <module>
    main()
  File "C:\Users\takuy\OneDrive\tdnet-excel-input\tools\sync_financials.py", line 512, in main
    stats = sync(
  File "C:\Users\takuy\OneDrive\tdnet-excel-input\tools\sync_financials.py", line 360, in sync
    logger.error(
Message: "  batch 110/145: FAILED \u2014 401 Client Error: Unauthorized for url: https://fvkvfekzoebcolssnteo.supabase.co/rest/v1/financials?on_conflict=ticker%2Cperiod%2Cquarter\n  (êÊì™çs: {'ticker': '76870', 'period': '2023-03-31', 'quarter': '2Q', 'sales': 2128000000, 'gross_profit': 716000000, 'operating_profit': 71000000, 'source': 'jquants', 'updated_at': '2026-03-09T08:32:19.007329+09:00'})"
Arguments: ()
--- Logging error ---
Traceback (most recent call last):
  File "C:\Users\takuy\OneDrive\tdnet-excel-input\tools\sync_financials.py", line 96, in _request
    r.raise_for_status()
  File "C:\Users\takuy\OneDrive\tdnet-excel-input\.venv\Lib\site-packages\requests\models.py", line 1026, in raise_for_status
    raise HTTPError(http_error_msg, response=self)
requests.exceptions.HTTPError: 401 Client Error: Unauthorized for url: https://fvkvfekzoebcolssnteo.supabase.co/rest/v1/financials?on_conflict=ticker%2Cperiod%2Cquarter

During handling of the above exception, another exception occurred:

Traceback (most recent call last):
  File "C:\Users\takuy\AppData\Roaming\uv\python\cpython-3.11-windows-x86_64-none\Lib\logging\__init__.py", line 1113, in emit
    stream.write(msg + self.terminator)
UnicodeEncodeError: 'cp932' codec can't encode character '\u2014' in position 61: illegal multibyte sequence
Call stack:
  File "C:\Users\takuy\OneDrive\tdnet-excel-input\tools\sync_financials.py", line 538, in <module>
    main()
  File "C:\Users\takuy\OneDrive\tdnet-excel-input\tools\sync_financials.py", line 512, in main
    stats = sync(
  File "C:\Users\takuy\OneDrive\tdnet-excel-input\tools\sync_financials.py", line 348, in sync
    n = api.upsert_batch(table, chunk, on_conflict="ticker,period,quarter")
  File "C:\Users\takuy\OneDrive\tdnet-excel-input\tools\sync_financials.py", line 139, in upsert_batch
    self._request(
  File "C:\Users\takuy\OneDrive\tdnet-excel-input\tools\sync_financials.py", line 123, in _request
    logger.error(
Message: '[API] HTTP 0 \u2014 ÉäÉgÉâÉCïsâ¬\n  ÉåÉXÉ|ÉìÉX: {"code":"42501","details":null,"hint":null,"message":"new row violates row-level security policy for table \\"financials\\""}'
Arguments: ()
--- Logging error ---
Traceback (most recent call last):
  File "C:\Users\takuy\OneDrive\tdnet-excel-input\tools\sync_financials.py", line 348, in sync
    n = api.upsert_batch(table, chunk, on_conflict="ticker,period,quarter")
        ^^^^^^^^^^^^^^^^^^^^^^^^^^^^^^^^^^^^^^^^^^^^^^^^^^^^^^^^^^^^^^^^^^^
  File "C:\Users\takuy\OneDrive\tdnet-excel-input\tools\sync_financials.py", line 139, in upsert_batch
    self._request(
  File "C:\Users\takuy\OneDrive\tdnet-excel-input\tools\sync_financials.py", line 96, in _request
    r.raise_for_status()
  File "C:\Users\takuy\OneDrive\tdnet-excel-input\.venv\Lib\site-packages\requests\models.py", line 1026, in raise_for_status
    raise HTTPError(http_error_msg, response=self)
requests.exceptions.HTTPError: 401 Client Error: Unauthorized for url: https://fvkvfekzoebcolssnteo.supabase.co/rest/v1/financials?on_conflict=ticker%2Cperiod%2Cquarter

During handling of the above exception, another exception occurred:

Traceback (most recent call last):
  File "C:\Users\takuy\AppData\Roaming\uv\python\cpython-3.11-windows-x86_64-none\Lib\logging\__init__.py", line 1113, in emit
    stream.write(msg + self.terminator)
UnicodeEncodeError: 'cp932' codec can't encode character '\u2014' in position 72: illegal multibyte sequence
Call stack:
  File "C:\Users\takuy\OneDrive\tdnet-excel-input\tools\sync_financials.py", line 538, in <module>
    main()
  File "C:\Users\takuy\OneDrive\tdnet-excel-input\tools\sync_financials.py", line 512, in main
    stats = sync(
  File "C:\Users\takuy\OneDrive\tdnet-excel-input\tools\sync_financials.py", line 360, in sync
    logger.error(
Message: "  batch 111/145: FAILED \u2014 401 Client Error: Unauthorized for url: https://fvkvfekzoebcolssnteo.supabase.co/rest/v1/financials?on_conflict=ticker%2Cperiod%2Cquarter\n  (êÊì™çs: {'ticker': '77300', 'period': '2023-08-31', 'quarter': '3Q', 'sales': 18521000000, 'gross_profit': 11327000000, 'operating_profit': 5427000000, 'source': 'jquants', 'updated_at': '2026-03-09T08:32:19.007329+09:00'})"
Arguments: ()
--- Logging error ---
Traceback (most recent call last):
  File "C:\Users\takuy\OneDrive\tdnet-excel-input\tools\sync_financials.py", line 96, in _request
    r.raise_for_status()
  File "C:\Users\takuy\OneDrive\tdnet-excel-input\.venv\Lib\site-packages\requests\models.py", line 1026, in raise_for_status
    raise HTTPError(http_error_msg, response=self)
requests.exceptions.HTTPError: 401 Client Error: Unauthorized for url: https://fvkvfekzoebcolssnteo.supabase.co/rest/v1/financials?on_conflict=ticker%2Cperiod%2Cquarter

During handling of the above exception, another exception occurred:

Traceback (most recent call last):
  File "C:\Users\takuy\AppData\Roaming\uv\python\cpython-3.11-windows-x86_64-none\Lib\logging\__init__.py", line 1113, in emit
    stream.write(msg + self.terminator)
UnicodeEncodeError: 'cp932' codec can't encode character '\u2014' in position 61: illegal multibyte sequence
Call stack:
  File "C:\Users\takuy\OneDrive\tdnet-excel-input\tools\sync_financials.py", line 538, in <module>
    main()
  File "C:\Users\takuy\OneDrive\tdnet-excel-input\tools\sync_financials.py", line 512, in main
    stats = sync(
  File "C:\Users\takuy\OneDrive\tdnet-excel-input\tools\sync_financials.py", line 348, in sync
    n = api.upsert_batch(table, chunk, on_conflict="ticker,period,quarter")
  File "C:\Users\takuy\OneDrive\tdnet-excel-input\tools\sync_financials.py", line 139, in upsert_batch
    self._request(
  File "C:\Users\takuy\OneDrive\tdnet-excel-input\tools\sync_financials.py", line 123, in _request
    logger.error(
Message: '[API] HTTP 0 \u2014 ÉäÉgÉâÉCïsâ¬\n  ÉåÉXÉ|ÉìÉX: {"code":"42501","details":null,"hint":null,"message":"new row violates row-level security policy for table \\"financials\\""}'
Arguments: ()
--- Logging error ---
Traceback (most recent call last):
  File "C:\Users\takuy\OneDrive\tdnet-excel-input\tools\sync_financials.py", line 348, in sync
    n = api.upsert_batch(table, chunk, on_conflict="ticker,period,quarter")
        ^^^^^^^^^^^^^^^^^^^^^^^^^^^^^^^^^^^^^^^^^^^^^^^^^^^^^^^^^^^^^^^^^^^
  File "C:\Users\takuy\OneDrive\tdnet-excel-input\tools\sync_financials.py", line 139, in upsert_batch
    self._request(
  File "C:\Users\takuy\OneDrive\tdnet-excel-input\tools\sync_financials.py", line 96, in _request
    r.raise_for_status()
  File "C:\Users\takuy\OneDrive\tdnet-excel-input\.venv\Lib\site-packages\requests\models.py", line 1026, in raise_for_status
    raise HTTPError(http_error_msg, response=self)
requests.exceptions.HTTPError: 401 Client Error: Unauthorized for url: https://fvkvfekzoebcolssnteo.supabase.co/rest/v1/financials?on_conflict=ticker%2Cperiod%2Cquarter

During handling of the above exception, another exception occurred:

Traceback (most recent call last):
  File "C:\Users\takuy\AppData\Roaming\uv\python\cpython-3.11-windows-x86_64-none\Lib\logging\__init__.py", line 1113, in emit
    stream.write(msg + self.terminator)
UnicodeEncodeError: 'cp932' codec can't encode character '\u2014' in position 72: illegal multibyte sequence
Call stack:
  File "C:\Users\takuy\OneDrive\tdnet-excel-input\tools\sync_financials.py", line 538, in <module>
    main()
  File "C:\Users\takuy\OneDrive\tdnet-excel-input\tools\sync_financials.py", line 512, in main
    stats = sync(
  File "C:\Users\takuy\OneDrive\tdnet-excel-input\tools\sync_financials.py", line 360, in sync
    logger.error(
Message: "  batch 112/145: FAILED \u2014 401 Client Error: Unauthorized for url: https://fvkvfekzoebcolssnteo.supabase.co/rest/v1/financials?on_conflict=ticker%2Cperiod%2Cquarter\n  (êÊì™çs: {'ticker': '77800', 'period': '2023-03-31', 'quarter': '3Q', 'sales': 82463000000, 'gross_profit': 44372000000, 'operating_profit': 10585000000, 'source': 'jquants', 'updated_at': '2026-03-09T08:32:19.007329+09:00'})"
Arguments: ()
--- Logging error ---
Traceback (most recent call last):
  File "C:\Users\takuy\OneDrive\tdnet-excel-input\tools\sync_financials.py", line 96, in _request
    r.raise_for_status()
  File "C:\Users\takuy\OneDrive\tdnet-excel-input\.venv\Lib\site-packages\requests\models.py", line 1026, in raise_for_status
    raise HTTPError(http_error_msg, response=self)
requests.exceptions.HTTPError: 401 Client Error: Unauthorized for url: https://fvkvfekzoebcolssnteo.supabase.co/rest/v1/financials?on_conflict=ticker%2Cperiod%2Cquarter

During handling of the above exception, another exception occurred:

Traceback (most recent call last):
  File "C:\Users\takuy\AppData\Roaming\uv\python\cpython-3.11-windows-x86_64-none\Lib\logging\__init__.py", line 1113, in emit
    stream.write(msg + self.terminator)
UnicodeEncodeError: 'cp932' codec can't encode character '\u2014' in position 61: illegal multibyte sequence
Call stack:
  File "C:\Users\takuy\OneDrive\tdnet-excel-input\tools\sync_financials.py", line 538, in <module>
    main()
  File "C:\Users\takuy\OneDrive\tdnet-excel-input\tools\sync_financials.py", line 512, in main
    stats = sync(
  File "C:\Users\takuy\OneDrive\tdnet-excel-input\tools\sync_financials.py", line 348, in sync
    n = api.upsert_batch(table, chunk, on_conflict="ticker,period,quarter")
  File "C:\Users\takuy\OneDrive\tdnet-excel-input\tools\sync_financials.py", line 139, in upsert_batch
    self._request(
  File "C:\Users\takuy\OneDrive\tdnet-excel-input\tools\sync_financials.py", line 123, in _request
    logger.error(
Message: '[API] HTTP 0 \u2014 ÉäÉgÉâÉCïsâ¬\n  ÉåÉXÉ|ÉìÉX: {"code":"42501","details":null,"hint":null,"message":"new row violates row-level security policy for table \\"financials\\""}'
Arguments: ()
--- Logging error ---
Traceback (most recent call last):
  File "C:\Users\takuy\OneDrive\tdnet-excel-input\tools\sync_financials.py", line 348, in sync
    n = api.upsert_batch(table, chunk, on_conflict="ticker,period,quarter")
        ^^^^^^^^^^^^^^^^^^^^^^^^^^^^^^^^^^^^^^^^^^^^^^^^^^^^^^^^^^^^^^^^^^^
  File "C:\Users\takuy\OneDrive\tdnet-excel-input\tools\sync_financials.py", line 139, in upsert_batch
    self._request(
  File "C:\Users\takuy\OneDrive\tdnet-excel-input\tools\sync_financials.py", line 96, in _request
    r.raise_for_status()
  File "C:\Users\takuy\OneDrive\tdnet-excel-input\.venv\Lib\site-packages\requests\models.py", line 1026, in raise_for_status
    raise HTTPError(http_error_msg, response=self)
requests.exceptions.HTTPError: 401 Client Error: Unauthorized for url: https://fvkvfekzoebcolssnteo.supabase.co/rest/v1/financials?on_conflict=ticker%2Cperiod%2Cquarter

During handling of the above exception, another exception occurred:

Traceback (most recent call last):
  File "C:\Users\takuy\AppData\Roaming\uv\python\cpython-3.11-windows-x86_64-none\Lib\logging\__init__.py", line 1113, in emit
    stream.write(msg + self.terminator)
UnicodeEncodeError: 'cp932' codec can't encode character '\u2014' in position 72: illegal multibyte sequence
Call stack:
  File "C:\Users\takuy\OneDrive\tdnet-excel-input\tools\sync_financials.py", line 538, in <module>
    main()
  File "C:\Users\takuy\OneDrive\tdnet-excel-input\tools\sync_financials.py", line 512, in main
    stats = sync(
  File "C:\Users\takuy\OneDrive\tdnet-excel-input\tools\sync_financials.py", line 360, in sync
    logger.error(
Message: "  batch 113/145: FAILED \u2014 401 Client Error: Unauthorized for url: https://fvkvfekzoebcolssnteo.supabase.co/rest/v1/financials?on_conflict=ticker%2Cperiod%2Cquarter\n  (êÊì™çs: {'ticker': '78220', 'period': '2021-03-31', 'quarter': 'FY', 'sales': 55814000000, 'gross_profit': 14001000000, 'operating_profit': -383000000, 'source': 'jquants', 'updated_at': '2026-03-09T08:32:19.007329+09:00'})"
Arguments: ()
--- Logging error ---
Traceback (most recent call last):
  File "C:\Users\takuy\OneDrive\tdnet-excel-input\tools\sync_financials.py", line 96, in _request
    r.raise_for_status()
  File "C:\Users\takuy\OneDrive\tdnet-excel-input\.venv\Lib\site-packages\requests\models.py", line 1026, in raise_for_status
    raise HTTPError(http_error_msg, response=self)
requests.exceptions.HTTPError: 401 Client Error: Unauthorized for url: https://fvkvfekzoebcolssnteo.supabase.co/rest/v1/financials?on_conflict=ticker%2Cperiod%2Cquarter

During handling of the above exception, another exception occurred:

Traceback (most recent call last):
  File "C:\Users\takuy\AppData\Roaming\uv\python\cpython-3.11-windows-x86_64-none\Lib\logging\__init__.py", line 1113, in emit
    stream.write(msg + self.terminator)
UnicodeEncodeError: 'cp932' codec can't encode character '\u2014' in position 61: illegal multibyte sequence
Call stack:
  File "C:\Users\takuy\OneDrive\tdnet-excel-input\tools\sync_financials.py", line 538, in <module>
    main()
  File "C:\Users\takuy\OneDrive\tdnet-excel-input\tools\sync_financials.py", line 512, in main
    stats = sync(
  File "C:\Users\takuy\OneDrive\tdnet-excel-input\tools\sync_financials.py", line 348, in sync
    n = api.upsert_batch(table, chunk, on_conflict="ticker,period,quarter")
  File "C:\Users\takuy\OneDrive\tdnet-excel-input\tools\sync_financials.py", line 139, in upsert_batch
    self._request(
  File "C:\Users\takuy\OneDrive\tdnet-excel-input\tools\sync_financials.py", line 123, in _request
    logger.error(
Message: '[API] HTTP 0 \u2014 ÉäÉgÉâÉCïsâ¬\n  ÉåÉXÉ|ÉìÉX: {"code":"42501","details":null,"hint":null,"message":"new row violates row-level security policy for table \\"financials\\""}'
Arguments: ()
--- Logging error ---
Traceback (most recent call last):
  File "C:\Users\takuy\OneDrive\tdnet-excel-input\tools\sync_financials.py", line 348, in sync
    n = api.upsert_batch(table, chunk, on_conflict="ticker,period,quarter")
        ^^^^^^^^^^^^^^^^^^^^^^^^^^^^^^^^^^^^^^^^^^^^^^^^^^^^^^^^^^^^^^^^^^^
  File "C:\Users\takuy\OneDrive\tdnet-excel-input\tools\sync_financials.py", line 139, in upsert_batch
    self._request(
  File "C:\Users\takuy\OneDrive\tdnet-excel-input\tools\sync_financials.py", line 96, in _request
    r.raise_for_status()
  File "C:\Users\takuy\OneDrive\tdnet-excel-input\.venv\Lib\site-packages\requests\models.py", line 1026, in raise_for_status
    raise HTTPError(http_error_msg, response=self)
requests.exceptions.HTTPError: 401 Client Error: Unauthorized for url: https://fvkvfekzoebcolssnteo.supabase.co/rest/v1/financials?on_conflict=ticker%2Cperiod%2Cquarter

During handling of the above exception, another exception occurred:

Traceback (most recent call last):
  File "C:\Users\takuy\AppData\Roaming\uv\python\cpython-3.11-windows-x86_64-none\Lib\logging\__init__.py", line 1113, in emit
    stream.write(msg + self.terminator)
UnicodeEncodeError: 'cp932' codec can't encode character '\u2014' in position 72: illegal multibyte sequence
Call stack:
  File "C:\Users\takuy\OneDrive\tdnet-excel-input\tools\sync_financials.py", line 538, in <module>
    main()
  File "C:\Users\takuy\OneDrive\tdnet-excel-input\tools\sync_financials.py", line 512, in main
    stats = sync(
  File "C:\Users\takuy\OneDrive\tdnet-excel-input\tools\sync_financials.py", line 360, in sync
    logger.error(
Message: "  batch 114/145: FAILED \u2014 401 Client Error: Unauthorized for url: https://fvkvfekzoebcolssnteo.supabase.co/rest/v1/financials?on_conflict=ticker%2Cperiod%2Cquarter\n  (êÊì™çs: {'ticker': '78650', 'period': '2025-01-20', 'quarter': '2Q', 'sales': 718000000, 'gross_profit': 330951000, 'operating_profit': -147000000, 'source': 'jquants', 'updated_at': '2026-03-09T08:32:19.007329+09:00'})"
Arguments: ()
--- Logging error ---
Traceback (most recent call last):
  File "C:\Users\takuy\OneDrive\tdnet-excel-input\tools\sync_financials.py", line 96, in _request
    r.raise_for_status()
  File "C:\Users\takuy\OneDrive\tdnet-excel-input\.venv\Lib\site-packages\requests\models.py", line 1026, in raise_for_status
    raise HTTPError(http_error_msg, response=self)
requests.exceptions.HTTPError: 401 Client Error: Unauthorized for url: https://fvkvfekzoebcolssnteo.supabase.co/rest/v1/financials?on_conflict=ticker%2Cperiod%2Cquarter

During handling of the above exception, another exception occurred:

Traceback (most recent call last):
  File "C:\Users\takuy\AppData\Roaming\uv\python\cpython-3.11-windows-x86_64-none\Lib\logging\__init__.py", line 1113, in emit
    stream.write(msg + self.terminator)
UnicodeEncodeError: 'cp932' codec can't encode character '\u2014' in position 61: illegal multibyte sequence
Call stack:
  File "C:\Users\takuy\OneDrive\tdnet-excel-input\tools\sync_financials.py", line 538, in <module>
    main()
  File "C:\Users\takuy\OneDrive\tdnet-excel-input\tools\sync_financials.py", line 512, in main
    stats = sync(
  File "C:\Users\takuy\OneDrive\tdnet-excel-input\tools\sync_financials.py", line 348, in sync
    n = api.upsert_batch(table, chunk, on_conflict="ticker,period,quarter")
  File "C:\Users\takuy\OneDrive\tdnet-excel-input\tools\sync_financials.py", line 139, in upsert_batch
    self._request(
  File "C:\Users\takuy\OneDrive\tdnet-excel-input\tools\sync_financials.py", line 123, in _request
    logger.error(
Message: '[API] HTTP 0 \u2014 ÉäÉgÉâÉCïsâ¬\n  ÉåÉXÉ|ÉìÉX: {"code":"42501","details":null,"hint":null,"message":"new row violates row-level security policy for table \\"financials\\""}'
Arguments: ()
--- Logging error ---
Traceback (most recent call last):
  File "C:\Users\takuy\OneDrive\tdnet-excel-input\tools\sync_financials.py", line 348, in sync
    n = api.upsert_batch(table, chunk, on_conflict="ticker,period,quarter")
        ^^^^^^^^^^^^^^^^^^^^^^^^^^^^^^^^^^^^^^^^^^^^^^^^^^^^^^^^^^^^^^^^^^^
  File "C:\Users\takuy\OneDrive\tdnet-excel-input\tools\sync_financials.py", line 139, in upsert_batch
    self._request(
  File "C:\Users\takuy\OneDrive\tdnet-excel-input\tools\sync_financials.py", line 96, in _request
    r.raise_for_status()
  File "C:\Users\takuy\OneDrive\tdnet-excel-input\.venv\Lib\site-packages\requests\models.py", line 1026, in raise_for_status
    raise HTTPError(http_error_msg, response=self)
requests.exceptions.HTTPError: 401 Client Error: Unauthorized for url: https://fvkvfekzoebcolssnteo.supabase.co/rest/v1/financials?on_conflict=ticker%2Cperiod%2Cquarter

During handling of the above exception, another exception occurred:

Traceback (most recent call last):
  File "C:\Users\takuy\AppData\Roaming\uv\python\cpython-3.11-windows-x86_64-none\Lib\logging\__init__.py", line 1113, in emit
    stream.write(msg + self.terminator)
UnicodeEncodeError: 'cp932' codec can't encode character '\u2014' in position 72: illegal multibyte sequence
Call stack:
  File "C:\Users\takuy\OneDrive\tdnet-excel-input\tools\sync_financials.py", line 538, in <module>
    main()
  File "C:\Users\takuy\OneDrive\tdnet-excel-input\tools\sync_financials.py", line 512, in main
    stats = sync(
  File "C:\Users\takuy\OneDrive\tdnet-excel-input\tools\sync_financials.py", line 360, in sync
    logger.error(
Message: "  batch 115/145: FAILED \u2014 401 Client Error: Unauthorized for url: https://fvkvfekzoebcolssnteo.supabase.co/rest/v1/financials?on_conflict=ticker%2Cperiod%2Cquarter\n  (êÊì™çs: {'ticker': '79140', 'period': '2023-03-31', 'quarter': 'FY', 'sales': 93363000000, 'gross_profit': 17286000000, 'operating_profit': 775000000, 'source': 'jquants', 'updated_at': '2026-03-09T08:32:19.007329+09:00'})"
Arguments: ()
--- Logging error ---
Traceback (most recent call last):
  File "C:\Users\takuy\OneDrive\tdnet-excel-input\tools\sync_financials.py", line 96, in _request
    r.raise_for_status()
  File "C:\Users\takuy\OneDrive\tdnet-excel-input\.venv\Lib\site-packages\requests\models.py", line 1026, in raise_for_status
    raise HTTPError(http_error_msg, response=self)
requests.exceptions.HTTPError: 401 Client Error: Unauthorized for url: https://fvkvfekzoebcolssnteo.supabase.co/rest/v1/financials?on_conflict=ticker%2Cperiod%2Cquarter

During handling of the above exception, another exception occurred:

Traceback (most recent call last):
  File "C:\Users\takuy\AppData\Roaming\uv\python\cpython-3.11-windows-x86_64-none\Lib\logging\__init__.py", line 1113, in emit
    stream.write(msg + self.terminator)
UnicodeEncodeError: 'cp932' codec can't encode character '\u2014' in position 61: illegal multibyte sequence
Call stack:
  File "C:\Users\takuy\OneDrive\tdnet-excel-input\tools\sync_financials.py", line 538, in <module>
    main()
  File "C:\Users\takuy\OneDrive\tdnet-excel-input\tools\sync_financials.py", line 512, in main
    stats = sync(
  File "C:\Users\takuy\OneDrive\tdnet-excel-input\tools\sync_financials.py", line 348, in sync
    n = api.upsert_batch(table, chunk, on_conflict="ticker,period,quarter")
  File "C:\Users\takuy\OneDrive\tdnet-excel-input\tools\sync_financials.py", line 139, in upsert_batch
    self._request(
  File "C:\Users\takuy\OneDrive\tdnet-excel-input\tools\sync_financials.py", line 123, in _request
    logger.error(
Message: '[API] HTTP 0 \u2014 ÉäÉgÉâÉCïsâ¬\n  ÉåÉXÉ|ÉìÉX: {"code":"42501","details":null,"hint":null,"message":"new row violates row-level security policy for table \\"financials\\""}'
Arguments: ()
--- Logging error ---
Traceback (most recent call last):
  File "C:\Users\takuy\OneDrive\tdnet-excel-input\tools\sync_financials.py", line 348, in sync
    n = api.upsert_batch(table, chunk, on_conflict="ticker,period,quarter")
        ^^^^^^^^^^^^^^^^^^^^^^^^^^^^^^^^^^^^^^^^^^^^^^^^^^^^^^^^^^^^^^^^^^^
  File "C:\Users\takuy\OneDrive\tdnet-excel-input\tools\sync_financials.py", line 139, in upsert_batch
    self._request(
  File "C:\Users\takuy\OneDrive\tdnet-excel-input\tools\sync_financials.py", line 96, in _request
    r.raise_for_status()
  File "C:\Users\takuy\OneDrive\tdnet-excel-input\.venv\Lib\site-packages\requests\models.py", line 1026, in raise_for_status
    raise HTTPError(http_error_msg, response=self)
requests.exceptions.HTTPError: 401 Client Error: Unauthorized for url: https://fvkvfekzoebcolssnteo.supabase.co/rest/v1/financials?on_conflict=ticker%2Cperiod%2Cquarter

During handling of the above exception, another exception occurred:

Traceback (most recent call last):
  File "C:\Users\takuy\AppData\Roaming\uv\python\cpython-3.11-windows-x86_64-none\Lib\logging\__init__.py", line 1113, in emit
    stream.write(msg + self.terminator)
UnicodeEncodeError: 'cp932' codec can't encode character '\u2014' in position 72: illegal multibyte sequence
Call stack:
  File "C:\Users\takuy\OneDrive\tdnet-excel-input\tools\sync_financials.py", line 538, in <module>
    main()
  File "C:\Users\takuy\OneDrive\tdnet-excel-input\tools\sync_financials.py", line 512, in main
    stats = sync(
  File "C:\Users\takuy\OneDrive\tdnet-excel-input\tools\sync_financials.py", line 360, in sync
    logger.error(
Message: "  batch 116/145: FAILED \u2014 401 Client Error: Unauthorized for url: https://fvkvfekzoebcolssnteo.supabase.co/rest/v1/financials?on_conflict=ticker%2Cperiod%2Cquarter\n  (êÊì™çs: {'ticker': '79510', 'period': '2023-03-31', 'quarter': '2Q', 'sales': 218009000000, 'gross_profit': 84185000000, 'operating_profit': 24743000000, 'source': 'jquants', 'updated_at': '2026-03-09T08:32:19.007329+09:00'})"
Arguments: ()
--- Logging error ---
Traceback (most recent call last):
  File "C:\Users\takuy\OneDrive\tdnet-excel-input\tools\sync_financials.py", line 96, in _request
    r.raise_for_status()
  File "C:\Users\takuy\OneDrive\tdnet-excel-input\.venv\Lib\site-packages\requests\models.py", line 1026, in raise_for_status
    raise HTTPError(http_error_msg, response=self)
requests.exceptions.HTTPError: 401 Client Error: Unauthorized for url: https://fvkvfekzoebcolssnteo.supabase.co/rest/v1/financials?on_conflict=ticker%2Cperiod%2Cquarter

During handling of the above exception, another exception occurred:

Traceback (most recent call last):
  File "C:\Users\takuy\AppData\Roaming\uv\python\cpython-3.11-windows-x86_64-none\Lib\logging\__init__.py", line 1113, in emit
    stream.write(msg + self.terminator)
UnicodeEncodeError: 'cp932' codec can't encode character '\u2014' in position 61: illegal multibyte sequence
Call stack:
  File "C:\Users\takuy\OneDrive\tdnet-excel-input\tools\sync_financials.py", line 538, in <module>
    main()
  File "C:\Users\takuy\OneDrive\tdnet-excel-input\tools\sync_financials.py", line 512, in main
    stats = sync(
  File "C:\Users\takuy\OneDrive\tdnet-excel-input\tools\sync_financials.py", line 348, in sync
    n = api.upsert_batch(table, chunk, on_conflict="ticker,period,quarter")
  File "C:\Users\takuy\OneDrive\tdnet-excel-input\tools\sync_financials.py", line 139, in upsert_batch
    self._request(
  File "C:\Users\takuy\OneDrive\tdnet-excel-input\tools\sync_financials.py", line 123, in _request
    logger.error(
Message: '[API] HTTP 0 \u2014 ÉäÉgÉâÉCïsâ¬\n  ÉåÉXÉ|ÉìÉX: {"code":"42501","details":null,"hint":null,"message":"new row violates row-level security policy for table \\"financials\\""}'
Arguments: ()
--- Logging error ---
Traceback (most recent call last):
  File "C:\Users\takuy\OneDrive\tdnet-excel-input\tools\sync_financials.py", line 348, in sync
    n = api.upsert_batch(table, chunk, on_conflict="ticker,period,quarter")
        ^^^^^^^^^^^^^^^^^^^^^^^^^^^^^^^^^^^^^^^^^^^^^^^^^^^^^^^^^^^^^^^^^^^
  File "C:\Users\takuy\OneDrive\tdnet-excel-input\tools\sync_financials.py", line 139, in upsert_batch
    self._request(
  File "C:\Users\takuy\OneDrive\tdnet-excel-input\tools\sync_financials.py", line 96, in _request
    r.raise_for_status()
  File "C:\Users\takuy\OneDrive\tdnet-excel-input\.venv\Lib\site-packages\requests\models.py", line 1026, in raise_for_status
    raise HTTPError(http_error_msg, response=self)
requests.exceptions.HTTPError: 401 Client Error: Unauthorized for url: https://fvkvfekzoebcolssnteo.supabase.co/rest/v1/financials?on_conflict=ticker%2Cperiod%2Cquarter

During handling of the above exception, another exception occurred:

Traceback (most recent call last):
  File "C:\Users\takuy\AppData\Roaming\uv\python\cpython-3.11-windows-x86_64-none\Lib\logging\__init__.py", line 1113, in emit
    stream.write(msg + self.terminator)
UnicodeEncodeError: 'cp932' codec can't encode character '\u2014' in position 72: illegal multibyte sequence
Call stack:
  File "C:\Users\takuy\OneDrive\tdnet-excel-input\tools\sync_financials.py", line 538, in <module>
    main()
  File "C:\Users\takuy\OneDrive\tdnet-excel-input\tools\sync_financials.py", line 512, in main
    stats = sync(
  File "C:\Users\takuy\OneDrive\tdnet-excel-input\tools\sync_financials.py", line 360, in sync
    logger.error(
Message: "  batch 117/145: FAILED \u2014 401 Client Error: Unauthorized for url: https://fvkvfekzoebcolssnteo.supabase.co/rest/v1/financials?on_conflict=ticker%2Cperiod%2Cquarter\n  (êÊì™çs: {'ticker': '79890', 'period': '2021-12-31', 'quarter': 'FY', 'sales': 41236000000, 'gross_profit': 17891867000, 'operating_profit': 4557000000, 'source': 'jquants', 'updated_at': '2026-03-09T08:32:19.007329+09:00'})"
Arguments: ()
--- Logging error ---
Traceback (most recent call last):
  File "C:\Users\takuy\OneDrive\tdnet-excel-input\tools\sync_financials.py", line 96, in _request
    r.raise_for_status()
  File "C:\Users\takuy\OneDrive\tdnet-excel-input\.venv\Lib\site-packages\requests\models.py", line 1026, in raise_for_status
    raise HTTPError(http_error_msg, response=self)
requests.exceptions.HTTPError: 401 Client Error: Unauthorized for url: https://fvkvfekzoebcolssnteo.supabase.co/rest/v1/financials?on_conflict=ticker%2Cperiod%2Cquarter

During handling of the above exception, another exception occurred:

Traceback (most recent call last):
  File "C:\Users\takuy\AppData\Roaming\uv\python\cpython-3.11-windows-x86_64-none\Lib\logging\__init__.py", line 1113, in emit
    stream.write(msg + self.terminator)
UnicodeEncodeError: 'cp932' codec can't encode character '\u2014' in position 61: illegal multibyte sequence
Call stack:
  File "C:\Users\takuy\OneDrive\tdnet-excel-input\tools\sync_financials.py", line 538, in <module>
    main()
  File "C:\Users\takuy\OneDrive\tdnet-excel-input\tools\sync_financials.py", line 512, in main
    stats = sync(
  File "C:\Users\takuy\OneDrive\tdnet-excel-input\tools\sync_financials.py", line 348, in sync
    n = api.upsert_batch(table, chunk, on_conflict="ticker,period,quarter")
  File "C:\Users\takuy\OneDrive\tdnet-excel-input\tools\sync_financials.py", line 139, in upsert_batch
    self._request(
  File "C:\Users\takuy\OneDrive\tdnet-excel-input\tools\sync_financials.py", line 123, in _request
    logger.error(
Message: '[API] HTTP 0 \u2014 ÉäÉgÉâÉCïsâ¬\n  ÉåÉXÉ|ÉìÉX: {"code":"42501","details":null,"hint":null,"message":"new row violates row-level security policy for table \\"financials\\""}'
Arguments: ()
--- Logging error ---
Traceback (most recent call last):
  File "C:\Users\takuy\OneDrive\tdnet-excel-input\tools\sync_financials.py", line 348, in sync
    n = api.upsert_batch(table, chunk, on_conflict="ticker,period,quarter")
        ^^^^^^^^^^^^^^^^^^^^^^^^^^^^^^^^^^^^^^^^^^^^^^^^^^^^^^^^^^^^^^^^^^^
  File "C:\Users\takuy\OneDrive\tdnet-excel-input\tools\sync_financials.py", line 139, in upsert_batch
    self._request(
  File "C:\Users\takuy\OneDrive\tdnet-excel-input\tools\sync_financials.py", line 96, in _request
    r.raise_for_status()
  File "C:\Users\takuy\OneDrive\tdnet-excel-input\.venv\Lib\site-packages\requests\models.py", line 1026, in raise_for_status
    raise HTTPError(http_error_msg, response=self)
requests.exceptions.HTTPError: 401 Client Error: Unauthorized for url: https://fvkvfekzoebcolssnteo.supabase.co/rest/v1/financials?on_conflict=ticker%2Cperiod%2Cquarter

During handling of the above exception, another exception occurred:

Traceback (most recent call last):
  File "C:\Users\takuy\AppData\Roaming\uv\python\cpython-3.11-windows-x86_64-none\Lib\logging\__init__.py", line 1113, in emit
    stream.write(msg + self.terminator)
UnicodeEncodeError: 'cp932' codec can't encode character '\u2014' in position 72: illegal multibyte sequence
Call stack:
  File "C:\Users\takuy\OneDrive\tdnet-excel-input\tools\sync_financials.py", line 538, in <module>
    main()
  File "C:\Users\takuy\OneDrive\tdnet-excel-input\tools\sync_financials.py", line 512, in main
    stats = sync(
  File "C:\Users\takuy\OneDrive\tdnet-excel-input\tools\sync_financials.py", line 360, in sync
    logger.error(
Message: "  batch 118/145: FAILED \u2014 401 Client Error: Unauthorized for url: https://fvkvfekzoebcolssnteo.supabase.co/rest/v1/financials?on_conflict=ticker%2Cperiod%2Cquarter\n  (êÊì™çs: {'ticker': '80250', 'period': '2026-03-31', 'quarter': '1Q', 'sales': 2204000000, 'gross_profit': 598463000, 'operating_profit': -214000000, 'source': 'jquants', 'updated_at': '2026-03-09T08:32:19.007329+09:00'})"
Arguments: ()
--- Logging error ---
Traceback (most recent call last):
  File "C:\Users\takuy\OneDrive\tdnet-excel-input\tools\sync_financials.py", line 96, in _request
    r.raise_for_status()
  File "C:\Users\takuy\OneDrive\tdnet-excel-input\.venv\Lib\site-packages\requests\models.py", line 1026, in raise_for_status
    raise HTTPError(http_error_msg, response=self)
requests.exceptions.HTTPError: 401 Client Error: Unauthorized for url: https://fvkvfekzoebcolssnteo.supabase.co/rest/v1/financials?on_conflict=ticker%2Cperiod%2Cquarter

During handling of the above exception, another exception occurred:

Traceback (most recent call last):
  File "C:\Users\takuy\AppData\Roaming\uv\python\cpython-3.11-windows-x86_64-none\Lib\logging\__init__.py", line 1113, in emit
    stream.write(msg + self.terminator)
UnicodeEncodeError: 'cp932' codec can't encode character '\u2014' in position 61: illegal multibyte sequence
Call stack:
  File "C:\Users\takuy\OneDrive\tdnet-excel-input\tools\sync_financials.py", line 538, in <module>
    main()
  File "C:\Users\takuy\OneDrive\tdnet-excel-input\tools\sync_financials.py", line 512, in main
    stats = sync(
  File "C:\Users\takuy\OneDrive\tdnet-excel-input\tools\sync_financials.py", line 348, in sync
    n = api.upsert_batch(table, chunk, on_conflict="ticker,period,quarter")
  File "C:\Users\takuy\OneDrive\tdnet-excel-input\tools\sync_financials.py", line 139, in upsert_batch
    self._request(
  File "C:\Users\takuy\OneDrive\tdnet-excel-input\tools\sync_financials.py", line 123, in _request
    logger.error(
Message: '[API] HTTP 0 \u2014 ÉäÉgÉâÉCïsâ¬\n  ÉåÉXÉ|ÉìÉX: {"code":"42501","details":null,"hint":null,"message":"new row violates row-level security policy for table \\"financials\\""}'
Arguments: ()
--- Logging error ---
Traceback (most recent call last):
  File "C:\Users\takuy\OneDrive\tdnet-excel-input\tools\sync_financials.py", line 348, in sync
    n = api.upsert_batch(table, chunk, on_conflict="ticker,period,quarter")
        ^^^^^^^^^^^^^^^^^^^^^^^^^^^^^^^^^^^^^^^^^^^^^^^^^^^^^^^^^^^^^^^^^^^
  File "C:\Users\takuy\OneDrive\tdnet-excel-input\tools\sync_financials.py", line 139, in upsert_batch
    self._request(
  File "C:\Users\takuy\OneDrive\tdnet-excel-input\tools\sync_financials.py", line 96, in _request
    r.raise_for_status()
  File "C:\Users\takuy\OneDrive\tdnet-excel-input\.venv\Lib\site-packages\requests\models.py", line 1026, in raise_for_status
    raise HTTPError(http_error_msg, response=self)
requests.exceptions.HTTPError: 401 Client Error: Unauthorized for url: https://fvkvfekzoebcolssnteo.supabase.co/rest/v1/financials?on_conflict=ticker%2Cperiod%2Cquarter

During handling of the above exception, another exception occurred:

Traceback (most recent call last):
  File "C:\Users\takuy\AppData\Roaming\uv\python\cpython-3.11-windows-x86_64-none\Lib\logging\__init__.py", line 1113, in emit
    stream.write(msg + self.terminator)
UnicodeEncodeError: 'cp932' codec can't encode character '\u2014' in position 72: illegal multibyte sequence
Call stack:
  File "C:\Users\takuy\OneDrive\tdnet-excel-input\tools\sync_financials.py", line 538, in <module>
    main()
  File "C:\Users\takuy\OneDrive\tdnet-excel-input\tools\sync_financials.py", line 512, in main
    stats = sync(
  File "C:\Users\takuy\OneDrive\tdnet-excel-input\tools\sync_financials.py", line 360, in sync
    logger.error(
Message: "  batch 119/145: FAILED \u2014 401 Client Error: Unauthorized for url: https://fvkvfekzoebcolssnteo.supabase.co/rest/v1/financials?on_conflict=ticker%2Cperiod%2Cquarter\n  (êÊì™çs: {'ticker': '80700', 'period': '2025-03-31', 'quarter': '1Q', 'sales': 22470000000, 'gross_profit': 1993000000, 'operating_profit': 299000000, 'source': 'jquants', 'updated_at': '2026-03-09T08:32:19.007329+09:00'})"
Arguments: ()
--- Logging error ---
Traceback (most recent call last):
  File "C:\Users\takuy\OneDrive\tdnet-excel-input\tools\sync_financials.py", line 96, in _request
    r.raise_for_status()
  File "C:\Users\takuy\OneDrive\tdnet-excel-input\.venv\Lib\site-packages\requests\models.py", line 1026, in raise_for_status
    raise HTTPError(http_error_msg, response=self)
requests.exceptions.HTTPError: 401 Client Error: Unauthorized for url: https://fvkvfekzoebcolssnteo.supabase.co/rest/v1/financials?on_conflict=ticker%2Cperiod%2Cquarter

During handling of the above exception, another exception occurred:

Traceback (most recent call last):
  File "C:\Users\takuy\AppData\Roaming\uv\python\cpython-3.11-windows-x86_64-none\Lib\logging\__init__.py", line 1113, in emit
    stream.write(msg + self.terminator)
UnicodeEncodeError: 'cp932' codec can't encode character '\u2014' in position 61: illegal multibyte sequence
Call stack:
  File "C:\Users\takuy\OneDrive\tdnet-excel-input\tools\sync_financials.py", line 538, in <module>
    main()
  File "C:\Users\takuy\OneDrive\tdnet-excel-input\tools\sync_financials.py", line 512, in main
    stats = sync(
  File "C:\Users\takuy\OneDrive\tdnet-excel-input\tools\sync_financials.py", line 348, in sync
    n = api.upsert_batch(table, chunk, on_conflict="ticker,period,quarter")
  File "C:\Users\takuy\OneDrive\tdnet-excel-input\tools\sync_financials.py", line 139, in upsert_batch
    self._request(
  File "C:\Users\takuy\OneDrive\tdnet-excel-input\tools\sync_financials.py", line 123, in _request
    logger.error(
Message: '[API] HTTP 0 \u2014 ÉäÉgÉâÉCïsâ¬\n  ÉåÉXÉ|ÉìÉX: {"code":"42501","details":null,"hint":null,"message":"new row violates row-level security policy for table \\"financials\\""}'
Arguments: ()
--- Logging error ---
Traceback (most recent call last):
  File "C:\Users\takuy\OneDrive\tdnet-excel-input\tools\sync_financials.py", line 348, in sync
    n = api.upsert_batch(table, chunk, on_conflict="ticker,period,quarter")
        ^^^^^^^^^^^^^^^^^^^^^^^^^^^^^^^^^^^^^^^^^^^^^^^^^^^^^^^^^^^^^^^^^^^
  File "C:\Users\takuy\OneDrive\tdnet-excel-input\tools\sync_financials.py", line 139, in upsert_batch
    self._request(
  File "C:\Users\takuy\OneDrive\tdnet-excel-input\tools\sync_financials.py", line 96, in _request
    r.raise_for_status()
  File "C:\Users\takuy\OneDrive\tdnet-excel-input\.venv\Lib\site-packages\requests\models.py", line 1026, in raise_for_status
    raise HTTPError(http_error_msg, response=self)
requests.exceptions.HTTPError: 401 Client Error: Unauthorized for url: https://fvkvfekzoebcolssnteo.supabase.co/rest/v1/financials?on_conflict=ticker%2Cperiod%2Cquarter

During handling of the above exception, another exception occurred:

Traceback (most recent call last):
  File "C:\Users\takuy\AppData\Roaming\uv\python\cpython-3.11-windows-x86_64-none\Lib\logging\__init__.py", line 1113, in emit
    stream.write(msg + self.terminator)
UnicodeEncodeError: 'cp932' codec can't encode character '\u2014' in position 72: illegal multibyte sequence
Call stack:
  File "C:\Users\takuy\OneDrive\tdnet-excel-input\tools\sync_financials.py", line 538, in <module>
    main()
  File "C:\Users\takuy\OneDrive\tdnet-excel-input\tools\sync_financials.py", line 512, in main
    stats = sync(
  File "C:\Users\takuy\OneDrive\tdnet-excel-input\tools\sync_financials.py", line 360, in sync
    logger.error(
Message: "  batch 120/145: FAILED \u2014 401 Client Error: Unauthorized for url: https://fvkvfekzoebcolssnteo.supabase.co/rest/v1/financials?on_conflict=ticker%2Cperiod%2Cquarter\n  (êÊì™çs: {'ticker': '81150', 'period': '2024-03-31', 'quarter': '3Q', 'sales': 8306000000, 'gross_profit': 3494894000, 'operating_profit': 530000000, 'source': 'jquants', 'updated_at': '2026-03-09T08:32:19.007329+09:00'})"
Arguments: ()
--- Logging error ---
Traceback (most recent call last):
  File "C:\Users\takuy\OneDrive\tdnet-excel-input\tools\sync_financials.py", line 96, in _request
    r.raise_for_status()
  File "C:\Users\takuy\OneDrive\tdnet-excel-input\.venv\Lib\site-packages\requests\models.py", line 1026, in raise_for_status
    raise HTTPError(http_error_msg, response=self)
requests.exceptions.HTTPError: 401 Client Error: Unauthorized for url: https://fvkvfekzoebcolssnteo.supabase.co/rest/v1/financials?on_conflict=ticker%2Cperiod%2Cquarter

During handling of the above exception, another exception occurred:

Traceback (most recent call last):
  File "C:\Users\takuy\AppData\Roaming\uv\python\cpython-3.11-windows-x86_64-none\Lib\logging\__init__.py", line 1113, in emit
    stream.write(msg + self.terminator)
UnicodeEncodeError: 'cp932' codec can't encode character '\u2014' in position 61: illegal multibyte sequence
Call stack:
  File "C:\Users\takuy\OneDrive\tdnet-excel-input\tools\sync_financials.py", line 538, in <module>
    main()
  File "C:\Users\takuy\OneDrive\tdnet-excel-input\tools\sync_financials.py", line 512, in main
    stats = sync(
  File "C:\Users\takuy\OneDrive\tdnet-excel-input\tools\sync_financials.py", line 348, in sync
    n = api.upsert_batch(table, chunk, on_conflict="ticker,period,quarter")
  File "C:\Users\takuy\OneDrive\tdnet-excel-input\tools\sync_financials.py", line 139, in upsert_batch
    self._request(
  File "C:\Users\takuy\OneDrive\tdnet-excel-input\tools\sync_financials.py", line 123, in _request
    logger.error(
Message: '[API] HTTP 0 \u2014 ÉäÉgÉâÉCïsâ¬\n  ÉåÉXÉ|ÉìÉX: {"code":"42501","details":null,"hint":null,"message":"new row violates row-level security policy for table \\"financials\\""}'
Arguments: ()
--- Logging error ---
Traceback (most recent call last):
  File "C:\Users\takuy\OneDrive\tdnet-excel-input\tools\sync_financials.py", line 348, in sync
    n = api.upsert_batch(table, chunk, on_conflict="ticker,period,quarter")
        ^^^^^^^^^^^^^^^^^^^^^^^^^^^^^^^^^^^^^^^^^^^^^^^^^^^^^^^^^^^^^^^^^^^
  File "C:\Users\takuy\OneDrive\tdnet-excel-input\tools\sync_financials.py", line 139, in upsert_batch
    self._request(
  File "C:\Users\takuy\OneDrive\tdnet-excel-input\tools\sync_financials.py", line 96, in _request
    r.raise_for_status()
  File "C:\Users\takuy\OneDrive\tdnet-excel-input\.venv\Lib\site-packages\requests\models.py", line 1026, in raise_for_status
    raise HTTPError(http_error_msg, response=self)
requests.exceptions.HTTPError: 401 Client Error: Unauthorized for url: https://fvkvfekzoebcolssnteo.supabase.co/rest/v1/financials?on_conflict=ticker%2Cperiod%2Cquarter

During handling of the above exception, another exception occurred:

Traceback (most recent call last):
  File "C:\Users\takuy\AppData\Roaming\uv\python\cpython-3.11-windows-x86_64-none\Lib\logging\__init__.py", line 1113, in emit
    stream.write(msg + self.terminator)
UnicodeEncodeError: 'cp932' codec can't encode character '\u2014' in position 72: illegal multibyte sequence
Call stack:
  File "C:\Users\takuy\OneDrive\tdnet-excel-input\tools\sync_financials.py", line 538, in <module>
    main()
  File "C:\Users\takuy\OneDrive\tdnet-excel-input\tools\sync_financials.py", line 512, in main
    stats = sync(
  File "C:\Users\takuy\OneDrive\tdnet-excel-input\tools\sync_financials.py", line 360, in sync
    logger.error(
Message: "  batch 121/145: FAILED \u2014 401 Client Error: Unauthorized for url: https://fvkvfekzoebcolssnteo.supabase.co/rest/v1/financials?on_conflict=ticker%2Cperiod%2Cquarter\n  (êÊì™çs: {'ticker': '81530', 'period': '2023-03-31', 'quarter': 'FY', 'sales': 85059000000, 'gross_profit': 38580000000, 'operating_profit': 41000000, 'source': 'jquants', 'updated_at': '2026-03-09T08:32:19.007329+09:00'})"
Arguments: ()
--- Logging error ---
Traceback (most recent call last):
  File "C:\Users\takuy\OneDrive\tdnet-excel-input\tools\sync_financials.py", line 96, in _request
    r.raise_for_status()
  File "C:\Users\takuy\OneDrive\tdnet-excel-input\.venv\Lib\site-packages\requests\models.py", line 1026, in raise_for_status
    raise HTTPError(http_error_msg, response=self)
requests.exceptions.HTTPError: 401 Client Error: Unauthorized for url: https://fvkvfekzoebcolssnteo.supabase.co/rest/v1/financials?on_conflict=ticker%2Cperiod%2Cquarter

During handling of the above exception, another exception occurred:

Traceback (most recent call last):
  File "C:\Users\takuy\AppData\Roaming\uv\python\cpython-3.11-windows-x86_64-none\Lib\logging\__init__.py", line 1113, in emit
    stream.write(msg + self.terminator)
UnicodeEncodeError: 'cp932' codec can't encode character '\u2014' in position 61: illegal multibyte sequence
Call stack:
  File "C:\Users\takuy\OneDrive\tdnet-excel-input\tools\sync_financials.py", line 538, in <module>
    main()
  File "C:\Users\takuy\OneDrive\tdnet-excel-input\tools\sync_financials.py", line 512, in main
    stats = sync(
  File "C:\Users\takuy\OneDrive\tdnet-excel-input\tools\sync_financials.py", line 348, in sync
    n = api.upsert_batch(table, chunk, on_conflict="ticker,period,quarter")
  File "C:\Users\takuy\OneDrive\tdnet-excel-input\tools\sync_financials.py", line 139, in upsert_batch
    self._request(
  File "C:\Users\takuy\OneDrive\tdnet-excel-input\tools\sync_financials.py", line 123, in _request
    logger.error(
Message: '[API] HTTP 0 \u2014 ÉäÉgÉâÉCïsâ¬\n  ÉåÉXÉ|ÉìÉX: {"code":"42501","details":null,"hint":null,"message":"new row violates row-level security policy for table \\"financials\\""}'
Arguments: ()
--- Logging error ---
Traceback (most recent call last):
  File "C:\Users\takuy\OneDrive\tdnet-excel-input\tools\sync_financials.py", line 348, in sync
    n = api.upsert_batch(table, chunk, on_conflict="ticker,period,quarter")
        ^^^^^^^^^^^^^^^^^^^^^^^^^^^^^^^^^^^^^^^^^^^^^^^^^^^^^^^^^^^^^^^^^^^
  File "C:\Users\takuy\OneDrive\tdnet-excel-input\tools\sync_financials.py", line 139, in upsert_batch
    self._request(
  File "C:\Users\takuy\OneDrive\tdnet-excel-input\tools\sync_financials.py", line 96, in _request
    r.raise_for_status()
  File "C:\Users\takuy\OneDrive\tdnet-excel-input\.venv\Lib\site-packages\requests\models.py", line 1026, in raise_for_status
    raise HTTPError(http_error_msg, response=self)
requests.exceptions.HTTPError: 401 Client Error: Unauthorized for url: https://fvkvfekzoebcolssnteo.supabase.co/rest/v1/financials?on_conflict=ticker%2Cperiod%2Cquarter

During handling of the above exception, another exception occurred:

Traceback (most recent call last):
  File "C:\Users\takuy\AppData\Roaming\uv\python\cpython-3.11-windows-x86_64-none\Lib\logging\__init__.py", line 1113, in emit
    stream.write(msg + self.terminator)
UnicodeEncodeError: 'cp932' codec can't encode character '\u2014' in position 72: illegal multibyte sequence
Call stack:
  File "C:\Users\takuy\OneDrive\tdnet-excel-input\tools\sync_financials.py", line 538, in <module>
    main()
  File "C:\Users\takuy\OneDrive\tdnet-excel-input\tools\sync_financials.py", line 512, in main
    stats = sync(
  File "C:\Users\takuy\OneDrive\tdnet-excel-input\tools\sync_financials.py", line 360, in sync
    logger.error(
Message: "  batch 122/145: FAILED \u2014 401 Client Error: Unauthorized for url: https://fvkvfekzoebcolssnteo.supabase.co/rest/v1/financials?on_conflict=ticker%2Cperiod%2Cquarter\n  (êÊì™çs: {'ticker': '82190', 'period': '2022-03-31', 'quarter': 'FY', 'sales': 165961000000, 'gross_profit': 83709000000, 'operating_profit': 2181000000, 'source': 'jquants', 'updated_at': '2026-03-09T08:32:19.007329+09:00'})"
Arguments: ()
--- Logging error ---
Traceback (most recent call last):
  File "C:\Users\takuy\OneDrive\tdnet-excel-input\tools\sync_financials.py", line 96, in _request
    r.raise_for_status()
  File "C:\Users\takuy\OneDrive\tdnet-excel-input\.venv\Lib\site-packages\requests\models.py", line 1026, in raise_for_status
    raise HTTPError(http_error_msg, response=self)
requests.exceptions.HTTPError: 401 Client Error: Unauthorized for url: https://fvkvfekzoebcolssnteo.supabase.co/rest/v1/financials?on_conflict=ticker%2Cperiod%2Cquarter

During handling of the above exception, another exception occurred:

Traceback (most recent call last):
  File "C:\Users\takuy\AppData\Roaming\uv\python\cpython-3.11-windows-x86_64-none\Lib\logging\__init__.py", line 1113, in emit
    stream.write(msg + self.terminator)
UnicodeEncodeError: 'cp932' codec can't encode character '\u2014' in position 61: illegal multibyte sequence
Call stack:
  File "C:\Users\takuy\OneDrive\tdnet-excel-input\tools\sync_financials.py", line 538, in <module>
    main()
  File "C:\Users\takuy\OneDrive\tdnet-excel-input\tools\sync_financials.py", line 512, in main
    stats = sync(
  File "C:\Users\takuy\OneDrive\tdnet-excel-input\tools\sync_financials.py", line 348, in sync
    n = api.upsert_batch(table, chunk, on_conflict="ticker,period,quarter")
  File "C:\Users\takuy\OneDrive\tdnet-excel-input\tools\sync_financials.py", line 139, in upsert_batch
    self._request(
  File "C:\Users\takuy\OneDrive\tdnet-excel-input\tools\sync_financials.py", line 123, in _request
    logger.error(
Message: '[API] HTTP 0 \u2014 ÉäÉgÉâÉCïsâ¬\n  ÉåÉXÉ|ÉìÉX: {"code":"42501","details":null,"hint":null,"message":"new row violates row-level security policy for table \\"financials\\""}'
Arguments: ()
--- Logging error ---
Traceback (most recent call last):
  File "C:\Users\takuy\OneDrive\tdnet-excel-input\tools\sync_financials.py", line 348, in sync
    n = api.upsert_batch(table, chunk, on_conflict="ticker,period,quarter")
        ^^^^^^^^^^^^^^^^^^^^^^^^^^^^^^^^^^^^^^^^^^^^^^^^^^^^^^^^^^^^^^^^^^^
  File "C:\Users\takuy\OneDrive\tdnet-excel-input\tools\sync_financials.py", line 139, in upsert_batch
    self._request(
  File "C:\Users\takuy\OneDrive\tdnet-excel-input\tools\sync_financials.py", line 96, in _request
    r.raise_for_status()
  File "C:\Users\takuy\OneDrive\tdnet-excel-input\.venv\Lib\site-packages\requests\models.py", line 1026, in raise_for_status
    raise HTTPError(http_error_msg, response=self)
requests.exceptions.HTTPError: 401 Client Error: Unauthorized for url: https://fvkvfekzoebcolssnteo.supabase.co/rest/v1/financials?on_conflict=ticker%2Cperiod%2Cquarter

During handling of the above exception, another exception occurred:

Traceback (most recent call last):
  File "C:\Users\takuy\AppData\Roaming\uv\python\cpython-3.11-windows-x86_64-none\Lib\logging\__init__.py", line 1113, in emit
    stream.write(msg + self.terminator)
UnicodeEncodeError: 'cp932' codec can't encode character '\u2014' in position 72: illegal multibyte sequence
Call stack:
  File "C:\Users\takuy\OneDrive\tdnet-excel-input\tools\sync_financials.py", line 538, in <module>
    main()
  File "C:\Users\takuy\OneDrive\tdnet-excel-input\tools\sync_financials.py", line 512, in main
    stats = sync(
  File "C:\Users\takuy\OneDrive\tdnet-excel-input\tools\sync_financials.py", line 360, in sync
    logger.error(
Message: "  batch 123/145: FAILED \u2014 401 Client Error: Unauthorized for url: https://fvkvfekzoebcolssnteo.supabase.co/rest/v1/financials?on_conflict=ticker%2Cperiod%2Cquarter\n  (êÊì™çs: {'ticker': '82890', 'period': '2026-02-28', 'quarter': '2Q', 'sales': 49270000000, 'gross_profit': 14915000000, 'operating_profit': -964000000, 'source': 'jquants', 'updated_at': '2026-03-09T08:32:19.007329+09:00'})"
Arguments: ()
--- Logging error ---
Traceback (most recent call last):
  File "C:\Users\takuy\OneDrive\tdnet-excel-input\tools\sync_financials.py", line 96, in _request
    r.raise_for_status()
  File "C:\Users\takuy\OneDrive\tdnet-excel-input\.venv\Lib\site-packages\requests\models.py", line 1026, in raise_for_status
    raise HTTPError(http_error_msg, response=self)
requests.exceptions.HTTPError: 401 Client Error: Unauthorized for url: https://fvkvfekzoebcolssnteo.supabase.co/rest/v1/financials?on_conflict=ticker%2Cperiod%2Cquarter

During handling of the above exception, another exception occurred:

Traceback (most recent call last):
  File "C:\Users\takuy\AppData\Roaming\uv\python\cpython-3.11-windows-x86_64-none\Lib\logging\__init__.py", line 1113, in emit
    stream.write(msg + self.terminator)
UnicodeEncodeError: 'cp932' codec can't encode character '\u2014' in position 61: illegal multibyte sequence
Call stack:
  File "C:\Users\takuy\OneDrive\tdnet-excel-input\tools\sync_financials.py", line 538, in <module>
    main()
  File "C:\Users\takuy\OneDrive\tdnet-excel-input\tools\sync_financials.py", line 512, in main
    stats = sync(
  File "C:\Users\takuy\OneDrive\tdnet-excel-input\tools\sync_financials.py", line 348, in sync
    n = api.upsert_batch(table, chunk, on_conflict="ticker,period,quarter")
  File "C:\Users\takuy\OneDrive\tdnet-excel-input\tools\sync_financials.py", line 139, in upsert_batch
    self._request(
  File "C:\Users\takuy\OneDrive\tdnet-excel-input\tools\sync_financials.py", line 123, in _request
    logger.error(
Message: '[API] HTTP 0 \u2014 ÉäÉgÉâÉCïsâ¬\n  ÉåÉXÉ|ÉìÉX: {"code":"42501","details":null,"hint":null,"message":"new row violates row-level security policy for table \\"financials\\""}'
Arguments: ()
--- Logging error ---
Traceback (most recent call last):
  File "C:\Users\takuy\OneDrive\tdnet-excel-input\tools\sync_financials.py", line 348, in sync
    n = api.upsert_batch(table, chunk, on_conflict="ticker,period,quarter")
        ^^^^^^^^^^^^^^^^^^^^^^^^^^^^^^^^^^^^^^^^^^^^^^^^^^^^^^^^^^^^^^^^^^^
  File "C:\Users\takuy\OneDrive\tdnet-excel-input\tools\sync_financials.py", line 139, in upsert_batch
    self._request(
  File "C:\Users\takuy\OneDrive\tdnet-excel-input\tools\sync_financials.py", line 96, in _request
    r.raise_for_status()
  File "C:\Users\takuy\OneDrive\tdnet-excel-input\.venv\Lib\site-packages\requests\models.py", line 1026, in raise_for_status
    raise HTTPError(http_error_msg, response=self)
requests.exceptions.HTTPError: 401 Client Error: Unauthorized for url: https://fvkvfekzoebcolssnteo.supabase.co/rest/v1/financials?on_conflict=ticker%2Cperiod%2Cquarter

During handling of the above exception, another exception occurred:

Traceback (most recent call last):
  File "C:\Users\takuy\AppData\Roaming\uv\python\cpython-3.11-windows-x86_64-none\Lib\logging\__init__.py", line 1113, in emit
    stream.write(msg + self.terminator)
UnicodeEncodeError: 'cp932' codec can't encode character '\u2014' in position 72: illegal multibyte sequence
Call stack:
  File "C:\Users\takuy\OneDrive\tdnet-excel-input\tools\sync_financials.py", line 538, in <module>
    main()
  File "C:\Users\takuy\OneDrive\tdnet-excel-input\tools\sync_financials.py", line 512, in main
    stats = sync(
  File "C:\Users\takuy\OneDrive\tdnet-excel-input\tools\sync_financials.py", line 360, in sync
    logger.error(
Message: "  batch 124/145: FAILED \u2014 401 Client Error: Unauthorized for url: https://fvkvfekzoebcolssnteo.supabase.co/rest/v1/financials?on_conflict=ticker%2Cperiod%2Cquarter\n  (êÊì™çs: {'ticker': '83650', 'period': '2021-03-31', 'quarter': 'FY', 'sales': 9328000000, 'gross_profit': None, 'operating_profit': None, 'source': 'jquants', 'updated_at': '2026-03-09T08:32:19.007329+09:00'})"
Arguments: ()
--- Logging error ---
Traceback (most recent call last):
  File "C:\Users\takuy\OneDrive\tdnet-excel-input\tools\sync_financials.py", line 96, in _request
    r.raise_for_status()
  File "C:\Users\takuy\OneDrive\tdnet-excel-input\.venv\Lib\site-packages\requests\models.py", line 1026, in raise_for_status
    raise HTTPError(http_error_msg, response=self)
requests.exceptions.HTTPError: 401 Client Error: Unauthorized for url: https://fvkvfekzoebcolssnteo.supabase.co/rest/v1/financials?on_conflict=ticker%2Cperiod%2Cquarter

During handling of the above exception, another exception occurred:

Traceback (most recent call last):
  File "C:\Users\takuy\AppData\Roaming\uv\python\cpython-3.11-windows-x86_64-none\Lib\logging\__init__.py", line 1113, in emit
    stream.write(msg + self.terminator)
UnicodeEncodeError: 'cp932' codec can't encode character '\u2014' in position 61: illegal multibyte sequence
Call stack:
  File "C:\Users\takuy\OneDrive\tdnet-excel-input\tools\sync_financials.py", line 538, in <module>
    main()
  File "C:\Users\takuy\OneDrive\tdnet-excel-input\tools\sync_financials.py", line 512, in main
    stats = sync(
  File "C:\Users\takuy\OneDrive\tdnet-excel-input\tools\sync_financials.py", line 348, in sync
    n = api.upsert_batch(table, chunk, on_conflict="ticker,period,quarter")
  File "C:\Users\takuy\OneDrive\tdnet-excel-input\tools\sync_financials.py", line 139, in upsert_batch
    self._request(
  File "C:\Users\takuy\OneDrive\tdnet-excel-input\tools\sync_financials.py", line 123, in _request
    logger.error(
Message: '[API] HTTP 0 \u2014 ÉäÉgÉâÉCïsâ¬\n  ÉåÉXÉ|ÉìÉX: {"code":"42501","details":null,"hint":null,"message":"new row violates row-level security policy for table \\"financials\\""}'
Arguments: ()
--- Logging error ---
Traceback (most recent call last):
  File "C:\Users\takuy\OneDrive\tdnet-excel-input\tools\sync_financials.py", line 348, in sync
    n = api.upsert_batch(table, chunk, on_conflict="ticker,period,quarter")
        ^^^^^^^^^^^^^^^^^^^^^^^^^^^^^^^^^^^^^^^^^^^^^^^^^^^^^^^^^^^^^^^^^^^
  File "C:\Users\takuy\OneDrive\tdnet-excel-input\tools\sync_financials.py", line 139, in upsert_batch
    self._request(
  File "C:\Users\takuy\OneDrive\tdnet-excel-input\tools\sync_financials.py", line 96, in _request
    r.raise_for_status()
  File "C:\Users\takuy\OneDrive\tdnet-excel-input\.venv\Lib\site-packages\requests\models.py", line 1026, in raise_for_status
    raise HTTPError(http_error_msg, response=self)
requests.exceptions.HTTPError: 401 Client Error: Unauthorized for url: https://fvkvfekzoebcolssnteo.supabase.co/rest/v1/financials?on_conflict=ticker%2Cperiod%2Cquarter

During handling of the above exception, another exception occurred:

Traceback (most recent call last):
  File "C:\Users\takuy\AppData\Roaming\uv\python\cpython-3.11-windows-x86_64-none\Lib\logging\__init__.py", line 1113, in emit
    stream.write(msg + self.terminator)
UnicodeEncodeError: 'cp932' codec can't encode character '\u2014' in position 72: illegal multibyte sequence
Call stack:
  File "C:\Users\takuy\OneDrive\tdnet-excel-input\tools\sync_financials.py", line 538, in <module>
    main()
  File "C:\Users\takuy\OneDrive\tdnet-excel-input\tools\sync_financials.py", line 512, in main
    stats = sync(
  File "C:\Users\takuy\OneDrive\tdnet-excel-input\tools\sync_financials.py", line 360, in sync
    logger.error(
Message: "  batch 125/145: FAILED \u2014 401 Client Error: Unauthorized for url: https://fvkvfekzoebcolssnteo.supabase.co/rest/v1/financials?on_conflict=ticker%2Cperiod%2Cquarter\n  (êÊì™çs: {'ticker': '85080', 'period': '2024-12-31', 'quarter': '1Q', 'sales': 31554000000, 'gross_profit': None, 'operating_profit': -281000000, 'source': 'jquants', 'updated_at': '2026-03-09T08:32:19.007329+09:00'})"
Arguments: ()
--- Logging error ---
Traceback (most recent call last):
  File "C:\Users\takuy\OneDrive\tdnet-excel-input\tools\sync_financials.py", line 96, in _request
    r.raise_for_status()
  File "C:\Users\takuy\OneDrive\tdnet-excel-input\.venv\Lib\site-packages\requests\models.py", line 1026, in raise_for_status
    raise HTTPError(http_error_msg, response=self)
requests.exceptions.HTTPError: 401 Client Error: Unauthorized for url: https://fvkvfekzoebcolssnteo.supabase.co/rest/v1/financials?on_conflict=ticker%2Cperiod%2Cquarter

During handling of the above exception, another exception occurred:

Traceback (most recent call last):
  File "C:\Users\takuy\AppData\Roaming\uv\python\cpython-3.11-windows-x86_64-none\Lib\logging\__init__.py", line 1113, in emit
    stream.write(msg + self.terminator)
UnicodeEncodeError: 'cp932' codec can't encode character '\u2014' in position 61: illegal multibyte sequence
Call stack:
  File "C:\Users\takuy\OneDrive\tdnet-excel-input\tools\sync_financials.py", line 538, in <module>
    main()
  File "C:\Users\takuy\OneDrive\tdnet-excel-input\tools\sync_financials.py", line 512, in main
    stats = sync(
  File "C:\Users\takuy\OneDrive\tdnet-excel-input\tools\sync_financials.py", line 348, in sync
    n = api.upsert_batch(table, chunk, on_conflict="ticker,period,quarter")
  File "C:\Users\takuy\OneDrive\tdnet-excel-input\tools\sync_financials.py", line 139, in upsert_batch
    self._request(
  File "C:\Users\takuy\OneDrive\tdnet-excel-input\tools\sync_financials.py", line 123, in _request
    logger.error(
Message: '[API] HTTP 0 \u2014 ÉäÉgÉâÉCïsâ¬\n  ÉåÉXÉ|ÉìÉX: {"code":"42501","details":null,"hint":null,"message":"new row violates row-level security policy for table \\"financials\\""}'
Arguments: ()
--- Logging error ---
Traceback (most recent call last):
  File "C:\Users\takuy\OneDrive\tdnet-excel-input\tools\sync_financials.py", line 348, in sync
    n = api.upsert_batch(table, chunk, on_conflict="ticker,period,quarter")
        ^^^^^^^^^^^^^^^^^^^^^^^^^^^^^^^^^^^^^^^^^^^^^^^^^^^^^^^^^^^^^^^^^^^
  File "C:\Users\takuy\OneDrive\tdnet-excel-input\tools\sync_financials.py", line 139, in upsert_batch
    self._request(
  File "C:\Users\takuy\OneDrive\tdnet-excel-input\tools\sync_financials.py", line 96, in _request
    r.raise_for_status()
  File "C:\Users\takuy\OneDrive\tdnet-excel-input\.venv\Lib\site-packages\requests\models.py", line 1026, in raise_for_status
    raise HTTPError(http_error_msg, response=self)
requests.exceptions.HTTPError: 401 Client Error: Unauthorized for url: https://fvkvfekzoebcolssnteo.supabase.co/rest/v1/financials?on_conflict=ticker%2Cperiod%2Cquarter

During handling of the above exception, another exception occurred:

Traceback (most recent call last):
  File "C:\Users\takuy\AppData\Roaming\uv\python\cpython-3.11-windows-x86_64-none\Lib\logging\__init__.py", line 1113, in emit
    stream.write(msg + self.terminator)
UnicodeEncodeError: 'cp932' codec can't encode character '\u2014' in position 72: illegal multibyte sequence
Call stack:
  File "C:\Users\takuy\OneDrive\tdnet-excel-input\tools\sync_financials.py", line 538, in <module>
    main()
  File "C:\Users\takuy\OneDrive\tdnet-excel-input\tools\sync_financials.py", line 512, in main
    stats = sync(
  File "C:\Users\takuy\OneDrive\tdnet-excel-input\tools\sync_financials.py", line 360, in sync
    logger.error(
Message: "  batch 126/145: FAILED \u2014 401 Client Error: Unauthorized for url: https://fvkvfekzoebcolssnteo.supabase.co/rest/v1/financials?on_conflict=ticker%2Cperiod%2Cquarter\n  (êÊì™çs: {'ticker': '86010', 'period': '2023-03-31', 'quarter': '2Q', 'sales': 339193000000, 'gross_profit': None, 'operating_profit': 20838000000, 'source': 'jquants', 'updated_at': '2026-03-09T08:32:19.007329+09:00'})"
Arguments: ()
--- Logging error ---
Traceback (most recent call last):
  File "C:\Users\takuy\OneDrive\tdnet-excel-input\tools\sync_financials.py", line 96, in _request
    r.raise_for_status()
  File "C:\Users\takuy\OneDrive\tdnet-excel-input\.venv\Lib\site-packages\requests\models.py", line 1026, in raise_for_status
    raise HTTPError(http_error_msg, response=self)
requests.exceptions.HTTPError: 401 Client Error: Unauthorized for url: https://fvkvfekzoebcolssnteo.supabase.co/rest/v1/financials?on_conflict=ticker%2Cperiod%2Cquarter

During handling of the above exception, another exception occurred:

Traceback (most recent call last):
  File "C:\Users\takuy\AppData\Roaming\uv\python\cpython-3.11-windows-x86_64-none\Lib\logging\__init__.py", line 1113, in emit
    stream.write(msg + self.terminator)
UnicodeEncodeError: 'cp932' codec can't encode character '\u2014' in position 61: illegal multibyte sequence
Call stack:
  File "C:\Users\takuy\OneDrive\tdnet-excel-input\tools\sync_financials.py", line 538, in <module>
    main()
  File "C:\Users\takuy\OneDrive\tdnet-excel-input\tools\sync_financials.py", line 512, in main
    stats = sync(
  File "C:\Users\takuy\OneDrive\tdnet-excel-input\tools\sync_financials.py", line 348, in sync
    n = api.upsert_batch(table, chunk, on_conflict="ticker,period,quarter")
  File "C:\Users\takuy\OneDrive\tdnet-excel-input\tools\sync_financials.py", line 139, in upsert_batch
    self._request(
  File "C:\Users\takuy\OneDrive\tdnet-excel-input\tools\sync_financials.py", line 123, in _request
    logger.error(
Message: '[API] HTTP 0 \u2014 ÉäÉgÉâÉCïsâ¬\n  ÉåÉXÉ|ÉìÉX: {"code":"42501","details":null,"hint":null,"message":"new row violates row-level security policy for table \\"financials\\""}'
Arguments: ()
--- Logging error ---
Traceback (most recent call last):
  File "C:\Users\takuy\OneDrive\tdnet-excel-input\tools\sync_financials.py", line 348, in sync
    n = api.upsert_batch(table, chunk, on_conflict="ticker,period,quarter")
        ^^^^^^^^^^^^^^^^^^^^^^^^^^^^^^^^^^^^^^^^^^^^^^^^^^^^^^^^^^^^^^^^^^^
  File "C:\Users\takuy\OneDrive\tdnet-excel-input\tools\sync_financials.py", line 139, in upsert_batch
    self._request(
  File "C:\Users\takuy\OneDrive\tdnet-excel-input\tools\sync_financials.py", line 96, in _request
    r.raise_for_status()
  File "C:\Users\takuy\OneDrive\tdnet-excel-input\.venv\Lib\site-packages\requests\models.py", line 1026, in raise_for_status
    raise HTTPError(http_error_msg, response=self)
requests.exceptions.HTTPError: 401 Client Error: Unauthorized for url: https://fvkvfekzoebcolssnteo.supabase.co/rest/v1/financials?on_conflict=ticker%2Cperiod%2Cquarter

During handling of the above exception, another exception occurred:

Traceback (most recent call last):
  File "C:\Users\takuy\AppData\Roaming\uv\python\cpython-3.11-windows-x86_64-none\Lib\logging\__init__.py", line 1113, in emit
    stream.write(msg + self.terminator)
UnicodeEncodeError: 'cp932' codec can't encode character '\u2014' in position 72: illegal multibyte sequence
Call stack:
  File "C:\Users\takuy\OneDrive\tdnet-excel-input\tools\sync_financials.py", line 538, in <module>
    main()
  File "C:\Users\takuy\OneDrive\tdnet-excel-input\tools\sync_financials.py", line 512, in main
    stats = sync(
  File "C:\Users\takuy\OneDrive\tdnet-excel-input\tools\sync_financials.py", line 360, in sync
    logger.error(
Message: "  batch 127/145: FAILED \u2014 401 Client Error: Unauthorized for url: https://fvkvfekzoebcolssnteo.supabase.co/rest/v1/financials?on_conflict=ticker%2Cperiod%2Cquarter\n  (êÊì™çs: {'ticker': '87370', 'period': '2025-03-31', 'quarter': '2Q', 'sales': 25730000000, 'gross_profit': 10366639000, 'operating_profit': 1491000000, 'source': 'jquants', 'updated_at': '2026-03-09T08:32:19.007329+09:00'})"
Arguments: ()
--- Logging error ---
Traceback (most recent call last):
  File "C:\Users\takuy\OneDrive\tdnet-excel-input\tools\sync_financials.py", line 96, in _request
    r.raise_for_status()
  File "C:\Users\takuy\OneDrive\tdnet-excel-input\.venv\Lib\site-packages\requests\models.py", line 1026, in raise_for_status
    raise HTTPError(http_error_msg, response=self)
requests.exceptions.HTTPError: 401 Client Error: Unauthorized for url: https://fvkvfekzoebcolssnteo.supabase.co/rest/v1/financials?on_conflict=ticker%2Cperiod%2Cquarter

During handling of the above exception, another exception occurred:

Traceback (most recent call last):
  File "C:\Users\takuy\AppData\Roaming\uv\python\cpython-3.11-windows-x86_64-none\Lib\logging\__init__.py", line 1113, in emit
    stream.write(msg + self.terminator)
UnicodeEncodeError: 'cp932' codec can't encode character '\u2014' in position 61: illegal multibyte sequence
Call stack:
  File "C:\Users\takuy\OneDrive\tdnet-excel-input\tools\sync_financials.py", line 538, in <module>
    main()
  File "C:\Users\takuy\OneDrive\tdnet-excel-input\tools\sync_financials.py", line 512, in main
    stats = sync(
  File "C:\Users\takuy\OneDrive\tdnet-excel-input\tools\sync_financials.py", line 348, in sync
    n = api.upsert_batch(table, chunk, on_conflict="ticker,period,quarter")
  File "C:\Users\takuy\OneDrive\tdnet-excel-input\tools\sync_financials.py", line 139, in upsert_batch
    self._request(
  File "C:\Users\takuy\OneDrive\tdnet-excel-input\tools\sync_financials.py", line 123, in _request
    logger.error(
Message: '[API] HTTP 0 \u2014 ÉäÉgÉâÉCïsâ¬\n  ÉåÉXÉ|ÉìÉX: {"code":"42501","details":null,"hint":null,"message":"new row violates row-level security policy for table \\"financials\\""}'
Arguments: ()
--- Logging error ---
Traceback (most recent call last):
  File "C:\Users\takuy\OneDrive\tdnet-excel-input\tools\sync_financials.py", line 348, in sync
    n = api.upsert_batch(table, chunk, on_conflict="ticker,period,quarter")
        ^^^^^^^^^^^^^^^^^^^^^^^^^^^^^^^^^^^^^^^^^^^^^^^^^^^^^^^^^^^^^^^^^^^
  File "C:\Users\takuy\OneDrive\tdnet-excel-input\tools\sync_financials.py", line 139, in upsert_batch
    self._request(
  File "C:\Users\takuy\OneDrive\tdnet-excel-input\tools\sync_financials.py", line 96, in _request
    r.raise_for_status()
  File "C:\Users\takuy\OneDrive\tdnet-excel-input\.venv\Lib\site-packages\requests\models.py", line 1026, in raise_for_status
    raise HTTPError(http_error_msg, response=self)
requests.exceptions.HTTPError: 401 Client Error: Unauthorized for url: https://fvkvfekzoebcolssnteo.supabase.co/rest/v1/financials?on_conflict=ticker%2Cperiod%2Cquarter

During handling of the above exception, another exception occurred:

Traceback (most recent call last):
  File "C:\Users\takuy\AppData\Roaming\uv\python\cpython-3.11-windows-x86_64-none\Lib\logging\__init__.py", line 1113, in emit
    stream.write(msg + self.terminator)
UnicodeEncodeError: 'cp932' codec can't encode character '\u2014' in position 72: illegal multibyte sequence
Call stack:
  File "C:\Users\takuy\OneDrive\tdnet-excel-input\tools\sync_financials.py", line 538, in <module>
    main()
  File "C:\Users\takuy\OneDrive\tdnet-excel-input\tools\sync_financials.py", line 512, in main
    stats = sync(
  File "C:\Users\takuy\OneDrive\tdnet-excel-input\tools\sync_financials.py", line 360, in sync
    logger.error(
Message: "  batch 128/145: FAILED \u2014 401 Client Error: Unauthorized for url: https://fvkvfekzoebcolssnteo.supabase.co/rest/v1/financials?on_conflict=ticker%2Cperiod%2Cquarter\n  (êÊì™çs: {'ticker': '88480', 'period': '2025-03-31', 'quarter': '1Q', 'sales': 108917000000, 'gross_profit': 21398000000, 'operating_profit': 10289000000, 'source': 'jquants', 'updated_at': '2026-03-09T08:32:19.007329+09:00'})"
Arguments: ()
--- Logging error ---
Traceback (most recent call last):
  File "C:\Users\takuy\OneDrive\tdnet-excel-input\tools\sync_financials.py", line 96, in _request
    r.raise_for_status()
  File "C:\Users\takuy\OneDrive\tdnet-excel-input\.venv\Lib\site-packages\requests\models.py", line 1026, in raise_for_status
    raise HTTPError(http_error_msg, response=self)
requests.exceptions.HTTPError: 401 Client Error: Unauthorized for url: https://fvkvfekzoebcolssnteo.supabase.co/rest/v1/financials?on_conflict=ticker%2Cperiod%2Cquarter

During handling of the above exception, another exception occurred:

Traceback (most recent call last):
  File "C:\Users\takuy\AppData\Roaming\uv\python\cpython-3.11-windows-x86_64-none\Lib\logging\__init__.py", line 1113, in emit
    stream.write(msg + self.terminator)
UnicodeEncodeError: 'cp932' codec can't encode character '\u2014' in position 61: illegal multibyte sequence
Call stack:
  File "C:\Users\takuy\OneDrive\tdnet-excel-input\tools\sync_financials.py", line 538, in <module>
    main()
  File "C:\Users\takuy\OneDrive\tdnet-excel-input\tools\sync_financials.py", line 512, in main
    stats = sync(
  File "C:\Users\takuy\OneDrive\tdnet-excel-input\tools\sync_financials.py", line 348, in sync
    n = api.upsert_batch(table, chunk, on_conflict="ticker,period,quarter")
  File "C:\Users\takuy\OneDrive\tdnet-excel-input\tools\sync_financials.py", line 139, in upsert_batch
    self._request(
  File "C:\Users\takuy\OneDrive\tdnet-excel-input\tools\sync_financials.py", line 123, in _request
    logger.error(
Message: '[API] HTTP 0 \u2014 ÉäÉgÉâÉCïsâ¬\n  ÉåÉXÉ|ÉìÉX: {"code":"42501","details":null,"hint":null,"message":"new row violates row-level security policy for table \\"financials\\""}'
Arguments: ()
--- Logging error ---
Traceback (most recent call last):
  File "C:\Users\takuy\OneDrive\tdnet-excel-input\tools\sync_financials.py", line 348, in sync
    n = api.upsert_batch(table, chunk, on_conflict="ticker,period,quarter")
        ^^^^^^^^^^^^^^^^^^^^^^^^^^^^^^^^^^^^^^^^^^^^^^^^^^^^^^^^^^^^^^^^^^^
  File "C:\Users\takuy\OneDrive\tdnet-excel-input\tools\sync_financials.py", line 139, in upsert_batch
    self._request(
  File "C:\Users\takuy\OneDrive\tdnet-excel-input\tools\sync_financials.py", line 96, in _request
    r.raise_for_status()
  File "C:\Users\takuy\OneDrive\tdnet-excel-input\.venv\Lib\site-packages\requests\models.py", line 1026, in raise_for_status
    raise HTTPError(http_error_msg, response=self)
requests.exceptions.HTTPError: 401 Client Error: Unauthorized for url: https://fvkvfekzoebcolssnteo.supabase.co/rest/v1/financials?on_conflict=ticker%2Cperiod%2Cquarter

During handling of the above exception, another exception occurred:

Traceback (most recent call last):
  File "C:\Users\takuy\AppData\Roaming\uv\python\cpython-3.11-windows-x86_64-none\Lib\logging\__init__.py", line 1113, in emit
    stream.write(msg + self.terminator)
UnicodeEncodeError: 'cp932' codec can't encode character '\u2014' in position 72: illegal multibyte sequence
Call stack:
  File "C:\Users\takuy\OneDrive\tdnet-excel-input\tools\sync_financials.py", line 538, in <module>
    main()
  File "C:\Users\takuy\OneDrive\tdnet-excel-input\tools\sync_financials.py", line 512, in main
    stats = sync(
  File "C:\Users\takuy\OneDrive\tdnet-excel-input\tools\sync_financials.py", line 360, in sync
    logger.error(
Message: "  batch 129/145: FAILED \u2014 401 Client Error: Unauthorized for url: https://fvkvfekzoebcolssnteo.supabase.co/rest/v1/financials?on_conflict=ticker%2Cperiod%2Cquarter\n  (êÊì™çs: {'ticker': '89280', 'period': '2023-06-30', 'quarter': '3Q', 'sales': 94839000000, 'gross_profit': 21577151000, 'operating_profit': 7834000000, 'source': 'jquants', 'updated_at': '2026-03-09T08:32:19.007329+09:00'})"
Arguments: ()
--- Logging error ---
Traceback (most recent call last):
  File "C:\Users\takuy\OneDrive\tdnet-excel-input\tools\sync_financials.py", line 96, in _request
    r.raise_for_status()
  File "C:\Users\takuy\OneDrive\tdnet-excel-input\.venv\Lib\site-packages\requests\models.py", line 1026, in raise_for_status
    raise HTTPError(http_error_msg, response=self)
requests.exceptions.HTTPError: 401 Client Error: Unauthorized for url: https://fvkvfekzoebcolssnteo.supabase.co/rest/v1/financials?on_conflict=ticker%2Cperiod%2Cquarter

During handling of the above exception, another exception occurred:

Traceback (most recent call last):
  File "C:\Users\takuy\AppData\Roaming\uv\python\cpython-3.11-windows-x86_64-none\Lib\logging\__init__.py", line 1113, in emit
    stream.write(msg + self.terminator)
UnicodeEncodeError: 'cp932' codec can't encode character '\u2014' in position 61: illegal multibyte sequence
Call stack:
  File "C:\Users\takuy\OneDrive\tdnet-excel-input\tools\sync_financials.py", line 538, in <module>
    main()
  File "C:\Users\takuy\OneDrive\tdnet-excel-input\tools\sync_financials.py", line 512, in main
    stats = sync(
  File "C:\Users\takuy\OneDrive\tdnet-excel-input\tools\sync_financials.py", line 348, in sync
    n = api.upsert_batch(table, chunk, on_conflict="ticker,period,quarter")
  File "C:\Users\takuy\OneDrive\tdnet-excel-input\tools\sync_financials.py", line 139, in upsert_batch
    self._request(
  File "C:\Users\takuy\OneDrive\tdnet-excel-input\tools\sync_financials.py", line 123, in _request
    logger.error(
Message: '[API] HTTP 0 \u2014 ÉäÉgÉâÉCïsâ¬\n  ÉåÉXÉ|ÉìÉX: {"code":"42501","details":null,"hint":null,"message":"new row violates row-level security policy for table \\"financials\\""}'
Arguments: ()
--- Logging error ---
Traceback (most recent call last):
  File "C:\Users\takuy\OneDrive\tdnet-excel-input\tools\sync_financials.py", line 348, in sync
    n = api.upsert_batch(table, chunk, on_conflict="ticker,period,quarter")
        ^^^^^^^^^^^^^^^^^^^^^^^^^^^^^^^^^^^^^^^^^^^^^^^^^^^^^^^^^^^^^^^^^^^
  File "C:\Users\takuy\OneDrive\tdnet-excel-input\tools\sync_financials.py", line 139, in upsert_batch
    self._request(
  File "C:\Users\takuy\OneDrive\tdnet-excel-input\tools\sync_financials.py", line 96, in _request
    r.raise_for_status()
  File "C:\Users\takuy\OneDrive\tdnet-excel-input\.venv\Lib\site-packages\requests\models.py", line 1026, in raise_for_status
    raise HTTPError(http_error_msg, response=self)
requests.exceptions.HTTPError: 401 Client Error: Unauthorized for url: https://fvkvfekzoebcolssnteo.supabase.co/rest/v1/financials?on_conflict=ticker%2Cperiod%2Cquarter

During handling of the above exception, another exception occurred:

Traceback (most recent call last):
  File "C:\Users\takuy\AppData\Roaming\uv\python\cpython-3.11-windows-x86_64-none\Lib\logging\__init__.py", line 1113, in emit
    stream.write(msg + self.terminator)
UnicodeEncodeError: 'cp932' codec can't encode character '\u2014' in position 72: illegal multibyte sequence
Call stack:
  File "C:\Users\takuy\OneDrive\tdnet-excel-input\tools\sync_financials.py", line 538, in <module>
    main()
  File "C:\Users\takuy\OneDrive\tdnet-excel-input\tools\sync_financials.py", line 512, in main
    stats = sync(
  File "C:\Users\takuy\OneDrive\tdnet-excel-input\tools\sync_financials.py", line 360, in sync
    logger.error(
Message: "  batch 130/145: FAILED \u2014 401 Client Error: Unauthorized for url: https://fvkvfekzoebcolssnteo.supabase.co/rest/v1/financials?on_conflict=ticker%2Cperiod%2Cquarter\n  (êÊì™çs: {'ticker': '90030', 'period': '2022-03-31', 'quarter': '2Q', 'sales': 104334000000, 'gross_profit': None, 'operating_profit': 1006000000, 'source': 'jquants', 'updated_at': '2026-03-09T08:32:19.007329+09:00'})"
Arguments: ()
--- Logging error ---
Traceback (most recent call last):
  File "C:\Users\takuy\OneDrive\tdnet-excel-input\tools\sync_financials.py", line 96, in _request
    r.raise_for_status()
  File "C:\Users\takuy\OneDrive\tdnet-excel-input\.venv\Lib\site-packages\requests\models.py", line 1026, in raise_for_status
    raise HTTPError(http_error_msg, response=self)
requests.exceptions.HTTPError: 401 Client Error: Unauthorized for url: https://fvkvfekzoebcolssnteo.supabase.co/rest/v1/financials?on_conflict=ticker%2Cperiod%2Cquarter

During handling of the above exception, another exception occurred:

Traceback (most recent call last):
  File "C:\Users\takuy\AppData\Roaming\uv\python\cpython-3.11-windows-x86_64-none\Lib\logging\__init__.py", line 1113, in emit
    stream.write(msg + self.terminator)
UnicodeEncodeError: 'cp932' codec can't encode character '\u2014' in position 61: illegal multibyte sequence
Call stack:
  File "C:\Users\takuy\OneDrive\tdnet-excel-input\tools\sync_financials.py", line 538, in <module>
    main()
  File "C:\Users\takuy\OneDrive\tdnet-excel-input\tools\sync_financials.py", line 512, in main
    stats = sync(
  File "C:\Users\takuy\OneDrive\tdnet-excel-input\tools\sync_financials.py", line 348, in sync
    n = api.upsert_batch(table, chunk, on_conflict="ticker,period,quarter")
  File "C:\Users\takuy\OneDrive\tdnet-excel-input\tools\sync_financials.py", line 139, in upsert_batch
    self._request(
  File "C:\Users\takuy\OneDrive\tdnet-excel-input\tools\sync_financials.py", line 123, in _request
    logger.error(
Message: '[API] HTTP 0 \u2014 ÉäÉgÉâÉCïsâ¬\n  ÉåÉXÉ|ÉìÉX: {"code":"42501","details":null,"hint":null,"message":"new row violates row-level security policy for table \\"financials\\""}'
Arguments: ()
--- Logging error ---
Traceback (most recent call last):
  File "C:\Users\takuy\OneDrive\tdnet-excel-input\tools\sync_financials.py", line 348, in sync
    n = api.upsert_batch(table, chunk, on_conflict="ticker,period,quarter")
        ^^^^^^^^^^^^^^^^^^^^^^^^^^^^^^^^^^^^^^^^^^^^^^^^^^^^^^^^^^^^^^^^^^^
  File "C:\Users\takuy\OneDrive\tdnet-excel-input\tools\sync_financials.py", line 139, in upsert_batch
    self._request(
  File "C:\Users\takuy\OneDrive\tdnet-excel-input\tools\sync_financials.py", line 96, in _request
    r.raise_for_status()
  File "C:\Users\takuy\OneDrive\tdnet-excel-input\.venv\Lib\site-packages\requests\models.py", line 1026, in raise_for_status
    raise HTTPError(http_error_msg, response=self)
requests.exceptions.HTTPError: 401 Client Error: Unauthorized for url: https://fvkvfekzoebcolssnteo.supabase.co/rest/v1/financials?on_conflict=ticker%2Cperiod%2Cquarter

During handling of the above exception, another exception occurred:

Traceback (most recent call last):
  File "C:\Users\takuy\AppData\Roaming\uv\python\cpython-3.11-windows-x86_64-none\Lib\logging\__init__.py", line 1113, in emit
    stream.write(msg + self.terminator)
UnicodeEncodeError: 'cp932' codec can't encode character '\u2014' in position 72: illegal multibyte sequence
Call stack:
  File "C:\Users\takuy\OneDrive\tdnet-excel-input\tools\sync_financials.py", line 538, in <module>
    main()
  File "C:\Users\takuy\OneDrive\tdnet-excel-input\tools\sync_financials.py", line 512, in main
    stats = sync(
  File "C:\Users\takuy\OneDrive\tdnet-excel-input\tools\sync_financials.py", line 360, in sync
    logger.error(
Message: "  batch 131/145: FAILED \u2014 401 Client Error: Unauthorized for url: https://fvkvfekzoebcolssnteo.supabase.co/rest/v1/financials?on_conflict=ticker%2Cperiod%2Cquarter\n  (êÊì™çs: {'ticker': '90440', 'period': '2025-03-31', 'quarter': '2Q', 'sales': 123579000000, 'gross_profit': None, 'operating_profit': 18256000000, 'source': 'jquants', 'updated_at': '2026-03-09T08:32:19.007329+09:00'})"
Arguments: ()
--- Logging error ---
Traceback (most recent call last):
  File "C:\Users\takuy\OneDrive\tdnet-excel-input\tools\sync_financials.py", line 96, in _request
    r.raise_for_status()
  File "C:\Users\takuy\OneDrive\tdnet-excel-input\.venv\Lib\site-packages\requests\models.py", line 1026, in raise_for_status
    raise HTTPError(http_error_msg, response=self)
requests.exceptions.HTTPError: 401 Client Error: Unauthorized for url: https://fvkvfekzoebcolssnteo.supabase.co/rest/v1/financials?on_conflict=ticker%2Cperiod%2Cquarter

During handling of the above exception, another exception occurred:

Traceback (most recent call last):
  File "C:\Users\takuy\AppData\Roaming\uv\python\cpython-3.11-windows-x86_64-none\Lib\logging\__init__.py", line 1113, in emit
    stream.write(msg + self.terminator)
UnicodeEncodeError: 'cp932' codec can't encode character '\u2014' in position 61: illegal multibyte sequence
Call stack:
  File "C:\Users\takuy\OneDrive\tdnet-excel-input\tools\sync_financials.py", line 538, in <module>
    main()
  File "C:\Users\takuy\OneDrive\tdnet-excel-input\tools\sync_financials.py", line 512, in main
    stats = sync(
  File "C:\Users\takuy\OneDrive\tdnet-excel-input\tools\sync_financials.py", line 348, in sync
    n = api.upsert_batch(table, chunk, on_conflict="ticker,period,quarter")
  File "C:\Users\takuy\OneDrive\tdnet-excel-input\tools\sync_financials.py", line 139, in upsert_batch
    self._request(
  File "C:\Users\takuy\OneDrive\tdnet-excel-input\tools\sync_financials.py", line 123, in _request
    logger.error(
Message: '[API] HTTP 0 \u2014 ÉäÉgÉâÉCïsâ¬\n  ÉåÉXÉ|ÉìÉX: {"code":"42501","details":null,"hint":null,"message":"new row violates row-level security policy for table \\"financials\\""}'
Arguments: ()
--- Logging error ---
Traceback (most recent call last):
  File "C:\Users\takuy\OneDrive\tdnet-excel-input\tools\sync_financials.py", line 348, in sync
    n = api.upsert_batch(table, chunk, on_conflict="ticker,period,quarter")
        ^^^^^^^^^^^^^^^^^^^^^^^^^^^^^^^^^^^^^^^^^^^^^^^^^^^^^^^^^^^^^^^^^^^
  File "C:\Users\takuy\OneDrive\tdnet-excel-input\tools\sync_financials.py", line 139, in upsert_batch
    self._request(
  File "C:\Users\takuy\OneDrive\tdnet-excel-input\tools\sync_financials.py", line 96, in _request
    r.raise_for_status()
  File "C:\Users\takuy\OneDrive\tdnet-excel-input\.venv\Lib\site-packages\requests\models.py", line 1026, in raise_for_status
    raise HTTPError(http_error_msg, response=self)
requests.exceptions.HTTPError: 401 Client Error: Unauthorized for url: https://fvkvfekzoebcolssnteo.supabase.co/rest/v1/financials?on_conflict=ticker%2Cperiod%2Cquarter

During handling of the above exception, another exception occurred:

Traceback (most recent call last):
  File "C:\Users\takuy\AppData\Roaming\uv\python\cpython-3.11-windows-x86_64-none\Lib\logging\__init__.py", line 1113, in emit
    stream.write(msg + self.terminator)
UnicodeEncodeError: 'cp932' codec can't encode character '\u2014' in position 72: illegal multibyte sequence
Call stack:
  File "C:\Users\takuy\OneDrive\tdnet-excel-input\tools\sync_financials.py", line 538, in <module>
    main()
  File "C:\Users\takuy\OneDrive\tdnet-excel-input\tools\sync_financials.py", line 512, in main
    stats = sync(
  File "C:\Users\takuy\OneDrive\tdnet-excel-input\tools\sync_financials.py", line 360, in sync
    logger.error(
Message: "  batch 132/145: FAILED \u2014 401 Client Error: Unauthorized for url: https://fvkvfekzoebcolssnteo.supabase.co/rest/v1/financials?on_conflict=ticker%2Cperiod%2Cquarter\n  (êÊì™çs: {'ticker': '90900', 'period': '2024-03-31', 'quarter': '3Q', 'sales': 150128000000, 'gross_profit': 18626000000, 'operating_profit': 11573000000, 'source': 'jquants', 'updated_at': '2026-03-09T08:32:19.007329+09:00'})"
Arguments: ()
--- Logging error ---
Traceback (most recent call last):
  File "C:\Users\takuy\OneDrive\tdnet-excel-input\tools\sync_financials.py", line 96, in _request
    r.raise_for_status()
  File "C:\Users\takuy\OneDrive\tdnet-excel-input\.venv\Lib\site-packages\requests\models.py", line 1026, in raise_for_status
    raise HTTPError(http_error_msg, response=self)
requests.exceptions.HTTPError: 401 Client Error: Unauthorized for url: https://fvkvfekzoebcolssnteo.supabase.co/rest/v1/financials?on_conflict=ticker%2Cperiod%2Cquarter

During handling of the above exception, another exception occurred:

Traceback (most recent call last):
  File "C:\Users\takuy\AppData\Roaming\uv\python\cpython-3.11-windows-x86_64-none\Lib\logging\__init__.py", line 1113, in emit
    stream.write(msg + self.terminator)
UnicodeEncodeError: 'cp932' codec can't encode character '\u2014' in position 61: illegal multibyte sequence
Call stack:
  File "C:\Users\takuy\OneDrive\tdnet-excel-input\tools\sync_financials.py", line 538, in <module>
    main()
  File "C:\Users\takuy\OneDrive\tdnet-excel-input\tools\sync_financials.py", line 512, in main
    stats = sync(
  File "C:\Users\takuy\OneDrive\tdnet-excel-input\tools\sync_financials.py", line 348, in sync
    n = api.upsert_batch(table, chunk, on_conflict="ticker,period,quarter")
  File "C:\Users\takuy\OneDrive\tdnet-excel-input\tools\sync_financials.py", line 139, in upsert_batch
    self._request(
  File "C:\Users\takuy\OneDrive\tdnet-excel-input\tools\sync_financials.py", line 123, in _request
    logger.error(
Message: '[API] HTTP 0 \u2014 ÉäÉgÉâÉCïsâ¬\n  ÉåÉXÉ|ÉìÉX: {"code":"42501","details":null,"hint":null,"message":"new row violates row-level security policy for table \\"financials\\""}'
Arguments: ()
--- Logging error ---
Traceback (most recent call last):
  File "C:\Users\takuy\OneDrive\tdnet-excel-input\tools\sync_financials.py", line 348, in sync
    n = api.upsert_batch(table, chunk, on_conflict="ticker,period,quarter")
        ^^^^^^^^^^^^^^^^^^^^^^^^^^^^^^^^^^^^^^^^^^^^^^^^^^^^^^^^^^^^^^^^^^^
  File "C:\Users\takuy\OneDrive\tdnet-excel-input\tools\sync_financials.py", line 139, in upsert_batch
    self._request(
  File "C:\Users\takuy\OneDrive\tdnet-excel-input\tools\sync_financials.py", line 96, in _request
    r.raise_for_status()
  File "C:\Users\takuy\OneDrive\tdnet-excel-input\.venv\Lib\site-packages\requests\models.py", line 1026, in raise_for_status
    raise HTTPError(http_error_msg, response=self)
requests.exceptions.HTTPError: 401 Client Error: Unauthorized for url: https://fvkvfekzoebcolssnteo.supabase.co/rest/v1/financials?on_conflict=ticker%2Cperiod%2Cquarter

During handling of the above exception, another exception occurred:

Traceback (most recent call last):
  File "C:\Users\takuy\AppData\Roaming\uv\python\cpython-3.11-windows-x86_64-none\Lib\logging\__init__.py", line 1113, in emit
    stream.write(msg + self.terminator)
UnicodeEncodeError: 'cp932' codec can't encode character '\u2014' in position 72: illegal multibyte sequence
Call stack:
  File "C:\Users\takuy\OneDrive\tdnet-excel-input\tools\sync_financials.py", line 538, in <module>
    main()
  File "C:\Users\takuy\OneDrive\tdnet-excel-input\tools\sync_financials.py", line 512, in main
    stats = sync(
  File "C:\Users\takuy\OneDrive\tdnet-excel-input\tools\sync_financials.py", line 360, in sync
    logger.error(
Message: "  batch 133/145: FAILED \u2014 401 Client Error: Unauthorized for url: https://fvkvfekzoebcolssnteo.supabase.co/rest/v1/financials?on_conflict=ticker%2Cperiod%2Cquarter\n  (êÊì™çs: {'ticker': '92120', 'period': '2026-09-30', 'quarter': '1Q', 'sales': 63000000, 'gross_profit': 49492000, 'operating_profit': -125000000, 'source': 'jquants', 'updated_at': '2026-03-09T08:32:19.007329+09:00'})"
Arguments: ()
--- Logging error ---
Traceback (most recent call last):
  File "C:\Users\takuy\OneDrive\tdnet-excel-input\tools\sync_financials.py", line 96, in _request
    r.raise_for_status()
  File "C:\Users\takuy\OneDrive\tdnet-excel-input\.venv\Lib\site-packages\requests\models.py", line 1026, in raise_for_status
    raise HTTPError(http_error_msg, response=self)
requests.exceptions.HTTPError: 401 Client Error: Unauthorized for url: https://fvkvfekzoebcolssnteo.supabase.co/rest/v1/financials?on_conflict=ticker%2Cperiod%2Cquarter

During handling of the above exception, another exception occurred:

Traceback (most recent call last):
  File "C:\Users\takuy\AppData\Roaming\uv\python\cpython-3.11-windows-x86_64-none\Lib\logging\__init__.py", line 1113, in emit
    stream.write(msg + self.terminator)
UnicodeEncodeError: 'cp932' codec can't encode character '\u2014' in position 61: illegal multibyte sequence
Call stack:
  File "C:\Users\takuy\OneDrive\tdnet-excel-input\tools\sync_financials.py", line 538, in <module>
    main()
  File "C:\Users\takuy\OneDrive\tdnet-excel-input\tools\sync_financials.py", line 512, in main
    stats = sync(
  File "C:\Users\takuy\OneDrive\tdnet-excel-input\tools\sync_financials.py", line 348, in sync
    n = api.upsert_batch(table, chunk, on_conflict="ticker,period,quarter")
  File "C:\Users\takuy\OneDrive\tdnet-excel-input\tools\sync_financials.py", line 139, in upsert_batch
    self._request(
  File "C:\Users\takuy\OneDrive\tdnet-excel-input\tools\sync_financials.py", line 123, in _request
    logger.error(
Message: '[API] HTTP 0 \u2014 ÉäÉgÉâÉCïsâ¬\n  ÉåÉXÉ|ÉìÉX: {"code":"42501","details":null,"hint":null,"message":"new row violates row-level security policy for table \\"financials\\""}'
Arguments: ()
--- Logging error ---
Traceback (most recent call last):
  File "C:\Users\takuy\OneDrive\tdnet-excel-input\tools\sync_financials.py", line 348, in sync
    n = api.upsert_batch(table, chunk, on_conflict="ticker,period,quarter")
        ^^^^^^^^^^^^^^^^^^^^^^^^^^^^^^^^^^^^^^^^^^^^^^^^^^^^^^^^^^^^^^^^^^^
  File "C:\Users\takuy\OneDrive\tdnet-excel-input\tools\sync_financials.py", line 139, in upsert_batch
    self._request(
  File "C:\Users\takuy\OneDrive\tdnet-excel-input\tools\sync_financials.py", line 96, in _request
    r.raise_for_status()
  File "C:\Users\takuy\OneDrive\tdnet-excel-input\.venv\Lib\site-packages\requests\models.py", line 1026, in raise_for_status
    raise HTTPError(http_error_msg, response=self)
requests.exceptions.HTTPError: 401 Client Error: Unauthorized for url: https://fvkvfekzoebcolssnteo.supabase.co/rest/v1/financials?on_conflict=ticker%2Cperiod%2Cquarter

During handling of the above exception, another exception occurred:

Traceback (most recent call last):
  File "C:\Users\takuy\AppData\Roaming\uv\python\cpython-3.11-windows-x86_64-none\Lib\logging\__init__.py", line 1113, in emit
    stream.write(msg + self.terminator)
UnicodeEncodeError: 'cp932' codec can't encode character '\u2014' in position 72: illegal multibyte sequence
Call stack:
  File "C:\Users\takuy\OneDrive\tdnet-excel-input\tools\sync_financials.py", line 538, in <module>
    main()
  File "C:\Users\takuy\OneDrive\tdnet-excel-input\tools\sync_financials.py", line 512, in main
    stats = sync(
  File "C:\Users\takuy\OneDrive\tdnet-excel-input\tools\sync_financials.py", line 360, in sync
    logger.error(
Message: "  batch 134/145: FAILED \u2014 401 Client Error: Unauthorized for url: https://fvkvfekzoebcolssnteo.supabase.co/rest/v1/financials?on_conflict=ticker%2Cperiod%2Cquarter\n  (êÊì™çs: {'ticker': '92560', 'period': '2025-03-31', 'quarter': '1Q', 'sales': 902000000, 'gross_profit': 233574000, 'operating_profit': 157000000, 'source': 'jquants', 'updated_at': '2026-03-09T08:32:19.007329+09:00'})"
Arguments: ()
--- Logging error ---
Traceback (most recent call last):
  File "C:\Users\takuy\OneDrive\tdnet-excel-input\tools\sync_financials.py", line 96, in _request
    r.raise_for_status()
  File "C:\Users\takuy\OneDrive\tdnet-excel-input\.venv\Lib\site-packages\requests\models.py", line 1026, in raise_for_status
    raise HTTPError(http_error_msg, response=self)
requests.exceptions.HTTPError: 401 Client Error: Unauthorized for url: https://fvkvfekzoebcolssnteo.supabase.co/rest/v1/financials?on_conflict=ticker%2Cperiod%2Cquarter

During handling of the above exception, another exception occurred:

Traceback (most recent call last):
  File "C:\Users\takuy\AppData\Roaming\uv\python\cpython-3.11-windows-x86_64-none\Lib\logging\__init__.py", line 1113, in emit
    stream.write(msg + self.terminator)
UnicodeEncodeError: 'cp932' codec can't encode character '\u2014' in position 61: illegal multibyte sequence
Call stack:
  File "C:\Users\takuy\OneDrive\tdnet-excel-input\tools\sync_financials.py", line 538, in <module>
    main()
  File "C:\Users\takuy\OneDrive\tdnet-excel-input\tools\sync_financials.py", line 512, in main
    stats = sync(
  File "C:\Users\takuy\OneDrive\tdnet-excel-input\tools\sync_financials.py", line 348, in sync
    n = api.upsert_batch(table, chunk, on_conflict="ticker,period,quarter")
  File "C:\Users\takuy\OneDrive\tdnet-excel-input\tools\sync_financials.py", line 139, in upsert_batch
    self._request(
  File "C:\Users\takuy\OneDrive\tdnet-excel-input\tools\sync_financials.py", line 123, in _request
    logger.error(
Message: '[API] HTTP 0 \u2014 ÉäÉgÉâÉCïsâ¬\n  ÉåÉXÉ|ÉìÉX: {"code":"42501","details":null,"hint":null,"message":"new row violates row-level security policy for table \\"financials\\""}'
Arguments: ()
--- Logging error ---
Traceback (most recent call last):
  File "C:\Users\takuy\OneDrive\tdnet-excel-input\tools\sync_financials.py", line 348, in sync
    n = api.upsert_batch(table, chunk, on_conflict="ticker,period,quarter")
        ^^^^^^^^^^^^^^^^^^^^^^^^^^^^^^^^^^^^^^^^^^^^^^^^^^^^^^^^^^^^^^^^^^^
  File "C:\Users\takuy\OneDrive\tdnet-excel-input\tools\sync_financials.py", line 139, in upsert_batch
    self._request(
  File "C:\Users\takuy\OneDrive\tdnet-excel-input\tools\sync_financials.py", line 96, in _request
    r.raise_for_status()
  File "C:\Users\takuy\OneDrive\tdnet-excel-input\.venv\Lib\site-packages\requests\models.py", line 1026, in raise_for_status
    raise HTTPError(http_error_msg, response=self)
requests.exceptions.HTTPError: 401 Client Error: Unauthorized for url: https://fvkvfekzoebcolssnteo.supabase.co/rest/v1/financials?on_conflict=ticker%2Cperiod%2Cquarter

During handling of the above exception, another exception occurred:

Traceback (most recent call last):
  File "C:\Users\takuy\AppData\Roaming\uv\python\cpython-3.11-windows-x86_64-none\Lib\logging\__init__.py", line 1113, in emit
    stream.write(msg + self.terminator)
UnicodeEncodeError: 'cp932' codec can't encode character '\u2014' in position 72: illegal multibyte sequence
Call stack:
  File "C:\Users\takuy\OneDrive\tdnet-excel-input\tools\sync_financials.py", line 538, in <module>
    main()
  File "C:\Users\takuy\OneDrive\tdnet-excel-input\tools\sync_financials.py", line 512, in main
    stats = sync(
  File "C:\Users\takuy\OneDrive\tdnet-excel-input\tools\sync_financials.py", line 360, in sync
    logger.error(
Message: "  batch 135/145: FAILED \u2014 401 Client Error: Unauthorized for url: https://fvkvfekzoebcolssnteo.supabase.co/rest/v1/financials?on_conflict=ticker%2Cperiod%2Cquarter\n  (êÊì™çs: {'ticker': '93110', 'period': '2026-03-31', 'quarter': '2Q', 'sales': 16298000000, 'gross_profit': 3011748000, 'operating_profit': 495000000, 'source': 'jquants', 'updated_at': '2026-03-09T08:32:19.007329+09:00'})"
Arguments: ()
--- Logging error ---
Traceback (most recent call last):
  File "C:\Users\takuy\OneDrive\tdnet-excel-input\tools\sync_financials.py", line 96, in _request
    r.raise_for_status()
  File "C:\Users\takuy\OneDrive\tdnet-excel-input\.venv\Lib\site-packages\requests\models.py", line 1026, in raise_for_status
    raise HTTPError(http_error_msg, response=self)
requests.exceptions.HTTPError: 401 Client Error: Unauthorized for url: https://fvkvfekzoebcolssnteo.supabase.co/rest/v1/financials?on_conflict=ticker%2Cperiod%2Cquarter

During handling of the above exception, another exception occurred:

Traceback (most recent call last):
  File "C:\Users\takuy\AppData\Roaming\uv\python\cpython-3.11-windows-x86_64-none\Lib\logging\__init__.py", line 1113, in emit
    stream.write(msg + self.terminator)
UnicodeEncodeError: 'cp932' codec can't encode character '\u2014' in position 61: illegal multibyte sequence
Call stack:
  File "C:\Users\takuy\OneDrive\tdnet-excel-input\tools\sync_financials.py", line 538, in <module>
    main()
  File "C:\Users\takuy\OneDrive\tdnet-excel-input\tools\sync_financials.py", line 512, in main
    stats = sync(
  File "C:\Users\takuy\OneDrive\tdnet-excel-input\tools\sync_financials.py", line 348, in sync
    n = api.upsert_batch(table, chunk, on_conflict="ticker,period,quarter")
  File "C:\Users\takuy\OneDrive\tdnet-excel-input\tools\sync_financials.py", line 139, in upsert_batch
    self._request(
  File "C:\Users\takuy\OneDrive\tdnet-excel-input\tools\sync_financials.py", line 123, in _request
    logger.error(
Message: '[API] HTTP 0 \u2014 ÉäÉgÉâÉCïsâ¬\n  ÉåÉXÉ|ÉìÉX: {"code":"42501","details":null,"hint":null,"message":"new row violates row-level security policy for table \\"financials\\""}'
Arguments: ()
--- Logging error ---
Traceback (most recent call last):
  File "C:\Users\takuy\OneDrive\tdnet-excel-input\tools\sync_financials.py", line 348, in sync
    n = api.upsert_batch(table, chunk, on_conflict="ticker,period,quarter")
        ^^^^^^^^^^^^^^^^^^^^^^^^^^^^^^^^^^^^^^^^^^^^^^^^^^^^^^^^^^^^^^^^^^^
  File "C:\Users\takuy\OneDrive\tdnet-excel-input\tools\sync_financials.py", line 139, in upsert_batch
    self._request(
  File "C:\Users\takuy\OneDrive\tdnet-excel-input\tools\sync_financials.py", line 96, in _request
    r.raise_for_status()
  File "C:\Users\takuy\OneDrive\tdnet-excel-input\.venv\Lib\site-packages\requests\models.py", line 1026, in raise_for_status
    raise HTTPError(http_error_msg, response=self)
requests.exceptions.HTTPError: 401 Client Error: Unauthorized for url: https://fvkvfekzoebcolssnteo.supabase.co/rest/v1/financials?on_conflict=ticker%2Cperiod%2Cquarter

During handling of the above exception, another exception occurred:

Traceback (most recent call last):
  File "C:\Users\takuy\AppData\Roaming\uv\python\cpython-3.11-windows-x86_64-none\Lib\logging\__init__.py", line 1113, in emit
    stream.write(msg + self.terminator)
UnicodeEncodeError: 'cp932' codec can't encode character '\u2014' in position 72: illegal multibyte sequence
Call stack:
  File "C:\Users\takuy\OneDrive\tdnet-excel-input\tools\sync_financials.py", line 538, in <module>
    main()
  File "C:\Users\takuy\OneDrive\tdnet-excel-input\tools\sync_financials.py", line 512, in main
    stats = sync(
  File "C:\Users\takuy\OneDrive\tdnet-excel-input\tools\sync_financials.py", line 360, in sync
    logger.error(
Message: "  batch 136/145: FAILED \u2014 401 Client Error: Unauthorized for url: https://fvkvfekzoebcolssnteo.supabase.co/rest/v1/financials?on_conflict=ticker%2Cperiod%2Cquarter\n  (êÊì™çs: {'ticker': '93640', 'period': '2022-03-31', 'quarter': '2Q', 'sales': 128968000000, 'gross_profit': None, 'operating_profit': 14342000000, 'source': 'jquants', 'updated_at': '2026-03-09T08:32:19.007329+09:00'})"
Arguments: ()
--- Logging error ---
Traceback (most recent call last):
  File "C:\Users\takuy\OneDrive\tdnet-excel-input\tools\sync_financials.py", line 96, in _request
    r.raise_for_status()
  File "C:\Users\takuy\OneDrive\tdnet-excel-input\.venv\Lib\site-packages\requests\models.py", line 1026, in raise_for_status
    raise HTTPError(http_error_msg, response=self)
requests.exceptions.HTTPError: 401 Client Error: Unauthorized for url: https://fvkvfekzoebcolssnteo.supabase.co/rest/v1/financials?on_conflict=ticker%2Cperiod%2Cquarter

During handling of the above exception, another exception occurred:

Traceback (most recent call last):
  File "C:\Users\takuy\AppData\Roaming\uv\python\cpython-3.11-windows-x86_64-none\Lib\logging\__init__.py", line 1113, in emit
    stream.write(msg + self.terminator)
UnicodeEncodeError: 'cp932' codec can't encode character '\u2014' in position 61: illegal multibyte sequence
Call stack:
  File "C:\Users\takuy\OneDrive\tdnet-excel-input\tools\sync_financials.py", line 538, in <module>
    main()
  File "C:\Users\takuy\OneDrive\tdnet-excel-input\tools\sync_financials.py", line 512, in main
    stats = sync(
  File "C:\Users\takuy\OneDrive\tdnet-excel-input\tools\sync_financials.py", line 348, in sync
    n = api.upsert_batch(table, chunk, on_conflict="ticker,period,quarter")
  File "C:\Users\takuy\OneDrive\tdnet-excel-input\tools\sync_financials.py", line 139, in upsert_batch
    self._request(
  File "C:\Users\takuy\OneDrive\tdnet-excel-input\tools\sync_financials.py", line 123, in _request
    logger.error(
Message: '[API] HTTP 0 \u2014 ÉäÉgÉâÉCïsâ¬\n  ÉåÉXÉ|ÉìÉX: {"code":"42501","details":null,"hint":null,"message":"new row violates row-level security policy for table \\"financials\\""}'
Arguments: ()
--- Logging error ---
Traceback (most recent call last):
  File "C:\Users\takuy\OneDrive\tdnet-excel-input\tools\sync_financials.py", line 348, in sync
    n = api.upsert_batch(table, chunk, on_conflict="ticker,period,quarter")
        ^^^^^^^^^^^^^^^^^^^^^^^^^^^^^^^^^^^^^^^^^^^^^^^^^^^^^^^^^^^^^^^^^^^
  File "C:\Users\takuy\OneDrive\tdnet-excel-input\tools\sync_financials.py", line 139, in upsert_batch
    self._request(
  File "C:\Users\takuy\OneDrive\tdnet-excel-input\tools\sync_financials.py", line 96, in _request
    r.raise_for_status()
  File "C:\Users\takuy\OneDrive\tdnet-excel-input\.venv\Lib\site-packages\requests\models.py", line 1026, in raise_for_status
    raise HTTPError(http_error_msg, response=self)
requests.exceptions.HTTPError: 401 Client Error: Unauthorized for url: https://fvkvfekzoebcolssnteo.supabase.co/rest/v1/financials?on_conflict=ticker%2Cperiod%2Cquarter

During handling of the above exception, another exception occurred:

Traceback (most recent call last):
  File "C:\Users\takuy\AppData\Roaming\uv\python\cpython-3.11-windows-x86_64-none\Lib\logging\__init__.py", line 1113, in emit
    stream.write(msg + self.terminator)
UnicodeEncodeError: 'cp932' codec can't encode character '\u2014' in position 72: illegal multibyte sequence
Call stack:
  File "C:\Users\takuy\OneDrive\tdnet-excel-input\tools\sync_financials.py", line 538, in <module>
    main()
  File "C:\Users\takuy\OneDrive\tdnet-excel-input\tools\sync_financials.py", line 512, in main
    stats = sync(
  File "C:\Users\takuy\OneDrive\tdnet-excel-input\tools\sync_financials.py", line 360, in sync
    logger.error(
Message: "  batch 137/145: FAILED \u2014 401 Client Error: Unauthorized for url: https://fvkvfekzoebcolssnteo.supabase.co/rest/v1/financials?on_conflict=ticker%2Cperiod%2Cquarter\n  (êÊì™çs: {'ticker': '94250', 'period': '2021-04-30', 'quarter': 'FY', 'sales': 5694000000, 'gross_profit': 834100000, 'operating_profit': 83000000, 'source': 'jquants', 'updated_at': '2026-03-09T08:32:19.007329+09:00'})"
Arguments: ()
--- Logging error ---
Traceback (most recent call last):
  File "C:\Users\takuy\OneDrive\tdnet-excel-input\tools\sync_financials.py", line 96, in _request
    r.raise_for_status()
  File "C:\Users\takuy\OneDrive\tdnet-excel-input\.venv\Lib\site-packages\requests\models.py", line 1026, in raise_for_status
    raise HTTPError(http_error_msg, response=self)
requests.exceptions.HTTPError: 401 Client Error: Unauthorized for url: https://fvkvfekzoebcolssnteo.supabase.co/rest/v1/financials?on_conflict=ticker%2Cperiod%2Cquarter

During handling of the above exception, another exception occurred:

Traceback (most recent call last):
  File "C:\Users\takuy\AppData\Roaming\uv\python\cpython-3.11-windows-x86_64-none\Lib\logging\__init__.py", line 1113, in emit
    stream.write(msg + self.terminator)
UnicodeEncodeError: 'cp932' codec can't encode character '\u2014' in position 61: illegal multibyte sequence
Call stack:
  File "C:\Users\takuy\OneDrive\tdnet-excel-input\tools\sync_financials.py", line 538, in <module>
    main()
  File "C:\Users\takuy\OneDrive\tdnet-excel-input\tools\sync_financials.py", line 512, in main
    stats = sync(
  File "C:\Users\takuy\OneDrive\tdnet-excel-input\tools\sync_financials.py", line 348, in sync
    n = api.upsert_batch(table, chunk, on_conflict="ticker,period,quarter")
  File "C:\Users\takuy\OneDrive\tdnet-excel-input\tools\sync_financials.py", line 139, in upsert_batch
    self._request(
  File "C:\Users\takuy\OneDrive\tdnet-excel-input\tools\sync_financials.py", line 123, in _request
    logger.error(
Message: '[API] HTTP 0 \u2014 ÉäÉgÉâÉCïsâ¬\n  ÉåÉXÉ|ÉìÉX: {"code":"42501","details":null,"hint":null,"message":"new row violates row-level security policy for table \\"financials\\""}'
Arguments: ()
--- Logging error ---
Traceback (most recent call last):
  File "C:\Users\takuy\OneDrive\tdnet-excel-input\tools\sync_financials.py", line 348, in sync
    n = api.upsert_batch(table, chunk, on_conflict="ticker,period,quarter")
        ^^^^^^^^^^^^^^^^^^^^^^^^^^^^^^^^^^^^^^^^^^^^^^^^^^^^^^^^^^^^^^^^^^^
  File "C:\Users\takuy\OneDrive\tdnet-excel-input\tools\sync_financials.py", line 139, in upsert_batch
    self._request(
  File "C:\Users\takuy\OneDrive\tdnet-excel-input\tools\sync_financials.py", line 96, in _request
    r.raise_for_status()
  File "C:\Users\takuy\OneDrive\tdnet-excel-input\.venv\Lib\site-packages\requests\models.py", line 1026, in raise_for_status
    raise HTTPError(http_error_msg, response=self)
requests.exceptions.HTTPError: 401 Client Error: Unauthorized for url: https://fvkvfekzoebcolssnteo.supabase.co/rest/v1/financials?on_conflict=ticker%2Cperiod%2Cquarter

During handling of the above exception, another exception occurred:

Traceback (most recent call last):
  File "C:\Users\takuy\AppData\Roaming\uv\python\cpython-3.11-windows-x86_64-none\Lib\logging\__init__.py", line 1113, in emit
    stream.write(msg + self.terminator)
UnicodeEncodeError: 'cp932' codec can't encode character '\u2014' in position 72: illegal multibyte sequence
Call stack:
  File "C:\Users\takuy\OneDrive\tdnet-excel-input\tools\sync_financials.py", line 538, in <module>
    main()
  File "C:\Users\takuy\OneDrive\tdnet-excel-input\tools\sync_financials.py", line 512, in main
    stats = sync(
  File "C:\Users\takuy\OneDrive\tdnet-excel-input\tools\sync_financials.py", line 360, in sync
    logger.error(
Message: "  batch 138/145: FAILED \u2014 401 Client Error: Unauthorized for url: https://fvkvfekzoebcolssnteo.supabase.co/rest/v1/financials?on_conflict=ticker%2Cperiod%2Cquarter\n  (êÊì™çs: {'ticker': '95030', 'period': '2021-03-31', 'quarter': 'FY', 'sales': 3092398000000, 'gross_profit': None, 'operating_profit': 145746000000, 'source': 'jquants', 'updated_at': '2026-03-09T08:32:19.007329+09:00'})"
Arguments: ()
--- Logging error ---
Traceback (most recent call last):
  File "C:\Users\takuy\OneDrive\tdnet-excel-input\tools\sync_financials.py", line 96, in _request
    r.raise_for_status()
  File "C:\Users\takuy\OneDrive\tdnet-excel-input\.venv\Lib\site-packages\requests\models.py", line 1026, in raise_for_status
    raise HTTPError(http_error_msg, response=self)
requests.exceptions.HTTPError: 401 Client Error: Unauthorized for url: https://fvkvfekzoebcolssnteo.supabase.co/rest/v1/financials?on_conflict=ticker%2Cperiod%2Cquarter

During handling of the above exception, another exception occurred:

Traceback (most recent call last):
  File "C:\Users\takuy\AppData\Roaming\uv\python\cpython-3.11-windows-x86_64-none\Lib\logging\__init__.py", line 1113, in emit
    stream.write(msg + self.terminator)
UnicodeEncodeError: 'cp932' codec can't encode character '\u2014' in position 61: illegal multibyte sequence
Call stack:
  File "C:\Users\takuy\OneDrive\tdnet-excel-input\tools\sync_financials.py", line 538, in <module>
    main()
  File "C:\Users\takuy\OneDrive\tdnet-excel-input\tools\sync_financials.py", line 512, in main
    stats = sync(
  File "C:\Users\takuy\OneDrive\tdnet-excel-input\tools\sync_financials.py", line 348, in sync
    n = api.upsert_batch(table, chunk, on_conflict="ticker,period,quarter")
  File "C:\Users\takuy\OneDrive\tdnet-excel-input\tools\sync_financials.py", line 139, in upsert_batch
    self._request(
  File "C:\Users\takuy\OneDrive\tdnet-excel-input\tools\sync_financials.py", line 123, in _request
    logger.error(
Message: '[API] HTTP 0 \u2014 ÉäÉgÉâÉCïsâ¬\n  ÉåÉXÉ|ÉìÉX: {"code":"42501","details":null,"hint":null,"message":"new row violates row-level security policy for table \\"financials\\""}'
Arguments: ()
--- Logging error ---
Traceback (most recent call last):
  File "C:\Users\takuy\OneDrive\tdnet-excel-input\tools\sync_financials.py", line 348, in sync
    n = api.upsert_batch(table, chunk, on_conflict="ticker,period,quarter")
        ^^^^^^^^^^^^^^^^^^^^^^^^^^^^^^^^^^^^^^^^^^^^^^^^^^^^^^^^^^^^^^^^^^^
  File "C:\Users\takuy\OneDrive\tdnet-excel-input\tools\sync_financials.py", line 139, in upsert_batch
    self._request(
  File "C:\Users\takuy\OneDrive\tdnet-excel-input\tools\sync_financials.py", line 96, in _request
    r.raise_for_status()
  File "C:\Users\takuy\OneDrive\tdnet-excel-input\.venv\Lib\site-packages\requests\models.py", line 1026, in raise_for_status
    raise HTTPError(http_error_msg, response=self)
requests.exceptions.HTTPError: 401 Client Error: Unauthorized for url: https://fvkvfekzoebcolssnteo.supabase.co/rest/v1/financials?on_conflict=ticker%2Cperiod%2Cquarter

During handling of the above exception, another exception occurred:

Traceback (most recent call last):
  File "C:\Users\takuy\AppData\Roaming\uv\python\cpython-3.11-windows-x86_64-none\Lib\logging\__init__.py", line 1113, in emit
    stream.write(msg + self.terminator)
UnicodeEncodeError: 'cp932' codec can't encode character '\u2014' in position 72: illegal multibyte sequence
Call stack:
  File "C:\Users\takuy\OneDrive\tdnet-excel-input\tools\sync_financials.py", line 538, in <module>
    main()
  File "C:\Users\takuy\OneDrive\tdnet-excel-input\tools\sync_financials.py", line 512, in main
    stats = sync(
  File "C:\Users\takuy\OneDrive\tdnet-excel-input\tools\sync_financials.py", line 360, in sync
    logger.error(
Message: "  batch 139/145: FAILED \u2014 401 Client Error: Unauthorized for url: https://fvkvfekzoebcolssnteo.supabase.co/rest/v1/financials?on_conflict=ticker%2Cperiod%2Cquarter\n  (êÊì™çs: {'ticker': '95560', 'period': '2023-07-31', 'quarter': 'FY', 'sales': 17823000000, 'gross_profit': 4073680000, 'operating_profit': 1105000000, 'source': 'jquants', 'updated_at': '2026-03-09T08:32:19.007329+09:00'})"
Arguments: ()
--- Logging error ---
Traceback (most recent call last):
  File "C:\Users\takuy\OneDrive\tdnet-excel-input\tools\sync_financials.py", line 96, in _request
    r.raise_for_status()
  File "C:\Users\takuy\OneDrive\tdnet-excel-input\.venv\Lib\site-packages\requests\models.py", line 1026, in raise_for_status
    raise HTTPError(http_error_msg, response=self)
requests.exceptions.HTTPError: 401 Client Error: Unauthorized for url: https://fvkvfekzoebcolssnteo.supabase.co/rest/v1/financials?on_conflict=ticker%2Cperiod%2Cquarter

During handling of the above exception, another exception occurred:

Traceback (most recent call last):
  File "C:\Users\takuy\AppData\Roaming\uv\python\cpython-3.11-windows-x86_64-none\Lib\logging\__init__.py", line 1113, in emit
    stream.write(msg + self.terminator)
UnicodeEncodeError: 'cp932' codec can't encode character '\u2014' in position 61: illegal multibyte sequence
Call stack:
  File "C:\Users\takuy\OneDrive\tdnet-excel-input\tools\sync_financials.py", line 538, in <module>
    main()
  File "C:\Users\takuy\OneDrive\tdnet-excel-input\tools\sync_financials.py", line 512, in main
    stats = sync(
  File "C:\Users\takuy\OneDrive\tdnet-excel-input\tools\sync_financials.py", line 348, in sync
    n = api.upsert_batch(table, chunk, on_conflict="ticker,period,quarter")
  File "C:\Users\takuy\OneDrive\tdnet-excel-input\tools\sync_financials.py", line 139, in upsert_batch
    self._request(
  File "C:\Users\takuy\OneDrive\tdnet-excel-input\tools\sync_financials.py", line 123, in _request
    logger.error(
Message: '[API] HTTP 0 \u2014 ÉäÉgÉâÉCïsâ¬\n  ÉåÉXÉ|ÉìÉX: {"code":"42501","details":null,"hint":null,"message":"new row violates row-level security policy for table \\"financials\\""}'
Arguments: ()
--- Logging error ---
Traceback (most recent call last):
  File "C:\Users\takuy\OneDrive\tdnet-excel-input\tools\sync_financials.py", line 348, in sync
    n = api.upsert_batch(table, chunk, on_conflict="ticker,period,quarter")
        ^^^^^^^^^^^^^^^^^^^^^^^^^^^^^^^^^^^^^^^^^^^^^^^^^^^^^^^^^^^^^^^^^^^
  File "C:\Users\takuy\OneDrive\tdnet-excel-input\tools\sync_financials.py", line 139, in upsert_batch
    self._request(
  File "C:\Users\takuy\OneDrive\tdnet-excel-input\tools\sync_financials.py", line 96, in _request
    r.raise_for_status()
  File "C:\Users\takuy\OneDrive\tdnet-excel-input\.venv\Lib\site-packages\requests\models.py", line 1026, in raise_for_status
    raise HTTPError(http_error_msg, response=self)
requests.exceptions.HTTPError: 401 Client Error: Unauthorized for url: https://fvkvfekzoebcolssnteo.supabase.co/rest/v1/financials?on_conflict=ticker%2Cperiod%2Cquarter

During handling of the above exception, another exception occurred:

Traceback (most recent call last):
  File "C:\Users\takuy\AppData\Roaming\uv\python\cpython-3.11-windows-x86_64-none\Lib\logging\__init__.py", line 1113, in emit
    stream.write(msg + self.terminator)
UnicodeEncodeError: 'cp932' codec can't encode character '\u2014' in position 72: illegal multibyte sequence
Call stack:
  File "C:\Users\takuy\OneDrive\tdnet-excel-input\tools\sync_financials.py", line 538, in <module>
    main()
  File "C:\Users\takuy\OneDrive\tdnet-excel-input\tools\sync_financials.py", line 512, in main
    stats = sync(
  File "C:\Users\takuy\OneDrive\tdnet-excel-input\tools\sync_financials.py", line 360, in sync
    logger.error(
Message: "  batch 140/145: FAILED \u2014 401 Client Error: Unauthorized for url: https://fvkvfekzoebcolssnteo.supabase.co/rest/v1/financials?on_conflict=ticker%2Cperiod%2Cquarter\n  (êÊì™çs: {'ticker': '96390', 'period': '2025-03-31', 'quarter': '1Q', 'sales': 14936000000, 'gross_profit': 5952000000, 'operating_profit': 2391000000, 'source': 'jquants', 'updated_at': '2026-03-09T08:32:19.007329+09:00'})"
Arguments: ()
--- Logging error ---
Traceback (most recent call last):
  File "C:\Users\takuy\OneDrive\tdnet-excel-input\tools\sync_financials.py", line 96, in _request
    r.raise_for_status()
  File "C:\Users\takuy\OneDrive\tdnet-excel-input\.venv\Lib\site-packages\requests\models.py", line 1026, in raise_for_status
    raise HTTPError(http_error_msg, response=self)
requests.exceptions.HTTPError: 401 Client Error: Unauthorized for url: https://fvkvfekzoebcolssnteo.supabase.co/rest/v1/financials?on_conflict=ticker%2Cperiod%2Cquarter

During handling of the above exception, another exception occurred:

Traceback (most recent call last):
  File "C:\Users\takuy\AppData\Roaming\uv\python\cpython-3.11-windows-x86_64-none\Lib\logging\__init__.py", line 1113, in emit
    stream.write(msg + self.terminator)
UnicodeEncodeError: 'cp932' codec can't encode character '\u2014' in position 61: illegal multibyte sequence
Call stack:
  File "C:\Users\takuy\OneDrive\tdnet-excel-input\tools\sync_financials.py", line 538, in <module>
    main()
  File "C:\Users\takuy\OneDrive\tdnet-excel-input\tools\sync_financials.py", line 512, in main
    stats = sync(
  File "C:\Users\takuy\OneDrive\tdnet-excel-input\tools\sync_financials.py", line 348, in sync
    n = api.upsert_batch(table, chunk, on_conflict="ticker,period,quarter")
  File "C:\Users\takuy\OneDrive\tdnet-excel-input\tools\sync_financials.py", line 139, in upsert_batch
    self._request(
  File "C:\Users\takuy\OneDrive\tdnet-excel-input\tools\sync_financials.py", line 123, in _request
    logger.error(
Message: '[API] HTTP 0 \u2014 ÉäÉgÉâÉCïsâ¬\n  ÉåÉXÉ|ÉìÉX: {"code":"42501","details":null,"hint":null,"message":"new row violates row-level security policy for table \\"financials\\""}'
Arguments: ()
--- Logging error ---
Traceback (most recent call last):
  File "C:\Users\takuy\OneDrive\tdnet-excel-input\tools\sync_financials.py", line 348, in sync
    n = api.upsert_batch(table, chunk, on_conflict="ticker,period,quarter")
        ^^^^^^^^^^^^^^^^^^^^^^^^^^^^^^^^^^^^^^^^^^^^^^^^^^^^^^^^^^^^^^^^^^^
  File "C:\Users\takuy\OneDrive\tdnet-excel-input\tools\sync_financials.py", line 139, in upsert_batch
    self._request(
  File "C:\Users\takuy\OneDrive\tdnet-excel-input\tools\sync_financials.py", line 96, in _request
    r.raise_for_status()
  File "C:\Users\takuy\OneDrive\tdnet-excel-input\.venv\Lib\site-packages\requests\models.py", line 1026, in raise_for_status
    raise HTTPError(http_error_msg, response=self)
requests.exceptions.HTTPError: 401 Client Error: Unauthorized for url: https://fvkvfekzoebcolssnteo.supabase.co/rest/v1/financials?on_conflict=ticker%2Cperiod%2Cquarter

During handling of the above exception, another exception occurred:

Traceback (most recent call last):
  File "C:\Users\takuy\AppData\Roaming\uv\python\cpython-3.11-windows-x86_64-none\Lib\logging\__init__.py", line 1113, in emit
    stream.write(msg + self.terminator)
UnicodeEncodeError: 'cp932' codec can't encode character '\u2014' in position 72: illegal multibyte sequence
Call stack:
  File "C:\Users\takuy\OneDrive\tdnet-excel-input\tools\sync_financials.py", line 538, in <module>
    main()
  File "C:\Users\takuy\OneDrive\tdnet-excel-input\tools\sync_financials.py", line 512, in main
    stats = sync(
  File "C:\Users\takuy\OneDrive\tdnet-excel-input\tools\sync_financials.py", line 360, in sync
    logger.error(
Message: "  batch 141/145: FAILED \u2014 401 Client Error: Unauthorized for url: https://fvkvfekzoebcolssnteo.supabase.co/rest/v1/financials?on_conflict=ticker%2Cperiod%2Cquarter\n  (êÊì™çs: {'ticker': '97060', 'period': '2023-03-31', 'quarter': 'FY', 'sales': 113050000000, 'gross_profit': 83965000000, 'operating_profit': -10579000000, 'source': 'jquants', 'updated_at': '2026-03-09T08:32:19.007329+09:00'})"
Arguments: ()
--- Logging error ---
Traceback (most recent call last):
  File "C:\Users\takuy\OneDrive\tdnet-excel-input\tools\sync_financials.py", line 96, in _request
    r.raise_for_status()
  File "C:\Users\takuy\OneDrive\tdnet-excel-input\.venv\Lib\site-packages\requests\models.py", line 1026, in raise_for_status
    raise HTTPError(http_error_msg, response=self)
requests.exceptions.HTTPError: 401 Client Error: Unauthorized for url: https://fvkvfekzoebcolssnteo.supabase.co/rest/v1/financials?on_conflict=ticker%2Cperiod%2Cquarter

During handling of the above exception, another exception occurred:

Traceback (most recent call last):
  File "C:\Users\takuy\AppData\Roaming\uv\python\cpython-3.11-windows-x86_64-none\Lib\logging\__init__.py", line 1113, in emit
    stream.write(msg + self.terminator)
UnicodeEncodeError: 'cp932' codec can't encode character '\u2014' in position 61: illegal multibyte sequence
Call stack:
  File "C:\Users\takuy\OneDrive\tdnet-excel-input\tools\sync_financials.py", line 538, in <module>
    main()
  File "C:\Users\takuy\OneDrive\tdnet-excel-input\tools\sync_financials.py", line 512, in main
    stats = sync(
  File "C:\Users\takuy\OneDrive\tdnet-excel-input\tools\sync_financials.py", line 348, in sync
    n = api.upsert_batch(table, chunk, on_conflict="ticker,period,quarter")
  File "C:\Users\takuy\OneDrive\tdnet-excel-input\tools\sync_financials.py", line 139, in upsert_batch
    self._request(
  File "C:\Users\takuy\OneDrive\tdnet-excel-input\tools\sync_financials.py", line 123, in _request
    logger.error(
Message: '[API] HTTP 0 \u2014 ÉäÉgÉâÉCïsâ¬\n  ÉåÉXÉ|ÉìÉX: {"code":"42501","details":null,"hint":null,"message":"new row violates row-level security policy for table \\"financials\\""}'
Arguments: ()
--- Logging error ---
Traceback (most recent call last):
  File "C:\Users\takuy\OneDrive\tdnet-excel-input\tools\sync_financials.py", line 348, in sync
    n = api.upsert_batch(table, chunk, on_conflict="ticker,period,quarter")
        ^^^^^^^^^^^^^^^^^^^^^^^^^^^^^^^^^^^^^^^^^^^^^^^^^^^^^^^^^^^^^^^^^^^
  File "C:\Users\takuy\OneDrive\tdnet-excel-input\tools\sync_financials.py", line 139, in upsert_batch
    self._request(
  File "C:\Users\takuy\OneDrive\tdnet-excel-input\tools\sync_financials.py", line 96, in _request
    r.raise_for_status()
  File "C:\Users\takuy\OneDrive\tdnet-excel-input\.venv\Lib\site-packages\requests\models.py", line 1026, in raise_for_status
    raise HTTPError(http_error_msg, response=self)
requests.exceptions.HTTPError: 401 Client Error: Unauthorized for url: https://fvkvfekzoebcolssnteo.supabase.co/rest/v1/financials?on_conflict=ticker%2Cperiod%2Cquarter

During handling of the above exception, another exception occurred:

Traceback (most recent call last):
  File "C:\Users\takuy\AppData\Roaming\uv\python\cpython-3.11-windows-x86_64-none\Lib\logging\__init__.py", line 1113, in emit
    stream.write(msg + self.terminator)
UnicodeEncodeError: 'cp932' codec can't encode character '\u2014' in position 72: illegal multibyte sequence
Call stack:
  File "C:\Users\takuy\OneDrive\tdnet-excel-input\tools\sync_financials.py", line 538, in <module>
    main()
  File "C:\Users\takuy\OneDrive\tdnet-excel-input\tools\sync_financials.py", line 512, in main
    stats = sync(
  File "C:\Users\takuy\OneDrive\tdnet-excel-input\tools\sync_financials.py", line 360, in sync
    logger.error(
Message: "  batch 142/145: FAILED \u2014 401 Client Error: Unauthorized for url: https://fvkvfekzoebcolssnteo.supabase.co/rest/v1/financials?on_conflict=ticker%2Cperiod%2Cquarter\n  (êÊì™çs: {'ticker': '97600', 'period': '2023-03-31', 'quarter': '2Q', 'sales': 3436000000, 'gross_profit': -361909000, 'operating_profit': -755000000, 'source': 'jquants', 'updated_at': '2026-03-09T08:32:19.007329+09:00'})"
Arguments: ()
--- Logging error ---
Traceback (most recent call last):
  File "C:\Users\takuy\OneDrive\tdnet-excel-input\tools\sync_financials.py", line 96, in _request
    r.raise_for_status()
  File "C:\Users\takuy\OneDrive\tdnet-excel-input\.venv\Lib\site-packages\requests\models.py", line 1026, in raise_for_status
    raise HTTPError(http_error_msg, response=self)
requests.exceptions.HTTPError: 401 Client Error: Unauthorized for url: https://fvkvfekzoebcolssnteo.supabase.co/rest/v1/financials?on_conflict=ticker%2Cperiod%2Cquarter

During handling of the above exception, another exception occurred:

Traceback (most recent call last):
  File "C:\Users\takuy\AppData\Roaming\uv\python\cpython-3.11-windows-x86_64-none\Lib\logging\__init__.py", line 1113, in emit
    stream.write(msg + self.terminator)
UnicodeEncodeError: 'cp932' codec can't encode character '\u2014' in position 61: illegal multibyte sequence
Call stack:
  File "C:\Users\takuy\OneDrive\tdnet-excel-input\tools\sync_financials.py", line 538, in <module>
    main()
  File "C:\Users\takuy\OneDrive\tdnet-excel-input\tools\sync_financials.py", line 512, in main
    stats = sync(
  File "C:\Users\takuy\OneDrive\tdnet-excel-input\tools\sync_financials.py", line 348, in sync
    n = api.upsert_batch(table, chunk, on_conflict="ticker,period,quarter")
  File "C:\Users\takuy\OneDrive\tdnet-excel-input\tools\sync_financials.py", line 139, in upsert_batch
    self._request(
  File "C:\Users\takuy\OneDrive\tdnet-excel-input\tools\sync_financials.py", line 123, in _request
    logger.error(
Message: '[API] HTTP 0 \u2014 ÉäÉgÉâÉCïsâ¬\n  ÉåÉXÉ|ÉìÉX: {"code":"42501","details":null,"hint":null,"message":"new row violates row-level security policy for table \\"financials\\""}'
Arguments: ()
--- Logging error ---
Traceback (most recent call last):
  File "C:\Users\takuy\OneDrive\tdnet-excel-input\tools\sync_financials.py", line 348, in sync
    n = api.upsert_batch(table, chunk, on_conflict="ticker,period,quarter")
        ^^^^^^^^^^^^^^^^^^^^^^^^^^^^^^^^^^^^^^^^^^^^^^^^^^^^^^^^^^^^^^^^^^^
  File "C:\Users\takuy\OneDrive\tdnet-excel-input\tools\sync_financials.py", line 139, in upsert_batch
    self._request(
  File "C:\Users\takuy\OneDrive\tdnet-excel-input\tools\sync_financials.py", line 96, in _request
    r.raise_for_status()
  File "C:\Users\takuy\OneDrive\tdnet-excel-input\.venv\Lib\site-packages\requests\models.py", line 1026, in raise_for_status
    raise HTTPError(http_error_msg, response=self)
requests.exceptions.HTTPError: 401 Client Error: Unauthorized for url: https://fvkvfekzoebcolssnteo.supabase.co/rest/v1/financials?on_conflict=ticker%2Cperiod%2Cquarter

During handling of the above exception, another exception occurred:

Traceback (most recent call last):
  File "C:\Users\takuy\AppData\Roaming\uv\python\cpython-3.11-windows-x86_64-none\Lib\logging\__init__.py", line 1113, in emit
    stream.write(msg + self.terminator)
UnicodeEncodeError: 'cp932' codec can't encode character '\u2014' in position 72: illegal multibyte sequence
Call stack:
  File "C:\Users\takuy\OneDrive\tdnet-excel-input\tools\sync_financials.py", line 538, in <module>
    main()
  File "C:\Users\takuy\OneDrive\tdnet-excel-input\tools\sync_financials.py", line 512, in main
    stats = sync(
  File "C:\Users\takuy\OneDrive\tdnet-excel-input\tools\sync_financials.py", line 360, in sync
    logger.error(
Message: "  batch 143/145: FAILED \u2014 401 Client Error: Unauthorized for url: https://fvkvfekzoebcolssnteo.supabase.co/rest/v1/financials?on_conflict=ticker%2Cperiod%2Cquarter\n  (êÊì™çs: {'ticker': '98300', 'period': '2022-12-31', 'quarter': '2Q', 'sales': 120683000000, 'gross_profit': 25379000000, 'operating_profit': 5933000000, 'source': 'jquants', 'updated_at': '2026-03-09T08:32:19.007329+09:00'})"
Arguments: ()
--- Logging error ---
Traceback (most recent call last):
  File "C:\Users\takuy\OneDrive\tdnet-excel-input\tools\sync_financials.py", line 96, in _request
    r.raise_for_status()
  File "C:\Users\takuy\OneDrive\tdnet-excel-input\.venv\Lib\site-packages\requests\models.py", line 1026, in raise_for_status
    raise HTTPError(http_error_msg, response=self)
requests.exceptions.HTTPError: 401 Client Error: Unauthorized for url: https://fvkvfekzoebcolssnteo.supabase.co/rest/v1/financials?on_conflict=ticker%2Cperiod%2Cquarter

During handling of the above exception, another exception occurred:

Traceback (most recent call last):
  File "C:\Users\takuy\AppData\Roaming\uv\python\cpython-3.11-windows-x86_64-none\Lib\logging\__init__.py", line 1113, in emit
    stream.write(msg + self.terminator)
UnicodeEncodeError: 'cp932' codec can't encode character '\u2014' in position 61: illegal multibyte sequence
Call stack:
  File "C:\Users\takuy\OneDrive\tdnet-excel-input\tools\sync_financials.py", line 538, in <module>
    main()
  File "C:\Users\takuy\OneDrive\tdnet-excel-input\tools\sync_financials.py", line 512, in main
    stats = sync(
  File "C:\Users\takuy\OneDrive\tdnet-excel-input\tools\sync_financials.py", line 348, in sync
    n = api.upsert_batch(table, chunk, on_conflict="ticker,period,quarter")
  File "C:\Users\takuy\OneDrive\tdnet-excel-input\tools\sync_financials.py", line 139, in upsert_batch
    self._request(
  File "C:\Users\takuy\OneDrive\tdnet-excel-input\tools\sync_financials.py", line 123, in _request
    logger.error(
Message: '[API] HTTP 0 \u2014 ÉäÉgÉâÉCïsâ¬\n  ÉåÉXÉ|ÉìÉX: {"code":"42501","details":null,"hint":null,"message":"new row violates row-level security policy for table \\"financials\\""}'
Arguments: ()
--- Logging error ---
Traceback (most recent call last):
  File "C:\Users\takuy\OneDrive\tdnet-excel-input\tools\sync_financials.py", line 348, in sync
    n = api.upsert_batch(table, chunk, on_conflict="ticker,period,quarter")
        ^^^^^^^^^^^^^^^^^^^^^^^^^^^^^^^^^^^^^^^^^^^^^^^^^^^^^^^^^^^^^^^^^^^
  File "C:\Users\takuy\OneDrive\tdnet-excel-input\tools\sync_financials.py", line 139, in upsert_batch
    self._request(
  File "C:\Users\takuy\OneDrive\tdnet-excel-input\tools\sync_financials.py", line 96, in _request
    r.raise_for_status()
  File "C:\Users\takuy\OneDrive\tdnet-excel-input\.venv\Lib\site-packages\requests\models.py", line 1026, in raise_for_status
    raise HTTPError(http_error_msg, response=self)
requests.exceptions.HTTPError: 401 Client Error: Unauthorized for url: https://fvkvfekzoebcolssnteo.supabase.co/rest/v1/financials?on_conflict=ticker%2Cperiod%2Cquarter

During handling of the above exception, another exception occurred:

Traceback (most recent call last):
  File "C:\Users\takuy\AppData\Roaming\uv\python\cpython-3.11-windows-x86_64-none\Lib\logging\__init__.py", line 1113, in emit
    stream.write(msg + self.terminator)
UnicodeEncodeError: 'cp932' codec can't encode character '\u2014' in position 72: illegal multibyte sequence
Call stack:
  File "C:\Users\takuy\OneDrive\tdnet-excel-input\tools\sync_financials.py", line 538, in <module>
    main()
  File "C:\Users\takuy\OneDrive\tdnet-excel-input\tools\sync_financials.py", line 512, in main
    stats = sync(
  File "C:\Users\takuy\OneDrive\tdnet-excel-input\tools\sync_financials.py", line 360, in sync
    logger.error(
Message: "  batch 144/145: FAILED \u2014 401 Client Error: Unauthorized for url: https://fvkvfekzoebcolssnteo.supabase.co/rest/v1/financials?on_conflict=ticker%2Cperiod%2Cquarter\n  (êÊì™çs: {'ticker': '98870', 'period': '2026-03-31', 'quarter': '3Q', 'sales': 136688000000, 'gross_profit': 86525360000, 'operating_profit': 6400000000, 'source': 'jquants', 'updated_at': '2026-03-09T08:32:19.007329+09:00'})"
Arguments: ()
--- Logging error ---
Traceback (most recent call last):
  File "C:\Users\takuy\OneDrive\tdnet-excel-input\tools\sync_financials.py", line 96, in _request
    r.raise_for_status()
  File "C:\Users\takuy\OneDrive\tdnet-excel-input\.venv\Lib\site-packages\requests\models.py", line 1026, in raise_for_status
    raise HTTPError(http_error_msg, response=self)
requests.exceptions.HTTPError: 401 Client Error: Unauthorized for url: https://fvkvfekzoebcolssnteo.supabase.co/rest/v1/financials?on_conflict=ticker%2Cperiod%2Cquarter

During handling of the above exception, another exception occurred:

Traceback (most recent call last):
  File "C:\Users\takuy\AppData\Roaming\uv\python\cpython-3.11-windows-x86_64-none\Lib\logging\__init__.py", line 1113, in emit
    stream.write(msg + self.terminator)
UnicodeEncodeError: 'cp932' codec can't encode character '\u2014' in position 61: illegal multibyte sequence
Call stack:
  File "C:\Users\takuy\OneDrive\tdnet-excel-input\tools\sync_financials.py", line 538, in <module>
    main()
  File "C:\Users\takuy\OneDrive\tdnet-excel-input\tools\sync_financials.py", line 512, in main
    stats = sync(
  File "C:\Users\takuy\OneDrive\tdnet-excel-input\tools\sync_financials.py", line 348, in sync
    n = api.upsert_batch(table, chunk, on_conflict="ticker,period,quarter")
  File "C:\Users\takuy\OneDrive\tdnet-excel-input\tools\sync_financials.py", line 139, in upsert_batch
    self._request(
  File "C:\Users\takuy\OneDrive\tdnet-excel-input\tools\sync_financials.py", line 123, in _request
    logger.error(
Message: '[API] HTTP 0 \u2014 ÉäÉgÉâÉCïsâ¬\n  ÉåÉXÉ|ÉìÉX: {"code":"42501","details":null,"hint":null,"message":"new row violates row-level security policy for table \\"financials\\""}'
Arguments: ()
--- Logging error ---
Traceback (most recent call last):
  File "C:\Users\takuy\OneDrive\tdnet-excel-input\tools\sync_financials.py", line 348, in sync
    n = api.upsert_batch(table, chunk, on_conflict="ticker,period,quarter")
        ^^^^^^^^^^^^^^^^^^^^^^^^^^^^^^^^^^^^^^^^^^^^^^^^^^^^^^^^^^^^^^^^^^^
  File "C:\Users\takuy\OneDrive\tdnet-excel-input\tools\sync_financials.py", line 139, in upsert_batch
    self._request(
  File "C:\Users\takuy\OneDrive\tdnet-excel-input\tools\sync_financials.py", line 96, in _request
    r.raise_for_status()
  File "C:\Users\takuy\OneDrive\tdnet-excel-input\.venv\Lib\site-packages\requests\models.py", line 1026, in raise_for_status
    raise HTTPError(http_error_msg, response=self)
requests.exceptions.HTTPError: 401 Client Error: Unauthorized for url: https://fvkvfekzoebcolssnteo.supabase.co/rest/v1/financials?on_conflict=ticker%2Cperiod%2Cquarter

During handling of the above exception, another exception occurred:

Traceback (most recent call last):
  File "C:\Users\takuy\AppData\Roaming\uv\python\cpython-3.11-windows-x86_64-none\Lib\logging\__init__.py", line 1113, in emit
    stream.write(msg + self.terminator)
UnicodeEncodeError: 'cp932' codec can't encode character '\u2014' in position 72: illegal multibyte sequence
Call stack:
  File "C:\Users\takuy\OneDrive\tdnet-excel-input\tools\sync_financials.py", line 538, in <module>
    main()
  File "C:\Users\takuy\OneDrive\tdnet-excel-input\tools\sync_financials.py", line 512, in main
    stats = sync(
  File "C:\Users\takuy\OneDrive\tdnet-excel-input\tools\sync_financials.py", line 360, in sync
    logger.error(
Message: "  batch 145/145: FAILED \u2014 401 Client Error: Unauthorized for url: https://fvkvfekzoebcolssnteo.supabase.co/rest/v1/financials?on_conflict=ticker%2Cperiod%2Cquarter\n  (êÊì™çs: {'ticker': '99550', 'period': '2024-03-31', 'quarter': 'FY', 'sales': 45130000000, 'gross_profit': 5908154000, 'operating_profit': 1944000000, 'source': 'jquants', 'updated_at': '2026-03-09T08:32:19.007329+09:00'})"
Arguments: ()
2026-03-09 08:32:38,345 INFO [sync_financials] [VERIFY] Supabase ë§ÇÃåüèÿíÜ...
2026-03-09 08:32:38,536 INFO [sync_financials] [VERIFY] public.financials: 0 rows
2026-03-09 08:32:38,536 INFO [sync_financials] 
============================================================
  SYNC äÆóπ
  upserted: 0 / 72,490
  errors:   145
  elapsed:  19.3ïb
============================================================
2026-03-09 08:32:38,543 ERROR [sync_financials] ÉGÉâÅ[Ç™ 145 åèî≠ê∂ÇµÇ‹ÇµÇΩÅBÉçÉOÇämîFÇµÇƒÇ≠ÇæÇ≥Ç¢: C:\Users\takuy\OneDrive\tdnet-excel-input\logs\sync_financials_apply_recent30d_20260309_083214.log
[Step 4/8] KPI sync... (SKIPPED) 
[Step 5/8] Generating data.xlsx... 
[08:32:39] public.financials „ÇíÂèñÂæó‰∏≠...
[08:32:41]   ‚Üí 0 Ë°åÂèñÂæó

==================================================
  data.xlsx ÁîüÊàê„ÉÑ„Éº„É´
  „ÇΩ„Éº„Çπ: Supabase public.financials
==================================================


==================================================
  ‚ùå „Ç®„É©„Éº„ÅåÁô∫Áîü„Åó„Åæ„Åó„Åü
==================================================

  financials „ÉÜ„Éº„Éñ„É´„Å´„Éá„Éº„Çø„Åå„ÅÇ„Çä„Åæ„Åõ„Çì„ÄÇ
    ÂÖà„Å´ sync_financials.py „ÇíÂÆüË°å„Åó„Å¶„Åè„Å†„Åï„ÅÑ„ÄÇ

==================================================

[Step 6/8] data.xlsx stats... 
  [XLSX] rows(DATA)=138491 
  [XLSX] delta=+66000 (prev=72491, now=138491) 
  [XLSX] tickers=3955 
[Step 7/8] Viewer refresh... (SKIPPED) 
[Step 8/8] Discord alerts... 
Traceback (most recent call last):
  File "C:\Users\takuy\OneDrive\tdnet-excel-input\tools\discord_alerts.py", line 43, in <module>
    from src.common_ticker import normalize_ticker as _normalize_ticker
ModuleNotFoundError: No module named 'src'
============================================================ 
 DONE 2026/03/09  8:32:55.88 
============================================================ 
  [AUTO] nopause 
