START 2026/03/09 17:51:19.59 
[Step 1/8] TDnet ingest... 
============================================================
  TDNET Ingest - ワンショット実行
============================================================

[DB]   C:\Users\takuy\OneDrive\tdnet-excel-input\decision_db.db

[2026-03-09 17:51:20] [INFO] [API] yanoshin.jp APIから取得中: https://webapi.yanoshin.jp/webapi/tdnet/list/today.json
[2026-03-09 17:51:20] [INFO] [API] detected_schema=items, raw_items_count=197
[2026-03-09 17:51:20] [INFO] [API] first_item_preview: id=819113914494..., pubdate=2026-03-09 17:10:00, title=（数値データ追加）「2026年３月期期末配当予想の修正（無配）に関するお知らせ」, code=1776
[2026-03-09 17:51:20] [INFO] [API] fetched_count=197
[2026-03-09 17:51:20] [INFO] [API] skip_reason=instrument_excluded, code=1308, name=上場ＴＰＸ, title=投資信託約款の一部変更に関するお知らせ
[2026-03-09 17:51:20] [INFO] [API] skip_reason=instrument_excluded, code=1322, name=上場パンタ, title=投資信託約款の一部変更に関するお知らせ
[2026-03-09 17:51:20] [INFO] [API] skip_reason=instrument_excluded, code=1330, name=上場２２５, title=投資信託約款の一部変更に関するお知らせ
[2026-03-09 17:51:20] [INFO] [API] skip_reason=instrument_excluded, code=1345, name=上場Ｊリート, title=投資信託約款の一部変更に関するお知らせ
[2026-03-09 17:51:20] [INFO] [API] skip_reason=instrument_excluded, code=1358, name=上場日経２倍, title=投資信託約款の一部変更に関するお知らせ
[2026-03-09 17:51:20] [INFO] [API] skip_reason=instrument_excluded, code=1399, name=上場高配当低ボラ, title=投資信託約款の一部変更に関するお知らせ
[2026-03-09 17:51:20] [INFO] [API] skip_reason=instrument_excluded, code=1481, name=上場日本経済貢献, title=投資信託約款の一部変更に関するお知らせ
[2026-03-09 17:51:20] [INFO] [API] skip_reason=instrument_excluded, code=1486, name=上場米債ヘッジなし, title=投資信託約款の一部変更に関するお知らせ
[2026-03-09 17:51:20] [INFO] [API] skip_reason=instrument_excluded, code=1487, name=上場米債ヘッジあり, title=投資信託約款の一部変更に関するお知らせ
[2026-03-09 17:51:20] [INFO] [API] skip_reason=instrument_excluded, code=1490, name=上場ベータヘッジ, title=投資信託約款の一部変更に関するお知らせ
[2026-03-09 17:51:20] [INFO] [API] skip_reason=instrument_excluded, code=1495, name=上場アジアリート, title=投資信託約款の一部変更に関するお知らせ
[2026-03-09 17:51:20] [INFO] [API] skip_reason=instrument_excluded, code=1547, name=上場米国, title=投資信託約款の一部変更に関するお知らせ
[2026-03-09 17:51:20] [INFO] [API] skip_reason=instrument_excluded, code=1554, name=上場ＭＳ世, title=投資信託約款の一部変更に関するお知らせ
[2026-03-09 17:51:20] [INFO] [API] skip_reason=instrument_excluded, code=1555, name=上場Ａリート, title=投資信託約款の一部変更に関するお知らせ
[2026-03-09 17:51:20] [INFO] [API] skip_reason=instrument_excluded, code=1566, name=上場ＥＭ債, title=投資信託約款の一部変更に関するお知らせ
[2026-03-09 17:51:20] [INFO] [API] skip_reason=instrument_excluded, code=1578, name=上場２２５Ｍ, title=投資信託約款の一部変更に関するお知らせ
[2026-03-09 17:51:20] [INFO] [API] skip_reason=instrument_excluded, code=1586, name=上場ＴＰＸ除く金融, title=投資信託約款の一部変更に関するお知らせ
[2026-03-09 17:51:20] [INFO] [API] skip_reason=instrument_excluded, code=1592, name=上場ＪＰＸ日経４００, title=投資信託約款の一部変更に関するお知らせ
[2026-03-09 17:51:20] [INFO] [API] skip_reason=instrument_excluded, code=1677, name=上場外債, title=投資信託約款の一部変更に関するお知らせ
[2026-03-09 17:51:20] [INFO] [API] skip_reason=instrument_excluded, code=1680, name=上場ＭＳコク, title=投資信託約款の一部変更に関するお知らせ
[2026-03-09 17:51:20] [INFO] [API] skip_reason=instrument_excluded, code=1681, name=上場ＭＳエマ, title=投資信託約款の一部変更に関するお知らせ
[2026-03-09 17:51:20] [INFO] [API] skip_reason=instrument_excluded, code=1698, name=上場配当, title=投資信託約款の一部変更に関するお知らせ
[2026-03-09 17:51:20] [INFO] [API] skip_reason=instrument_excluded, code=2093, name=上場Ｔｒ米債０２ラダ, title=投資信託約款の一部変更に関するお知らせ
[2026-03-09 17:51:20] [INFO] [API] skip_reason=instrument_excluded, code=213A, name=上場日経半導体, title=投資信託約款の一部変更に関するお知らせ
[2026-03-09 17:51:20] [INFO] [API] skip_reason=instrument_excluded, code=2235, name=上場ダウヘッジなし, title=投資信託約款の一部変更に関するお知らせ
[2026-03-09 17:51:20] [INFO] [API] skip_reason=instrument_excluded, code=2239, name=上場Ｓ＆Ｐレバ２倍, title=投資信託約款の一部変更に関するお知らせ
[2026-03-09 17:51:20] [INFO] [API] skip_reason=instrument_excluded, code=2240, name=上場Ｓ＆Ｐインバース, title=投資信託約款の一部変更に関するお知らせ
[2026-03-09 17:51:20] [INFO] [API] skip_reason=instrument_excluded, code=2521, name=上場米国ヘッジあり, title=投資信託約款の一部変更に関するお知らせ
[2026-03-09 17:51:20] [INFO] [API] skip_reason=instrument_excluded, code=2552, name=上場ＪリートＭ, title=投資信託約款の一部変更に関するお知らせ
[2026-03-09 17:51:20] [INFO] [API] skip_reason=instrument_excluded, code=2562, name=上場ダウヘッジあり, title=投資信託約款の一部変更に関するお知らせ
[2026-03-09 17:51:20] [INFO] [API] skip_reason=instrument_excluded, code=2566, name=上場ＥＳＧリート, title=投資信託約款の一部変更に関するお知らせ
[2026-03-09 17:51:20] [INFO] [API] skip_reason=instrument_excluded, code=2568, name=上場ＮＳＱ１００ヘ無, title=投資信託約款の一部変更に関するお知らせ
[2026-03-09 17:51:20] [INFO] [API] skip_reason=instrument_excluded, code=2569, name=上場ＮＳＱ１００ヘ有, title=投資信託約款の一部変更に関するお知らせ
[2026-03-09 17:51:20] [INFO] [API] skip_reason=instrument_excluded, code=2843, name=上場豪債ヘッジあり, title=投資信託約款の一部変更に関するお知らせ
[2026-03-09 17:51:20] [INFO] [API] skip_reason=instrument_excluded, code=2844, name=上場豪債ヘッジなし, title=投資信託約款の一部変更に関するお知らせ
[2026-03-09 17:51:20] [INFO] [API] skip_reason=instrument_excluded, code=2861, name=上場フランス国債Ｈ無, title=投資信託約款の一部変更に関するお知らせ
[2026-03-09 17:51:20] [INFO] [API] skip_reason=instrument_excluded, code=2862, name=上場フランス国債Ｈ有, title=投資信託約款の一部変更に関するお知らせ
[2026-03-09 17:51:20] [INFO] [API] skip_reason=instrument_excluded, code=399A, name=上場日経高配当５０, title=投資信託約款の一部変更に関するお知らせ
[2026-03-09 17:51:20] [INFO] [API] skip_reason=instrument_excluded, code=540A, name=上場日経銀行株１０, title=投資信託約款の一部変更に関するお知らせ
[2026-03-09 17:51:20] [INFO] [API] skip_reason=instrument_excluded, code=1345, name=上場Ｊリート, title=ＥＴＦの収益分配のお知らせ
[2026-03-09 17:51:20] [INFO] [API] skip_reason=instrument_excluded, code=2245, name=独債７－１０ヘッジ有, title=ETFの収益分配のお知らせ
[2026-03-09 17:51:20] [INFO] [API] skip_reason=instrument_excluded, code=2246, name=仏債７－１０ヘッジ有, title=ETFの収益分配のお知らせ
[2026-03-09 17:51:20] [INFO] [API] skip_reason=instrument_excluded, code=2510, name=ＮＦ国内債券, title=ETFの収益分配のお知らせ
[2026-03-09 17:51:20] [INFO] [API] skip_reason=instrument_excluded, code=2511, name=ＮＦ外債ヘッジ無, title=ETFの収益分配のお知らせ
[2026-03-09 17:51:20] [INFO] [API] skip_reason=instrument_excluded, code=2512, name=ＮＦ外債ヘッジ有, title=ETFの収益分配のお知らせ
[2026-03-09 17:51:20] [INFO] [API] skip_reason=instrument_excluded, code=2513, name=ＮＦ外株ヘッジ無, title=ETFの収益分配のお知らせ
[2026-03-09 17:51:20] [INFO] [API] skip_reason=instrument_excluded, code=2514, name=ＮＦ外株ヘッジ有, title=ETFの収益分配のお知らせ
[2026-03-09 17:51:20] [INFO] [API] skip_reason=instrument_excluded, code=2515, name=ＮＦ外ＲＥＩＴヘ無, title=ETFの収益分配のお知らせ
[2026-03-09 17:51:20] [INFO] [API] skip_reason=instrument_excluded, code=2519, name=ＮＦ新興国債券ヘ無, title=ETFの収益分配のお知らせ
[2026-03-09 17:51:20] [INFO] [API] skip_reason=instrument_excluded, code=2520, name=ＮＦ新興国株式ヘ無, title=ETFの収益分配のお知らせ
[2026-03-09 17:51:20] [INFO] [API] skip_reason=instrument_excluded, code=2554, name=ＮＦ米社債ヘ有, title=ETFの収益分配のお知らせ
[2026-03-09 17:51:20] [INFO] [API] skip_reason=instrument_excluded, code=2647, name=米債７－１０ヘッジ無, title=ETFの収益分配のお知らせ
[2026-03-09 17:51:20] [INFO] [API] skip_reason=instrument_excluded, code=2648, name=米債７－１０ヘッジ有, title=ETFの収益分配のお知らせ
[2026-03-09 17:51:20] [INFO] [API] skip_reason=instrument_excluded, code=364A, name=Ｓ＆Ｐ５００配当貴族, title=ETFの収益分配のお知らせ
[2026-03-09 17:51:20] [INFO] [API] skip_reason=instrument_excluded, code=20704, name=Ｎ－三菱ＵＦＪ証ＨＤ, title=上場ETN（発行者：三菱UFJ証券ホールディングス株式会社）に関する日々の開示事項
[2026-03-09 17:51:20] [INFO] [API] skip_reason=instrument_excluded, code=13494, name=Ｅ－ＳＳＧＡ－ＳＩＮ, title=アジア国債・公債ＥＴＦ（正式名称：ＡＢＦ汎アジア債券インデックス・ファンド）に関する日々の開示事項
[2026-03-09 17:51:20] [INFO] [API] skip_reason=instrument_excluded, code=15574, name=Ｅ－ＳＳＧＡＴＣ, title=State Street SPDR S&amp;P500 ETFに関する日々の開示事項
[2026-03-09 17:51:20] [INFO] [API] skip_reason=instrument_excluded, code=1597, name=ＭＸＳ　Ｊリート, title=ＭＡＸＩＳ ＥＴＦの収益分配のお知らせ
[2026-03-09 17:51:20] [INFO] [API] skip_reason=instrument_excluded, code=1398, name=ＳＭＤＡＭ　Ｊリート, title=ＥＴＦの収益分配のお知らせ
[2026-03-09 17:51:20] [INFO] [API] skip_reason=instrument_excluded, code=16714, name=Ｅ－シンプレクス, title=上場ＥＴＦ(管理会社：シンプレクス・アセット・マネジメント)に関する日々の開示事項
[2026-03-09 17:51:20] [INFO] [API] skip_reason=instrument_excluded, code=13294, name=Ｅ－ブラックロック, title=上場ETF（管理会社：ブラックロック・ジャパン）に関する日々の開示事項
[2026-03-09 17:51:20] [INFO] [API] skip_reason=instrument_excluded, code=16724, name=Ｅ－ＷｉｓｄｏｍＴｒ, title=上場ETF（管理会社：WisdomTree、外国投資法人：MSL）に関する日々の開示事項　
[2026-03-09 17:51:20] [INFO] [API] skip_reason=instrument_excluded, code=16724, name=Ｅ－ＷｉｓｄｏｍＴｒ, title=上場ETF（管理会社：WisdomTree、外国投資法人：CSL）に関する日々の開示事項　
[2026-03-09 17:51:20] [INFO] [API] skip_reason=instrument_excluded, code=4464, name=ソフト９９, title=その他の関係会社であるECM マスター ファンド SPV ３による当社株式に対する公開買付けの結果並
[2026-03-09 17:51:20] [INFO] [API] instrument_skipped_count=64
[2026-03-09 17:51:20] [INFO] [API] fetched_count=197, filtered_count=13, forecast_revision_count=6, financial_statement_count=7
[2026-03-09 17:51:20] [INFO] [API] new_count=12
[2026-03-09 17:51:20] [INFO] [DL] ダウンロード中: https://webapi.yanoshin.jp/rd.php?https://www.release.tdnet.info/inbs/140120260305576596.pdf
[2026-03-09 17:51:21] [INFO] [DL] 保存完了: C:\Users\takuy\OneDrive\tdnet-excel-input\data\docs\140120260305576596.pdf (261.6KB)
[2026-03-09 17:51:21] [INFO] [DL] ダウンロード中: https://webapi.yanoshin.jp/rd.php?https://www.release.tdnet.info/inbs/081220260305576596.zip
[2026-03-09 17:51:21] [INFO] [DL] 保存完了: C:\Users\takuy\OneDrive\tdnet-excel-input\data\docs\081220260305576596.zip (52.7KB)
[2026-03-09 17:51:21] [INFO] [抽出] XBRL抽出を試行: C:\Users\takuy\OneDrive\tdnet-excel-input\data\docs\081220260305576596.zip
[2026-03-09 17:51:21] [INFO] [XBRL] 未知の財務タグ検出: ['tse-ed-t:ChangeInNetIncome', 'tse-ed-t:ChangeInNetSales', 'tse-ed-t:ChangeInOperatingIncome', 'tse-ed-t:ChangeInOrdinaryIncome', 'tse-ed-t:DilutedNetIncomePerShare', 'tse-ed-t:NetIncome', 'tse-ed-t:NetIncomePerShare']
[2026-03-09 17:51:21] [INFO] [XBRL] ZIP内ファイルから抽出成功: XBRLData/Summary/tse-qnedjpsm-23010-20260309323010-ixbrl.htm
[2026-03-09 17:51:21] [INFO] [抽出] XBRL抽出成功: sales=1368000000, op=-692000000
[2026-03-09 17:51:21] [INFO] [INGEST] doc_id=e48fcc83a38f9936 zip_hash=bd8d12cf169cce448ea4b88e4237bac4a15b8374abebed7b36b0869d6dc15673 status=success 2301 2026-10-31 4Q sales=1368000000 gp=None op=-692000000
[2026-03-09 17:51:21] [INFO] [ORDER] 2301 quarantine: orders_total: キーワード'受注高'はあるが合計行が見つからない
[2026-03-09 17:51:22] [INFO] [DL] ダウンロード中: https://webapi.yanoshin.jp/rd.php?https://www.release.tdnet.info/inbs/140120260305576737.pdf
[2026-03-09 17:51:22] [INFO] [DL] 保存完了: C:\Users\takuy\OneDrive\tdnet-excel-input\data\docs\140120260305576737.pdf (4460.8KB)
[2026-03-09 17:51:22] [INFO] [抽出] SKIP_PDF_NOT_TANSHIN: title=2026年10月期 第1四半期決算説明資料
[2026-03-09 17:51:22] [INFO] [INGEST] doc_id=349daf843048ff82 status=skipped_not_tanshin title=2026年10月期 第1四半期決算説明資料
[2026-03-09 17:51:22] [INFO] [DL] ダウンロード中: https://webapi.yanoshin.jp/rd.php?https://www.release.tdnet.info/inbs/140120260309578223.pdf
[2026-03-09 17:51:22] [INFO] [DL] 保存完了: C:\Users\takuy\OneDrive\tdnet-excel-input\data\docs\140120260309578223.pdf (290.0KB)
[2026-03-09 17:51:22] [INFO] [抽出] SKIP_PDF_NOT_TANSHIN: title=「2025年12月期 通期決算説明会」質疑応答集および書き起こし公開
[2026-03-09 17:51:22] [INFO] [INGEST] doc_id=f608e87cbf43750f status=skipped_not_tanshin title=「2025年12月期 通期決算説明会」質疑応答集および書き起こし公開
[2026-03-09 17:51:22] [INFO] [DL] ダウンロード中: https://webapi.yanoshin.jp/rd.php?https://www.release.tdnet.info/inbs/140120260305576670.pdf
[2026-03-09 17:51:23] [INFO] [DL] 保存完了: C:\Users\takuy\OneDrive\tdnet-excel-input\data\docs\140120260305576670.pdf (252.7KB)
[2026-03-09 17:51:23] [INFO] [DL] ダウンロード中: https://webapi.yanoshin.jp/rd.php?https://www.release.tdnet.info/inbs/081220260305576670.zip
[2026-03-09 17:51:23] [INFO] [DL] 保存完了: C:\Users\takuy\OneDrive\tdnet-excel-input\data\docs\081220260305576670.zip (53.9KB)
[2026-03-09 17:51:23] [INFO] [抽出] XBRL抽出を試行: C:\Users\takuy\OneDrive\tdnet-excel-input\data\docs\081220260305576670.zip
[2026-03-09 17:51:23] [INFO] [XBRL] 未知の財務タグ検出: ['tse-ed-t:ChangeInComprehensiveIncome', 'tse-ed-t:ChangeInNetSales', 'tse-ed-t:ChangeInOperatingIncome', 'tse-ed-t:ChangeInOrdinaryIncome', 'tse-ed-t:ChangeInProfitAttributableToOwnersOfParent', 'tse-ed-t:ComprehensiveIncome', 'tse-ed-t:DilutedNetIncomePerShare', 'tse-ed-t:NetIncomePerShare', 'tse-ed-t:ProfitAttributableToOwnersOfParent']
[2026-03-09 17:51:23] [INFO] [XBRL] ZIP内ファイルから抽出成功: XBRLData/Summary/tse-qcedjpsm-78040-20260309378040-ixbrl.htm
[2026-03-09 17:51:23] [INFO] [抽出] XBRL抽出成功: sales=1009000000, op=103000000
[2026-03-09 17:51:23] [INFO] [INGEST] doc_id=aaa7bb32e8ad7468 zip_hash=5452dacea4ac09c5b4072388e7037b2225e47aed139b7ef11753d5eabaaf1980 status=success 7804 2026-10-31 4Q sales=1009000000 gp=None op=103000000
[2026-03-09 17:51:24] [INFO] [SEGMENT] 7804 quarantine: segment_table_found_but_no_sales_profit_columns
[2026-03-09 17:51:24] [INFO] [DL] ダウンロード中: https://webapi.yanoshin.jp/rd.php?https://www.release.tdnet.info/inbs/140120260306577712.pdf
[2026-03-09 17:51:24] [INFO] [DL] 保存完了: C:\Users\takuy\OneDrive\tdnet-excel-input\data\docs\140120260306577712.pdf (3901.1KB)
[2026-03-09 17:51:25] [INFO] [抽出] SKIP_PDF_NOT_TANSHIN: title=2026年10月期 第１四半期決算説明資料
[2026-03-09 17:51:25] [INFO] [INGEST] doc_id=15d259a48cb46d77 status=skipped_not_tanshin title=2026年10月期 第１四半期決算説明資料
[2026-03-09 17:51:25] [INFO] [DL] ダウンロード中: https://webapi.yanoshin.jp/rd.php?https://www.release.tdnet.info/inbs/140120260306577734.pdf
[2026-03-09 17:51:25] [INFO] [DL] 保存完了: C:\Users\takuy\OneDrive\tdnet-excel-input\data\docs\140120260306577734.pdf (251.3KB)
[2026-03-09 17:51:25] [INFO] [DL] ダウンロード中: https://webapi.yanoshin.jp/rd.php?https://www.release.tdnet.info/inbs/081220260306577734.zip
[2026-03-09 17:51:26] [INFO] [DL] 保存完了: C:\Users\takuy\OneDrive\tdnet-excel-input\data\docs\081220260306577734.zip (61.0KB)
[2026-03-09 17:51:26] [INFO] [抽出] XBRL抽出を試行: C:\Users\takuy\OneDrive\tdnet-excel-input\data\docs\081220260306577734.zip
[2026-03-09 17:51:26] [INFO] [XBRL] 未知の財務タグ検出: ['tse-ed-t:ChangeInComprehensiveIncome', 'tse-ed-t:ChangeInNetSales', 'tse-ed-t:ChangeInOperatingIncome', 'tse-ed-t:ChangeInOrdinaryIncome', 'tse-ed-t:ChangeInProfitAttributableToOwnersOfParent', 'tse-ed-t:ComprehensiveIncome', 'tse-ed-t:DilutedNetIncomePerShare', 'tse-ed-t:NetIncomePerShare', 'tse-ed-t:ProfitAttributableToOwnersOfParent']
[2026-03-09 17:51:26] [INFO] [XBRL] ZIP内ファイルから抽出成功: XBRLData/Summary/tse-qcedjpsm-78560-20260309378560-ixbrl.htm
[2026-03-09 17:51:26] [INFO] [抽出] XBRL抽出成功: sales=7356000000, op=236000000
[2026-03-09 17:51:26] [INFO] [INGEST] doc_id=0da27ef74b12066e zip_hash=9c323a9aad2459d9edd0d3fe9603247bb9a289040ecdcc73b0acf05d20d99222 status=success 7856 2026-10-31 4Q sales=7356000000 gp=None op=236000000
[2026-03-09 17:51:26] [INFO] [INGEST] run=ingest-39e91239 processed=6 success=3 skipped=3 error=0 (tanshin=6) SKIP_NOT_TANSHIN_TITLE=3
============================================================
  結果サマリ
============================================================
  run_id          : ingest-39e91239
  取得開示数      : 12
  対象(決算短信)  : 6
  処理件数        : 6
  INSERT          : 3
  UPDATE          : 0
  変更なし        : 0
  成功            : 3
  スキップ        : 3
  エラー          : 0
  [skip内訳]
    SKIP_NOT_TANSHIN_TITLE: 3

[個別結果]
  [+] inserted   | 2301 2026-10-31 4Q sales=1368000000 gp=None op=-692000000
  [-] skipped    | SKIP_PDF_NOT_TANSHIN: title=2026年10月期 第1四半期決算説明資料
  [-] skipped    | SKIP_PDF_NOT_TANSHIN: title=「2025年12月期 通期決算説明会」質疑応答集および書き起こし公開
  [+] inserted   | 7804 2026-10-31 4Q sales=1009000000 gp=None op=103000000
  [-] skipped    | SKIP_PDF_NOT_TANSHIN: title=2026年10月期 第１四半期決算説明資料
  [+] inserted   | 7856 2026-10-31 4Q sales=7356000000 gp=None op=236000000

[TICKERS] 3 items -> C:\Users\takuy\OneDrive\tdnet-excel-input\logs\last_ingested_items.json
[Step 2/8] SQLite to Supabase push... 
[17:51:27] [PUSH] SQLite総行数: 91651, 今回対象: 91651 件
[17:51:27] [Phase 1/4] companies 一括 upsert...
[17:51:31]   → 2777 社 完了 (4.6秒)
[17:51:31] [Phase 2/4] periods 一括 upsert...
[17:52:09]   → 91651 期間 完了 (42.1秒)
[17:52:09] [Phase 3/4] disclosures 一括 upsert...
[17:52:09]   対象 disclosure: 91651 件
[17:52:29]   既存 disclosure: 183276 件
[17:52:29]   新規 insert: 1 件
[17:52:30]   → 183277 disclosure 完了 (62.7秒)
[17:52:30] [Phase 4/4] facts 一括 upsert (batch=500, offset=0)...
[17:52:30]   batch 1: 226/91651 (0.2%) facts=500 sanitized=0 経過=63秒 残り≈25532秒
[17:52:30]   batch 2: 477/91651 (0.5%) facts=1002 sanitized=0 経過=63秒 残り≈12125秒
[17:52:32]   batch 3: 709/91651 (0.8%) facts=1503 sanitized=0 経過=65秒 残り≈8334秒
[17:52:32]   batch 4: 959/91651 (1.0%) facts=2005 sanitized=0 経過=66秒 残り≈6198秒
[17:52:33]   batch 5: 1188/91651 (1.3%) facts=2505 sanitized=0 経過=66秒 残り≈5046秒
[17:52:34]   batch 6: 1439/91651 (1.6%) facts=3006 sanitized=0 経過=67秒 残り≈4180秒
[17:52:34]   batch 7: 1668/91651 (1.8%) facts=3507 sanitized=0 経過=67秒 残り≈3614秒
[17:52:34]   batch 8: 1909/91651 (2.1%) facts=4007 sanitized=0 経過=67秒 残り≈3163秒
[17:52:34]   batch 9: 2144/91651 (2.3%) facts=4507 sanitized=0 経過=68秒 残り≈2823秒
[17:52:35]   batch 10: 2370/91651 (2.6%) facts=5007 sanitized=0 経過=68秒 残り≈2555秒
[17:52:35]   batch 11: 2626/91651 (2.9%) facts=5509 sanitized=0 経過=68秒 残り≈2305秒
[17:52:35]   batch 12: 2863/91651 (3.1%) facts=6011 sanitized=0 経過=68秒 残り≈2115秒
[17:52:35]   batch 13: 3129/91651 (3.4%) facts=6512 sanitized=0 経過=68秒 残り≈1936秒
[17:52:35]   batch 14: 3375/91651 (3.7%) facts=7014 sanitized=0 経過=69秒 残り≈1794秒
[17:52:36]   batch 15: 3638/91651 (4.0%) facts=7514 sanitized=0 経過=69秒 残り≈1664秒
[17:52:36]   batch 16: 3884/91651 (4.2%) facts=8015 sanitized=0 経過=69秒 残り≈1559秒
[17:52:36]   batch 17: 4134/91651 (4.5%) facts=8517 sanitized=0 経過=69秒 残り≈1465秒
[17:52:36]   batch 18: 4384/91651 (4.8%) facts=9017 sanitized=0 経過=69秒 残り≈1382秒
[17:52:36]   batch 19: 4621/91651 (5.0%) facts=9518 sanitized=0 経過=70秒 残り≈1310秒
[17:52:37]   batch 20: 4871/91651 (5.3%) facts=10020 sanitized=0 経過=70秒 残り≈1243秒
[17:52:37]   batch 21: 5095/91651 (5.6%) facts=10521 sanitized=0 経過=70秒 残り≈1188秒
[17:52:37]   batch 22: 5353/91651 (5.8%) facts=11021 sanitized=0 経過=70秒 残り≈1130秒
[17:52:37]   batch 23: 5611/91651 (6.1%) facts=11523 sanitized=0 経過=70秒 残り≈1078秒
[17:52:37]   batch 24: 5843/91651 (6.4%) facts=12024 sanitized=0 経過=70秒 残り≈1035秒
[17:52:37]   batch 25: 6114/91651 (6.7%) facts=12526 sanitized=0 経過=71秒 残り≈988秒
[17:52:38]   batch 26: 6350/91651 (6.9%) facts=13028 sanitized=0 経過=71秒 残り≈951秒
[17:52:38]   batch 27: 6589/91651 (7.2%) facts=13530 sanitized=0 経過=71秒 残り≈916秒
[17:52:38]   batch 28: 6851/91651 (7.5%) facts=14030 sanitized=0 経過=71秒 残り≈880秒
[17:52:38]   batch 29: 7104/91651 (7.8%) facts=14531 sanitized=0 経過=71秒 残り≈848秒
[17:52:38]   batch 30: 7345/91651 (8.0%) facts=15033 sanitized=0 経過=71秒 残り≈820秒
[17:52:38]   batch 31: 7595/91651 (8.3%) facts=15535 sanitized=0 経過=72秒 残り≈792秒
[17:52:39]   batch 32: 7841/91651 (8.6%) facts=16037 sanitized=0 経過=72秒 残り≈767秒
[17:52:39]   batch 33: 8093/91651 (8.8%) facts=16537 sanitized=0 経過=72秒 残り≈743秒
[17:52:39]   batch 34: 8328/91651 (9.1%) facts=17038 sanitized=0 経過=72秒 残り≈721秒
[17:52:39]   batch 35: 8579/91651 (9.4%) facts=17538 sanitized=0 経過=72秒 残り≈699秒
[17:52:39]   batch 36: 8802/91651 (9.6%) facts=18038 sanitized=0 経過=72秒 残り≈681秒
[17:52:39]   batch 37: 9024/91651 (9.8%) facts=18538 sanitized=0 経過=73秒 残り≈664秒
[17:52:40]   batch 38: 9252/91651 (10.1%) facts=19038 sanitized=0 経過=73秒 残り≈647秒
[17:52:40]   batch 39: 9500/91651 (10.4%) facts=19540 sanitized=0 経過=73秒 残り≈630秒
[17:52:40]   batch 40: 9736/91651 (10.6%) facts=20040 sanitized=0 経過=73秒 残り≈614秒
[17:52:40]   batch 41: 9976/91651 (10.9%) facts=20542 sanitized=0 経過=73秒 残り≈599秒
[17:52:40]   batch 42: 10242/91651 (11.2%) facts=21042 sanitized=0 経過=73秒 残り≈582秒
[17:52:40]   batch 43: 10529/91651 (11.5%) facts=21543 sanitized=0 経過=74秒 残り≈567秒
[17:52:41]   batch 44: 10826/91651 (11.8%) facts=22043 sanitized=0 経過=74秒 残り≈551秒
[17:52:41]   batch 45: 11183/91651 (12.2%) facts=22543 sanitized=0 経過=74秒 残り≈532秒
[17:52:41]   batch 46: 11461/91651 (12.5%) facts=23043 sanitized=0 経過=74秒 残り≈519秒
[17:52:41]   batch 47: 11691/91651 (12.8%) facts=23545 sanitized=0 経過=75秒 残り≈510秒
[17:52:42]   batch 48: 11963/91651 (13.1%) facts=24045 sanitized=0 経過=75秒 残り≈498秒
[17:52:42]   batch 49: 12232/91651 (13.3%) facts=24546 sanitized=0 経過=75秒 残り≈487秒
[17:52:42]   batch 50: 12468/91651 (13.6%) facts=25047 sanitized=0 経過=75秒 残り≈478秒
[17:52:42]   batch 51: 12691/91651 (13.8%) facts=25548 sanitized=0 経過=75秒 残り≈470秒
[17:52:43]   batch 52: 12933/91651 (14.1%) facts=26050 sanitized=0 経過=76秒 残り≈460秒
[17:52:43]   batch 53: 13186/91651 (14.4%) facts=26550 sanitized=0 経過=76秒 残り≈452秒
[17:52:43]   batch 54: 13413/91651 (14.6%) facts=27050 sanitized=0 経過=76秒 残り≈445秒
[17:52:43]   batch 55: 13645/91651 (14.9%) facts=27550 sanitized=0 経過=77秒 残り≈437秒
[17:52:44]   batch 56: 13902/91651 (15.2%) facts=28052 sanitized=0 経過=77秒 残り≈430秒
[17:52:44]   batch 57: 14163/91651 (15.5%) facts=28554 sanitized=0 経過=77秒 残り≈422秒
[17:52:44]   batch 58: 14394/91651 (15.7%) facts=29055 sanitized=0 経過=77秒 残り≈415秒
[17:52:44]   batch 59: 14632/91651 (16.0%) facts=29556 sanitized=0 経過=77秒 残り≈408秒
[17:52:45]   batch 60: 14860/91651 (16.2%) facts=30057 sanitized=0 経過=78秒 残り≈401秒
[17:52:45] [SANITIZE] 元値が10^16超 (5.40e+303): col=operating_profit val=5.4e+303 ticker=46850 fye=2028-03-31 Q=2Q
[17:52:45]   batch 61: 15079/91651 (16.5%) facts=30557 sanitized=1 経過=78秒 残り≈395秒
[17:52:45]   batch 62: 15308/91651 (16.7%) facts=31057 sanitized=1 経過=78秒 残り≈389秒
[17:52:45]   batch 63: 15538/91651 (17.0%) facts=31557 sanitized=1 経過=78秒 残り≈383秒
[17:52:45]   batch 64: 15781/91651 (17.2%) facts=32059 sanitized=1 経過=78秒 残り≈377秒
[17:52:46]   batch 65: 16031/91651 (17.5%) facts=32559 sanitized=1 経過=79秒 残り≈371秒
[17:52:46]   batch 66: 16246/91651 (17.7%) facts=33059 sanitized=1 経過=79秒 残り≈366秒
[17:52:46]   batch 67: 16482/91651 (18.0%) facts=33560 sanitized=1 経過=79秒 残り≈360秒
[17:52:46]   batch 68: 16726/91651 (18.2%) facts=34060 sanitized=1 経過=79秒 残り≈355秒
[17:52:46]   batch 69: 16952/91651 (18.5%) facts=34560 sanitized=1 経過=79秒 残り≈350秒
[17:52:47]   batch 70: 17198/91651 (18.8%) facts=35060 sanitized=1 経過=80秒 残り≈345秒
[17:52:47]   batch 71: 17433/91651 (19.0%) facts=35561 sanitized=1 経過=80秒 残り≈340秒
[17:52:47]   batch 72: 17643/91651 (19.3%) facts=36063 sanitized=1 経過=80秒 残り≈336秒
[17:52:47]   batch 73: 17871/91651 (19.5%) facts=36565 sanitized=1 経過=80秒 残り≈331秒
[17:52:47]   batch 74: 18091/91651 (19.7%) facts=37066 sanitized=1 経過=80秒 残り≈327秒
[17:52:47]   batch 75: 18339/91651 (20.0%) facts=37567 sanitized=1 経過=81秒 残り≈322秒
[17:52:48]   batch 76: 18586/91651 (20.3%) facts=38069 sanitized=1 経過=81秒 残り≈318秒
[17:52:48]   batch 77: 18841/91651 (20.6%) facts=38571 sanitized=1 経過=81秒 残り≈313秒
[17:52:48]   batch 78: 19106/91651 (20.8%) facts=39073 sanitized=1 経過=81秒 残り≈308秒
[17:52:48]   batch 79: 19341/91651 (21.1%) facts=39573 sanitized=1 経過=81秒 残り≈304秒
[17:52:48]   batch 80: 19572/91651 (21.4%) facts=40075 sanitized=1 経過=82秒 残り≈300秒
[17:52:49]   batch 81: 19836/91651 (21.6%) facts=40575 sanitized=1 経過=82秒 残り≈296秒
[17:52:49]   batch 82: 20078/91651 (21.9%) facts=41076 sanitized=1 経過=82秒 残り≈292秒
[17:52:49]   batch 83: 20331/91651 (22.2%) facts=41578 sanitized=1 経過=82秒 残り≈288秒
[17:52:49]   batch 84: 20569/91651 (22.4%) facts=42079 sanitized=1 経過=82秒 残り≈284秒
[17:52:49]   batch 85: 20845/91651 (22.7%) facts=42579 sanitized=1 経過=82秒 残り≈280秒
[17:52:49]   batch 86: 21071/91651 (23.0%) facts=43081 sanitized=1 経過=83秒 残り≈277秒
[17:52:50]   batch 87: 21320/91651 (23.3%) facts=43581 sanitized=1 経過=83秒 残り≈273秒
[17:52:50]   batch 88: 21610/91651 (23.6%) facts=44083 sanitized=1 経過=83秒 残り≈269秒
[17:52:50]   batch 89: 21846/91651 (23.8%) facts=44583 sanitized=1 経過=83秒 残り≈266秒
[17:52:50]   batch 90: 22075/91651 (24.1%) facts=45083 sanitized=1 経過=83秒 残り≈263秒
[17:52:50]   batch 91: 22295/91651 (24.3%) facts=45585 sanitized=1 経過=83秒 残り≈260秒
[17:52:51]   batch 92: 22540/91651 (24.6%) facts=46086 sanitized=1 経過=84秒 残り≈257秒
[17:52:51]   batch 93: 22782/91651 (24.9%) facts=46587 sanitized=1 経過=84秒 残り≈253秒
[17:52:51]   batch 94: 23022/91651 (25.1%) facts=47089 sanitized=1 経過=84秒 残り≈250秒
[17:52:51]   batch 95: 23276/91651 (25.4%) facts=47589 sanitized=1 経過=84秒 残り≈247秒
[17:52:51]   batch 96: 23514/91651 (25.7%) facts=48090 sanitized=1 経過=84秒 残り≈244秒
[17:52:51]   batch 97: 23763/91651 (25.9%) facts=48592 sanitized=1 経過=84秒 残り≈241秒
[17:52:51]   batch 98: 24012/91651 (26.2%) facts=49093 sanitized=1 経過=85秒 残り≈238秒
[17:52:52]   batch 99: 24252/91651 (26.5%) facts=49594 sanitized=1 経過=85秒 残り≈235秒
[17:52:52]   batch 100: 24523/91651 (26.8%) facts=50096 sanitized=1 経過=85秒 残り≈232秒
[17:52:52]   batch 101: 24745/91651 (27.0%) facts=50598 sanitized=1 経過=85秒 残り≈230秒
[17:52:52]   batch 102: 24959/91651 (27.2%) facts=51099 sanitized=1 経過=85秒 残り≈228秒
[17:52:52]   batch 103: 25195/91651 (27.5%) facts=51601 sanitized=1 経過=85秒 残り≈225秒
[17:52:52]   batch 104: 25440/91651 (27.8%) facts=52102 sanitized=1 経過=85秒 残り≈222秒
[17:52:52]   batch 105: 25667/91651 (28.0%) facts=52604 sanitized=1 経過=86秒 残り≈220秒
[17:52:53]   batch 106: 25927/91651 (28.3%) facts=53105 sanitized=1 経過=86秒 残り≈217秒
[17:52:53]   batch 107: 26181/91651 (28.6%) facts=53605 sanitized=1 経過=86秒 残り≈215秒
[17:52:53]   batch 108: 26431/91651 (28.8%) facts=54105 sanitized=1 経過=86秒 残り≈212秒
[17:52:53]   batch 109: 26671/91651 (29.1%) facts=54607 sanitized=1 経過=86秒 残り≈210秒
[17:52:53]   batch 110: 26917/91651 (29.4%) facts=55107 sanitized=1 経過=86秒 残り≈208秒
[17:52:53]   batch 111: 27158/91651 (29.6%) facts=55607 sanitized=1 経過=86秒 残り≈205秒
[17:52:54]   batch 112: 27391/91651 (29.9%) facts=56107 sanitized=1 経過=87秒 残り≈203秒
[17:52:54]   batch 113: 27667/91651 (30.2%) facts=56609 sanitized=1 経過=87秒 残り≈201秒
[17:52:54]   batch 114: 27911/91651 (30.5%) facts=57111 sanitized=1 経過=87秒 残り≈199秒
[17:52:54]   batch 115: 28150/91651 (30.7%) facts=57612 sanitized=1 経過=87秒 残り≈196秒
[17:52:54]   batch 116: 28401/91651 (31.0%) facts=58112 sanitized=1 経過=87秒 残り≈194秒
[17:52:54]   batch 117: 28632/91651 (31.2%) facts=58612 sanitized=1 経過=87秒 残り≈192秒
[17:52:54]   batch 118: 28869/91651 (31.5%) facts=59113 sanitized=1 経過=88秒 残り≈190秒
[17:52:55]   batch 119: 29100/91651 (31.8%) facts=59613 sanitized=1 経過=88秒 残り≈188秒
[17:52:55]   batch 120: 29323/91651 (32.0%) facts=60115 sanitized=1 経過=88秒 残り≈187秒
[17:52:55]   batch 121: 29609/91651 (32.3%) facts=60616 sanitized=1 経過=88秒 残り≈184秒
[17:52:55]   batch 122: 29837/91651 (32.6%) facts=61116 sanitized=1 経過=88秒 残り≈182秒
[17:52:55]   batch 123: 30067/91651 (32.8%) facts=61616 sanitized=1 経過=88秒 残り≈181秒
[17:52:55]   batch 124: 30323/91651 (33.1%) facts=62117 sanitized=1 経過=88秒 残り≈179秒
[17:52:55]   batch 125: 30554/91651 (33.3%) facts=62618 sanitized=1 経過=89秒 残り≈177秒
[17:52:56]   batch 126: 30784/91651 (33.6%) facts=63118 sanitized=1 経過=89秒 残り≈175秒
[17:52:56]   batch 127: 31018/91651 (33.8%) facts=63620 sanitized=1 経過=89秒 残り≈174秒
[17:52:56]   batch 128: 31250/91651 (34.1%) facts=64122 sanitized=1 経過=89秒 残り≈172秒
[17:52:56]   batch 129: 31491/91651 (34.4%) facts=64624 sanitized=1 経過=89秒 残り≈170秒
[17:52:56]   batch 130: 31722/91651 (34.6%) facts=65126 sanitized=1 経過=89秒 残り≈169秒
[17:52:56]   batch 131: 31943/91651 (34.9%) facts=65626 sanitized=1 経過=89秒 残り≈167秒
[17:52:56]   batch 132: 32184/91651 (35.1%) facts=66126 sanitized=1 経過=90秒 残り≈165秒
[17:52:57]   batch 133: 32427/91651 (35.4%) facts=66627 sanitized=1 経過=90秒 残り≈164秒
[17:52:57]   batch 134: 32659/91651 (35.6%) facts=67129 sanitized=1 経過=90秒 残り≈162秒
[17:52:57]   batch 135: 32901/91651 (35.9%) facts=67631 sanitized=1 経過=90秒 残り≈161秒
[17:52:57]   batch 136: 33130/91651 (36.1%) facts=68131 sanitized=1 経過=90秒 残り≈159秒
[17:52:57]   batch 137: 33374/91651 (36.4%) facts=68632 sanitized=1 経過=90秒 残り≈158秒
[17:52:57]   batch 138: 33624/91651 (36.7%) facts=69133 sanitized=1 経過=90秒 残り≈156秒
[17:52:57]   batch 139: 33863/91651 (36.9%) facts=69634 sanitized=1 経過=91秒 残り≈155秒
[17:52:58]   batch 140: 34121/91651 (37.2%) facts=70134 sanitized=1 経過=91秒 残り≈153秒
[17:52:58]   batch 141: 34405/91651 (37.5%) facts=70634 sanitized=1 経過=91秒 残り≈151秒
[17:52:58]   batch 142: 34645/91651 (37.8%) facts=71136 sanitized=1 経過=91秒 残り≈150秒
[17:52:58]   batch 143: 34876/91651 (38.1%) facts=71636 sanitized=1 経過=91秒 残り≈148秒
[17:52:58]   batch 144: 35152/91651 (38.4%) facts=72137 sanitized=1 経過=91秒 残り≈147秒
[17:52:58]   batch 145: 35405/91651 (38.6%) facts=72639 sanitized=1 経過=92秒 残り≈145秒
[17:52:59]   batch 146: 35636/91651 (38.9%) facts=73139 sanitized=1 経過=92秒 残り≈144秒
[17:52:59]   batch 147: 35913/91651 (39.2%) facts=73640 sanitized=1 経過=92秒 残り≈143秒
[17:52:59]   batch 148: 36185/91651 (39.5%) facts=74140 sanitized=1 経過=92秒 残り≈141秒
[17:52:59]   batch 149: 36466/91651 (39.8%) facts=74642 sanitized=1 経過=92秒 残り≈140秒
[17:52:59]   batch 150: 36701/91651 (40.0%) facts=75143 sanitized=1 経過=92秒 残り≈138秒
[17:52:59]   batch 151: 36957/91651 (40.3%) facts=75645 sanitized=1 経過=93秒 残り≈137秒
[17:53:00]   batch 152: 37192/91651 (40.6%) facts=76147 sanitized=1 経過=93秒 残り≈136秒
[17:53:00]   batch 153: 37460/91651 (40.9%) facts=76647 sanitized=1 経過=93秒 残り≈134秒
[17:53:00]   batch 154: 37715/91651 (41.2%) facts=77148 sanitized=1 経過=93秒 残り≈133秒
[17:53:00]   batch 155: 37947/91651 (41.4%) facts=77650 sanitized=1 経過=93秒 残り≈132秒
[17:53:00]   batch 156: 38216/91651 (41.7%) facts=78151 sanitized=1 経過=93秒 残り≈130秒
[17:53:00]   batch 157: 38438/91651 (41.9%) facts=78652 sanitized=1 経過=94秒 残り≈130秒
[17:53:01]   batch 158: 38661/91651 (42.2%) facts=79153 sanitized=1 経過=94秒 残り≈129秒
[17:53:01]   batch 159: 38907/91651 (42.5%) facts=79654 sanitized=1 経過=94秒 残り≈127秒
[17:53:01]   batch 160: 39125/91651 (42.7%) facts=80155 sanitized=1 経過=94秒 残り≈126秒
[17:53:01]   batch 161: 39365/91651 (43.0%) facts=80655 sanitized=1 経過=94秒 残り≈125秒
[17:53:01]   batch 162: 39670/91651 (43.3%) facts=81157 sanitized=1 経過=95秒 残り≈124秒
[17:53:02]   batch 163: 39923/91651 (43.6%) facts=81658 sanitized=1 経過=95秒 残り≈123秒
[17:53:02]   batch 164: 40199/91651 (43.9%) facts=82159 sanitized=1 経過=95秒 残り≈121秒
[17:53:02]   batch 165: 40468/91651 (44.2%) facts=82659 sanitized=1 経過=95秒 残り≈120秒
[17:53:02]   batch 166: 40718/91651 (44.4%) facts=83160 sanitized=1 経過=95秒 残り≈119秒
[17:53:02]   batch 167: 40949/91651 (44.7%) facts=83661 sanitized=1 経過=95秒 残り≈118秒
[17:53:03]   batch 168: 41201/91651 (45.0%) facts=84163 sanitized=1 経過=96秒 残り≈117秒
[17:53:03]   batch 169: 41453/91651 (45.2%) facts=84663 sanitized=1 経過=96秒 残り≈116秒
[17:53:03]   batch 170: 41704/91651 (45.5%) facts=85165 sanitized=1 経過=96秒 残り≈115秒
[17:53:03]   batch 171: 41947/91651 (45.8%) facts=85665 sanitized=1 経過=96秒 残り≈114秒
[17:53:03]   batch 172: 42180/91651 (46.0%) facts=86167 sanitized=1 経過=96秒 残り≈113秒
[17:53:03]   batch 173: 42436/91651 (46.3%) facts=86668 sanitized=1 経過=97秒 残り≈112秒
[17:53:04]   batch 174: 42677/91651 (46.6%) facts=87168 sanitized=1 経過=97秒 残り≈111秒
[17:53:04]   batch 175: 42961/91651 (46.9%) facts=87669 sanitized=1 経過=97秒 残り≈110秒
[17:53:04]   batch 176: 43199/91651 (47.1%) facts=88169 sanitized=1 経過=97秒 残り≈109秒
[17:53:04]   batch 177: 43437/91651 (47.4%) facts=88669 sanitized=1 経過=97秒 残り≈108秒
[17:53:04]   batch 178: 43665/91651 (47.6%) facts=89170 sanitized=1 経過=97秒 残り≈107秒
[17:53:04]   batch 179: 43869/91651 (47.9%) facts=89670 sanitized=1 経過=97秒 残り≈106秒
[17:53:05]   batch 180: 44109/91651 (48.1%) facts=90170 sanitized=1 経過=98秒 残り≈105秒
[17:53:05]   batch 181: 44340/91651 (48.4%) facts=90670 sanitized=1 経過=98秒 残り≈104秒
[17:53:05]   batch 182: 44583/91651 (48.6%) facts=91170 sanitized=1 経過=98秒 残り≈103秒
[17:53:05]   batch 183: 44820/91651 (48.9%) facts=91670 sanitized=1 経過=98秒 残り≈103秒
[17:53:05]   batch 184: 45046/91651 (49.1%) facts=92172 sanitized=1 経過=98秒 残り≈102秒
[17:53:05]   batch 185: 45257/91651 (49.4%) facts=92673 sanitized=1 経過=98秒 残り≈101秒
[17:53:05]   batch 186: 45540/91651 (49.7%) facts=93173 sanitized=1 経過=99秒 残り≈100秒
[17:53:06]   batch 187: 45845/91651 (50.0%) facts=93673 sanitized=1 経過=99秒 残り≈99秒
[17:53:06]   batch 188: 46187/91651 (50.4%) facts=94173 sanitized=1 経過=99秒 残り≈97秒
[17:53:06]   batch 189: 46428/91651 (50.7%) facts=94675 sanitized=1 経過=99秒 残り≈97秒
[17:53:06]   batch 190: 46677/91651 (50.9%) facts=95177 sanitized=1 経過=99秒 残り≈96秒
[17:53:06]   batch 191: 46899/91651 (51.2%) facts=95677 sanitized=1 経過=99秒 残り≈95秒
[17:53:06]   batch 192: 47142/91651 (51.4%) facts=96178 sanitized=1 経過=100秒 残り≈94秒
[17:53:07]   batch 193: 47385/91651 (51.7%) facts=96679 sanitized=1 経過=100秒 残り≈93秒
[17:53:07]   batch 194: 47606/91651 (51.9%) facts=97181 sanitized=1 経過=100秒 残り≈92秒
[17:53:07]   batch 195: 47834/91651 (52.2%) facts=97682 sanitized=1 経過=100秒 残り≈92秒
[17:53:07]   batch 196: 48070/91651 (52.4%) facts=98183 sanitized=1 経過=100秒 残り≈91秒
[17:53:07]   batch 197: 48289/91651 (52.7%) facts=98683 sanitized=1 経過=100秒 残り≈90秒
[17:53:07]   batch 198: 48569/91651 (53.0%) facts=99183 sanitized=1 経過=100秒 残り≈89秒
[17:53:07]   batch 199: 48851/91651 (53.3%) facts=99684 sanitized=1 経過=101秒 残り≈88秒
[17:53:08]   batch 200: 49104/91651 (53.6%) facts=100185 sanitized=1 経過=101秒 残り≈87秒
[17:53:08]   batch 201: 49353/91651 (53.8%) facts=100686 sanitized=1 経過=101秒 残り≈86秒
[17:53:08]   batch 202: 49571/91651 (54.1%) facts=101186 sanitized=1 経過=101秒 残り≈86秒
[17:53:08]   batch 203: 49803/91651 (54.3%) facts=101688 sanitized=1 経過=101秒 残り≈85秒
[17:53:08]   batch 204: 50041/91651 (54.6%) facts=102188 sanitized=1 経過=101秒 残り≈84秒
[17:53:08]   batch 205: 50284/91651 (54.9%) facts=102690 sanitized=1 経過=102秒 残り≈84秒
[17:53:09]   batch 206: 50504/91651 (55.1%) facts=103190 sanitized=1 経過=102秒 残り≈83秒
[17:53:09]   batch 207: 50747/91651 (55.4%) facts=103691 sanitized=1 経過=102秒 残り≈82秒
[17:53:09]   batch 208: 51003/91651 (55.6%) facts=104191 sanitized=1 経過=102秒 残り≈81秒
[17:53:09]   batch 209: 51232/91651 (55.9%) facts=104691 sanitized=1 経過=102秒 残り≈81秒
[17:53:09]   batch 210: 51497/91651 (56.2%) facts=105193 sanitized=1 経過=102秒 残り≈80秒
[17:53:09]   batch 211: 51726/91651 (56.4%) facts=105695 sanitized=1 経過=102秒 残り≈79秒
[17:53:09]   batch 212: 51956/91651 (56.7%) facts=106196 sanitized=1 経過=103秒 残り≈78秒
[17:53:10]   batch 213: 52198/91651 (57.0%) facts=106697 sanitized=1 経過=103秒 残り≈78秒
[17:53:10]   batch 214: 52455/91651 (57.2%) facts=107197 sanitized=1 経過=103秒 残り≈77秒
[17:53:10]   batch 215: 52686/91651 (57.5%) facts=107697 sanitized=1 経過=103秒 残り≈76秒
[17:53:10]   batch 216: 52931/91651 (57.8%) facts=108198 sanitized=1 経過=103秒 残り≈75秒
[17:53:10]   batch 217: 53164/91651 (58.0%) facts=108700 sanitized=1 経過=103秒 残り≈75秒
[17:53:10]   batch 218: 53388/91651 (58.3%) facts=109201 sanitized=1 経過=103秒 残り≈74秒
[17:53:10]   batch 219: 53628/91651 (58.5%) facts=109703 sanitized=1 経過=104秒 残り≈73秒
[17:53:11]   batch 220: 53881/91651 (58.8%) facts=110205 sanitized=1 経過=104秒 残り≈73秒
[17:53:11]   batch 221: 54131/91651 (59.1%) facts=110707 sanitized=1 経過=104秒 残り≈72秒
[17:53:11]   batch 222: 54361/91651 (59.3%) facts=111208 sanitized=1 経過=104秒 残り≈71秒
[17:53:11]   batch 223: 54615/91651 (59.6%) facts=111709 sanitized=1 経過=104秒 残り≈71秒
[17:53:11]   batch 224: 54847/91651 (59.8%) facts=112211 sanitized=1 経過=104秒 残り≈70秒
[17:53:11]   batch 225: 55093/91651 (60.1%) facts=112711 sanitized=1 経過=104秒 残り≈69秒
[17:53:11]   batch 226: 55320/91651 (60.4%) facts=113213 sanitized=1 経過=105秒 残り≈69秒
[17:53:12]   batch 227: 55551/91651 (60.6%) facts=113714 sanitized=1 経過=105秒 残り≈68秒
[17:53:12]   batch 228: 55782/91651 (60.9%) facts=114215 sanitized=1 経過=105秒 残り≈67秒
[17:53:12]   batch 229: 55982/91651 (61.1%) facts=114715 sanitized=1 経過=105秒 残り≈67秒
[17:53:12]   batch 230: 56198/91651 (61.3%) facts=115216 sanitized=1 経過=105秒 残り≈66秒
[17:53:12]   batch 231: 56410/91651 (61.5%) facts=115717 sanitized=1 経過=105秒 残り≈66秒
[17:53:12]   batch 232: 56638/91651 (61.8%) facts=116217 sanitized=1 経過=105秒 残り≈65秒
[17:53:12]   batch 233: 56865/91651 (62.0%) facts=116717 sanitized=1 経過=106秒 残り≈65秒
[17:53:13]   batch 234: 57108/91651 (62.3%) facts=117219 sanitized=1 経過=106秒 残り≈64秒
[17:53:13]   batch 235: 57346/91651 (62.6%) facts=117720 sanitized=1 経過=106秒 残り≈63秒
[17:53:13]   batch 236: 57563/91651 (62.8%) facts=118220 sanitized=1 経過=106秒 残り≈63秒
[17:53:13]   batch 237: 57781/91651 (63.0%) facts=118721 sanitized=1 経過=106秒 残り≈62秒
[17:53:13]   batch 238: 58025/91651 (63.3%) facts=119223 sanitized=1 経過=106秒 残り≈62秒
[17:53:13]   batch 239: 58259/91651 (63.6%) facts=119723 sanitized=1 経過=106秒 残り≈61秒
[17:53:13]   batch 240: 58501/91651 (63.8%) facts=120225 sanitized=1 経過=107秒 残り≈60秒
[17:53:14]   batch 241: 58752/91651 (64.1%) facts=120726 sanitized=1 経過=107秒 残り≈60秒
[17:53:14]   batch 242: 58978/91651 (64.4%) facts=121226 sanitized=1 経過=107秒 残り≈59秒
[17:53:14]   batch 243: 59210/91651 (64.6%) facts=121727 sanitized=1 経過=107秒 残り≈59秒
[17:53:14]   batch 244: 59454/91651 (64.9%) facts=122227 sanitized=1 経過=107秒 残り≈58秒
[17:53:14]   batch 245: 59673/91651 (65.1%) facts=122727 sanitized=1 経過=108秒 残り≈58秒
[17:53:15]   batch 246: 59930/91651 (65.4%) facts=123227 sanitized=1 経過=108秒 残り≈57秒
[17:53:15]   batch 247: 60199/91651 (65.7%) facts=123729 sanitized=1 経過=108秒 残り≈56秒
[17:53:15]   batch 248: 60451/91651 (66.0%) facts=124230 sanitized=1 経過=108秒 残り≈56秒
[17:53:15]   batch 249: 60695/91651 (66.2%) facts=124732 sanitized=1 経過=108秒 残り≈55秒
[17:53:15]   batch 250: 60925/91651 (66.5%) facts=125233 sanitized=1 経過=108秒 残り≈55秒
[17:53:15]   batch 251: 61144/91651 (66.7%) facts=125733 sanitized=1 経過=109秒 残り≈54秒
[17:53:16]   batch 252: 61380/91651 (67.0%) facts=126234 sanitized=1 経過=109秒 残り≈54秒
[17:53:16]   batch 253: 61626/91651 (67.2%) facts=126736 sanitized=1 経過=109秒 残り≈53秒
[17:53:16]   batch 254: 61874/91651 (67.5%) facts=127238 sanitized=1 経過=109秒 残り≈52秒
[17:53:16]   batch 255: 62108/91651 (67.8%) facts=127738 sanitized=1 経過=109秒 残り≈52秒
[17:53:16]   batch 256: 62344/91651 (68.0%) facts=128238 sanitized=1 経過=109秒 残り≈51秒
[17:53:16]   batch 257: 62579/91651 (68.3%) facts=128738 sanitized=1 経過=109秒 残り≈51秒
[17:53:17]   batch 258: 62820/91651 (68.5%) facts=129239 sanitized=1 経過=110秒 残り≈50秒
[17:53:17]   batch 259: 63060/91651 (68.8%) facts=129741 sanitized=1 経過=110秒 残り≈50秒
[17:53:17]   batch 260: 63293/91651 (69.1%) facts=130243 sanitized=1 経過=110秒 残り≈49秒
[17:53:17]   batch 261: 63533/91651 (69.3%) facts=130744 sanitized=1 経過=110秒 残り≈49秒
[17:53:17]   batch 262: 63778/91651 (69.6%) facts=131244 sanitized=1 経過=110秒 残り≈48秒
[17:53:17]   batch 263: 64045/91651 (69.9%) facts=131744 sanitized=1 経過=111秒 残り≈48秒
[17:53:18]   batch 264: 64290/91651 (70.1%) facts=132246 sanitized=1 経過=111秒 残り≈47秒
[17:53:18]   batch 265: 64520/91651 (70.4%) facts=132747 sanitized=1 経過=111秒 残り≈47秒
[17:53:18]   batch 266: 64737/91651 (70.6%) facts=133248 sanitized=1 経過=111秒 残り≈46秒
[17:53:18]   batch 267: 64959/91651 (70.9%) facts=133750 sanitized=1 経過=111秒 残り≈46秒
[17:53:18]   batch 268: 65197/91651 (71.1%) facts=134251 sanitized=1 経過=111秒 残り≈45秒
[17:53:19]   batch 269: 65452/91651 (71.4%) facts=134751 sanitized=1 経過=112秒 残り≈45秒
[17:53:19]   batch 270: 65696/91651 (71.7%) facts=135253 sanitized=1 経過=112秒 残り≈44秒
[17:53:19]   batch 271: 65930/91651 (71.9%) facts=135753 sanitized=1 経過=112秒 残り≈44秒
[17:53:19]   batch 272: 66169/91651 (72.2%) facts=136253 sanitized=1 経過=112秒 残り≈43秒
[17:53:19]   batch 273: 66397/91651 (72.4%) facts=136753 sanitized=1 経過=112秒 残り≈43秒
[17:53:19]   batch 274: 66637/91651 (72.7%) facts=137253 sanitized=1 経過=112秒 残り≈42秒
[17:53:19]   batch 275: 66854/91651 (72.9%) facts=137754 sanitized=1 経過=113秒 残り≈42秒
[17:53:20]   batch 276: 67086/91651 (73.2%) facts=138256 sanitized=1 経過=113秒 残り≈41秒
[17:53:20]   batch 277: 67325/91651 (73.5%) facts=138757 sanitized=1 経過=113秒 残り≈41秒
[17:53:20]   batch 278: 67582/91651 (73.7%) facts=139259 sanitized=1 経過=113秒 残り≈40秒
[17:53:20]   batch 279: 67797/91651 (74.0%) facts=139760 sanitized=1 経過=113秒 残り≈40秒
[17:53:20]   batch 280: 68046/91651 (74.2%) facts=140262 sanitized=1 経過=113秒 残り≈39秒
[17:53:20]   batch 281: 68279/91651 (74.5%) facts=140762 sanitized=1 経過=114秒 残り≈39秒
[17:53:21]   batch 282: 68519/91651 (74.8%) facts=141262 sanitized=1 経過=114秒 残り≈38秒
[17:53:21]   batch 283: 68752/91651 (75.0%) facts=141764 sanitized=1 経過=114秒 残り≈38秒
[17:53:21]   batch 284: 69003/91651 (75.3%) facts=142265 sanitized=1 経過=114秒 残り≈37秒
[17:53:21]   batch 285: 69248/91651 (75.6%) facts=142765 sanitized=1 経過=114秒 残り≈37秒
[17:53:21]   batch 286: 69487/91651 (75.8%) facts=143266 sanitized=1 経過=114秒 残り≈36秒
[17:53:21]   batch 287: 69714/91651 (76.1%) facts=143766 sanitized=1 経過=114秒 残り≈36秒
[17:53:21]   batch 288: 69972/91651 (76.3%) facts=144267 sanitized=1 経過=114秒 残り≈35秒
[17:53:21]   batch 289: 70221/91651 (76.6%) facts=144769 sanitized=1 経過=115秒 残り≈35秒
[17:53:22]   batch 290: 70473/91651 (76.9%) facts=145269 sanitized=1 経過=115秒 残り≈34秒
[17:53:22]   batch 291: 70707/91651 (77.1%) facts=145770 sanitized=1 経過=115秒 残り≈34秒
[17:53:22]   batch 292: 70935/91651 (77.4%) facts=146272 sanitized=1 経過=115秒 残り≈34秒
[17:53:22]   batch 293: 71163/91651 (77.6%) facts=146773 sanitized=1 経過=115秒 残り≈33秒
[17:53:22]   batch 294: 71385/91651 (77.9%) facts=147274 sanitized=1 経過=115秒 残り≈33秒
[17:53:22]   batch 295: 71603/91651 (78.1%) facts=147775 sanitized=1 経過=115秒 残り≈32秒
[17:53:22]   batch 296: 71855/91651 (78.4%) facts=148277 sanitized=1 経過=116秒 残り≈32秒
[17:53:23]   batch 297: 72089/91651 (78.7%) facts=148778 sanitized=1 経過=116秒 残り≈31秒
[17:53:23]   batch 298: 72330/91651 (78.9%) facts=149278 sanitized=1 経過=116秒 残り≈31秒
[17:53:23]   batch 299: 72591/91651 (79.2%) facts=149780 sanitized=1 経過=116秒 残り≈30秒
[17:53:23]   batch 300: 72861/91651 (79.5%) facts=150280 sanitized=1 経過=116秒 残り≈30秒
[17:53:23]   batch 301: 73103/91651 (79.8%) facts=150780 sanitized=1 経過=116秒 残り≈29秒
[17:53:23]   batch 302: 73370/91651 (80.1%) facts=151280 sanitized=1 経過=116秒 残り≈29秒
[17:53:23]   batch 303: 73619/91651 (80.3%) facts=151782 sanitized=1 経過=116秒 残り≈29秒
[17:53:23]   batch 304: 73859/91651 (80.6%) facts=152284 sanitized=1 経過=117秒 残り≈28秒
[17:53:24]   batch 305: 74118/91651 (80.9%) facts=152785 sanitized=1 経過=117秒 残り≈28秒
[17:53:24]   batch 306: 74347/91651 (81.1%) facts=153287 sanitized=1 経過=117秒 残り≈27秒
[17:53:24]   batch 307: 74584/91651 (81.4%) facts=153787 sanitized=1 経過=117秒 残り≈27秒
[17:53:24]   batch 308: 74813/91651 (81.6%) facts=154287 sanitized=1 経過=117秒 残り≈26秒
[17:53:24]   batch 309: 75057/91651 (81.9%) facts=154789 sanitized=1 経過=117秒 残り≈26秒
[17:53:24]   batch 310: 75285/91651 (82.1%) facts=155289 sanitized=1 経過=117秒 残り≈26秒
[17:53:24]   batch 311: 75507/91651 (82.4%) facts=155790 sanitized=1 経過=118秒 残り≈25秒
[17:53:25]   batch 312: 75762/91651 (82.7%) facts=156292 sanitized=1 経過=118秒 残り≈25秒
[17:53:25]   batch 313: 75999/91651 (82.9%) facts=156792 sanitized=1 経過=118秒 残り≈24秒
[17:53:25]   batch 314: 76261/91651 (83.2%) facts=157294 sanitized=1 経過=118秒 残り≈24秒
[17:53:25]   batch 315: 76521/91651 (83.5%) facts=157795 sanitized=1 経過=118秒 残り≈23秒
[17:53:25]   batch 316: 76793/91651 (83.8%) facts=158295 sanitized=1 経過=118秒 残り≈23秒
[17:53:25]   batch 317: 77073/91651 (84.1%) facts=158797 sanitized=1 経過=118秒 残り≈22秒
[17:53:25]   batch 318: 77355/91651 (84.4%) facts=159299 sanitized=1 経過=118秒 残り≈22秒
[17:53:25]   batch 319: 77604/91651 (84.7%) facts=159799 sanitized=1 経過=119秒 残り≈21秒
[17:53:26]   batch 320: 77893/91651 (85.0%) facts=160299 sanitized=1 経過=119秒 残り≈21秒
[17:53:26]   batch 321: 78270/91651 (85.4%) facts=160800 sanitized=1 経過=119秒 残り≈20秒
[17:53:26]   batch 322: 78530/91651 (85.7%) facts=161301 sanitized=1 経過=119秒 残り≈20秒
[17:53:26]   batch 323: 78788/91651 (86.0%) facts=161803 sanitized=1 経過=119秒 残り≈19秒
[17:53:26]   batch 324: 79059/91651 (86.3%) facts=162305 sanitized=1 経過=119秒 残り≈19秒
[17:53:26]   batch 325: 79311/91651 (86.5%) facts=162806 sanitized=1 経過=119秒 残り≈19秒
[17:53:26]   batch 326: 79571/91651 (86.8%) facts=163307 sanitized=1 経過=120秒 残り≈18秒
[17:53:27]   batch 327: 79821/91651 (87.1%) facts=163809 sanitized=1 経過=120秒 残り≈18秒
[17:53:27]   batch 328: 80074/91651 (87.4%) facts=164309 sanitized=1 経過=120秒 残り≈17秒
[17:53:27]   batch 329: 80336/91651 (87.7%) facts=164809 sanitized=1 経過=120秒 残り≈17秒
[17:53:27]   batch 330: 80566/91651 (87.9%) facts=165310 sanitized=1 経過=120秒 残り≈17秒
[17:53:27]   batch 331: 80838/91651 (88.2%) facts=165811 sanitized=1 経過=120秒 残り≈16秒
[17:53:27]   batch 332: 81098/91651 (88.5%) facts=166311 sanitized=1 経過=120秒 残り≈16秒
[17:53:27]   batch 333: 81340/91651 (88.7%) facts=166811 sanitized=1 経過=121秒 残り≈15秒
[17:53:28]   batch 334: 81583/91651 (89.0%) facts=167313 sanitized=1 経過=121秒 残り≈15秒
[17:53:28]   batch 335: 81853/91651 (89.3%) facts=167814 sanitized=1 経過=121秒 残り≈14秒
[17:53:28]   batch 336: 82094/91651 (89.6%) facts=168316 sanitized=1 経過=121秒 残り≈14秒
[17:53:28]   batch 337: 82344/91651 (89.8%) facts=168816 sanitized=1 経過=121秒 残り≈14秒
[17:53:28]   batch 338: 82601/91651 (90.1%) facts=169316 sanitized=1 経過=121秒 残り≈13秒
[17:53:28]   batch 339: 82872/91651 (90.4%) facts=169816 sanitized=1 経過=122秒 残り≈13秒
[17:53:29]   batch 340: 83113/91651 (90.7%) facts=170318 sanitized=1 経過=122秒 残り≈12秒
[17:53:29]   batch 341: 83387/91651 (91.0%) facts=170820 sanitized=1 経過=122秒 残り≈12秒
[17:53:29]   batch 342: 83707/91651 (91.3%) facts=171321 sanitized=1 経過=122秒 残り≈12秒
[17:53:29]   batch 343: 84021/91651 (91.7%) facts=171823 sanitized=1 経過=122秒 残り≈11秒
[17:53:29]   batch 344: 84363/91651 (92.0%) facts=172325 sanitized=1 経過=122秒 残り≈11秒
[17:53:29]   batch 345: 84647/91651 (92.4%) facts=172827 sanitized=1 経過=122秒 残り≈10秒
[17:53:29]   batch 346: 84956/91651 (92.7%) facts=173327 sanitized=1 経過=123秒 残り≈10秒
[17:53:30]   batch 347: 85250/91651 (93.0%) facts=173829 sanitized=1 経過=123秒 残り≈9秒
[17:53:30]   batch 348: 85593/91651 (93.4%) facts=174330 sanitized=1 経過=123秒 残り≈9秒
[17:53:30]   batch 349: 85890/91651 (93.7%) facts=174830 sanitized=1 経過=123秒 残り≈8秒
[17:53:30]   batch 350: 86173/91651 (94.0%) facts=175332 sanitized=1 経過=123秒 残り≈8秒
[17:53:30]   batch 351: 86534/91651 (94.4%) facts=175833 sanitized=1 経過=123秒 残り≈7秒
[17:53:30]   batch 352: 86801/91651 (94.7%) facts=176335 sanitized=1 経過=123秒 残り≈7秒
[17:53:30]   batch 353: 87082/91651 (95.0%) facts=176835 sanitized=1 経過=124秒 残り≈6秒
[17:53:31]   batch 354: 87386/91651 (95.3%) facts=177337 sanitized=1 経過=124秒 残り≈6秒
[17:53:31]   batch 355: 87784/91651 (95.8%) facts=177837 sanitized=1 経過=124秒 残り≈5秒
[17:53:31]   batch 356: 88141/91651 (96.2%) facts=178338 sanitized=1 経過=124秒 残り≈5秒
[17:53:31]   batch 357: 88478/91651 (96.5%) facts=178838 sanitized=1 経過=124秒 残り≈4秒
[17:53:31]   batch 358: 88786/91651 (96.9%) facts=179339 sanitized=1 経過=124秒 残り≈4秒
[17:53:31]   batch 359: 89175/91651 (97.3%) facts=179839 sanitized=1 経過=124秒 残り≈3秒
[17:53:31]   batch 360: 89513/91651 (97.7%) facts=180341 sanitized=1 経過=125秒 残り≈3秒
[17:53:32]   batch 361: 89791/91651 (98.0%) facts=180841 sanitized=1 経過=125秒 残り≈3秒
[17:53:32]   batch 362: 90157/91651 (98.4%) facts=181343 sanitized=1 経過=125秒 残り≈2秒
[17:53:32]   batch 363: 90451/91651 (98.7%) facts=181843 sanitized=1 経過=125秒 残り≈2秒
[17:53:32]   batch 364: 90765/91651 (99.0%) facts=182344 sanitized=1 経過=125秒 残り≈1秒
[17:53:32]   batch 365: 91128/91651 (99.4%) facts=182845 sanitized=1 経過=125秒 残り≈1秒
[17:53:32]   batch 366: 91565/91651 (99.9%) facts=183346 sanitized=1 経過=125秒 残り≈0秒
[17:53:32] [SANITIZE] scaled超過 (2.41e+17): col=sales val=241236000000.0 ticker=25900 fye=2026-01-31 Q=4Q
[17:53:32] [SANITIZE] scaled超過 (3.70e+16): col=sales val=36954000000.0 ticker=66350 fye=2025-12-31 Q=4Q
[17:53:32] [SANITIZE] scaled超過 (1.74e+17): col=sales val=174081000000.0 ticker=80570 fye=2026-07-31 Q=4Q
[17:53:32] [SANITIZE] scaled超過 (2.41e+17): col=sales val=241236000000.0 ticker=259 fye=2026-01-31 Q=4Q
[17:53:32] [SANITIZE] scaled超過 (3.70e+16): col=sales val=36954000000.0 ticker=6635 fye=2025-12-31 Q=4Q
[17:53:32] [SANITIZE] scaled超過 (1.74e+17): col=sales val=174081000000.0 ticker=8057 fye=2026-07-31 Q=4Q
[17:53:32] [SANITIZE] scaled超過 (4.20e+18): col=sales val=4197922000000.0 ticker=1928 fye=2026-01-31 Q=4Q
[17:53:32] [SANITIZE] scaled超過 (3.41e+17): col=operating_profit val=341402000000.0 ticker=1928 fye=2026-01-31 Q=4Q
[17:53:32] [SANITIZE] scaled超過 (2.02e+16): col=sales val=20246000000.0 ticker=759 fye=2026-01-31 Q=4Q
[17:53:32] [SANITIZE] scaled超過 (3.93e+16): col=sales val=39324000000.0 ticker=291 fye=2026-04-30 Q=4Q
[17:53:32] [SANITIZE] scaled超過 (3.63e+16): col=sales val=36272000000.0 ticker=9824 fye=2026-10-31 Q=4Q
[17:53:32] [SANITIZE] scaled超過 (1.06e+17): col=sales val=105571000000.0 ticker=7279 fye=2026-10-31 Q=4Q
[17:53:32] [SANITIZE] scaled超過 (3.57e+16): col=sales val=35709000000.0 ticker=4331 fye=2025-12-31 Q=4Q
[17:53:32] [SANITIZE] scaled超過 (1.50e+16): col=sales val=14961000000.0 ticker=319A fye=2025-12-31 Q=4Q
[17:53:32] [SANITIZE] scaled超過 (9.40e+15): col=sales val=9404000000.0 ticker=3733 fye=2026-10-31 Q=4Q
[17:53:32] [SANITIZE] scaled超過 (1.04e+16): col=sales val=10360000000.0 ticker=3854 fye=2026-07-31 Q=4Q
[17:53:32] [SANITIZE] scaled超過 (2.13e+16): col=sales val=21258000000.0 ticker=1873 fye=2026-04-30 Q=4Q
[17:53:32] [SANITIZE] scaled超過 (1.99e+16): col=sales val=19909000000.0 ticker=2353 fye=2026-07-31 Q=4Q
[17:53:32] [SANITIZE] scaled超過 (1.26e+16): col=sales val=12599000000.0 ticker=4238 fye=2026-01-31 Q=4Q
[17:53:33]   → facts 完了: 183432 件 (sanitized=20) (125.8秒)
[17:53:33] [SANITIZE] === 異常値サマリ: 20 件 ===
[17:53:33] [SANITIZE] 列別件数:
[17:53:33]   sales: 18 件
[17:53:33]   operating_profit: 2 件
[17:53:33] [SANITIZE] ticker別 上位5:
[17:53:33]   1928: 2 件
[17:53:33]   46850: 1 件
[17:53:33]   25900: 1 件
[17:53:33]   66350: 1 件
[17:53:33]   80570: 1 件
[17:53:33] [SANITIZE] 該当行 詳細:
[17:53:33]   [1] ticker=46850 fye=2028-03-31 Q=2Q col=operating_profit val=5.4e+303 reason=元値が10^16超 (5.40e+303) cause=巨大値 (指数=304, 単位誤りの疑い)
[17:53:33]   [2] ticker=25900 fye=2026-01-31 Q=4Q col=sales val=241236000000.0 reason=scaled超過 (2.41e+17) cause=不明 (scaled超過 (2.41e+17))
[17:53:33]        source_doc_id=e575776114b44bcb1a5194ba09f3cb6f0f6a321057235838a8f8e6e7e2fcbeb4
[17:53:33]        source_url=https://webapi.yanoshin.jp/rd.php?https://www.release.tdnet.info/inbs/140120260304575305.pdf
[17:53:33]   [3] ticker=66350 fye=2025-12-31 Q=4Q col=sales val=36954000000.0 reason=scaled超過 (3.70e+16) cause=不明 (scaled超過 (3.70e+16))
[17:53:33]        source_doc_id=fb5f157a80c7fef595ba383922642f5e653728903fb109536214f6a75c646cdc
[17:53:33]        source_url=https://webapi.yanoshin.jp/rd.php?https://www.release.tdnet.info/inbs/140120260227571645.pdf
[17:53:33]   [4] ticker=80570 fye=2026-07-31 Q=4Q col=sales val=174081000000.0 reason=scaled超過 (1.74e+17) cause=不明 (scaled超過 (1.74e+17))
[17:53:33]        source_doc_id=d7226d204ef18e1ed8bb7a5899c561d05ccfe4ae6703c55d87bb690986d122e5
[17:53:33]        source_url=https://webapi.yanoshin.jp/rd.php?https://www.release.tdnet.info/inbs/140120260304575655.pdf
[17:53:33]   [5] ticker=259 fye=2026-01-31 Q=4Q col=sales val=241236000000.0 reason=scaled超過 (2.41e+17) cause=不明 (scaled超過 (2.41e+17))
[17:53:33]        source_doc_id=e575776114b44bcb1a5194ba09f3cb6f0f6a321057235838a8f8e6e7e2fcbeb4
[17:53:33]        source_url=https://webapi.yanoshin.jp/rd.php?https://www.release.tdnet.info/inbs/140120260304575305.pdf
[17:53:33]   [6] ticker=6635 fye=2025-12-31 Q=4Q col=sales val=36954000000.0 reason=scaled超過 (3.70e+16) cause=不明 (scaled超過 (3.70e+16))
[17:53:33]        source_doc_id=fb5f157a80c7fef595ba383922642f5e653728903fb109536214f6a75c646cdc
[17:53:33]        source_url=https://webapi.yanoshin.jp/rd.php?https://www.release.tdnet.info/inbs/140120260227571645.pdf
[17:53:33]   [7] ticker=8057 fye=2026-07-31 Q=4Q col=sales val=174081000000.0 reason=scaled超過 (1.74e+17) cause=不明 (scaled超過 (1.74e+17))
[17:53:33]        source_doc_id=d7226d204ef18e1ed8bb7a5899c561d05ccfe4ae6703c55d87bb690986d122e5
[17:53:33]        source_url=https://webapi.yanoshin.jp/rd.php?https://www.release.tdnet.info/inbs/140120260304575655.pdf
[17:53:33]   [8] ticker=1928 fye=2026-01-31 Q=4Q col=sales val=4197922000000.0 reason=scaled超過 (4.20e+18) cause=不明 (scaled超過 (4.20e+18))
[17:53:33]        source_doc_id=9d76a7718fd1f381aaa5e6324c6483557df5cfd581c4cbf3e0dae838cf4b560c
[17:53:33]        source_url=https://webapi.yanoshin.jp/rd.php?https://www.release.tdnet.info/inbs/140120260304576061.pdf
[17:53:33]   [9] ticker=1928 fye=2026-01-31 Q=4Q col=operating_profit val=341402000000.0 reason=scaled超過 (3.41e+17) cause=不明 (scaled超過 (3.41e+17))
[17:53:33]        source_doc_id=9d76a7718fd1f381aaa5e6324c6483557df5cfd581c4cbf3e0dae838cf4b560c
[17:53:33]        source_url=https://webapi.yanoshin.jp/rd.php?https://www.release.tdnet.info/inbs/140120260304576061.pdf
[17:53:33]   [10] ticker=759 fye=2026-01-31 Q=4Q col=sales val=20246000000.0 reason=scaled超過 (2.02e+16) cause=不明 (scaled超過 (2.02e+16))
[17:53:33]        source_doc_id=52c4ddf5b8a757f7a0fa6b86a5c8c870a08556f468efdc20732724f2e124f8f0
[17:53:33]        source_url=https://webapi.yanoshin.jp/rd.php?https://www.release.tdnet.info/inbs/140120260304576008.pdf
[17:53:33]   [11] ticker=291 fye=2026-04-30 Q=4Q col=sales val=39324000000.0 reason=scaled超過 (3.93e+16) cause=不明 (scaled超過 (3.93e+16))
[17:53:33]        source_doc_id=ffa599449c7eba4ccff0dbaab62e50a9d3444b0897f214f8df277114943261a9
[17:53:33]        source_url=https://webapi.yanoshin.jp/rd.php?https://www.release.tdnet.info/inbs/140120260305576912.pdf
[17:53:33]   [12] ticker=9824 fye=2026-10-31 Q=4Q col=sales val=36272000000.0 reason=scaled超過 (3.63e+16) cause=不明 (scaled超過 (3.63e+16))
[17:53:33]        source_doc_id=4e11da79cdcad4fcffef85bb9d36b2733ce836e1cf8302e50965897230f9788e
[17:53:33]        source_url=https://webapi.yanoshin.jp/rd.php?https://www.release.tdnet.info/inbs/140120260306577313.pdf
[17:53:33]   [13] ticker=7279 fye=2026-10-31 Q=4Q col=sales val=105571000000.0 reason=scaled超過 (1.06e+17) cause=不明 (scaled超過 (1.06e+17))
[17:53:33]        source_doc_id=ab63c6d2d446d9c2f632e486b3df8c58e407220657979a279e330ec78862edb3
[17:53:33]        source_url=https://webapi.yanoshin.jp/rd.php?https://www.release.tdnet.info/inbs/140120260225569178.pdf
[17:53:33]   [14] ticker=4331 fye=2025-12-31 Q=4Q col=sales val=35709000000.0 reason=scaled超過 (3.57e+16) cause=不明 (scaled超過 (3.57e+16))
[17:53:33]        source_doc_id=d3137e4f111f0f539c8893d87fd13fdce2cea68267321916cd948ec2b4155c14
[17:53:33]        source_url=https://webapi.yanoshin.jp/rd.php?https://www.release.tdnet.info/inbs/140120260306577795.pdf
[17:53:33]   [15] ticker=319A fye=2025-12-31 Q=4Q col=sales val=14961000000.0 reason=scaled超過 (1.50e+16) cause=不明 (scaled超過 (1.50e+16))
[17:53:33]        source_doc_id=9014af0bc4a71d5222f9df6d516bb5f5c5c07e11f6f6fdd75981bc970a826303
[17:53:33]        source_url=https://webapi.yanoshin.jp/rd.php?https://www.release.tdnet.info/inbs/140120260305576615.pdf
[17:53:33]   [16] ticker=3733 fye=2026-10-31 Q=4Q col=sales val=9404000000.0 reason=scaled超過 (9.40e+15) cause=不明 (scaled超過 (9.40e+15))
[17:53:33]        source_doc_id=32fdea10e56e3506484abf9098217243b23bb68f28b0ba8241c0aa10bc48209d
[17:53:33]        source_url=https://webapi.yanoshin.jp/rd.php?https://www.release.tdnet.info/inbs/140120260305576840.pdf
[17:53:33]   [17] ticker=3854 fye=2026-07-31 Q=4Q col=sales val=10360000000.0 reason=scaled超過 (1.04e+16) cause=不明 (scaled超過 (1.04e+16))
[17:53:33]        source_doc_id=256b5590dd07ec504e21db6fcf1de41d2f5853ecf6ef25dd47cc3445ae8090e8
[17:53:33]        source_url=https://webapi.yanoshin.jp/rd.php?https://www.release.tdnet.info/inbs/140120260305576562.pdf
[17:53:33]   [18] ticker=1873 fye=2026-04-30 Q=4Q col=sales val=21258000000.0 reason=scaled超過 (2.13e+16) cause=不明 (scaled超過 (2.13e+16))
[17:53:33]        source_doc_id=7c45903fd67bf2785e8d64084ab575ba31ec3177327ebe7b44111d2c3c7c5170
[17:53:33]        source_url=https://webapi.yanoshin.jp/rd.php?https://www.release.tdnet.info/inbs/140120260305576938.pdf
[17:53:33]   [19] ticker=2353 fye=2026-07-31 Q=4Q col=sales val=19909000000.0 reason=scaled超過 (1.99e+16) cause=不明 (scaled超過 (1.99e+16))
[17:53:33]        source_doc_id=3fb293c6144b058c4201bee77af52dd057547d62b7e797474cd5cd27ae778f48
[17:53:33]        source_url=https://webapi.yanoshin.jp/rd.php?https://www.release.tdnet.info/inbs/140120260204547040.pdf
[17:53:33]   [20] ticker=4238 fye=2026-01-31 Q=4Q col=sales val=12599000000.0 reason=scaled超過 (1.26e+16) cause=不明 (scaled超過 (1.26e+16))
[17:53:33]        source_doc_id=964c8c619be16af3676300139135520a8a39d03543d596d2e31f01dd0c507e37
[17:53:33]        source_url=https://webapi.yanoshin.jp/rd.php?https://www.release.tdnet.info/inbs/140120260309578131.pdf
[17:53:33] [SANITIZE] === サマリ終了 (20 件) ===
[17:53:33] [Phase 5/5] TDnet → public.financials フラット投入...
[17:53:33] [FINANCIALS] ticker normalize: 78490 -> 7849
[17:53:33] [FINANCIALS] ticker normalize: 78490 -> 7849
[17:53:33] [FINANCIALS] ticker normalize: 78490 -> 7849
[17:53:33] [FINANCIALS] ticker normalize: 78490 -> 7849
[17:53:33] [FINANCIALS] ticker normalize: 78490 -> 7849
[17:53:34]   既存 financials: 0 行
[17:53:34] [Phase5] financials batch 例外:
Traceback (most recent call last):
  File "C:\Users\takuy\OneDrive\tdnet-excel-input\tools\sqlite_to_supabase.py", line 1135, in push_sqlite_to_supabase
    api.upsert_batch_fast(
  File "C:\Users\takuy\OneDrive\tdnet-excel-input\tools\sqlite_to_supabase.py", line 474, in upsert_batch_fast
    self._request(
  File "C:\Users\takuy\OneDrive\tdnet-excel-input\tools\sqlite_to_supabase.py", line 394, in _request
    r.raise_for_status()
  File "C:\Users\takuy\OneDrive\tdnet-excel-input\.venv\Lib\site-packages\requests\models.py", line 1026, in raise_for_status
    raise HTTPError(http_error_msg, response=self)
requests.exceptions.HTTPError: 401 Client Error: Unauthorized for url: https://fvkvfekzoebcolssnteo.supabase.co/rest/v1/financials?on_conflict=ticker%2Cperiod%2Cquarter

[17:53:34] [Phase5] financials batch 例外:
Traceback (most recent call last):
  File "C:\Users\takuy\OneDrive\tdnet-excel-input\tools\sqlite_to_supabase.py", line 1135, in push_sqlite_to_supabase
    api.upsert_batch_fast(
  File "C:\Users\takuy\OneDrive\tdnet-excel-input\tools\sqlite_to_supabase.py", line 474, in upsert_batch_fast
    self._request(
  File "C:\Users\takuy\OneDrive\tdnet-excel-input\tools\sqlite_to_supabase.py", line 394, in _request
    r.raise_for_status()
  File "C:\Users\takuy\OneDrive\tdnet-excel-input\.venv\Lib\site-packages\requests\models.py", line 1026, in raise_for_status
    raise HTTPError(http_error_msg, response=self)
requests.exceptions.HTTPError: 401 Client Error: Unauthorized for url: https://fvkvfekzoebcolssnteo.supabase.co/rest/v1/financials?on_conflict=ticker%2Cperiod%2Cquarter

[17:53:34] [Phase5] financials batch 例外:
Traceback (most recent call last):
  File "C:\Users\takuy\OneDrive\tdnet-excel-input\tools\sqlite_to_supabase.py", line 1135, in push_sqlite_to_supabase
    api.upsert_batch_fast(
  File "C:\Users\takuy\OneDrive\tdnet-excel-input\tools\sqlite_to_supabase.py", line 474, in upsert_batch_fast
    self._request(
  File "C:\Users\takuy\OneDrive\tdnet-excel-input\tools\sqlite_to_supabase.py", line 394, in _request
    r.raise_for_status()
  File "C:\Users\takuy\OneDrive\tdnet-excel-input\.venv\Lib\site-packages\requests\models.py", line 1026, in raise_for_status
    raise HTTPError(http_error_msg, response=self)
requests.exceptions.HTTPError: 401 Client Error: Unauthorized for url: https://fvkvfekzoebcolssnteo.supabase.co/rest/v1/financials?on_conflict=ticker%2Cperiod%2Cquarter

[17:53:35] [Phase5] financials batch 例外:
Traceback (most recent call last):
  File "C:\Users\takuy\OneDrive\tdnet-excel-input\tools\sqlite_to_supabase.py", line 1135, in push_sqlite_to_supabase
    api.upsert_batch_fast(
  File "C:\Users\takuy\OneDrive\tdnet-excel-input\tools\sqlite_to_supabase.py", line 474, in upsert_batch_fast
    self._request(
  File "C:\Users\takuy\OneDrive\tdnet-excel-input\tools\sqlite_to_supabase.py", line 394, in _request
    r.raise_for_status()
  File "C:\Users\takuy\OneDrive\tdnet-excel-input\.venv\Lib\site-packages\requests\models.py", line 1026, in raise_for_status
    raise HTTPError(http_error_msg, response=self)
requests.exceptions.HTTPError: 401 Client Error: Unauthorized for url: https://fvkvfekzoebcolssnteo.supabase.co/rest/v1/financials?on_conflict=ticker%2Cperiod%2Cquarter

[17:53:35] [Phase5] financials batch 例外:
Traceback (most recent call last):
  File "C:\Users\takuy\OneDrive\tdnet-excel-input\tools\sqlite_to_supabase.py", line 1135, in push_sqlite_to_supabase
    api.upsert_batch_fast(
  File "C:\Users\takuy\OneDrive\tdnet-excel-input\tools\sqlite_to_supabase.py", line 474, in upsert_batch_fast
    self._request(
  File "C:\Users\takuy\OneDrive\tdnet-excel-input\tools\sqlite_to_supabase.py", line 394, in _request
    r.raise_for_status()
  File "C:\Users\takuy\OneDrive\tdnet-excel-input\.venv\Lib\site-packages\requests\models.py", line 1026, in raise_for_status
    raise HTTPError(http_error_msg, response=self)
requests.exceptions.HTTPError: 401 Client Error: Unauthorized for url: https://fvkvfekzoebcolssnteo.supabase.co/rest/v1/financials?on_conflict=ticker%2Cperiod%2Cquarter

[17:53:35] [Phase5] financials batch 例外:
Traceback (most recent call last):
  File "C:\Users\takuy\OneDrive\tdnet-excel-input\tools\sqlite_to_supabase.py", line 1135, in push_sqlite_to_supabase
    api.upsert_batch_fast(
  File "C:\Users\takuy\OneDrive\tdnet-excel-input\tools\sqlite_to_supabase.py", line 474, in upsert_batch_fast
    self._request(
  File "C:\Users\takuy\OneDrive\tdnet-excel-input\tools\sqlite_to_supabase.py", line 394, in _request
    r.raise_for_status()
  File "C:\Users\takuy\OneDrive\tdnet-excel-input\.venv\Lib\site-packages\requests\models.py", line 1026, in raise_for_status
    raise HTTPError(http_error_msg, response=self)
requests.exceptions.HTTPError: 401 Client Error: Unauthorized for url: https://fvkvfekzoebcolssnteo.supabase.co/rest/v1/financials?on_conflict=ticker%2Cperiod%2Cquarter

[17:53:35] [Phase5] financials batch 例外:
Traceback (most recent call last):
  File "C:\Users\takuy\OneDrive\tdnet-excel-input\tools\sqlite_to_supabase.py", line 1135, in push_sqlite_to_supabase
    api.upsert_batch_fast(
  File "C:\Users\takuy\OneDrive\tdnet-excel-input\tools\sqlite_to_supabase.py", line 474, in upsert_batch_fast
    self._request(
  File "C:\Users\takuy\OneDrive\tdnet-excel-input\tools\sqlite_to_supabase.py", line 394, in _request
    r.raise_for_status()
  File "C:\Users\takuy\OneDrive\tdnet-excel-input\.venv\Lib\site-packages\requests\models.py", line 1026, in raise_for_status
    raise HTTPError(http_error_msg, response=self)
requests.exceptions.HTTPError: 401 Client Error: Unauthorized for url: https://fvkvfekzoebcolssnteo.supabase.co/rest/v1/financials?on_conflict=ticker%2Cperiod%2Cquarter

[17:53:35] [Phase5] financials batch 例外:
Traceback (most recent call last):
  File "C:\Users\takuy\OneDrive\tdnet-excel-input\tools\sqlite_to_supabase.py", line 1135, in push_sqlite_to_supabase
    api.upsert_batch_fast(
  File "C:\Users\takuy\OneDrive\tdnet-excel-input\tools\sqlite_to_supabase.py", line 474, in upsert_batch_fast
    self._request(
  File "C:\Users\takuy\OneDrive\tdnet-excel-input\tools\sqlite_to_supabase.py", line 394, in _request
    r.raise_for_status()
  File "C:\Users\takuy\OneDrive\tdnet-excel-input\.venv\Lib\site-packages\requests\models.py", line 1026, in raise_for_status
    raise HTTPError(http_error_msg, response=self)
requests.exceptions.HTTPError: 401 Client Error: Unauthorized for url: https://fvkvfekzoebcolssnteo.supabase.co/rest/v1/financials?on_conflict=ticker%2Cperiod%2Cquarter

[17:53:35] [Phase5] financials batch 例外:
Traceback (most recent call last):
  File "C:\Users\takuy\OneDrive\tdnet-excel-input\tools\sqlite_to_supabase.py", line 1135, in push_sqlite_to_supabase
    api.upsert_batch_fast(
  File "C:\Users\takuy\OneDrive\tdnet-excel-input\tools\sqlite_to_supabase.py", line 474, in upsert_batch_fast
    self._request(
  File "C:\Users\takuy\OneDrive\tdnet-excel-input\tools\sqlite_to_supabase.py", line 394, in _request
    r.raise_for_status()
  File "C:\Users\takuy\OneDrive\tdnet-excel-input\.venv\Lib\site-packages\requests\models.py", line 1026, in raise_for_status
    raise HTTPError(http_error_msg, response=self)
requests.exceptions.HTTPError: 401 Client Error: Unauthorized for url: https://fvkvfekzoebcolssnteo.supabase.co/rest/v1/financials?on_conflict=ticker%2Cperiod%2Cquarter

[17:53:36] [Phase5] financials batch 例外:
Traceback (most recent call last):
  File "C:\Users\takuy\OneDrive\tdnet-excel-input\tools\sqlite_to_supabase.py", line 1135, in push_sqlite_to_supabase
    api.upsert_batch_fast(
  File "C:\Users\takuy\OneDrive\tdnet-excel-input\tools\sqlite_to_supabase.py", line 474, in upsert_batch_fast
    self._request(
  File "C:\Users\takuy\OneDrive\tdnet-excel-input\tools\sqlite_to_supabase.py", line 394, in _request
    r.raise_for_status()
  File "C:\Users\takuy\OneDrive\tdnet-excel-input\.venv\Lib\site-packages\requests\models.py", line 1026, in raise_for_status
    raise HTTPError(http_error_msg, response=self)
requests.exceptions.HTTPError: 401 Client Error: Unauthorized for url: https://fvkvfekzoebcolssnteo.supabase.co/rest/v1/financials?on_conflict=ticker%2Cperiod%2Cquarter

[17:53:36] [Phase5] financials batch 例外:
Traceback (most recent call last):
  File "C:\Users\takuy\OneDrive\tdnet-excel-input\tools\sqlite_to_supabase.py", line 1135, in push_sqlite_to_supabase
    api.upsert_batch_fast(
  File "C:\Users\takuy\OneDrive\tdnet-excel-input\tools\sqlite_to_supabase.py", line 474, in upsert_batch_fast
    self._request(
  File "C:\Users\takuy\OneDrive\tdnet-excel-input\tools\sqlite_to_supabase.py", line 394, in _request
    r.raise_for_status()
  File "C:\Users\takuy\OneDrive\tdnet-excel-input\.venv\Lib\site-packages\requests\models.py", line 1026, in raise_for_status
    raise HTTPError(http_error_msg, response=self)
requests.exceptions.HTTPError: 401 Client Error: Unauthorized for url: https://fvkvfekzoebcolssnteo.supabase.co/rest/v1/financials?on_conflict=ticker%2Cperiod%2Cquarter

[17:53:36] [Phase5] financials batch 例外:
Traceback (most recent call last):
  File "C:\Users\takuy\OneDrive\tdnet-excel-input\tools\sqlite_to_supabase.py", line 1135, in push_sqlite_to_supabase
    api.upsert_batch_fast(
  File "C:\Users\takuy\OneDrive\tdnet-excel-input\tools\sqlite_to_supabase.py", line 474, in upsert_batch_fast
    self._request(
  File "C:\Users\takuy\OneDrive\tdnet-excel-input\tools\sqlite_to_supabase.py", line 394, in _request
    r.raise_for_status()
  File "C:\Users\takuy\OneDrive\tdnet-excel-input\.venv\Lib\site-packages\requests\models.py", line 1026, in raise_for_status
    raise HTTPError(http_error_msg, response=self)
requests.exceptions.HTTPError: 401 Client Error: Unauthorized for url: https://fvkvfekzoebcolssnteo.supabase.co/rest/v1/financials?on_conflict=ticker%2Cperiod%2Cquarter

[17:53:36] [Phase5] financials batch 例外:
Traceback (most recent call last):
  File "C:\Users\takuy\OneDrive\tdnet-excel-input\tools\sqlite_to_supabase.py", line 1135, in push_sqlite_to_supabase
    api.upsert_batch_fast(
  File "C:\Users\takuy\OneDrive\tdnet-excel-input\tools\sqlite_to_supabase.py", line 474, in upsert_batch_fast
    self._request(
  File "C:\Users\takuy\OneDrive\tdnet-excel-input\tools\sqlite_to_supabase.py", line 394, in _request
    r.raise_for_status()
  File "C:\Users\takuy\OneDrive\tdnet-excel-input\.venv\Lib\site-packages\requests\models.py", line 1026, in raise_for_status
    raise HTTPError(http_error_msg, response=self)
requests.exceptions.HTTPError: 401 Client Error: Unauthorized for url: https://fvkvfekzoebcolssnteo.supabase.co/rest/v1/financials?on_conflict=ticker%2Cperiod%2Cquarter

[17:53:36] [Phase5] financials batch 例外:
Traceback (most recent call last):
  File "C:\Users\takuy\OneDrive\tdnet-excel-input\tools\sqlite_to_supabase.py", line 1135, in push_sqlite_to_supabase
    api.upsert_batch_fast(
  File "C:\Users\takuy\OneDrive\tdnet-excel-input\tools\sqlite_to_supabase.py", line 474, in upsert_batch_fast
    self._request(
  File "C:\Users\takuy\OneDrive\tdnet-excel-input\tools\sqlite_to_supabase.py", line 394, in _request
    r.raise_for_status()
  File "C:\Users\takuy\OneDrive\tdnet-excel-input\.venv\Lib\site-packages\requests\models.py", line 1026, in raise_for_status
    raise HTTPError(http_error_msg, response=self)
requests.exceptions.HTTPError: 401 Client Error: Unauthorized for url: https://fvkvfekzoebcolssnteo.supabase.co/rest/v1/financials?on_conflict=ticker%2Cperiod%2Cquarter

[17:53:36] [Phase5] financials batch 例外:
Traceback (most recent call last):
  File "C:\Users\takuy\OneDrive\tdnet-excel-input\tools\sqlite_to_supabase.py", line 1135, in push_sqlite_to_supabase
    api.upsert_batch_fast(
  File "C:\Users\takuy\OneDrive\tdnet-excel-input\tools\sqlite_to_supabase.py", line 474, in upsert_batch_fast
    self._request(
  File "C:\Users\takuy\OneDrive\tdnet-excel-input\tools\sqlite_to_supabase.py", line 394, in _request
    r.raise_for_status()
  File "C:\Users\takuy\OneDrive\tdnet-excel-input\.venv\Lib\site-packages\requests\models.py", line 1026, in raise_for_status
    raise HTTPError(http_error_msg, response=self)
requests.exceptions.HTTPError: 401 Client Error: Unauthorized for url: https://fvkvfekzoebcolssnteo.supabase.co/rest/v1/financials?on_conflict=ticker%2Cperiod%2Cquarter

[17:53:36] [Phase5] financials batch 例外:
Traceback (most recent call last):
  File "C:\Users\takuy\OneDrive\tdnet-excel-input\tools\sqlite_to_supabase.py", line 1135, in push_sqlite_to_supabase
    api.upsert_batch_fast(
  File "C:\Users\takuy\OneDrive\tdnet-excel-input\tools\sqlite_to_supabase.py", line 474, in upsert_batch_fast
    self._request(
  File "C:\Users\takuy\OneDrive\tdnet-excel-input\tools\sqlite_to_supabase.py", line 394, in _request
    r.raise_for_status()
  File "C:\Users\takuy\OneDrive\tdnet-excel-input\.venv\Lib\site-packages\requests\models.py", line 1026, in raise_for_status
    raise HTTPError(http_error_msg, response=self)
requests.exceptions.HTTPError: 401 Client Error: Unauthorized for url: https://fvkvfekzoebcolssnteo.supabase.co/rest/v1/financials?on_conflict=ticker%2Cperiod%2Cquarter

[17:53:36] [Phase5] financials batch 例外:
Traceback (most recent call last):
  File "C:\Users\takuy\OneDrive\tdnet-excel-input\tools\sqlite_to_supabase.py", line 1135, in push_sqlite_to_supabase
    api.upsert_batch_fast(
  File "C:\Users\takuy\OneDrive\tdnet-excel-input\tools\sqlite_to_supabase.py", line 474, in upsert_batch_fast
    self._request(
  File "C:\Users\takuy\OneDrive\tdnet-excel-input\tools\sqlite_to_supabase.py", line 394, in _request
    r.raise_for_status()
  File "C:\Users\takuy\OneDrive\tdnet-excel-input\.venv\Lib\site-packages\requests\models.py", line 1026, in raise_for_status
    raise HTTPError(http_error_msg, response=self)
requests.exceptions.HTTPError: 401 Client Error: Unauthorized for url: https://fvkvfekzoebcolssnteo.supabase.co/rest/v1/financials?on_conflict=ticker%2Cperiod%2Cquarter

[17:53:37] [Phase5] financials batch 例外:
Traceback (most recent call last):
  File "C:\Users\takuy\OneDrive\tdnet-excel-input\tools\sqlite_to_supabase.py", line 1135, in push_sqlite_to_supabase
    api.upsert_batch_fast(
  File "C:\Users\takuy\OneDrive\tdnet-excel-input\tools\sqlite_to_supabase.py", line 474, in upsert_batch_fast
    self._request(
  File "C:\Users\takuy\OneDrive\tdnet-excel-input\tools\sqlite_to_supabase.py", line 394, in _request
    r.raise_for_status()
  File "C:\Users\takuy\OneDrive\tdnet-excel-input\.venv\Lib\site-packages\requests\models.py", line 1026, in raise_for_status
    raise HTTPError(http_error_msg, response=self)
requests.exceptions.HTTPError: 401 Client Error: Unauthorized for url: https://fvkvfekzoebcolssnteo.supabase.co/rest/v1/financials?on_conflict=ticker%2Cperiod%2Cquarter

[17:53:37] [Phase5] financials batch 例外:
Traceback (most recent call last):
  File "C:\Users\takuy\OneDrive\tdnet-excel-input\tools\sqlite_to_supabase.py", line 1135, in push_sqlite_to_supabase
    api.upsert_batch_fast(
  File "C:\Users\takuy\OneDrive\tdnet-excel-input\tools\sqlite_to_supabase.py", line 474, in upsert_batch_fast
    self._request(
  File "C:\Users\takuy\OneDrive\tdnet-excel-input\tools\sqlite_to_supabase.py", line 394, in _request
    r.raise_for_status()
  File "C:\Users\takuy\OneDrive\tdnet-excel-input\.venv\Lib\site-packages\requests\models.py", line 1026, in raise_for_status
    raise HTTPError(http_error_msg, response=self)
requests.exceptions.HTTPError: 401 Client Error: Unauthorized for url: https://fvkvfekzoebcolssnteo.supabase.co/rest/v1/financials?on_conflict=ticker%2Cperiod%2Cquarter

[17:53:37] [Phase5] financials batch 例外:
Traceback (most recent call last):
  File "C:\Users\takuy\OneDrive\tdnet-excel-input\tools\sqlite_to_supabase.py", line 1135, in push_sqlite_to_supabase
    api.upsert_batch_fast(
  File "C:\Users\takuy\OneDrive\tdnet-excel-input\tools\sqlite_to_supabase.py", line 474, in upsert_batch_fast
    self._request(
  File "C:\Users\takuy\OneDrive\tdnet-excel-input\tools\sqlite_to_supabase.py", line 394, in _request
    r.raise_for_status()
  File "C:\Users\takuy\OneDrive\tdnet-excel-input\.venv\Lib\site-packages\requests\models.py", line 1026, in raise_for_status
    raise HTTPError(http_error_msg, response=self)
requests.exceptions.HTTPError: 401 Client Error: Unauthorized for url: https://fvkvfekzoebcolssnteo.supabase.co/rest/v1/financials?on_conflict=ticker%2Cperiod%2Cquarter

[17:53:37] [Phase5] financials batch 例外:
Traceback (most recent call last):
  File "C:\Users\takuy\OneDrive\tdnet-excel-input\tools\sqlite_to_supabase.py", line 1135, in push_sqlite_to_supabase
    api.upsert_batch_fast(
  File "C:\Users\takuy\OneDrive\tdnet-excel-input\tools\sqlite_to_supabase.py", line 474, in upsert_batch_fast
    self._request(
  File "C:\Users\takuy\OneDrive\tdnet-excel-input\tools\sqlite_to_supabase.py", line 394, in _request
    r.raise_for_status()
  File "C:\Users\takuy\OneDrive\tdnet-excel-input\.venv\Lib\site-packages\requests\models.py", line 1026, in raise_for_status
    raise HTTPError(http_error_msg, response=self)
requests.exceptions.HTTPError: 401 Client Error: Unauthorized for url: https://fvkvfekzoebcolssnteo.supabase.co/rest/v1/financials?on_conflict=ticker%2Cperiod%2Cquarter

[17:53:37] [Phase5] financials batch 例外:
Traceback (most recent call last):
  File "C:\Users\takuy\OneDrive\tdnet-excel-input\tools\sqlite_to_supabase.py", line 1135, in push_sqlite_to_supabase
    api.upsert_batch_fast(
  File "C:\Users\takuy\OneDrive\tdnet-excel-input\tools\sqlite_to_supabase.py", line 474, in upsert_batch_fast
    self._request(
  File "C:\Users\takuy\OneDrive\tdnet-excel-input\tools\sqlite_to_supabase.py", line 394, in _request
    r.raise_for_status()
  File "C:\Users\takuy\OneDrive\tdnet-excel-input\.venv\Lib\site-packages\requests\models.py", line 1026, in raise_for_status
    raise HTTPError(http_error_msg, response=self)
requests.exceptions.HTTPError: 401 Client Error: Unauthorized for url: https://fvkvfekzoebcolssnteo.supabase.co/rest/v1/financials?on_conflict=ticker%2Cperiod%2Cquarter

[17:53:37] [Phase5] financials batch 例外:
Traceback (most recent call last):
  File "C:\Users\takuy\OneDrive\tdnet-excel-input\tools\sqlite_to_supabase.py", line 1135, in push_sqlite_to_supabase
    api.upsert_batch_fast(
  File "C:\Users\takuy\OneDrive\tdnet-excel-input\tools\sqlite_to_supabase.py", line 474, in upsert_batch_fast
    self._request(
  File "C:\Users\takuy\OneDrive\tdnet-excel-input\tools\sqlite_to_supabase.py", line 394, in _request
    r.raise_for_status()
  File "C:\Users\takuy\OneDrive\tdnet-excel-input\.venv\Lib\site-packages\requests\models.py", line 1026, in raise_for_status
    raise HTTPError(http_error_msg, response=self)
requests.exceptions.HTTPError: 401 Client Error: Unauthorized for url: https://fvkvfekzoebcolssnteo.supabase.co/rest/v1/financials?on_conflict=ticker%2Cperiod%2Cquarter

[17:53:38] [Phase5] financials batch 例外:
Traceback (most recent call last):
  File "C:\Users\takuy\OneDrive\tdnet-excel-input\tools\sqlite_to_supabase.py", line 1135, in push_sqlite_to_supabase
    api.upsert_batch_fast(
  File "C:\Users\takuy\OneDrive\tdnet-excel-input\tools\sqlite_to_supabase.py", line 474, in upsert_batch_fast
    self._request(
  File "C:\Users\takuy\OneDrive\tdnet-excel-input\tools\sqlite_to_supabase.py", line 394, in _request
    r.raise_for_status()
  File "C:\Users\takuy\OneDrive\tdnet-excel-input\.venv\Lib\site-packages\requests\models.py", line 1026, in raise_for_status
    raise HTTPError(http_error_msg, response=self)
requests.exceptions.HTTPError: 401 Client Error: Unauthorized for url: https://fvkvfekzoebcolssnteo.supabase.co/rest/v1/financials?on_conflict=ticker%2Cperiod%2Cquarter

[17:53:38] [Phase5] financials batch 例外:
Traceback (most recent call last):
  File "C:\Users\takuy\OneDrive\tdnet-excel-input\tools\sqlite_to_supabase.py", line 1135, in push_sqlite_to_supabase
    api.upsert_batch_fast(
  File "C:\Users\takuy\OneDrive\tdnet-excel-input\tools\sqlite_to_supabase.py", line 474, in upsert_batch_fast
    self._request(
  File "C:\Users\takuy\OneDrive\tdnet-excel-input\tools\sqlite_to_supabase.py", line 394, in _request
    r.raise_for_status()
  File "C:\Users\takuy\OneDrive\tdnet-excel-input\.venv\Lib\site-packages\requests\models.py", line 1026, in raise_for_status
    raise HTTPError(http_error_msg, response=self)
requests.exceptions.HTTPError: 401 Client Error: Unauthorized for url: https://fvkvfekzoebcolssnteo.supabase.co/rest/v1/financials?on_conflict=ticker%2Cperiod%2Cquarter

[17:53:38] [Phase5] financials batch 例外:
Traceback (most recent call last):
  File "C:\Users\takuy\OneDrive\tdnet-excel-input\tools\sqlite_to_supabase.py", line 1135, in push_sqlite_to_supabase
    api.upsert_batch_fast(
  File "C:\Users\takuy\OneDrive\tdnet-excel-input\tools\sqlite_to_supabase.py", line 474, in upsert_batch_fast
    self._request(
  File "C:\Users\takuy\OneDrive\tdnet-excel-input\tools\sqlite_to_supabase.py", line 394, in _request
    r.raise_for_status()
  File "C:\Users\takuy\OneDrive\tdnet-excel-input\.venv\Lib\site-packages\requests\models.py", line 1026, in raise_for_status
    raise HTTPError(http_error_msg, response=self)
requests.exceptions.HTTPError: 401 Client Error: Unauthorized for url: https://fvkvfekzoebcolssnteo.supabase.co/rest/v1/financials?on_conflict=ticker%2Cperiod%2Cquarter

[17:53:38] [Phase5] financials batch 例外:
Traceback (most recent call last):
  File "C:\Users\takuy\OneDrive\tdnet-excel-input\tools\sqlite_to_supabase.py", line 1135, in push_sqlite_to_supabase
    api.upsert_batch_fast(
  File "C:\Users\takuy\OneDrive\tdnet-excel-input\tools\sqlite_to_supabase.py", line 474, in upsert_batch_fast
    self._request(
  File "C:\Users\takuy\OneDrive\tdnet-excel-input\tools\sqlite_to_supabase.py", line 394, in _request
    r.raise_for_status()
  File "C:\Users\takuy\OneDrive\tdnet-excel-input\.venv\Lib\site-packages\requests\models.py", line 1026, in raise_for_status
    raise HTTPError(http_error_msg, response=self)
requests.exceptions.HTTPError: 401 Client Error: Unauthorized for url: https://fvkvfekzoebcolssnteo.supabase.co/rest/v1/financials?on_conflict=ticker%2Cperiod%2Cquarter

[17:53:38] [Phase5] financials batch 例外:
Traceback (most recent call last):
  File "C:\Users\takuy\OneDrive\tdnet-excel-input\tools\sqlite_to_supabase.py", line 1135, in push_sqlite_to_supabase
    api.upsert_batch_fast(
  File "C:\Users\takuy\OneDrive\tdnet-excel-input\tools\sqlite_to_supabase.py", line 474, in upsert_batch_fast
    self._request(
  File "C:\Users\takuy\OneDrive\tdnet-excel-input\tools\sqlite_to_supabase.py", line 394, in _request
    r.raise_for_status()
  File "C:\Users\takuy\OneDrive\tdnet-excel-input\.venv\Lib\site-packages\requests\models.py", line 1026, in raise_for_status
    raise HTTPError(http_error_msg, response=self)
requests.exceptions.HTTPError: 401 Client Error: Unauthorized for url: https://fvkvfekzoebcolssnteo.supabase.co/rest/v1/financials?on_conflict=ticker%2Cperiod%2Cquarter

[17:53:38] [Phase5] financials batch 例外:
Traceback (most recent call last):
  File "C:\Users\takuy\OneDrive\tdnet-excel-input\tools\sqlite_to_supabase.py", line 1135, in push_sqlite_to_supabase
    api.upsert_batch_fast(
  File "C:\Users\takuy\OneDrive\tdnet-excel-input\tools\sqlite_to_supabase.py", line 474, in upsert_batch_fast
    self._request(
  File "C:\Users\takuy\OneDrive\tdnet-excel-input\tools\sqlite_to_supabase.py", line 394, in _request
    r.raise_for_status()
  File "C:\Users\takuy\OneDrive\tdnet-excel-input\.venv\Lib\site-packages\requests\models.py", line 1026, in raise_for_status
    raise HTTPError(http_error_msg, response=self)
requests.exceptions.HTTPError: 401 Client Error: Unauthorized for url: https://fvkvfekzoebcolssnteo.supabase.co/rest/v1/financials?on_conflict=ticker%2Cperiod%2Cquarter

[17:53:38] [Phase5] financials batch 例外:
Traceback (most recent call last):
  File "C:\Users\takuy\OneDrive\tdnet-excel-input\tools\sqlite_to_supabase.py", line 1135, in push_sqlite_to_supabase
    api.upsert_batch_fast(
  File "C:\Users\takuy\OneDrive\tdnet-excel-input\tools\sqlite_to_supabase.py", line 474, in upsert_batch_fast
    self._request(
  File "C:\Users\takuy\OneDrive\tdnet-excel-input\tools\sqlite_to_supabase.py", line 394, in _request
    r.raise_for_status()
  File "C:\Users\takuy\OneDrive\tdnet-excel-input\.venv\Lib\site-packages\requests\models.py", line 1026, in raise_for_status
    raise HTTPError(http_error_msg, response=self)
requests.exceptions.HTTPError: 401 Client Error: Unauthorized for url: https://fvkvfekzoebcolssnteo.supabase.co/rest/v1/financials?on_conflict=ticker%2Cperiod%2Cquarter

[17:53:38] [Phase5] financials batch 例外:
Traceback (most recent call last):
  File "C:\Users\takuy\OneDrive\tdnet-excel-input\tools\sqlite_to_supabase.py", line 1135, in push_sqlite_to_supabase
    api.upsert_batch_fast(
  File "C:\Users\takuy\OneDrive\tdnet-excel-input\tools\sqlite_to_supabase.py", line 474, in upsert_batch_fast
    self._request(
  File "C:\Users\takuy\OneDrive\tdnet-excel-input\tools\sqlite_to_supabase.py", line 394, in _request
    r.raise_for_status()
  File "C:\Users\takuy\OneDrive\tdnet-excel-input\.venv\Lib\site-packages\requests\models.py", line 1026, in raise_for_status
    raise HTTPError(http_error_msg, response=self)
requests.exceptions.HTTPError: 401 Client Error: Unauthorized for url: https://fvkvfekzoebcolssnteo.supabase.co/rest/v1/financials?on_conflict=ticker%2Cperiod%2Cquarter

[17:53:39] [Phase5] financials batch 例外:
Traceback (most recent call last):
  File "C:\Users\takuy\OneDrive\tdnet-excel-input\tools\sqlite_to_supabase.py", line 1135, in push_sqlite_to_supabase
    api.upsert_batch_fast(
  File "C:\Users\takuy\OneDrive\tdnet-excel-input\tools\sqlite_to_supabase.py", line 474, in upsert_batch_fast
    self._request(
  File "C:\Users\takuy\OneDrive\tdnet-excel-input\tools\sqlite_to_supabase.py", line 394, in _request
    r.raise_for_status()
  File "C:\Users\takuy\OneDrive\tdnet-excel-input\.venv\Lib\site-packages\requests\models.py", line 1026, in raise_for_status
    raise HTTPError(http_error_msg, response=self)
requests.exceptions.HTTPError: 401 Client Error: Unauthorized for url: https://fvkvfekzoebcolssnteo.supabase.co/rest/v1/financials?on_conflict=ticker%2Cperiod%2Cquarter

[17:53:39] [Phase5] financials batch 例外:
Traceback (most recent call last):
  File "C:\Users\takuy\OneDrive\tdnet-excel-input\tools\sqlite_to_supabase.py", line 1135, in push_sqlite_to_supabase
    api.upsert_batch_fast(
  File "C:\Users\takuy\OneDrive\tdnet-excel-input\tools\sqlite_to_supabase.py", line 474, in upsert_batch_fast
    self._request(
  File "C:\Users\takuy\OneDrive\tdnet-excel-input\tools\sqlite_to_supabase.py", line 394, in _request
    r.raise_for_status()
  File "C:\Users\takuy\OneDrive\tdnet-excel-input\.venv\Lib\site-packages\requests\models.py", line 1026, in raise_for_status
    raise HTTPError(http_error_msg, response=self)
requests.exceptions.HTTPError: 401 Client Error: Unauthorized for url: https://fvkvfekzoebcolssnteo.supabase.co/rest/v1/financials?on_conflict=ticker%2Cperiod%2Cquarter

[17:53:39] [Phase5] financials batch 例外:
Traceback (most recent call last):
  File "C:\Users\takuy\OneDrive\tdnet-excel-input\tools\sqlite_to_supabase.py", line 1135, in push_sqlite_to_supabase
    api.upsert_batch_fast(
  File "C:\Users\takuy\OneDrive\tdnet-excel-input\tools\sqlite_to_supabase.py", line 474, in upsert_batch_fast
    self._request(
  File "C:\Users\takuy\OneDrive\tdnet-excel-input\tools\sqlite_to_supabase.py", line 394, in _request
    r.raise_for_status()
  File "C:\Users\takuy\OneDrive\tdnet-excel-input\.venv\Lib\site-packages\requests\models.py", line 1026, in raise_for_status
    raise HTTPError(http_error_msg, response=self)
requests.exceptions.HTTPError: 401 Client Error: Unauthorized for url: https://fvkvfekzoebcolssnteo.supabase.co/rest/v1/financials?on_conflict=ticker%2Cperiod%2Cquarter

[17:53:39] [Phase5] financials batch 例外:
Traceback (most recent call last):
  File "C:\Users\takuy\OneDrive\tdnet-excel-input\tools\sqlite_to_supabase.py", line 1135, in push_sqlite_to_supabase
    api.upsert_batch_fast(
  File "C:\Users\takuy\OneDrive\tdnet-excel-input\tools\sqlite_to_supabase.py", line 474, in upsert_batch_fast
    self._request(
  File "C:\Users\takuy\OneDrive\tdnet-excel-input\tools\sqlite_to_supabase.py", line 394, in _request
    r.raise_for_status()
  File "C:\Users\takuy\OneDrive\tdnet-excel-input\.venv\Lib\site-packages\requests\models.py", line 1026, in raise_for_status
    raise HTTPError(http_error_msg, response=self)
requests.exceptions.HTTPError: 401 Client Error: Unauthorized for url: https://fvkvfekzoebcolssnteo.supabase.co/rest/v1/financials?on_conflict=ticker%2Cperiod%2Cquarter

[17:53:39] [Phase5] financials batch 例外:
Traceback (most recent call last):
  File "C:\Users\takuy\OneDrive\tdnet-excel-input\tools\sqlite_to_supabase.py", line 1135, in push_sqlite_to_supabase
    api.upsert_batch_fast(
  File "C:\Users\takuy\OneDrive\tdnet-excel-input\tools\sqlite_to_supabase.py", line 474, in upsert_batch_fast
    self._request(
  File "C:\Users\takuy\OneDrive\tdnet-excel-input\tools\sqlite_to_supabase.py", line 394, in _request
    r.raise_for_status()
  File "C:\Users\takuy\OneDrive\tdnet-excel-input\.venv\Lib\site-packages\requests\models.py", line 1026, in raise_for_status
    raise HTTPError(http_error_msg, response=self)
requests.exceptions.HTTPError: 401 Client Error: Unauthorized for url: https://fvkvfekzoebcolssnteo.supabase.co/rest/v1/financials?on_conflict=ticker%2Cperiod%2Cquarter

[17:53:39] [Phase5] financials batch 例外:
Traceback (most recent call last):
  File "C:\Users\takuy\OneDrive\tdnet-excel-input\tools\sqlite_to_supabase.py", line 1135, in push_sqlite_to_supabase
    api.upsert_batch_fast(
  File "C:\Users\takuy\OneDrive\tdnet-excel-input\tools\sqlite_to_supabase.py", line 474, in upsert_batch_fast
    self._request(
  File "C:\Users\takuy\OneDrive\tdnet-excel-input\tools\sqlite_to_supabase.py", line 394, in _request
    r.raise_for_status()
  File "C:\Users\takuy\OneDrive\tdnet-excel-input\.venv\Lib\site-packages\requests\models.py", line 1026, in raise_for_status
    raise HTTPError(http_error_msg, response=self)
requests.exceptions.HTTPError: 401 Client Error: Unauthorized for url: https://fvkvfekzoebcolssnteo.supabase.co/rest/v1/financials?on_conflict=ticker%2Cperiod%2Cquarter

[17:53:39] [Phase5] financials batch 例外:
Traceback (most recent call last):
  File "C:\Users\takuy\OneDrive\tdnet-excel-input\tools\sqlite_to_supabase.py", line 1135, in push_sqlite_to_supabase
    api.upsert_batch_fast(
  File "C:\Users\takuy\OneDrive\tdnet-excel-input\tools\sqlite_to_supabase.py", line 474, in upsert_batch_fast
    self._request(
  File "C:\Users\takuy\OneDrive\tdnet-excel-input\tools\sqlite_to_supabase.py", line 394, in _request
    r.raise_for_status()
  File "C:\Users\takuy\OneDrive\tdnet-excel-input\.venv\Lib\site-packages\requests\models.py", line 1026, in raise_for_status
    raise HTTPError(http_error_msg, response=self)
requests.exceptions.HTTPError: 401 Client Error: Unauthorized for url: https://fvkvfekzoebcolssnteo.supabase.co/rest/v1/financials?on_conflict=ticker%2Cperiod%2Cquarter

[17:53:39] [Phase5] financials batch 例外:
Traceback (most recent call last):
  File "C:\Users\takuy\OneDrive\tdnet-excel-input\tools\sqlite_to_supabase.py", line 1135, in push_sqlite_to_supabase
    api.upsert_batch_fast(
  File "C:\Users\takuy\OneDrive\tdnet-excel-input\tools\sqlite_to_supabase.py", line 474, in upsert_batch_fast
    self._request(
  File "C:\Users\takuy\OneDrive\tdnet-excel-input\tools\sqlite_to_supabase.py", line 394, in _request
    r.raise_for_status()
  File "C:\Users\takuy\OneDrive\tdnet-excel-input\.venv\Lib\site-packages\requests\models.py", line 1026, in raise_for_status
    raise HTTPError(http_error_msg, response=self)
requests.exceptions.HTTPError: 401 Client Error: Unauthorized for url: https://fvkvfekzoebcolssnteo.supabase.co/rest/v1/financials?on_conflict=ticker%2Cperiod%2Cquarter

[17:53:39] [Phase5] financials batch 例外:
Traceback (most recent call last):
  File "C:\Users\takuy\OneDrive\tdnet-excel-input\tools\sqlite_to_supabase.py", line 1135, in push_sqlite_to_supabase
    api.upsert_batch_fast(
  File "C:\Users\takuy\OneDrive\tdnet-excel-input\tools\sqlite_to_supabase.py", line 474, in upsert_batch_fast
    self._request(
  File "C:\Users\takuy\OneDrive\tdnet-excel-input\tools\sqlite_to_supabase.py", line 394, in _request
    r.raise_for_status()
  File "C:\Users\takuy\OneDrive\tdnet-excel-input\.venv\Lib\site-packages\requests\models.py", line 1026, in raise_for_status
    raise HTTPError(http_error_msg, response=self)
requests.exceptions.HTTPError: 401 Client Error: Unauthorized for url: https://fvkvfekzoebcolssnteo.supabase.co/rest/v1/financials?on_conflict=ticker%2Cperiod%2Cquarter

[17:53:40] [Phase5] financials batch 例外:
Traceback (most recent call last):
  File "C:\Users\takuy\OneDrive\tdnet-excel-input\tools\sqlite_to_supabase.py", line 1135, in push_sqlite_to_supabase
    api.upsert_batch_fast(
  File "C:\Users\takuy\OneDrive\tdnet-excel-input\tools\sqlite_to_supabase.py", line 474, in upsert_batch_fast
    self._request(
  File "C:\Users\takuy\OneDrive\tdnet-excel-input\tools\sqlite_to_supabase.py", line 394, in _request
    r.raise_for_status()
  File "C:\Users\takuy\OneDrive\tdnet-excel-input\.venv\Lib\site-packages\requests\models.py", line 1026, in raise_for_status
    raise HTTPError(http_error_msg, response=self)
requests.exceptions.HTTPError: 401 Client Error: Unauthorized for url: https://fvkvfekzoebcolssnteo.supabase.co/rest/v1/financials?on_conflict=ticker%2Cperiod%2Cquarter

[17:53:40] [Phase5] financials batch 例外:
Traceback (most recent call last):
  File "C:\Users\takuy\OneDrive\tdnet-excel-input\tools\sqlite_to_supabase.py", line 1135, in push_sqlite_to_supabase
    api.upsert_batch_fast(
  File "C:\Users\takuy\OneDrive\tdnet-excel-input\tools\sqlite_to_supabase.py", line 474, in upsert_batch_fast
    self._request(
  File "C:\Users\takuy\OneDrive\tdnet-excel-input\tools\sqlite_to_supabase.py", line 394, in _request
    r.raise_for_status()
  File "C:\Users\takuy\OneDrive\tdnet-excel-input\.venv\Lib\site-packages\requests\models.py", line 1026, in raise_for_status
    raise HTTPError(http_error_msg, response=self)
requests.exceptions.HTTPError: 401 Client Error: Unauthorized for url: https://fvkvfekzoebcolssnteo.supabase.co/rest/v1/financials?on_conflict=ticker%2Cperiod%2Cquarter

[17:53:40] [Phase5] financials batch 例外:
Traceback (most recent call last):
  File "C:\Users\takuy\OneDrive\tdnet-excel-input\tools\sqlite_to_supabase.py", line 1135, in push_sqlite_to_supabase
    api.upsert_batch_fast(
  File "C:\Users\takuy\OneDrive\tdnet-excel-input\tools\sqlite_to_supabase.py", line 474, in upsert_batch_fast
    self._request(
  File "C:\Users\takuy\OneDrive\tdnet-excel-input\tools\sqlite_to_supabase.py", line 394, in _request
    r.raise_for_status()
  File "C:\Users\takuy\OneDrive\tdnet-excel-input\.venv\Lib\site-packages\requests\models.py", line 1026, in raise_for_status
    raise HTTPError(http_error_msg, response=self)
requests.exceptions.HTTPError: 401 Client Error: Unauthorized for url: https://fvkvfekzoebcolssnteo.supabase.co/rest/v1/financials?on_conflict=ticker%2Cperiod%2Cquarter

[17:53:40] [Phase5] financials batch 例外:
Traceback (most recent call last):
  File "C:\Users\takuy\OneDrive\tdnet-excel-input\tools\sqlite_to_supabase.py", line 1135, in push_sqlite_to_supabase
    api.upsert_batch_fast(
  File "C:\Users\takuy\OneDrive\tdnet-excel-input\tools\sqlite_to_supabase.py", line 474, in upsert_batch_fast
    self._request(
  File "C:\Users\takuy\OneDrive\tdnet-excel-input\tools\sqlite_to_supabase.py", line 394, in _request
    r.raise_for_status()
  File "C:\Users\takuy\OneDrive\tdnet-excel-input\.venv\Lib\site-packages\requests\models.py", line 1026, in raise_for_status
    raise HTTPError(http_error_msg, response=self)
requests.exceptions.HTTPError: 401 Client Error: Unauthorized for url: https://fvkvfekzoebcolssnteo.supabase.co/rest/v1/financials?on_conflict=ticker%2Cperiod%2Cquarter

[17:53:40] [Phase5] financials batch 例外:
Traceback (most recent call last):
  File "C:\Users\takuy\OneDrive\tdnet-excel-input\tools\sqlite_to_supabase.py", line 1135, in push_sqlite_to_supabase
    api.upsert_batch_fast(
  File "C:\Users\takuy\OneDrive\tdnet-excel-input\tools\sqlite_to_supabase.py", line 474, in upsert_batch_fast
    self._request(
  File "C:\Users\takuy\OneDrive\tdnet-excel-input\tools\sqlite_to_supabase.py", line 394, in _request
    r.raise_for_status()
  File "C:\Users\takuy\OneDrive\tdnet-excel-input\.venv\Lib\site-packages\requests\models.py", line 1026, in raise_for_status
    raise HTTPError(http_error_msg, response=self)
requests.exceptions.HTTPError: 401 Client Error: Unauthorized for url: https://fvkvfekzoebcolssnteo.supabase.co/rest/v1/financials?on_conflict=ticker%2Cperiod%2Cquarter

[17:53:40] [Phase5] financials batch 例外:
Traceback (most recent call last):
  File "C:\Users\takuy\OneDrive\tdnet-excel-input\tools\sqlite_to_supabase.py", line 1135, in push_sqlite_to_supabase
    api.upsert_batch_fast(
  File "C:\Users\takuy\OneDrive\tdnet-excel-input\tools\sqlite_to_supabase.py", line 474, in upsert_batch_fast
    self._request(
  File "C:\Users\takuy\OneDrive\tdnet-excel-input\tools\sqlite_to_supabase.py", line 394, in _request
    r.raise_for_status()
  File "C:\Users\takuy\OneDrive\tdnet-excel-input\.venv\Lib\site-packages\requests\models.py", line 1026, in raise_for_status
    raise HTTPError(http_error_msg, response=self)
requests.exceptions.HTTPError: 401 Client Error: Unauthorized for url: https://fvkvfekzoebcolssnteo.supabase.co/rest/v1/financials?on_conflict=ticker%2Cperiod%2Cquarter

[17:53:40] [Phase5] financials batch 例外:
Traceback (most recent call last):
  File "C:\Users\takuy\OneDrive\tdnet-excel-input\tools\sqlite_to_supabase.py", line 1135, in push_sqlite_to_supabase
    api.upsert_batch_fast(
  File "C:\Users\takuy\OneDrive\tdnet-excel-input\tools\sqlite_to_supabase.py", line 474, in upsert_batch_fast
    self._request(
  File "C:\Users\takuy\OneDrive\tdnet-excel-input\tools\sqlite_to_supabase.py", line 394, in _request
    r.raise_for_status()
  File "C:\Users\takuy\OneDrive\tdnet-excel-input\.venv\Lib\site-packages\requests\models.py", line 1026, in raise_for_status
    raise HTTPError(http_error_msg, response=self)
requests.exceptions.HTTPError: 401 Client Error: Unauthorized for url: https://fvkvfekzoebcolssnteo.supabase.co/rest/v1/financials?on_conflict=ticker%2Cperiod%2Cquarter

[17:53:41] [Phase5] financials batch 例外:
Traceback (most recent call last):
  File "C:\Users\takuy\OneDrive\tdnet-excel-input\tools\sqlite_to_supabase.py", line 1135, in push_sqlite_to_supabase
    api.upsert_batch_fast(
  File "C:\Users\takuy\OneDrive\tdnet-excel-input\tools\sqlite_to_supabase.py", line 474, in upsert_batch_fast
    self._request(
  File "C:\Users\takuy\OneDrive\tdnet-excel-input\tools\sqlite_to_supabase.py", line 394, in _request
    r.raise_for_status()
  File "C:\Users\takuy\OneDrive\tdnet-excel-input\.venv\Lib\site-packages\requests\models.py", line 1026, in raise_for_status
    raise HTTPError(http_error_msg, response=self)
requests.exceptions.HTTPError: 401 Client Error: Unauthorized for url: https://fvkvfekzoebcolssnteo.supabase.co/rest/v1/financials?on_conflict=ticker%2Cperiod%2Cquarter

[17:53:41] [Phase5] financials batch 例外:
Traceback (most recent call last):
  File "C:\Users\takuy\OneDrive\tdnet-excel-input\tools\sqlite_to_supabase.py", line 1135, in push_sqlite_to_supabase
    api.upsert_batch_fast(
  File "C:\Users\takuy\OneDrive\tdnet-excel-input\tools\sqlite_to_supabase.py", line 474, in upsert_batch_fast
    self._request(
  File "C:\Users\takuy\OneDrive\tdnet-excel-input\tools\sqlite_to_supabase.py", line 394, in _request
    r.raise_for_status()
  File "C:\Users\takuy\OneDrive\tdnet-excel-input\.venv\Lib\site-packages\requests\models.py", line 1026, in raise_for_status
    raise HTTPError(http_error_msg, response=self)
requests.exceptions.HTTPError: 401 Client Error: Unauthorized for url: https://fvkvfekzoebcolssnteo.supabase.co/rest/v1/financials?on_conflict=ticker%2Cperiod%2Cquarter

[17:53:41] [Phase5] financials batch 例外:
Traceback (most recent call last):
  File "C:\Users\takuy\OneDrive\tdnet-excel-input\tools\sqlite_to_supabase.py", line 1135, in push_sqlite_to_supabase
    api.upsert_batch_fast(
  File "C:\Users\takuy\OneDrive\tdnet-excel-input\tools\sqlite_to_supabase.py", line 474, in upsert_batch_fast
    self._request(
  File "C:\Users\takuy\OneDrive\tdnet-excel-input\tools\sqlite_to_supabase.py", line 394, in _request
    r.raise_for_status()
  File "C:\Users\takuy\OneDrive\tdnet-excel-input\.venv\Lib\site-packages\requests\models.py", line 1026, in raise_for_status
    raise HTTPError(http_error_msg, response=self)
requests.exceptions.HTTPError: 401 Client Error: Unauthorized for url: https://fvkvfekzoebcolssnteo.supabase.co/rest/v1/financials?on_conflict=ticker%2Cperiod%2Cquarter

[17:53:41] [Phase5] financials batch 例外:
Traceback (most recent call last):
  File "C:\Users\takuy\OneDrive\tdnet-excel-input\tools\sqlite_to_supabase.py", line 1135, in push_sqlite_to_supabase
    api.upsert_batch_fast(
  File "C:\Users\takuy\OneDrive\tdnet-excel-input\tools\sqlite_to_supabase.py", line 474, in upsert_batch_fast
    self._request(
  File "C:\Users\takuy\OneDrive\tdnet-excel-input\tools\sqlite_to_supabase.py", line 394, in _request
    r.raise_for_status()
  File "C:\Users\takuy\OneDrive\tdnet-excel-input\.venv\Lib\site-packages\requests\models.py", line 1026, in raise_for_status
    raise HTTPError(http_error_msg, response=self)
requests.exceptions.HTTPError: 401 Client Error: Unauthorized for url: https://fvkvfekzoebcolssnteo.supabase.co/rest/v1/financials?on_conflict=ticker%2Cperiod%2Cquarter

[17:53:41] [Phase5] financials batch 例外:
Traceback (most recent call last):
  File "C:\Users\takuy\OneDrive\tdnet-excel-input\tools\sqlite_to_supabase.py", line 1135, in push_sqlite_to_supabase
    api.upsert_batch_fast(
  File "C:\Users\takuy\OneDrive\tdnet-excel-input\tools\sqlite_to_supabase.py", line 474, in upsert_batch_fast
    self._request(
  File "C:\Users\takuy\OneDrive\tdnet-excel-input\tools\sqlite_to_supabase.py", line 394, in _request
    r.raise_for_status()
  File "C:\Users\takuy\OneDrive\tdnet-excel-input\.venv\Lib\site-packages\requests\models.py", line 1026, in raise_for_status
    raise HTTPError(http_error_msg, response=self)
requests.exceptions.HTTPError: 401 Client Error: Unauthorized for url: https://fvkvfekzoebcolssnteo.supabase.co/rest/v1/financials?on_conflict=ticker%2Cperiod%2Cquarter

[17:53:41] [Phase5] financials batch 例外:
Traceback (most recent call last):
  File "C:\Users\takuy\OneDrive\tdnet-excel-input\tools\sqlite_to_supabase.py", line 1135, in push_sqlite_to_supabase
    api.upsert_batch_fast(
  File "C:\Users\takuy\OneDrive\tdnet-excel-input\tools\sqlite_to_supabase.py", line 474, in upsert_batch_fast
    self._request(
  File "C:\Users\takuy\OneDrive\tdnet-excel-input\tools\sqlite_to_supabase.py", line 394, in _request
    r.raise_for_status()
  File "C:\Users\takuy\OneDrive\tdnet-excel-input\.venv\Lib\site-packages\requests\models.py", line 1026, in raise_for_status
    raise HTTPError(http_error_msg, response=self)
requests.exceptions.HTTPError: 401 Client Error: Unauthorized for url: https://fvkvfekzoebcolssnteo.supabase.co/rest/v1/financials?on_conflict=ticker%2Cperiod%2Cquarter

[17:53:41] [Phase5] financials batch 例外:
Traceback (most recent call last):
  File "C:\Users\takuy\OneDrive\tdnet-excel-input\tools\sqlite_to_supabase.py", line 1135, in push_sqlite_to_supabase
    api.upsert_batch_fast(
  File "C:\Users\takuy\OneDrive\tdnet-excel-input\tools\sqlite_to_supabase.py", line 474, in upsert_batch_fast
    self._request(
  File "C:\Users\takuy\OneDrive\tdnet-excel-input\tools\sqlite_to_supabase.py", line 394, in _request
    r.raise_for_status()
  File "C:\Users\takuy\OneDrive\tdnet-excel-input\.venv\Lib\site-packages\requests\models.py", line 1026, in raise_for_status
    raise HTTPError(http_error_msg, response=self)
requests.exceptions.HTTPError: 401 Client Error: Unauthorized for url: https://fvkvfekzoebcolssnteo.supabase.co/rest/v1/financials?on_conflict=ticker%2Cperiod%2Cquarter

[17:53:41] [Phase5] financials batch 例外:
Traceback (most recent call last):
  File "C:\Users\takuy\OneDrive\tdnet-excel-input\tools\sqlite_to_supabase.py", line 1135, in push_sqlite_to_supabase
    api.upsert_batch_fast(
  File "C:\Users\takuy\OneDrive\tdnet-excel-input\tools\sqlite_to_supabase.py", line 474, in upsert_batch_fast
    self._request(
  File "C:\Users\takuy\OneDrive\tdnet-excel-input\tools\sqlite_to_supabase.py", line 394, in _request
    r.raise_for_status()
  File "C:\Users\takuy\OneDrive\tdnet-excel-input\.venv\Lib\site-packages\requests\models.py", line 1026, in raise_for_status
    raise HTTPError(http_error_msg, response=self)
requests.exceptions.HTTPError: 401 Client Error: Unauthorized for url: https://fvkvfekzoebcolssnteo.supabase.co/rest/v1/financials?on_conflict=ticker%2Cperiod%2Cquarter

[17:53:42] [Phase5] financials batch 例外:
Traceback (most recent call last):
  File "C:\Users\takuy\OneDrive\tdnet-excel-input\tools\sqlite_to_supabase.py", line 1135, in push_sqlite_to_supabase
    api.upsert_batch_fast(
  File "C:\Users\takuy\OneDrive\tdnet-excel-input\tools\sqlite_to_supabase.py", line 474, in upsert_batch_fast
    self._request(
  File "C:\Users\takuy\OneDrive\tdnet-excel-input\tools\sqlite_to_supabase.py", line 394, in _request
    r.raise_for_status()
  File "C:\Users\takuy\OneDrive\tdnet-excel-input\.venv\Lib\site-packages\requests\models.py", line 1026, in raise_for_status
    raise HTTPError(http_error_msg, response=self)
requests.exceptions.HTTPError: 401 Client Error: Unauthorized for url: https://fvkvfekzoebcolssnteo.supabase.co/rest/v1/financials?on_conflict=ticker%2Cperiod%2Cquarter

[17:53:42] [Phase5] financials batch 例外:
Traceback (most recent call last):
  File "C:\Users\takuy\OneDrive\tdnet-excel-input\tools\sqlite_to_supabase.py", line 1135, in push_sqlite_to_supabase
    api.upsert_batch_fast(
  File "C:\Users\takuy\OneDrive\tdnet-excel-input\tools\sqlite_to_supabase.py", line 474, in upsert_batch_fast
    self._request(
  File "C:\Users\takuy\OneDrive\tdnet-excel-input\tools\sqlite_to_supabase.py", line 394, in _request
    r.raise_for_status()
  File "C:\Users\takuy\OneDrive\tdnet-excel-input\.venv\Lib\site-packages\requests\models.py", line 1026, in raise_for_status
    raise HTTPError(http_error_msg, response=self)
requests.exceptions.HTTPError: 401 Client Error: Unauthorized for url: https://fvkvfekzoebcolssnteo.supabase.co/rest/v1/financials?on_conflict=ticker%2Cperiod%2Cquarter

[17:53:42] [Phase5] financials batch 例外:
Traceback (most recent call last):
  File "C:\Users\takuy\OneDrive\tdnet-excel-input\tools\sqlite_to_supabase.py", line 1135, in push_sqlite_to_supabase
    api.upsert_batch_fast(
  File "C:\Users\takuy\OneDrive\tdnet-excel-input\tools\sqlite_to_supabase.py", line 474, in upsert_batch_fast
    self._request(
  File "C:\Users\takuy\OneDrive\tdnet-excel-input\tools\sqlite_to_supabase.py", line 394, in _request
    r.raise_for_status()
  File "C:\Users\takuy\OneDrive\tdnet-excel-input\.venv\Lib\site-packages\requests\models.py", line 1026, in raise_for_status
    raise HTTPError(http_error_msg, response=self)
requests.exceptions.HTTPError: 401 Client Error: Unauthorized for url: https://fvkvfekzoebcolssnteo.supabase.co/rest/v1/financials?on_conflict=ticker%2Cperiod%2Cquarter

[17:53:42] [Phase5] financials batch 例外:
Traceback (most recent call last):
  File "C:\Users\takuy\OneDrive\tdnet-excel-input\tools\sqlite_to_supabase.py", line 1135, in push_sqlite_to_supabase
    api.upsert_batch_fast(
  File "C:\Users\takuy\OneDrive\tdnet-excel-input\tools\sqlite_to_supabase.py", line 474, in upsert_batch_fast
    self._request(
  File "C:\Users\takuy\OneDrive\tdnet-excel-input\tools\sqlite_to_supabase.py", line 394, in _request
    r.raise_for_status()
  File "C:\Users\takuy\OneDrive\tdnet-excel-input\.venv\Lib\site-packages\requests\models.py", line 1026, in raise_for_status
    raise HTTPError(http_error_msg, response=self)
requests.exceptions.HTTPError: 401 Client Error: Unauthorized for url: https://fvkvfekzoebcolssnteo.supabase.co/rest/v1/financials?on_conflict=ticker%2Cperiod%2Cquarter

[17:53:42] [Phase5] financials batch 例外:
Traceback (most recent call last):
  File "C:\Users\takuy\OneDrive\tdnet-excel-input\tools\sqlite_to_supabase.py", line 1135, in push_sqlite_to_supabase
    api.upsert_batch_fast(
  File "C:\Users\takuy\OneDrive\tdnet-excel-input\tools\sqlite_to_supabase.py", line 474, in upsert_batch_fast
    self._request(
  File "C:\Users\takuy\OneDrive\tdnet-excel-input\tools\sqlite_to_supabase.py", line 394, in _request
    r.raise_for_status()
  File "C:\Users\takuy\OneDrive\tdnet-excel-input\.venv\Lib\site-packages\requests\models.py", line 1026, in raise_for_status
    raise HTTPError(http_error_msg, response=self)
requests.exceptions.HTTPError: 401 Client Error: Unauthorized for url: https://fvkvfekzoebcolssnteo.supabase.co/rest/v1/financials?on_conflict=ticker%2Cperiod%2Cquarter

[17:53:42] [Phase5] financials batch 例外:
Traceback (most recent call last):
  File "C:\Users\takuy\OneDrive\tdnet-excel-input\tools\sqlite_to_supabase.py", line 1135, in push_sqlite_to_supabase
    api.upsert_batch_fast(
  File "C:\Users\takuy\OneDrive\tdnet-excel-input\tools\sqlite_to_supabase.py", line 474, in upsert_batch_fast
    self._request(
  File "C:\Users\takuy\OneDrive\tdnet-excel-input\tools\sqlite_to_supabase.py", line 394, in _request
    r.raise_for_status()
  File "C:\Users\takuy\OneDrive\tdnet-excel-input\.venv\Lib\site-packages\requests\models.py", line 1026, in raise_for_status
    raise HTTPError(http_error_msg, response=self)
requests.exceptions.HTTPError: 401 Client Error: Unauthorized for url: https://fvkvfekzoebcolssnteo.supabase.co/rest/v1/financials?on_conflict=ticker%2Cperiod%2Cquarter

[17:53:42] [Phase5] financials batch 例外:
Traceback (most recent call last):
  File "C:\Users\takuy\OneDrive\tdnet-excel-input\tools\sqlite_to_supabase.py", line 1135, in push_sqlite_to_supabase
    api.upsert_batch_fast(
  File "C:\Users\takuy\OneDrive\tdnet-excel-input\tools\sqlite_to_supabase.py", line 474, in upsert_batch_fast
    self._request(
  File "C:\Users\takuy\OneDrive\tdnet-excel-input\tools\sqlite_to_supabase.py", line 394, in _request
    r.raise_for_status()
  File "C:\Users\takuy\OneDrive\tdnet-excel-input\.venv\Lib\site-packages\requests\models.py", line 1026, in raise_for_status
    raise HTTPError(http_error_msg, response=self)
requests.exceptions.HTTPError: 401 Client Error: Unauthorized for url: https://fvkvfekzoebcolssnteo.supabase.co/rest/v1/financials?on_conflict=ticker%2Cperiod%2Cquarter

[17:53:42] [Phase5] financials batch 例外:
Traceback (most recent call last):
  File "C:\Users\takuy\OneDrive\tdnet-excel-input\tools\sqlite_to_supabase.py", line 1135, in push_sqlite_to_supabase
    api.upsert_batch_fast(
  File "C:\Users\takuy\OneDrive\tdnet-excel-input\tools\sqlite_to_supabase.py", line 474, in upsert_batch_fast
    self._request(
  File "C:\Users\takuy\OneDrive\tdnet-excel-input\tools\sqlite_to_supabase.py", line 394, in _request
    r.raise_for_status()
  File "C:\Users\takuy\OneDrive\tdnet-excel-input\.venv\Lib\site-packages\requests\models.py", line 1026, in raise_for_status
    raise HTTPError(http_error_msg, response=self)
requests.exceptions.HTTPError: 401 Client Error: Unauthorized for url: https://fvkvfekzoebcolssnteo.supabase.co/rest/v1/financials?on_conflict=ticker%2Cperiod%2Cquarter

[17:53:43] [Phase5] financials batch 例外:
Traceback (most recent call last):
  File "C:\Users\takuy\OneDrive\tdnet-excel-input\tools\sqlite_to_supabase.py", line 1135, in push_sqlite_to_supabase
    api.upsert_batch_fast(
  File "C:\Users\takuy\OneDrive\tdnet-excel-input\tools\sqlite_to_supabase.py", line 474, in upsert_batch_fast
    self._request(
  File "C:\Users\takuy\OneDrive\tdnet-excel-input\tools\sqlite_to_supabase.py", line 394, in _request
    r.raise_for_status()
  File "C:\Users\takuy\OneDrive\tdnet-excel-input\.venv\Lib\site-packages\requests\models.py", line 1026, in raise_for_status
    raise HTTPError(http_error_msg, response=self)
requests.exceptions.HTTPError: 401 Client Error: Unauthorized for url: https://fvkvfekzoebcolssnteo.supabase.co/rest/v1/financials?on_conflict=ticker%2Cperiod%2Cquarter

[17:53:43] [Phase5] financials batch 例外:
Traceback (most recent call last):
  File "C:\Users\takuy\OneDrive\tdnet-excel-input\tools\sqlite_to_supabase.py", line 1135, in push_sqlite_to_supabase
    api.upsert_batch_fast(
  File "C:\Users\takuy\OneDrive\tdnet-excel-input\tools\sqlite_to_supabase.py", line 474, in upsert_batch_fast
    self._request(
  File "C:\Users\takuy\OneDrive\tdnet-excel-input\tools\sqlite_to_supabase.py", line 394, in _request
    r.raise_for_status()
  File "C:\Users\takuy\OneDrive\tdnet-excel-input\.venv\Lib\site-packages\requests\models.py", line 1026, in raise_for_status
    raise HTTPError(http_error_msg, response=self)
requests.exceptions.HTTPError: 401 Client Error: Unauthorized for url: https://fvkvfekzoebcolssnteo.supabase.co/rest/v1/financials?on_conflict=ticker%2Cperiod%2Cquarter

[17:53:43] [Phase5] financials batch 例外:
Traceback (most recent call last):
  File "C:\Users\takuy\OneDrive\tdnet-excel-input\tools\sqlite_to_supabase.py", line 1135, in push_sqlite_to_supabase
    api.upsert_batch_fast(
  File "C:\Users\takuy\OneDrive\tdnet-excel-input\tools\sqlite_to_supabase.py", line 474, in upsert_batch_fast
    self._request(
  File "C:\Users\takuy\OneDrive\tdnet-excel-input\tools\sqlite_to_supabase.py", line 394, in _request
    r.raise_for_status()
  File "C:\Users\takuy\OneDrive\tdnet-excel-input\.venv\Lib\site-packages\requests\models.py", line 1026, in raise_for_status
    raise HTTPError(http_error_msg, response=self)
requests.exceptions.HTTPError: 401 Client Error: Unauthorized for url: https://fvkvfekzoebcolssnteo.supabase.co/rest/v1/financials?on_conflict=ticker%2Cperiod%2Cquarter

[17:53:43] [Phase5] financials batch 例外:
Traceback (most recent call last):
  File "C:\Users\takuy\OneDrive\tdnet-excel-input\tools\sqlite_to_supabase.py", line 1135, in push_sqlite_to_supabase
    api.upsert_batch_fast(
  File "C:\Users\takuy\OneDrive\tdnet-excel-input\tools\sqlite_to_supabase.py", line 474, in upsert_batch_fast
    self._request(
  File "C:\Users\takuy\OneDrive\tdnet-excel-input\tools\sqlite_to_supabase.py", line 394, in _request
    r.raise_for_status()
  File "C:\Users\takuy\OneDrive\tdnet-excel-input\.venv\Lib\site-packages\requests\models.py", line 1026, in raise_for_status
    raise HTTPError(http_error_msg, response=self)
requests.exceptions.HTTPError: 401 Client Error: Unauthorized for url: https://fvkvfekzoebcolssnteo.supabase.co/rest/v1/financials?on_conflict=ticker%2Cperiod%2Cquarter

[17:53:43] [Phase5] financials batch 例外:
Traceback (most recent call last):
  File "C:\Users\takuy\OneDrive\tdnet-excel-input\tools\sqlite_to_supabase.py", line 1135, in push_sqlite_to_supabase
    api.upsert_batch_fast(
  File "C:\Users\takuy\OneDrive\tdnet-excel-input\tools\sqlite_to_supabase.py", line 474, in upsert_batch_fast
    self._request(
  File "C:\Users\takuy\OneDrive\tdnet-excel-input\tools\sqlite_to_supabase.py", line 394, in _request
    r.raise_for_status()
  File "C:\Users\takuy\OneDrive\tdnet-excel-input\.venv\Lib\site-packages\requests\models.py", line 1026, in raise_for_status
    raise HTTPError(http_error_msg, response=self)
requests.exceptions.HTTPError: 401 Client Error: Unauthorized for url: https://fvkvfekzoebcolssnteo.supabase.co/rest/v1/financials?on_conflict=ticker%2Cperiod%2Cquarter

[17:53:43] [Phase5] financials batch 例外:
Traceback (most recent call last):
  File "C:\Users\takuy\OneDrive\tdnet-excel-input\tools\sqlite_to_supabase.py", line 1135, in push_sqlite_to_supabase
    api.upsert_batch_fast(
  File "C:\Users\takuy\OneDrive\tdnet-excel-input\tools\sqlite_to_supabase.py", line 474, in upsert_batch_fast
    self._request(
  File "C:\Users\takuy\OneDrive\tdnet-excel-input\tools\sqlite_to_supabase.py", line 394, in _request
    r.raise_for_status()
  File "C:\Users\takuy\OneDrive\tdnet-excel-input\.venv\Lib\site-packages\requests\models.py", line 1026, in raise_for_status
    raise HTTPError(http_error_msg, response=self)
requests.exceptions.HTTPError: 401 Client Error: Unauthorized for url: https://fvkvfekzoebcolssnteo.supabase.co/rest/v1/financials?on_conflict=ticker%2Cperiod%2Cquarter

[17:53:43] [Phase5] financials batch 例外:
Traceback (most recent call last):
  File "C:\Users\takuy\OneDrive\tdnet-excel-input\tools\sqlite_to_supabase.py", line 1135, in push_sqlite_to_supabase
    api.upsert_batch_fast(
  File "C:\Users\takuy\OneDrive\tdnet-excel-input\tools\sqlite_to_supabase.py", line 474, in upsert_batch_fast
    self._request(
  File "C:\Users\takuy\OneDrive\tdnet-excel-input\tools\sqlite_to_supabase.py", line 394, in _request
    r.raise_for_status()
  File "C:\Users\takuy\OneDrive\tdnet-excel-input\.venv\Lib\site-packages\requests\models.py", line 1026, in raise_for_status
    raise HTTPError(http_error_msg, response=self)
requests.exceptions.HTTPError: 401 Client Error: Unauthorized for url: https://fvkvfekzoebcolssnteo.supabase.co/rest/v1/financials?on_conflict=ticker%2Cperiod%2Cquarter

[17:53:43] [Phase5] financials batch 例外:
Traceback (most recent call last):
  File "C:\Users\takuy\OneDrive\tdnet-excel-input\tools\sqlite_to_supabase.py", line 1135, in push_sqlite_to_supabase
    api.upsert_batch_fast(
  File "C:\Users\takuy\OneDrive\tdnet-excel-input\tools\sqlite_to_supabase.py", line 474, in upsert_batch_fast
    self._request(
  File "C:\Users\takuy\OneDrive\tdnet-excel-input\tools\sqlite_to_supabase.py", line 394, in _request
    r.raise_for_status()
  File "C:\Users\takuy\OneDrive\tdnet-excel-input\.venv\Lib\site-packages\requests\models.py", line 1026, in raise_for_status
    raise HTTPError(http_error_msg, response=self)
requests.exceptions.HTTPError: 401 Client Error: Unauthorized for url: https://fvkvfekzoebcolssnteo.supabase.co/rest/v1/financials?on_conflict=ticker%2Cperiod%2Cquarter

[17:53:44] [Phase5] financials batch 例外:
Traceback (most recent call last):
  File "C:\Users\takuy\OneDrive\tdnet-excel-input\tools\sqlite_to_supabase.py", line 1135, in push_sqlite_to_supabase
    api.upsert_batch_fast(
  File "C:\Users\takuy\OneDrive\tdnet-excel-input\tools\sqlite_to_supabase.py", line 474, in upsert_batch_fast
    self._request(
  File "C:\Users\takuy\OneDrive\tdnet-excel-input\tools\sqlite_to_supabase.py", line 394, in _request
    r.raise_for_status()
  File "C:\Users\takuy\OneDrive\tdnet-excel-input\.venv\Lib\site-packages\requests\models.py", line 1026, in raise_for_status
    raise HTTPError(http_error_msg, response=self)
requests.exceptions.HTTPError: 401 Client Error: Unauthorized for url: https://fvkvfekzoebcolssnteo.supabase.co/rest/v1/financials?on_conflict=ticker%2Cperiod%2Cquarter

[17:53:44] [Phase5] financials batch 例外:
Traceback (most recent call last):
  File "C:\Users\takuy\OneDrive\tdnet-excel-input\tools\sqlite_to_supabase.py", line 1135, in push_sqlite_to_supabase
    api.upsert_batch_fast(
  File "C:\Users\takuy\OneDrive\tdnet-excel-input\tools\sqlite_to_supabase.py", line 474, in upsert_batch_fast
    self._request(
  File "C:\Users\takuy\OneDrive\tdnet-excel-input\tools\sqlite_to_supabase.py", line 394, in _request
    r.raise_for_status()
  File "C:\Users\takuy\OneDrive\tdnet-excel-input\.venv\Lib\site-packages\requests\models.py", line 1026, in raise_for_status
    raise HTTPError(http_error_msg, response=self)
requests.exceptions.HTTPError: 401 Client Error: Unauthorized for url: https://fvkvfekzoebcolssnteo.supabase.co/rest/v1/financials?on_conflict=ticker%2Cperiod%2Cquarter

[17:53:44] [Phase5] financials batch 例外:
Traceback (most recent call last):
  File "C:\Users\takuy\OneDrive\tdnet-excel-input\tools\sqlite_to_supabase.py", line 1135, in push_sqlite_to_supabase
    api.upsert_batch_fast(
  File "C:\Users\takuy\OneDrive\tdnet-excel-input\tools\sqlite_to_supabase.py", line 474, in upsert_batch_fast
    self._request(
  File "C:\Users\takuy\OneDrive\tdnet-excel-input\tools\sqlite_to_supabase.py", line 394, in _request
    r.raise_for_status()
  File "C:\Users\takuy\OneDrive\tdnet-excel-input\.venv\Lib\site-packages\requests\models.py", line 1026, in raise_for_status
    raise HTTPError(http_error_msg, response=self)
requests.exceptions.HTTPError: 401 Client Error: Unauthorized for url: https://fvkvfekzoebcolssnteo.supabase.co/rest/v1/financials?on_conflict=ticker%2Cperiod%2Cquarter

[17:53:44] [Phase5] financials batch 例外:
Traceback (most recent call last):
  File "C:\Users\takuy\OneDrive\tdnet-excel-input\tools\sqlite_to_supabase.py", line 1135, in push_sqlite_to_supabase
    api.upsert_batch_fast(
  File "C:\Users\takuy\OneDrive\tdnet-excel-input\tools\sqlite_to_supabase.py", line 474, in upsert_batch_fast
    self._request(
  File "C:\Users\takuy\OneDrive\tdnet-excel-input\tools\sqlite_to_supabase.py", line 394, in _request
    r.raise_for_status()
  File "C:\Users\takuy\OneDrive\tdnet-excel-input\.venv\Lib\site-packages\requests\models.py", line 1026, in raise_for_status
    raise HTTPError(http_error_msg, response=self)
requests.exceptions.HTTPError: 401 Client Error: Unauthorized for url: https://fvkvfekzoebcolssnteo.supabase.co/rest/v1/financials?on_conflict=ticker%2Cperiod%2Cquarter

[17:53:44] [Phase5] financials batch 例外:
Traceback (most recent call last):
  File "C:\Users\takuy\OneDrive\tdnet-excel-input\tools\sqlite_to_supabase.py", line 1135, in push_sqlite_to_supabase
    api.upsert_batch_fast(
  File "C:\Users\takuy\OneDrive\tdnet-excel-input\tools\sqlite_to_supabase.py", line 474, in upsert_batch_fast
    self._request(
  File "C:\Users\takuy\OneDrive\tdnet-excel-input\tools\sqlite_to_supabase.py", line 394, in _request
    r.raise_for_status()
  File "C:\Users\takuy\OneDrive\tdnet-excel-input\.venv\Lib\site-packages\requests\models.py", line 1026, in raise_for_status
    raise HTTPError(http_error_msg, response=self)
requests.exceptions.HTTPError: 401 Client Error: Unauthorized for url: https://fvkvfekzoebcolssnteo.supabase.co/rest/v1/financials?on_conflict=ticker%2Cperiod%2Cquarter

[17:53:44] [Phase5] financials batch 例外:
Traceback (most recent call last):
  File "C:\Users\takuy\OneDrive\tdnet-excel-input\tools\sqlite_to_supabase.py", line 1135, in push_sqlite_to_supabase
    api.upsert_batch_fast(
  File "C:\Users\takuy\OneDrive\tdnet-excel-input\tools\sqlite_to_supabase.py", line 474, in upsert_batch_fast
    self._request(
  File "C:\Users\takuy\OneDrive\tdnet-excel-input\tools\sqlite_to_supabase.py", line 394, in _request
    r.raise_for_status()
  File "C:\Users\takuy\OneDrive\tdnet-excel-input\.venv\Lib\site-packages\requests\models.py", line 1026, in raise_for_status
    raise HTTPError(http_error_msg, response=self)
requests.exceptions.HTTPError: 401 Client Error: Unauthorized for url: https://fvkvfekzoebcolssnteo.supabase.co/rest/v1/financials?on_conflict=ticker%2Cperiod%2Cquarter

[17:53:44] [Phase5] financials batch 例外:
Traceback (most recent call last):
  File "C:\Users\takuy\OneDrive\tdnet-excel-input\tools\sqlite_to_supabase.py", line 1135, in push_sqlite_to_supabase
    api.upsert_batch_fast(
  File "C:\Users\takuy\OneDrive\tdnet-excel-input\tools\sqlite_to_supabase.py", line 474, in upsert_batch_fast
    self._request(
  File "C:\Users\takuy\OneDrive\tdnet-excel-input\tools\sqlite_to_supabase.py", line 394, in _request
    r.raise_for_status()
  File "C:\Users\takuy\OneDrive\tdnet-excel-input\.venv\Lib\site-packages\requests\models.py", line 1026, in raise_for_status
    raise HTTPError(http_error_msg, response=self)
requests.exceptions.HTTPError: 401 Client Error: Unauthorized for url: https://fvkvfekzoebcolssnteo.supabase.co/rest/v1/financials?on_conflict=ticker%2Cperiod%2Cquarter

[17:53:44] [Phase5] financials batch 例外:
Traceback (most recent call last):
  File "C:\Users\takuy\OneDrive\tdnet-excel-input\tools\sqlite_to_supabase.py", line 1135, in push_sqlite_to_supabase
    api.upsert_batch_fast(
  File "C:\Users\takuy\OneDrive\tdnet-excel-input\tools\sqlite_to_supabase.py", line 474, in upsert_batch_fast
    self._request(
  File "C:\Users\takuy\OneDrive\tdnet-excel-input\tools\sqlite_to_supabase.py", line 394, in _request
    r.raise_for_status()
  File "C:\Users\takuy\OneDrive\tdnet-excel-input\.venv\Lib\site-packages\requests\models.py", line 1026, in raise_for_status
    raise HTTPError(http_error_msg, response=self)
requests.exceptions.HTTPError: 401 Client Error: Unauthorized for url: https://fvkvfekzoebcolssnteo.supabase.co/rest/v1/financials?on_conflict=ticker%2Cperiod%2Cquarter

[17:53:45] [Phase5] financials batch 例外:
Traceback (most recent call last):
  File "C:\Users\takuy\OneDrive\tdnet-excel-input\tools\sqlite_to_supabase.py", line 1135, in push_sqlite_to_supabase
    api.upsert_batch_fast(
  File "C:\Users\takuy\OneDrive\tdnet-excel-input\tools\sqlite_to_supabase.py", line 474, in upsert_batch_fast
    self._request(
  File "C:\Users\takuy\OneDrive\tdnet-excel-input\tools\sqlite_to_supabase.py", line 394, in _request
    r.raise_for_status()
  File "C:\Users\takuy\OneDrive\tdnet-excel-input\.venv\Lib\site-packages\requests\models.py", line 1026, in raise_for_status
    raise HTTPError(http_error_msg, response=self)
requests.exceptions.HTTPError: 401 Client Error: Unauthorized for url: https://fvkvfekzoebcolssnteo.supabase.co/rest/v1/financials?on_conflict=ticker%2Cperiod%2Cquarter

[17:53:45] [Phase5] financials batch 例外:
Traceback (most recent call last):
  File "C:\Users\takuy\OneDrive\tdnet-excel-input\tools\sqlite_to_supabase.py", line 1135, in push_sqlite_to_supabase
    api.upsert_batch_fast(
  File "C:\Users\takuy\OneDrive\tdnet-excel-input\tools\sqlite_to_supabase.py", line 474, in upsert_batch_fast
    self._request(
  File "C:\Users\takuy\OneDrive\tdnet-excel-input\tools\sqlite_to_supabase.py", line 394, in _request
    r.raise_for_status()
  File "C:\Users\takuy\OneDrive\tdnet-excel-input\.venv\Lib\site-packages\requests\models.py", line 1026, in raise_for_status
    raise HTTPError(http_error_msg, response=self)
requests.exceptions.HTTPError: 401 Client Error: Unauthorized for url: https://fvkvfekzoebcolssnteo.supabase.co/rest/v1/financials?on_conflict=ticker%2Cperiod%2Cquarter

[17:53:45] [Phase5] financials batch 例外:
Traceback (most recent call last):
  File "C:\Users\takuy\OneDrive\tdnet-excel-input\tools\sqlite_to_supabase.py", line 1135, in push_sqlite_to_supabase
    api.upsert_batch_fast(
  File "C:\Users\takuy\OneDrive\tdnet-excel-input\tools\sqlite_to_supabase.py", line 474, in upsert_batch_fast
    self._request(
  File "C:\Users\takuy\OneDrive\tdnet-excel-input\tools\sqlite_to_supabase.py", line 394, in _request
    r.raise_for_status()
  File "C:\Users\takuy\OneDrive\tdnet-excel-input\.venv\Lib\site-packages\requests\models.py", line 1026, in raise_for_status
    raise HTTPError(http_error_msg, response=self)
requests.exceptions.HTTPError: 401 Client Error: Unauthorized for url: https://fvkvfekzoebcolssnteo.supabase.co/rest/v1/financials?on_conflict=ticker%2Cperiod%2Cquarter

[17:53:45] [Phase5] financials batch 例外:
Traceback (most recent call last):
  File "C:\Users\takuy\OneDrive\tdnet-excel-input\tools\sqlite_to_supabase.py", line 1135, in push_sqlite_to_supabase
    api.upsert_batch_fast(
  File "C:\Users\takuy\OneDrive\tdnet-excel-input\tools\sqlite_to_supabase.py", line 474, in upsert_batch_fast
    self._request(
  File "C:\Users\takuy\OneDrive\tdnet-excel-input\tools\sqlite_to_supabase.py", line 394, in _request
    r.raise_for_status()
  File "C:\Users\takuy\OneDrive\tdnet-excel-input\.venv\Lib\site-packages\requests\models.py", line 1026, in raise_for_status
    raise HTTPError(http_error_msg, response=self)
requests.exceptions.HTTPError: 401 Client Error: Unauthorized for url: https://fvkvfekzoebcolssnteo.supabase.co/rest/v1/financials?on_conflict=ticker%2Cperiod%2Cquarter

[17:53:45] [Phase5] financials batch 例外:
Traceback (most recent call last):
  File "C:\Users\takuy\OneDrive\tdnet-excel-input\tools\sqlite_to_supabase.py", line 1135, in push_sqlite_to_supabase
    api.upsert_batch_fast(
  File "C:\Users\takuy\OneDrive\tdnet-excel-input\tools\sqlite_to_supabase.py", line 474, in upsert_batch_fast
    self._request(
  File "C:\Users\takuy\OneDrive\tdnet-excel-input\tools\sqlite_to_supabase.py", line 394, in _request
    r.raise_for_status()
  File "C:\Users\takuy\OneDrive\tdnet-excel-input\.venv\Lib\site-packages\requests\models.py", line 1026, in raise_for_status
    raise HTTPError(http_error_msg, response=self)
requests.exceptions.HTTPError: 401 Client Error: Unauthorized for url: https://fvkvfekzoebcolssnteo.supabase.co/rest/v1/financials?on_conflict=ticker%2Cperiod%2Cquarter

[17:53:45] [Phase5] financials batch 例外:
Traceback (most recent call last):
  File "C:\Users\takuy\OneDrive\tdnet-excel-input\tools\sqlite_to_supabase.py", line 1135, in push_sqlite_to_supabase
    api.upsert_batch_fast(
  File "C:\Users\takuy\OneDrive\tdnet-excel-input\tools\sqlite_to_supabase.py", line 474, in upsert_batch_fast
    self._request(
  File "C:\Users\takuy\OneDrive\tdnet-excel-input\tools\sqlite_to_supabase.py", line 394, in _request
    r.raise_for_status()
  File "C:\Users\takuy\OneDrive\tdnet-excel-input\.venv\Lib\site-packages\requests\models.py", line 1026, in raise_for_status
    raise HTTPError(http_error_msg, response=self)
requests.exceptions.HTTPError: 401 Client Error: Unauthorized for url: https://fvkvfekzoebcolssnteo.supabase.co/rest/v1/financials?on_conflict=ticker%2Cperiod%2Cquarter

[17:53:45] [Phase5] financials batch 例外:
Traceback (most recent call last):
  File "C:\Users\takuy\OneDrive\tdnet-excel-input\tools\sqlite_to_supabase.py", line 1135, in push_sqlite_to_supabase
    api.upsert_batch_fast(
  File "C:\Users\takuy\OneDrive\tdnet-excel-input\tools\sqlite_to_supabase.py", line 474, in upsert_batch_fast
    self._request(
  File "C:\Users\takuy\OneDrive\tdnet-excel-input\tools\sqlite_to_supabase.py", line 394, in _request
    r.raise_for_status()
  File "C:\Users\takuy\OneDrive\tdnet-excel-input\.venv\Lib\site-packages\requests\models.py", line 1026, in raise_for_status
    raise HTTPError(http_error_msg, response=self)
requests.exceptions.HTTPError: 401 Client Error: Unauthorized for url: https://fvkvfekzoebcolssnteo.supabase.co/rest/v1/financials?on_conflict=ticker%2Cperiod%2Cquarter

[17:53:46] [Phase5] financials batch 例外:
Traceback (most recent call last):
  File "C:\Users\takuy\OneDrive\tdnet-excel-input\tools\sqlite_to_supabase.py", line 1135, in push_sqlite_to_supabase
    api.upsert_batch_fast(
  File "C:\Users\takuy\OneDrive\tdnet-excel-input\tools\sqlite_to_supabase.py", line 474, in upsert_batch_fast
    self._request(
  File "C:\Users\takuy\OneDrive\tdnet-excel-input\tools\sqlite_to_supabase.py", line 394, in _request
    r.raise_for_status()
  File "C:\Users\takuy\OneDrive\tdnet-excel-input\.venv\Lib\site-packages\requests\models.py", line 1026, in raise_for_status
    raise HTTPError(http_error_msg, response=self)
requests.exceptions.HTTPError: 401 Client Error: Unauthorized for url: https://fvkvfekzoebcolssnteo.supabase.co/rest/v1/financials?on_conflict=ticker%2Cperiod%2Cquarter

[17:53:46] [Phase5] financials batch 例外:
Traceback (most recent call last):
  File "C:\Users\takuy\OneDrive\tdnet-excel-input\tools\sqlite_to_supabase.py", line 1135, in push_sqlite_to_supabase
    api.upsert_batch_fast(
  File "C:\Users\takuy\OneDrive\tdnet-excel-input\tools\sqlite_to_supabase.py", line 474, in upsert_batch_fast
    self._request(
  File "C:\Users\takuy\OneDrive\tdnet-excel-input\tools\sqlite_to_supabase.py", line 394, in _request
    r.raise_for_status()
  File "C:\Users\takuy\OneDrive\tdnet-excel-input\.venv\Lib\site-packages\requests\models.py", line 1026, in raise_for_status
    raise HTTPError(http_error_msg, response=self)
requests.exceptions.HTTPError: 401 Client Error: Unauthorized for url: https://fvkvfekzoebcolssnteo.supabase.co/rest/v1/financials?on_conflict=ticker%2Cperiod%2Cquarter

[17:53:46] [Phase5] financials batch 例外:
Traceback (most recent call last):
  File "C:\Users\takuy\OneDrive\tdnet-excel-input\tools\sqlite_to_supabase.py", line 1135, in push_sqlite_to_supabase
    api.upsert_batch_fast(
  File "C:\Users\takuy\OneDrive\tdnet-excel-input\tools\sqlite_to_supabase.py", line 474, in upsert_batch_fast
    self._request(
  File "C:\Users\takuy\OneDrive\tdnet-excel-input\tools\sqlite_to_supabase.py", line 394, in _request
    r.raise_for_status()
  File "C:\Users\takuy\OneDrive\tdnet-excel-input\.venv\Lib\site-packages\requests\models.py", line 1026, in raise_for_status
    raise HTTPError(http_error_msg, response=self)
requests.exceptions.HTTPError: 401 Client Error: Unauthorized for url: https://fvkvfekzoebcolssnteo.supabase.co/rest/v1/financials?on_conflict=ticker%2Cperiod%2Cquarter

[17:53:46] [Phase5] financials batch 例外:
Traceback (most recent call last):
  File "C:\Users\takuy\OneDrive\tdnet-excel-input\tools\sqlite_to_supabase.py", line 1135, in push_sqlite_to_supabase
    api.upsert_batch_fast(
  File "C:\Users\takuy\OneDrive\tdnet-excel-input\tools\sqlite_to_supabase.py", line 474, in upsert_batch_fast
    self._request(
  File "C:\Users\takuy\OneDrive\tdnet-excel-input\tools\sqlite_to_supabase.py", line 394, in _request
    r.raise_for_status()
  File "C:\Users\takuy\OneDrive\tdnet-excel-input\.venv\Lib\site-packages\requests\models.py", line 1026, in raise_for_status
    raise HTTPError(http_error_msg, response=self)
requests.exceptions.HTTPError: 401 Client Error: Unauthorized for url: https://fvkvfekzoebcolssnteo.supabase.co/rest/v1/financials?on_conflict=ticker%2Cperiod%2Cquarter

[17:53:46] [Phase5] financials batch 例外:
Traceback (most recent call last):
  File "C:\Users\takuy\OneDrive\tdnet-excel-input\tools\sqlite_to_supabase.py", line 1135, in push_sqlite_to_supabase
    api.upsert_batch_fast(
  File "C:\Users\takuy\OneDrive\tdnet-excel-input\tools\sqlite_to_supabase.py", line 474, in upsert_batch_fast
    self._request(
  File "C:\Users\takuy\OneDrive\tdnet-excel-input\tools\sqlite_to_supabase.py", line 394, in _request
    r.raise_for_status()
  File "C:\Users\takuy\OneDrive\tdnet-excel-input\.venv\Lib\site-packages\requests\models.py", line 1026, in raise_for_status
    raise HTTPError(http_error_msg, response=self)
requests.exceptions.HTTPError: 401 Client Error: Unauthorized for url: https://fvkvfekzoebcolssnteo.supabase.co/rest/v1/financials?on_conflict=ticker%2Cperiod%2Cquarter

[17:53:46] [Phase5] financials batch 例外:
Traceback (most recent call last):
  File "C:\Users\takuy\OneDrive\tdnet-excel-input\tools\sqlite_to_supabase.py", line 1135, in push_sqlite_to_supabase
    api.upsert_batch_fast(
  File "C:\Users\takuy\OneDrive\tdnet-excel-input\tools\sqlite_to_supabase.py", line 474, in upsert_batch_fast
    self._request(
  File "C:\Users\takuy\OneDrive\tdnet-excel-input\tools\sqlite_to_supabase.py", line 394, in _request
    r.raise_for_status()
  File "C:\Users\takuy\OneDrive\tdnet-excel-input\.venv\Lib\site-packages\requests\models.py", line 1026, in raise_for_status
    raise HTTPError(http_error_msg, response=self)
requests.exceptions.HTTPError: 401 Client Error: Unauthorized for url: https://fvkvfekzoebcolssnteo.supabase.co/rest/v1/financials?on_conflict=ticker%2Cperiod%2Cquarter

[17:53:46] [Phase5] financials batch 例外:
Traceback (most recent call last):
  File "C:\Users\takuy\OneDrive\tdnet-excel-input\tools\sqlite_to_supabase.py", line 1135, in push_sqlite_to_supabase
    api.upsert_batch_fast(
  File "C:\Users\takuy\OneDrive\tdnet-excel-input\tools\sqlite_to_supabase.py", line 474, in upsert_batch_fast
    self._request(
  File "C:\Users\takuy\OneDrive\tdnet-excel-input\tools\sqlite_to_supabase.py", line 394, in _request
    r.raise_for_status()
  File "C:\Users\takuy\OneDrive\tdnet-excel-input\.venv\Lib\site-packages\requests\models.py", line 1026, in raise_for_status
    raise HTTPError(http_error_msg, response=self)
requests.exceptions.HTTPError: 401 Client Error: Unauthorized for url: https://fvkvfekzoebcolssnteo.supabase.co/rest/v1/financials?on_conflict=ticker%2Cperiod%2Cquarter

[17:53:46] [Phase5] financials batch 例外:
Traceback (most recent call last):
  File "C:\Users\takuy\OneDrive\tdnet-excel-input\tools\sqlite_to_supabase.py", line 1135, in push_sqlite_to_supabase
    api.upsert_batch_fast(
  File "C:\Users\takuy\OneDrive\tdnet-excel-input\tools\sqlite_to_supabase.py", line 474, in upsert_batch_fast
    self._request(
  File "C:\Users\takuy\OneDrive\tdnet-excel-input\tools\sqlite_to_supabase.py", line 394, in _request
    r.raise_for_status()
  File "C:\Users\takuy\OneDrive\tdnet-excel-input\.venv\Lib\site-packages\requests\models.py", line 1026, in raise_for_status
    raise HTTPError(http_error_msg, response=self)
requests.exceptions.HTTPError: 401 Client Error: Unauthorized for url: https://fvkvfekzoebcolssnteo.supabase.co/rest/v1/financials?on_conflict=ticker%2Cperiod%2Cquarter

[17:53:46] [Phase5] financials batch 例外:
Traceback (most recent call last):
  File "C:\Users\takuy\OneDrive\tdnet-excel-input\tools\sqlite_to_supabase.py", line 1135, in push_sqlite_to_supabase
    api.upsert_batch_fast(
  File "C:\Users\takuy\OneDrive\tdnet-excel-input\tools\sqlite_to_supabase.py", line 474, in upsert_batch_fast
    self._request(
  File "C:\Users\takuy\OneDrive\tdnet-excel-input\tools\sqlite_to_supabase.py", line 394, in _request
    r.raise_for_status()
  File "C:\Users\takuy\OneDrive\tdnet-excel-input\.venv\Lib\site-packages\requests\models.py", line 1026, in raise_for_status
    raise HTTPError(http_error_msg, response=self)
requests.exceptions.HTTPError: 401 Client Error: Unauthorized for url: https://fvkvfekzoebcolssnteo.supabase.co/rest/v1/financials?on_conflict=ticker%2Cperiod%2Cquarter

[17:53:47] [Phase5] financials batch 例外:
Traceback (most recent call last):
  File "C:\Users\takuy\OneDrive\tdnet-excel-input\tools\sqlite_to_supabase.py", line 1135, in push_sqlite_to_supabase
    api.upsert_batch_fast(
  File "C:\Users\takuy\OneDrive\tdnet-excel-input\tools\sqlite_to_supabase.py", line 474, in upsert_batch_fast
    self._request(
  File "C:\Users\takuy\OneDrive\tdnet-excel-input\tools\sqlite_to_supabase.py", line 394, in _request
    r.raise_for_status()
  File "C:\Users\takuy\OneDrive\tdnet-excel-input\.venv\Lib\site-packages\requests\models.py", line 1026, in raise_for_status
    raise HTTPError(http_error_msg, response=self)
requests.exceptions.HTTPError: 401 Client Error: Unauthorized for url: https://fvkvfekzoebcolssnteo.supabase.co/rest/v1/financials?on_conflict=ticker%2Cperiod%2Cquarter

[17:53:47] [Phase5] financials batch 例外:
Traceback (most recent call last):
  File "C:\Users\takuy\OneDrive\tdnet-excel-input\tools\sqlite_to_supabase.py", line 1135, in push_sqlite_to_supabase
    api.upsert_batch_fast(
  File "C:\Users\takuy\OneDrive\tdnet-excel-input\tools\sqlite_to_supabase.py", line 474, in upsert_batch_fast
    self._request(
  File "C:\Users\takuy\OneDrive\tdnet-excel-input\tools\sqlite_to_supabase.py", line 394, in _request
    r.raise_for_status()
  File "C:\Users\takuy\OneDrive\tdnet-excel-input\.venv\Lib\site-packages\requests\models.py", line 1026, in raise_for_status
    raise HTTPError(http_error_msg, response=self)
requests.exceptions.HTTPError: 401 Client Error: Unauthorized for url: https://fvkvfekzoebcolssnteo.supabase.co/rest/v1/financials?on_conflict=ticker%2Cperiod%2Cquarter

[17:53:47] [Phase5] financials batch 例外:
Traceback (most recent call last):
  File "C:\Users\takuy\OneDrive\tdnet-excel-input\tools\sqlite_to_supabase.py", line 1135, in push_sqlite_to_supabase
    api.upsert_batch_fast(
  File "C:\Users\takuy\OneDrive\tdnet-excel-input\tools\sqlite_to_supabase.py", line 474, in upsert_batch_fast
    self._request(
  File "C:\Users\takuy\OneDrive\tdnet-excel-input\tools\sqlite_to_supabase.py", line 394, in _request
    r.raise_for_status()
  File "C:\Users\takuy\OneDrive\tdnet-excel-input\.venv\Lib\site-packages\requests\models.py", line 1026, in raise_for_status
    raise HTTPError(http_error_msg, response=self)
requests.exceptions.HTTPError: 401 Client Error: Unauthorized for url: https://fvkvfekzoebcolssnteo.supabase.co/rest/v1/financials?on_conflict=ticker%2Cperiod%2Cquarter

[17:53:47] [Phase5] financials batch 例外:
Traceback (most recent call last):
  File "C:\Users\takuy\OneDrive\tdnet-excel-input\tools\sqlite_to_supabase.py", line 1135, in push_sqlite_to_supabase
    api.upsert_batch_fast(
  File "C:\Users\takuy\OneDrive\tdnet-excel-input\tools\sqlite_to_supabase.py", line 474, in upsert_batch_fast
    self._request(
  File "C:\Users\takuy\OneDrive\tdnet-excel-input\tools\sqlite_to_supabase.py", line 394, in _request
    r.raise_for_status()
  File "C:\Users\takuy\OneDrive\tdnet-excel-input\.venv\Lib\site-packages\requests\models.py", line 1026, in raise_for_status
    raise HTTPError(http_error_msg, response=self)
requests.exceptions.HTTPError: 401 Client Error: Unauthorized for url: https://fvkvfekzoebcolssnteo.supabase.co/rest/v1/financials?on_conflict=ticker%2Cperiod%2Cquarter

[17:53:47] [Phase5] financials batch 例外:
Traceback (most recent call last):
  File "C:\Users\takuy\OneDrive\tdnet-excel-input\tools\sqlite_to_supabase.py", line 1135, in push_sqlite_to_supabase
    api.upsert_batch_fast(
  File "C:\Users\takuy\OneDrive\tdnet-excel-input\tools\sqlite_to_supabase.py", line 474, in upsert_batch_fast
    self._request(
  File "C:\Users\takuy\OneDrive\tdnet-excel-input\tools\sqlite_to_supabase.py", line 394, in _request
    r.raise_for_status()
  File "C:\Users\takuy\OneDrive\tdnet-excel-input\.venv\Lib\site-packages\requests\models.py", line 1026, in raise_for_status
    raise HTTPError(http_error_msg, response=self)
requests.exceptions.HTTPError: 401 Client Error: Unauthorized for url: https://fvkvfekzoebcolssnteo.supabase.co/rest/v1/financials?on_conflict=ticker%2Cperiod%2Cquarter

[17:53:47] [Phase5] financials batch 例外:
Traceback (most recent call last):
  File "C:\Users\takuy\OneDrive\tdnet-excel-input\tools\sqlite_to_supabase.py", line 1135, in push_sqlite_to_supabase
    api.upsert_batch_fast(
  File "C:\Users\takuy\OneDrive\tdnet-excel-input\tools\sqlite_to_supabase.py", line 474, in upsert_batch_fast
    self._request(
  File "C:\Users\takuy\OneDrive\tdnet-excel-input\tools\sqlite_to_supabase.py", line 394, in _request
    r.raise_for_status()
  File "C:\Users\takuy\OneDrive\tdnet-excel-input\.venv\Lib\site-packages\requests\models.py", line 1026, in raise_for_status
    raise HTTPError(http_error_msg, response=self)
requests.exceptions.HTTPError: 401 Client Error: Unauthorized for url: https://fvkvfekzoebcolssnteo.supabase.co/rest/v1/financials?on_conflict=ticker%2Cperiod%2Cquarter

[17:53:47] [Phase5] financials batch 例外:
Traceback (most recent call last):
  File "C:\Users\takuy\OneDrive\tdnet-excel-input\tools\sqlite_to_supabase.py", line 1135, in push_sqlite_to_supabase
    api.upsert_batch_fast(
  File "C:\Users\takuy\OneDrive\tdnet-excel-input\tools\sqlite_to_supabase.py", line 474, in upsert_batch_fast
    self._request(
  File "C:\Users\takuy\OneDrive\tdnet-excel-input\tools\sqlite_to_supabase.py", line 394, in _request
    r.raise_for_status()
  File "C:\Users\takuy\OneDrive\tdnet-excel-input\.venv\Lib\site-packages\requests\models.py", line 1026, in raise_for_status
    raise HTTPError(http_error_msg, response=self)
requests.exceptions.HTTPError: 401 Client Error: Unauthorized for url: https://fvkvfekzoebcolssnteo.supabase.co/rest/v1/financials?on_conflict=ticker%2Cperiod%2Cquarter

[17:53:48] [Phase5] financials batch 例外:
Traceback (most recent call last):
  File "C:\Users\takuy\OneDrive\tdnet-excel-input\tools\sqlite_to_supabase.py", line 1135, in push_sqlite_to_supabase
    api.upsert_batch_fast(
  File "C:\Users\takuy\OneDrive\tdnet-excel-input\tools\sqlite_to_supabase.py", line 474, in upsert_batch_fast
    self._request(
  File "C:\Users\takuy\OneDrive\tdnet-excel-input\tools\sqlite_to_supabase.py", line 394, in _request
    r.raise_for_status()
  File "C:\Users\takuy\OneDrive\tdnet-excel-input\.venv\Lib\site-packages\requests\models.py", line 1026, in raise_for_status
    raise HTTPError(http_error_msg, response=self)
requests.exceptions.HTTPError: 401 Client Error: Unauthorized for url: https://fvkvfekzoebcolssnteo.supabase.co/rest/v1/financials?on_conflict=ticker%2Cperiod%2Cquarter

[17:53:48] [Phase5] financials batch 例外:
Traceback (most recent call last):
  File "C:\Users\takuy\OneDrive\tdnet-excel-input\tools\sqlite_to_supabase.py", line 1135, in push_sqlite_to_supabase
    api.upsert_batch_fast(
  File "C:\Users\takuy\OneDrive\tdnet-excel-input\tools\sqlite_to_supabase.py", line 474, in upsert_batch_fast
    self._request(
  File "C:\Users\takuy\OneDrive\tdnet-excel-input\tools\sqlite_to_supabase.py", line 394, in _request
    r.raise_for_status()
  File "C:\Users\takuy\OneDrive\tdnet-excel-input\.venv\Lib\site-packages\requests\models.py", line 1026, in raise_for_status
    raise HTTPError(http_error_msg, response=self)
requests.exceptions.HTTPError: 401 Client Error: Unauthorized for url: https://fvkvfekzoebcolssnteo.supabase.co/rest/v1/financials?on_conflict=ticker%2Cperiod%2Cquarter

[17:53:48] [Phase5] financials batch 例外:
Traceback (most recent call last):
  File "C:\Users\takuy\OneDrive\tdnet-excel-input\tools\sqlite_to_supabase.py", line 1135, in push_sqlite_to_supabase
    api.upsert_batch_fast(
  File "C:\Users\takuy\OneDrive\tdnet-excel-input\tools\sqlite_to_supabase.py", line 474, in upsert_batch_fast
    self._request(
  File "C:\Users\takuy\OneDrive\tdnet-excel-input\tools\sqlite_to_supabase.py", line 394, in _request
    r.raise_for_status()
  File "C:\Users\takuy\OneDrive\tdnet-excel-input\.venv\Lib\site-packages\requests\models.py", line 1026, in raise_for_status
    raise HTTPError(http_error_msg, response=self)
requests.exceptions.HTTPError: 401 Client Error: Unauthorized for url: https://fvkvfekzoebcolssnteo.supabase.co/rest/v1/financials?on_conflict=ticker%2Cperiod%2Cquarter

[17:53:48] [Phase5] financials batch 例外:
Traceback (most recent call last):
  File "C:\Users\takuy\OneDrive\tdnet-excel-input\tools\sqlite_to_supabase.py", line 1135, in push_sqlite_to_supabase
    api.upsert_batch_fast(
  File "C:\Users\takuy\OneDrive\tdnet-excel-input\tools\sqlite_to_supabase.py", line 474, in upsert_batch_fast
    self._request(
  File "C:\Users\takuy\OneDrive\tdnet-excel-input\tools\sqlite_to_supabase.py", line 394, in _request
    r.raise_for_status()
  File "C:\Users\takuy\OneDrive\tdnet-excel-input\.venv\Lib\site-packages\requests\models.py", line 1026, in raise_for_status
    raise HTTPError(http_error_msg, response=self)
requests.exceptions.HTTPError: 401 Client Error: Unauthorized for url: https://fvkvfekzoebcolssnteo.supabase.co/rest/v1/financials?on_conflict=ticker%2Cperiod%2Cquarter

[17:53:48] [Phase5] financials batch 例外:
Traceback (most recent call last):
  File "C:\Users\takuy\OneDrive\tdnet-excel-input\tools\sqlite_to_supabase.py", line 1135, in push_sqlite_to_supabase
    api.upsert_batch_fast(
  File "C:\Users\takuy\OneDrive\tdnet-excel-input\tools\sqlite_to_supabase.py", line 474, in upsert_batch_fast
    self._request(
  File "C:\Users\takuy\OneDrive\tdnet-excel-input\tools\sqlite_to_supabase.py", line 394, in _request
    r.raise_for_status()
  File "C:\Users\takuy\OneDrive\tdnet-excel-input\.venv\Lib\site-packages\requests\models.py", line 1026, in raise_for_status
    raise HTTPError(http_error_msg, response=self)
requests.exceptions.HTTPError: 401 Client Error: Unauthorized for url: https://fvkvfekzoebcolssnteo.supabase.co/rest/v1/financials?on_conflict=ticker%2Cperiod%2Cquarter

[17:53:48] [Phase5] financials batch 例外:
Traceback (most recent call last):
  File "C:\Users\takuy\OneDrive\tdnet-excel-input\tools\sqlite_to_supabase.py", line 1135, in push_sqlite_to_supabase
    api.upsert_batch_fast(
  File "C:\Users\takuy\OneDrive\tdnet-excel-input\tools\sqlite_to_supabase.py", line 474, in upsert_batch_fast
    self._request(
  File "C:\Users\takuy\OneDrive\tdnet-excel-input\tools\sqlite_to_supabase.py", line 394, in _request
    r.raise_for_status()
  File "C:\Users\takuy\OneDrive\tdnet-excel-input\.venv\Lib\site-packages\requests\models.py", line 1026, in raise_for_status
    raise HTTPError(http_error_msg, response=self)
requests.exceptions.HTTPError: 401 Client Error: Unauthorized for url: https://fvkvfekzoebcolssnteo.supabase.co/rest/v1/financials?on_conflict=ticker%2Cperiod%2Cquarter

[17:53:48] [Phase5] financials batch 例外:
Traceback (most recent call last):
  File "C:\Users\takuy\OneDrive\tdnet-excel-input\tools\sqlite_to_supabase.py", line 1135, in push_sqlite_to_supabase
    api.upsert_batch_fast(
  File "C:\Users\takuy\OneDrive\tdnet-excel-input\tools\sqlite_to_supabase.py", line 474, in upsert_batch_fast
    self._request(
  File "C:\Users\takuy\OneDrive\tdnet-excel-input\tools\sqlite_to_supabase.py", line 394, in _request
    r.raise_for_status()
  File "C:\Users\takuy\OneDrive\tdnet-excel-input\.venv\Lib\site-packages\requests\models.py", line 1026, in raise_for_status
    raise HTTPError(http_error_msg, response=self)
requests.exceptions.HTTPError: 401 Client Error: Unauthorized for url: https://fvkvfekzoebcolssnteo.supabase.co/rest/v1/financials?on_conflict=ticker%2Cperiod%2Cquarter

[17:53:48] [Phase5] financials batch 例外:
Traceback (most recent call last):
  File "C:\Users\takuy\OneDrive\tdnet-excel-input\tools\sqlite_to_supabase.py", line 1135, in push_sqlite_to_supabase
    api.upsert_batch_fast(
  File "C:\Users\takuy\OneDrive\tdnet-excel-input\tools\sqlite_to_supabase.py", line 474, in upsert_batch_fast
    self._request(
  File "C:\Users\takuy\OneDrive\tdnet-excel-input\tools\sqlite_to_supabase.py", line 394, in _request
    r.raise_for_status()
  File "C:\Users\takuy\OneDrive\tdnet-excel-input\.venv\Lib\site-packages\requests\models.py", line 1026, in raise_for_status
    raise HTTPError(http_error_msg, response=self)
requests.exceptions.HTTPError: 401 Client Error: Unauthorized for url: https://fvkvfekzoebcolssnteo.supabase.co/rest/v1/financials?on_conflict=ticker%2Cperiod%2Cquarter

[17:53:49] [Phase5] financials batch 例外:
Traceback (most recent call last):
  File "C:\Users\takuy\OneDrive\tdnet-excel-input\tools\sqlite_to_supabase.py", line 1135, in push_sqlite_to_supabase
    api.upsert_batch_fast(
  File "C:\Users\takuy\OneDrive\tdnet-excel-input\tools\sqlite_to_supabase.py", line 474, in upsert_batch_fast
    self._request(
  File "C:\Users\takuy\OneDrive\tdnet-excel-input\tools\sqlite_to_supabase.py", line 394, in _request
    r.raise_for_status()
  File "C:\Users\takuy\OneDrive\tdnet-excel-input\.venv\Lib\site-packages\requests\models.py", line 1026, in raise_for_status
    raise HTTPError(http_error_msg, response=self)
requests.exceptions.HTTPError: 401 Client Error: Unauthorized for url: https://fvkvfekzoebcolssnteo.supabase.co/rest/v1/financials?on_conflict=ticker%2Cperiod%2Cquarter

[17:53:49] [Phase5] financials batch 例外:
Traceback (most recent call last):
  File "C:\Users\takuy\OneDrive\tdnet-excel-input\tools\sqlite_to_supabase.py", line 1135, in push_sqlite_to_supabase
    api.upsert_batch_fast(
  File "C:\Users\takuy\OneDrive\tdnet-excel-input\tools\sqlite_to_supabase.py", line 474, in upsert_batch_fast
    self._request(
  File "C:\Users\takuy\OneDrive\tdnet-excel-input\tools\sqlite_to_supabase.py", line 394, in _request
    r.raise_for_status()
  File "C:\Users\takuy\OneDrive\tdnet-excel-input\.venv\Lib\site-packages\requests\models.py", line 1026, in raise_for_status
    raise HTTPError(http_error_msg, response=self)
requests.exceptions.HTTPError: 401 Client Error: Unauthorized for url: https://fvkvfekzoebcolssnteo.supabase.co/rest/v1/financials?on_conflict=ticker%2Cperiod%2Cquarter

[17:53:49] [Phase5] financials batch 例外:
Traceback (most recent call last):
  File "C:\Users\takuy\OneDrive\tdnet-excel-input\tools\sqlite_to_supabase.py", line 1135, in push_sqlite_to_supabase
    api.upsert_batch_fast(
  File "C:\Users\takuy\OneDrive\tdnet-excel-input\tools\sqlite_to_supabase.py", line 474, in upsert_batch_fast
    self._request(
  File "C:\Users\takuy\OneDrive\tdnet-excel-input\tools\sqlite_to_supabase.py", line 394, in _request
    r.raise_for_status()
  File "C:\Users\takuy\OneDrive\tdnet-excel-input\.venv\Lib\site-packages\requests\models.py", line 1026, in raise_for_status
    raise HTTPError(http_error_msg, response=self)
requests.exceptions.HTTPError: 401 Client Error: Unauthorized for url: https://fvkvfekzoebcolssnteo.supabase.co/rest/v1/financials?on_conflict=ticker%2Cperiod%2Cquarter

[17:53:49] [Phase5] financials batch 例外:
Traceback (most recent call last):
  File "C:\Users\takuy\OneDrive\tdnet-excel-input\tools\sqlite_to_supabase.py", line 1135, in push_sqlite_to_supabase
    api.upsert_batch_fast(
  File "C:\Users\takuy\OneDrive\tdnet-excel-input\tools\sqlite_to_supabase.py", line 474, in upsert_batch_fast
    self._request(
  File "C:\Users\takuy\OneDrive\tdnet-excel-input\tools\sqlite_to_supabase.py", line 394, in _request
    r.raise_for_status()
  File "C:\Users\takuy\OneDrive\tdnet-excel-input\.venv\Lib\site-packages\requests\models.py", line 1026, in raise_for_status
    raise HTTPError(http_error_msg, response=self)
requests.exceptions.HTTPError: 401 Client Error: Unauthorized for url: https://fvkvfekzoebcolssnteo.supabase.co/rest/v1/financials?on_conflict=ticker%2Cperiod%2Cquarter

[17:53:49] [Phase5] financials batch 例外:
Traceback (most recent call last):
  File "C:\Users\takuy\OneDrive\tdnet-excel-input\tools\sqlite_to_supabase.py", line 1135, in push_sqlite_to_supabase
    api.upsert_batch_fast(
  File "C:\Users\takuy\OneDrive\tdnet-excel-input\tools\sqlite_to_supabase.py", line 474, in upsert_batch_fast
    self._request(
  File "C:\Users\takuy\OneDrive\tdnet-excel-input\tools\sqlite_to_supabase.py", line 394, in _request
    r.raise_for_status()
  File "C:\Users\takuy\OneDrive\tdnet-excel-input\.venv\Lib\site-packages\requests\models.py", line 1026, in raise_for_status
    raise HTTPError(http_error_msg, response=self)
requests.exceptions.HTTPError: 401 Client Error: Unauthorized for url: https://fvkvfekzoebcolssnteo.supabase.co/rest/v1/financials?on_conflict=ticker%2Cperiod%2Cquarter

[17:53:49] [Phase5] financials batch 例外:
Traceback (most recent call last):
  File "C:\Users\takuy\OneDrive\tdnet-excel-input\tools\sqlite_to_supabase.py", line 1135, in push_sqlite_to_supabase
    api.upsert_batch_fast(
  File "C:\Users\takuy\OneDrive\tdnet-excel-input\tools\sqlite_to_supabase.py", line 474, in upsert_batch_fast
    self._request(
  File "C:\Users\takuy\OneDrive\tdnet-excel-input\tools\sqlite_to_supabase.py", line 394, in _request
    r.raise_for_status()
  File "C:\Users\takuy\OneDrive\tdnet-excel-input\.venv\Lib\site-packages\requests\models.py", line 1026, in raise_for_status
    raise HTTPError(http_error_msg, response=self)
requests.exceptions.HTTPError: 401 Client Error: Unauthorized for url: https://fvkvfekzoebcolssnteo.supabase.co/rest/v1/financials?on_conflict=ticker%2Cperiod%2Cquarter

[17:53:49] [Phase5] financials batch 例外:
Traceback (most recent call last):
  File "C:\Users\takuy\OneDrive\tdnet-excel-input\tools\sqlite_to_supabase.py", line 1135, in push_sqlite_to_supabase
    api.upsert_batch_fast(
  File "C:\Users\takuy\OneDrive\tdnet-excel-input\tools\sqlite_to_supabase.py", line 474, in upsert_batch_fast
    self._request(
  File "C:\Users\takuy\OneDrive\tdnet-excel-input\tools\sqlite_to_supabase.py", line 394, in _request
    r.raise_for_status()
  File "C:\Users\takuy\OneDrive\tdnet-excel-input\.venv\Lib\site-packages\requests\models.py", line 1026, in raise_for_status
    raise HTTPError(http_error_msg, response=self)
requests.exceptions.HTTPError: 401 Client Error: Unauthorized for url: https://fvkvfekzoebcolssnteo.supabase.co/rest/v1/financials?on_conflict=ticker%2Cperiod%2Cquarter

[17:53:49] [Phase5] financials batch 例外:
Traceback (most recent call last):
  File "C:\Users\takuy\OneDrive\tdnet-excel-input\tools\sqlite_to_supabase.py", line 1135, in push_sqlite_to_supabase
    api.upsert_batch_fast(
  File "C:\Users\takuy\OneDrive\tdnet-excel-input\tools\sqlite_to_supabase.py", line 474, in upsert_batch_fast
    self._request(
  File "C:\Users\takuy\OneDrive\tdnet-excel-input\tools\sqlite_to_supabase.py", line 394, in _request
    r.raise_for_status()
  File "C:\Users\takuy\OneDrive\tdnet-excel-input\.venv\Lib\site-packages\requests\models.py", line 1026, in raise_for_status
    raise HTTPError(http_error_msg, response=self)
requests.exceptions.HTTPError: 401 Client Error: Unauthorized for url: https://fvkvfekzoebcolssnteo.supabase.co/rest/v1/financials?on_conflict=ticker%2Cperiod%2Cquarter

[17:53:50] [Phase5] financials batch 例外:
Traceback (most recent call last):
  File "C:\Users\takuy\OneDrive\tdnet-excel-input\tools\sqlite_to_supabase.py", line 1135, in push_sqlite_to_supabase
    api.upsert_batch_fast(
  File "C:\Users\takuy\OneDrive\tdnet-excel-input\tools\sqlite_to_supabase.py", line 474, in upsert_batch_fast
    self._request(
  File "C:\Users\takuy\OneDrive\tdnet-excel-input\tools\sqlite_to_supabase.py", line 394, in _request
    r.raise_for_status()
  File "C:\Users\takuy\OneDrive\tdnet-excel-input\.venv\Lib\site-packages\requests\models.py", line 1026, in raise_for_status
    raise HTTPError(http_error_msg, response=self)
requests.exceptions.HTTPError: 401 Client Error: Unauthorized for url: https://fvkvfekzoebcolssnteo.supabase.co/rest/v1/financials?on_conflict=ticker%2Cperiod%2Cquarter

[17:53:50] [Phase5] financials batch 例外:
Traceback (most recent call last):
  File "C:\Users\takuy\OneDrive\tdnet-excel-input\tools\sqlite_to_supabase.py", line 1135, in push_sqlite_to_supabase
    api.upsert_batch_fast(
  File "C:\Users\takuy\OneDrive\tdnet-excel-input\tools\sqlite_to_supabase.py", line 474, in upsert_batch_fast
    self._request(
  File "C:\Users\takuy\OneDrive\tdnet-excel-input\tools\sqlite_to_supabase.py", line 394, in _request
    r.raise_for_status()
  File "C:\Users\takuy\OneDrive\tdnet-excel-input\.venv\Lib\site-packages\requests\models.py", line 1026, in raise_for_status
    raise HTTPError(http_error_msg, response=self)
requests.exceptions.HTTPError: 401 Client Error: Unauthorized for url: https://fvkvfekzoebcolssnteo.supabase.co/rest/v1/financials?on_conflict=ticker%2Cperiod%2Cquarter

[17:53:50] [Phase5] financials batch 例外:
Traceback (most recent call last):
  File "C:\Users\takuy\OneDrive\tdnet-excel-input\tools\sqlite_to_supabase.py", line 1135, in push_sqlite_to_supabase
    api.upsert_batch_fast(
  File "C:\Users\takuy\OneDrive\tdnet-excel-input\tools\sqlite_to_supabase.py", line 474, in upsert_batch_fast
    self._request(
  File "C:\Users\takuy\OneDrive\tdnet-excel-input\tools\sqlite_to_supabase.py", line 394, in _request
    r.raise_for_status()
  File "C:\Users\takuy\OneDrive\tdnet-excel-input\.venv\Lib\site-packages\requests\models.py", line 1026, in raise_for_status
    raise HTTPError(http_error_msg, response=self)
requests.exceptions.HTTPError: 401 Client Error: Unauthorized for url: https://fvkvfekzoebcolssnteo.supabase.co/rest/v1/financials?on_conflict=ticker%2Cperiod%2Cquarter

[17:53:50] [Phase5] financials batch 例外:
Traceback (most recent call last):
  File "C:\Users\takuy\OneDrive\tdnet-excel-input\tools\sqlite_to_supabase.py", line 1135, in push_sqlite_to_supabase
    api.upsert_batch_fast(
  File "C:\Users\takuy\OneDrive\tdnet-excel-input\tools\sqlite_to_supabase.py", line 474, in upsert_batch_fast
    self._request(
  File "C:\Users\takuy\OneDrive\tdnet-excel-input\tools\sqlite_to_supabase.py", line 394, in _request
    r.raise_for_status()
  File "C:\Users\takuy\OneDrive\tdnet-excel-input\.venv\Lib\site-packages\requests\models.py", line 1026, in raise_for_status
    raise HTTPError(http_error_msg, response=self)
requests.exceptions.HTTPError: 401 Client Error: Unauthorized for url: https://fvkvfekzoebcolssnteo.supabase.co/rest/v1/financials?on_conflict=ticker%2Cperiod%2Cquarter

[17:53:50] [Phase5] financials batch 例外:
Traceback (most recent call last):
  File "C:\Users\takuy\OneDrive\tdnet-excel-input\tools\sqlite_to_supabase.py", line 1135, in push_sqlite_to_supabase
    api.upsert_batch_fast(
  File "C:\Users\takuy\OneDrive\tdnet-excel-input\tools\sqlite_to_supabase.py", line 474, in upsert_batch_fast
    self._request(
  File "C:\Users\takuy\OneDrive\tdnet-excel-input\tools\sqlite_to_supabase.py", line 394, in _request
    r.raise_for_status()
  File "C:\Users\takuy\OneDrive\tdnet-excel-input\.venv\Lib\site-packages\requests\models.py", line 1026, in raise_for_status
    raise HTTPError(http_error_msg, response=self)
requests.exceptions.HTTPError: 401 Client Error: Unauthorized for url: https://fvkvfekzoebcolssnteo.supabase.co/rest/v1/financials?on_conflict=ticker%2Cperiod%2Cquarter

[17:53:50] [Phase5] financials batch 例外:
Traceback (most recent call last):
  File "C:\Users\takuy\OneDrive\tdnet-excel-input\tools\sqlite_to_supabase.py", line 1135, in push_sqlite_to_supabase
    api.upsert_batch_fast(
  File "C:\Users\takuy\OneDrive\tdnet-excel-input\tools\sqlite_to_supabase.py", line 474, in upsert_batch_fast
    self._request(
  File "C:\Users\takuy\OneDrive\tdnet-excel-input\tools\sqlite_to_supabase.py", line 394, in _request
    r.raise_for_status()
  File "C:\Users\takuy\OneDrive\tdnet-excel-input\.venv\Lib\site-packages\requests\models.py", line 1026, in raise_for_status
    raise HTTPError(http_error_msg, response=self)
requests.exceptions.HTTPError: 401 Client Error: Unauthorized for url: https://fvkvfekzoebcolssnteo.supabase.co/rest/v1/financials?on_conflict=ticker%2Cperiod%2Cquarter

[17:53:50] [Phase5] financials batch 例外:
Traceback (most recent call last):
  File "C:\Users\takuy\OneDrive\tdnet-excel-input\tools\sqlite_to_supabase.py", line 1135, in push_sqlite_to_supabase
    api.upsert_batch_fast(
  File "C:\Users\takuy\OneDrive\tdnet-excel-input\tools\sqlite_to_supabase.py", line 474, in upsert_batch_fast
    self._request(
  File "C:\Users\takuy\OneDrive\tdnet-excel-input\tools\sqlite_to_supabase.py", line 394, in _request
    r.raise_for_status()
  File "C:\Users\takuy\OneDrive\tdnet-excel-input\.venv\Lib\site-packages\requests\models.py", line 1026, in raise_for_status
    raise HTTPError(http_error_msg, response=self)
requests.exceptions.HTTPError: 401 Client Error: Unauthorized for url: https://fvkvfekzoebcolssnteo.supabase.co/rest/v1/financials?on_conflict=ticker%2Cperiod%2Cquarter

[17:53:50] [Phase5] financials batch 例外:
Traceback (most recent call last):
  File "C:\Users\takuy\OneDrive\tdnet-excel-input\tools\sqlite_to_supabase.py", line 1135, in push_sqlite_to_supabase
    api.upsert_batch_fast(
  File "C:\Users\takuy\OneDrive\tdnet-excel-input\tools\sqlite_to_supabase.py", line 474, in upsert_batch_fast
    self._request(
  File "C:\Users\takuy\OneDrive\tdnet-excel-input\tools\sqlite_to_supabase.py", line 394, in _request
    r.raise_for_status()
  File "C:\Users\takuy\OneDrive\tdnet-excel-input\.venv\Lib\site-packages\requests\models.py", line 1026, in raise_for_status
    raise HTTPError(http_error_msg, response=self)
requests.exceptions.HTTPError: 401 Client Error: Unauthorized for url: https://fvkvfekzoebcolssnteo.supabase.co/rest/v1/financials?on_conflict=ticker%2Cperiod%2Cquarter

[17:53:51] [Phase5] financials batch 例外:
Traceback (most recent call last):
  File "C:\Users\takuy\OneDrive\tdnet-excel-input\tools\sqlite_to_supabase.py", line 1135, in push_sqlite_to_supabase
    api.upsert_batch_fast(
  File "C:\Users\takuy\OneDrive\tdnet-excel-input\tools\sqlite_to_supabase.py", line 474, in upsert_batch_fast
    self._request(
  File "C:\Users\takuy\OneDrive\tdnet-excel-input\tools\sqlite_to_supabase.py", line 394, in _request
    r.raise_for_status()
  File "C:\Users\takuy\OneDrive\tdnet-excel-input\.venv\Lib\site-packages\requests\models.py", line 1026, in raise_for_status
    raise HTTPError(http_error_msg, response=self)
requests.exceptions.HTTPError: 401 Client Error: Unauthorized for url: https://fvkvfekzoebcolssnteo.supabase.co/rest/v1/financials?on_conflict=ticker%2Cperiod%2Cquarter

[17:53:51] [Phase5] financials batch 例外:
Traceback (most recent call last):
  File "C:\Users\takuy\OneDrive\tdnet-excel-input\tools\sqlite_to_supabase.py", line 1135, in push_sqlite_to_supabase
    api.upsert_batch_fast(
  File "C:\Users\takuy\OneDrive\tdnet-excel-input\tools\sqlite_to_supabase.py", line 474, in upsert_batch_fast
    self._request(
  File "C:\Users\takuy\OneDrive\tdnet-excel-input\tools\sqlite_to_supabase.py", line 394, in _request
    r.raise_for_status()
  File "C:\Users\takuy\OneDrive\tdnet-excel-input\.venv\Lib\site-packages\requests\models.py", line 1026, in raise_for_status
    raise HTTPError(http_error_msg, response=self)
requests.exceptions.HTTPError: 401 Client Error: Unauthorized for url: https://fvkvfekzoebcolssnteo.supabase.co/rest/v1/financials?on_conflict=ticker%2Cperiod%2Cquarter

[17:53:51] [Phase5] financials batch 例外:
Traceback (most recent call last):
  File "C:\Users\takuy\OneDrive\tdnet-excel-input\tools\sqlite_to_supabase.py", line 1135, in push_sqlite_to_supabase
    api.upsert_batch_fast(
  File "C:\Users\takuy\OneDrive\tdnet-excel-input\tools\sqlite_to_supabase.py", line 474, in upsert_batch_fast
    self._request(
  File "C:\Users\takuy\OneDrive\tdnet-excel-input\tools\sqlite_to_supabase.py", line 394, in _request
    r.raise_for_status()
  File "C:\Users\takuy\OneDrive\tdnet-excel-input\.venv\Lib\site-packages\requests\models.py", line 1026, in raise_for_status
    raise HTTPError(http_error_msg, response=self)
requests.exceptions.HTTPError: 401 Client Error: Unauthorized for url: https://fvkvfekzoebcolssnteo.supabase.co/rest/v1/financials?on_conflict=ticker%2Cperiod%2Cquarter

[17:53:51] [Phase5] financials batch 例外:
Traceback (most recent call last):
  File "C:\Users\takuy\OneDrive\tdnet-excel-input\tools\sqlite_to_supabase.py", line 1135, in push_sqlite_to_supabase
    api.upsert_batch_fast(
  File "C:\Users\takuy\OneDrive\tdnet-excel-input\tools\sqlite_to_supabase.py", line 474, in upsert_batch_fast
    self._request(
  File "C:\Users\takuy\OneDrive\tdnet-excel-input\tools\sqlite_to_supabase.py", line 394, in _request
    r.raise_for_status()
  File "C:\Users\takuy\OneDrive\tdnet-excel-input\.venv\Lib\site-packages\requests\models.py", line 1026, in raise_for_status
    raise HTTPError(http_error_msg, response=self)
requests.exceptions.HTTPError: 401 Client Error: Unauthorized for url: https://fvkvfekzoebcolssnteo.supabase.co/rest/v1/financials?on_conflict=ticker%2Cperiod%2Cquarter

[17:53:51] [Phase5] financials batch 例外:
Traceback (most recent call last):
  File "C:\Users\takuy\OneDrive\tdnet-excel-input\tools\sqlite_to_supabase.py", line 1135, in push_sqlite_to_supabase
    api.upsert_batch_fast(
  File "C:\Users\takuy\OneDrive\tdnet-excel-input\tools\sqlite_to_supabase.py", line 474, in upsert_batch_fast
    self._request(
  File "C:\Users\takuy\OneDrive\tdnet-excel-input\tools\sqlite_to_supabase.py", line 394, in _request
    r.raise_for_status()
  File "C:\Users\takuy\OneDrive\tdnet-excel-input\.venv\Lib\site-packages\requests\models.py", line 1026, in raise_for_status
    raise HTTPError(http_error_msg, response=self)
requests.exceptions.HTTPError: 401 Client Error: Unauthorized for url: https://fvkvfekzoebcolssnteo.supabase.co/rest/v1/financials?on_conflict=ticker%2Cperiod%2Cquarter

[17:53:51] [Phase5] financials batch 例外:
Traceback (most recent call last):
  File "C:\Users\takuy\OneDrive\tdnet-excel-input\tools\sqlite_to_supabase.py", line 1135, in push_sqlite_to_supabase
    api.upsert_batch_fast(
  File "C:\Users\takuy\OneDrive\tdnet-excel-input\tools\sqlite_to_supabase.py", line 474, in upsert_batch_fast
    self._request(
  File "C:\Users\takuy\OneDrive\tdnet-excel-input\tools\sqlite_to_supabase.py", line 394, in _request
    r.raise_for_status()
  File "C:\Users\takuy\OneDrive\tdnet-excel-input\.venv\Lib\site-packages\requests\models.py", line 1026, in raise_for_status
    raise HTTPError(http_error_msg, response=self)
requests.exceptions.HTTPError: 401 Client Error: Unauthorized for url: https://fvkvfekzoebcolssnteo.supabase.co/rest/v1/financials?on_conflict=ticker%2Cperiod%2Cquarter

[17:53:51] [Phase5] financials batch 例外:
Traceback (most recent call last):
  File "C:\Users\takuy\OneDrive\tdnet-excel-input\tools\sqlite_to_supabase.py", line 1135, in push_sqlite_to_supabase
    api.upsert_batch_fast(
  File "C:\Users\takuy\OneDrive\tdnet-excel-input\tools\sqlite_to_supabase.py", line 474, in upsert_batch_fast
    self._request(
  File "C:\Users\takuy\OneDrive\tdnet-excel-input\tools\sqlite_to_supabase.py", line 394, in _request
    r.raise_for_status()
  File "C:\Users\takuy\OneDrive\tdnet-excel-input\.venv\Lib\site-packages\requests\models.py", line 1026, in raise_for_status
    raise HTTPError(http_error_msg, response=self)
requests.exceptions.HTTPError: 401 Client Error: Unauthorized for url: https://fvkvfekzoebcolssnteo.supabase.co/rest/v1/financials?on_conflict=ticker%2Cperiod%2Cquarter

[17:53:51] [FINANCIALS] scanned=91651 built=66094 inserted=0 skipped_existing=0 skipped_invalid=0
[17:53:51] [PUSH] 全完了 (144.6秒): companies=2777 periods=91651 disclosures=1 facts=183432 sanitized=20 financials_inserted=0 errors=66094

=======================================================
  SQLite → Supabase push (バッチ版)
=======================================================
  DB         : C:\Users\takuy\OneDrive\tdnet-excel-input\decision_db.db
  batch_size : 500

=======================================================
  ✅ push 完了
=======================================================
  SQLite総行数       : 91651
  今回対象           : 91651
  companies upsert   : 2777
  periods upsert     : 91651
  disclosures upsert : 1
  facts push         : 183432
  値サニタイズ       : 20
  financials insert  : 0
  financials skip    : 0
  エラー             : 66094
  quarantine DB      : C:\Users\takuy\OneDrive\tdnet-excel-input\data/quarantine.db
=======================================================

[Step 3/8] jquants sync... 
2026-03-09 17:53:52,259 INFO [sync_financials] === sync_financials START ===
2026-03-09 17:53:52,259 INFO [sync_financials]   mode:       APPLY (�{�Ԕ��f)
2026-03-09 17:53:52,259 INFO [sync_financials]   scope:      RECENT 30��
2026-03-09 17:53:52,260 INFO [sync_financials]   sqlite:     C:\Users\takuy\OneDrive\tdnet-excel-input\data\jquants.db
2026-03-09 17:53:52,260 INFO [sync_financials]   table:      financials
2026-03-09 17:53:52,260 INFO [sync_financials]   limit:      ������
2026-03-09 17:53:52,260 INFO [sync_financials]   batch-size: 500
2026-03-09 17:53:52,260 INFO [sync_financials]   log:        C:\Users\takuy\OneDrive\tdnet-excel-input\logs\sync_financials_apply_recent30d_20260309_175352.log
2026-03-09 17:53:52,268 INFO [sync_financials] [SQLite] ���f�[�^: 87,157 rows / 3,820 codes
2026-03-09 17:53:52,268 INFO [sync_financials] [SQLite] �������[�h: fetched_at >= 2026-02-07 17:53:52 (����30��)
2026-03-09 17:53:52,636 INFO [sync_financials] [SQLite] �d���r����: 72,490 rows
2026-03-09 17:53:52,643 INFO [sync_financials] [SYNC] quarter ���z: {"1Q": 17819, "2Q": 17771, "3Q": 17832, "4Q": 13, "FY": 19055}
2026-03-09 17:53:52,643 INFO [sync_financials] [SYNC] �J�n: 72,490 rows �� financials (145 batches �~ 500)
--- Logging error ---
Traceback (most recent call last):
  File "C:\Users\takuy\OneDrive\tdnet-excel-input\tools\sync_financials.py", line 96, in _request
    r.raise_for_status()
  File "C:\Users\takuy\OneDrive\tdnet-excel-input\.venv\Lib\site-packages\requests\models.py", line 1026, in raise_for_status
    raise HTTPError(http_error_msg, response=self)
requests.exceptions.HTTPError: 401 Client Error: Unauthorized for url: https://fvkvfekzoebcolssnteo.supabase.co/rest/v1/financials?on_conflict=ticker%2Cperiod%2Cquarter

During handling of the above exception, another exception occurred:

Traceback (most recent call last):
  File "C:\Users\takuy\AppData\Roaming\uv\python\cpython-3.11-windows-x86_64-none\Lib\logging\__init__.py", line 1113, in emit
    stream.write(msg + self.terminator)
UnicodeEncodeError: 'cp932' codec can't encode character '\u2014' in position 61: illegal multibyte sequence
Call stack:
  File "C:\Users\takuy\OneDrive\tdnet-excel-input\tools\sync_financials.py", line 538, in <module>
    main()
  File "C:\Users\takuy\OneDrive\tdnet-excel-input\tools\sync_financials.py", line 512, in main
    stats = sync(
  File "C:\Users\takuy\OneDrive\tdnet-excel-input\tools\sync_financials.py", line 348, in sync
    n = api.upsert_batch(table, chunk, on_conflict="ticker,period,quarter")
  File "C:\Users\takuy\OneDrive\tdnet-excel-input\tools\sync_financials.py", line 139, in upsert_batch
    self._request(
  File "C:\Users\takuy\OneDrive\tdnet-excel-input\tools\sync_financials.py", line 123, in _request
    logger.error(
Message: '[API] HTTP 0 \u2014 ���g���C�s��\n  ���X�|���X: {"code":"42501","details":null,"hint":null,"message":"new row violates row-level security policy for table \\"financials\\""}'
Arguments: ()
--- Logging error ---
Traceback (most recent call last):
  File "C:\Users\takuy\OneDrive\tdnet-excel-input\tools\sync_financials.py", line 348, in sync
    n = api.upsert_batch(table, chunk, on_conflict="ticker,period,quarter")
        ^^^^^^^^^^^^^^^^^^^^^^^^^^^^^^^^^^^^^^^^^^^^^^^^^^^^^^^^^^^^^^^^^^^
  File "C:\Users\takuy\OneDrive\tdnet-excel-input\tools\sync_financials.py", line 139, in upsert_batch
    self._request(
  File "C:\Users\takuy\OneDrive\tdnet-excel-input\tools\sync_financials.py", line 96, in _request
    r.raise_for_status()
  File "C:\Users\takuy\OneDrive\tdnet-excel-input\.venv\Lib\site-packages\requests\models.py", line 1026, in raise_for_status
    raise HTTPError(http_error_msg, response=self)
requests.exceptions.HTTPError: 401 Client Error: Unauthorized for url: https://fvkvfekzoebcolssnteo.supabase.co/rest/v1/financials?on_conflict=ticker%2Cperiod%2Cquarter

During handling of the above exception, another exception occurred:

Traceback (most recent call last):
  File "C:\Users\takuy\AppData\Roaming\uv\python\cpython-3.11-windows-x86_64-none\Lib\logging\__init__.py", line 1113, in emit
    stream.write(msg + self.terminator)
UnicodeEncodeError: 'cp932' codec can't encode character '\u2014' in position 70: illegal multibyte sequence
Call stack:
  File "C:\Users\takuy\OneDrive\tdnet-excel-input\tools\sync_financials.py", line 538, in <module>
    main()
  File "C:\Users\takuy\OneDrive\tdnet-excel-input\tools\sync_financials.py", line 512, in main
    stats = sync(
  File "C:\Users\takuy\OneDrive\tdnet-excel-input\tools\sync_financials.py", line 360, in sync
    logger.error(
Message: "  batch 1/145: FAILED \u2014 401 Client Error: Unauthorized for url: https://fvkvfekzoebcolssnteo.supabase.co/rest/v1/financials?on_conflict=ticker%2Cperiod%2Cquarter\n  (�擪�s: {'ticker': '13010', 'period': '2021-03-31', 'quarter': 'FY', 'sales': 249197000000, 'gross_profit': 25576000000, 'operating_profit': 4657000000, 'source': 'jquants', 'updated_at': '2026-03-09T17:53:52.606130+09:00'})"
Arguments: ()
--- Logging error ---
Traceback (most recent call last):
  File "C:\Users\takuy\OneDrive\tdnet-excel-input\tools\sync_financials.py", line 96, in _request
    r.raise_for_status()
  File "C:\Users\takuy\OneDrive\tdnet-excel-input\.venv\Lib\site-packages\requests\models.py", line 1026, in raise_for_status
    raise HTTPError(http_error_msg, response=self)
requests.exceptions.HTTPError: 401 Client Error: Unauthorized for url: https://fvkvfekzoebcolssnteo.supabase.co/rest/v1/financials?on_conflict=ticker%2Cperiod%2Cquarter

During handling of the above exception, another exception occurred:

Traceback (most recent call last):
  File "C:\Users\takuy\AppData\Roaming\uv\python\cpython-3.11-windows-x86_64-none\Lib\logging\__init__.py", line 1113, in emit
    stream.write(msg + self.terminator)
UnicodeEncodeError: 'cp932' codec can't encode character '\u2014' in position 61: illegal multibyte sequence
Call stack:
  File "C:\Users\takuy\OneDrive\tdnet-excel-input\tools\sync_financials.py", line 538, in <module>
    main()
  File "C:\Users\takuy\OneDrive\tdnet-excel-input\tools\sync_financials.py", line 512, in main
    stats = sync(
  File "C:\Users\takuy\OneDrive\tdnet-excel-input\tools\sync_financials.py", line 348, in sync
    n = api.upsert_batch(table, chunk, on_conflict="ticker,period,quarter")
  File "C:\Users\takuy\OneDrive\tdnet-excel-input\tools\sync_financials.py", line 139, in upsert_batch
    self._request(
  File "C:\Users\takuy\OneDrive\tdnet-excel-input\tools\sync_financials.py", line 123, in _request
    logger.error(
Message: '[API] HTTP 0 \u2014 ���g���C�s��\n  ���X�|���X: {"code":"42501","details":null,"hint":null,"message":"new row violates row-level security policy for table \\"financials\\""}'
Arguments: ()
--- Logging error ---
Traceback (most recent call last):
  File "C:\Users\takuy\OneDrive\tdnet-excel-input\tools\sync_financials.py", line 348, in sync
    n = api.upsert_batch(table, chunk, on_conflict="ticker,period,quarter")
        ^^^^^^^^^^^^^^^^^^^^^^^^^^^^^^^^^^^^^^^^^^^^^^^^^^^^^^^^^^^^^^^^^^^
  File "C:\Users\takuy\OneDrive\tdnet-excel-input\tools\sync_financials.py", line 139, in upsert_batch
    self._request(
  File "C:\Users\takuy\OneDrive\tdnet-excel-input\tools\sync_financials.py", line 96, in _request
    r.raise_for_status()
  File "C:\Users\takuy\OneDrive\tdnet-excel-input\.venv\Lib\site-packages\requests\models.py", line 1026, in raise_for_status
    raise HTTPError(http_error_msg, response=self)
requests.exceptions.HTTPError: 401 Client Error: Unauthorized for url: https://fvkvfekzoebcolssnteo.supabase.co/rest/v1/financials?on_conflict=ticker%2Cperiod%2Cquarter

During handling of the above exception, another exception occurred:

Traceback (most recent call last):
  File "C:\Users\takuy\AppData\Roaming\uv\python\cpython-3.11-windows-x86_64-none\Lib\logging\__init__.py", line 1113, in emit
    stream.write(msg + self.terminator)
UnicodeEncodeError: 'cp932' codec can't encode character '\u2014' in position 70: illegal multibyte sequence
Call stack:
  File "C:\Users\takuy\OneDrive\tdnet-excel-input\tools\sync_financials.py", line 538, in <module>
    main()
  File "C:\Users\takuy\OneDrive\tdnet-excel-input\tools\sync_financials.py", line 512, in main
    stats = sync(
  File "C:\Users\takuy\OneDrive\tdnet-excel-input\tools\sync_financials.py", line 360, in sync
    logger.error(
Message: "  batch 2/145: FAILED \u2014 401 Client Error: Unauthorized for url: https://fvkvfekzoebcolssnteo.supabase.co/rest/v1/financials?on_conflict=ticker%2Cperiod%2Cquarter\n  (�擪�s: {'ticker': '14330', 'period': '2023-01-31', 'quarter': '3Q', 'sales': 3863000000, 'gross_profit': 656685000, 'operating_profit': 7000000, 'source': 'jquants', 'updated_at': '2026-03-09T17:53:52.606130+09:00'})"
Arguments: ()
--- Logging error ---
Traceback (most recent call last):
  File "C:\Users\takuy\OneDrive\tdnet-excel-input\tools\sync_financials.py", line 96, in _request
    r.raise_for_status()
  File "C:\Users\takuy\OneDrive\tdnet-excel-input\.venv\Lib\site-packages\requests\models.py", line 1026, in raise_for_status
    raise HTTPError(http_error_msg, response=self)
requests.exceptions.HTTPError: 401 Client Error: Unauthorized for url: https://fvkvfekzoebcolssnteo.supabase.co/rest/v1/financials?on_conflict=ticker%2Cperiod%2Cquarter

During handling of the above exception, another exception occurred:

Traceback (most recent call last):
  File "C:\Users\takuy\AppData\Roaming\uv\python\cpython-3.11-windows-x86_64-none\Lib\logging\__init__.py", line 1113, in emit
    stream.write(msg + self.terminator)
UnicodeEncodeError: 'cp932' codec can't encode character '\u2014' in position 61: illegal multibyte sequence
Call stack:
  File "C:\Users\takuy\OneDrive\tdnet-excel-input\tools\sync_financials.py", line 538, in <module>
    main()
  File "C:\Users\takuy\OneDrive\tdnet-excel-input\tools\sync_financials.py", line 512, in main
    stats = sync(
  File "C:\Users\takuy\OneDrive\tdnet-excel-input\tools\sync_financials.py", line 348, in sync
    n = api.upsert_batch(table, chunk, on_conflict="ticker,period,quarter")
  File "C:\Users\takuy\OneDrive\tdnet-excel-input\tools\sync_financials.py", line 139, in upsert_batch
    self._request(
  File "C:\Users\takuy\OneDrive\tdnet-excel-input\tools\sync_financials.py", line 123, in _request
    logger.error(
Message: '[API] HTTP 0 \u2014 ���g���C�s��\n  ���X�|���X: {"code":"42501","details":null,"hint":null,"message":"new row violates row-level security policy for table \\"financials\\""}'
Arguments: ()
--- Logging error ---
Traceback (most recent call last):
  File "C:\Users\takuy\OneDrive\tdnet-excel-input\tools\sync_financials.py", line 348, in sync
    n = api.upsert_batch(table, chunk, on_conflict="ticker,period,quarter")
        ^^^^^^^^^^^^^^^^^^^^^^^^^^^^^^^^^^^^^^^^^^^^^^^^^^^^^^^^^^^^^^^^^^^
  File "C:\Users\takuy\OneDrive\tdnet-excel-input\tools\sync_financials.py", line 139, in upsert_batch
    self._request(
  File "C:\Users\takuy\OneDrive\tdnet-excel-input\tools\sync_financials.py", line 96, in _request
    r.raise_for_status()
  File "C:\Users\takuy\OneDrive\tdnet-excel-input\.venv\Lib\site-packages\requests\models.py", line 1026, in raise_for_status
    raise HTTPError(http_error_msg, response=self)
requests.exceptions.HTTPError: 401 Client Error: Unauthorized for url: https://fvkvfekzoebcolssnteo.supabase.co/rest/v1/financials?on_conflict=ticker%2Cperiod%2Cquarter

During handling of the above exception, another exception occurred:

Traceback (most recent call last):
  File "C:\Users\takuy\AppData\Roaming\uv\python\cpython-3.11-windows-x86_64-none\Lib\logging\__init__.py", line 1113, in emit
    stream.write(msg + self.terminator)
UnicodeEncodeError: 'cp932' codec can't encode character '\u2014' in position 70: illegal multibyte sequence
Call stack:
  File "C:\Users\takuy\OneDrive\tdnet-excel-input\tools\sync_financials.py", line 538, in <module>
    main()
  File "C:\Users\takuy\OneDrive\tdnet-excel-input\tools\sync_financials.py", line 512, in main
    stats = sync(
  File "C:\Users\takuy\OneDrive\tdnet-excel-input\tools\sync_financials.py", line 360, in sync
    logger.error(
Message: "  batch 3/145: FAILED \u2014 401 Client Error: Unauthorized for url: https://fvkvfekzoebcolssnteo.supabase.co/rest/v1/financials?on_conflict=ticker%2Cperiod%2Cquarter\n  (�擪�s: {'ticker': '17160', 'period': '2025-06-30', 'quarter': '2Q', 'sales': 10774000000, 'gross_profit': 3241152000, 'operating_profit': 1202000000, 'source': 'jquants', 'updated_at': '2026-03-09T17:53:52.606130+09:00'})"
Arguments: ()
--- Logging error ---
Traceback (most recent call last):
  File "C:\Users\takuy\OneDrive\tdnet-excel-input\tools\sync_financials.py", line 96, in _request
    r.raise_for_status()
  File "C:\Users\takuy\OneDrive\tdnet-excel-input\.venv\Lib\site-packages\requests\models.py", line 1026, in raise_for_status
    raise HTTPError(http_error_msg, response=self)
requests.exceptions.HTTPError: 401 Client Error: Unauthorized for url: https://fvkvfekzoebcolssnteo.supabase.co/rest/v1/financials?on_conflict=ticker%2Cperiod%2Cquarter

During handling of the above exception, another exception occurred:

Traceback (most recent call last):
  File "C:\Users\takuy\AppData\Roaming\uv\python\cpython-3.11-windows-x86_64-none\Lib\logging\__init__.py", line 1113, in emit
    stream.write(msg + self.terminator)
UnicodeEncodeError: 'cp932' codec can't encode character '\u2014' in position 61: illegal multibyte sequence
Call stack:
  File "C:\Users\takuy\OneDrive\tdnet-excel-input\tools\sync_financials.py", line 538, in <module>
    main()
  File "C:\Users\takuy\OneDrive\tdnet-excel-input\tools\sync_financials.py", line 512, in main
    stats = sync(
  File "C:\Users\takuy\OneDrive\tdnet-excel-input\tools\sync_financials.py", line 348, in sync
    n = api.upsert_batch(table, chunk, on_conflict="ticker,period,quarter")
  File "C:\Users\takuy\OneDrive\tdnet-excel-input\tools\sync_financials.py", line 139, in upsert_batch
    self._request(
  File "C:\Users\takuy\OneDrive\tdnet-excel-input\tools\sync_financials.py", line 123, in _request
    logger.error(
Message: '[API] HTTP 0 \u2014 ���g���C�s��\n  ���X�|���X: {"code":"42501","details":null,"hint":null,"message":"new row violates row-level security policy for table \\"financials\\""}'
Arguments: ()
--- Logging error ---
Traceback (most recent call last):
  File "C:\Users\takuy\OneDrive\tdnet-excel-input\tools\sync_financials.py", line 348, in sync
    n = api.upsert_batch(table, chunk, on_conflict="ticker,period,quarter")
        ^^^^^^^^^^^^^^^^^^^^^^^^^^^^^^^^^^^^^^^^^^^^^^^^^^^^^^^^^^^^^^^^^^^
  File "C:\Users\takuy\OneDrive\tdnet-excel-input\tools\sync_financials.py", line 139, in upsert_batch
    self._request(
  File "C:\Users\takuy\OneDrive\tdnet-excel-input\tools\sync_financials.py", line 96, in _request
    r.raise_for_status()
  File "C:\Users\takuy\OneDrive\tdnet-excel-input\.venv\Lib\site-packages\requests\models.py", line 1026, in raise_for_status
    raise HTTPError(http_error_msg, response=self)
requests.exceptions.HTTPError: 401 Client Error: Unauthorized for url: https://fvkvfekzoebcolssnteo.supabase.co/rest/v1/financials?on_conflict=ticker%2Cperiod%2Cquarter

During handling of the above exception, another exception occurred:

Traceback (most recent call last):
  File "C:\Users\takuy\AppData\Roaming\uv\python\cpython-3.11-windows-x86_64-none\Lib\logging\__init__.py", line 1113, in emit
    stream.write(msg + self.terminator)
UnicodeEncodeError: 'cp932' codec can't encode character '\u2014' in position 70: illegal multibyte sequence
Call stack:
  File "C:\Users\takuy\OneDrive\tdnet-excel-input\tools\sync_financials.py", line 538, in <module>
    main()
  File "C:\Users\takuy\OneDrive\tdnet-excel-input\tools\sync_financials.py", line 512, in main
    stats = sync(
  File "C:\Users\takuy\OneDrive\tdnet-excel-input\tools\sync_financials.py", line 360, in sync
    logger.error(
Message: "  batch 4/145: FAILED \u2014 401 Client Error: Unauthorized for url: https://fvkvfekzoebcolssnteo.supabase.co/rest/v1/financials?on_conflict=ticker%2Cperiod%2Cquarter\n  (�擪�s: {'ticker': '17980', 'period': '2024-03-31', 'quarter': '3Q', 'sales': 31325000000, 'gross_profit': 3217127000, 'operating_profit': 1540000000, 'source': 'jquants', 'updated_at': '2026-03-09T17:53:52.606130+09:00'})"
Arguments: ()
--- Logging error ---
Traceback (most recent call last):
  File "C:\Users\takuy\OneDrive\tdnet-excel-input\tools\sync_financials.py", line 96, in _request
    r.raise_for_status()
  File "C:\Users\takuy\OneDrive\tdnet-excel-input\.venv\Lib\site-packages\requests\models.py", line 1026, in raise_for_status
    raise HTTPError(http_error_msg, response=self)
requests.exceptions.HTTPError: 401 Client Error: Unauthorized for url: https://fvkvfekzoebcolssnteo.supabase.co/rest/v1/financials?on_conflict=ticker%2Cperiod%2Cquarter

During handling of the above exception, another exception occurred:

Traceback (most recent call last):
  File "C:\Users\takuy\AppData\Roaming\uv\python\cpython-3.11-windows-x86_64-none\Lib\logging\__init__.py", line 1113, in emit
    stream.write(msg + self.terminator)
UnicodeEncodeError: 'cp932' codec can't encode character '\u2014' in position 61: illegal multibyte sequence
Call stack:
  File "C:\Users\takuy\OneDrive\tdnet-excel-input\tools\sync_financials.py", line 538, in <module>
    main()
  File "C:\Users\takuy\OneDrive\tdnet-excel-input\tools\sync_financials.py", line 512, in main
    stats = sync(
  File "C:\Users\takuy\OneDrive\tdnet-excel-input\tools\sync_financials.py", line 348, in sync
    n = api.upsert_batch(table, chunk, on_conflict="ticker,period,quarter")
  File "C:\Users\takuy\OneDrive\tdnet-excel-input\tools\sync_financials.py", line 139, in upsert_batch
    self._request(
  File "C:\Users\takuy\OneDrive\tdnet-excel-input\tools\sync_financials.py", line 123, in _request
    logger.error(
Message: '[API] HTTP 0 \u2014 ���g���C�s��\n  ���X�|���X: {"code":"42501","details":null,"hint":null,"message":"new row violates row-level security policy for table \\"financials\\""}'
Arguments: ()
--- Logging error ---
Traceback (most recent call last):
  File "C:\Users\takuy\OneDrive\tdnet-excel-input\tools\sync_financials.py", line 348, in sync
    n = api.upsert_batch(table, chunk, on_conflict="ticker,period,quarter")
        ^^^^^^^^^^^^^^^^^^^^^^^^^^^^^^^^^^^^^^^^^^^^^^^^^^^^^^^^^^^^^^^^^^^
  File "C:\Users\takuy\OneDrive\tdnet-excel-input\tools\sync_financials.py", line 139, in upsert_batch
    self._request(
  File "C:\Users\takuy\OneDrive\tdnet-excel-input\tools\sync_financials.py", line 96, in _request
    r.raise_for_status()
  File "C:\Users\takuy\OneDrive\tdnet-excel-input\.venv\Lib\site-packages\requests\models.py", line 1026, in raise_for_status
    raise HTTPError(http_error_msg, response=self)
requests.exceptions.HTTPError: 401 Client Error: Unauthorized for url: https://fvkvfekzoebcolssnteo.supabase.co/rest/v1/financials?on_conflict=ticker%2Cperiod%2Cquarter

During handling of the above exception, another exception occurred:

Traceback (most recent call last):
  File "C:\Users\takuy\AppData\Roaming\uv\python\cpython-3.11-windows-x86_64-none\Lib\logging\__init__.py", line 1113, in emit
    stream.write(msg + self.terminator)
UnicodeEncodeError: 'cp932' codec can't encode character '\u2014' in position 70: illegal multibyte sequence
Call stack:
  File "C:\Users\takuy\OneDrive\tdnet-excel-input\tools\sync_financials.py", line 538, in <module>
    main()
  File "C:\Users\takuy\OneDrive\tdnet-excel-input\tools\sync_financials.py", line 512, in main
    stats = sync(
  File "C:\Users\takuy\OneDrive\tdnet-excel-input\tools\sync_financials.py", line 360, in sync
    logger.error(
Message: "  batch 5/145: FAILED \u2014 401 Client Error: Unauthorized for url: https://fvkvfekzoebcolssnteo.supabase.co/rest/v1/financials?on_conflict=ticker%2Cperiod%2Cquarter\n  (�擪�s: {'ticker': '18480', 'period': '2025-03-31', 'quarter': 'FY', 'sales': 33771000000, 'gross_profit': 4311000000, 'operating_profit': 885000000, 'source': 'jquants', 'updated_at': '2026-03-09T17:53:52.606130+09:00'})"
Arguments: ()
--- Logging error ---
Traceback (most recent call last):
  File "C:\Users\takuy\OneDrive\tdnet-excel-input\tools\sync_financials.py", line 96, in _request
    r.raise_for_status()
  File "C:\Users\takuy\OneDrive\tdnet-excel-input\.venv\Lib\site-packages\requests\models.py", line 1026, in raise_for_status
    raise HTTPError(http_error_msg, response=self)
requests.exceptions.HTTPError: 401 Client Error: Unauthorized for url: https://fvkvfekzoebcolssnteo.supabase.co/rest/v1/financials?on_conflict=ticker%2Cperiod%2Cquarter

During handling of the above exception, another exception occurred:

Traceback (most recent call last):
  File "C:\Users\takuy\AppData\Roaming\uv\python\cpython-3.11-windows-x86_64-none\Lib\logging\__init__.py", line 1113, in emit
    stream.write(msg + self.terminator)
UnicodeEncodeError: 'cp932' codec can't encode character '\u2014' in position 61: illegal multibyte sequence
Call stack:
  File "C:\Users\takuy\OneDrive\tdnet-excel-input\tools\sync_financials.py", line 538, in <module>
    main()
  File "C:\Users\takuy\OneDrive\tdnet-excel-input\tools\sync_financials.py", line 512, in main
    stats = sync(
  File "C:\Users\takuy\OneDrive\tdnet-excel-input\tools\sync_financials.py", line 348, in sync
    n = api.upsert_batch(table, chunk, on_conflict="ticker,period,quarter")
  File "C:\Users\takuy\OneDrive\tdnet-excel-input\tools\sync_financials.py", line 139, in upsert_batch
    self._request(
  File "C:\Users\takuy\OneDrive\tdnet-excel-input\tools\sync_financials.py", line 123, in _request
    logger.error(
Message: '[API] HTTP 0 \u2014 ���g���C�s��\n  ���X�|���X: {"code":"42501","details":null,"hint":null,"message":"new row violates row-level security policy for table \\"financials\\""}'
Arguments: ()
--- Logging error ---
Traceback (most recent call last):
  File "C:\Users\takuy\OneDrive\tdnet-excel-input\tools\sync_financials.py", line 348, in sync
    n = api.upsert_batch(table, chunk, on_conflict="ticker,period,quarter")
        ^^^^^^^^^^^^^^^^^^^^^^^^^^^^^^^^^^^^^^^^^^^^^^^^^^^^^^^^^^^^^^^^^^^
  File "C:\Users\takuy\OneDrive\tdnet-excel-input\tools\sync_financials.py", line 139, in upsert_batch
    self._request(
  File "C:\Users\takuy\OneDrive\tdnet-excel-input\tools\sync_financials.py", line 96, in _request
    r.raise_for_status()
  File "C:\Users\takuy\OneDrive\tdnet-excel-input\.venv\Lib\site-packages\requests\models.py", line 1026, in raise_for_status
    raise HTTPError(http_error_msg, response=self)
requests.exceptions.HTTPError: 401 Client Error: Unauthorized for url: https://fvkvfekzoebcolssnteo.supabase.co/rest/v1/financials?on_conflict=ticker%2Cperiod%2Cquarter

During handling of the above exception, another exception occurred:

Traceback (most recent call last):
  File "C:\Users\takuy\AppData\Roaming\uv\python\cpython-3.11-windows-x86_64-none\Lib\logging\__init__.py", line 1113, in emit
    stream.write(msg + self.terminator)
UnicodeEncodeError: 'cp932' codec can't encode character '\u2014' in position 70: illegal multibyte sequence
Call stack:
  File "C:\Users\takuy\OneDrive\tdnet-excel-input\tools\sync_financials.py", line 538, in <module>
    main()
  File "C:\Users\takuy\OneDrive\tdnet-excel-input\tools\sync_financials.py", line 512, in main
    stats = sync(
  File "C:\Users\takuy\OneDrive\tdnet-excel-input\tools\sync_financials.py", line 360, in sync
    logger.error(
Message: "  batch 6/145: FAILED \u2014 401 Client Error: Unauthorized for url: https://fvkvfekzoebcolssnteo.supabase.co/rest/v1/financials?on_conflict=ticker%2Cperiod%2Cquarter\n  (�擪�s: {'ticker': '190A0', 'period': '2026-08-31', 'quarter': '1Q', 'sales': None, 'gross_profit': None, 'operating_profit': -306000000, 'source': 'jquants', 'updated_at': '2026-03-09T17:53:52.606130+09:00'})"
Arguments: ()
--- Logging error ---
Traceback (most recent call last):
  File "C:\Users\takuy\OneDrive\tdnet-excel-input\tools\sync_financials.py", line 96, in _request
    r.raise_for_status()
  File "C:\Users\takuy\OneDrive\tdnet-excel-input\.venv\Lib\site-packages\requests\models.py", line 1026, in raise_for_status
    raise HTTPError(http_error_msg, response=self)
requests.exceptions.HTTPError: 401 Client Error: Unauthorized for url: https://fvkvfekzoebcolssnteo.supabase.co/rest/v1/financials?on_conflict=ticker%2Cperiod%2Cquarter

During handling of the above exception, another exception occurred:

Traceback (most recent call last):
  File "C:\Users\takuy\AppData\Roaming\uv\python\cpython-3.11-windows-x86_64-none\Lib\logging\__init__.py", line 1113, in emit
    stream.write(msg + self.terminator)
UnicodeEncodeError: 'cp932' codec can't encode character '\u2014' in position 61: illegal multibyte sequence
Call stack:
  File "C:\Users\takuy\OneDrive\tdnet-excel-input\tools\sync_financials.py", line 538, in <module>
    main()
  File "C:\Users\takuy\OneDrive\tdnet-excel-input\tools\sync_financials.py", line 512, in main
    stats = sync(
  File "C:\Users\takuy\OneDrive\tdnet-excel-input\tools\sync_financials.py", line 348, in sync
    n = api.upsert_batch(table, chunk, on_conflict="ticker,period,quarter")
  File "C:\Users\takuy\OneDrive\tdnet-excel-input\tools\sync_financials.py", line 139, in upsert_batch
    self._request(
  File "C:\Users\takuy\OneDrive\tdnet-excel-input\tools\sync_financials.py", line 123, in _request
    logger.error(
Message: '[API] HTTP 0 \u2014 ���g���C�s��\n  ���X�|���X: {"code":"42501","details":null,"hint":null,"message":"new row violates row-level security policy for table \\"financials\\""}'
Arguments: ()
--- Logging error ---
Traceback (most recent call last):
  File "C:\Users\takuy\OneDrive\tdnet-excel-input\tools\sync_financials.py", line 348, in sync
    n = api.upsert_batch(table, chunk, on_conflict="ticker,period,quarter")
        ^^^^^^^^^^^^^^^^^^^^^^^^^^^^^^^^^^^^^^^^^^^^^^^^^^^^^^^^^^^^^^^^^^^
  File "C:\Users\takuy\OneDrive\tdnet-excel-input\tools\sync_financials.py", line 139, in upsert_batch
    self._request(
  File "C:\Users\takuy\OneDrive\tdnet-excel-input\tools\sync_financials.py", line 96, in _request
    r.raise_for_status()
  File "C:\Users\takuy\OneDrive\tdnet-excel-input\.venv\Lib\site-packages\requests\models.py", line 1026, in raise_for_status
    raise HTTPError(http_error_msg, response=self)
requests.exceptions.HTTPError: 401 Client Error: Unauthorized for url: https://fvkvfekzoebcolssnteo.supabase.co/rest/v1/financials?on_conflict=ticker%2Cperiod%2Cquarter

During handling of the above exception, another exception occurred:

Traceback (most recent call last):
  File "C:\Users\takuy\AppData\Roaming\uv\python\cpython-3.11-windows-x86_64-none\Lib\logging\__init__.py", line 1113, in emit
    stream.write(msg + self.terminator)
UnicodeEncodeError: 'cp932' codec can't encode character '\u2014' in position 70: illegal multibyte sequence
Call stack:
  File "C:\Users\takuy\OneDrive\tdnet-excel-input\tools\sync_financials.py", line 538, in <module>
    main()
  File "C:\Users\takuy\OneDrive\tdnet-excel-input\tools\sync_financials.py", line 512, in main
    stats = sync(
  File "C:\Users\takuy\OneDrive\tdnet-excel-input\tools\sync_financials.py", line 360, in sync
    logger.error(
Message: "  batch 7/145: FAILED \u2014 401 Client Error: Unauthorized for url: https://fvkvfekzoebcolssnteo.supabase.co/rest/v1/financials?on_conflict=ticker%2Cperiod%2Cquarter\n  (�擪�s: {'ticker': '19610', 'period': '2023-03-31', 'quarter': '2Q', 'sales': 73510000000, 'gross_profit': 9161000000, 'operating_profit': -1260000000, 'source': 'jquants', 'updated_at': '2026-03-09T17:53:52.606130+09:00'})"
Arguments: ()
--- Logging error ---
Traceback (most recent call last):
  File "C:\Users\takuy\OneDrive\tdnet-excel-input\tools\sync_financials.py", line 96, in _request
    r.raise_for_status()
  File "C:\Users\takuy\OneDrive\tdnet-excel-input\.venv\Lib\site-packages\requests\models.py", line 1026, in raise_for_status
    raise HTTPError(http_error_msg, response=self)
requests.exceptions.HTTPError: 401 Client Error: Unauthorized for url: https://fvkvfekzoebcolssnteo.supabase.co/rest/v1/financials?on_conflict=ticker%2Cperiod%2Cquarter

During handling of the above exception, another exception occurred:

Traceback (most recent call last):
  File "C:\Users\takuy\AppData\Roaming\uv\python\cpython-3.11-windows-x86_64-none\Lib\logging\__init__.py", line 1113, in emit
    stream.write(msg + self.terminator)
UnicodeEncodeError: 'cp932' codec can't encode character '\u2014' in position 61: illegal multibyte sequence
Call stack:
  File "C:\Users\takuy\OneDrive\tdnet-excel-input\tools\sync_financials.py", line 538, in <module>
    main()
  File "C:\Users\takuy\OneDrive\tdnet-excel-input\tools\sync_financials.py", line 512, in main
    stats = sync(
  File "C:\Users\takuy\OneDrive\tdnet-excel-input\tools\sync_financials.py", line 348, in sync
    n = api.upsert_batch(table, chunk, on_conflict="ticker,period,quarter")
  File "C:\Users\takuy\OneDrive\tdnet-excel-input\tools\sync_financials.py", line 139, in upsert_batch
    self._request(
  File "C:\Users\takuy\OneDrive\tdnet-excel-input\tools\sync_financials.py", line 123, in _request
    logger.error(
Message: '[API] HTTP 0 \u2014 ���g���C�s��\n  ���X�|���X: {"code":"42501","details":null,"hint":null,"message":"new row violates row-level security policy for table \\"financials\\""}'
Arguments: ()
--- Logging error ---
Traceback (most recent call last):
  File "C:\Users\takuy\OneDrive\tdnet-excel-input\tools\sync_financials.py", line 348, in sync
    n = api.upsert_batch(table, chunk, on_conflict="ticker,period,quarter")
        ^^^^^^^^^^^^^^^^^^^^^^^^^^^^^^^^^^^^^^^^^^^^^^^^^^^^^^^^^^^^^^^^^^^
  File "C:\Users\takuy\OneDrive\tdnet-excel-input\tools\sync_financials.py", line 139, in upsert_batch
    self._request(
  File "C:\Users\takuy\OneDrive\tdnet-excel-input\tools\sync_financials.py", line 96, in _request
    r.raise_for_status()
  File "C:\Users\takuy\OneDrive\tdnet-excel-input\.venv\Lib\site-packages\requests\models.py", line 1026, in raise_for_status
    raise HTTPError(http_error_msg, response=self)
requests.exceptions.HTTPError: 401 Client Error: Unauthorized for url: https://fvkvfekzoebcolssnteo.supabase.co/rest/v1/financials?on_conflict=ticker%2Cperiod%2Cquarter

During handling of the above exception, another exception occurred:

Traceback (most recent call last):
  File "C:\Users\takuy\AppData\Roaming\uv\python\cpython-3.11-windows-x86_64-none\Lib\logging\__init__.py", line 1113, in emit
    stream.write(msg + self.terminator)
UnicodeEncodeError: 'cp932' codec can't encode character '\u2014' in position 70: illegal multibyte sequence
Call stack:
  File "C:\Users\takuy\OneDrive\tdnet-excel-input\tools\sync_financials.py", line 538, in <module>
    main()
  File "C:\Users\takuy\OneDrive\tdnet-excel-input\tools\sync_financials.py", line 512, in main
    stats = sync(
  File "C:\Users\takuy\OneDrive\tdnet-excel-input\tools\sync_financials.py", line 360, in sync
    logger.error(
Message: "  batch 8/145: FAILED \u2014 401 Client Error: Unauthorized for url: https://fvkvfekzoebcolssnteo.supabase.co/rest/v1/financials?on_conflict=ticker%2Cperiod%2Cquarter\n  (�擪�s: {'ticker': '20530', 'period': '2023-03-31', 'quarter': '3Q', 'sales': 182406000000, 'gross_profit': 10433000000, 'operating_profit': 1815000000, 'source': 'jquants', 'updated_at': '2026-03-09T17:53:52.606130+09:00'})"
Arguments: ()
--- Logging error ---
Traceback (most recent call last):
  File "C:\Users\takuy\OneDrive\tdnet-excel-input\tools\sync_financials.py", line 96, in _request
    r.raise_for_status()
  File "C:\Users\takuy\OneDrive\tdnet-excel-input\.venv\Lib\site-packages\requests\models.py", line 1026, in raise_for_status
    raise HTTPError(http_error_msg, response=self)
requests.exceptions.HTTPError: 401 Client Error: Unauthorized for url: https://fvkvfekzoebcolssnteo.supabase.co/rest/v1/financials?on_conflict=ticker%2Cperiod%2Cquarter

During handling of the above exception, another exception occurred:

Traceback (most recent call last):
  File "C:\Users\takuy\AppData\Roaming\uv\python\cpython-3.11-windows-x86_64-none\Lib\logging\__init__.py", line 1113, in emit
    stream.write(msg + self.terminator)
UnicodeEncodeError: 'cp932' codec can't encode character '\u2014' in position 61: illegal multibyte sequence
Call stack:
  File "C:\Users\takuy\OneDrive\tdnet-excel-input\tools\sync_financials.py", line 538, in <module>
    main()
  File "C:\Users\takuy\OneDrive\tdnet-excel-input\tools\sync_financials.py", line 512, in main
    stats = sync(
  File "C:\Users\takuy\OneDrive\tdnet-excel-input\tools\sync_financials.py", line 348, in sync
    n = api.upsert_batch(table, chunk, on_conflict="ticker,period,quarter")
  File "C:\Users\takuy\OneDrive\tdnet-excel-input\tools\sync_financials.py", line 139, in upsert_batch
    self._request(
  File "C:\Users\takuy\OneDrive\tdnet-excel-input\tools\sync_financials.py", line 123, in _request
    logger.error(
Message: '[API] HTTP 0 \u2014 ���g���C�s��\n  ���X�|���X: {"code":"42501","details":null,"hint":null,"message":"new row violates row-level security policy for table \\"financials\\""}'
Arguments: ()
--- Logging error ---
Traceback (most recent call last):
  File "C:\Users\takuy\OneDrive\tdnet-excel-input\tools\sync_financials.py", line 348, in sync
    n = api.upsert_batch(table, chunk, on_conflict="ticker,period,quarter")
        ^^^^^^^^^^^^^^^^^^^^^^^^^^^^^^^^^^^^^^^^^^^^^^^^^^^^^^^^^^^^^^^^^^^
  File "C:\Users\takuy\OneDrive\tdnet-excel-input\tools\sync_financials.py", line 139, in upsert_batch
    self._request(
  File "C:\Users\takuy\OneDrive\tdnet-excel-input\tools\sync_financials.py", line 96, in _request
    r.raise_for_status()
  File "C:\Users\takuy\OneDrive\tdnet-excel-input\.venv\Lib\site-packages\requests\models.py", line 1026, in raise_for_status
    raise HTTPError(http_error_msg, response=self)
requests.exceptions.HTTPError: 401 Client Error: Unauthorized for url: https://fvkvfekzoebcolssnteo.supabase.co/rest/v1/financials?on_conflict=ticker%2Cperiod%2Cquarter

During handling of the above exception, another exception occurred:

Traceback (most recent call last):
  File "C:\Users\takuy\AppData\Roaming\uv\python\cpython-3.11-windows-x86_64-none\Lib\logging\__init__.py", line 1113, in emit
    stream.write(msg + self.terminator)
UnicodeEncodeError: 'cp932' codec can't encode character '\u2014' in position 70: illegal multibyte sequence
Call stack:
  File "C:\Users\takuy\OneDrive\tdnet-excel-input\tools\sync_financials.py", line 538, in <module>
    main()
  File "C:\Users\takuy\OneDrive\tdnet-excel-input\tools\sync_financials.py", line 512, in main
    stats = sync(
  File "C:\Users\takuy\OneDrive\tdnet-excel-input\tools\sync_financials.py", line 360, in sync
    logger.error(
Message: "  batch 9/145: FAILED \u2014 401 Client Error: Unauthorized for url: https://fvkvfekzoebcolssnteo.supabase.co/rest/v1/financials?on_conflict=ticker%2Cperiod%2Cquarter\n  (�擪�s: {'ticker': '21560', 'period': '2023-03-31', 'quarter': 'FY', 'sales': 2107000000, 'gross_profit': 1635633000, 'operating_profit': 168000000, 'source': 'jquants', 'updated_at': '2026-03-09T17:53:52.606130+09:00'})"
Arguments: ()
--- Logging error ---
Traceback (most recent call last):
  File "C:\Users\takuy\OneDrive\tdnet-excel-input\tools\sync_financials.py", line 96, in _request
    r.raise_for_status()
  File "C:\Users\takuy\OneDrive\tdnet-excel-input\.venv\Lib\site-packages\requests\models.py", line 1026, in raise_for_status
    raise HTTPError(http_error_msg, response=self)
requests.exceptions.HTTPError: 401 Client Error: Unauthorized for url: https://fvkvfekzoebcolssnteo.supabase.co/rest/v1/financials?on_conflict=ticker%2Cperiod%2Cquarter

During handling of the above exception, another exception occurred:

Traceback (most recent call last):
  File "C:\Users\takuy\AppData\Roaming\uv\python\cpython-3.11-windows-x86_64-none\Lib\logging\__init__.py", line 1113, in emit
    stream.write(msg + self.terminator)
UnicodeEncodeError: 'cp932' codec can't encode character '\u2014' in position 61: illegal multibyte sequence
Call stack:
  File "C:\Users\takuy\OneDrive\tdnet-excel-input\tools\sync_financials.py", line 538, in <module>
    main()
  File "C:\Users\takuy\OneDrive\tdnet-excel-input\tools\sync_financials.py", line 512, in main
    stats = sync(
  File "C:\Users\takuy\OneDrive\tdnet-excel-input\tools\sync_financials.py", line 348, in sync
    n = api.upsert_batch(table, chunk, on_conflict="ticker,period,quarter")
  File "C:\Users\takuy\OneDrive\tdnet-excel-input\tools\sync_financials.py", line 139, in upsert_batch
    self._request(
  File "C:\Users\takuy\OneDrive\tdnet-excel-input\tools\sync_financials.py", line 123, in _request
    logger.error(
Message: '[API] HTTP 0 \u2014 ���g���C�s��\n  ���X�|���X: {"code":"42501","details":null,"hint":null,"message":"new row violates row-level security policy for table \\"financials\\""}'
Arguments: ()
--- Logging error ---
Traceback (most recent call last):
  File "C:\Users\takuy\OneDrive\tdnet-excel-input\tools\sync_financials.py", line 348, in sync
    n = api.upsert_batch(table, chunk, on_conflict="ticker,period,quarter")
        ^^^^^^^^^^^^^^^^^^^^^^^^^^^^^^^^^^^^^^^^^^^^^^^^^^^^^^^^^^^^^^^^^^^
  File "C:\Users\takuy\OneDrive\tdnet-excel-input\tools\sync_financials.py", line 139, in upsert_batch
    self._request(
  File "C:\Users\takuy\OneDrive\tdnet-excel-input\tools\sync_financials.py", line 96, in _request
    r.raise_for_status()
  File "C:\Users\takuy\OneDrive\tdnet-excel-input\.venv\Lib\site-packages\requests\models.py", line 1026, in raise_for_status
    raise HTTPError(http_error_msg, response=self)
requests.exceptions.HTTPError: 401 Client Error: Unauthorized for url: https://fvkvfekzoebcolssnteo.supabase.co/rest/v1/financials?on_conflict=ticker%2Cperiod%2Cquarter

During handling of the above exception, another exception occurred:

Traceback (most recent call last):
  File "C:\Users\takuy\AppData\Roaming\uv\python\cpython-3.11-windows-x86_64-none\Lib\logging\__init__.py", line 1113, in emit
    stream.write(msg + self.terminator)
UnicodeEncodeError: 'cp932' codec can't encode character '\u2014' in position 71: illegal multibyte sequence
Call stack:
  File "C:\Users\takuy\OneDrive\tdnet-excel-input\tools\sync_financials.py", line 538, in <module>
    main()
  File "C:\Users\takuy\OneDrive\tdnet-excel-input\tools\sync_financials.py", line 512, in main
    stats = sync(
  File "C:\Users\takuy\OneDrive\tdnet-excel-input\tools\sync_financials.py", line 360, in sync
    logger.error(
Message: "  batch 10/145: FAILED \u2014 401 Client Error: Unauthorized for url: https://fvkvfekzoebcolssnteo.supabase.co/rest/v1/financials?on_conflict=ticker%2Cperiod%2Cquarter\n  (�擪�s: {'ticker': '22060', 'period': '2023-12-31', 'quarter': '1Q', 'sales': 71075000000, 'gross_profit': 26313000000, 'operating_profit': 3900000000, 'source': 'jquants', 'updated_at': '2026-03-09T17:53:52.606130+09:00'})"
Arguments: ()
--- Logging error ---
Traceback (most recent call last):
  File "C:\Users\takuy\OneDrive\tdnet-excel-input\tools\sync_financials.py", line 96, in _request
    r.raise_for_status()
  File "C:\Users\takuy\OneDrive\tdnet-excel-input\.venv\Lib\site-packages\requests\models.py", line 1026, in raise_for_status
    raise HTTPError(http_error_msg, response=self)
requests.exceptions.HTTPError: 401 Client Error: Unauthorized for url: https://fvkvfekzoebcolssnteo.supabase.co/rest/v1/financials?on_conflict=ticker%2Cperiod%2Cquarter

During handling of the above exception, another exception occurred:

Traceback (most recent call last):
  File "C:\Users\takuy\AppData\Roaming\uv\python\cpython-3.11-windows-x86_64-none\Lib\logging\__init__.py", line 1113, in emit
    stream.write(msg + self.terminator)
UnicodeEncodeError: 'cp932' codec can't encode character '\u2014' in position 61: illegal multibyte sequence
Call stack:
  File "C:\Users\takuy\OneDrive\tdnet-excel-input\tools\sync_financials.py", line 538, in <module>
    main()
  File "C:\Users\takuy\OneDrive\tdnet-excel-input\tools\sync_financials.py", line 512, in main
    stats = sync(
  File "C:\Users\takuy\OneDrive\tdnet-excel-input\tools\sync_financials.py", line 348, in sync
    n = api.upsert_batch(table, chunk, on_conflict="ticker,period,quarter")
  File "C:\Users\takuy\OneDrive\tdnet-excel-input\tools\sync_financials.py", line 139, in upsert_batch
    self._request(
  File "C:\Users\takuy\OneDrive\tdnet-excel-input\tools\sync_financials.py", line 123, in _request
    logger.error(
Message: '[API] HTTP 0 \u2014 ���g���C�s��\n  ���X�|���X: {"code":"42501","details":null,"hint":null,"message":"new row violates row-level security policy for table \\"financials\\""}'
Arguments: ()
--- Logging error ---
Traceback (most recent call last):
  File "C:\Users\takuy\OneDrive\tdnet-excel-input\tools\sync_financials.py", line 348, in sync
    n = api.upsert_batch(table, chunk, on_conflict="ticker,period,quarter")
        ^^^^^^^^^^^^^^^^^^^^^^^^^^^^^^^^^^^^^^^^^^^^^^^^^^^^^^^^^^^^^^^^^^^
  File "C:\Users\takuy\OneDrive\tdnet-excel-input\tools\sync_financials.py", line 139, in upsert_batch
    self._request(
  File "C:\Users\takuy\OneDrive\tdnet-excel-input\tools\sync_financials.py", line 96, in _request
    r.raise_for_status()
  File "C:\Users\takuy\OneDrive\tdnet-excel-input\.venv\Lib\site-packages\requests\models.py", line 1026, in raise_for_status
    raise HTTPError(http_error_msg, response=self)
requests.exceptions.HTTPError: 401 Client Error: Unauthorized for url: https://fvkvfekzoebcolssnteo.supabase.co/rest/v1/financials?on_conflict=ticker%2Cperiod%2Cquarter

During handling of the above exception, another exception occurred:

Traceback (most recent call last):
  File "C:\Users\takuy\AppData\Roaming\uv\python\cpython-3.11-windows-x86_64-none\Lib\logging\__init__.py", line 1113, in emit
    stream.write(msg + self.terminator)
UnicodeEncodeError: 'cp932' codec can't encode character '\u2014' in position 71: illegal multibyte sequence
Call stack:
  File "C:\Users\takuy\OneDrive\tdnet-excel-input\tools\sync_financials.py", line 538, in <module>
    main()
  File "C:\Users\takuy\OneDrive\tdnet-excel-input\tools\sync_financials.py", line 512, in main
    stats = sync(
  File "C:\Users\takuy\OneDrive\tdnet-excel-input\tools\sync_financials.py", line 360, in sync
    logger.error(
Message: "  batch 11/145: FAILED \u2014 401 Client Error: Unauthorized for url: https://fvkvfekzoebcolssnteo.supabase.co/rest/v1/financials?on_conflict=ticker%2Cperiod%2Cquarter\n  (�擪�s: {'ticker': '22880', 'period': '2026-03-31', 'quarter': '2Q', 'sales': 120290000000, 'gross_profit': 20100000000, 'operating_profit': 4210000000, 'source': 'jquants', 'updated_at': '2026-03-09T17:53:52.606130+09:00'})"
Arguments: ()
--- Logging error ---
Traceback (most recent call last):
  File "C:\Users\takuy\OneDrive\tdnet-excel-input\tools\sync_financials.py", line 96, in _request
    r.raise_for_status()
  File "C:\Users\takuy\OneDrive\tdnet-excel-input\.venv\Lib\site-packages\requests\models.py", line 1026, in raise_for_status
    raise HTTPError(http_error_msg, response=self)
requests.exceptions.HTTPError: 401 Client Error: Unauthorized for url: https://fvkvfekzoebcolssnteo.supabase.co/rest/v1/financials?on_conflict=ticker%2Cperiod%2Cquarter

During handling of the above exception, another exception occurred:

Traceback (most recent call last):
  File "C:\Users\takuy\AppData\Roaming\uv\python\cpython-3.11-windows-x86_64-none\Lib\logging\__init__.py", line 1113, in emit
    stream.write(msg + self.terminator)
UnicodeEncodeError: 'cp932' codec can't encode character '\u2014' in position 61: illegal multibyte sequence
Call stack:
  File "C:\Users\takuy\OneDrive\tdnet-excel-input\tools\sync_financials.py", line 538, in <module>
    main()
  File "C:\Users\takuy\OneDrive\tdnet-excel-input\tools\sync_financials.py", line 512, in main
    stats = sync(
  File "C:\Users\takuy\OneDrive\tdnet-excel-input\tools\sync_financials.py", line 348, in sync
    n = api.upsert_batch(table, chunk, on_conflict="ticker,period,quarter")
  File "C:\Users\takuy\OneDrive\tdnet-excel-input\tools\sync_financials.py", line 139, in upsert_batch
    self._request(
  File "C:\Users\takuy\OneDrive\tdnet-excel-input\tools\sync_financials.py", line 123, in _request
    logger.error(
Message: '[API] HTTP 0 \u2014 ���g���C�s��\n  ���X�|���X: {"code":"42501","details":null,"hint":null,"message":"new row violates row-level security policy for table \\"financials\\""}'
Arguments: ()
--- Logging error ---
Traceback (most recent call last):
  File "C:\Users\takuy\OneDrive\tdnet-excel-input\tools\sync_financials.py", line 348, in sync
    n = api.upsert_batch(table, chunk, on_conflict="ticker,period,quarter")
        ^^^^^^^^^^^^^^^^^^^^^^^^^^^^^^^^^^^^^^^^^^^^^^^^^^^^^^^^^^^^^^^^^^^
  File "C:\Users\takuy\OneDrive\tdnet-excel-input\tools\sync_financials.py", line 139, in upsert_batch
    self._request(
  File "C:\Users\takuy\OneDrive\tdnet-excel-input\tools\sync_financials.py", line 96, in _request
    r.raise_for_status()
  File "C:\Users\takuy\OneDrive\tdnet-excel-input\.venv\Lib\site-packages\requests\models.py", line 1026, in raise_for_status
    raise HTTPError(http_error_msg, response=self)
requests.exceptions.HTTPError: 401 Client Error: Unauthorized for url: https://fvkvfekzoebcolssnteo.supabase.co/rest/v1/financials?on_conflict=ticker%2Cperiod%2Cquarter

During handling of the above exception, another exception occurred:

Traceback (most recent call last):
  File "C:\Users\takuy\AppData\Roaming\uv\python\cpython-3.11-windows-x86_64-none\Lib\logging\__init__.py", line 1113, in emit
    stream.write(msg + self.terminator)
UnicodeEncodeError: 'cp932' codec can't encode character '\u2014' in position 71: illegal multibyte sequence
Call stack:
  File "C:\Users\takuy\OneDrive\tdnet-excel-input\tools\sync_financials.py", line 538, in <module>
    main()
  File "C:\Users\takuy\OneDrive\tdnet-excel-input\tools\sync_financials.py", line 512, in main
    stats = sync(
  File "C:\Users\takuy\OneDrive\tdnet-excel-input\tools\sync_financials.py", line 360, in sync
    logger.error(
Message: "  batch 12/145: FAILED \u2014 401 Client Error: Unauthorized for url: https://fvkvfekzoebcolssnteo.supabase.co/rest/v1/financials?on_conflict=ticker%2Cperiod%2Cquarter\n  (�擪�s: {'ticker': '23350', 'period': '2023-03-31', 'quarter': '3Q', 'sales': 11972000000, 'gross_profit': 2568349000, 'operating_profit': 951000000, 'source': 'jquants', 'updated_at': '2026-03-09T17:53:52.606130+09:00'})"
Arguments: ()
--- Logging error ---
Traceback (most recent call last):
  File "C:\Users\takuy\OneDrive\tdnet-excel-input\tools\sync_financials.py", line 96, in _request
    r.raise_for_status()
  File "C:\Users\takuy\OneDrive\tdnet-excel-input\.venv\Lib\site-packages\requests\models.py", line 1026, in raise_for_status
    raise HTTPError(http_error_msg, response=self)
requests.exceptions.HTTPError: 401 Client Error: Unauthorized for url: https://fvkvfekzoebcolssnteo.supabase.co/rest/v1/financials?on_conflict=ticker%2Cperiod%2Cquarter

During handling of the above exception, another exception occurred:

Traceback (most recent call last):
  File "C:\Users\takuy\AppData\Roaming\uv\python\cpython-3.11-windows-x86_64-none\Lib\logging\__init__.py", line 1113, in emit
    stream.write(msg + self.terminator)
UnicodeEncodeError: 'cp932' codec can't encode character '\u2014' in position 61: illegal multibyte sequence
Call stack:
  File "C:\Users\takuy\OneDrive\tdnet-excel-input\tools\sync_financials.py", line 538, in <module>
    main()
  File "C:\Users\takuy\OneDrive\tdnet-excel-input\tools\sync_financials.py", line 512, in main
    stats = sync(
  File "C:\Users\takuy\OneDrive\tdnet-excel-input\tools\sync_financials.py", line 348, in sync
    n = api.upsert_batch(table, chunk, on_conflict="ticker,period,quarter")
  File "C:\Users\takuy\OneDrive\tdnet-excel-input\tools\sync_financials.py", line 139, in upsert_batch
    self._request(
  File "C:\Users\takuy\OneDrive\tdnet-excel-input\tools\sync_financials.py", line 123, in _request
    logger.error(
Message: '[API] HTTP 0 \u2014 ���g���C�s��\n  ���X�|���X: {"code":"42501","details":null,"hint":null,"message":"new row violates row-level security policy for table \\"financials\\""}'
Arguments: ()
--- Logging error ---
Traceback (most recent call last):
  File "C:\Users\takuy\OneDrive\tdnet-excel-input\tools\sync_financials.py", line 348, in sync
    n = api.upsert_batch(table, chunk, on_conflict="ticker,period,quarter")
        ^^^^^^^^^^^^^^^^^^^^^^^^^^^^^^^^^^^^^^^^^^^^^^^^^^^^^^^^^^^^^^^^^^^
  File "C:\Users\takuy\OneDrive\tdnet-excel-input\tools\sync_financials.py", line 139, in upsert_batch
    self._request(
  File "C:\Users\takuy\OneDrive\tdnet-excel-input\tools\sync_financials.py", line 96, in _request
    r.raise_for_status()
  File "C:\Users\takuy\OneDrive\tdnet-excel-input\.venv\Lib\site-packages\requests\models.py", line 1026, in raise_for_status
    raise HTTPError(http_error_msg, response=self)
requests.exceptions.HTTPError: 401 Client Error: Unauthorized for url: https://fvkvfekzoebcolssnteo.supabase.co/rest/v1/financials?on_conflict=ticker%2Cperiod%2Cquarter

During handling of the above exception, another exception occurred:

Traceback (most recent call last):
  File "C:\Users\takuy\AppData\Roaming\uv\python\cpython-3.11-windows-x86_64-none\Lib\logging\__init__.py", line 1113, in emit
    stream.write(msg + self.terminator)
UnicodeEncodeError: 'cp932' codec can't encode character '\u2014' in position 71: illegal multibyte sequence
Call stack:
  File "C:\Users\takuy\OneDrive\tdnet-excel-input\tools\sync_financials.py", line 538, in <module>
    main()
  File "C:\Users\takuy\OneDrive\tdnet-excel-input\tools\sync_financials.py", line 512, in main
    stats = sync(
  File "C:\Users\takuy\OneDrive\tdnet-excel-input\tools\sync_financials.py", line 360, in sync
    logger.error(
Message: "  batch 13/145: FAILED \u2014 401 Client Error: Unauthorized for url: https://fvkvfekzoebcolssnteo.supabase.co/rest/v1/financials?on_conflict=ticker%2Cperiod%2Cquarter\n  (�擪�s: {'ticker': '23910', 'period': '2022-07-31', 'quarter': '2Q', 'sales': 1551000000, 'gross_profit': 1027783000, 'operating_profit': 353000000, 'source': 'jquants', 'updated_at': '2026-03-09T17:53:52.606130+09:00'})"
Arguments: ()
--- Logging error ---
Traceback (most recent call last):
  File "C:\Users\takuy\OneDrive\tdnet-excel-input\tools\sync_financials.py", line 96, in _request
    r.raise_for_status()
  File "C:\Users\takuy\OneDrive\tdnet-excel-input\.venv\Lib\site-packages\requests\models.py", line 1026, in raise_for_status
    raise HTTPError(http_error_msg, response=self)
requests.exceptions.HTTPError: 401 Client Error: Unauthorized for url: https://fvkvfekzoebcolssnteo.supabase.co/rest/v1/financials?on_conflict=ticker%2Cperiod%2Cquarter

During handling of the above exception, another exception occurred:

Traceback (most recent call last):
  File "C:\Users\takuy\AppData\Roaming\uv\python\cpython-3.11-windows-x86_64-none\Lib\logging\__init__.py", line 1113, in emit
    stream.write(msg + self.terminator)
UnicodeEncodeError: 'cp932' codec can't encode character '\u2014' in position 61: illegal multibyte sequence
Call stack:
  File "C:\Users\takuy\OneDrive\tdnet-excel-input\tools\sync_financials.py", line 538, in <module>
    main()
  File "C:\Users\takuy\OneDrive\tdnet-excel-input\tools\sync_financials.py", line 512, in main
    stats = sync(
  File "C:\Users\takuy\OneDrive\tdnet-excel-input\tools\sync_financials.py", line 348, in sync
    n = api.upsert_batch(table, chunk, on_conflict="ticker,period,quarter")
  File "C:\Users\takuy\OneDrive\tdnet-excel-input\tools\sync_financials.py", line 139, in upsert_batch
    self._request(
  File "C:\Users\takuy\OneDrive\tdnet-excel-input\tools\sync_financials.py", line 123, in _request
    logger.error(
Message: '[API] HTTP 0 \u2014 ���g���C�s��\n  ���X�|���X: {"code":"42501","details":null,"hint":null,"message":"new row violates row-level security policy for table \\"financials\\""}'
Arguments: ()
--- Logging error ---
Traceback (most recent call last):
  File "C:\Users\takuy\OneDrive\tdnet-excel-input\tools\sync_financials.py", line 348, in sync
    n = api.upsert_batch(table, chunk, on_conflict="ticker,period,quarter")
        ^^^^^^^^^^^^^^^^^^^^^^^^^^^^^^^^^^^^^^^^^^^^^^^^^^^^^^^^^^^^^^^^^^^
  File "C:\Users\takuy\OneDrive\tdnet-excel-input\tools\sync_financials.py", line 139, in upsert_batch
    self._request(
  File "C:\Users\takuy\OneDrive\tdnet-excel-input\tools\sync_financials.py", line 96, in _request
    r.raise_for_status()
  File "C:\Users\takuy\OneDrive\tdnet-excel-input\.venv\Lib\site-packages\requests\models.py", line 1026, in raise_for_status
    raise HTTPError(http_error_msg, response=self)
requests.exceptions.HTTPError: 401 Client Error: Unauthorized for url: https://fvkvfekzoebcolssnteo.supabase.co/rest/v1/financials?on_conflict=ticker%2Cperiod%2Cquarter

During handling of the above exception, another exception occurred:

Traceback (most recent call last):
  File "C:\Users\takuy\AppData\Roaming\uv\python\cpython-3.11-windows-x86_64-none\Lib\logging\__init__.py", line 1113, in emit
    stream.write(msg + self.terminator)
UnicodeEncodeError: 'cp932' codec can't encode character '\u2014' in position 71: illegal multibyte sequence
Call stack:
  File "C:\Users\takuy\OneDrive\tdnet-excel-input\tools\sync_financials.py", line 538, in <module>
    main()
  File "C:\Users\takuy\OneDrive\tdnet-excel-input\tools\sync_financials.py", line 512, in main
    stats = sync(
  File "C:\Users\takuy\OneDrive\tdnet-excel-input\tools\sync_financials.py", line 360, in sync
    logger.error(
Message: "  batch 14/145: FAILED \u2014 401 Client Error: Unauthorized for url: https://fvkvfekzoebcolssnteo.supabase.co/rest/v1/financials?on_conflict=ticker%2Cperiod%2Cquarter\n  (�擪�s: {'ticker': '24590', 'period': '2023-05-31', 'quarter': 'FY', 'sales': 454000000, 'gross_profit': 317454000, 'operating_profit': -71000000, 'source': 'jquants', 'updated_at': '2026-03-09T17:53:52.606130+09:00'})"
Arguments: ()
--- Logging error ---
Traceback (most recent call last):
  File "C:\Users\takuy\OneDrive\tdnet-excel-input\tools\sync_financials.py", line 96, in _request
    r.raise_for_status()
  File "C:\Users\takuy\OneDrive\tdnet-excel-input\.venv\Lib\site-packages\requests\models.py", line 1026, in raise_for_status
    raise HTTPError(http_error_msg, response=self)
requests.exceptions.HTTPError: 401 Client Error: Unauthorized for url: https://fvkvfekzoebcolssnteo.supabase.co/rest/v1/financials?on_conflict=ticker%2Cperiod%2Cquarter

During handling of the above exception, another exception occurred:

Traceback (most recent call last):
  File "C:\Users\takuy\AppData\Roaming\uv\python\cpython-3.11-windows-x86_64-none\Lib\logging\__init__.py", line 1113, in emit
    stream.write(msg + self.terminator)
UnicodeEncodeError: 'cp932' codec can't encode character '\u2014' in position 61: illegal multibyte sequence
Call stack:
  File "C:\Users\takuy\OneDrive\tdnet-excel-input\tools\sync_financials.py", line 538, in <module>
    main()
  File "C:\Users\takuy\OneDrive\tdnet-excel-input\tools\sync_financials.py", line 512, in main
    stats = sync(
  File "C:\Users\takuy\OneDrive\tdnet-excel-input\tools\sync_financials.py", line 348, in sync
    n = api.upsert_batch(table, chunk, on_conflict="ticker,period,quarter")
  File "C:\Users\takuy\OneDrive\tdnet-excel-input\tools\sync_financials.py", line 139, in upsert_batch
    self._request(
  File "C:\Users\takuy\OneDrive\tdnet-excel-input\tools\sync_financials.py", line 123, in _request
    logger.error(
Message: '[API] HTTP 0 \u2014 ���g���C�s��\n  ���X�|���X: {"code":"42501","details":null,"hint":null,"message":"new row violates row-level security policy for table \\"financials\\""}'
Arguments: ()
--- Logging error ---
Traceback (most recent call last):
  File "C:\Users\takuy\OneDrive\tdnet-excel-input\tools\sync_financials.py", line 348, in sync
    n = api.upsert_batch(table, chunk, on_conflict="ticker,period,quarter")
        ^^^^^^^^^^^^^^^^^^^^^^^^^^^^^^^^^^^^^^^^^^^^^^^^^^^^^^^^^^^^^^^^^^^
  File "C:\Users\takuy\OneDrive\tdnet-excel-input\tools\sync_financials.py", line 139, in upsert_batch
    self._request(
  File "C:\Users\takuy\OneDrive\tdnet-excel-input\tools\sync_financials.py", line 96, in _request
    r.raise_for_status()
  File "C:\Users\takuy\OneDrive\tdnet-excel-input\.venv\Lib\site-packages\requests\models.py", line 1026, in raise_for_status
    raise HTTPError(http_error_msg, response=self)
requests.exceptions.HTTPError: 401 Client Error: Unauthorized for url: https://fvkvfekzoebcolssnteo.supabase.co/rest/v1/financials?on_conflict=ticker%2Cperiod%2Cquarter

During handling of the above exception, another exception occurred:

Traceback (most recent call last):
  File "C:\Users\takuy\AppData\Roaming\uv\python\cpython-3.11-windows-x86_64-none\Lib\logging\__init__.py", line 1113, in emit
    stream.write(msg + self.terminator)
UnicodeEncodeError: 'cp932' codec can't encode character '\u2014' in position 71: illegal multibyte sequence
Call stack:
  File "C:\Users\takuy\OneDrive\tdnet-excel-input\tools\sync_financials.py", line 538, in <module>
    main()
  File "C:\Users\takuy\OneDrive\tdnet-excel-input\tools\sync_financials.py", line 512, in main
    stats = sync(
  File "C:\Users\takuy\OneDrive\tdnet-excel-input\tools\sync_financials.py", line 360, in sync
    logger.error(
Message: "  batch 15/145: FAILED \u2014 401 Client Error: Unauthorized for url: https://fvkvfekzoebcolssnteo.supabase.co/rest/v1/financials?on_conflict=ticker%2Cperiod%2Cquarter\n  (�擪�s: {'ticker': '25030', 'period': '2023-12-31', 'quarter': '1Q', 'sales': 450329000000, 'gross_profit': 204446000000, 'operating_profit': 10992000000, 'source': 'jquants', 'updated_at': '2026-03-09T17:53:52.606130+09:00'})"
Arguments: ()
--- Logging error ---
Traceback (most recent call last):
  File "C:\Users\takuy\OneDrive\tdnet-excel-input\tools\sync_financials.py", line 96, in _request
    r.raise_for_status()
  File "C:\Users\takuy\OneDrive\tdnet-excel-input\.venv\Lib\site-packages\requests\models.py", line 1026, in raise_for_status
    raise HTTPError(http_error_msg, response=self)
requests.exceptions.HTTPError: 401 Client Error: Unauthorized for url: https://fvkvfekzoebcolssnteo.supabase.co/rest/v1/financials?on_conflict=ticker%2Cperiod%2Cquarter

During handling of the above exception, another exception occurred:

Traceback (most recent call last):
  File "C:\Users\takuy\AppData\Roaming\uv\python\cpython-3.11-windows-x86_64-none\Lib\logging\__init__.py", line 1113, in emit
    stream.write(msg + self.terminator)
UnicodeEncodeError: 'cp932' codec can't encode character '\u2014' in position 61: illegal multibyte sequence
Call stack:
  File "C:\Users\takuy\OneDrive\tdnet-excel-input\tools\sync_financials.py", line 538, in <module>
    main()
  File "C:\Users\takuy\OneDrive\tdnet-excel-input\tools\sync_financials.py", line 512, in main
    stats = sync(
  File "C:\Users\takuy\OneDrive\tdnet-excel-input\tools\sync_financials.py", line 348, in sync
    n = api.upsert_batch(table, chunk, on_conflict="ticker,period,quarter")
  File "C:\Users\takuy\OneDrive\tdnet-excel-input\tools\sync_financials.py", line 139, in upsert_batch
    self._request(
  File "C:\Users\takuy\OneDrive\tdnet-excel-input\tools\sync_financials.py", line 123, in _request
    logger.error(
Message: '[API] HTTP 0 \u2014 ���g���C�s��\n  ���X�|���X: {"code":"42501","details":null,"hint":null,"message":"new row violates row-level security policy for table \\"financials\\""}'
Arguments: ()
--- Logging error ---
Traceback (most recent call last):
  File "C:\Users\takuy\OneDrive\tdnet-excel-input\tools\sync_financials.py", line 348, in sync
    n = api.upsert_batch(table, chunk, on_conflict="ticker,period,quarter")
        ^^^^^^^^^^^^^^^^^^^^^^^^^^^^^^^^^^^^^^^^^^^^^^^^^^^^^^^^^^^^^^^^^^^
  File "C:\Users\takuy\OneDrive\tdnet-excel-input\tools\sync_financials.py", line 139, in upsert_batch
    self._request(
  File "C:\Users\takuy\OneDrive\tdnet-excel-input\tools\sync_financials.py", line 96, in _request
    r.raise_for_status()
  File "C:\Users\takuy\OneDrive\tdnet-excel-input\.venv\Lib\site-packages\requests\models.py", line 1026, in raise_for_status
    raise HTTPError(http_error_msg, response=self)
requests.exceptions.HTTPError: 401 Client Error: Unauthorized for url: https://fvkvfekzoebcolssnteo.supabase.co/rest/v1/financials?on_conflict=ticker%2Cperiod%2Cquarter

During handling of the above exception, another exception occurred:

Traceback (most recent call last):
  File "C:\Users\takuy\AppData\Roaming\uv\python\cpython-3.11-windows-x86_64-none\Lib\logging\__init__.py", line 1113, in emit
    stream.write(msg + self.terminator)
UnicodeEncodeError: 'cp932' codec can't encode character '\u2014' in position 71: illegal multibyte sequence
Call stack:
  File "C:\Users\takuy\OneDrive\tdnet-excel-input\tools\sync_financials.py", line 538, in <module>
    main()
  File "C:\Users\takuy\OneDrive\tdnet-excel-input\tools\sync_financials.py", line 512, in main
    stats = sync(
  File "C:\Users\takuy\OneDrive\tdnet-excel-input\tools\sync_financials.py", line 360, in sync
    logger.error(
Message: "  batch 16/145: FAILED \u2014 401 Client Error: Unauthorized for url: https://fvkvfekzoebcolssnteo.supabase.co/rest/v1/financials?on_conflict=ticker%2Cperiod%2Cquarter\n  (�擪�s: {'ticker': '265A0', 'period': '2025-12-31', 'quarter': '2Q', 'sales': 439000000, 'gross_profit': 157161000, 'operating_profit': -36000000, 'source': 'jquants', 'updated_at': '2026-03-09T17:53:52.606130+09:00'})"
Arguments: ()
--- Logging error ---
Traceback (most recent call last):
  File "C:\Users\takuy\OneDrive\tdnet-excel-input\tools\sync_financials.py", line 96, in _request
    r.raise_for_status()
  File "C:\Users\takuy\OneDrive\tdnet-excel-input\.venv\Lib\site-packages\requests\models.py", line 1026, in raise_for_status
    raise HTTPError(http_error_msg, response=self)
requests.exceptions.HTTPError: 401 Client Error: Unauthorized for url: https://fvkvfekzoebcolssnteo.supabase.co/rest/v1/financials?on_conflict=ticker%2Cperiod%2Cquarter

During handling of the above exception, another exception occurred:

Traceback (most recent call last):
  File "C:\Users\takuy\AppData\Roaming\uv\python\cpython-3.11-windows-x86_64-none\Lib\logging\__init__.py", line 1113, in emit
    stream.write(msg + self.terminator)
UnicodeEncodeError: 'cp932' codec can't encode character '\u2014' in position 61: illegal multibyte sequence
Call stack:
  File "C:\Users\takuy\OneDrive\tdnet-excel-input\tools\sync_financials.py", line 538, in <module>
    main()
  File "C:\Users\takuy\OneDrive\tdnet-excel-input\tools\sync_financials.py", line 512, in main
    stats = sync(
  File "C:\Users\takuy\OneDrive\tdnet-excel-input\tools\sync_financials.py", line 348, in sync
    n = api.upsert_batch(table, chunk, on_conflict="ticker,period,quarter")
  File "C:\Users\takuy\OneDrive\tdnet-excel-input\tools\sync_financials.py", line 139, in upsert_batch
    self._request(
  File "C:\Users\takuy\OneDrive\tdnet-excel-input\tools\sync_financials.py", line 123, in _request
    logger.error(
Message: '[API] HTTP 0 \u2014 ���g���C�s��\n  ���X�|���X: {"code":"42501","details":null,"hint":null,"message":"new row violates row-level security policy for table \\"financials\\""}'
Arguments: ()
--- Logging error ---
Traceback (most recent call last):
  File "C:\Users\takuy\OneDrive\tdnet-excel-input\tools\sync_financials.py", line 348, in sync
    n = api.upsert_batch(table, chunk, on_conflict="ticker,period,quarter")
        ^^^^^^^^^^^^^^^^^^^^^^^^^^^^^^^^^^^^^^^^^^^^^^^^^^^^^^^^^^^^^^^^^^^
  File "C:\Users\takuy\OneDrive\tdnet-excel-input\tools\sync_financials.py", line 139, in upsert_batch
    self._request(
  File "C:\Users\takuy\OneDrive\tdnet-excel-input\tools\sync_financials.py", line 96, in _request
    r.raise_for_status()
  File "C:\Users\takuy\OneDrive\tdnet-excel-input\.venv\Lib\site-packages\requests\models.py", line 1026, in raise_for_status
    raise HTTPError(http_error_msg, response=self)
requests.exceptions.HTTPError: 401 Client Error: Unauthorized for url: https://fvkvfekzoebcolssnteo.supabase.co/rest/v1/financials?on_conflict=ticker%2Cperiod%2Cquarter

During handling of the above exception, another exception occurred:

Traceback (most recent call last):
  File "C:\Users\takuy\AppData\Roaming\uv\python\cpython-3.11-windows-x86_64-none\Lib\logging\__init__.py", line 1113, in emit
    stream.write(msg + self.terminator)
UnicodeEncodeError: 'cp932' codec can't encode character '\u2014' in position 71: illegal multibyte sequence
Call stack:
  File "C:\Users\takuy\OneDrive\tdnet-excel-input\tools\sync_financials.py", line 538, in <module>
    main()
  File "C:\Users\takuy\OneDrive\tdnet-excel-input\tools\sync_financials.py", line 512, in main
    stats = sync(
  File "C:\Users\takuy\OneDrive\tdnet-excel-input\tools\sync_financials.py", line 360, in sync
    logger.error(
Message: "  batch 17/145: FAILED \u2014 401 Client Error: Unauthorized for url: https://fvkvfekzoebcolssnteo.supabase.co/rest/v1/financials?on_conflict=ticker%2Cperiod%2Cquarter\n  (�擪�s: {'ticker': '27080', 'period': '2022-03-31', 'quarter': '2Q', 'sales': 19219000000, 'gross_profit': 4129000000, 'operating_profit': -961000000, 'source': 'jquants', 'updated_at': '2026-03-09T17:53:52.606130+09:00'})"
Arguments: ()
--- Logging error ---
Traceback (most recent call last):
  File "C:\Users\takuy\OneDrive\tdnet-excel-input\tools\sync_financials.py", line 96, in _request
    r.raise_for_status()
  File "C:\Users\takuy\OneDrive\tdnet-excel-input\.venv\Lib\site-packages\requests\models.py", line 1026, in raise_for_status
    raise HTTPError(http_error_msg, response=self)
requests.exceptions.HTTPError: 401 Client Error: Unauthorized for url: https://fvkvfekzoebcolssnteo.supabase.co/rest/v1/financials?on_conflict=ticker%2Cperiod%2Cquarter

During handling of the above exception, another exception occurred:

Traceback (most recent call last):
  File "C:\Users\takuy\AppData\Roaming\uv\python\cpython-3.11-windows-x86_64-none\Lib\logging\__init__.py", line 1113, in emit
    stream.write(msg + self.terminator)
UnicodeEncodeError: 'cp932' codec can't encode character '\u2014' in position 61: illegal multibyte sequence
Call stack:
  File "C:\Users\takuy\OneDrive\tdnet-excel-input\tools\sync_financials.py", line 538, in <module>
    main()
  File "C:\Users\takuy\OneDrive\tdnet-excel-input\tools\sync_financials.py", line 512, in main
    stats = sync(
  File "C:\Users\takuy\OneDrive\tdnet-excel-input\tools\sync_financials.py", line 348, in sync
    n = api.upsert_batch(table, chunk, on_conflict="ticker,period,quarter")
  File "C:\Users\takuy\OneDrive\tdnet-excel-input\tools\sync_financials.py", line 139, in upsert_batch
    self._request(
  File "C:\Users\takuy\OneDrive\tdnet-excel-input\tools\sync_financials.py", line 123, in _request
    logger.error(
Message: '[API] HTTP 0 \u2014 ���g���C�s��\n  ���X�|���X: {"code":"42501","details":null,"hint":null,"message":"new row violates row-level security policy for table \\"financials\\""}'
Arguments: ()
--- Logging error ---
Traceback (most recent call last):
  File "C:\Users\takuy\OneDrive\tdnet-excel-input\tools\sync_financials.py", line 348, in sync
    n = api.upsert_batch(table, chunk, on_conflict="ticker,period,quarter")
        ^^^^^^^^^^^^^^^^^^^^^^^^^^^^^^^^^^^^^^^^^^^^^^^^^^^^^^^^^^^^^^^^^^^
  File "C:\Users\takuy\OneDrive\tdnet-excel-input\tools\sync_financials.py", line 139, in upsert_batch
    self._request(
  File "C:\Users\takuy\OneDrive\tdnet-excel-input\tools\sync_financials.py", line 96, in _request
    r.raise_for_status()
  File "C:\Users\takuy\OneDrive\tdnet-excel-input\.venv\Lib\site-packages\requests\models.py", line 1026, in raise_for_status
    raise HTTPError(http_error_msg, response=self)
requests.exceptions.HTTPError: 401 Client Error: Unauthorized for url: https://fvkvfekzoebcolssnteo.supabase.co/rest/v1/financials?on_conflict=ticker%2Cperiod%2Cquarter

During handling of the above exception, another exception occurred:

Traceback (most recent call last):
  File "C:\Users\takuy\AppData\Roaming\uv\python\cpython-3.11-windows-x86_64-none\Lib\logging\__init__.py", line 1113, in emit
    stream.write(msg + self.terminator)
UnicodeEncodeError: 'cp932' codec can't encode character '\u2014' in position 71: illegal multibyte sequence
Call stack:
  File "C:\Users\takuy\OneDrive\tdnet-excel-input\tools\sync_financials.py", line 538, in <module>
    main()
  File "C:\Users\takuy\OneDrive\tdnet-excel-input\tools\sync_financials.py", line 512, in main
    stats = sync(
  File "C:\Users\takuy\OneDrive\tdnet-excel-input\tools\sync_financials.py", line 360, in sync
    logger.error(
Message: "  batch 18/145: FAILED \u2014 401 Client Error: Unauthorized for url: https://fvkvfekzoebcolssnteo.supabase.co/rest/v1/financials?on_conflict=ticker%2Cperiod%2Cquarter\n  (�擪�s: {'ticker': '27760', 'period': '2023-01-31', 'quarter': '2Q', 'sales': 1815000000, 'gross_profit': None, 'operating_profit': -142000000, 'source': 'jquants', 'updated_at': '2026-03-09T17:53:52.606130+09:00'})"
Arguments: ()
--- Logging error ---
Traceback (most recent call last):
  File "C:\Users\takuy\OneDrive\tdnet-excel-input\tools\sync_financials.py", line 96, in _request
    r.raise_for_status()
  File "C:\Users\takuy\OneDrive\tdnet-excel-input\.venv\Lib\site-packages\requests\models.py", line 1026, in raise_for_status
    raise HTTPError(http_error_msg, response=self)
requests.exceptions.HTTPError: 401 Client Error: Unauthorized for url: https://fvkvfekzoebcolssnteo.supabase.co/rest/v1/financials?on_conflict=ticker%2Cperiod%2Cquarter

During handling of the above exception, another exception occurred:

Traceback (most recent call last):
  File "C:\Users\takuy\AppData\Roaming\uv\python\cpython-3.11-windows-x86_64-none\Lib\logging\__init__.py", line 1113, in emit
    stream.write(msg + self.terminator)
UnicodeEncodeError: 'cp932' codec can't encode character '\u2014' in position 61: illegal multibyte sequence
Call stack:
  File "C:\Users\takuy\OneDrive\tdnet-excel-input\tools\sync_financials.py", line 538, in <module>
    main()
  File "C:\Users\takuy\OneDrive\tdnet-excel-input\tools\sync_financials.py", line 512, in main
    stats = sync(
  File "C:\Users\takuy\OneDrive\tdnet-excel-input\tools\sync_financials.py", line 348, in sync
    n = api.upsert_batch(table, chunk, on_conflict="ticker,period,quarter")
  File "C:\Users\takuy\OneDrive\tdnet-excel-input\tools\sync_financials.py", line 139, in upsert_batch
    self._request(
  File "C:\Users\takuy\OneDrive\tdnet-excel-input\tools\sync_financials.py", line 123, in _request
    logger.error(
Message: '[API] HTTP 0 \u2014 ���g���C�s��\n  ���X�|���X: {"code":"42501","details":null,"hint":null,"message":"new row violates row-level security policy for table \\"financials\\""}'
Arguments: ()
--- Logging error ---
Traceback (most recent call last):
  File "C:\Users\takuy\OneDrive\tdnet-excel-input\tools\sync_financials.py", line 348, in sync
    n = api.upsert_batch(table, chunk, on_conflict="ticker,period,quarter")
        ^^^^^^^^^^^^^^^^^^^^^^^^^^^^^^^^^^^^^^^^^^^^^^^^^^^^^^^^^^^^^^^^^^^
  File "C:\Users\takuy\OneDrive\tdnet-excel-input\tools\sync_financials.py", line 139, in upsert_batch
    self._request(
  File "C:\Users\takuy\OneDrive\tdnet-excel-input\tools\sync_financials.py", line 96, in _request
    r.raise_for_status()
  File "C:\Users\takuy\OneDrive\tdnet-excel-input\.venv\Lib\site-packages\requests\models.py", line 1026, in raise_for_status
    raise HTTPError(http_error_msg, response=self)
requests.exceptions.HTTPError: 401 Client Error: Unauthorized for url: https://fvkvfekzoebcolssnteo.supabase.co/rest/v1/financials?on_conflict=ticker%2Cperiod%2Cquarter

During handling of the above exception, another exception occurred:

Traceback (most recent call last):
  File "C:\Users\takuy\AppData\Roaming\uv\python\cpython-3.11-windows-x86_64-none\Lib\logging\__init__.py", line 1113, in emit
    stream.write(msg + self.terminator)
UnicodeEncodeError: 'cp932' codec can't encode character '\u2014' in position 71: illegal multibyte sequence
Call stack:
  File "C:\Users\takuy\OneDrive\tdnet-excel-input\tools\sync_financials.py", line 538, in <module>
    main()
  File "C:\Users\takuy\OneDrive\tdnet-excel-input\tools\sync_financials.py", line 512, in main
    stats = sync(
  File "C:\Users\takuy\OneDrive\tdnet-excel-input\tools\sync_financials.py", line 360, in sync
    logger.error(
Message: "  batch 19/145: FAILED \u2014 401 Client Error: Unauthorized for url: https://fvkvfekzoebcolssnteo.supabase.co/rest/v1/financials?on_conflict=ticker%2Cperiod%2Cquarter\n  (�擪�s: {'ticker': '28160', 'period': '2023-03-31', 'quarter': 'FY', 'sales': 23374000000, 'gross_profit': 8979000000, 'operating_profit': 484000000, 'source': 'jquants', 'updated_at': '2026-03-09T17:53:52.606130+09:00'})"
Arguments: ()
--- Logging error ---
Traceback (most recent call last):
  File "C:\Users\takuy\OneDrive\tdnet-excel-input\tools\sync_financials.py", line 96, in _request
    r.raise_for_status()
  File "C:\Users\takuy\OneDrive\tdnet-excel-input\.venv\Lib\site-packages\requests\models.py", line 1026, in raise_for_status
    raise HTTPError(http_error_msg, response=self)
requests.exceptions.HTTPError: 401 Client Error: Unauthorized for url: https://fvkvfekzoebcolssnteo.supabase.co/rest/v1/financials?on_conflict=ticker%2Cperiod%2Cquarter

During handling of the above exception, another exception occurred:

Traceback (most recent call last):
  File "C:\Users\takuy\AppData\Roaming\uv\python\cpython-3.11-windows-x86_64-none\Lib\logging\__init__.py", line 1113, in emit
    stream.write(msg + self.terminator)
UnicodeEncodeError: 'cp932' codec can't encode character '\u2014' in position 61: illegal multibyte sequence
Call stack:
  File "C:\Users\takuy\OneDrive\tdnet-excel-input\tools\sync_financials.py", line 538, in <module>
    main()
  File "C:\Users\takuy\OneDrive\tdnet-excel-input\tools\sync_financials.py", line 512, in main
    stats = sync(
  File "C:\Users\takuy\OneDrive\tdnet-excel-input\tools\sync_financials.py", line 348, in sync
    n = api.upsert_batch(table, chunk, on_conflict="ticker,period,quarter")
  File "C:\Users\takuy\OneDrive\tdnet-excel-input\tools\sync_financials.py", line 139, in upsert_batch
    self._request(
  File "C:\Users\takuy\OneDrive\tdnet-excel-input\tools\sync_financials.py", line 123, in _request
    logger.error(
Message: '[API] HTTP 0 \u2014 ���g���C�s��\n  ���X�|���X: {"code":"42501","details":null,"hint":null,"message":"new row violates row-level security policy for table \\"financials\\""}'
Arguments: ()
--- Logging error ---
Traceback (most recent call last):
  File "C:\Users\takuy\OneDrive\tdnet-excel-input\tools\sync_financials.py", line 348, in sync
    n = api.upsert_batch(table, chunk, on_conflict="ticker,period,quarter")
        ^^^^^^^^^^^^^^^^^^^^^^^^^^^^^^^^^^^^^^^^^^^^^^^^^^^^^^^^^^^^^^^^^^^
  File "C:\Users\takuy\OneDrive\tdnet-excel-input\tools\sync_financials.py", line 139, in upsert_batch
    self._request(
  File "C:\Users\takuy\OneDrive\tdnet-excel-input\tools\sync_financials.py", line 96, in _request
    r.raise_for_status()
  File "C:\Users\takuy\OneDrive\tdnet-excel-input\.venv\Lib\site-packages\requests\models.py", line 1026, in raise_for_status
    raise HTTPError(http_error_msg, response=self)
requests.exceptions.HTTPError: 401 Client Error: Unauthorized for url: https://fvkvfekzoebcolssnteo.supabase.co/rest/v1/financials?on_conflict=ticker%2Cperiod%2Cquarter

During handling of the above exception, another exception occurred:

Traceback (most recent call last):
  File "C:\Users\takuy\AppData\Roaming\uv\python\cpython-3.11-windows-x86_64-none\Lib\logging\__init__.py", line 1113, in emit
    stream.write(msg + self.terminator)
UnicodeEncodeError: 'cp932' codec can't encode character '\u2014' in position 71: illegal multibyte sequence
Call stack:
  File "C:\Users\takuy\OneDrive\tdnet-excel-input\tools\sync_financials.py", line 538, in <module>
    main()
  File "C:\Users\takuy\OneDrive\tdnet-excel-input\tools\sync_financials.py", line 512, in main
    stats = sync(
  File "C:\Users\takuy\OneDrive\tdnet-excel-input\tools\sync_financials.py", line 360, in sync
    logger.error(
Message: "  batch 20/145: FAILED \u2014 401 Client Error: Unauthorized for url: https://fvkvfekzoebcolssnteo.supabase.co/rest/v1/financials?on_conflict=ticker%2Cperiod%2Cquarter\n  (�擪�s: {'ticker': '29110', 'period': '2025-03-31', 'quarter': 'FY', 'sales': 8017000000, 'gross_profit': 2287092000, 'operating_profit': 225000000, 'source': 'jquants', 'updated_at': '2026-03-09T17:53:52.606130+09:00'})"
Arguments: ()
--- Logging error ---
Traceback (most recent call last):
  File "C:\Users\takuy\OneDrive\tdnet-excel-input\tools\sync_financials.py", line 96, in _request
    r.raise_for_status()
  File "C:\Users\takuy\OneDrive\tdnet-excel-input\.venv\Lib\site-packages\requests\models.py", line 1026, in raise_for_status
    raise HTTPError(http_error_msg, response=self)
requests.exceptions.HTTPError: 401 Client Error: Unauthorized for url: https://fvkvfekzoebcolssnteo.supabase.co/rest/v1/financials?on_conflict=ticker%2Cperiod%2Cquarter

During handling of the above exception, another exception occurred:

Traceback (most recent call last):
  File "C:\Users\takuy\AppData\Roaming\uv\python\cpython-3.11-windows-x86_64-none\Lib\logging\__init__.py", line 1113, in emit
    stream.write(msg + self.terminator)
UnicodeEncodeError: 'cp932' codec can't encode character '\u2014' in position 61: illegal multibyte sequence
Call stack:
  File "C:\Users\takuy\OneDrive\tdnet-excel-input\tools\sync_financials.py", line 538, in <module>
    main()
  File "C:\Users\takuy\OneDrive\tdnet-excel-input\tools\sync_financials.py", line 512, in main
    stats = sync(
  File "C:\Users\takuy\OneDrive\tdnet-excel-input\tools\sync_financials.py", line 348, in sync
    n = api.upsert_batch(table, chunk, on_conflict="ticker,period,quarter")
  File "C:\Users\takuy\OneDrive\tdnet-excel-input\tools\sync_financials.py", line 139, in upsert_batch
    self._request(
  File "C:\Users\takuy\OneDrive\tdnet-excel-input\tools\sync_financials.py", line 123, in _request
    logger.error(
Message: '[API] HTTP 0 \u2014 ���g���C�s��\n  ���X�|���X: {"code":"42501","details":null,"hint":null,"message":"new row violates row-level security policy for table \\"financials\\""}'
Arguments: ()
--- Logging error ---
Traceback (most recent call last):
  File "C:\Users\takuy\OneDrive\tdnet-excel-input\tools\sync_financials.py", line 348, in sync
    n = api.upsert_batch(table, chunk, on_conflict="ticker,period,quarter")
        ^^^^^^^^^^^^^^^^^^^^^^^^^^^^^^^^^^^^^^^^^^^^^^^^^^^^^^^^^^^^^^^^^^^
  File "C:\Users\takuy\OneDrive\tdnet-excel-input\tools\sync_financials.py", line 139, in upsert_batch
    self._request(
  File "C:\Users\takuy\OneDrive\tdnet-excel-input\tools\sync_financials.py", line 96, in _request
    r.raise_for_status()
  File "C:\Users\takuy\OneDrive\tdnet-excel-input\.venv\Lib\site-packages\requests\models.py", line 1026, in raise_for_status
    raise HTTPError(http_error_msg, response=self)
requests.exceptions.HTTPError: 401 Client Error: Unauthorized for url: https://fvkvfekzoebcolssnteo.supabase.co/rest/v1/financials?on_conflict=ticker%2Cperiod%2Cquarter

During handling of the above exception, another exception occurred:

Traceback (most recent call last):
  File "C:\Users\takuy\AppData\Roaming\uv\python\cpython-3.11-windows-x86_64-none\Lib\logging\__init__.py", line 1113, in emit
    stream.write(msg + self.terminator)
UnicodeEncodeError: 'cp932' codec can't encode character '\u2014' in position 71: illegal multibyte sequence
Call stack:
  File "C:\Users\takuy\OneDrive\tdnet-excel-input\tools\sync_financials.py", line 538, in <module>
    main()
  File "C:\Users\takuy\OneDrive\tdnet-excel-input\tools\sync_financials.py", line 512, in main
    stats = sync(
  File "C:\Users\takuy\OneDrive\tdnet-excel-input\tools\sync_financials.py", line 360, in sync
    logger.error(
Message: "  batch 21/145: FAILED \u2014 401 Client Error: Unauthorized for url: https://fvkvfekzoebcolssnteo.supabase.co/rest/v1/financials?on_conflict=ticker%2Cperiod%2Cquarter\n  (�擪�s: {'ticker': '29790', 'period': '2025-05-31', 'quarter': 'FY', 'sales': 4738000000, 'gross_profit': None, 'operating_profit': 2229000000, 'source': 'jquants', 'updated_at': '2026-03-09T17:53:52.606130+09:00'})"
Arguments: ()
--- Logging error ---
Traceback (most recent call last):
  File "C:\Users\takuy\OneDrive\tdnet-excel-input\tools\sync_financials.py", line 96, in _request
    r.raise_for_status()
  File "C:\Users\takuy\OneDrive\tdnet-excel-input\.venv\Lib\site-packages\requests\models.py", line 1026, in raise_for_status
    raise HTTPError(http_error_msg, response=self)
requests.exceptions.HTTPError: 401 Client Error: Unauthorized for url: https://fvkvfekzoebcolssnteo.supabase.co/rest/v1/financials?on_conflict=ticker%2Cperiod%2Cquarter

During handling of the above exception, another exception occurred:

Traceback (most recent call last):
  File "C:\Users\takuy\AppData\Roaming\uv\python\cpython-3.11-windows-x86_64-none\Lib\logging\__init__.py", line 1113, in emit
    stream.write(msg + self.terminator)
UnicodeEncodeError: 'cp932' codec can't encode character '\u2014' in position 61: illegal multibyte sequence
Call stack:
  File "C:\Users\takuy\OneDrive\tdnet-excel-input\tools\sync_financials.py", line 538, in <module>
    main()
  File "C:\Users\takuy\OneDrive\tdnet-excel-input\tools\sync_financials.py", line 512, in main
    stats = sync(
  File "C:\Users\takuy\OneDrive\tdnet-excel-input\tools\sync_financials.py", line 348, in sync
    n = api.upsert_batch(table, chunk, on_conflict="ticker,period,quarter")
  File "C:\Users\takuy\OneDrive\tdnet-excel-input\tools\sync_financials.py", line 139, in upsert_batch
    self._request(
  File "C:\Users\takuy\OneDrive\tdnet-excel-input\tools\sync_financials.py", line 123, in _request
    logger.error(
Message: '[API] HTTP 0 \u2014 ���g���C�s��\n  ���X�|���X: {"code":"42501","details":null,"hint":null,"message":"new row violates row-level security policy for table \\"financials\\""}'
Arguments: ()
--- Logging error ---
Traceback (most recent call last):
  File "C:\Users\takuy\OneDrive\tdnet-excel-input\tools\sync_financials.py", line 348, in sync
    n = api.upsert_batch(table, chunk, on_conflict="ticker,period,quarter")
        ^^^^^^^^^^^^^^^^^^^^^^^^^^^^^^^^^^^^^^^^^^^^^^^^^^^^^^^^^^^^^^^^^^^
  File "C:\Users\takuy\OneDrive\tdnet-excel-input\tools\sync_financials.py", line 139, in upsert_batch
    self._request(
  File "C:\Users\takuy\OneDrive\tdnet-excel-input\tools\sync_financials.py", line 96, in _request
    r.raise_for_status()
  File "C:\Users\takuy\OneDrive\tdnet-excel-input\.venv\Lib\site-packages\requests\models.py", line 1026, in raise_for_status
    raise HTTPError(http_error_msg, response=self)
requests.exceptions.HTTPError: 401 Client Error: Unauthorized for url: https://fvkvfekzoebcolssnteo.supabase.co/rest/v1/financials?on_conflict=ticker%2Cperiod%2Cquarter

During handling of the above exception, another exception occurred:

Traceback (most recent call last):
  File "C:\Users\takuy\AppData\Roaming\uv\python\cpython-3.11-windows-x86_64-none\Lib\logging\__init__.py", line 1113, in emit
    stream.write(msg + self.terminator)
UnicodeEncodeError: 'cp932' codec can't encode character '\u2014' in position 71: illegal multibyte sequence
Call stack:
  File "C:\Users\takuy\OneDrive\tdnet-excel-input\tools\sync_financials.py", line 538, in <module>
    main()
  File "C:\Users\takuy\OneDrive\tdnet-excel-input\tools\sync_financials.py", line 512, in main
    stats = sync(
  File "C:\Users\takuy\OneDrive\tdnet-excel-input\tools\sync_financials.py", line 360, in sync
    logger.error(
Message: "  batch 22/145: FAILED \u2014 401 Client Error: Unauthorized for url: https://fvkvfekzoebcolssnteo.supabase.co/rest/v1/financials?on_conflict=ticker%2Cperiod%2Cquarter\n  (�擪�s: {'ticker': '30340', 'period': '2022-03-31', 'quarter': 'FY', 'sales': 166199000000, 'gross_profit': 23163000000, 'operating_profit': 9855000000, 'source': 'jquants', 'updated_at': '2026-03-09T17:53:52.606130+09:00'})"
Arguments: ()
--- Logging error ---
Traceback (most recent call last):
  File "C:\Users\takuy\OneDrive\tdnet-excel-input\tools\sync_financials.py", line 96, in _request
    r.raise_for_status()
  File "C:\Users\takuy\OneDrive\tdnet-excel-input\.venv\Lib\site-packages\requests\models.py", line 1026, in raise_for_status
    raise HTTPError(http_error_msg, response=self)
requests.exceptions.HTTPError: 401 Client Error: Unauthorized for url: https://fvkvfekzoebcolssnteo.supabase.co/rest/v1/financials?on_conflict=ticker%2Cperiod%2Cquarter

During handling of the above exception, another exception occurred:

Traceback (most recent call last):
  File "C:\Users\takuy\AppData\Roaming\uv\python\cpython-3.11-windows-x86_64-none\Lib\logging\__init__.py", line 1113, in emit
    stream.write(msg + self.terminator)
UnicodeEncodeError: 'cp932' codec can't encode character '\u2014' in position 61: illegal multibyte sequence
Call stack:
  File "C:\Users\takuy\OneDrive\tdnet-excel-input\tools\sync_financials.py", line 538, in <module>
    main()
  File "C:\Users\takuy\OneDrive\tdnet-excel-input\tools\sync_financials.py", line 512, in main
    stats = sync(
  File "C:\Users\takuy\OneDrive\tdnet-excel-input\tools\sync_financials.py", line 348, in sync
    n = api.upsert_batch(table, chunk, on_conflict="ticker,period,quarter")
  File "C:\Users\takuy\OneDrive\tdnet-excel-input\tools\sync_financials.py", line 139, in upsert_batch
    self._request(
  File "C:\Users\takuy\OneDrive\tdnet-excel-input\tools\sync_financials.py", line 123, in _request
    logger.error(
Message: '[API] HTTP 0 \u2014 ���g���C�s��\n  ���X�|���X: {"code":"42501","details":null,"hint":null,"message":"new row violates row-level security policy for table \\"financials\\""}'
Arguments: ()
--- Logging error ---
Traceback (most recent call last):
  File "C:\Users\takuy\OneDrive\tdnet-excel-input\tools\sync_financials.py", line 348, in sync
    n = api.upsert_batch(table, chunk, on_conflict="ticker,period,quarter")
        ^^^^^^^^^^^^^^^^^^^^^^^^^^^^^^^^^^^^^^^^^^^^^^^^^^^^^^^^^^^^^^^^^^^
  File "C:\Users\takuy\OneDrive\tdnet-excel-input\tools\sync_financials.py", line 139, in upsert_batch
    self._request(
  File "C:\Users\takuy\OneDrive\tdnet-excel-input\tools\sync_financials.py", line 96, in _request
    r.raise_for_status()
  File "C:\Users\takuy\OneDrive\tdnet-excel-input\.venv\Lib\site-packages\requests\models.py", line 1026, in raise_for_status
    raise HTTPError(http_error_msg, response=self)
requests.exceptions.HTTPError: 401 Client Error: Unauthorized for url: https://fvkvfekzoebcolssnteo.supabase.co/rest/v1/financials?on_conflict=ticker%2Cperiod%2Cquarter

During handling of the above exception, another exception occurred:

Traceback (most recent call last):
  File "C:\Users\takuy\AppData\Roaming\uv\python\cpython-3.11-windows-x86_64-none\Lib\logging\__init__.py", line 1113, in emit
    stream.write(msg + self.terminator)
UnicodeEncodeError: 'cp932' codec can't encode character '\u2014' in position 71: illegal multibyte sequence
Call stack:
  File "C:\Users\takuy\OneDrive\tdnet-excel-input\tools\sync_financials.py", line 538, in <module>
    main()
  File "C:\Users\takuy\OneDrive\tdnet-excel-input\tools\sync_financials.py", line 512, in main
    stats = sync(
  File "C:\Users\takuy\OneDrive\tdnet-excel-input\tools\sync_financials.py", line 360, in sync
    logger.error(
Message: "  batch 23/145: FAILED \u2014 401 Client Error: Unauthorized for url: https://fvkvfekzoebcolssnteo.supabase.co/rest/v1/financials?on_conflict=ticker%2Cperiod%2Cquarter\n  (�擪�s: {'ticker': '30760', 'period': '2023-06-30', 'quarter': 'FY', 'sales': 46396000000, 'gross_profit': 22821000000, 'operating_profit': 9434000000, 'source': 'jquants', 'updated_at': '2026-03-09T17:53:52.606130+09:00'})"
Arguments: ()
--- Logging error ---
Traceback (most recent call last):
  File "C:\Users\takuy\OneDrive\tdnet-excel-input\tools\sync_financials.py", line 96, in _request
    r.raise_for_status()
  File "C:\Users\takuy\OneDrive\tdnet-excel-input\.venv\Lib\site-packages\requests\models.py", line 1026, in raise_for_status
    raise HTTPError(http_error_msg, response=self)
requests.exceptions.HTTPError: 401 Client Error: Unauthorized for url: https://fvkvfekzoebcolssnteo.supabase.co/rest/v1/financials?on_conflict=ticker%2Cperiod%2Cquarter

During handling of the above exception, another exception occurred:

Traceback (most recent call last):
  File "C:\Users\takuy\AppData\Roaming\uv\python\cpython-3.11-windows-x86_64-none\Lib\logging\__init__.py", line 1113, in emit
    stream.write(msg + self.terminator)
UnicodeEncodeError: 'cp932' codec can't encode character '\u2014' in position 61: illegal multibyte sequence
Call stack:
  File "C:\Users\takuy\OneDrive\tdnet-excel-input\tools\sync_financials.py", line 538, in <module>
    main()
  File "C:\Users\takuy\OneDrive\tdnet-excel-input\tools\sync_financials.py", line 512, in main
    stats = sync(
  File "C:\Users\takuy\OneDrive\tdnet-excel-input\tools\sync_financials.py", line 348, in sync
    n = api.upsert_batch(table, chunk, on_conflict="ticker,period,quarter")
  File "C:\Users\takuy\OneDrive\tdnet-excel-input\tools\sync_financials.py", line 139, in upsert_batch
    self._request(
  File "C:\Users\takuy\OneDrive\tdnet-excel-input\tools\sync_financials.py", line 123, in _request
    logger.error(
Message: '[API] HTTP 0 \u2014 ���g���C�s��\n  ���X�|���X: {"code":"42501","details":null,"hint":null,"message":"new row violates row-level security policy for table \\"financials\\""}'
Arguments: ()
--- Logging error ---
Traceback (most recent call last):
  File "C:\Users\takuy\OneDrive\tdnet-excel-input\tools\sync_financials.py", line 348, in sync
    n = api.upsert_batch(table, chunk, on_conflict="ticker,period,quarter")
        ^^^^^^^^^^^^^^^^^^^^^^^^^^^^^^^^^^^^^^^^^^^^^^^^^^^^^^^^^^^^^^^^^^^
  File "C:\Users\takuy\OneDrive\tdnet-excel-input\tools\sync_financials.py", line 139, in upsert_batch
    self._request(
  File "C:\Users\takuy\OneDrive\tdnet-excel-input\tools\sync_financials.py", line 96, in _request
    r.raise_for_status()
  File "C:\Users\takuy\OneDrive\tdnet-excel-input\.venv\Lib\site-packages\requests\models.py", line 1026, in raise_for_status
    raise HTTPError(http_error_msg, response=self)
requests.exceptions.HTTPError: 401 Client Error: Unauthorized for url: https://fvkvfekzoebcolssnteo.supabase.co/rest/v1/financials?on_conflict=ticker%2Cperiod%2Cquarter

During handling of the above exception, another exception occurred:

Traceback (most recent call last):
  File "C:\Users\takuy\AppData\Roaming\uv\python\cpython-3.11-windows-x86_64-none\Lib\logging\__init__.py", line 1113, in emit
    stream.write(msg + self.terminator)
UnicodeEncodeError: 'cp932' codec can't encode character '\u2014' in position 71: illegal multibyte sequence
Call stack:
  File "C:\Users\takuy\OneDrive\tdnet-excel-input\tools\sync_financials.py", line 538, in <module>
    main()
  File "C:\Users\takuy\OneDrive\tdnet-excel-input\tools\sync_financials.py", line 512, in main
    stats = sync(
  File "C:\Users\takuy\OneDrive\tdnet-excel-input\tools\sync_financials.py", line 360, in sync
    logger.error(
Message: "  batch 24/145: FAILED \u2014 401 Client Error: Unauthorized for url: https://fvkvfekzoebcolssnteo.supabase.co/rest/v1/financials?on_conflict=ticker%2Cperiod%2Cquarter\n  (�擪�s: {'ticker': '31130', 'period': '2023-03-31', 'quarter': '3Q', 'sales': 1061000000, 'gross_profit': 465115000, 'operating_profit': -561000000, 'source': 'jquants', 'updated_at': '2026-03-09T17:53:52.606130+09:00'})"
Arguments: ()
--- Logging error ---
Traceback (most recent call last):
  File "C:\Users\takuy\OneDrive\tdnet-excel-input\tools\sync_financials.py", line 96, in _request
    r.raise_for_status()
  File "C:\Users\takuy\OneDrive\tdnet-excel-input\.venv\Lib\site-packages\requests\models.py", line 1026, in raise_for_status
    raise HTTPError(http_error_msg, response=self)
requests.exceptions.HTTPError: 401 Client Error: Unauthorized for url: https://fvkvfekzoebcolssnteo.supabase.co/rest/v1/financials?on_conflict=ticker%2Cperiod%2Cquarter

During handling of the above exception, another exception occurred:

Traceback (most recent call last):
  File "C:\Users\takuy\AppData\Roaming\uv\python\cpython-3.11-windows-x86_64-none\Lib\logging\__init__.py", line 1113, in emit
    stream.write(msg + self.terminator)
UnicodeEncodeError: 'cp932' codec can't encode character '\u2014' in position 61: illegal multibyte sequence
Call stack:
  File "C:\Users\takuy\OneDrive\tdnet-excel-input\tools\sync_financials.py", line 538, in <module>
    main()
  File "C:\Users\takuy\OneDrive\tdnet-excel-input\tools\sync_financials.py", line 512, in main
    stats = sync(
  File "C:\Users\takuy\OneDrive\tdnet-excel-input\tools\sync_financials.py", line 348, in sync
    n = api.upsert_batch(table, chunk, on_conflict="ticker,period,quarter")
  File "C:\Users\takuy\OneDrive\tdnet-excel-input\tools\sync_financials.py", line 139, in upsert_batch
    self._request(
  File "C:\Users\takuy\OneDrive\tdnet-excel-input\tools\sync_financials.py", line 123, in _request
    logger.error(
Message: '[API] HTTP 0 \u2014 ���g���C�s��\n  ���X�|���X: {"code":"42501","details":null,"hint":null,"message":"new row violates row-level security policy for table \\"financials\\""}'
Arguments: ()
--- Logging error ---
Traceback (most recent call last):
  File "C:\Users\takuy\OneDrive\tdnet-excel-input\tools\sync_financials.py", line 348, in sync
    n = api.upsert_batch(table, chunk, on_conflict="ticker,period,quarter")
        ^^^^^^^^^^^^^^^^^^^^^^^^^^^^^^^^^^^^^^^^^^^^^^^^^^^^^^^^^^^^^^^^^^^
  File "C:\Users\takuy\OneDrive\tdnet-excel-input\tools\sync_financials.py", line 139, in upsert_batch
    self._request(
  File "C:\Users\takuy\OneDrive\tdnet-excel-input\tools\sync_financials.py", line 96, in _request
    r.raise_for_status()
  File "C:\Users\takuy\OneDrive\tdnet-excel-input\.venv\Lib\site-packages\requests\models.py", line 1026, in raise_for_status
    raise HTTPError(http_error_msg, response=self)
requests.exceptions.HTTPError: 401 Client Error: Unauthorized for url: https://fvkvfekzoebcolssnteo.supabase.co/rest/v1/financials?on_conflict=ticker%2Cperiod%2Cquarter

During handling of the above exception, another exception occurred:

Traceback (most recent call last):
  File "C:\Users\takuy\AppData\Roaming\uv\python\cpython-3.11-windows-x86_64-none\Lib\logging\__init__.py", line 1113, in emit
    stream.write(msg + self.terminator)
UnicodeEncodeError: 'cp932' codec can't encode character '\u2014' in position 71: illegal multibyte sequence
Call stack:
  File "C:\Users\takuy\OneDrive\tdnet-excel-input\tools\sync_financials.py", line 538, in <module>
    main()
  File "C:\Users\takuy\OneDrive\tdnet-excel-input\tools\sync_financials.py", line 512, in main
    stats = sync(
  File "C:\Users\takuy\OneDrive\tdnet-excel-input\tools\sync_financials.py", line 360, in sync
    logger.error(
Message: "  batch 25/145: FAILED \u2014 401 Client Error: Unauthorized for url: https://fvkvfekzoebcolssnteo.supabase.co/rest/v1/financials?on_conflict=ticker%2Cperiod%2Cquarter\n  (�擪�s: {'ticker': '31670', 'period': '2021-03-31', 'quarter': 'FY', 'sales': 196726000000, 'gross_profit': 82870000000, 'operating_profit': 15226000000, 'source': 'jquants', 'updated_at': '2026-03-09T17:53:52.606130+09:00'})"
Arguments: ()
--- Logging error ---
Traceback (most recent call last):
  File "C:\Users\takuy\OneDrive\tdnet-excel-input\tools\sync_financials.py", line 96, in _request
    r.raise_for_status()
  File "C:\Users\takuy\OneDrive\tdnet-excel-input\.venv\Lib\site-packages\requests\models.py", line 1026, in raise_for_status
    raise HTTPError(http_error_msg, response=self)
requests.exceptions.HTTPError: 401 Client Error: Unauthorized for url: https://fvkvfekzoebcolssnteo.supabase.co/rest/v1/financials?on_conflict=ticker%2Cperiod%2Cquarter

During handling of the above exception, another exception occurred:

Traceback (most recent call last):
  File "C:\Users\takuy\AppData\Roaming\uv\python\cpython-3.11-windows-x86_64-none\Lib\logging\__init__.py", line 1113, in emit
    stream.write(msg + self.terminator)
UnicodeEncodeError: 'cp932' codec can't encode character '\u2014' in position 61: illegal multibyte sequence
Call stack:
  File "C:\Users\takuy\OneDrive\tdnet-excel-input\tools\sync_financials.py", line 538, in <module>
    main()
  File "C:\Users\takuy\OneDrive\tdnet-excel-input\tools\sync_financials.py", line 512, in main
    stats = sync(
  File "C:\Users\takuy\OneDrive\tdnet-excel-input\tools\sync_financials.py", line 348, in sync
    n = api.upsert_batch(table, chunk, on_conflict="ticker,period,quarter")
  File "C:\Users\takuy\OneDrive\tdnet-excel-input\tools\sync_financials.py", line 139, in upsert_batch
    self._request(
  File "C:\Users\takuy\OneDrive\tdnet-excel-input\tools\sync_financials.py", line 123, in _request
    logger.error(
Message: '[API] HTTP 0 \u2014 ���g���C�s��\n  ���X�|���X: {"code":"42501","details":null,"hint":null,"message":"new row violates row-level security policy for table \\"financials\\""}'
Arguments: ()
--- Logging error ---
Traceback (most recent call last):
  File "C:\Users\takuy\OneDrive\tdnet-excel-input\tools\sync_financials.py", line 348, in sync
    n = api.upsert_batch(table, chunk, on_conflict="ticker,period,quarter")
        ^^^^^^^^^^^^^^^^^^^^^^^^^^^^^^^^^^^^^^^^^^^^^^^^^^^^^^^^^^^^^^^^^^^
  File "C:\Users\takuy\OneDrive\tdnet-excel-input\tools\sync_financials.py", line 139, in upsert_batch
    self._request(
  File "C:\Users\takuy\OneDrive\tdnet-excel-input\tools\sync_financials.py", line 96, in _request
    r.raise_for_status()
  File "C:\Users\takuy\OneDrive\tdnet-excel-input\.venv\Lib\site-packages\requests\models.py", line 1026, in raise_for_status
    raise HTTPError(http_error_msg, response=self)
requests.exceptions.HTTPError: 401 Client Error: Unauthorized for url: https://fvkvfekzoebcolssnteo.supabase.co/rest/v1/financials?on_conflict=ticker%2Cperiod%2Cquarter

During handling of the above exception, another exception occurred:

Traceback (most recent call last):
  File "C:\Users\takuy\AppData\Roaming\uv\python\cpython-3.11-windows-x86_64-none\Lib\logging\__init__.py", line 1113, in emit
    stream.write(msg + self.terminator)
UnicodeEncodeError: 'cp932' codec can't encode character '\u2014' in position 71: illegal multibyte sequence
Call stack:
  File "C:\Users\takuy\OneDrive\tdnet-excel-input\tools\sync_financials.py", line 538, in <module>
    main()
  File "C:\Users\takuy\OneDrive\tdnet-excel-input\tools\sync_financials.py", line 512, in main
    stats = sync(
  File "C:\Users\takuy\OneDrive\tdnet-excel-input\tools\sync_financials.py", line 360, in sync
    logger.error(
Message: "  batch 26/145: FAILED \u2014 401 Client Error: Unauthorized for url: https://fvkvfekzoebcolssnteo.supabase.co/rest/v1/financials?on_conflict=ticker%2Cperiod%2Cquarter\n  (�擪�s: {'ticker': '31950', 'period': '2024-10-31', 'quarter': '1Q', 'sales': 4004000000, 'gross_profit': 1113845000, 'operating_profit': 45000000, 'source': 'jquants', 'updated_at': '2026-03-09T17:53:52.606130+09:00'})"
Arguments: ()
--- Logging error ---
Traceback (most recent call last):
  File "C:\Users\takuy\OneDrive\tdnet-excel-input\tools\sync_financials.py", line 96, in _request
    r.raise_for_status()
  File "C:\Users\takuy\OneDrive\tdnet-excel-input\.venv\Lib\site-packages\requests\models.py", line 1026, in raise_for_status
    raise HTTPError(http_error_msg, response=self)
requests.exceptions.HTTPError: 401 Client Error: Unauthorized for url: https://fvkvfekzoebcolssnteo.supabase.co/rest/v1/financials?on_conflict=ticker%2Cperiod%2Cquarter

During handling of the above exception, another exception occurred:

Traceback (most recent call last):
  File "C:\Users\takuy\AppData\Roaming\uv\python\cpython-3.11-windows-x86_64-none\Lib\logging\__init__.py", line 1113, in emit
    stream.write(msg + self.terminator)
UnicodeEncodeError: 'cp932' codec can't encode character '\u2014' in position 61: illegal multibyte sequence
Call stack:
  File "C:\Users\takuy\OneDrive\tdnet-excel-input\tools\sync_financials.py", line 538, in <module>
    main()
  File "C:\Users\takuy\OneDrive\tdnet-excel-input\tools\sync_financials.py", line 512, in main
    stats = sync(
  File "C:\Users\takuy\OneDrive\tdnet-excel-input\tools\sync_financials.py", line 348, in sync
    n = api.upsert_batch(table, chunk, on_conflict="ticker,period,quarter")
  File "C:\Users\takuy\OneDrive\tdnet-excel-input\tools\sync_financials.py", line 139, in upsert_batch
    self._request(
  File "C:\Users\takuy\OneDrive\tdnet-excel-input\tools\sync_financials.py", line 123, in _request
    logger.error(
Message: '[API] HTTP 0 \u2014 ���g���C�s��\n  ���X�|���X: {"code":"42501","details":null,"hint":null,"message":"new row violates row-level security policy for table \\"financials\\""}'
Arguments: ()
--- Logging error ---
Traceback (most recent call last):
  File "C:\Users\takuy\OneDrive\tdnet-excel-input\tools\sync_financials.py", line 348, in sync
    n = api.upsert_batch(table, chunk, on_conflict="ticker,period,quarter")
        ^^^^^^^^^^^^^^^^^^^^^^^^^^^^^^^^^^^^^^^^^^^^^^^^^^^^^^^^^^^^^^^^^^^
  File "C:\Users\takuy\OneDrive\tdnet-excel-input\tools\sync_financials.py", line 139, in upsert_batch
    self._request(
  File "C:\Users\takuy\OneDrive\tdnet-excel-input\tools\sync_financials.py", line 96, in _request
    r.raise_for_status()
  File "C:\Users\takuy\OneDrive\tdnet-excel-input\.venv\Lib\site-packages\requests\models.py", line 1026, in raise_for_status
    raise HTTPError(http_error_msg, response=self)
requests.exceptions.HTTPError: 401 Client Error: Unauthorized for url: https://fvkvfekzoebcolssnteo.supabase.co/rest/v1/financials?on_conflict=ticker%2Cperiod%2Cquarter

During handling of the above exception, another exception occurred:

Traceback (most recent call last):
  File "C:\Users\takuy\AppData\Roaming\uv\python\cpython-3.11-windows-x86_64-none\Lib\logging\__init__.py", line 1113, in emit
    stream.write(msg + self.terminator)
UnicodeEncodeError: 'cp932' codec can't encode character '\u2014' in position 71: illegal multibyte sequence
Call stack:
  File "C:\Users\takuy\OneDrive\tdnet-excel-input\tools\sync_financials.py", line 538, in <module>
    main()
  File "C:\Users\takuy\OneDrive\tdnet-excel-input\tools\sync_financials.py", line 512, in main
    stats = sync(
  File "C:\Users\takuy\OneDrive\tdnet-excel-input\tools\sync_financials.py", line 360, in sync
    logger.error(
Message: "  batch 27/145: FAILED \u2014 401 Client Error: Unauthorized for url: https://fvkvfekzoebcolssnteo.supabase.co/rest/v1/financials?on_conflict=ticker%2Cperiod%2Cquarter\n  (�擪�s: {'ticker': '32520', 'period': '2021-12-31', 'quarter': 'FY', 'sales': 56177000000, 'gross_profit': 9263000000, 'operating_profit': 5475000000, 'source': 'jquants', 'updated_at': '2026-03-09T17:53:52.606130+09:00'})"
Arguments: ()
--- Logging error ---
Traceback (most recent call last):
  File "C:\Users\takuy\OneDrive\tdnet-excel-input\tools\sync_financials.py", line 96, in _request
    r.raise_for_status()
  File "C:\Users\takuy\OneDrive\tdnet-excel-input\.venv\Lib\site-packages\requests\models.py", line 1026, in raise_for_status
    raise HTTPError(http_error_msg, response=self)
requests.exceptions.HTTPError: 401 Client Error: Unauthorized for url: https://fvkvfekzoebcolssnteo.supabase.co/rest/v1/financials?on_conflict=ticker%2Cperiod%2Cquarter

During handling of the above exception, another exception occurred:

Traceback (most recent call last):
  File "C:\Users\takuy\AppData\Roaming\uv\python\cpython-3.11-windows-x86_64-none\Lib\logging\__init__.py", line 1113, in emit
    stream.write(msg + self.terminator)
UnicodeEncodeError: 'cp932' codec can't encode character '\u2014' in position 61: illegal multibyte sequence
Call stack:
  File "C:\Users\takuy\OneDrive\tdnet-excel-input\tools\sync_financials.py", line 538, in <module>
    main()
  File "C:\Users\takuy\OneDrive\tdnet-excel-input\tools\sync_financials.py", line 512, in main
    stats = sync(
  File "C:\Users\takuy\OneDrive\tdnet-excel-input\tools\sync_financials.py", line 348, in sync
    n = api.upsert_batch(table, chunk, on_conflict="ticker,period,quarter")
  File "C:\Users\takuy\OneDrive\tdnet-excel-input\tools\sync_financials.py", line 139, in upsert_batch
    self._request(
  File "C:\Users\takuy\OneDrive\tdnet-excel-input\tools\sync_financials.py", line 123, in _request
    logger.error(
Message: '[API] HTTP 0 \u2014 ���g���C�s��\n  ���X�|���X: {"code":"42501","details":null,"hint":null,"message":"new row violates row-level security policy for table \\"financials\\""}'
Arguments: ()
--- Logging error ---
Traceback (most recent call last):
  File "C:\Users\takuy\OneDrive\tdnet-excel-input\tools\sync_financials.py", line 348, in sync
    n = api.upsert_batch(table, chunk, on_conflict="ticker,period,quarter")
        ^^^^^^^^^^^^^^^^^^^^^^^^^^^^^^^^^^^^^^^^^^^^^^^^^^^^^^^^^^^^^^^^^^^
  File "C:\Users\takuy\OneDrive\tdnet-excel-input\tools\sync_financials.py", line 139, in upsert_batch
    self._request(
  File "C:\Users\takuy\OneDrive\tdnet-excel-input\tools\sync_financials.py", line 96, in _request
    r.raise_for_status()
  File "C:\Users\takuy\OneDrive\tdnet-excel-input\.venv\Lib\site-packages\requests\models.py", line 1026, in raise_for_status
    raise HTTPError(http_error_msg, response=self)
requests.exceptions.HTTPError: 401 Client Error: Unauthorized for url: https://fvkvfekzoebcolssnteo.supabase.co/rest/v1/financials?on_conflict=ticker%2Cperiod%2Cquarter

During handling of the above exception, another exception occurred:

Traceback (most recent call last):
  File "C:\Users\takuy\AppData\Roaming\uv\python\cpython-3.11-windows-x86_64-none\Lib\logging\__init__.py", line 1113, in emit
    stream.write(msg + self.terminator)
UnicodeEncodeError: 'cp932' codec can't encode character '\u2014' in position 71: illegal multibyte sequence
Call stack:
  File "C:\Users\takuy\OneDrive\tdnet-excel-input\tools\sync_financials.py", line 538, in <module>
    main()
  File "C:\Users\takuy\OneDrive\tdnet-excel-input\tools\sync_financials.py", line 512, in main
    stats = sync(
  File "C:\Users\takuy\OneDrive\tdnet-excel-input\tools\sync_financials.py", line 360, in sync
    logger.error(
Message: "  batch 28/145: FAILED \u2014 401 Client Error: Unauthorized for url: https://fvkvfekzoebcolssnteo.supabase.co/rest/v1/financials?on_conflict=ticker%2Cperiod%2Cquarter\n  (�擪�s: {'ticker': '33060', 'period': '2025-03-31', 'quarter': '3Q', 'sales': 3407000000, 'gross_profit': 836113000, 'operating_profit': 245000000, 'source': 'jquants', 'updated_at': '2026-03-09T17:53:52.606130+09:00'})"
Arguments: ()
--- Logging error ---
Traceback (most recent call last):
  File "C:\Users\takuy\OneDrive\tdnet-excel-input\tools\sync_financials.py", line 96, in _request
    r.raise_for_status()
  File "C:\Users\takuy\OneDrive\tdnet-excel-input\.venv\Lib\site-packages\requests\models.py", line 1026, in raise_for_status
    raise HTTPError(http_error_msg, response=self)
requests.exceptions.HTTPError: 401 Client Error: Unauthorized for url: https://fvkvfekzoebcolssnteo.supabase.co/rest/v1/financials?on_conflict=ticker%2Cperiod%2Cquarter

During handling of the above exception, another exception occurred:

Traceback (most recent call last):
  File "C:\Users\takuy\AppData\Roaming\uv\python\cpython-3.11-windows-x86_64-none\Lib\logging\__init__.py", line 1113, in emit
    stream.write(msg + self.terminator)
UnicodeEncodeError: 'cp932' codec can't encode character '\u2014' in position 61: illegal multibyte sequence
Call stack:
  File "C:\Users\takuy\OneDrive\tdnet-excel-input\tools\sync_financials.py", line 538, in <module>
    main()
  File "C:\Users\takuy\OneDrive\tdnet-excel-input\tools\sync_financials.py", line 512, in main
    stats = sync(
  File "C:\Users\takuy\OneDrive\tdnet-excel-input\tools\sync_financials.py", line 348, in sync
    n = api.upsert_batch(table, chunk, on_conflict="ticker,period,quarter")
  File "C:\Users\takuy\OneDrive\tdnet-excel-input\tools\sync_financials.py", line 139, in upsert_batch
    self._request(
  File "C:\Users\takuy\OneDrive\tdnet-excel-input\tools\sync_financials.py", line 123, in _request
    logger.error(
Message: '[API] HTTP 0 \u2014 ���g���C�s��\n  ���X�|���X: {"code":"42501","details":null,"hint":null,"message":"new row violates row-level security policy for table \\"financials\\""}'
Arguments: ()
--- Logging error ---
Traceback (most recent call last):
  File "C:\Users\takuy\OneDrive\tdnet-excel-input\tools\sync_financials.py", line 348, in sync
    n = api.upsert_batch(table, chunk, on_conflict="ticker,period,quarter")
        ^^^^^^^^^^^^^^^^^^^^^^^^^^^^^^^^^^^^^^^^^^^^^^^^^^^^^^^^^^^^^^^^^^^
  File "C:\Users\takuy\OneDrive\tdnet-excel-input\tools\sync_financials.py", line 139, in upsert_batch
    self._request(
  File "C:\Users\takuy\OneDrive\tdnet-excel-input\tools\sync_financials.py", line 96, in _request
    r.raise_for_status()
  File "C:\Users\takuy\OneDrive\tdnet-excel-input\.venv\Lib\site-packages\requests\models.py", line 1026, in raise_for_status
    raise HTTPError(http_error_msg, response=self)
requests.exceptions.HTTPError: 401 Client Error: Unauthorized for url: https://fvkvfekzoebcolssnteo.supabase.co/rest/v1/financials?on_conflict=ticker%2Cperiod%2Cquarter

During handling of the above exception, another exception occurred:

Traceback (most recent call last):
  File "C:\Users\takuy\AppData\Roaming\uv\python\cpython-3.11-windows-x86_64-none\Lib\logging\__init__.py", line 1113, in emit
    stream.write(msg + self.terminator)
UnicodeEncodeError: 'cp932' codec can't encode character '\u2014' in position 71: illegal multibyte sequence
Call stack:
  File "C:\Users\takuy\OneDrive\tdnet-excel-input\tools\sync_financials.py", line 538, in <module>
    main()
  File "C:\Users\takuy\OneDrive\tdnet-excel-input\tools\sync_financials.py", line 512, in main
    stats = sync(
  File "C:\Users\takuy\OneDrive\tdnet-excel-input\tools\sync_financials.py", line 360, in sync
    logger.error(
Message: "  batch 29/145: FAILED \u2014 401 Client Error: Unauthorized for url: https://fvkvfekzoebcolssnteo.supabase.co/rest/v1/financials?on_conflict=ticker%2Cperiod%2Cquarter\n  (�擪�s: {'ticker': '33770', 'period': '2024-11-30', 'quarter': 'FY', 'sales': 33965000000, 'gross_profit': 12624371000, 'operating_profit': 286000000, 'source': 'jquants', 'updated_at': '2026-03-09T17:53:52.606130+09:00'})"
Arguments: ()
--- Logging error ---
Traceback (most recent call last):
  File "C:\Users\takuy\OneDrive\tdnet-excel-input\tools\sync_financials.py", line 96, in _request
    r.raise_for_status()
  File "C:\Users\takuy\OneDrive\tdnet-excel-input\.venv\Lib\site-packages\requests\models.py", line 1026, in raise_for_status
    raise HTTPError(http_error_msg, response=self)
requests.exceptions.HTTPError: 401 Client Error: Unauthorized for url: https://fvkvfekzoebcolssnteo.supabase.co/rest/v1/financials?on_conflict=ticker%2Cperiod%2Cquarter

During handling of the above exception, another exception occurred:

Traceback (most recent call last):
  File "C:\Users\takuy\AppData\Roaming\uv\python\cpython-3.11-windows-x86_64-none\Lib\logging\__init__.py", line 1113, in emit
    stream.write(msg + self.terminator)
UnicodeEncodeError: 'cp932' codec can't encode character '\u2014' in position 61: illegal multibyte sequence
Call stack:
  File "C:\Users\takuy\OneDrive\tdnet-excel-input\tools\sync_financials.py", line 538, in <module>
    main()
  File "C:\Users\takuy\OneDrive\tdnet-excel-input\tools\sync_financials.py", line 512, in main
    stats = sync(
  File "C:\Users\takuy\OneDrive\tdnet-excel-input\tools\sync_financials.py", line 348, in sync
    n = api.upsert_batch(table, chunk, on_conflict="ticker,period,quarter")
  File "C:\Users\takuy\OneDrive\tdnet-excel-input\tools\sync_financials.py", line 139, in upsert_batch
    self._request(
  File "C:\Users\takuy\OneDrive\tdnet-excel-input\tools\sync_financials.py", line 123, in _request
    logger.error(
Message: '[API] HTTP 0 \u2014 ���g���C�s��\n  ���X�|���X: {"code":"42501","details":null,"hint":null,"message":"new row violates row-level security policy for table \\"financials\\""}'
Arguments: ()
--- Logging error ---
Traceback (most recent call last):
  File "C:\Users\takuy\OneDrive\tdnet-excel-input\tools\sync_financials.py", line 348, in sync
    n = api.upsert_batch(table, chunk, on_conflict="ticker,period,quarter")
        ^^^^^^^^^^^^^^^^^^^^^^^^^^^^^^^^^^^^^^^^^^^^^^^^^^^^^^^^^^^^^^^^^^^
  File "C:\Users\takuy\OneDrive\tdnet-excel-input\tools\sync_financials.py", line 139, in upsert_batch
    self._request(
  File "C:\Users\takuy\OneDrive\tdnet-excel-input\tools\sync_financials.py", line 96, in _request
    r.raise_for_status()
  File "C:\Users\takuy\OneDrive\tdnet-excel-input\.venv\Lib\site-packages\requests\models.py", line 1026, in raise_for_status
    raise HTTPError(http_error_msg, response=self)
requests.exceptions.HTTPError: 401 Client Error: Unauthorized for url: https://fvkvfekzoebcolssnteo.supabase.co/rest/v1/financials?on_conflict=ticker%2Cperiod%2Cquarter

During handling of the above exception, another exception occurred:

Traceback (most recent call last):
  File "C:\Users\takuy\AppData\Roaming\uv\python\cpython-3.11-windows-x86_64-none\Lib\logging\__init__.py", line 1113, in emit
    stream.write(msg + self.terminator)
UnicodeEncodeError: 'cp932' codec can't encode character '\u2014' in position 71: illegal multibyte sequence
Call stack:
  File "C:\Users\takuy\OneDrive\tdnet-excel-input\tools\sync_financials.py", line 538, in <module>
    main()
  File "C:\Users\takuy\OneDrive\tdnet-excel-input\tools\sync_financials.py", line 512, in main
    stats = sync(
  File "C:\Users\takuy\OneDrive\tdnet-excel-input\tools\sync_financials.py", line 360, in sync
    logger.error(
Message: "  batch 30/145: FAILED \u2014 401 Client Error: Unauthorized for url: https://fvkvfekzoebcolssnteo.supabase.co/rest/v1/financials?on_conflict=ticker%2Cperiod%2Cquarter\n  (�擪�s: {'ticker': '34230', 'period': '2025-03-31', 'quarter': 'FY', 'sales': 25887000000, 'gross_profit': 6916715000, 'operating_profit': 849000000, 'source': 'jquants', 'updated_at': '2026-03-09T17:53:52.606130+09:00'})"
Arguments: ()
--- Logging error ---
Traceback (most recent call last):
  File "C:\Users\takuy\OneDrive\tdnet-excel-input\tools\sync_financials.py", line 96, in _request
    r.raise_for_status()
  File "C:\Users\takuy\OneDrive\tdnet-excel-input\.venv\Lib\site-packages\requests\models.py", line 1026, in raise_for_status
    raise HTTPError(http_error_msg, response=self)
requests.exceptions.HTTPError: 401 Client Error: Unauthorized for url: https://fvkvfekzoebcolssnteo.supabase.co/rest/v1/financials?on_conflict=ticker%2Cperiod%2Cquarter

During handling of the above exception, another exception occurred:

Traceback (most recent call last):
  File "C:\Users\takuy\AppData\Roaming\uv\python\cpython-3.11-windows-x86_64-none\Lib\logging\__init__.py", line 1113, in emit
    stream.write(msg + self.terminator)
UnicodeEncodeError: 'cp932' codec can't encode character '\u2014' in position 61: illegal multibyte sequence
Call stack:
  File "C:\Users\takuy\OneDrive\tdnet-excel-input\tools\sync_financials.py", line 538, in <module>
    main()
  File "C:\Users\takuy\OneDrive\tdnet-excel-input\tools\sync_financials.py", line 512, in main
    stats = sync(
  File "C:\Users\takuy\OneDrive\tdnet-excel-input\tools\sync_financials.py", line 348, in sync
    n = api.upsert_batch(table, chunk, on_conflict="ticker,period,quarter")
  File "C:\Users\takuy\OneDrive\tdnet-excel-input\tools\sync_financials.py", line 139, in upsert_batch
    self._request(
  File "C:\Users\takuy\OneDrive\tdnet-excel-input\tools\sync_financials.py", line 123, in _request
    logger.error(
Message: '[API] HTTP 0 \u2014 ���g���C�s��\n  ���X�|���X: {"code":"42501","details":null,"hint":null,"message":"new row violates row-level security policy for table \\"financials\\""}'
Arguments: ()
--- Logging error ---
Traceback (most recent call last):
  File "C:\Users\takuy\OneDrive\tdnet-excel-input\tools\sync_financials.py", line 348, in sync
    n = api.upsert_batch(table, chunk, on_conflict="ticker,period,quarter")
        ^^^^^^^^^^^^^^^^^^^^^^^^^^^^^^^^^^^^^^^^^^^^^^^^^^^^^^^^^^^^^^^^^^^
  File "C:\Users\takuy\OneDrive\tdnet-excel-input\tools\sync_financials.py", line 139, in upsert_batch
    self._request(
  File "C:\Users\takuy\OneDrive\tdnet-excel-input\tools\sync_financials.py", line 96, in _request
    r.raise_for_status()
  File "C:\Users\takuy\OneDrive\tdnet-excel-input\.venv\Lib\site-packages\requests\models.py", line 1026, in raise_for_status
    raise HTTPError(http_error_msg, response=self)
requests.exceptions.HTTPError: 401 Client Error: Unauthorized for url: https://fvkvfekzoebcolssnteo.supabase.co/rest/v1/financials?on_conflict=ticker%2Cperiod%2Cquarter

During handling of the above exception, another exception occurred:

Traceback (most recent call last):
  File "C:\Users\takuy\AppData\Roaming\uv\python\cpython-3.11-windows-x86_64-none\Lib\logging\__init__.py", line 1113, in emit
    stream.write(msg + self.terminator)
UnicodeEncodeError: 'cp932' codec can't encode character '\u2014' in position 71: illegal multibyte sequence
Call stack:
  File "C:\Users\takuy\OneDrive\tdnet-excel-input\tools\sync_financials.py", line 538, in <module>
    main()
  File "C:\Users\takuy\OneDrive\tdnet-excel-input\tools\sync_financials.py", line 512, in main
    stats = sync(
  File "C:\Users\takuy\OneDrive\tdnet-excel-input\tools\sync_financials.py", line 360, in sync
    logger.error(
Message: "  batch 31/145: FAILED \u2014 401 Client Error: Unauthorized for url: https://fvkvfekzoebcolssnteo.supabase.co/rest/v1/financials?on_conflict=ticker%2Cperiod%2Cquarter\n  (�擪�s: {'ticker': '34670', 'period': '2024-03-31', 'quarter': '2Q', 'sales': 8480000000, 'gross_profit': 1158903000, 'operating_profit': 142000000, 'source': 'jquants', 'updated_at': '2026-03-09T17:53:52.606130+09:00'})"
Arguments: ()
--- Logging error ---
Traceback (most recent call last):
  File "C:\Users\takuy\OneDrive\tdnet-excel-input\tools\sync_financials.py", line 96, in _request
    r.raise_for_status()
  File "C:\Users\takuy\OneDrive\tdnet-excel-input\.venv\Lib\site-packages\requests\models.py", line 1026, in raise_for_status
    raise HTTPError(http_error_msg, response=self)
requests.exceptions.HTTPError: 401 Client Error: Unauthorized for url: https://fvkvfekzoebcolssnteo.supabase.co/rest/v1/financials?on_conflict=ticker%2Cperiod%2Cquarter

During handling of the above exception, another exception occurred:

Traceback (most recent call last):
  File "C:\Users\takuy\AppData\Roaming\uv\python\cpython-3.11-windows-x86_64-none\Lib\logging\__init__.py", line 1113, in emit
    stream.write(msg + self.terminator)
UnicodeEncodeError: 'cp932' codec can't encode character '\u2014' in position 61: illegal multibyte sequence
Call stack:
  File "C:\Users\takuy\OneDrive\tdnet-excel-input\tools\sync_financials.py", line 538, in <module>
    main()
  File "C:\Users\takuy\OneDrive\tdnet-excel-input\tools\sync_financials.py", line 512, in main
    stats = sync(
  File "C:\Users\takuy\OneDrive\tdnet-excel-input\tools\sync_financials.py", line 348, in sync
    n = api.upsert_batch(table, chunk, on_conflict="ticker,period,quarter")
  File "C:\Users\takuy\OneDrive\tdnet-excel-input\tools\sync_financials.py", line 139, in upsert_batch
    self._request(
  File "C:\Users\takuy\OneDrive\tdnet-excel-input\tools\sync_financials.py", line 123, in _request
    logger.error(
Message: '[API] HTTP 0 \u2014 ���g���C�s��\n  ���X�|���X: {"code":"42501","details":null,"hint":null,"message":"new row violates row-level security policy for table \\"financials\\""}'
Arguments: ()
--- Logging error ---
Traceback (most recent call last):
  File "C:\Users\takuy\OneDrive\tdnet-excel-input\tools\sync_financials.py", line 348, in sync
    n = api.upsert_batch(table, chunk, on_conflict="ticker,period,quarter")
        ^^^^^^^^^^^^^^^^^^^^^^^^^^^^^^^^^^^^^^^^^^^^^^^^^^^^^^^^^^^^^^^^^^^
  File "C:\Users\takuy\OneDrive\tdnet-excel-input\tools\sync_financials.py", line 139, in upsert_batch
    self._request(
  File "C:\Users\takuy\OneDrive\tdnet-excel-input\tools\sync_financials.py", line 96, in _request
    r.raise_for_status()
  File "C:\Users\takuy\OneDrive\tdnet-excel-input\.venv\Lib\site-packages\requests\models.py", line 1026, in raise_for_status
    raise HTTPError(http_error_msg, response=self)
requests.exceptions.HTTPError: 401 Client Error: Unauthorized for url: https://fvkvfekzoebcolssnteo.supabase.co/rest/v1/financials?on_conflict=ticker%2Cperiod%2Cquarter

During handling of the above exception, another exception occurred:

Traceback (most recent call last):
  File "C:\Users\takuy\AppData\Roaming\uv\python\cpython-3.11-windows-x86_64-none\Lib\logging\__init__.py", line 1113, in emit
    stream.write(msg + self.terminator)
UnicodeEncodeError: 'cp932' codec can't encode character '\u2014' in position 71: illegal multibyte sequence
Call stack:
  File "C:\Users\takuy\OneDrive\tdnet-excel-input\tools\sync_financials.py", line 538, in <module>
    main()
  File "C:\Users\takuy\OneDrive\tdnet-excel-input\tools\sync_financials.py", line 512, in main
    stats = sync(
  File "C:\Users\takuy\OneDrive\tdnet-excel-input\tools\sync_financials.py", line 360, in sync
    logger.error(
Message: "  batch 32/145: FAILED \u2014 401 Client Error: Unauthorized for url: https://fvkvfekzoebcolssnteo.supabase.co/rest/v1/financials?on_conflict=ticker%2Cperiod%2Cquarter\n  (�擪�s: {'ticker': '35210', 'period': '2024-03-31', 'quarter': 'FY', 'sales': 1892000000, 'gross_profit': 338056000, 'operating_profit': 188000000, 'source': 'jquants', 'updated_at': '2026-03-09T17:53:52.606130+09:00'})"
Arguments: ()
--- Logging error ---
Traceback (most recent call last):
  File "C:\Users\takuy\OneDrive\tdnet-excel-input\tools\sync_financials.py", line 96, in _request
    r.raise_for_status()
  File "C:\Users\takuy\OneDrive\tdnet-excel-input\.venv\Lib\site-packages\requests\models.py", line 1026, in raise_for_status
    raise HTTPError(http_error_msg, response=self)
requests.exceptions.HTTPError: 401 Client Error: Unauthorized for url: https://fvkvfekzoebcolssnteo.supabase.co/rest/v1/financials?on_conflict=ticker%2Cperiod%2Cquarter

During handling of the above exception, another exception occurred:

Traceback (most recent call last):
  File "C:\Users\takuy\AppData\Roaming\uv\python\cpython-3.11-windows-x86_64-none\Lib\logging\__init__.py", line 1113, in emit
    stream.write(msg + self.terminator)
UnicodeEncodeError: 'cp932' codec can't encode character '\u2014' in position 61: illegal multibyte sequence
Call stack:
  File "C:\Users\takuy\OneDrive\tdnet-excel-input\tools\sync_financials.py", line 538, in <module>
    main()
  File "C:\Users\takuy\OneDrive\tdnet-excel-input\tools\sync_financials.py", line 512, in main
    stats = sync(
  File "C:\Users\takuy\OneDrive\tdnet-excel-input\tools\sync_financials.py", line 348, in sync
    n = api.upsert_batch(table, chunk, on_conflict="ticker,period,quarter")
  File "C:\Users\takuy\OneDrive\tdnet-excel-input\tools\sync_financials.py", line 139, in upsert_batch
    self._request(
  File "C:\Users\takuy\OneDrive\tdnet-excel-input\tools\sync_financials.py", line 123, in _request
    logger.error(
Message: '[API] HTTP 0 \u2014 ���g���C�s��\n  ���X�|���X: {"code":"42501","details":null,"hint":null,"message":"new row violates row-level security policy for table \\"financials\\""}'
Arguments: ()
--- Logging error ---
Traceback (most recent call last):
  File "C:\Users\takuy\OneDrive\tdnet-excel-input\tools\sync_financials.py", line 348, in sync
    n = api.upsert_batch(table, chunk, on_conflict="ticker,period,quarter")
        ^^^^^^^^^^^^^^^^^^^^^^^^^^^^^^^^^^^^^^^^^^^^^^^^^^^^^^^^^^^^^^^^^^^
  File "C:\Users\takuy\OneDrive\tdnet-excel-input\tools\sync_financials.py", line 139, in upsert_batch
    self._request(
  File "C:\Users\takuy\OneDrive\tdnet-excel-input\tools\sync_financials.py", line 96, in _request
    r.raise_for_status()
  File "C:\Users\takuy\OneDrive\tdnet-excel-input\.venv\Lib\site-packages\requests\models.py", line 1026, in raise_for_status
    raise HTTPError(http_error_msg, response=self)
requests.exceptions.HTTPError: 401 Client Error: Unauthorized for url: https://fvkvfekzoebcolssnteo.supabase.co/rest/v1/financials?on_conflict=ticker%2Cperiod%2Cquarter

During handling of the above exception, another exception occurred:

Traceback (most recent call last):
  File "C:\Users\takuy\AppData\Roaming\uv\python\cpython-3.11-windows-x86_64-none\Lib\logging\__init__.py", line 1113, in emit
    stream.write(msg + self.terminator)
UnicodeEncodeError: 'cp932' codec can't encode character '\u2014' in position 71: illegal multibyte sequence
Call stack:
  File "C:\Users\takuy\OneDrive\tdnet-excel-input\tools\sync_financials.py", line 538, in <module>
    main()
  File "C:\Users\takuy\OneDrive\tdnet-excel-input\tools\sync_financials.py", line 512, in main
    stats = sync(
  File "C:\Users\takuy\OneDrive\tdnet-excel-input\tools\sync_financials.py", line 360, in sync
    logger.error(
Message: "  batch 33/145: FAILED \u2014 401 Client Error: Unauthorized for url: https://fvkvfekzoebcolssnteo.supabase.co/rest/v1/financials?on_conflict=ticker%2Cperiod%2Cquarter\n  (�擪�s: {'ticker': '35630', 'period': '2022-09-30', 'quarter': '2Q', 'sales': 140257000000, 'gross_profit': 74742000000, 'operating_profit': 9572000000, 'source': 'jquants', 'updated_at': '2026-03-09T17:53:52.606130+09:00'})"
Arguments: ()
--- Logging error ---
Traceback (most recent call last):
  File "C:\Users\takuy\OneDrive\tdnet-excel-input\tools\sync_financials.py", line 96, in _request
    r.raise_for_status()
  File "C:\Users\takuy\OneDrive\tdnet-excel-input\.venv\Lib\site-packages\requests\models.py", line 1026, in raise_for_status
    raise HTTPError(http_error_msg, response=self)
requests.exceptions.HTTPError: 401 Client Error: Unauthorized for url: https://fvkvfekzoebcolssnteo.supabase.co/rest/v1/financials?on_conflict=ticker%2Cperiod%2Cquarter

During handling of the above exception, another exception occurred:

Traceback (most recent call last):
  File "C:\Users\takuy\AppData\Roaming\uv\python\cpython-3.11-windows-x86_64-none\Lib\logging\__init__.py", line 1113, in emit
    stream.write(msg + self.terminator)
UnicodeEncodeError: 'cp932' codec can't encode character '\u2014' in position 61: illegal multibyte sequence
Call stack:
  File "C:\Users\takuy\OneDrive\tdnet-excel-input\tools\sync_financials.py", line 538, in <module>
    main()
  File "C:\Users\takuy\OneDrive\tdnet-excel-input\tools\sync_financials.py", line 512, in main
    stats = sync(
  File "C:\Users\takuy\OneDrive\tdnet-excel-input\tools\sync_financials.py", line 348, in sync
    n = api.upsert_batch(table, chunk, on_conflict="ticker,period,quarter")
  File "C:\Users\takuy\OneDrive\tdnet-excel-input\tools\sync_financials.py", line 139, in upsert_batch
    self._request(
  File "C:\Users\takuy\OneDrive\tdnet-excel-input\tools\sync_financials.py", line 123, in _request
    logger.error(
Message: '[API] HTTP 0 \u2014 ���g���C�s��\n  ���X�|���X: {"code":"42501","details":null,"hint":null,"message":"new row violates row-level security policy for table \\"financials\\""}'
Arguments: ()
--- Logging error ---
Traceback (most recent call last):
  File "C:\Users\takuy\OneDrive\tdnet-excel-input\tools\sync_financials.py", line 348, in sync
    n = api.upsert_batch(table, chunk, on_conflict="ticker,period,quarter")
        ^^^^^^^^^^^^^^^^^^^^^^^^^^^^^^^^^^^^^^^^^^^^^^^^^^^^^^^^^^^^^^^^^^^
  File "C:\Users\takuy\OneDrive\tdnet-excel-input\tools\sync_financials.py", line 139, in upsert_batch
    self._request(
  File "C:\Users\takuy\OneDrive\tdnet-excel-input\tools\sync_financials.py", line 96, in _request
    r.raise_for_status()
  File "C:\Users\takuy\OneDrive\tdnet-excel-input\.venv\Lib\site-packages\requests\models.py", line 1026, in raise_for_status
    raise HTTPError(http_error_msg, response=self)
requests.exceptions.HTTPError: 401 Client Error: Unauthorized for url: https://fvkvfekzoebcolssnteo.supabase.co/rest/v1/financials?on_conflict=ticker%2Cperiod%2Cquarter

During handling of the above exception, another exception occurred:

Traceback (most recent call last):
  File "C:\Users\takuy\AppData\Roaming\uv\python\cpython-3.11-windows-x86_64-none\Lib\logging\__init__.py", line 1113, in emit
    stream.write(msg + self.terminator)
UnicodeEncodeError: 'cp932' codec can't encode character '\u2014' in position 71: illegal multibyte sequence
Call stack:
  File "C:\Users\takuy\OneDrive\tdnet-excel-input\tools\sync_financials.py", line 538, in <module>
    main()
  File "C:\Users\takuy\OneDrive\tdnet-excel-input\tools\sync_financials.py", line 512, in main
    stats = sync(
  File "C:\Users\takuy\OneDrive\tdnet-excel-input\tools\sync_financials.py", line 360, in sync
    logger.error(
Message: "  batch 34/145: FAILED \u2014 401 Client Error: Unauthorized for url: https://fvkvfekzoebcolssnteo.supabase.co/rest/v1/financials?on_conflict=ticker%2Cperiod%2Cquarter\n  (�擪�s: {'ticker': '36320', 'period': '2026-06-30', 'quarter': '1Q', 'sales': 12765000000, 'gross_profit': 6306000000, 'operating_profit': 1068000000, 'source': 'jquants', 'updated_at': '2026-03-09T17:53:52.606130+09:00'})"
Arguments: ()
--- Logging error ---
Traceback (most recent call last):
  File "C:\Users\takuy\OneDrive\tdnet-excel-input\tools\sync_financials.py", line 96, in _request
    r.raise_for_status()
  File "C:\Users\takuy\OneDrive\tdnet-excel-input\.venv\Lib\site-packages\requests\models.py", line 1026, in raise_for_status
    raise HTTPError(http_error_msg, response=self)
requests.exceptions.HTTPError: 401 Client Error: Unauthorized for url: https://fvkvfekzoebcolssnteo.supabase.co/rest/v1/financials?on_conflict=ticker%2Cperiod%2Cquarter

During handling of the above exception, another exception occurred:

Traceback (most recent call last):
  File "C:\Users\takuy\AppData\Roaming\uv\python\cpython-3.11-windows-x86_64-none\Lib\logging\__init__.py", line 1113, in emit
    stream.write(msg + self.terminator)
UnicodeEncodeError: 'cp932' codec can't encode character '\u2014' in position 61: illegal multibyte sequence
Call stack:
  File "C:\Users\takuy\OneDrive\tdnet-excel-input\tools\sync_financials.py", line 538, in <module>
    main()
  File "C:\Users\takuy\OneDrive\tdnet-excel-input\tools\sync_financials.py", line 512, in main
    stats = sync(
  File "C:\Users\takuy\OneDrive\tdnet-excel-input\tools\sync_financials.py", line 348, in sync
    n = api.upsert_batch(table, chunk, on_conflict="ticker,period,quarter")
  File "C:\Users\takuy\OneDrive\tdnet-excel-input\tools\sync_financials.py", line 139, in upsert_batch
    self._request(
  File "C:\Users\takuy\OneDrive\tdnet-excel-input\tools\sync_financials.py", line 123, in _request
    logger.error(
Message: '[API] HTTP 0 \u2014 ���g���C�s��\n  ���X�|���X: {"code":"42501","details":null,"hint":null,"message":"new row violates row-level security policy for table \\"financials\\""}'
Arguments: ()
--- Logging error ---
Traceback (most recent call last):
  File "C:\Users\takuy\OneDrive\tdnet-excel-input\tools\sync_financials.py", line 348, in sync
    n = api.upsert_batch(table, chunk, on_conflict="ticker,period,quarter")
        ^^^^^^^^^^^^^^^^^^^^^^^^^^^^^^^^^^^^^^^^^^^^^^^^^^^^^^^^^^^^^^^^^^^
  File "C:\Users\takuy\OneDrive\tdnet-excel-input\tools\sync_financials.py", line 139, in upsert_batch
    self._request(
  File "C:\Users\takuy\OneDrive\tdnet-excel-input\tools\sync_financials.py", line 96, in _request
    r.raise_for_status()
  File "C:\Users\takuy\OneDrive\tdnet-excel-input\.venv\Lib\site-packages\requests\models.py", line 1026, in raise_for_status
    raise HTTPError(http_error_msg, response=self)
requests.exceptions.HTTPError: 401 Client Error: Unauthorized for url: https://fvkvfekzoebcolssnteo.supabase.co/rest/v1/financials?on_conflict=ticker%2Cperiod%2Cquarter

During handling of the above exception, another exception occurred:

Traceback (most recent call last):
  File "C:\Users\takuy\AppData\Roaming\uv\python\cpython-3.11-windows-x86_64-none\Lib\logging\__init__.py", line 1113, in emit
    stream.write(msg + self.terminator)
UnicodeEncodeError: 'cp932' codec can't encode character '\u2014' in position 71: illegal multibyte sequence
Call stack:
  File "C:\Users\takuy\OneDrive\tdnet-excel-input\tools\sync_financials.py", line 538, in <module>
    main()
  File "C:\Users\takuy\OneDrive\tdnet-excel-input\tools\sync_financials.py", line 512, in main
    stats = sync(
  File "C:\Users\takuy\OneDrive\tdnet-excel-input\tools\sync_financials.py", line 360, in sync
    logger.error(
Message: "  batch 35/145: FAILED \u2014 401 Client Error: Unauthorized for url: https://fvkvfekzoebcolssnteo.supabase.co/rest/v1/financials?on_conflict=ticker%2Cperiod%2Cquarter\n  (�擪�s: {'ticker': '36670', 'period': '2024-12-31', 'quarter': '1Q', 'sales': 819000000, 'gross_profit': -13230000, 'operating_profit': -182000000, 'source': 'jquants', 'updated_at': '2026-03-09T17:53:52.606130+09:00'})"
Arguments: ()
--- Logging error ---
Traceback (most recent call last):
  File "C:\Users\takuy\OneDrive\tdnet-excel-input\tools\sync_financials.py", line 96, in _request
    r.raise_for_status()
  File "C:\Users\takuy\OneDrive\tdnet-excel-input\.venv\Lib\site-packages\requests\models.py", line 1026, in raise_for_status
    raise HTTPError(http_error_msg, response=self)
requests.exceptions.HTTPError: 401 Client Error: Unauthorized for url: https://fvkvfekzoebcolssnteo.supabase.co/rest/v1/financials?on_conflict=ticker%2Cperiod%2Cquarter

During handling of the above exception, another exception occurred:

Traceback (most recent call last):
  File "C:\Users\takuy\AppData\Roaming\uv\python\cpython-3.11-windows-x86_64-none\Lib\logging\__init__.py", line 1113, in emit
    stream.write(msg + self.terminator)
UnicodeEncodeError: 'cp932' codec can't encode character '\u2014' in position 61: illegal multibyte sequence
Call stack:
  File "C:\Users\takuy\OneDrive\tdnet-excel-input\tools\sync_financials.py", line 538, in <module>
    main()
  File "C:\Users\takuy\OneDrive\tdnet-excel-input\tools\sync_financials.py", line 512, in main
    stats = sync(
  File "C:\Users\takuy\OneDrive\tdnet-excel-input\tools\sync_financials.py", line 348, in sync
    n = api.upsert_batch(table, chunk, on_conflict="ticker,period,quarter")
  File "C:\Users\takuy\OneDrive\tdnet-excel-input\tools\sync_financials.py", line 139, in upsert_batch
    self._request(
  File "C:\Users\takuy\OneDrive\tdnet-excel-input\tools\sync_financials.py", line 123, in _request
    logger.error(
Message: '[API] HTTP 0 \u2014 ���g���C�s��\n  ���X�|���X: {"code":"42501","details":null,"hint":null,"message":"new row violates row-level security policy for table \\"financials\\""}'
Arguments: ()
--- Logging error ---
Traceback (most recent call last):
  File "C:\Users\takuy\OneDrive\tdnet-excel-input\tools\sync_financials.py", line 348, in sync
    n = api.upsert_batch(table, chunk, on_conflict="ticker,period,quarter")
        ^^^^^^^^^^^^^^^^^^^^^^^^^^^^^^^^^^^^^^^^^^^^^^^^^^^^^^^^^^^^^^^^^^^
  File "C:\Users\takuy\OneDrive\tdnet-excel-input\tools\sync_financials.py", line 139, in upsert_batch
    self._request(
  File "C:\Users\takuy\OneDrive\tdnet-excel-input\tools\sync_financials.py", line 96, in _request
    r.raise_for_status()
  File "C:\Users\takuy\OneDrive\tdnet-excel-input\.venv\Lib\site-packages\requests\models.py", line 1026, in raise_for_status
    raise HTTPError(http_error_msg, response=self)
requests.exceptions.HTTPError: 401 Client Error: Unauthorized for url: https://fvkvfekzoebcolssnteo.supabase.co/rest/v1/financials?on_conflict=ticker%2Cperiod%2Cquarter

During handling of the above exception, another exception occurred:

Traceback (most recent call last):
  File "C:\Users\takuy\AppData\Roaming\uv\python\cpython-3.11-windows-x86_64-none\Lib\logging\__init__.py", line 1113, in emit
    stream.write(msg + self.terminator)
UnicodeEncodeError: 'cp932' codec can't encode character '\u2014' in position 71: illegal multibyte sequence
Call stack:
  File "C:\Users\takuy\OneDrive\tdnet-excel-input\tools\sync_financials.py", line 538, in <module>
    main()
  File "C:\Users\takuy\OneDrive\tdnet-excel-input\tools\sync_financials.py", line 512, in main
    stats = sync(
  File "C:\Users\takuy\OneDrive\tdnet-excel-input\tools\sync_financials.py", line 360, in sync
    logger.error(
Message: "  batch 36/145: FAILED \u2014 401 Client Error: Unauthorized for url: https://fvkvfekzoebcolssnteo.supabase.co/rest/v1/financials?on_conflict=ticker%2Cperiod%2Cquarter\n  (�擪�s: {'ticker': '369A0', 'period': '2025-08-31', 'quarter': 'FY', 'sales': 2929000000, 'gross_profit': 1994939000, 'operating_profit': 713000000, 'source': 'jquants', 'updated_at': '2026-03-09T17:53:52.606130+09:00'})"
Arguments: ()
--- Logging error ---
Traceback (most recent call last):
  File "C:\Users\takuy\OneDrive\tdnet-excel-input\tools\sync_financials.py", line 96, in _request
    r.raise_for_status()
  File "C:\Users\takuy\OneDrive\tdnet-excel-input\.venv\Lib\site-packages\requests\models.py", line 1026, in raise_for_status
    raise HTTPError(http_error_msg, response=self)
requests.exceptions.HTTPError: 401 Client Error: Unauthorized for url: https://fvkvfekzoebcolssnteo.supabase.co/rest/v1/financials?on_conflict=ticker%2Cperiod%2Cquarter

During handling of the above exception, another exception occurred:

Traceback (most recent call last):
  File "C:\Users\takuy\AppData\Roaming\uv\python\cpython-3.11-windows-x86_64-none\Lib\logging\__init__.py", line 1113, in emit
    stream.write(msg + self.terminator)
UnicodeEncodeError: 'cp932' codec can't encode character '\u2014' in position 61: illegal multibyte sequence
Call stack:
  File "C:\Users\takuy\OneDrive\tdnet-excel-input\tools\sync_financials.py", line 538, in <module>
    main()
  File "C:\Users\takuy\OneDrive\tdnet-excel-input\tools\sync_financials.py", line 512, in main
    stats = sync(
  File "C:\Users\takuy\OneDrive\tdnet-excel-input\tools\sync_financials.py", line 348, in sync
    n = api.upsert_batch(table, chunk, on_conflict="ticker,period,quarter")
  File "C:\Users\takuy\OneDrive\tdnet-excel-input\tools\sync_financials.py", line 139, in upsert_batch
    self._request(
  File "C:\Users\takuy\OneDrive\tdnet-excel-input\tools\sync_financials.py", line 123, in _request
    logger.error(
Message: '[API] HTTP 0 \u2014 ���g���C�s��\n  ���X�|���X: {"code":"42501","details":null,"hint":null,"message":"new row violates row-level security policy for table \\"financials\\""}'
Arguments: ()
--- Logging error ---
Traceback (most recent call last):
  File "C:\Users\takuy\OneDrive\tdnet-excel-input\tools\sync_financials.py", line 348, in sync
    n = api.upsert_batch(table, chunk, on_conflict="ticker,period,quarter")
        ^^^^^^^^^^^^^^^^^^^^^^^^^^^^^^^^^^^^^^^^^^^^^^^^^^^^^^^^^^^^^^^^^^^
  File "C:\Users\takuy\OneDrive\tdnet-excel-input\tools\sync_financials.py", line 139, in upsert_batch
    self._request(
  File "C:\Users\takuy\OneDrive\tdnet-excel-input\tools\sync_financials.py", line 96, in _request
    r.raise_for_status()
  File "C:\Users\takuy\OneDrive\tdnet-excel-input\.venv\Lib\site-packages\requests\models.py", line 1026, in raise_for_status
    raise HTTPError(http_error_msg, response=self)
requests.exceptions.HTTPError: 401 Client Error: Unauthorized for url: https://fvkvfekzoebcolssnteo.supabase.co/rest/v1/financials?on_conflict=ticker%2Cperiod%2Cquarter

During handling of the above exception, another exception occurred:

Traceback (most recent call last):
  File "C:\Users\takuy\AppData\Roaming\uv\python\cpython-3.11-windows-x86_64-none\Lib\logging\__init__.py", line 1113, in emit
    stream.write(msg + self.terminator)
UnicodeEncodeError: 'cp932' codec can't encode character '\u2014' in position 71: illegal multibyte sequence
Call stack:
  File "C:\Users\takuy\OneDrive\tdnet-excel-input\tools\sync_financials.py", line 538, in <module>
    main()
  File "C:\Users\takuy\OneDrive\tdnet-excel-input\tools\sync_financials.py", line 512, in main
    stats = sync(
  File "C:\Users\takuy\OneDrive\tdnet-excel-input\tools\sync_financials.py", line 360, in sync
    logger.error(
Message: "  batch 37/145: FAILED \u2014 401 Client Error: Unauthorized for url: https://fvkvfekzoebcolssnteo.supabase.co/rest/v1/financials?on_conflict=ticker%2Cperiod%2Cquarter\n  (�擪�s: {'ticker': '37740', 'period': '2023-03-31', 'quarter': '3Q', 'sales': 185339000000, 'gross_profit': 137127000000, 'operating_profit': 18790000000, 'source': 'jquants', 'updated_at': '2026-03-09T17:53:52.606130+09:00'})"
Arguments: ()
--- Logging error ---
Traceback (most recent call last):
  File "C:\Users\takuy\OneDrive\tdnet-excel-input\tools\sync_financials.py", line 96, in _request
    r.raise_for_status()
  File "C:\Users\takuy\OneDrive\tdnet-excel-input\.venv\Lib\site-packages\requests\models.py", line 1026, in raise_for_status
    raise HTTPError(http_error_msg, response=self)
requests.exceptions.HTTPError: 401 Client Error: Unauthorized for url: https://fvkvfekzoebcolssnteo.supabase.co/rest/v1/financials?on_conflict=ticker%2Cperiod%2Cquarter

During handling of the above exception, another exception occurred:

Traceback (most recent call last):
  File "C:\Users\takuy\AppData\Roaming\uv\python\cpython-3.11-windows-x86_64-none\Lib\logging\__init__.py", line 1113, in emit
    stream.write(msg + self.terminator)
UnicodeEncodeError: 'cp932' codec can't encode character '\u2014' in position 61: illegal multibyte sequence
Call stack:
  File "C:\Users\takuy\OneDrive\tdnet-excel-input\tools\sync_financials.py", line 538, in <module>
    main()
  File "C:\Users\takuy\OneDrive\tdnet-excel-input\tools\sync_financials.py", line 512, in main
    stats = sync(
  File "C:\Users\takuy\OneDrive\tdnet-excel-input\tools\sync_financials.py", line 348, in sync
    n = api.upsert_batch(table, chunk, on_conflict="ticker,period,quarter")
  File "C:\Users\takuy\OneDrive\tdnet-excel-input\tools\sync_financials.py", line 139, in upsert_batch
    self._request(
  File "C:\Users\takuy\OneDrive\tdnet-excel-input\tools\sync_financials.py", line 123, in _request
    logger.error(
Message: '[API] HTTP 0 \u2014 ���g���C�s��\n  ���X�|���X: {"code":"42501","details":null,"hint":null,"message":"new row violates row-level security policy for table \\"financials\\""}'
Arguments: ()
--- Logging error ---
Traceback (most recent call last):
  File "C:\Users\takuy\OneDrive\tdnet-excel-input\tools\sync_financials.py", line 348, in sync
    n = api.upsert_batch(table, chunk, on_conflict="ticker,period,quarter")
        ^^^^^^^^^^^^^^^^^^^^^^^^^^^^^^^^^^^^^^^^^^^^^^^^^^^^^^^^^^^^^^^^^^^
  File "C:\Users\takuy\OneDrive\tdnet-excel-input\tools\sync_financials.py", line 139, in upsert_batch
    self._request(
  File "C:\Users\takuy\OneDrive\tdnet-excel-input\tools\sync_financials.py", line 96, in _request
    r.raise_for_status()
  File "C:\Users\takuy\OneDrive\tdnet-excel-input\.venv\Lib\site-packages\requests\models.py", line 1026, in raise_for_status
    raise HTTPError(http_error_msg, response=self)
requests.exceptions.HTTPError: 401 Client Error: Unauthorized for url: https://fvkvfekzoebcolssnteo.supabase.co/rest/v1/financials?on_conflict=ticker%2Cperiod%2Cquarter

During handling of the above exception, another exception occurred:

Traceback (most recent call last):
  File "C:\Users\takuy\AppData\Roaming\uv\python\cpython-3.11-windows-x86_64-none\Lib\logging\__init__.py", line 1113, in emit
    stream.write(msg + self.terminator)
UnicodeEncodeError: 'cp932' codec can't encode character '\u2014' in position 71: illegal multibyte sequence
Call stack:
  File "C:\Users\takuy\OneDrive\tdnet-excel-input\tools\sync_financials.py", line 538, in <module>
    main()
  File "C:\Users\takuy\OneDrive\tdnet-excel-input\tools\sync_financials.py", line 512, in main
    stats = sync(
  File "C:\Users\takuy\OneDrive\tdnet-excel-input\tools\sync_financials.py", line 360, in sync
    logger.error(
Message: "  batch 38/145: FAILED \u2014 401 Client Error: Unauthorized for url: https://fvkvfekzoebcolssnteo.supabase.co/rest/v1/financials?on_conflict=ticker%2Cperiod%2Cquarter\n  (�擪�s: {'ticker': '38340', 'period': '2026-03-31', 'quarter': '3Q', 'sales': 10117000000, 'gross_profit': 3208000000, 'operating_profit': 1489000000, 'source': 'jquants', 'updated_at': '2026-03-09T17:53:52.606130+09:00'})"
Arguments: ()
--- Logging error ---
Traceback (most recent call last):
  File "C:\Users\takuy\OneDrive\tdnet-excel-input\tools\sync_financials.py", line 96, in _request
    r.raise_for_status()
  File "C:\Users\takuy\OneDrive\tdnet-excel-input\.venv\Lib\site-packages\requests\models.py", line 1026, in raise_for_status
    raise HTTPError(http_error_msg, response=self)
requests.exceptions.HTTPError: 401 Client Error: Unauthorized for url: https://fvkvfekzoebcolssnteo.supabase.co/rest/v1/financials?on_conflict=ticker%2Cperiod%2Cquarter

During handling of the above exception, another exception occurred:

Traceback (most recent call last):
  File "C:\Users\takuy\AppData\Roaming\uv\python\cpython-3.11-windows-x86_64-none\Lib\logging\__init__.py", line 1113, in emit
    stream.write(msg + self.terminator)
UnicodeEncodeError: 'cp932' codec can't encode character '\u2014' in position 61: illegal multibyte sequence
Call stack:
  File "C:\Users\takuy\OneDrive\tdnet-excel-input\tools\sync_financials.py", line 538, in <module>
    main()
  File "C:\Users\takuy\OneDrive\tdnet-excel-input\tools\sync_financials.py", line 512, in main
    stats = sync(
  File "C:\Users\takuy\OneDrive\tdnet-excel-input\tools\sync_financials.py", line 348, in sync
    n = api.upsert_batch(table, chunk, on_conflict="ticker,period,quarter")
  File "C:\Users\takuy\OneDrive\tdnet-excel-input\tools\sync_financials.py", line 139, in upsert_batch
    self._request(
  File "C:\Users\takuy\OneDrive\tdnet-excel-input\tools\sync_financials.py", line 123, in _request
    logger.error(
Message: '[API] HTTP 0 \u2014 ���g���C�s��\n  ���X�|���X: {"code":"42501","details":null,"hint":null,"message":"new row violates row-level security policy for table \\"financials\\""}'
Arguments: ()
--- Logging error ---
Traceback (most recent call last):
  File "C:\Users\takuy\OneDrive\tdnet-excel-input\tools\sync_financials.py", line 348, in sync
    n = api.upsert_batch(table, chunk, on_conflict="ticker,period,quarter")
        ^^^^^^^^^^^^^^^^^^^^^^^^^^^^^^^^^^^^^^^^^^^^^^^^^^^^^^^^^^^^^^^^^^^
  File "C:\Users\takuy\OneDrive\tdnet-excel-input\tools\sync_financials.py", line 139, in upsert_batch
    self._request(
  File "C:\Users\takuy\OneDrive\tdnet-excel-input\tools\sync_financials.py", line 96, in _request
    r.raise_for_status()
  File "C:\Users\takuy\OneDrive\tdnet-excel-input\.venv\Lib\site-packages\requests\models.py", line 1026, in raise_for_status
    raise HTTPError(http_error_msg, response=self)
requests.exceptions.HTTPError: 401 Client Error: Unauthorized for url: https://fvkvfekzoebcolssnteo.supabase.co/rest/v1/financials?on_conflict=ticker%2Cperiod%2Cquarter

During handling of the above exception, another exception occurred:

Traceback (most recent call last):
  File "C:\Users\takuy\AppData\Roaming\uv\python\cpython-3.11-windows-x86_64-none\Lib\logging\__init__.py", line 1113, in emit
    stream.write(msg + self.terminator)
UnicodeEncodeError: 'cp932' codec can't encode character '\u2014' in position 71: illegal multibyte sequence
Call stack:
  File "C:\Users\takuy\OneDrive\tdnet-excel-input\tools\sync_financials.py", line 538, in <module>
    main()
  File "C:\Users\takuy\OneDrive\tdnet-excel-input\tools\sync_financials.py", line 512, in main
    stats = sync(
  File "C:\Users\takuy\OneDrive\tdnet-excel-input\tools\sync_financials.py", line 360, in sync
    logger.error(
Message: "  batch 39/145: FAILED \u2014 401 Client Error: Unauthorized for url: https://fvkvfekzoebcolssnteo.supabase.co/rest/v1/financials?on_conflict=ticker%2Cperiod%2Cquarter\n  (�擪�s: {'ticker': '38910', 'period': '2023-03-31', 'quarter': 'FY', 'sales': 17586000000, 'gross_profit': 5531585000, 'operating_profit': 3327000000, 'source': 'jquants', 'updated_at': '2026-03-09T17:53:52.606130+09:00'})"
Arguments: ()
--- Logging error ---
Traceback (most recent call last):
  File "C:\Users\takuy\OneDrive\tdnet-excel-input\tools\sync_financials.py", line 96, in _request
    r.raise_for_status()
  File "C:\Users\takuy\OneDrive\tdnet-excel-input\.venv\Lib\site-packages\requests\models.py", line 1026, in raise_for_status
    raise HTTPError(http_error_msg, response=self)
requests.exceptions.HTTPError: 401 Client Error: Unauthorized for url: https://fvkvfekzoebcolssnteo.supabase.co/rest/v1/financials?on_conflict=ticker%2Cperiod%2Cquarter

During handling of the above exception, another exception occurred:

Traceback (most recent call last):
  File "C:\Users\takuy\AppData\Roaming\uv\python\cpython-3.11-windows-x86_64-none\Lib\logging\__init__.py", line 1113, in emit
    stream.write(msg + self.terminator)
UnicodeEncodeError: 'cp932' codec can't encode character '\u2014' in position 61: illegal multibyte sequence
Call stack:
  File "C:\Users\takuy\OneDrive\tdnet-excel-input\tools\sync_financials.py", line 538, in <module>
    main()
  File "C:\Users\takuy\OneDrive\tdnet-excel-input\tools\sync_financials.py", line 512, in main
    stats = sync(
  File "C:\Users\takuy\OneDrive\tdnet-excel-input\tools\sync_financials.py", line 348, in sync
    n = api.upsert_batch(table, chunk, on_conflict="ticker,period,quarter")
  File "C:\Users\takuy\OneDrive\tdnet-excel-input\tools\sync_financials.py", line 139, in upsert_batch
    self._request(
  File "C:\Users\takuy\OneDrive\tdnet-excel-input\tools\sync_financials.py", line 123, in _request
    logger.error(
Message: '[API] HTTP 0 \u2014 ���g���C�s��\n  ���X�|���X: {"code":"42501","details":null,"hint":null,"message":"new row violates row-level security policy for table \\"financials\\""}'
Arguments: ()
--- Logging error ---
Traceback (most recent call last):
  File "C:\Users\takuy\OneDrive\tdnet-excel-input\tools\sync_financials.py", line 348, in sync
    n = api.upsert_batch(table, chunk, on_conflict="ticker,period,quarter")
        ^^^^^^^^^^^^^^^^^^^^^^^^^^^^^^^^^^^^^^^^^^^^^^^^^^^^^^^^^^^^^^^^^^^
  File "C:\Users\takuy\OneDrive\tdnet-excel-input\tools\sync_financials.py", line 139, in upsert_batch
    self._request(
  File "C:\Users\takuy\OneDrive\tdnet-excel-input\tools\sync_financials.py", line 96, in _request
    r.raise_for_status()
  File "C:\Users\takuy\OneDrive\tdnet-excel-input\.venv\Lib\site-packages\requests\models.py", line 1026, in raise_for_status
    raise HTTPError(http_error_msg, response=self)
requests.exceptions.HTTPError: 401 Client Error: Unauthorized for url: https://fvkvfekzoebcolssnteo.supabase.co/rest/v1/financials?on_conflict=ticker%2Cperiod%2Cquarter

During handling of the above exception, another exception occurred:

Traceback (most recent call last):
  File "C:\Users\takuy\AppData\Roaming\uv\python\cpython-3.11-windows-x86_64-none\Lib\logging\__init__.py", line 1113, in emit
    stream.write(msg + self.terminator)
UnicodeEncodeError: 'cp932' codec can't encode character '\u2014' in position 71: illegal multibyte sequence
Call stack:
  File "C:\Users\takuy\OneDrive\tdnet-excel-input\tools\sync_financials.py", line 538, in <module>
    main()
  File "C:\Users\takuy\OneDrive\tdnet-excel-input\tools\sync_financials.py", line 512, in main
    stats = sync(
  File "C:\Users\takuy\OneDrive\tdnet-excel-input\tools\sync_financials.py", line 360, in sync
    logger.error(
Message: "  batch 40/145: FAILED \u2014 401 Client Error: Unauthorized for url: https://fvkvfekzoebcolssnteo.supabase.co/rest/v1/financials?on_conflict=ticker%2Cperiod%2Cquarter\n  (�擪�s: {'ticker': '39230', 'period': '2023-03-31', 'quarter': '2Q', 'sales': 12736000000, 'gross_profit': 8676000000, 'operating_profit': 677000000, 'source': 'jquants', 'updated_at': '2026-03-09T17:53:52.606130+09:00'})"
Arguments: ()
--- Logging error ---
Traceback (most recent call last):
  File "C:\Users\takuy\OneDrive\tdnet-excel-input\tools\sync_financials.py", line 96, in _request
    r.raise_for_status()
  File "C:\Users\takuy\OneDrive\tdnet-excel-input\.venv\Lib\site-packages\requests\models.py", line 1026, in raise_for_status
    raise HTTPError(http_error_msg, response=self)
requests.exceptions.HTTPError: 401 Client Error: Unauthorized for url: https://fvkvfekzoebcolssnteo.supabase.co/rest/v1/financials?on_conflict=ticker%2Cperiod%2Cquarter

During handling of the above exception, another exception occurred:

Traceback (most recent call last):
  File "C:\Users\takuy\AppData\Roaming\uv\python\cpython-3.11-windows-x86_64-none\Lib\logging\__init__.py", line 1113, in emit
    stream.write(msg + self.terminator)
UnicodeEncodeError: 'cp932' codec can't encode character '\u2014' in position 61: illegal multibyte sequence
Call stack:
  File "C:\Users\takuy\OneDrive\tdnet-excel-input\tools\sync_financials.py", line 538, in <module>
    main()
  File "C:\Users\takuy\OneDrive\tdnet-excel-input\tools\sync_financials.py", line 512, in main
    stats = sync(
  File "C:\Users\takuy\OneDrive\tdnet-excel-input\tools\sync_financials.py", line 348, in sync
    n = api.upsert_batch(table, chunk, on_conflict="ticker,period,quarter")
  File "C:\Users\takuy\OneDrive\tdnet-excel-input\tools\sync_financials.py", line 139, in upsert_batch
    self._request(
  File "C:\Users\takuy\OneDrive\tdnet-excel-input\tools\sync_financials.py", line 123, in _request
    logger.error(
Message: '[API] HTTP 0 \u2014 ���g���C�s��\n  ���X�|���X: {"code":"42501","details":null,"hint":null,"message":"new row violates row-level security policy for table \\"financials\\""}'
Arguments: ()
--- Logging error ---
Traceback (most recent call last):
  File "C:\Users\takuy\OneDrive\tdnet-excel-input\tools\sync_financials.py", line 348, in sync
    n = api.upsert_batch(table, chunk, on_conflict="ticker,period,quarter")
        ^^^^^^^^^^^^^^^^^^^^^^^^^^^^^^^^^^^^^^^^^^^^^^^^^^^^^^^^^^^^^^^^^^^
  File "C:\Users\takuy\OneDrive\tdnet-excel-input\tools\sync_financials.py", line 139, in upsert_batch
    self._request(
  File "C:\Users\takuy\OneDrive\tdnet-excel-input\tools\sync_financials.py", line 96, in _request
    r.raise_for_status()
  File "C:\Users\takuy\OneDrive\tdnet-excel-input\.venv\Lib\site-packages\requests\models.py", line 1026, in raise_for_status
    raise HTTPError(http_error_msg, response=self)
requests.exceptions.HTTPError: 401 Client Error: Unauthorized for url: https://fvkvfekzoebcolssnteo.supabase.co/rest/v1/financials?on_conflict=ticker%2Cperiod%2Cquarter

During handling of the above exception, another exception occurred:

Traceback (most recent call last):
  File "C:\Users\takuy\AppData\Roaming\uv\python\cpython-3.11-windows-x86_64-none\Lib\logging\__init__.py", line 1113, in emit
    stream.write(msg + self.terminator)
UnicodeEncodeError: 'cp932' codec can't encode character '\u2014' in position 71: illegal multibyte sequence
Call stack:
  File "C:\Users\takuy\OneDrive\tdnet-excel-input\tools\sync_financials.py", line 538, in <module>
    main()
  File "C:\Users\takuy\OneDrive\tdnet-excel-input\tools\sync_financials.py", line 512, in main
    stats = sync(
  File "C:\Users\takuy\OneDrive\tdnet-excel-input\tools\sync_financials.py", line 360, in sync
    logger.error(
Message: "  batch 41/145: FAILED \u2014 401 Client Error: Unauthorized for url: https://fvkvfekzoebcolssnteo.supabase.co/rest/v1/financials?on_conflict=ticker%2Cperiod%2Cquarter\n  (�擪�s: {'ticker': '39510', 'period': '2023-03-31', 'quarter': '2Q', 'sales': 19819000000, 'gross_profit': 4639703000, 'operating_profit': 1170000000, 'source': 'jquants', 'updated_at': '2026-03-09T17:53:52.606130+09:00'})"
Arguments: ()
--- Logging error ---
Traceback (most recent call last):
  File "C:\Users\takuy\OneDrive\tdnet-excel-input\tools\sync_financials.py", line 96, in _request
    r.raise_for_status()
  File "C:\Users\takuy\OneDrive\tdnet-excel-input\.venv\Lib\site-packages\requests\models.py", line 1026, in raise_for_status
    raise HTTPError(http_error_msg, response=self)
requests.exceptions.HTTPError: 401 Client Error: Unauthorized for url: https://fvkvfekzoebcolssnteo.supabase.co/rest/v1/financials?on_conflict=ticker%2Cperiod%2Cquarter

During handling of the above exception, another exception occurred:

Traceback (most recent call last):
  File "C:\Users\takuy\AppData\Roaming\uv\python\cpython-3.11-windows-x86_64-none\Lib\logging\__init__.py", line 1113, in emit
    stream.write(msg + self.terminator)
UnicodeEncodeError: 'cp932' codec can't encode character '\u2014' in position 61: illegal multibyte sequence
Call stack:
  File "C:\Users\takuy\OneDrive\tdnet-excel-input\tools\sync_financials.py", line 538, in <module>
    main()
  File "C:\Users\takuy\OneDrive\tdnet-excel-input\tools\sync_financials.py", line 512, in main
    stats = sync(
  File "C:\Users\takuy\OneDrive\tdnet-excel-input\tools\sync_financials.py", line 348, in sync
    n = api.upsert_batch(table, chunk, on_conflict="ticker,period,quarter")
  File "C:\Users\takuy\OneDrive\tdnet-excel-input\tools\sync_financials.py", line 139, in upsert_batch
    self._request(
  File "C:\Users\takuy\OneDrive\tdnet-excel-input\tools\sync_financials.py", line 123, in _request
    logger.error(
Message: '[API] HTTP 0 \u2014 ���g���C�s��\n  ���X�|���X: {"code":"42501","details":null,"hint":null,"message":"new row violates row-level security policy for table \\"financials\\""}'
Arguments: ()
--- Logging error ---
Traceback (most recent call last):
  File "C:\Users\takuy\OneDrive\tdnet-excel-input\tools\sync_financials.py", line 348, in sync
    n = api.upsert_batch(table, chunk, on_conflict="ticker,period,quarter")
        ^^^^^^^^^^^^^^^^^^^^^^^^^^^^^^^^^^^^^^^^^^^^^^^^^^^^^^^^^^^^^^^^^^^
  File "C:\Users\takuy\OneDrive\tdnet-excel-input\tools\sync_financials.py", line 139, in upsert_batch
    self._request(
  File "C:\Users\takuy\OneDrive\tdnet-excel-input\tools\sync_financials.py", line 96, in _request
    r.raise_for_status()
  File "C:\Users\takuy\OneDrive\tdnet-excel-input\.venv\Lib\site-packages\requests\models.py", line 1026, in raise_for_status
    raise HTTPError(http_error_msg, response=self)
requests.exceptions.HTTPError: 401 Client Error: Unauthorized for url: https://fvkvfekzoebcolssnteo.supabase.co/rest/v1/financials?on_conflict=ticker%2Cperiod%2Cquarter

During handling of the above exception, another exception occurred:

Traceback (most recent call last):
  File "C:\Users\takuy\AppData\Roaming\uv\python\cpython-3.11-windows-x86_64-none\Lib\logging\__init__.py", line 1113, in emit
    stream.write(msg + self.terminator)
UnicodeEncodeError: 'cp932' codec can't encode character '\u2014' in position 71: illegal multibyte sequence
Call stack:
  File "C:\Users\takuy\OneDrive\tdnet-excel-input\tools\sync_financials.py", line 538, in <module>
    main()
  File "C:\Users\takuy\OneDrive\tdnet-excel-input\tools\sync_financials.py", line 512, in main
    stats = sync(
  File "C:\Users\takuy\OneDrive\tdnet-excel-input\tools\sync_financials.py", line 360, in sync
    logger.error(
Message: "  batch 42/145: FAILED \u2014 401 Client Error: Unauthorized for url: https://fvkvfekzoebcolssnteo.supabase.co/rest/v1/financials?on_conflict=ticker%2Cperiod%2Cquarter\n  (�擪�s: {'ticker': '39910', 'period': '2024-08-31', 'quarter': '2Q', 'sales': 2327000000, 'gross_profit': None, 'operating_profit': 745000000, 'source': 'jquants', 'updated_at': '2026-03-09T17:53:52.606130+09:00'})"
Arguments: ()
--- Logging error ---
Traceback (most recent call last):
  File "C:\Users\takuy\OneDrive\tdnet-excel-input\tools\sync_financials.py", line 96, in _request
    r.raise_for_status()
  File "C:\Users\takuy\OneDrive\tdnet-excel-input\.venv\Lib\site-packages\requests\models.py", line 1026, in raise_for_status
    raise HTTPError(http_error_msg, response=self)
requests.exceptions.HTTPError: 401 Client Error: Unauthorized for url: https://fvkvfekzoebcolssnteo.supabase.co/rest/v1/financials?on_conflict=ticker%2Cperiod%2Cquarter

During handling of the above exception, another exception occurred:

Traceback (most recent call last):
  File "C:\Users\takuy\AppData\Roaming\uv\python\cpython-3.11-windows-x86_64-none\Lib\logging\__init__.py", line 1113, in emit
    stream.write(msg + self.terminator)
UnicodeEncodeError: 'cp932' codec can't encode character '\u2014' in position 61: illegal multibyte sequence
Call stack:
  File "C:\Users\takuy\OneDrive\tdnet-excel-input\tools\sync_financials.py", line 538, in <module>
    main()
  File "C:\Users\takuy\OneDrive\tdnet-excel-input\tools\sync_financials.py", line 512, in main
    stats = sync(
  File "C:\Users\takuy\OneDrive\tdnet-excel-input\tools\sync_financials.py", line 348, in sync
    n = api.upsert_batch(table, chunk, on_conflict="ticker,period,quarter")
  File "C:\Users\takuy\OneDrive\tdnet-excel-input\tools\sync_financials.py", line 139, in upsert_batch
    self._request(
  File "C:\Users\takuy\OneDrive\tdnet-excel-input\tools\sync_financials.py", line 123, in _request
    logger.error(
Message: '[API] HTTP 0 \u2014 ���g���C�s��\n  ���X�|���X: {"code":"42501","details":null,"hint":null,"message":"new row violates row-level security policy for table \\"financials\\""}'
Arguments: ()
--- Logging error ---
Traceback (most recent call last):
  File "C:\Users\takuy\OneDrive\tdnet-excel-input\tools\sync_financials.py", line 348, in sync
    n = api.upsert_batch(table, chunk, on_conflict="ticker,period,quarter")
        ^^^^^^^^^^^^^^^^^^^^^^^^^^^^^^^^^^^^^^^^^^^^^^^^^^^^^^^^^^^^^^^^^^^
  File "C:\Users\takuy\OneDrive\tdnet-excel-input\tools\sync_financials.py", line 139, in upsert_batch
    self._request(
  File "C:\Users\takuy\OneDrive\tdnet-excel-input\tools\sync_financials.py", line 96, in _request
    r.raise_for_status()
  File "C:\Users\takuy\OneDrive\tdnet-excel-input\.venv\Lib\site-packages\requests\models.py", line 1026, in raise_for_status
    raise HTTPError(http_error_msg, response=self)
requests.exceptions.HTTPError: 401 Client Error: Unauthorized for url: https://fvkvfekzoebcolssnteo.supabase.co/rest/v1/financials?on_conflict=ticker%2Cperiod%2Cquarter

During handling of the above exception, another exception occurred:

Traceback (most recent call last):
  File "C:\Users\takuy\AppData\Roaming\uv\python\cpython-3.11-windows-x86_64-none\Lib\logging\__init__.py", line 1113, in emit
    stream.write(msg + self.terminator)
UnicodeEncodeError: 'cp932' codec can't encode character '\u2014' in position 71: illegal multibyte sequence
Call stack:
  File "C:\Users\takuy\OneDrive\tdnet-excel-input\tools\sync_financials.py", line 538, in <module>
    main()
  File "C:\Users\takuy\OneDrive\tdnet-excel-input\tools\sync_financials.py", line 512, in main
    stats = sync(
  File "C:\Users\takuy\OneDrive\tdnet-excel-input\tools\sync_financials.py", line 360, in sync
    logger.error(
Message: "  batch 43/145: FAILED \u2014 401 Client Error: Unauthorized for url: https://fvkvfekzoebcolssnteo.supabase.co/rest/v1/financials?on_conflict=ticker%2Cperiod%2Cquarter\n  (�擪�s: {'ticker': '40280', 'period': '2023-03-31', 'quarter': '3Q', 'sales': 94174000000, 'gross_profit': 22307000000, 'operating_profit': 3811000000, 'source': 'jquants', 'updated_at': '2026-03-09T17:53:52.606130+09:00'})"
Arguments: ()
--- Logging error ---
Traceback (most recent call last):
  File "C:\Users\takuy\OneDrive\tdnet-excel-input\tools\sync_financials.py", line 96, in _request
    r.raise_for_status()
  File "C:\Users\takuy\OneDrive\tdnet-excel-input\.venv\Lib\site-packages\requests\models.py", line 1026, in raise_for_status
    raise HTTPError(http_error_msg, response=self)
requests.exceptions.HTTPError: 401 Client Error: Unauthorized for url: https://fvkvfekzoebcolssnteo.supabase.co/rest/v1/financials?on_conflict=ticker%2Cperiod%2Cquarter

During handling of the above exception, another exception occurred:

Traceback (most recent call last):
  File "C:\Users\takuy\AppData\Roaming\uv\python\cpython-3.11-windows-x86_64-none\Lib\logging\__init__.py", line 1113, in emit
    stream.write(msg + self.terminator)
UnicodeEncodeError: 'cp932' codec can't encode character '\u2014' in position 61: illegal multibyte sequence
Call stack:
  File "C:\Users\takuy\OneDrive\tdnet-excel-input\tools\sync_financials.py", line 538, in <module>
    main()
  File "C:\Users\takuy\OneDrive\tdnet-excel-input\tools\sync_financials.py", line 512, in main
    stats = sync(
  File "C:\Users\takuy\OneDrive\tdnet-excel-input\tools\sync_financials.py", line 348, in sync
    n = api.upsert_batch(table, chunk, on_conflict="ticker,period,quarter")
  File "C:\Users\takuy\OneDrive\tdnet-excel-input\tools\sync_financials.py", line 139, in upsert_batch
    self._request(
  File "C:\Users\takuy\OneDrive\tdnet-excel-input\tools\sync_financials.py", line 123, in _request
    logger.error(
Message: '[API] HTTP 0 \u2014 ���g���C�s��\n  ���X�|���X: {"code":"42501","details":null,"hint":null,"message":"new row violates row-level security policy for table \\"financials\\""}'
Arguments: ()
--- Logging error ---
Traceback (most recent call last):
  File "C:\Users\takuy\OneDrive\tdnet-excel-input\tools\sync_financials.py", line 348, in sync
    n = api.upsert_batch(table, chunk, on_conflict="ticker,period,quarter")
        ^^^^^^^^^^^^^^^^^^^^^^^^^^^^^^^^^^^^^^^^^^^^^^^^^^^^^^^^^^^^^^^^^^^
  File "C:\Users\takuy\OneDrive\tdnet-excel-input\tools\sync_financials.py", line 139, in upsert_batch
    self._request(
  File "C:\Users\takuy\OneDrive\tdnet-excel-input\tools\sync_financials.py", line 96, in _request
    r.raise_for_status()
  File "C:\Users\takuy\OneDrive\tdnet-excel-input\.venv\Lib\site-packages\requests\models.py", line 1026, in raise_for_status
    raise HTTPError(http_error_msg, response=self)
requests.exceptions.HTTPError: 401 Client Error: Unauthorized for url: https://fvkvfekzoebcolssnteo.supabase.co/rest/v1/financials?on_conflict=ticker%2Cperiod%2Cquarter

During handling of the above exception, another exception occurred:

Traceback (most recent call last):
  File "C:\Users\takuy\AppData\Roaming\uv\python\cpython-3.11-windows-x86_64-none\Lib\logging\__init__.py", line 1113, in emit
    stream.write(msg + self.terminator)
UnicodeEncodeError: 'cp932' codec can't encode character '\u2014' in position 71: illegal multibyte sequence
Call stack:
  File "C:\Users\takuy\OneDrive\tdnet-excel-input\tools\sync_financials.py", line 538, in <module>
    main()
  File "C:\Users\takuy\OneDrive\tdnet-excel-input\tools\sync_financials.py", line 512, in main
    stats = sync(
  File "C:\Users\takuy\OneDrive\tdnet-excel-input\tools\sync_financials.py", line 360, in sync
    logger.error(
Message: "  batch 44/145: FAILED \u2014 401 Client Error: Unauthorized for url: https://fvkvfekzoebcolssnteo.supabase.co/rest/v1/financials?on_conflict=ticker%2Cperiod%2Cquarter\n  (�擪�s: {'ticker': '40690', 'period': '2024-03-31', 'quarter': 'FY', 'sales': 2506000000, 'gross_profit': 1265547000, 'operating_profit': 253000000, 'source': 'jquants', 'updated_at': '2026-03-09T17:53:52.606130+09:00'})"
Arguments: ()
--- Logging error ---
Traceback (most recent call last):
  File "C:\Users\takuy\OneDrive\tdnet-excel-input\tools\sync_financials.py", line 96, in _request
    r.raise_for_status()
  File "C:\Users\takuy\OneDrive\tdnet-excel-input\.venv\Lib\site-packages\requests\models.py", line 1026, in raise_for_status
    raise HTTPError(http_error_msg, response=self)
requests.exceptions.HTTPError: 401 Client Error: Unauthorized for url: https://fvkvfekzoebcolssnteo.supabase.co/rest/v1/financials?on_conflict=ticker%2Cperiod%2Cquarter

During handling of the above exception, another exception occurred:

Traceback (most recent call last):
  File "C:\Users\takuy\AppData\Roaming\uv\python\cpython-3.11-windows-x86_64-none\Lib\logging\__init__.py", line 1113, in emit
    stream.write(msg + self.terminator)
UnicodeEncodeError: 'cp932' codec can't encode character '\u2014' in position 61: illegal multibyte sequence
Call stack:
  File "C:\Users\takuy\OneDrive\tdnet-excel-input\tools\sync_financials.py", line 538, in <module>
    main()
  File "C:\Users\takuy\OneDrive\tdnet-excel-input\tools\sync_financials.py", line 512, in main
    stats = sync(
  File "C:\Users\takuy\OneDrive\tdnet-excel-input\tools\sync_financials.py", line 348, in sync
    n = api.upsert_batch(table, chunk, on_conflict="ticker,period,quarter")
  File "C:\Users\takuy\OneDrive\tdnet-excel-input\tools\sync_financials.py", line 139, in upsert_batch
    self._request(
  File "C:\Users\takuy\OneDrive\tdnet-excel-input\tools\sync_financials.py", line 123, in _request
    logger.error(
Message: '[API] HTTP 0 \u2014 ���g���C�s��\n  ���X�|���X: {"code":"42501","details":null,"hint":null,"message":"new row violates row-level security policy for table \\"financials\\""}'
Arguments: ()
--- Logging error ---
Traceback (most recent call last):
  File "C:\Users\takuy\OneDrive\tdnet-excel-input\tools\sync_financials.py", line 348, in sync
    n = api.upsert_batch(table, chunk, on_conflict="ticker,period,quarter")
        ^^^^^^^^^^^^^^^^^^^^^^^^^^^^^^^^^^^^^^^^^^^^^^^^^^^^^^^^^^^^^^^^^^^
  File "C:\Users\takuy\OneDrive\tdnet-excel-input\tools\sync_financials.py", line 139, in upsert_batch
    self._request(
  File "C:\Users\takuy\OneDrive\tdnet-excel-input\tools\sync_financials.py", line 96, in _request
    r.raise_for_status()
  File "C:\Users\takuy\OneDrive\tdnet-excel-input\.venv\Lib\site-packages\requests\models.py", line 1026, in raise_for_status
    raise HTTPError(http_error_msg, response=self)
requests.exceptions.HTTPError: 401 Client Error: Unauthorized for url: https://fvkvfekzoebcolssnteo.supabase.co/rest/v1/financials?on_conflict=ticker%2Cperiod%2Cquarter

During handling of the above exception, another exception occurred:

Traceback (most recent call last):
  File "C:\Users\takuy\AppData\Roaming\uv\python\cpython-3.11-windows-x86_64-none\Lib\logging\__init__.py", line 1113, in emit
    stream.write(msg + self.terminator)
UnicodeEncodeError: 'cp932' codec can't encode character '\u2014' in position 71: illegal multibyte sequence
Call stack:
  File "C:\Users\takuy\OneDrive\tdnet-excel-input\tools\sync_financials.py", line 538, in <module>
    main()
  File "C:\Users\takuy\OneDrive\tdnet-excel-input\tools\sync_financials.py", line 512, in main
    stats = sync(
  File "C:\Users\takuy\OneDrive\tdnet-excel-input\tools\sync_financials.py", line 360, in sync
    logger.error(
Message: "  batch 45/145: FAILED \u2014 401 Client Error: Unauthorized for url: https://fvkvfekzoebcolssnteo.supabase.co/rest/v1/financials?on_conflict=ticker%2Cperiod%2Cquarter\n  (�擪�s: {'ticker': '41160', 'period': '2025-03-31', 'quarter': 'FY', 'sales': 124760000000, 'gross_profit': 25221000000, 'operating_profit': 7004000000, 'source': 'jquants', 'updated_at': '2026-03-09T17:53:52.606130+09:00'})"
Arguments: ()
--- Logging error ---
Traceback (most recent call last):
  File "C:\Users\takuy\OneDrive\tdnet-excel-input\tools\sync_financials.py", line 96, in _request
    r.raise_for_status()
  File "C:\Users\takuy\OneDrive\tdnet-excel-input\.venv\Lib\site-packages\requests\models.py", line 1026, in raise_for_status
    raise HTTPError(http_error_msg, response=self)
requests.exceptions.HTTPError: 401 Client Error: Unauthorized for url: https://fvkvfekzoebcolssnteo.supabase.co/rest/v1/financials?on_conflict=ticker%2Cperiod%2Cquarter

During handling of the above exception, another exception occurred:

Traceback (most recent call last):
  File "C:\Users\takuy\AppData\Roaming\uv\python\cpython-3.11-windows-x86_64-none\Lib\logging\__init__.py", line 1113, in emit
    stream.write(msg + self.terminator)
UnicodeEncodeError: 'cp932' codec can't encode character '\u2014' in position 61: illegal multibyte sequence
Call stack:
  File "C:\Users\takuy\OneDrive\tdnet-excel-input\tools\sync_financials.py", line 538, in <module>
    main()
  File "C:\Users\takuy\OneDrive\tdnet-excel-input\tools\sync_financials.py", line 512, in main
    stats = sync(
  File "C:\Users\takuy\OneDrive\tdnet-excel-input\tools\sync_financials.py", line 348, in sync
    n = api.upsert_batch(table, chunk, on_conflict="ticker,period,quarter")
  File "C:\Users\takuy\OneDrive\tdnet-excel-input\tools\sync_financials.py", line 139, in upsert_batch
    self._request(
  File "C:\Users\takuy\OneDrive\tdnet-excel-input\tools\sync_financials.py", line 123, in _request
    logger.error(
Message: '[API] HTTP 0 \u2014 ���g���C�s��\n  ���X�|���X: {"code":"42501","details":null,"hint":null,"message":"new row violates row-level security policy for table \\"financials\\""}'
Arguments: ()
--- Logging error ---
Traceback (most recent call last):
  File "C:\Users\takuy\OneDrive\tdnet-excel-input\tools\sync_financials.py", line 348, in sync
    n = api.upsert_batch(table, chunk, on_conflict="ticker,period,quarter")
        ^^^^^^^^^^^^^^^^^^^^^^^^^^^^^^^^^^^^^^^^^^^^^^^^^^^^^^^^^^^^^^^^^^^
  File "C:\Users\takuy\OneDrive\tdnet-excel-input\tools\sync_financials.py", line 139, in upsert_batch
    self._request(
  File "C:\Users\takuy\OneDrive\tdnet-excel-input\tools\sync_financials.py", line 96, in _request
    r.raise_for_status()
  File "C:\Users\takuy\OneDrive\tdnet-excel-input\.venv\Lib\site-packages\requests\models.py", line 1026, in raise_for_status
    raise HTTPError(http_error_msg, response=self)
requests.exceptions.HTTPError: 401 Client Error: Unauthorized for url: https://fvkvfekzoebcolssnteo.supabase.co/rest/v1/financials?on_conflict=ticker%2Cperiod%2Cquarter

During handling of the above exception, another exception occurred:

Traceback (most recent call last):
  File "C:\Users\takuy\AppData\Roaming\uv\python\cpython-3.11-windows-x86_64-none\Lib\logging\__init__.py", line 1113, in emit
    stream.write(msg + self.terminator)
UnicodeEncodeError: 'cp932' codec can't encode character '\u2014' in position 71: illegal multibyte sequence
Call stack:
  File "C:\Users\takuy\OneDrive\tdnet-excel-input\tools\sync_financials.py", line 538, in <module>
    main()
  File "C:\Users\takuy\OneDrive\tdnet-excel-input\tools\sync_financials.py", line 512, in main
    stats = sync(
  File "C:\Users\takuy\OneDrive\tdnet-excel-input\tools\sync_financials.py", line 360, in sync
    logger.error(
Message: "  batch 46/145: FAILED \u2014 401 Client Error: Unauthorized for url: https://fvkvfekzoebcolssnteo.supabase.co/rest/v1/financials?on_conflict=ticker%2Cperiod%2Cquarter\n  (�擪�s: {'ticker': '41870', 'period': '2023-11-30', 'quarter': '3Q', 'sales': 21754000000, 'gross_profit': 6232693000, 'operating_profit': 3056000000, 'source': 'jquants', 'updated_at': '2026-03-09T17:53:52.606130+09:00'})"
Arguments: ()
--- Logging error ---
Traceback (most recent call last):
  File "C:\Users\takuy\OneDrive\tdnet-excel-input\tools\sync_financials.py", line 96, in _request
    r.raise_for_status()
  File "C:\Users\takuy\OneDrive\tdnet-excel-input\.venv\Lib\site-packages\requests\models.py", line 1026, in raise_for_status
    raise HTTPError(http_error_msg, response=self)
requests.exceptions.HTTPError: 401 Client Error: Unauthorized for url: https://fvkvfekzoebcolssnteo.supabase.co/rest/v1/financials?on_conflict=ticker%2Cperiod%2Cquarter

During handling of the above exception, another exception occurred:

Traceback (most recent call last):
  File "C:\Users\takuy\AppData\Roaming\uv\python\cpython-3.11-windows-x86_64-none\Lib\logging\__init__.py", line 1113, in emit
    stream.write(msg + self.terminator)
UnicodeEncodeError: 'cp932' codec can't encode character '\u2014' in position 61: illegal multibyte sequence
Call stack:
  File "C:\Users\takuy\OneDrive\tdnet-excel-input\tools\sync_financials.py", line 538, in <module>
    main()
  File "C:\Users\takuy\OneDrive\tdnet-excel-input\tools\sync_financials.py", line 512, in main
    stats = sync(
  File "C:\Users\takuy\OneDrive\tdnet-excel-input\tools\sync_financials.py", line 348, in sync
    n = api.upsert_batch(table, chunk, on_conflict="ticker,period,quarter")
  File "C:\Users\takuy\OneDrive\tdnet-excel-input\tools\sync_financials.py", line 139, in upsert_batch
    self._request(
  File "C:\Users\takuy\OneDrive\tdnet-excel-input\tools\sync_financials.py", line 123, in _request
    logger.error(
Message: '[API] HTTP 0 \u2014 ���g���C�s��\n  ���X�|���X: {"code":"42501","details":null,"hint":null,"message":"new row violates row-level security policy for table \\"financials\\""}'
Arguments: ()
--- Logging error ---
Traceback (most recent call last):
  File "C:\Users\takuy\OneDrive\tdnet-excel-input\tools\sync_financials.py", line 348, in sync
    n = api.upsert_batch(table, chunk, on_conflict="ticker,period,quarter")
        ^^^^^^^^^^^^^^^^^^^^^^^^^^^^^^^^^^^^^^^^^^^^^^^^^^^^^^^^^^^^^^^^^^^
  File "C:\Users\takuy\OneDrive\tdnet-excel-input\tools\sync_financials.py", line 139, in upsert_batch
    self._request(
  File "C:\Users\takuy\OneDrive\tdnet-excel-input\tools\sync_financials.py", line 96, in _request
    r.raise_for_status()
  File "C:\Users\takuy\OneDrive\tdnet-excel-input\.venv\Lib\site-packages\requests\models.py", line 1026, in raise_for_status
    raise HTTPError(http_error_msg, response=self)
requests.exceptions.HTTPError: 401 Client Error: Unauthorized for url: https://fvkvfekzoebcolssnteo.supabase.co/rest/v1/financials?on_conflict=ticker%2Cperiod%2Cquarter

During handling of the above exception, another exception occurred:

Traceback (most recent call last):
  File "C:\Users\takuy\AppData\Roaming\uv\python\cpython-3.11-windows-x86_64-none\Lib\logging\__init__.py", line 1113, in emit
    stream.write(msg + self.terminator)
UnicodeEncodeError: 'cp932' codec can't encode character '\u2014' in position 71: illegal multibyte sequence
Call stack:
  File "C:\Users\takuy\OneDrive\tdnet-excel-input\tools\sync_financials.py", line 538, in <module>
    main()
  File "C:\Users\takuy\OneDrive\tdnet-excel-input\tools\sync_financials.py", line 512, in main
    stats = sync(
  File "C:\Users\takuy\OneDrive\tdnet-excel-input\tools\sync_financials.py", line 360, in sync
    logger.error(
Message: "  batch 47/145: FAILED \u2014 401 Client Error: Unauthorized for url: https://fvkvfekzoebcolssnteo.supabase.co/rest/v1/financials?on_conflict=ticker%2Cperiod%2Cquarter\n  (�擪�s: {'ticker': '42340', 'period': '2021-03-31', 'quarter': 'FY', 'sales': 29986000000, 'gross_profit': 3711179000, 'operating_profit': 613000000, 'source': 'jquants', 'updated_at': '2026-03-09T17:53:52.606130+09:00'})"
Arguments: ()
--- Logging error ---
Traceback (most recent call last):
  File "C:\Users\takuy\OneDrive\tdnet-excel-input\tools\sync_financials.py", line 96, in _request
    r.raise_for_status()
  File "C:\Users\takuy\OneDrive\tdnet-excel-input\.venv\Lib\site-packages\requests\models.py", line 1026, in raise_for_status
    raise HTTPError(http_error_msg, response=self)
requests.exceptions.HTTPError: 401 Client Error: Unauthorized for url: https://fvkvfekzoebcolssnteo.supabase.co/rest/v1/financials?on_conflict=ticker%2Cperiod%2Cquarter

During handling of the above exception, another exception occurred:

Traceback (most recent call last):
  File "C:\Users\takuy\AppData\Roaming\uv\python\cpython-3.11-windows-x86_64-none\Lib\logging\__init__.py", line 1113, in emit
    stream.write(msg + self.terminator)
UnicodeEncodeError: 'cp932' codec can't encode character '\u2014' in position 61: illegal multibyte sequence
Call stack:
  File "C:\Users\takuy\OneDrive\tdnet-excel-input\tools\sync_financials.py", line 538, in <module>
    main()
  File "C:\Users\takuy\OneDrive\tdnet-excel-input\tools\sync_financials.py", line 512, in main
    stats = sync(
  File "C:\Users\takuy\OneDrive\tdnet-excel-input\tools\sync_financials.py", line 348, in sync
    n = api.upsert_batch(table, chunk, on_conflict="ticker,period,quarter")
  File "C:\Users\takuy\OneDrive\tdnet-excel-input\tools\sync_financials.py", line 139, in upsert_batch
    self._request(
  File "C:\Users\takuy\OneDrive\tdnet-excel-input\tools\sync_financials.py", line 123, in _request
    logger.error(
Message: '[API] HTTP 0 \u2014 ���g���C�s��\n  ���X�|���X: {"code":"42501","details":null,"hint":null,"message":"new row violates row-level security policy for table \\"financials\\""}'
Arguments: ()
--- Logging error ---
Traceback (most recent call last):
  File "C:\Users\takuy\OneDrive\tdnet-excel-input\tools\sync_financials.py", line 348, in sync
    n = api.upsert_batch(table, chunk, on_conflict="ticker,period,quarter")
        ^^^^^^^^^^^^^^^^^^^^^^^^^^^^^^^^^^^^^^^^^^^^^^^^^^^^^^^^^^^^^^^^^^^
  File "C:\Users\takuy\OneDrive\tdnet-excel-input\tools\sync_financials.py", line 139, in upsert_batch
    self._request(
  File "C:\Users\takuy\OneDrive\tdnet-excel-input\tools\sync_financials.py", line 96, in _request
    r.raise_for_status()
  File "C:\Users\takuy\OneDrive\tdnet-excel-input\.venv\Lib\site-packages\requests\models.py", line 1026, in raise_for_status
    raise HTTPError(http_error_msg, response=self)
requests.exceptions.HTTPError: 401 Client Error: Unauthorized for url: https://fvkvfekzoebcolssnteo.supabase.co/rest/v1/financials?on_conflict=ticker%2Cperiod%2Cquarter

During handling of the above exception, another exception occurred:

Traceback (most recent call last):
  File "C:\Users\takuy\AppData\Roaming\uv\python\cpython-3.11-windows-x86_64-none\Lib\logging\__init__.py", line 1113, in emit
    stream.write(msg + self.terminator)
UnicodeEncodeError: 'cp932' codec can't encode character '\u2014' in position 71: illegal multibyte sequence
Call stack:
  File "C:\Users\takuy\OneDrive\tdnet-excel-input\tools\sync_financials.py", line 538, in <module>
    main()
  File "C:\Users\takuy\OneDrive\tdnet-excel-input\tools\sync_financials.py", line 512, in main
    stats = sync(
  File "C:\Users\takuy\OneDrive\tdnet-excel-input\tools\sync_financials.py", line 360, in sync
    logger.error(
Message: "  batch 48/145: FAILED \u2014 401 Client Error: Unauthorized for url: https://fvkvfekzoebcolssnteo.supabase.co/rest/v1/financials?on_conflict=ticker%2Cperiod%2Cquarter\n  (�擪�s: {'ticker': '42740', 'period': '2024-03-31', 'quarter': '1Q', 'sales': 244000000, 'gross_profit': 76670000, 'operating_profit': -1000000, 'source': 'jquants', 'updated_at': '2026-03-09T17:53:52.606130+09:00'})"
Arguments: ()
--- Logging error ---
Traceback (most recent call last):
  File "C:\Users\takuy\OneDrive\tdnet-excel-input\tools\sync_financials.py", line 96, in _request
    r.raise_for_status()
  File "C:\Users\takuy\OneDrive\tdnet-excel-input\.venv\Lib\site-packages\requests\models.py", line 1026, in raise_for_status
    raise HTTPError(http_error_msg, response=self)
requests.exceptions.HTTPError: 401 Client Error: Unauthorized for url: https://fvkvfekzoebcolssnteo.supabase.co/rest/v1/financials?on_conflict=ticker%2Cperiod%2Cquarter

During handling of the above exception, another exception occurred:

Traceback (most recent call last):
  File "C:\Users\takuy\AppData\Roaming\uv\python\cpython-3.11-windows-x86_64-none\Lib\logging\__init__.py", line 1113, in emit
    stream.write(msg + self.terminator)
UnicodeEncodeError: 'cp932' codec can't encode character '\u2014' in position 61: illegal multibyte sequence
Call stack:
  File "C:\Users\takuy\OneDrive\tdnet-excel-input\tools\sync_financials.py", line 538, in <module>
    main()
  File "C:\Users\takuy\OneDrive\tdnet-excel-input\tools\sync_financials.py", line 512, in main
    stats = sync(
  File "C:\Users\takuy\OneDrive\tdnet-excel-input\tools\sync_financials.py", line 348, in sync
    n = api.upsert_batch(table, chunk, on_conflict="ticker,period,quarter")
  File "C:\Users\takuy\OneDrive\tdnet-excel-input\tools\sync_financials.py", line 139, in upsert_batch
    self._request(
  File "C:\Users\takuy\OneDrive\tdnet-excel-input\tools\sync_financials.py", line 123, in _request
    logger.error(
Message: '[API] HTTP 0 \u2014 ���g���C�s��\n  ���X�|���X: {"code":"42501","details":null,"hint":null,"message":"new row violates row-level security policy for table \\"financials\\""}'
Arguments: ()
--- Logging error ---
Traceback (most recent call last):
  File "C:\Users\takuy\OneDrive\tdnet-excel-input\tools\sync_financials.py", line 348, in sync
    n = api.upsert_batch(table, chunk, on_conflict="ticker,period,quarter")
        ^^^^^^^^^^^^^^^^^^^^^^^^^^^^^^^^^^^^^^^^^^^^^^^^^^^^^^^^^^^^^^^^^^^
  File "C:\Users\takuy\OneDrive\tdnet-excel-input\tools\sync_financials.py", line 139, in upsert_batch
    self._request(
  File "C:\Users\takuy\OneDrive\tdnet-excel-input\tools\sync_financials.py", line 96, in _request
    r.raise_for_status()
  File "C:\Users\takuy\OneDrive\tdnet-excel-input\.venv\Lib\site-packages\requests\models.py", line 1026, in raise_for_status
    raise HTTPError(http_error_msg, response=self)
requests.exceptions.HTTPError: 401 Client Error: Unauthorized for url: https://fvkvfekzoebcolssnteo.supabase.co/rest/v1/financials?on_conflict=ticker%2Cperiod%2Cquarter

During handling of the above exception, another exception occurred:

Traceback (most recent call last):
  File "C:\Users\takuy\AppData\Roaming\uv\python\cpython-3.11-windows-x86_64-none\Lib\logging\__init__.py", line 1113, in emit
    stream.write(msg + self.terminator)
UnicodeEncodeError: 'cp932' codec can't encode character '\u2014' in position 71: illegal multibyte sequence
Call stack:
  File "C:\Users\takuy\OneDrive\tdnet-excel-input\tools\sync_financials.py", line 538, in <module>
    main()
  File "C:\Users\takuy\OneDrive\tdnet-excel-input\tools\sync_financials.py", line 512, in main
    stats = sync(
  File "C:\Users\takuy\OneDrive\tdnet-excel-input\tools\sync_financials.py", line 360, in sync
    logger.error(
Message: "  batch 49/145: FAILED \u2014 401 Client Error: Unauthorized for url: https://fvkvfekzoebcolssnteo.supabase.co/rest/v1/financials?on_conflict=ticker%2Cperiod%2Cquarter\n  (�擪�s: {'ticker': '43370', 'period': '2026-03-31', 'quarter': 'FY', 'sales': None, 'gross_profit': None, 'operating_profit': None, 'source': 'jquants', 'updated_at': '2026-03-09T17:53:52.606130+09:00'})"
Arguments: ()
--- Logging error ---
Traceback (most recent call last):
  File "C:\Users\takuy\OneDrive\tdnet-excel-input\tools\sync_financials.py", line 96, in _request
    r.raise_for_status()
  File "C:\Users\takuy\OneDrive\tdnet-excel-input\.venv\Lib\site-packages\requests\models.py", line 1026, in raise_for_status
    raise HTTPError(http_error_msg, response=self)
requests.exceptions.HTTPError: 401 Client Error: Unauthorized for url: https://fvkvfekzoebcolssnteo.supabase.co/rest/v1/financials?on_conflict=ticker%2Cperiod%2Cquarter

During handling of the above exception, another exception occurred:

Traceback (most recent call last):
  File "C:\Users\takuy\AppData\Roaming\uv\python\cpython-3.11-windows-x86_64-none\Lib\logging\__init__.py", line 1113, in emit
    stream.write(msg + self.terminator)
UnicodeEncodeError: 'cp932' codec can't encode character '\u2014' in position 61: illegal multibyte sequence
Call stack:
  File "C:\Users\takuy\OneDrive\tdnet-excel-input\tools\sync_financials.py", line 538, in <module>
    main()
  File "C:\Users\takuy\OneDrive\tdnet-excel-input\tools\sync_financials.py", line 512, in main
    stats = sync(
  File "C:\Users\takuy\OneDrive\tdnet-excel-input\tools\sync_financials.py", line 348, in sync
    n = api.upsert_batch(table, chunk, on_conflict="ticker,period,quarter")
  File "C:\Users\takuy\OneDrive\tdnet-excel-input\tools\sync_financials.py", line 139, in upsert_batch
    self._request(
  File "C:\Users\takuy\OneDrive\tdnet-excel-input\tools\sync_financials.py", line 123, in _request
    logger.error(
Message: '[API] HTTP 0 \u2014 ���g���C�s��\n  ���X�|���X: {"code":"42501","details":null,"hint":null,"message":"new row violates row-level security policy for table \\"financials\\""}'
Arguments: ()
--- Logging error ---
Traceback (most recent call last):
  File "C:\Users\takuy\OneDrive\tdnet-excel-input\tools\sync_financials.py", line 348, in sync
    n = api.upsert_batch(table, chunk, on_conflict="ticker,period,quarter")
        ^^^^^^^^^^^^^^^^^^^^^^^^^^^^^^^^^^^^^^^^^^^^^^^^^^^^^^^^^^^^^^^^^^^
  File "C:\Users\takuy\OneDrive\tdnet-excel-input\tools\sync_financials.py", line 139, in upsert_batch
    self._request(
  File "C:\Users\takuy\OneDrive\tdnet-excel-input\tools\sync_financials.py", line 96, in _request
    r.raise_for_status()
  File "C:\Users\takuy\OneDrive\tdnet-excel-input\.venv\Lib\site-packages\requests\models.py", line 1026, in raise_for_status
    raise HTTPError(http_error_msg, response=self)
requests.exceptions.HTTPError: 401 Client Error: Unauthorized for url: https://fvkvfekzoebcolssnteo.supabase.co/rest/v1/financials?on_conflict=ticker%2Cperiod%2Cquarter

During handling of the above exception, another exception occurred:

Traceback (most recent call last):
  File "C:\Users\takuy\AppData\Roaming\uv\python\cpython-3.11-windows-x86_64-none\Lib\logging\__init__.py", line 1113, in emit
    stream.write(msg + self.terminator)
UnicodeEncodeError: 'cp932' codec can't encode character '\u2014' in position 71: illegal multibyte sequence
Call stack:
  File "C:\Users\takuy\OneDrive\tdnet-excel-input\tools\sync_financials.py", line 538, in <module>
    main()
  File "C:\Users\takuy\OneDrive\tdnet-excel-input\tools\sync_financials.py", line 512, in main
    stats = sync(
  File "C:\Users\takuy\OneDrive\tdnet-excel-input\tools\sync_financials.py", line 360, in sync
    logger.error(
Message: "  batch 50/145: FAILED \u2014 401 Client Error: Unauthorized for url: https://fvkvfekzoebcolssnteo.supabase.co/rest/v1/financials?on_conflict=ticker%2Cperiod%2Cquarter\n  (�擪�s: {'ticker': '43780', 'period': '2025-10-31', 'quarter': '3Q', 'sales': 1381000000, 'gross_profit': 882995000, 'operating_profit': -85000000, 'source': 'jquants', 'updated_at': '2026-03-09T17:53:52.606130+09:00'})"
Arguments: ()
--- Logging error ---
Traceback (most recent call last):
  File "C:\Users\takuy\OneDrive\tdnet-excel-input\tools\sync_financials.py", line 96, in _request
    r.raise_for_status()
  File "C:\Users\takuy\OneDrive\tdnet-excel-input\.venv\Lib\site-packages\requests\models.py", line 1026, in raise_for_status
    raise HTTPError(http_error_msg, response=self)
requests.exceptions.HTTPError: 401 Client Error: Unauthorized for url: https://fvkvfekzoebcolssnteo.supabase.co/rest/v1/financials?on_conflict=ticker%2Cperiod%2Cquarter

During handling of the above exception, another exception occurred:

Traceback (most recent call last):
  File "C:\Users\takuy\AppData\Roaming\uv\python\cpython-3.11-windows-x86_64-none\Lib\logging\__init__.py", line 1113, in emit
    stream.write(msg + self.terminator)
UnicodeEncodeError: 'cp932' codec can't encode character '\u2014' in position 61: illegal multibyte sequence
Call stack:
  File "C:\Users\takuy\OneDrive\tdnet-excel-input\tools\sync_financials.py", line 538, in <module>
    main()
  File "C:\Users\takuy\OneDrive\tdnet-excel-input\tools\sync_financials.py", line 512, in main
    stats = sync(
  File "C:\Users\takuy\OneDrive\tdnet-excel-input\tools\sync_financials.py", line 348, in sync
    n = api.upsert_batch(table, chunk, on_conflict="ticker,period,quarter")
  File "C:\Users\takuy\OneDrive\tdnet-excel-input\tools\sync_financials.py", line 139, in upsert_batch
    self._request(
  File "C:\Users\takuy\OneDrive\tdnet-excel-input\tools\sync_financials.py", line 123, in _request
    logger.error(
Message: '[API] HTTP 0 \u2014 ���g���C�s��\n  ���X�|���X: {"code":"42501","details":null,"hint":null,"message":"new row violates row-level security policy for table \\"financials\\""}'
Arguments: ()
--- Logging error ---
Traceback (most recent call last):
  File "C:\Users\takuy\OneDrive\tdnet-excel-input\tools\sync_financials.py", line 348, in sync
    n = api.upsert_batch(table, chunk, on_conflict="ticker,period,quarter")
        ^^^^^^^^^^^^^^^^^^^^^^^^^^^^^^^^^^^^^^^^^^^^^^^^^^^^^^^^^^^^^^^^^^^
  File "C:\Users\takuy\OneDrive\tdnet-excel-input\tools\sync_financials.py", line 139, in upsert_batch
    self._request(
  File "C:\Users\takuy\OneDrive\tdnet-excel-input\tools\sync_financials.py", line 96, in _request
    r.raise_for_status()
  File "C:\Users\takuy\OneDrive\tdnet-excel-input\.venv\Lib\site-packages\requests\models.py", line 1026, in raise_for_status
    raise HTTPError(http_error_msg, response=self)
requests.exceptions.HTTPError: 401 Client Error: Unauthorized for url: https://fvkvfekzoebcolssnteo.supabase.co/rest/v1/financials?on_conflict=ticker%2Cperiod%2Cquarter

During handling of the above exception, another exception occurred:

Traceback (most recent call last):
  File "C:\Users\takuy\AppData\Roaming\uv\python\cpython-3.11-windows-x86_64-none\Lib\logging\__init__.py", line 1113, in emit
    stream.write(msg + self.terminator)
UnicodeEncodeError: 'cp932' codec can't encode character '\u2014' in position 71: illegal multibyte sequence
Call stack:
  File "C:\Users\takuy\OneDrive\tdnet-excel-input\tools\sync_financials.py", line 538, in <module>
    main()
  File "C:\Users\takuy\OneDrive\tdnet-excel-input\tools\sync_financials.py", line 512, in main
    stats = sync(
  File "C:\Users\takuy\OneDrive\tdnet-excel-input\tools\sync_financials.py", line 360, in sync
    logger.error(
Message: "  batch 51/145: FAILED \u2014 401 Client Error: Unauthorized for url: https://fvkvfekzoebcolssnteo.supabase.co/rest/v1/financials?on_conflict=ticker%2Cperiod%2Cquarter\n  (�擪�s: {'ticker': '44100', 'period': '2025-03-31', 'quarter': '1Q', 'sales': 23807000000, 'gross_profit': 5213000000, 'operating_profit': 481000000, 'source': 'jquants', 'updated_at': '2026-03-09T17:53:52.606130+09:00'})"
Arguments: ()
--- Logging error ---
Traceback (most recent call last):
  File "C:\Users\takuy\OneDrive\tdnet-excel-input\tools\sync_financials.py", line 96, in _request
    r.raise_for_status()
  File "C:\Users\takuy\OneDrive\tdnet-excel-input\.venv\Lib\site-packages\requests\models.py", line 1026, in raise_for_status
    raise HTTPError(http_error_msg, response=self)
requests.exceptions.HTTPError: 401 Client Error: Unauthorized for url: https://fvkvfekzoebcolssnteo.supabase.co/rest/v1/financials?on_conflict=ticker%2Cperiod%2Cquarter

During handling of the above exception, another exception occurred:

Traceback (most recent call last):
  File "C:\Users\takuy\AppData\Roaming\uv\python\cpython-3.11-windows-x86_64-none\Lib\logging\__init__.py", line 1113, in emit
    stream.write(msg + self.terminator)
UnicodeEncodeError: 'cp932' codec can't encode character '\u2014' in position 61: illegal multibyte sequence
Call stack:
  File "C:\Users\takuy\OneDrive\tdnet-excel-input\tools\sync_financials.py", line 538, in <module>
    main()
  File "C:\Users\takuy\OneDrive\tdnet-excel-input\tools\sync_financials.py", line 512, in main
    stats = sync(
  File "C:\Users\takuy\OneDrive\tdnet-excel-input\tools\sync_financials.py", line 348, in sync
    n = api.upsert_batch(table, chunk, on_conflict="ticker,period,quarter")
  File "C:\Users\takuy\OneDrive\tdnet-excel-input\tools\sync_financials.py", line 139, in upsert_batch
    self._request(
  File "C:\Users\takuy\OneDrive\tdnet-excel-input\tools\sync_financials.py", line 123, in _request
    logger.error(
Message: '[API] HTTP 0 \u2014 ���g���C�s��\n  ���X�|���X: {"code":"42501","details":null,"hint":null,"message":"new row violates row-level security policy for table \\"financials\\""}'
Arguments: ()
--- Logging error ---
Traceback (most recent call last):
  File "C:\Users\takuy\OneDrive\tdnet-excel-input\tools\sync_financials.py", line 348, in sync
    n = api.upsert_batch(table, chunk, on_conflict="ticker,period,quarter")
        ^^^^^^^^^^^^^^^^^^^^^^^^^^^^^^^^^^^^^^^^^^^^^^^^^^^^^^^^^^^^^^^^^^^
  File "C:\Users\takuy\OneDrive\tdnet-excel-input\tools\sync_financials.py", line 139, in upsert_batch
    self._request(
  File "C:\Users\takuy\OneDrive\tdnet-excel-input\tools\sync_financials.py", line 96, in _request
    r.raise_for_status()
  File "C:\Users\takuy\OneDrive\tdnet-excel-input\.venv\Lib\site-packages\requests\models.py", line 1026, in raise_for_status
    raise HTTPError(http_error_msg, response=self)
requests.exceptions.HTTPError: 401 Client Error: Unauthorized for url: https://fvkvfekzoebcolssnteo.supabase.co/rest/v1/financials?on_conflict=ticker%2Cperiod%2Cquarter

During handling of the above exception, another exception occurred:

Traceback (most recent call last):
  File "C:\Users\takuy\AppData\Roaming\uv\python\cpython-3.11-windows-x86_64-none\Lib\logging\__init__.py", line 1113, in emit
    stream.write(msg + self.terminator)
UnicodeEncodeError: 'cp932' codec can't encode character '\u2014' in position 71: illegal multibyte sequence
Call stack:
  File "C:\Users\takuy\OneDrive\tdnet-excel-input\tools\sync_financials.py", line 538, in <module>
    main()
  File "C:\Users\takuy\OneDrive\tdnet-excel-input\tools\sync_financials.py", line 512, in main
    stats = sync(
  File "C:\Users\takuy\OneDrive\tdnet-excel-input\tools\sync_financials.py", line 360, in sync
    logger.error(
Message: "  batch 52/145: FAILED \u2014 401 Client Error: Unauthorized for url: https://fvkvfekzoebcolssnteo.supabase.co/rest/v1/financials?on_conflict=ticker%2Cperiod%2Cquarter\n  (�擪�s: {'ticker': '44400', 'period': '2022-08-31', 'quarter': 'FY', 'sales': 2345000000, 'gross_profit': 887062000, 'operating_profit': 236000000, 'source': 'jquants', 'updated_at': '2026-03-09T17:53:52.606130+09:00'})"
Arguments: ()
--- Logging error ---
Traceback (most recent call last):
  File "C:\Users\takuy\OneDrive\tdnet-excel-input\tools\sync_financials.py", line 96, in _request
    r.raise_for_status()
  File "C:\Users\takuy\OneDrive\tdnet-excel-input\.venv\Lib\site-packages\requests\models.py", line 1026, in raise_for_status
    raise HTTPError(http_error_msg, response=self)
requests.exceptions.HTTPError: 401 Client Error: Unauthorized for url: https://fvkvfekzoebcolssnteo.supabase.co/rest/v1/financials?on_conflict=ticker%2Cperiod%2Cquarter

During handling of the above exception, another exception occurred:

Traceback (most recent call last):
  File "C:\Users\takuy\AppData\Roaming\uv\python\cpython-3.11-windows-x86_64-none\Lib\logging\__init__.py", line 1113, in emit
    stream.write(msg + self.terminator)
UnicodeEncodeError: 'cp932' codec can't encode character '\u2014' in position 61: illegal multibyte sequence
Call stack:
  File "C:\Users\takuy\OneDrive\tdnet-excel-input\tools\sync_financials.py", line 538, in <module>
    main()
  File "C:\Users\takuy\OneDrive\tdnet-excel-input\tools\sync_financials.py", line 512, in main
    stats = sync(
  File "C:\Users\takuy\OneDrive\tdnet-excel-input\tools\sync_financials.py", line 348, in sync
    n = api.upsert_batch(table, chunk, on_conflict="ticker,period,quarter")
  File "C:\Users\takuy\OneDrive\tdnet-excel-input\tools\sync_financials.py", line 139, in upsert_batch
    self._request(
  File "C:\Users\takuy\OneDrive\tdnet-excel-input\tools\sync_financials.py", line 123, in _request
    logger.error(
Message: '[API] HTTP 0 \u2014 ���g���C�s��\n  ���X�|���X: {"code":"42501","details":null,"hint":null,"message":"new row violates row-level security policy for table \\"financials\\""}'
Arguments: ()
--- Logging error ---
Traceback (most recent call last):
  File "C:\Users\takuy\OneDrive\tdnet-excel-input\tools\sync_financials.py", line 348, in sync
    n = api.upsert_batch(table, chunk, on_conflict="ticker,period,quarter")
        ^^^^^^^^^^^^^^^^^^^^^^^^^^^^^^^^^^^^^^^^^^^^^^^^^^^^^^^^^^^^^^^^^^^
  File "C:\Users\takuy\OneDrive\tdnet-excel-input\tools\sync_financials.py", line 139, in upsert_batch
    self._request(
  File "C:\Users\takuy\OneDrive\tdnet-excel-input\tools\sync_financials.py", line 96, in _request
    r.raise_for_status()
  File "C:\Users\takuy\OneDrive\tdnet-excel-input\.venv\Lib\site-packages\requests\models.py", line 1026, in raise_for_status
    raise HTTPError(http_error_msg, response=self)
requests.exceptions.HTTPError: 401 Client Error: Unauthorized for url: https://fvkvfekzoebcolssnteo.supabase.co/rest/v1/financials?on_conflict=ticker%2Cperiod%2Cquarter

During handling of the above exception, another exception occurred:

Traceback (most recent call last):
  File "C:\Users\takuy\AppData\Roaming\uv\python\cpython-3.11-windows-x86_64-none\Lib\logging\__init__.py", line 1113, in emit
    stream.write(msg + self.terminator)
UnicodeEncodeError: 'cp932' codec can't encode character '\u2014' in position 71: illegal multibyte sequence
Call stack:
  File "C:\Users\takuy\OneDrive\tdnet-excel-input\tools\sync_financials.py", line 538, in <module>
    main()
  File "C:\Users\takuy\OneDrive\tdnet-excel-input\tools\sync_financials.py", line 512, in main
    stats = sync(
  File "C:\Users\takuy\OneDrive\tdnet-excel-input\tools\sync_financials.py", line 360, in sync
    logger.error(
Message: "  batch 53/145: FAILED \u2014 401 Client Error: Unauthorized for url: https://fvkvfekzoebcolssnteo.supabase.co/rest/v1/financials?on_conflict=ticker%2Cperiod%2Cquarter\n  (�擪�s: {'ticker': '44820', 'period': '2021-12-31', 'quarter': '3Q', 'sales': 2571000000, 'gross_profit': 1111911000, 'operating_profit': 467000000, 'source': 'jquants', 'updated_at': '2026-03-09T17:53:52.606130+09:00'})"
Arguments: ()
--- Logging error ---
Traceback (most recent call last):
  File "C:\Users\takuy\OneDrive\tdnet-excel-input\tools\sync_financials.py", line 96, in _request
    r.raise_for_status()
  File "C:\Users\takuy\OneDrive\tdnet-excel-input\.venv\Lib\site-packages\requests\models.py", line 1026, in raise_for_status
    raise HTTPError(http_error_msg, response=self)
requests.exceptions.HTTPError: 401 Client Error: Unauthorized for url: https://fvkvfekzoebcolssnteo.supabase.co/rest/v1/financials?on_conflict=ticker%2Cperiod%2Cquarter

During handling of the above exception, another exception occurred:

Traceback (most recent call last):
  File "C:\Users\takuy\AppData\Roaming\uv\python\cpython-3.11-windows-x86_64-none\Lib\logging\__init__.py", line 1113, in emit
    stream.write(msg + self.terminator)
UnicodeEncodeError: 'cp932' codec can't encode character '\u2014' in position 61: illegal multibyte sequence
Call stack:
  File "C:\Users\takuy\OneDrive\tdnet-excel-input\tools\sync_financials.py", line 538, in <module>
    main()
  File "C:\Users\takuy\OneDrive\tdnet-excel-input\tools\sync_financials.py", line 512, in main
    stats = sync(
  File "C:\Users\takuy\OneDrive\tdnet-excel-input\tools\sync_financials.py", line 348, in sync
    n = api.upsert_batch(table, chunk, on_conflict="ticker,period,quarter")
  File "C:\Users\takuy\OneDrive\tdnet-excel-input\tools\sync_financials.py", line 139, in upsert_batch
    self._request(
  File "C:\Users\takuy\OneDrive\tdnet-excel-input\tools\sync_financials.py", line 123, in _request
    logger.error(
Message: '[API] HTTP 0 \u2014 ���g���C�s��\n  ���X�|���X: {"code":"42501","details":null,"hint":null,"message":"new row violates row-level security policy for table \\"financials\\""}'
Arguments: ()
--- Logging error ---
Traceback (most recent call last):
  File "C:\Users\takuy\OneDrive\tdnet-excel-input\tools\sync_financials.py", line 348, in sync
    n = api.upsert_batch(table, chunk, on_conflict="ticker,period,quarter")
        ^^^^^^^^^^^^^^^^^^^^^^^^^^^^^^^^^^^^^^^^^^^^^^^^^^^^^^^^^^^^^^^^^^^
  File "C:\Users\takuy\OneDrive\tdnet-excel-input\tools\sync_financials.py", line 139, in upsert_batch
    self._request(
  File "C:\Users\takuy\OneDrive\tdnet-excel-input\tools\sync_financials.py", line 96, in _request
    r.raise_for_status()
  File "C:\Users\takuy\OneDrive\tdnet-excel-input\.venv\Lib\site-packages\requests\models.py", line 1026, in raise_for_status
    raise HTTPError(http_error_msg, response=self)
requests.exceptions.HTTPError: 401 Client Error: Unauthorized for url: https://fvkvfekzoebcolssnteo.supabase.co/rest/v1/financials?on_conflict=ticker%2Cperiod%2Cquarter

During handling of the above exception, another exception occurred:

Traceback (most recent call last):
  File "C:\Users\takuy\AppData\Roaming\uv\python\cpython-3.11-windows-x86_64-none\Lib\logging\__init__.py", line 1113, in emit
    stream.write(msg + self.terminator)
UnicodeEncodeError: 'cp932' codec can't encode character '\u2014' in position 71: illegal multibyte sequence
Call stack:
  File "C:\Users\takuy\OneDrive\tdnet-excel-input\tools\sync_financials.py", line 538, in <module>
    main()
  File "C:\Users\takuy\OneDrive\tdnet-excel-input\tools\sync_financials.py", line 512, in main
    stats = sync(
  File "C:\Users\takuy\OneDrive\tdnet-excel-input\tools\sync_financials.py", line 360, in sync
    logger.error(
Message: "  batch 54/145: FAILED \u2014 401 Client Error: Unauthorized for url: https://fvkvfekzoebcolssnteo.supabase.co/rest/v1/financials?on_conflict=ticker%2Cperiod%2Cquarter\n  (�擪�s: {'ticker': '45240', 'period': '2026-03-31', 'quarter': '1Q', 'sales': 3343000000, 'gross_profit': 1539000000, 'operating_profit': 193000000, 'source': 'jquants', 'updated_at': '2026-03-09T17:53:52.606130+09:00'})"
Arguments: ()
--- Logging error ---
Traceback (most recent call last):
  File "C:\Users\takuy\OneDrive\tdnet-excel-input\tools\sync_financials.py", line 96, in _request
    r.raise_for_status()
  File "C:\Users\takuy\OneDrive\tdnet-excel-input\.venv\Lib\site-packages\requests\models.py", line 1026, in raise_for_status
    raise HTTPError(http_error_msg, response=self)
requests.exceptions.HTTPError: 401 Client Error: Unauthorized for url: https://fvkvfekzoebcolssnteo.supabase.co/rest/v1/financials?on_conflict=ticker%2Cperiod%2Cquarter

During handling of the above exception, another exception occurred:

Traceback (most recent call last):
  File "C:\Users\takuy\AppData\Roaming\uv\python\cpython-3.11-windows-x86_64-none\Lib\logging\__init__.py", line 1113, in emit
    stream.write(msg + self.terminator)
UnicodeEncodeError: 'cp932' codec can't encode character '\u2014' in position 61: illegal multibyte sequence
Call stack:
  File "C:\Users\takuy\OneDrive\tdnet-excel-input\tools\sync_financials.py", line 538, in <module>
    main()
  File "C:\Users\takuy\OneDrive\tdnet-excel-input\tools\sync_financials.py", line 512, in main
    stats = sync(
  File "C:\Users\takuy\OneDrive\tdnet-excel-input\tools\sync_financials.py", line 348, in sync
    n = api.upsert_batch(table, chunk, on_conflict="ticker,period,quarter")
  File "C:\Users\takuy\OneDrive\tdnet-excel-input\tools\sync_financials.py", line 139, in upsert_batch
    self._request(
  File "C:\Users\takuy\OneDrive\tdnet-excel-input\tools\sync_financials.py", line 123, in _request
    logger.error(
Message: '[API] HTTP 0 \u2014 ���g���C�s��\n  ���X�|���X: {"code":"42501","details":null,"hint":null,"message":"new row violates row-level security policy for table \\"financials\\""}'
Arguments: ()
--- Logging error ---
Traceback (most recent call last):
  File "C:\Users\takuy\OneDrive\tdnet-excel-input\tools\sync_financials.py", line 348, in sync
    n = api.upsert_batch(table, chunk, on_conflict="ticker,period,quarter")
        ^^^^^^^^^^^^^^^^^^^^^^^^^^^^^^^^^^^^^^^^^^^^^^^^^^^^^^^^^^^^^^^^^^^
  File "C:\Users\takuy\OneDrive\tdnet-excel-input\tools\sync_financials.py", line 139, in upsert_batch
    self._request(
  File "C:\Users\takuy\OneDrive\tdnet-excel-input\tools\sync_financials.py", line 96, in _request
    r.raise_for_status()
  File "C:\Users\takuy\OneDrive\tdnet-excel-input\.venv\Lib\site-packages\requests\models.py", line 1026, in raise_for_status
    raise HTTPError(http_error_msg, response=self)
requests.exceptions.HTTPError: 401 Client Error: Unauthorized for url: https://fvkvfekzoebcolssnteo.supabase.co/rest/v1/financials?on_conflict=ticker%2Cperiod%2Cquarter

During handling of the above exception, another exception occurred:

Traceback (most recent call last):
  File "C:\Users\takuy\AppData\Roaming\uv\python\cpython-3.11-windows-x86_64-none\Lib\logging\__init__.py", line 1113, in emit
    stream.write(msg + self.terminator)
UnicodeEncodeError: 'cp932' codec can't encode character '\u2014' in position 71: illegal multibyte sequence
Call stack:
  File "C:\Users\takuy\OneDrive\tdnet-excel-input\tools\sync_financials.py", line 538, in <module>
    main()
  File "C:\Users\takuy\OneDrive\tdnet-excel-input\tools\sync_financials.py", line 512, in main
    stats = sync(
  File "C:\Users\takuy\OneDrive\tdnet-excel-input\tools\sync_financials.py", line 360, in sync
    logger.error(
Message: "  batch 55/145: FAILED \u2014 401 Client Error: Unauthorized for url: https://fvkvfekzoebcolssnteo.supabase.co/rest/v1/financials?on_conflict=ticker%2Cperiod%2Cquarter\n  (�擪�s: {'ticker': '45680', 'period': '2025-03-31', 'quarter': '1Q', 'sales': 436175000000, 'gross_profit': 341126000000, 'operating_profit': 92979000000, 'source': 'jquants', 'updated_at': '2026-03-09T17:53:52.606130+09:00'})"
Arguments: ()
--- Logging error ---
Traceback (most recent call last):
  File "C:\Users\takuy\OneDrive\tdnet-excel-input\tools\sync_financials.py", line 96, in _request
    r.raise_for_status()
  File "C:\Users\takuy\OneDrive\tdnet-excel-input\.venv\Lib\site-packages\requests\models.py", line 1026, in raise_for_status
    raise HTTPError(http_error_msg, response=self)
requests.exceptions.HTTPError: 401 Client Error: Unauthorized for url: https://fvkvfekzoebcolssnteo.supabase.co/rest/v1/financials?on_conflict=ticker%2Cperiod%2Cquarter

During handling of the above exception, another exception occurred:

Traceback (most recent call last):
  File "C:\Users\takuy\AppData\Roaming\uv\python\cpython-3.11-windows-x86_64-none\Lib\logging\__init__.py", line 1113, in emit
    stream.write(msg + self.terminator)
UnicodeEncodeError: 'cp932' codec can't encode character '\u2014' in position 61: illegal multibyte sequence
Call stack:
  File "C:\Users\takuy\OneDrive\tdnet-excel-input\tools\sync_financials.py", line 538, in <module>
    main()
  File "C:\Users\takuy\OneDrive\tdnet-excel-input\tools\sync_financials.py", line 512, in main
    stats = sync(
  File "C:\Users\takuy\OneDrive\tdnet-excel-input\tools\sync_financials.py", line 348, in sync
    n = api.upsert_batch(table, chunk, on_conflict="ticker,period,quarter")
  File "C:\Users\takuy\OneDrive\tdnet-excel-input\tools\sync_financials.py", line 139, in upsert_batch
    self._request(
  File "C:\Users\takuy\OneDrive\tdnet-excel-input\tools\sync_financials.py", line 123, in _request
    logger.error(
Message: '[API] HTTP 0 \u2014 ���g���C�s��\n  ���X�|���X: {"code":"42501","details":null,"hint":null,"message":"new row violates row-level security policy for table \\"financials\\""}'
Arguments: ()
--- Logging error ---
Traceback (most recent call last):
  File "C:\Users\takuy\OneDrive\tdnet-excel-input\tools\sync_financials.py", line 348, in sync
    n = api.upsert_batch(table, chunk, on_conflict="ticker,period,quarter")
        ^^^^^^^^^^^^^^^^^^^^^^^^^^^^^^^^^^^^^^^^^^^^^^^^^^^^^^^^^^^^^^^^^^^
  File "C:\Users\takuy\OneDrive\tdnet-excel-input\tools\sync_financials.py", line 139, in upsert_batch
    self._request(
  File "C:\Users\takuy\OneDrive\tdnet-excel-input\tools\sync_financials.py", line 96, in _request
    r.raise_for_status()
  File "C:\Users\takuy\OneDrive\tdnet-excel-input\.venv\Lib\site-packages\requests\models.py", line 1026, in raise_for_status
    raise HTTPError(http_error_msg, response=self)
requests.exceptions.HTTPError: 401 Client Error: Unauthorized for url: https://fvkvfekzoebcolssnteo.supabase.co/rest/v1/financials?on_conflict=ticker%2Cperiod%2Cquarter

During handling of the above exception, another exception occurred:

Traceback (most recent call last):
  File "C:\Users\takuy\AppData\Roaming\uv\python\cpython-3.11-windows-x86_64-none\Lib\logging\__init__.py", line 1113, in emit
    stream.write(msg + self.terminator)
UnicodeEncodeError: 'cp932' codec can't encode character '\u2014' in position 71: illegal multibyte sequence
Call stack:
  File "C:\Users\takuy\OneDrive\tdnet-excel-input\tools\sync_financials.py", line 538, in <module>
    main()
  File "C:\Users\takuy\OneDrive\tdnet-excel-input\tools\sync_financials.py", line 512, in main
    stats = sync(
  File "C:\Users\takuy\OneDrive\tdnet-excel-input\tools\sync_financials.py", line 360, in sync
    logger.error(
Message: "  batch 56/145: FAILED \u2014 401 Client Error: Unauthorized for url: https://fvkvfekzoebcolssnteo.supabase.co/rest/v1/financials?on_conflict=ticker%2Cperiod%2Cquarter\n  (�擪�s: {'ticker': '45990', 'period': '2023-07-31', 'quarter': '1Q', 'sales': None, 'gross_profit': None, 'operating_profit': -512000000, 'source': 'jquants', 'updated_at': '2026-03-09T17:53:52.606130+09:00'})"
Arguments: ()
--- Logging error ---
Traceback (most recent call last):
  File "C:\Users\takuy\OneDrive\tdnet-excel-input\tools\sync_financials.py", line 96, in _request
    r.raise_for_status()
  File "C:\Users\takuy\OneDrive\tdnet-excel-input\.venv\Lib\site-packages\requests\models.py", line 1026, in raise_for_status
    raise HTTPError(http_error_msg, response=self)
requests.exceptions.HTTPError: 401 Client Error: Unauthorized for url: https://fvkvfekzoebcolssnteo.supabase.co/rest/v1/financials?on_conflict=ticker%2Cperiod%2Cquarter

During handling of the above exception, another exception occurred:

Traceback (most recent call last):
  File "C:\Users\takuy\AppData\Roaming\uv\python\cpython-3.11-windows-x86_64-none\Lib\logging\__init__.py", line 1113, in emit
    stream.write(msg + self.terminator)
UnicodeEncodeError: 'cp932' codec can't encode character '\u2014' in position 61: illegal multibyte sequence
Call stack:
  File "C:\Users\takuy\OneDrive\tdnet-excel-input\tools\sync_financials.py", line 538, in <module>
    main()
  File "C:\Users\takuy\OneDrive\tdnet-excel-input\tools\sync_financials.py", line 512, in main
    stats = sync(
  File "C:\Users\takuy\OneDrive\tdnet-excel-input\tools\sync_financials.py", line 348, in sync
    n = api.upsert_batch(table, chunk, on_conflict="ticker,period,quarter")
  File "C:\Users\takuy\OneDrive\tdnet-excel-input\tools\sync_financials.py", line 139, in upsert_batch
    self._request(
  File "C:\Users\takuy\OneDrive\tdnet-excel-input\tools\sync_financials.py", line 123, in _request
    logger.error(
Message: '[API] HTTP 0 \u2014 ���g���C�s��\n  ���X�|���X: {"code":"42501","details":null,"hint":null,"message":"new row violates row-level security policy for table \\"financials\\""}'
Arguments: ()
--- Logging error ---
Traceback (most recent call last):
  File "C:\Users\takuy\OneDrive\tdnet-excel-input\tools\sync_financials.py", line 348, in sync
    n = api.upsert_batch(table, chunk, on_conflict="ticker,period,quarter")
        ^^^^^^^^^^^^^^^^^^^^^^^^^^^^^^^^^^^^^^^^^^^^^^^^^^^^^^^^^^^^^^^^^^^
  File "C:\Users\takuy\OneDrive\tdnet-excel-input\tools\sync_financials.py", line 139, in upsert_batch
    self._request(
  File "C:\Users\takuy\OneDrive\tdnet-excel-input\tools\sync_financials.py", line 96, in _request
    r.raise_for_status()
  File "C:\Users\takuy\OneDrive\tdnet-excel-input\.venv\Lib\site-packages\requests\models.py", line 1026, in raise_for_status
    raise HTTPError(http_error_msg, response=self)
requests.exceptions.HTTPError: 401 Client Error: Unauthorized for url: https://fvkvfekzoebcolssnteo.supabase.co/rest/v1/financials?on_conflict=ticker%2Cperiod%2Cquarter

During handling of the above exception, another exception occurred:

Traceback (most recent call last):
  File "C:\Users\takuy\AppData\Roaming\uv\python\cpython-3.11-windows-x86_64-none\Lib\logging\__init__.py", line 1113, in emit
    stream.write(msg + self.terminator)
UnicodeEncodeError: 'cp932' codec can't encode character '\u2014' in position 71: illegal multibyte sequence
Call stack:
  File "C:\Users\takuy\OneDrive\tdnet-excel-input\tools\sync_financials.py", line 538, in <module>
    main()
  File "C:\Users\takuy\OneDrive\tdnet-excel-input\tools\sync_financials.py", line 512, in main
    stats = sync(
  File "C:\Users\takuy\OneDrive\tdnet-excel-input\tools\sync_financials.py", line 360, in sync
    logger.error(
Message: "  batch 57/145: FAILED \u2014 401 Client Error: Unauthorized for url: https://fvkvfekzoebcolssnteo.supabase.co/rest/v1/financials?on_conflict=ticker%2Cperiod%2Cquarter\n  (�擪�s: {'ticker': '46500', 'period': '2026-03-31', 'quarter': '3Q', 'sales': 3670000000, 'gross_profit': 3313547000, 'operating_profit': -95000000, 'source': 'jquants', 'updated_at': '2026-03-09T17:53:52.606130+09:00'})"
Arguments: ()
--- Logging error ---
Traceback (most recent call last):
  File "C:\Users\takuy\OneDrive\tdnet-excel-input\tools\sync_financials.py", line 96, in _request
    r.raise_for_status()
  File "C:\Users\takuy\OneDrive\tdnet-excel-input\.venv\Lib\site-packages\requests\models.py", line 1026, in raise_for_status
    raise HTTPError(http_error_msg, response=self)
requests.exceptions.HTTPError: 401 Client Error: Unauthorized for url: https://fvkvfekzoebcolssnteo.supabase.co/rest/v1/financials?on_conflict=ticker%2Cperiod%2Cquarter

During handling of the above exception, another exception occurred:

Traceback (most recent call last):
  File "C:\Users\takuy\AppData\Roaming\uv\python\cpython-3.11-windows-x86_64-none\Lib\logging\__init__.py", line 1113, in emit
    stream.write(msg + self.terminator)
UnicodeEncodeError: 'cp932' codec can't encode character '\u2014' in position 61: illegal multibyte sequence
Call stack:
  File "C:\Users\takuy\OneDrive\tdnet-excel-input\tools\sync_financials.py", line 538, in <module>
    main()
  File "C:\Users\takuy\OneDrive\tdnet-excel-input\tools\sync_financials.py", line 512, in main
    stats = sync(
  File "C:\Users\takuy\OneDrive\tdnet-excel-input\tools\sync_financials.py", line 348, in sync
    n = api.upsert_batch(table, chunk, on_conflict="ticker,period,quarter")
  File "C:\Users\takuy\OneDrive\tdnet-excel-input\tools\sync_financials.py", line 139, in upsert_batch
    self._request(
  File "C:\Users\takuy\OneDrive\tdnet-excel-input\tools\sync_financials.py", line 123, in _request
    logger.error(
Message: '[API] HTTP 0 \u2014 ���g���C�s��\n  ���X�|���X: {"code":"42501","details":null,"hint":null,"message":"new row violates row-level security policy for table \\"financials\\""}'
Arguments: ()
--- Logging error ---
Traceback (most recent call last):
  File "C:\Users\takuy\OneDrive\tdnet-excel-input\tools\sync_financials.py", line 348, in sync
    n = api.upsert_batch(table, chunk, on_conflict="ticker,period,quarter")
        ^^^^^^^^^^^^^^^^^^^^^^^^^^^^^^^^^^^^^^^^^^^^^^^^^^^^^^^^^^^^^^^^^^^
  File "C:\Users\takuy\OneDrive\tdnet-excel-input\tools\sync_financials.py", line 139, in upsert_batch
    self._request(
  File "C:\Users\takuy\OneDrive\tdnet-excel-input\tools\sync_financials.py", line 96, in _request
    r.raise_for_status()
  File "C:\Users\takuy\OneDrive\tdnet-excel-input\.venv\Lib\site-packages\requests\models.py", line 1026, in raise_for_status
    raise HTTPError(http_error_msg, response=self)
requests.exceptions.HTTPError: 401 Client Error: Unauthorized for url: https://fvkvfekzoebcolssnteo.supabase.co/rest/v1/financials?on_conflict=ticker%2Cperiod%2Cquarter

During handling of the above exception, another exception occurred:

Traceback (most recent call last):
  File "C:\Users\takuy\AppData\Roaming\uv\python\cpython-3.11-windows-x86_64-none\Lib\logging\__init__.py", line 1113, in emit
    stream.write(msg + self.terminator)
UnicodeEncodeError: 'cp932' codec can't encode character '\u2014' in position 71: illegal multibyte sequence
Call stack:
  File "C:\Users\takuy\OneDrive\tdnet-excel-input\tools\sync_financials.py", line 538, in <module>
    main()
  File "C:\Users\takuy\OneDrive\tdnet-excel-input\tools\sync_financials.py", line 512, in main
    stats = sync(
  File "C:\Users\takuy\OneDrive\tdnet-excel-input\tools\sync_financials.py", line 360, in sync
    logger.error(
Message: "  batch 58/145: FAILED \u2014 401 Client Error: Unauthorized for url: https://fvkvfekzoebcolssnteo.supabase.co/rest/v1/financials?on_conflict=ticker%2Cperiod%2Cquarter\n  (�擪�s: {'ticker': '46900', 'period': '2025-03-31', 'quarter': '1Q', 'sales': 1748000000, 'gross_profit': 381963000, 'operating_profit': 91000000, 'source': 'jquants', 'updated_at': '2026-03-09T17:53:52.606130+09:00'})"
Arguments: ()
--- Logging error ---
Traceback (most recent call last):
  File "C:\Users\takuy\OneDrive\tdnet-excel-input\tools\sync_financials.py", line 96, in _request
    r.raise_for_status()
  File "C:\Users\takuy\OneDrive\tdnet-excel-input\.venv\Lib\site-packages\requests\models.py", line 1026, in raise_for_status
    raise HTTPError(http_error_msg, response=self)
requests.exceptions.HTTPError: 401 Client Error: Unauthorized for url: https://fvkvfekzoebcolssnteo.supabase.co/rest/v1/financials?on_conflict=ticker%2Cperiod%2Cquarter

During handling of the above exception, another exception occurred:

Traceback (most recent call last):
  File "C:\Users\takuy\AppData\Roaming\uv\python\cpython-3.11-windows-x86_64-none\Lib\logging\__init__.py", line 1113, in emit
    stream.write(msg + self.terminator)
UnicodeEncodeError: 'cp932' codec can't encode character '\u2014' in position 61: illegal multibyte sequence
Call stack:
  File "C:\Users\takuy\OneDrive\tdnet-excel-input\tools\sync_financials.py", line 538, in <module>
    main()
  File "C:\Users\takuy\OneDrive\tdnet-excel-input\tools\sync_financials.py", line 512, in main
    stats = sync(
  File "C:\Users\takuy\OneDrive\tdnet-excel-input\tools\sync_financials.py", line 348, in sync
    n = api.upsert_batch(table, chunk, on_conflict="ticker,period,quarter")
  File "C:\Users\takuy\OneDrive\tdnet-excel-input\tools\sync_financials.py", line 139, in upsert_batch
    self._request(
  File "C:\Users\takuy\OneDrive\tdnet-excel-input\tools\sync_financials.py", line 123, in _request
    logger.error(
Message: '[API] HTTP 0 \u2014 ���g���C�s��\n  ���X�|���X: {"code":"42501","details":null,"hint":null,"message":"new row violates row-level security policy for table \\"financials\\""}'
Arguments: ()
--- Logging error ---
Traceback (most recent call last):
  File "C:\Users\takuy\OneDrive\tdnet-excel-input\tools\sync_financials.py", line 348, in sync
    n = api.upsert_batch(table, chunk, on_conflict="ticker,period,quarter")
        ^^^^^^^^^^^^^^^^^^^^^^^^^^^^^^^^^^^^^^^^^^^^^^^^^^^^^^^^^^^^^^^^^^^
  File "C:\Users\takuy\OneDrive\tdnet-excel-input\tools\sync_financials.py", line 139, in upsert_batch
    self._request(
  File "C:\Users\takuy\OneDrive\tdnet-excel-input\tools\sync_financials.py", line 96, in _request
    r.raise_for_status()
  File "C:\Users\takuy\OneDrive\tdnet-excel-input\.venv\Lib\site-packages\requests\models.py", line 1026, in raise_for_status
    raise HTTPError(http_error_msg, response=self)
requests.exceptions.HTTPError: 401 Client Error: Unauthorized for url: https://fvkvfekzoebcolssnteo.supabase.co/rest/v1/financials?on_conflict=ticker%2Cperiod%2Cquarter

During handling of the above exception, another exception occurred:

Traceback (most recent call last):
  File "C:\Users\takuy\AppData\Roaming\uv\python\cpython-3.11-windows-x86_64-none\Lib\logging\__init__.py", line 1113, in emit
    stream.write(msg + self.terminator)
UnicodeEncodeError: 'cp932' codec can't encode character '\u2014' in position 71: illegal multibyte sequence
Call stack:
  File "C:\Users\takuy\OneDrive\tdnet-excel-input\tools\sync_financials.py", line 538, in <module>
    main()
  File "C:\Users\takuy\OneDrive\tdnet-excel-input\tools\sync_financials.py", line 512, in main
    stats = sync(
  File "C:\Users\takuy\OneDrive\tdnet-excel-input\tools\sync_financials.py", line 360, in sync
    logger.error(
Message: "  batch 59/145: FAILED \u2014 401 Client Error: Unauthorized for url: https://fvkvfekzoebcolssnteo.supabase.co/rest/v1/financials?on_conflict=ticker%2Cperiod%2Cquarter\n  (�擪�s: {'ticker': '47540', 'period': '2023-09-30', 'quarter': '2Q', 'sales': 5319000000, 'gross_profit': 1808003000, 'operating_profit': 382000000, 'source': 'jquants', 'updated_at': '2026-03-09T17:53:52.606130+09:00'})"
Arguments: ()
--- Logging error ---
Traceback (most recent call last):
  File "C:\Users\takuy\OneDrive\tdnet-excel-input\tools\sync_financials.py", line 96, in _request
    r.raise_for_status()
  File "C:\Users\takuy\OneDrive\tdnet-excel-input\.venv\Lib\site-packages\requests\models.py", line 1026, in raise_for_status
    raise HTTPError(http_error_msg, response=self)
requests.exceptions.HTTPError: 401 Client Error: Unauthorized for url: https://fvkvfekzoebcolssnteo.supabase.co/rest/v1/financials?on_conflict=ticker%2Cperiod%2Cquarter

During handling of the above exception, another exception occurred:

Traceback (most recent call last):
  File "C:\Users\takuy\AppData\Roaming\uv\python\cpython-3.11-windows-x86_64-none\Lib\logging\__init__.py", line 1113, in emit
    stream.write(msg + self.terminator)
UnicodeEncodeError: 'cp932' codec can't encode character '\u2014' in position 61: illegal multibyte sequence
Call stack:
  File "C:\Users\takuy\OneDrive\tdnet-excel-input\tools\sync_financials.py", line 538, in <module>
    main()
  File "C:\Users\takuy\OneDrive\tdnet-excel-input\tools\sync_financials.py", line 512, in main
    stats = sync(
  File "C:\Users\takuy\OneDrive\tdnet-excel-input\tools\sync_financials.py", line 348, in sync
    n = api.upsert_batch(table, chunk, on_conflict="ticker,period,quarter")
  File "C:\Users\takuy\OneDrive\tdnet-excel-input\tools\sync_financials.py", line 139, in upsert_batch
    self._request(
  File "C:\Users\takuy\OneDrive\tdnet-excel-input\tools\sync_financials.py", line 123, in _request
    logger.error(
Message: '[API] HTTP 0 \u2014 ���g���C�s��\n  ���X�|���X: {"code":"42501","details":null,"hint":null,"message":"new row violates row-level security policy for table \\"financials\\""}'
Arguments: ()
--- Logging error ---
Traceback (most recent call last):
  File "C:\Users\takuy\OneDrive\tdnet-excel-input\tools\sync_financials.py", line 348, in sync
    n = api.upsert_batch(table, chunk, on_conflict="ticker,period,quarter")
        ^^^^^^^^^^^^^^^^^^^^^^^^^^^^^^^^^^^^^^^^^^^^^^^^^^^^^^^^^^^^^^^^^^^
  File "C:\Users\takuy\OneDrive\tdnet-excel-input\tools\sync_financials.py", line 139, in upsert_batch
    self._request(
  File "C:\Users\takuy\OneDrive\tdnet-excel-input\tools\sync_financials.py", line 96, in _request
    r.raise_for_status()
  File "C:\Users\takuy\OneDrive\tdnet-excel-input\.venv\Lib\site-packages\requests\models.py", line 1026, in raise_for_status
    raise HTTPError(http_error_msg, response=self)
requests.exceptions.HTTPError: 401 Client Error: Unauthorized for url: https://fvkvfekzoebcolssnteo.supabase.co/rest/v1/financials?on_conflict=ticker%2Cperiod%2Cquarter

During handling of the above exception, another exception occurred:

Traceback (most recent call last):
  File "C:\Users\takuy\AppData\Roaming\uv\python\cpython-3.11-windows-x86_64-none\Lib\logging\__init__.py", line 1113, in emit
    stream.write(msg + self.terminator)
UnicodeEncodeError: 'cp932' codec can't encode character '\u2014' in position 71: illegal multibyte sequence
Call stack:
  File "C:\Users\takuy\OneDrive\tdnet-excel-input\tools\sync_financials.py", line 538, in <module>
    main()
  File "C:\Users\takuy\OneDrive\tdnet-excel-input\tools\sync_financials.py", line 512, in main
    stats = sync(
  File "C:\Users\takuy\OneDrive\tdnet-excel-input\tools\sync_financials.py", line 360, in sync
    logger.error(
Message: "  batch 60/145: FAILED \u2014 401 Client Error: Unauthorized for url: https://fvkvfekzoebcolssnteo.supabase.co/rest/v1/financials?on_conflict=ticker%2Cperiod%2Cquarter\n  (�擪�s: {'ticker': '48160', 'period': '2024-03-31', 'quarter': '1Q', 'sales': 19884000000, 'gross_profit': 5528000000, 'operating_profit': 2095000000, 'source': 'jquants', 'updated_at': '2026-03-09T17:53:52.606130+09:00'})"
Arguments: ()
--- Logging error ---
Traceback (most recent call last):
  File "C:\Users\takuy\OneDrive\tdnet-excel-input\tools\sync_financials.py", line 96, in _request
    r.raise_for_status()
  File "C:\Users\takuy\OneDrive\tdnet-excel-input\.venv\Lib\site-packages\requests\models.py", line 1026, in raise_for_status
    raise HTTPError(http_error_msg, response=self)
requests.exceptions.HTTPError: 401 Client Error: Unauthorized for url: https://fvkvfekzoebcolssnteo.supabase.co/rest/v1/financials?on_conflict=ticker%2Cperiod%2Cquarter

During handling of the above exception, another exception occurred:

Traceback (most recent call last):
  File "C:\Users\takuy\AppData\Roaming\uv\python\cpython-3.11-windows-x86_64-none\Lib\logging\__init__.py", line 1113, in emit
    stream.write(msg + self.terminator)
UnicodeEncodeError: 'cp932' codec can't encode character '\u2014' in position 61: illegal multibyte sequence
Call stack:
  File "C:\Users\takuy\OneDrive\tdnet-excel-input\tools\sync_financials.py", line 538, in <module>
    main()
  File "C:\Users\takuy\OneDrive\tdnet-excel-input\tools\sync_financials.py", line 512, in main
    stats = sync(
  File "C:\Users\takuy\OneDrive\tdnet-excel-input\tools\sync_financials.py", line 348, in sync
    n = api.upsert_batch(table, chunk, on_conflict="ticker,period,quarter")
  File "C:\Users\takuy\OneDrive\tdnet-excel-input\tools\sync_financials.py", line 139, in upsert_batch
    self._request(
  File "C:\Users\takuy\OneDrive\tdnet-excel-input\tools\sync_financials.py", line 123, in _request
    logger.error(
Message: '[API] HTTP 0 \u2014 ���g���C�s��\n  ���X�|���X: {"code":"42501","details":null,"hint":null,"message":"new row violates row-level security policy for table \\"financials\\""}'
Arguments: ()
--- Logging error ---
Traceback (most recent call last):
  File "C:\Users\takuy\OneDrive\tdnet-excel-input\tools\sync_financials.py", line 348, in sync
    n = api.upsert_batch(table, chunk, on_conflict="ticker,period,quarter")
        ^^^^^^^^^^^^^^^^^^^^^^^^^^^^^^^^^^^^^^^^^^^^^^^^^^^^^^^^^^^^^^^^^^^
  File "C:\Users\takuy\OneDrive\tdnet-excel-input\tools\sync_financials.py", line 139, in upsert_batch
    self._request(
  File "C:\Users\takuy\OneDrive\tdnet-excel-input\tools\sync_financials.py", line 96, in _request
    r.raise_for_status()
  File "C:\Users\takuy\OneDrive\tdnet-excel-input\.venv\Lib\site-packages\requests\models.py", line 1026, in raise_for_status
    raise HTTPError(http_error_msg, response=self)
requests.exceptions.HTTPError: 401 Client Error: Unauthorized for url: https://fvkvfekzoebcolssnteo.supabase.co/rest/v1/financials?on_conflict=ticker%2Cperiod%2Cquarter

During handling of the above exception, another exception occurred:

Traceback (most recent call last):
  File "C:\Users\takuy\AppData\Roaming\uv\python\cpython-3.11-windows-x86_64-none\Lib\logging\__init__.py", line 1113, in emit
    stream.write(msg + self.terminator)
UnicodeEncodeError: 'cp932' codec can't encode character '\u2014' in position 71: illegal multibyte sequence
Call stack:
  File "C:\Users\takuy\OneDrive\tdnet-excel-input\tools\sync_financials.py", line 538, in <module>
    main()
  File "C:\Users\takuy\OneDrive\tdnet-excel-input\tools\sync_financials.py", line 512, in main
    stats = sync(
  File "C:\Users\takuy\OneDrive\tdnet-excel-input\tools\sync_financials.py", line 360, in sync
    logger.error(
Message: "  batch 61/145: FAILED \u2014 401 Client Error: Unauthorized for url: https://fvkvfekzoebcolssnteo.supabase.co/rest/v1/financials?on_conflict=ticker%2Cperiod%2Cquarter\n  (�擪�s: {'ticker': '48890', 'period': '2023-03-31', 'quarter': '3Q', 'sales': 30000000, 'gross_profit': 29750000, 'operating_profit': -225000000, 'source': 'jquants', 'updated_at': '2026-03-09T17:53:52.606130+09:00'})"
Arguments: ()
--- Logging error ---
Traceback (most recent call last):
  File "C:\Users\takuy\OneDrive\tdnet-excel-input\tools\sync_financials.py", line 96, in _request
    r.raise_for_status()
  File "C:\Users\takuy\OneDrive\tdnet-excel-input\.venv\Lib\site-packages\requests\models.py", line 1026, in raise_for_status
    raise HTTPError(http_error_msg, response=self)
requests.exceptions.HTTPError: 401 Client Error: Unauthorized for url: https://fvkvfekzoebcolssnteo.supabase.co/rest/v1/financials?on_conflict=ticker%2Cperiod%2Cquarter

During handling of the above exception, another exception occurred:

Traceback (most recent call last):
  File "C:\Users\takuy\AppData\Roaming\uv\python\cpython-3.11-windows-x86_64-none\Lib\logging\__init__.py", line 1113, in emit
    stream.write(msg + self.terminator)
UnicodeEncodeError: 'cp932' codec can't encode character '\u2014' in position 61: illegal multibyte sequence
Call stack:
  File "C:\Users\takuy\OneDrive\tdnet-excel-input\tools\sync_financials.py", line 538, in <module>
    main()
  File "C:\Users\takuy\OneDrive\tdnet-excel-input\tools\sync_financials.py", line 512, in main
    stats = sync(
  File "C:\Users\takuy\OneDrive\tdnet-excel-input\tools\sync_financials.py", line 348, in sync
    n = api.upsert_batch(table, chunk, on_conflict="ticker,period,quarter")
  File "C:\Users\takuy\OneDrive\tdnet-excel-input\tools\sync_financials.py", line 139, in upsert_batch
    self._request(
  File "C:\Users\takuy\OneDrive\tdnet-excel-input\tools\sync_financials.py", line 123, in _request
    logger.error(
Message: '[API] HTTP 0 \u2014 ���g���C�s��\n  ���X�|���X: {"code":"42501","details":null,"hint":null,"message":"new row violates row-level security policy for table \\"financials\\""}'
Arguments: ()
--- Logging error ---
Traceback (most recent call last):
  File "C:\Users\takuy\OneDrive\tdnet-excel-input\tools\sync_financials.py", line 348, in sync
    n = api.upsert_batch(table, chunk, on_conflict="ticker,period,quarter")
        ^^^^^^^^^^^^^^^^^^^^^^^^^^^^^^^^^^^^^^^^^^^^^^^^^^^^^^^^^^^^^^^^^^^
  File "C:\Users\takuy\OneDrive\tdnet-excel-input\tools\sync_financials.py", line 139, in upsert_batch
    self._request(
  File "C:\Users\takuy\OneDrive\tdnet-excel-input\tools\sync_financials.py", line 96, in _request
    r.raise_for_status()
  File "C:\Users\takuy\OneDrive\tdnet-excel-input\.venv\Lib\site-packages\requests\models.py", line 1026, in raise_for_status
    raise HTTPError(http_error_msg, response=self)
requests.exceptions.HTTPError: 401 Client Error: Unauthorized for url: https://fvkvfekzoebcolssnteo.supabase.co/rest/v1/financials?on_conflict=ticker%2Cperiod%2Cquarter

During handling of the above exception, another exception occurred:

Traceback (most recent call last):
  File "C:\Users\takuy\AppData\Roaming\uv\python\cpython-3.11-windows-x86_64-none\Lib\logging\__init__.py", line 1113, in emit
    stream.write(msg + self.terminator)
UnicodeEncodeError: 'cp932' codec can't encode character '\u2014' in position 71: illegal multibyte sequence
Call stack:
  File "C:\Users\takuy\OneDrive\tdnet-excel-input\tools\sync_financials.py", line 538, in <module>
    main()
  File "C:\Users\takuy\OneDrive\tdnet-excel-input\tools\sync_financials.py", line 512, in main
    stats = sync(
  File "C:\Users\takuy\OneDrive\tdnet-excel-input\tools\sync_financials.py", line 360, in sync
    logger.error(
Message: "  batch 62/145: FAILED \u2014 401 Client Error: Unauthorized for url: https://fvkvfekzoebcolssnteo.supabase.co/rest/v1/financials?on_conflict=ticker%2Cperiod%2Cquarter\n  (�擪�s: {'ticker': '49350', 'period': '2023-12-31', 'quarter': 'FY', 'sales': 7087000000, 'gross_profit': 2853650000, 'operating_profit': 172000000, 'source': 'jquants', 'updated_at': '2026-03-09T17:53:52.606130+09:00'})"
Arguments: ()
--- Logging error ---
Traceback (most recent call last):
  File "C:\Users\takuy\OneDrive\tdnet-excel-input\tools\sync_financials.py", line 96, in _request
    r.raise_for_status()
  File "C:\Users\takuy\OneDrive\tdnet-excel-input\.venv\Lib\site-packages\requests\models.py", line 1026, in raise_for_status
    raise HTTPError(http_error_msg, response=self)
requests.exceptions.HTTPError: 401 Client Error: Unauthorized for url: https://fvkvfekzoebcolssnteo.supabase.co/rest/v1/financials?on_conflict=ticker%2Cperiod%2Cquarter

During handling of the above exception, another exception occurred:

Traceback (most recent call last):
  File "C:\Users\takuy\AppData\Roaming\uv\python\cpython-3.11-windows-x86_64-none\Lib\logging\__init__.py", line 1113, in emit
    stream.write(msg + self.terminator)
UnicodeEncodeError: 'cp932' codec can't encode character '\u2014' in position 61: illegal multibyte sequence
Call stack:
  File "C:\Users\takuy\OneDrive\tdnet-excel-input\tools\sync_financials.py", line 538, in <module>
    main()
  File "C:\Users\takuy\OneDrive\tdnet-excel-input\tools\sync_financials.py", line 512, in main
    stats = sync(
  File "C:\Users\takuy\OneDrive\tdnet-excel-input\tools\sync_financials.py", line 348, in sync
    n = api.upsert_batch(table, chunk, on_conflict="ticker,period,quarter")
  File "C:\Users\takuy\OneDrive\tdnet-excel-input\tools\sync_financials.py", line 139, in upsert_batch
    self._request(
  File "C:\Users\takuy\OneDrive\tdnet-excel-input\tools\sync_financials.py", line 123, in _request
    logger.error(
Message: '[API] HTTP 0 \u2014 ���g���C�s��\n  ���X�|���X: {"code":"42501","details":null,"hint":null,"message":"new row violates row-level security policy for table \\"financials\\""}'
Arguments: ()
--- Logging error ---
Traceback (most recent call last):
  File "C:\Users\takuy\OneDrive\tdnet-excel-input\tools\sync_financials.py", line 348, in sync
    n = api.upsert_batch(table, chunk, on_conflict="ticker,period,quarter")
        ^^^^^^^^^^^^^^^^^^^^^^^^^^^^^^^^^^^^^^^^^^^^^^^^^^^^^^^^^^^^^^^^^^^
  File "C:\Users\takuy\OneDrive\tdnet-excel-input\tools\sync_financials.py", line 139, in upsert_batch
    self._request(
  File "C:\Users\takuy\OneDrive\tdnet-excel-input\tools\sync_financials.py", line 96, in _request
    r.raise_for_status()
  File "C:\Users\takuy\OneDrive\tdnet-excel-input\.venv\Lib\site-packages\requests\models.py", line 1026, in raise_for_status
    raise HTTPError(http_error_msg, response=self)
requests.exceptions.HTTPError: 401 Client Error: Unauthorized for url: https://fvkvfekzoebcolssnteo.supabase.co/rest/v1/financials?on_conflict=ticker%2Cperiod%2Cquarter

During handling of the above exception, another exception occurred:

Traceback (most recent call last):
  File "C:\Users\takuy\AppData\Roaming\uv\python\cpython-3.11-windows-x86_64-none\Lib\logging\__init__.py", line 1113, in emit
    stream.write(msg + self.terminator)
UnicodeEncodeError: 'cp932' codec can't encode character '\u2014' in position 71: illegal multibyte sequence
Call stack:
  File "C:\Users\takuy\OneDrive\tdnet-excel-input\tools\sync_financials.py", line 538, in <module>
    main()
  File "C:\Users\takuy\OneDrive\tdnet-excel-input\tools\sync_financials.py", line 512, in main
    stats = sync(
  File "C:\Users\takuy\OneDrive\tdnet-excel-input\tools\sync_financials.py", line 360, in sync
    logger.error(
Message: "  batch 63/145: FAILED \u2014 401 Client Error: Unauthorized for url: https://fvkvfekzoebcolssnteo.supabase.co/rest/v1/financials?on_conflict=ticker%2Cperiod%2Cquarter\n  (�擪�s: {'ticker': '49940', 'period': '2024-03-31', 'quarter': '3Q', 'sales': 21369000000, 'gross_profit': 5260277000, 'operating_profit': 1254000000, 'source': 'jquants', 'updated_at': '2026-03-09T17:53:52.606130+09:00'})"
Arguments: ()
--- Logging error ---
Traceback (most recent call last):
  File "C:\Users\takuy\OneDrive\tdnet-excel-input\tools\sync_financials.py", line 96, in _request
    r.raise_for_status()
  File "C:\Users\takuy\OneDrive\tdnet-excel-input\.venv\Lib\site-packages\requests\models.py", line 1026, in raise_for_status
    raise HTTPError(http_error_msg, response=self)
requests.exceptions.HTTPError: 401 Client Error: Unauthorized for url: https://fvkvfekzoebcolssnteo.supabase.co/rest/v1/financials?on_conflict=ticker%2Cperiod%2Cquarter

During handling of the above exception, another exception occurred:

Traceback (most recent call last):
  File "C:\Users\takuy\AppData\Roaming\uv\python\cpython-3.11-windows-x86_64-none\Lib\logging\__init__.py", line 1113, in emit
    stream.write(msg + self.terminator)
UnicodeEncodeError: 'cp932' codec can't encode character '\u2014' in position 61: illegal multibyte sequence
Call stack:
  File "C:\Users\takuy\OneDrive\tdnet-excel-input\tools\sync_financials.py", line 538, in <module>
    main()
  File "C:\Users\takuy\OneDrive\tdnet-excel-input\tools\sync_financials.py", line 512, in main
    stats = sync(
  File "C:\Users\takuy\OneDrive\tdnet-excel-input\tools\sync_financials.py", line 348, in sync
    n = api.upsert_batch(table, chunk, on_conflict="ticker,period,quarter")
  File "C:\Users\takuy\OneDrive\tdnet-excel-input\tools\sync_financials.py", line 139, in upsert_batch
    self._request(
  File "C:\Users\takuy\OneDrive\tdnet-excel-input\tools\sync_financials.py", line 123, in _request
    logger.error(
Message: '[API] HTTP 0 \u2014 ���g���C�s��\n  ���X�|���X: {"code":"42501","details":null,"hint":null,"message":"new row violates row-level security policy for table \\"financials\\""}'
Arguments: ()
--- Logging error ---
Traceback (most recent call last):
  File "C:\Users\takuy\OneDrive\tdnet-excel-input\tools\sync_financials.py", line 348, in sync
    n = api.upsert_batch(table, chunk, on_conflict="ticker,period,quarter")
        ^^^^^^^^^^^^^^^^^^^^^^^^^^^^^^^^^^^^^^^^^^^^^^^^^^^^^^^^^^^^^^^^^^^
  File "C:\Users\takuy\OneDrive\tdnet-excel-input\tools\sync_financials.py", line 139, in upsert_batch
    self._request(
  File "C:\Users\takuy\OneDrive\tdnet-excel-input\tools\sync_financials.py", line 96, in _request
    r.raise_for_status()
  File "C:\Users\takuy\OneDrive\tdnet-excel-input\.venv\Lib\site-packages\requests\models.py", line 1026, in raise_for_status
    raise HTTPError(http_error_msg, response=self)
requests.exceptions.HTTPError: 401 Client Error: Unauthorized for url: https://fvkvfekzoebcolssnteo.supabase.co/rest/v1/financials?on_conflict=ticker%2Cperiod%2Cquarter

During handling of the above exception, another exception occurred:

Traceback (most recent call last):
  File "C:\Users\takuy\AppData\Roaming\uv\python\cpython-3.11-windows-x86_64-none\Lib\logging\__init__.py", line 1113, in emit
    stream.write(msg + self.terminator)
UnicodeEncodeError: 'cp932' codec can't encode character '\u2014' in position 71: illegal multibyte sequence
Call stack:
  File "C:\Users\takuy\OneDrive\tdnet-excel-input\tools\sync_financials.py", line 538, in <module>
    main()
  File "C:\Users\takuy\OneDrive\tdnet-excel-input\tools\sync_financials.py", line 512, in main
    stats = sync(
  File "C:\Users\takuy\OneDrive\tdnet-excel-input\tools\sync_financials.py", line 360, in sync
    logger.error(
Message: "  batch 64/145: FAILED \u2014 401 Client Error: Unauthorized for url: https://fvkvfekzoebcolssnteo.supabase.co/rest/v1/financials?on_conflict=ticker%2Cperiod%2Cquarter\n  (�擪�s: {'ticker': '50790', 'period': '2025-04-30', 'quarter': '2Q', 'sales': 12996000000, 'gross_profit': 895791000, 'operating_profit': 138000000, 'source': 'jquants', 'updated_at': '2026-03-09T17:53:52.606130+09:00'})"
Arguments: ()
--- Logging error ---
Traceback (most recent call last):
  File "C:\Users\takuy\OneDrive\tdnet-excel-input\tools\sync_financials.py", line 96, in _request
    r.raise_for_status()
  File "C:\Users\takuy\OneDrive\tdnet-excel-input\.venv\Lib\site-packages\requests\models.py", line 1026, in raise_for_status
    raise HTTPError(http_error_msg, response=self)
requests.exceptions.HTTPError: 401 Client Error: Unauthorized for url: https://fvkvfekzoebcolssnteo.supabase.co/rest/v1/financials?on_conflict=ticker%2Cperiod%2Cquarter

During handling of the above exception, another exception occurred:

Traceback (most recent call last):
  File "C:\Users\takuy\AppData\Roaming\uv\python\cpython-3.11-windows-x86_64-none\Lib\logging\__init__.py", line 1113, in emit
    stream.write(msg + self.terminator)
UnicodeEncodeError: 'cp932' codec can't encode character '\u2014' in position 61: illegal multibyte sequence
Call stack:
  File "C:\Users\takuy\OneDrive\tdnet-excel-input\tools\sync_financials.py", line 538, in <module>
    main()
  File "C:\Users\takuy\OneDrive\tdnet-excel-input\tools\sync_financials.py", line 512, in main
    stats = sync(
  File "C:\Users\takuy\OneDrive\tdnet-excel-input\tools\sync_financials.py", line 348, in sync
    n = api.upsert_batch(table, chunk, on_conflict="ticker,period,quarter")
  File "C:\Users\takuy\OneDrive\tdnet-excel-input\tools\sync_financials.py", line 139, in upsert_batch
    self._request(
  File "C:\Users\takuy\OneDrive\tdnet-excel-input\tools\sync_financials.py", line 123, in _request
    logger.error(
Message: '[API] HTTP 0 \u2014 ���g���C�s��\n  ���X�|���X: {"code":"42501","details":null,"hint":null,"message":"new row violates row-level security policy for table \\"financials\\""}'
Arguments: ()
--- Logging error ---
Traceback (most recent call last):
  File "C:\Users\takuy\OneDrive\tdnet-excel-input\tools\sync_financials.py", line 348, in sync
    n = api.upsert_batch(table, chunk, on_conflict="ticker,period,quarter")
        ^^^^^^^^^^^^^^^^^^^^^^^^^^^^^^^^^^^^^^^^^^^^^^^^^^^^^^^^^^^^^^^^^^^
  File "C:\Users\takuy\OneDrive\tdnet-excel-input\tools\sync_financials.py", line 139, in upsert_batch
    self._request(
  File "C:\Users\takuy\OneDrive\tdnet-excel-input\tools\sync_financials.py", line 96, in _request
    r.raise_for_status()
  File "C:\Users\takuy\OneDrive\tdnet-excel-input\.venv\Lib\site-packages\requests\models.py", line 1026, in raise_for_status
    raise HTTPError(http_error_msg, response=self)
requests.exceptions.HTTPError: 401 Client Error: Unauthorized for url: https://fvkvfekzoebcolssnteo.supabase.co/rest/v1/financials?on_conflict=ticker%2Cperiod%2Cquarter

During handling of the above exception, another exception occurred:

Traceback (most recent call last):
  File "C:\Users\takuy\AppData\Roaming\uv\python\cpython-3.11-windows-x86_64-none\Lib\logging\__init__.py", line 1113, in emit
    stream.write(msg + self.terminator)
UnicodeEncodeError: 'cp932' codec can't encode character '\u2014' in position 71: illegal multibyte sequence
Call stack:
  File "C:\Users\takuy\OneDrive\tdnet-excel-input\tools\sync_financials.py", line 538, in <module>
    main()
  File "C:\Users\takuy\OneDrive\tdnet-excel-input\tools\sync_financials.py", line 512, in main
    stats = sync(
  File "C:\Users\takuy\OneDrive\tdnet-excel-input\tools\sync_financials.py", line 360, in sync
    logger.error(
Message: "  batch 65/145: FAILED \u2014 401 Client Error: Unauthorized for url: https://fvkvfekzoebcolssnteo.supabase.co/rest/v1/financials?on_conflict=ticker%2Cperiod%2Cquarter\n  (�擪�s: {'ticker': '51950', 'period': '2022-03-31', 'quarter': '3Q', 'sales': 69646000000, 'gross_profit': 21733000000, 'operating_profit': 7018000000, 'source': 'jquants', 'updated_at': '2026-03-09T17:53:52.606130+09:00'})"
Arguments: ()
--- Logging error ---
Traceback (most recent call last):
  File "C:\Users\takuy\OneDrive\tdnet-excel-input\tools\sync_financials.py", line 96, in _request
    r.raise_for_status()
  File "C:\Users\takuy\OneDrive\tdnet-excel-input\.venv\Lib\site-packages\requests\models.py", line 1026, in raise_for_status
    raise HTTPError(http_error_msg, response=self)
requests.exceptions.HTTPError: 401 Client Error: Unauthorized for url: https://fvkvfekzoebcolssnteo.supabase.co/rest/v1/financials?on_conflict=ticker%2Cperiod%2Cquarter

During handling of the above exception, another exception occurred:

Traceback (most recent call last):
  File "C:\Users\takuy\AppData\Roaming\uv\python\cpython-3.11-windows-x86_64-none\Lib\logging\__init__.py", line 1113, in emit
    stream.write(msg + self.terminator)
UnicodeEncodeError: 'cp932' codec can't encode character '\u2014' in position 61: illegal multibyte sequence
Call stack:
  File "C:\Users\takuy\OneDrive\tdnet-excel-input\tools\sync_financials.py", line 538, in <module>
    main()
  File "C:\Users\takuy\OneDrive\tdnet-excel-input\tools\sync_financials.py", line 512, in main
    stats = sync(
  File "C:\Users\takuy\OneDrive\tdnet-excel-input\tools\sync_financials.py", line 348, in sync
    n = api.upsert_batch(table, chunk, on_conflict="ticker,period,quarter")
  File "C:\Users\takuy\OneDrive\tdnet-excel-input\tools\sync_financials.py", line 139, in upsert_batch
    self._request(
  File "C:\Users\takuy\OneDrive\tdnet-excel-input\tools\sync_financials.py", line 123, in _request
    logger.error(
Message: '[API] HTTP 0 \u2014 ���g���C�s��\n  ���X�|���X: {"code":"42501","details":null,"hint":null,"message":"new row violates row-level security policy for table \\"financials\\""}'
Arguments: ()
--- Logging error ---
Traceback (most recent call last):
  File "C:\Users\takuy\OneDrive\tdnet-excel-input\tools\sync_financials.py", line 348, in sync
    n = api.upsert_batch(table, chunk, on_conflict="ticker,period,quarter")
        ^^^^^^^^^^^^^^^^^^^^^^^^^^^^^^^^^^^^^^^^^^^^^^^^^^^^^^^^^^^^^^^^^^^
  File "C:\Users\takuy\OneDrive\tdnet-excel-input\tools\sync_financials.py", line 139, in upsert_batch
    self._request(
  File "C:\Users\takuy\OneDrive\tdnet-excel-input\tools\sync_financials.py", line 96, in _request
    r.raise_for_status()
  File "C:\Users\takuy\OneDrive\tdnet-excel-input\.venv\Lib\site-packages\requests\models.py", line 1026, in raise_for_status
    raise HTTPError(http_error_msg, response=self)
requests.exceptions.HTTPError: 401 Client Error: Unauthorized for url: https://fvkvfekzoebcolssnteo.supabase.co/rest/v1/financials?on_conflict=ticker%2Cperiod%2Cquarter

During handling of the above exception, another exception occurred:

Traceback (most recent call last):
  File "C:\Users\takuy\AppData\Roaming\uv\python\cpython-3.11-windows-x86_64-none\Lib\logging\__init__.py", line 1113, in emit
    stream.write(msg + self.terminator)
UnicodeEncodeError: 'cp932' codec can't encode character '\u2014' in position 71: illegal multibyte sequence
Call stack:
  File "C:\Users\takuy\OneDrive\tdnet-excel-input\tools\sync_financials.py", line 538, in <module>
    main()
  File "C:\Users\takuy\OneDrive\tdnet-excel-input\tools\sync_financials.py", line 512, in main
    stats = sync(
  File "C:\Users\takuy\OneDrive\tdnet-excel-input\tools\sync_financials.py", line 360, in sync
    logger.error(
Message: "  batch 66/145: FAILED \u2014 401 Client Error: Unauthorized for url: https://fvkvfekzoebcolssnteo.supabase.co/rest/v1/financials?on_conflict=ticker%2Cperiod%2Cquarter\n  (�擪�s: {'ticker': '52680', 'period': '2021-03-31', 'quarter': 'FY', 'sales': 8417000000, 'gross_profit': 1474519000, 'operating_profit': 508000000, 'source': 'jquants', 'updated_at': '2026-03-09T17:53:52.606130+09:00'})"
Arguments: ()
--- Logging error ---
Traceback (most recent call last):
  File "C:\Users\takuy\OneDrive\tdnet-excel-input\tools\sync_financials.py", line 96, in _request
    r.raise_for_status()
  File "C:\Users\takuy\OneDrive\tdnet-excel-input\.venv\Lib\site-packages\requests\models.py", line 1026, in raise_for_status
    raise HTTPError(http_error_msg, response=self)
requests.exceptions.HTTPError: 401 Client Error: Unauthorized for url: https://fvkvfekzoebcolssnteo.supabase.co/rest/v1/financials?on_conflict=ticker%2Cperiod%2Cquarter

During handling of the above exception, another exception occurred:

Traceback (most recent call last):
  File "C:\Users\takuy\AppData\Roaming\uv\python\cpython-3.11-windows-x86_64-none\Lib\logging\__init__.py", line 1113, in emit
    stream.write(msg + self.terminator)
UnicodeEncodeError: 'cp932' codec can't encode character '\u2014' in position 61: illegal multibyte sequence
Call stack:
  File "C:\Users\takuy\OneDrive\tdnet-excel-input\tools\sync_financials.py", line 538, in <module>
    main()
  File "C:\Users\takuy\OneDrive\tdnet-excel-input\tools\sync_financials.py", line 512, in main
    stats = sync(
  File "C:\Users\takuy\OneDrive\tdnet-excel-input\tools\sync_financials.py", line 348, in sync
    n = api.upsert_batch(table, chunk, on_conflict="ticker,period,quarter")
  File "C:\Users\takuy\OneDrive\tdnet-excel-input\tools\sync_financials.py", line 139, in upsert_batch
    self._request(
  File "C:\Users\takuy\OneDrive\tdnet-excel-input\tools\sync_financials.py", line 123, in _request
    logger.error(
Message: '[API] HTTP 0 \u2014 ���g���C�s��\n  ���X�|���X: {"code":"42501","details":null,"hint":null,"message":"new row violates row-level security policy for table \\"financials\\""}'
Arguments: ()
--- Logging error ---
Traceback (most recent call last):
  File "C:\Users\takuy\OneDrive\tdnet-excel-input\tools\sync_financials.py", line 348, in sync
    n = api.upsert_batch(table, chunk, on_conflict="ticker,period,quarter")
        ^^^^^^^^^^^^^^^^^^^^^^^^^^^^^^^^^^^^^^^^^^^^^^^^^^^^^^^^^^^^^^^^^^^
  File "C:\Users\takuy\OneDrive\tdnet-excel-input\tools\sync_financials.py", line 139, in upsert_batch
    self._request(
  File "C:\Users\takuy\OneDrive\tdnet-excel-input\tools\sync_financials.py", line 96, in _request
    r.raise_for_status()
  File "C:\Users\takuy\OneDrive\tdnet-excel-input\.venv\Lib\site-packages\requests\models.py", line 1026, in raise_for_status
    raise HTTPError(http_error_msg, response=self)
requests.exceptions.HTTPError: 401 Client Error: Unauthorized for url: https://fvkvfekzoebcolssnteo.supabase.co/rest/v1/financials?on_conflict=ticker%2Cperiod%2Cquarter

During handling of the above exception, another exception occurred:

Traceback (most recent call last):
  File "C:\Users\takuy\AppData\Roaming\uv\python\cpython-3.11-windows-x86_64-none\Lib\logging\__init__.py", line 1113, in emit
    stream.write(msg + self.terminator)
UnicodeEncodeError: 'cp932' codec can't encode character '\u2014' in position 71: illegal multibyte sequence
Call stack:
  File "C:\Users\takuy\OneDrive\tdnet-excel-input\tools\sync_financials.py", line 538, in <module>
    main()
  File "C:\Users\takuy\OneDrive\tdnet-excel-input\tools\sync_financials.py", line 512, in main
    stats = sync(
  File "C:\Users\takuy\OneDrive\tdnet-excel-input\tools\sync_financials.py", line 360, in sync
    logger.error(
Message: "  batch 67/145: FAILED \u2014 401 Client Error: Unauthorized for url: https://fvkvfekzoebcolssnteo.supabase.co/rest/v1/financials?on_conflict=ticker%2Cperiod%2Cquarter\n  (�擪�s: {'ticker': '53510', 'period': '2025-03-31', 'quarter': '2Q', 'sales': 68230000000, 'gross_profit': 16167000000, 'operating_profit': 6336000000, 'source': 'jquants', 'updated_at': '2026-03-09T17:53:52.606130+09:00'})"
Arguments: ()
--- Logging error ---
Traceback (most recent call last):
  File "C:\Users\takuy\OneDrive\tdnet-excel-input\tools\sync_financials.py", line 96, in _request
    r.raise_for_status()
  File "C:\Users\takuy\OneDrive\tdnet-excel-input\.venv\Lib\site-packages\requests\models.py", line 1026, in raise_for_status
    raise HTTPError(http_error_msg, response=self)
requests.exceptions.HTTPError: 401 Client Error: Unauthorized for url: https://fvkvfekzoebcolssnteo.supabase.co/rest/v1/financials?on_conflict=ticker%2Cperiod%2Cquarter

During handling of the above exception, another exception occurred:

Traceback (most recent call last):
  File "C:\Users\takuy\AppData\Roaming\uv\python\cpython-3.11-windows-x86_64-none\Lib\logging\__init__.py", line 1113, in emit
    stream.write(msg + self.terminator)
UnicodeEncodeError: 'cp932' codec can't encode character '\u2014' in position 61: illegal multibyte sequence
Call stack:
  File "C:\Users\takuy\OneDrive\tdnet-excel-input\tools\sync_financials.py", line 538, in <module>
    main()
  File "C:\Users\takuy\OneDrive\tdnet-excel-input\tools\sync_financials.py", line 512, in main
    stats = sync(
  File "C:\Users\takuy\OneDrive\tdnet-excel-input\tools\sync_financials.py", line 348, in sync
    n = api.upsert_batch(table, chunk, on_conflict="ticker,period,quarter")
  File "C:\Users\takuy\OneDrive\tdnet-excel-input\tools\sync_financials.py", line 139, in upsert_batch
    self._request(
  File "C:\Users\takuy\OneDrive\tdnet-excel-input\tools\sync_financials.py", line 123, in _request
    logger.error(
Message: '[API] HTTP 0 \u2014 ���g���C�s��\n  ���X�|���X: {"code":"42501","details":null,"hint":null,"message":"new row violates row-level security policy for table \\"financials\\""}'
Arguments: ()
--- Logging error ---
Traceback (most recent call last):
  File "C:\Users\takuy\OneDrive\tdnet-excel-input\tools\sync_financials.py", line 348, in sync
    n = api.upsert_batch(table, chunk, on_conflict="ticker,period,quarter")
        ^^^^^^^^^^^^^^^^^^^^^^^^^^^^^^^^^^^^^^^^^^^^^^^^^^^^^^^^^^^^^^^^^^^
  File "C:\Users\takuy\OneDrive\tdnet-excel-input\tools\sync_financials.py", line 139, in upsert_batch
    self._request(
  File "C:\Users\takuy\OneDrive\tdnet-excel-input\tools\sync_financials.py", line 96, in _request
    r.raise_for_status()
  File "C:\Users\takuy\OneDrive\tdnet-excel-input\.venv\Lib\site-packages\requests\models.py", line 1026, in raise_for_status
    raise HTTPError(http_error_msg, response=self)
requests.exceptions.HTTPError: 401 Client Error: Unauthorized for url: https://fvkvfekzoebcolssnteo.supabase.co/rest/v1/financials?on_conflict=ticker%2Cperiod%2Cquarter

During handling of the above exception, another exception occurred:

Traceback (most recent call last):
  File "C:\Users\takuy\AppData\Roaming\uv\python\cpython-3.11-windows-x86_64-none\Lib\logging\__init__.py", line 1113, in emit
    stream.write(msg + self.terminator)
UnicodeEncodeError: 'cp932' codec can't encode character '\u2014' in position 71: illegal multibyte sequence
Call stack:
  File "C:\Users\takuy\OneDrive\tdnet-excel-input\tools\sync_financials.py", line 538, in <module>
    main()
  File "C:\Users\takuy\OneDrive\tdnet-excel-input\tools\sync_financials.py", line 512, in main
    stats = sync(
  File "C:\Users\takuy\OneDrive\tdnet-excel-input\tools\sync_financials.py", line 360, in sync
    logger.error(
Message: "  batch 68/145: FAILED \u2014 401 Client Error: Unauthorized for url: https://fvkvfekzoebcolssnteo.supabase.co/rest/v1/financials?on_conflict=ticker%2Cperiod%2Cquarter\n  (�擪�s: {'ticker': '54490', 'period': '2024-03-31', 'quarter': '1Q', 'sales': 30887000000, 'gross_profit': 4514000000, 'operating_profit': 2774000000, 'source': 'jquants', 'updated_at': '2026-03-09T17:53:52.606130+09:00'})"
Arguments: ()
--- Logging error ---
Traceback (most recent call last):
  File "C:\Users\takuy\OneDrive\tdnet-excel-input\tools\sync_financials.py", line 96, in _request
    r.raise_for_status()
  File "C:\Users\takuy\OneDrive\tdnet-excel-input\.venv\Lib\site-packages\requests\models.py", line 1026, in raise_for_status
    raise HTTPError(http_error_msg, response=self)
requests.exceptions.HTTPError: 401 Client Error: Unauthorized for url: https://fvkvfekzoebcolssnteo.supabase.co/rest/v1/financials?on_conflict=ticker%2Cperiod%2Cquarter

During handling of the above exception, another exception occurred:

Traceback (most recent call last):
  File "C:\Users\takuy\AppData\Roaming\uv\python\cpython-3.11-windows-x86_64-none\Lib\logging\__init__.py", line 1113, in emit
    stream.write(msg + self.terminator)
UnicodeEncodeError: 'cp932' codec can't encode character '\u2014' in position 61: illegal multibyte sequence
Call stack:
  File "C:\Users\takuy\OneDrive\tdnet-excel-input\tools\sync_financials.py", line 538, in <module>
    main()
  File "C:\Users\takuy\OneDrive\tdnet-excel-input\tools\sync_financials.py", line 512, in main
    stats = sync(
  File "C:\Users\takuy\OneDrive\tdnet-excel-input\tools\sync_financials.py", line 348, in sync
    n = api.upsert_batch(table, chunk, on_conflict="ticker,period,quarter")
  File "C:\Users\takuy\OneDrive\tdnet-excel-input\tools\sync_financials.py", line 139, in upsert_batch
    self._request(
  File "C:\Users\takuy\OneDrive\tdnet-excel-input\tools\sync_financials.py", line 123, in _request
    logger.error(
Message: '[API] HTTP 0 \u2014 ���g���C�s��\n  ���X�|���X: {"code":"42501","details":null,"hint":null,"message":"new row violates row-level security policy for table \\"financials\\""}'
Arguments: ()
--- Logging error ---
Traceback (most recent call last):
  File "C:\Users\takuy\OneDrive\tdnet-excel-input\tools\sync_financials.py", line 348, in sync
    n = api.upsert_batch(table, chunk, on_conflict="ticker,period,quarter")
        ^^^^^^^^^^^^^^^^^^^^^^^^^^^^^^^^^^^^^^^^^^^^^^^^^^^^^^^^^^^^^^^^^^^
  File "C:\Users\takuy\OneDrive\tdnet-excel-input\tools\sync_financials.py", line 139, in upsert_batch
    self._request(
  File "C:\Users\takuy\OneDrive\tdnet-excel-input\tools\sync_financials.py", line 96, in _request
    r.raise_for_status()
  File "C:\Users\takuy\OneDrive\tdnet-excel-input\.venv\Lib\site-packages\requests\models.py", line 1026, in raise_for_status
    raise HTTPError(http_error_msg, response=self)
requests.exceptions.HTTPError: 401 Client Error: Unauthorized for url: https://fvkvfekzoebcolssnteo.supabase.co/rest/v1/financials?on_conflict=ticker%2Cperiod%2Cquarter

During handling of the above exception, another exception occurred:

Traceback (most recent call last):
  File "C:\Users\takuy\AppData\Roaming\uv\python\cpython-3.11-windows-x86_64-none\Lib\logging\__init__.py", line 1113, in emit
    stream.write(msg + self.terminator)
UnicodeEncodeError: 'cp932' codec can't encode character '\u2014' in position 71: illegal multibyte sequence
Call stack:
  File "C:\Users\takuy\OneDrive\tdnet-excel-input\tools\sync_financials.py", line 538, in <module>
    main()
  File "C:\Users\takuy\OneDrive\tdnet-excel-input\tools\sync_financials.py", line 512, in main
    stats = sync(
  File "C:\Users\takuy\OneDrive\tdnet-excel-input\tools\sync_financials.py", line 360, in sync
    logger.error(
Message: "  batch 69/145: FAILED \u2014 401 Client Error: Unauthorized for url: https://fvkvfekzoebcolssnteo.supabase.co/rest/v1/financials?on_conflict=ticker%2Cperiod%2Cquarter\n  (�擪�s: {'ticker': '55970', 'period': '2025-12-31', 'quarter': '1Q', 'sales': 343000000, 'gross_profit': 156113000, 'operating_profit': -70000000, 'source': 'jquants', 'updated_at': '2026-03-09T17:53:52.606130+09:00'})"
Arguments: ()
--- Logging error ---
Traceback (most recent call last):
  File "C:\Users\takuy\OneDrive\tdnet-excel-input\tools\sync_financials.py", line 96, in _request
    r.raise_for_status()
  File "C:\Users\takuy\OneDrive\tdnet-excel-input\.venv\Lib\site-packages\requests\models.py", line 1026, in raise_for_status
    raise HTTPError(http_error_msg, response=self)
requests.exceptions.HTTPError: 401 Client Error: Unauthorized for url: https://fvkvfekzoebcolssnteo.supabase.co/rest/v1/financials?on_conflict=ticker%2Cperiod%2Cquarter

During handling of the above exception, another exception occurred:

Traceback (most recent call last):
  File "C:\Users\takuy\AppData\Roaming\uv\python\cpython-3.11-windows-x86_64-none\Lib\logging\__init__.py", line 1113, in emit
    stream.write(msg + self.terminator)
UnicodeEncodeError: 'cp932' codec can't encode character '\u2014' in position 61: illegal multibyte sequence
Call stack:
  File "C:\Users\takuy\OneDrive\tdnet-excel-input\tools\sync_financials.py", line 538, in <module>
    main()
  File "C:\Users\takuy\OneDrive\tdnet-excel-input\tools\sync_financials.py", line 512, in main
    stats = sync(
  File "C:\Users\takuy\OneDrive\tdnet-excel-input\tools\sync_financials.py", line 348, in sync
    n = api.upsert_batch(table, chunk, on_conflict="ticker,period,quarter")
  File "C:\Users\takuy\OneDrive\tdnet-excel-input\tools\sync_financials.py", line 139, in upsert_batch
    self._request(
  File "C:\Users\takuy\OneDrive\tdnet-excel-input\tools\sync_financials.py", line 123, in _request
    logger.error(
Message: '[API] HTTP 0 \u2014 ���g���C�s��\n  ���X�|���X: {"code":"42501","details":null,"hint":null,"message":"new row violates row-level security policy for table \\"financials\\""}'
Arguments: ()
--- Logging error ---
Traceback (most recent call last):
  File "C:\Users\takuy\OneDrive\tdnet-excel-input\tools\sync_financials.py", line 348, in sync
    n = api.upsert_batch(table, chunk, on_conflict="ticker,period,quarter")
        ^^^^^^^^^^^^^^^^^^^^^^^^^^^^^^^^^^^^^^^^^^^^^^^^^^^^^^^^^^^^^^^^^^^
  File "C:\Users\takuy\OneDrive\tdnet-excel-input\tools\sync_financials.py", line 139, in upsert_batch
    self._request(
  File "C:\Users\takuy\OneDrive\tdnet-excel-input\tools\sync_financials.py", line 96, in _request
    r.raise_for_status()
  File "C:\Users\takuy\OneDrive\tdnet-excel-input\.venv\Lib\site-packages\requests\models.py", line 1026, in raise_for_status
    raise HTTPError(http_error_msg, response=self)
requests.exceptions.HTTPError: 401 Client Error: Unauthorized for url: https://fvkvfekzoebcolssnteo.supabase.co/rest/v1/financials?on_conflict=ticker%2Cperiod%2Cquarter

During handling of the above exception, another exception occurred:

Traceback (most recent call last):
  File "C:\Users\takuy\AppData\Roaming\uv\python\cpython-3.11-windows-x86_64-none\Lib\logging\__init__.py", line 1113, in emit
    stream.write(msg + self.terminator)
UnicodeEncodeError: 'cp932' codec can't encode character '\u2014' in position 71: illegal multibyte sequence
Call stack:
  File "C:\Users\takuy\OneDrive\tdnet-excel-input\tools\sync_financials.py", line 538, in <module>
    main()
  File "C:\Users\takuy\OneDrive\tdnet-excel-input\tools\sync_financials.py", line 512, in main
    stats = sync(
  File "C:\Users\takuy\OneDrive\tdnet-excel-input\tools\sync_financials.py", line 360, in sync
    logger.error(
Message: "  batch 70/145: FAILED \u2014 401 Client Error: Unauthorized for url: https://fvkvfekzoebcolssnteo.supabase.co/rest/v1/financials?on_conflict=ticker%2Cperiod%2Cquarter\n  (�擪�s: {'ticker': '57150', 'period': '2023-03-31', 'quarter': 'FY', 'sales': 214190000000, 'gross_profit': 28615000000, 'operating_profit': 9031000000, 'source': 'jquants', 'updated_at': '2026-03-09T17:53:52.606130+09:00'})"
Arguments: ()
--- Logging error ---
Traceback (most recent call last):
  File "C:\Users\takuy\OneDrive\tdnet-excel-input\tools\sync_financials.py", line 96, in _request
    r.raise_for_status()
  File "C:\Users\takuy\OneDrive\tdnet-excel-input\.venv\Lib\site-packages\requests\models.py", line 1026, in raise_for_status
    raise HTTPError(http_error_msg, response=self)
requests.exceptions.HTTPError: 401 Client Error: Unauthorized for url: https://fvkvfekzoebcolssnteo.supabase.co/rest/v1/financials?on_conflict=ticker%2Cperiod%2Cquarter

During handling of the above exception, another exception occurred:

Traceback (most recent call last):
  File "C:\Users\takuy\AppData\Roaming\uv\python\cpython-3.11-windows-x86_64-none\Lib\logging\__init__.py", line 1113, in emit
    stream.write(msg + self.terminator)
UnicodeEncodeError: 'cp932' codec can't encode character '\u2014' in position 61: illegal multibyte sequence
Call stack:
  File "C:\Users\takuy\OneDrive\tdnet-excel-input\tools\sync_financials.py", line 538, in <module>
    main()
  File "C:\Users\takuy\OneDrive\tdnet-excel-input\tools\sync_financials.py", line 512, in main
    stats = sync(
  File "C:\Users\takuy\OneDrive\tdnet-excel-input\tools\sync_financials.py", line 348, in sync
    n = api.upsert_batch(table, chunk, on_conflict="ticker,period,quarter")
  File "C:\Users\takuy\OneDrive\tdnet-excel-input\tools\sync_financials.py", line 139, in upsert_batch
    self._request(
  File "C:\Users\takuy\OneDrive\tdnet-excel-input\tools\sync_financials.py", line 123, in _request
    logger.error(
Message: '[API] HTTP 0 \u2014 ���g���C�s��\n  ���X�|���X: {"code":"42501","details":null,"hint":null,"message":"new row violates row-level security policy for table \\"financials\\""}'
Arguments: ()
--- Logging error ---
Traceback (most recent call last):
  File "C:\Users\takuy\OneDrive\tdnet-excel-input\tools\sync_financials.py", line 348, in sync
    n = api.upsert_batch(table, chunk, on_conflict="ticker,period,quarter")
        ^^^^^^^^^^^^^^^^^^^^^^^^^^^^^^^^^^^^^^^^^^^^^^^^^^^^^^^^^^^^^^^^^^^
  File "C:\Users\takuy\OneDrive\tdnet-excel-input\tools\sync_financials.py", line 139, in upsert_batch
    self._request(
  File "C:\Users\takuy\OneDrive\tdnet-excel-input\tools\sync_financials.py", line 96, in _request
    r.raise_for_status()
  File "C:\Users\takuy\OneDrive\tdnet-excel-input\.venv\Lib\site-packages\requests\models.py", line 1026, in raise_for_status
    raise HTTPError(http_error_msg, response=self)
requests.exceptions.HTTPError: 401 Client Error: Unauthorized for url: https://fvkvfekzoebcolssnteo.supabase.co/rest/v1/financials?on_conflict=ticker%2Cperiod%2Cquarter

During handling of the above exception, another exception occurred:

Traceback (most recent call last):
  File "C:\Users\takuy\AppData\Roaming\uv\python\cpython-3.11-windows-x86_64-none\Lib\logging\__init__.py", line 1113, in emit
    stream.write(msg + self.terminator)
UnicodeEncodeError: 'cp932' codec can't encode character '\u2014' in position 71: illegal multibyte sequence
Call stack:
  File "C:\Users\takuy\OneDrive\tdnet-excel-input\tools\sync_financials.py", line 538, in <module>
    main()
  File "C:\Users\takuy\OneDrive\tdnet-excel-input\tools\sync_financials.py", line 512, in main
    stats = sync(
  File "C:\Users\takuy\OneDrive\tdnet-excel-input\tools\sync_financials.py", line 360, in sync
    logger.error(
Message: "  batch 71/145: FAILED \u2014 401 Client Error: Unauthorized for url: https://fvkvfekzoebcolssnteo.supabase.co/rest/v1/financials?on_conflict=ticker%2Cperiod%2Cquarter\n  (�擪�s: {'ticker': '58510', 'period': '2025-12-31', 'quarter': '2Q', 'sales': 153745000000, 'gross_profit': 19004000000, 'operating_profit': 5975000000, 'source': 'jquants', 'updated_at': '2026-03-09T17:53:52.606130+09:00'})"
Arguments: ()
--- Logging error ---
Traceback (most recent call last):
  File "C:\Users\takuy\OneDrive\tdnet-excel-input\tools\sync_financials.py", line 96, in _request
    r.raise_for_status()
  File "C:\Users\takuy\OneDrive\tdnet-excel-input\.venv\Lib\site-packages\requests\models.py", line 1026, in raise_for_status
    raise HTTPError(http_error_msg, response=self)
requests.exceptions.HTTPError: 401 Client Error: Unauthorized for url: https://fvkvfekzoebcolssnteo.supabase.co/rest/v1/financials?on_conflict=ticker%2Cperiod%2Cquarter

During handling of the above exception, another exception occurred:

Traceback (most recent call last):
  File "C:\Users\takuy\AppData\Roaming\uv\python\cpython-3.11-windows-x86_64-none\Lib\logging\__init__.py", line 1113, in emit
    stream.write(msg + self.terminator)
UnicodeEncodeError: 'cp932' codec can't encode character '\u2014' in position 61: illegal multibyte sequence
Call stack:
  File "C:\Users\takuy\OneDrive\tdnet-excel-input\tools\sync_financials.py", line 538, in <module>
    main()
  File "C:\Users\takuy\OneDrive\tdnet-excel-input\tools\sync_financials.py", line 512, in main
    stats = sync(
  File "C:\Users\takuy\OneDrive\tdnet-excel-input\tools\sync_financials.py", line 348, in sync
    n = api.upsert_batch(table, chunk, on_conflict="ticker,period,quarter")
  File "C:\Users\takuy\OneDrive\tdnet-excel-input\tools\sync_financials.py", line 139, in upsert_batch
    self._request(
  File "C:\Users\takuy\OneDrive\tdnet-excel-input\tools\sync_financials.py", line 123, in _request
    logger.error(
Message: '[API] HTTP 0 \u2014 ���g���C�s��\n  ���X�|���X: {"code":"42501","details":null,"hint":null,"message":"new row violates row-level security policy for table \\"financials\\""}'
Arguments: ()
--- Logging error ---
Traceback (most recent call last):
  File "C:\Users\takuy\OneDrive\tdnet-excel-input\tools\sync_financials.py", line 348, in sync
    n = api.upsert_batch(table, chunk, on_conflict="ticker,period,quarter")
        ^^^^^^^^^^^^^^^^^^^^^^^^^^^^^^^^^^^^^^^^^^^^^^^^^^^^^^^^^^^^^^^^^^^
  File "C:\Users\takuy\OneDrive\tdnet-excel-input\tools\sync_financials.py", line 139, in upsert_batch
    self._request(
  File "C:\Users\takuy\OneDrive\tdnet-excel-input\tools\sync_financials.py", line 96, in _request
    r.raise_for_status()
  File "C:\Users\takuy\OneDrive\tdnet-excel-input\.venv\Lib\site-packages\requests\models.py", line 1026, in raise_for_status
    raise HTTPError(http_error_msg, response=self)
requests.exceptions.HTTPError: 401 Client Error: Unauthorized for url: https://fvkvfekzoebcolssnteo.supabase.co/rest/v1/financials?on_conflict=ticker%2Cperiod%2Cquarter

During handling of the above exception, another exception occurred:

Traceback (most recent call last):
  File "C:\Users\takuy\AppData\Roaming\uv\python\cpython-3.11-windows-x86_64-none\Lib\logging\__init__.py", line 1113, in emit
    stream.write(msg + self.terminator)
UnicodeEncodeError: 'cp932' codec can't encode character '\u2014' in position 71: illegal multibyte sequence
Call stack:
  File "C:\Users\takuy\OneDrive\tdnet-excel-input\tools\sync_financials.py", line 538, in <module>
    main()
  File "C:\Users\takuy\OneDrive\tdnet-excel-input\tools\sync_financials.py", line 512, in main
    stats = sync(
  File "C:\Users\takuy\OneDrive\tdnet-excel-input\tools\sync_financials.py", line 360, in sync
    logger.error(
Message: "  batch 72/145: FAILED \u2014 401 Client Error: Unauthorized for url: https://fvkvfekzoebcolssnteo.supabase.co/rest/v1/financials?on_conflict=ticker%2Cperiod%2Cquarter\n  (�擪�s: {'ticker': '59320', 'period': '2021-05-31', 'quarter': '3Q', 'sales': 217897000000, 'gross_profit': 50436000000, 'operating_profit': 2582000000, 'source': 'jquants', 'updated_at': '2026-03-09T17:53:52.606130+09:00'})"
Arguments: ()
--- Logging error ---
Traceback (most recent call last):
  File "C:\Users\takuy\OneDrive\tdnet-excel-input\tools\sync_financials.py", line 96, in _request
    r.raise_for_status()
  File "C:\Users\takuy\OneDrive\tdnet-excel-input\.venv\Lib\site-packages\requests\models.py", line 1026, in raise_for_status
    raise HTTPError(http_error_msg, response=self)
requests.exceptions.HTTPError: 401 Client Error: Unauthorized for url: https://fvkvfekzoebcolssnteo.supabase.co/rest/v1/financials?on_conflict=ticker%2Cperiod%2Cquarter

During handling of the above exception, another exception occurred:

Traceback (most recent call last):
  File "C:\Users\takuy\AppData\Roaming\uv\python\cpython-3.11-windows-x86_64-none\Lib\logging\__init__.py", line 1113, in emit
    stream.write(msg + self.terminator)
UnicodeEncodeError: 'cp932' codec can't encode character '\u2014' in position 61: illegal multibyte sequence
Call stack:
  File "C:\Users\takuy\OneDrive\tdnet-excel-input\tools\sync_financials.py", line 538, in <module>
    main()
  File "C:\Users\takuy\OneDrive\tdnet-excel-input\tools\sync_financials.py", line 512, in main
    stats = sync(
  File "C:\Users\takuy\OneDrive\tdnet-excel-input\tools\sync_financials.py", line 348, in sync
    n = api.upsert_batch(table, chunk, on_conflict="ticker,period,quarter")
  File "C:\Users\takuy\OneDrive\tdnet-excel-input\tools\sync_financials.py", line 139, in upsert_batch
    self._request(
  File "C:\Users\takuy\OneDrive\tdnet-excel-input\tools\sync_financials.py", line 123, in _request
    logger.error(
Message: '[API] HTTP 0 \u2014 ���g���C�s��\n  ���X�|���X: {"code":"42501","details":null,"hint":null,"message":"new row violates row-level security policy for table \\"financials\\""}'
Arguments: ()
--- Logging error ---
Traceback (most recent call last):
  File "C:\Users\takuy\OneDrive\tdnet-excel-input\tools\sync_financials.py", line 348, in sync
    n = api.upsert_batch(table, chunk, on_conflict="ticker,period,quarter")
        ^^^^^^^^^^^^^^^^^^^^^^^^^^^^^^^^^^^^^^^^^^^^^^^^^^^^^^^^^^^^^^^^^^^
  File "C:\Users\takuy\OneDrive\tdnet-excel-input\tools\sync_financials.py", line 139, in upsert_batch
    self._request(
  File "C:\Users\takuy\OneDrive\tdnet-excel-input\tools\sync_financials.py", line 96, in _request
    r.raise_for_status()
  File "C:\Users\takuy\OneDrive\tdnet-excel-input\.venv\Lib\site-packages\requests\models.py", line 1026, in raise_for_status
    raise HTTPError(http_error_msg, response=self)
requests.exceptions.HTTPError: 401 Client Error: Unauthorized for url: https://fvkvfekzoebcolssnteo.supabase.co/rest/v1/financials?on_conflict=ticker%2Cperiod%2Cquarter

During handling of the above exception, another exception occurred:

Traceback (most recent call last):
  File "C:\Users\takuy\AppData\Roaming\uv\python\cpython-3.11-windows-x86_64-none\Lib\logging\__init__.py", line 1113, in emit
    stream.write(msg + self.terminator)
UnicodeEncodeError: 'cp932' codec can't encode character '\u2014' in position 71: illegal multibyte sequence
Call stack:
  File "C:\Users\takuy\OneDrive\tdnet-excel-input\tools\sync_financials.py", line 538, in <module>
    main()
  File "C:\Users\takuy\OneDrive\tdnet-excel-input\tools\sync_financials.py", line 512, in main
    stats = sync(
  File "C:\Users\takuy\OneDrive\tdnet-excel-input\tools\sync_financials.py", line 360, in sync
    logger.error(
Message: "  batch 73/145: FAILED \u2014 401 Client Error: Unauthorized for url: https://fvkvfekzoebcolssnteo.supabase.co/rest/v1/financials?on_conflict=ticker%2Cperiod%2Cquarter\n  (�擪�s: {'ticker': '59670', 'period': '2026-05-31', 'quarter': '2Q', 'sales': 3407000000, 'gross_profit': 1388657000, 'operating_profit': 491000000, 'source': 'jquants', 'updated_at': '2026-03-09T17:53:52.606130+09:00'})"
Arguments: ()
--- Logging error ---
Traceback (most recent call last):
  File "C:\Users\takuy\OneDrive\tdnet-excel-input\tools\sync_financials.py", line 96, in _request
    r.raise_for_status()
  File "C:\Users\takuy\OneDrive\tdnet-excel-input\.venv\Lib\site-packages\requests\models.py", line 1026, in raise_for_status
    raise HTTPError(http_error_msg, response=self)
requests.exceptions.HTTPError: 401 Client Error: Unauthorized for url: https://fvkvfekzoebcolssnteo.supabase.co/rest/v1/financials?on_conflict=ticker%2Cperiod%2Cquarter

During handling of the above exception, another exception occurred:

Traceback (most recent call last):
  File "C:\Users\takuy\AppData\Roaming\uv\python\cpython-3.11-windows-x86_64-none\Lib\logging\__init__.py", line 1113, in emit
    stream.write(msg + self.terminator)
UnicodeEncodeError: 'cp932' codec can't encode character '\u2014' in position 61: illegal multibyte sequence
Call stack:
  File "C:\Users\takuy\OneDrive\tdnet-excel-input\tools\sync_financials.py", line 538, in <module>
    main()
  File "C:\Users\takuy\OneDrive\tdnet-excel-input\tools\sync_financials.py", line 512, in main
    stats = sync(
  File "C:\Users\takuy\OneDrive\tdnet-excel-input\tools\sync_financials.py", line 348, in sync
    n = api.upsert_batch(table, chunk, on_conflict="ticker,period,quarter")
  File "C:\Users\takuy\OneDrive\tdnet-excel-input\tools\sync_financials.py", line 139, in upsert_batch
    self._request(
  File "C:\Users\takuy\OneDrive\tdnet-excel-input\tools\sync_financials.py", line 123, in _request
    logger.error(
Message: '[API] HTTP 0 \u2014 ���g���C�s��\n  ���X�|���X: {"code":"42501","details":null,"hint":null,"message":"new row violates row-level security policy for table \\"financials\\""}'
Arguments: ()
--- Logging error ---
Traceback (most recent call last):
  File "C:\Users\takuy\OneDrive\tdnet-excel-input\tools\sync_financials.py", line 348, in sync
    n = api.upsert_batch(table, chunk, on_conflict="ticker,period,quarter")
        ^^^^^^^^^^^^^^^^^^^^^^^^^^^^^^^^^^^^^^^^^^^^^^^^^^^^^^^^^^^^^^^^^^^
  File "C:\Users\takuy\OneDrive\tdnet-excel-input\tools\sync_financials.py", line 139, in upsert_batch
    self._request(
  File "C:\Users\takuy\OneDrive\tdnet-excel-input\tools\sync_financials.py", line 96, in _request
    r.raise_for_status()
  File "C:\Users\takuy\OneDrive\tdnet-excel-input\.venv\Lib\site-packages\requests\models.py", line 1026, in raise_for_status
    raise HTTPError(http_error_msg, response=self)
requests.exceptions.HTTPError: 401 Client Error: Unauthorized for url: https://fvkvfekzoebcolssnteo.supabase.co/rest/v1/financials?on_conflict=ticker%2Cperiod%2Cquarter

During handling of the above exception, another exception occurred:

Traceback (most recent call last):
  File "C:\Users\takuy\AppData\Roaming\uv\python\cpython-3.11-windows-x86_64-none\Lib\logging\__init__.py", line 1113, in emit
    stream.write(msg + self.terminator)
UnicodeEncodeError: 'cp932' codec can't encode character '\u2014' in position 71: illegal multibyte sequence
Call stack:
  File "C:\Users\takuy\OneDrive\tdnet-excel-input\tools\sync_financials.py", line 538, in <module>
    main()
  File "C:\Users\takuy\OneDrive\tdnet-excel-input\tools\sync_financials.py", line 512, in main
    stats = sync(
  File "C:\Users\takuy\OneDrive\tdnet-excel-input\tools\sync_financials.py", line 360, in sync
    logger.error(
Message: "  batch 74/145: FAILED \u2014 401 Client Error: Unauthorized for url: https://fvkvfekzoebcolssnteo.supabase.co/rest/v1/financials?on_conflict=ticker%2Cperiod%2Cquarter\n  (�擪�s: {'ticker': '60160', 'period': '2025-03-31', 'quarter': '3Q', 'sales': 23669000000, 'gross_profit': 6798694000, 'operating_profit': 4486000000, 'source': 'jquants', 'updated_at': '2026-03-09T17:53:52.606130+09:00'})"
Arguments: ()
--- Logging error ---
Traceback (most recent call last):
  File "C:\Users\takuy\OneDrive\tdnet-excel-input\tools\sync_financials.py", line 96, in _request
    r.raise_for_status()
  File "C:\Users\takuy\OneDrive\tdnet-excel-input\.venv\Lib\site-packages\requests\models.py", line 1026, in raise_for_status
    raise HTTPError(http_error_msg, response=self)
requests.exceptions.HTTPError: 401 Client Error: Unauthorized for url: https://fvkvfekzoebcolssnteo.supabase.co/rest/v1/financials?on_conflict=ticker%2Cperiod%2Cquarter

During handling of the above exception, another exception occurred:

Traceback (most recent call last):
  File "C:\Users\takuy\AppData\Roaming\uv\python\cpython-3.11-windows-x86_64-none\Lib\logging\__init__.py", line 1113, in emit
    stream.write(msg + self.terminator)
UnicodeEncodeError: 'cp932' codec can't encode character '\u2014' in position 61: illegal multibyte sequence
Call stack:
  File "C:\Users\takuy\OneDrive\tdnet-excel-input\tools\sync_financials.py", line 538, in <module>
    main()
  File "C:\Users\takuy\OneDrive\tdnet-excel-input\tools\sync_financials.py", line 512, in main
    stats = sync(
  File "C:\Users\takuy\OneDrive\tdnet-excel-input\tools\sync_financials.py", line 348, in sync
    n = api.upsert_batch(table, chunk, on_conflict="ticker,period,quarter")
  File "C:\Users\takuy\OneDrive\tdnet-excel-input\tools\sync_financials.py", line 139, in upsert_batch
    self._request(
  File "C:\Users\takuy\OneDrive\tdnet-excel-input\tools\sync_financials.py", line 123, in _request
    logger.error(
Message: '[API] HTTP 0 \u2014 ���g���C�s��\n  ���X�|���X: {"code":"42501","details":null,"hint":null,"message":"new row violates row-level security policy for table \\"financials\\""}'
Arguments: ()
--- Logging error ---
Traceback (most recent call last):
  File "C:\Users\takuy\OneDrive\tdnet-excel-input\tools\sync_financials.py", line 348, in sync
    n = api.upsert_batch(table, chunk, on_conflict="ticker,period,quarter")
        ^^^^^^^^^^^^^^^^^^^^^^^^^^^^^^^^^^^^^^^^^^^^^^^^^^^^^^^^^^^^^^^^^^^
  File "C:\Users\takuy\OneDrive\tdnet-excel-input\tools\sync_financials.py", line 139, in upsert_batch
    self._request(
  File "C:\Users\takuy\OneDrive\tdnet-excel-input\tools\sync_financials.py", line 96, in _request
    r.raise_for_status()
  File "C:\Users\takuy\OneDrive\tdnet-excel-input\.venv\Lib\site-packages\requests\models.py", line 1026, in raise_for_status
    raise HTTPError(http_error_msg, response=self)
requests.exceptions.HTTPError: 401 Client Error: Unauthorized for url: https://fvkvfekzoebcolssnteo.supabase.co/rest/v1/financials?on_conflict=ticker%2Cperiod%2Cquarter

During handling of the above exception, another exception occurred:

Traceback (most recent call last):
  File "C:\Users\takuy\AppData\Roaming\uv\python\cpython-3.11-windows-x86_64-none\Lib\logging\__init__.py", line 1113, in emit
    stream.write(msg + self.terminator)
UnicodeEncodeError: 'cp932' codec can't encode character '\u2014' in position 71: illegal multibyte sequence
Call stack:
  File "C:\Users\takuy\OneDrive\tdnet-excel-input\tools\sync_financials.py", line 538, in <module>
    main()
  File "C:\Users\takuy\OneDrive\tdnet-excel-input\tools\sync_financials.py", line 512, in main
    stats = sync(
  File "C:\Users\takuy\OneDrive\tdnet-excel-input\tools\sync_financials.py", line 360, in sync
    logger.error(
Message: "  batch 75/145: FAILED \u2014 401 Client Error: Unauthorized for url: https://fvkvfekzoebcolssnteo.supabase.co/rest/v1/financials?on_conflict=ticker%2Cperiod%2Cquarter\n  (�擪�s: {'ticker': '60580', 'period': '2024-02-29', 'quarter': '2Q', 'sales': 28565000000, 'gross_profit': 17940000000, 'operating_profit': 1483000000, 'source': 'jquants', 'updated_at': '2026-03-09T17:53:52.606130+09:00'})"
Arguments: ()
--- Logging error ---
Traceback (most recent call last):
  File "C:\Users\takuy\OneDrive\tdnet-excel-input\tools\sync_financials.py", line 96, in _request
    r.raise_for_status()
  File "C:\Users\takuy\OneDrive\tdnet-excel-input\.venv\Lib\site-packages\requests\models.py", line 1026, in raise_for_status
    raise HTTPError(http_error_msg, response=self)
requests.exceptions.HTTPError: 401 Client Error: Unauthorized for url: https://fvkvfekzoebcolssnteo.supabase.co/rest/v1/financials?on_conflict=ticker%2Cperiod%2Cquarter

During handling of the above exception, another exception occurred:

Traceback (most recent call last):
  File "C:\Users\takuy\AppData\Roaming\uv\python\cpython-3.11-windows-x86_64-none\Lib\logging\__init__.py", line 1113, in emit
    stream.write(msg + self.terminator)
UnicodeEncodeError: 'cp932' codec can't encode character '\u2014' in position 61: illegal multibyte sequence
Call stack:
  File "C:\Users\takuy\OneDrive\tdnet-excel-input\tools\sync_financials.py", line 538, in <module>
    main()
  File "C:\Users\takuy\OneDrive\tdnet-excel-input\tools\sync_financials.py", line 512, in main
    stats = sync(
  File "C:\Users\takuy\OneDrive\tdnet-excel-input\tools\sync_financials.py", line 348, in sync
    n = api.upsert_batch(table, chunk, on_conflict="ticker,period,quarter")
  File "C:\Users\takuy\OneDrive\tdnet-excel-input\tools\sync_financials.py", line 139, in upsert_batch
    self._request(
  File "C:\Users\takuy\OneDrive\tdnet-excel-input\tools\sync_financials.py", line 123, in _request
    logger.error(
Message: '[API] HTTP 0 \u2014 ���g���C�s��\n  ���X�|���X: {"code":"42501","details":null,"hint":null,"message":"new row violates row-level security policy for table \\"financials\\""}'
Arguments: ()
--- Logging error ---
Traceback (most recent call last):
  File "C:\Users\takuy\OneDrive\tdnet-excel-input\tools\sync_financials.py", line 348, in sync
    n = api.upsert_batch(table, chunk, on_conflict="ticker,period,quarter")
        ^^^^^^^^^^^^^^^^^^^^^^^^^^^^^^^^^^^^^^^^^^^^^^^^^^^^^^^^^^^^^^^^^^^
  File "C:\Users\takuy\OneDrive\tdnet-excel-input\tools\sync_financials.py", line 139, in upsert_batch
    self._request(
  File "C:\Users\takuy\OneDrive\tdnet-excel-input\tools\sync_financials.py", line 96, in _request
    r.raise_for_status()
  File "C:\Users\takuy\OneDrive\tdnet-excel-input\.venv\Lib\site-packages\requests\models.py", line 1026, in raise_for_status
    raise HTTPError(http_error_msg, response=self)
requests.exceptions.HTTPError: 401 Client Error: Unauthorized for url: https://fvkvfekzoebcolssnteo.supabase.co/rest/v1/financials?on_conflict=ticker%2Cperiod%2Cquarter

During handling of the above exception, another exception occurred:

Traceback (most recent call last):
  File "C:\Users\takuy\AppData\Roaming\uv\python\cpython-3.11-windows-x86_64-none\Lib\logging\__init__.py", line 1113, in emit
    stream.write(msg + self.terminator)
UnicodeEncodeError: 'cp932' codec can't encode character '\u2014' in position 71: illegal multibyte sequence
Call stack:
  File "C:\Users\takuy\OneDrive\tdnet-excel-input\tools\sync_financials.py", line 538, in <module>
    main()
  File "C:\Users\takuy\OneDrive\tdnet-excel-input\tools\sync_financials.py", line 512, in main
    stats = sync(
  File "C:\Users\takuy\OneDrive\tdnet-excel-input\tools\sync_financials.py", line 360, in sync
    logger.error(
Message: "  batch 76/145: FAILED \u2014 401 Client Error: Unauthorized for url: https://fvkvfekzoebcolssnteo.supabase.co/rest/v1/financials?on_conflict=ticker%2Cperiod%2Cquarter\n  (�擪�s: {'ticker': '60940', 'period': '2022-09-30', 'quarter': '2Q', 'sales': 14487000000, 'gross_profit': 4246313000, 'operating_profit': 1199000000, 'source': 'jquants', 'updated_at': '2026-03-09T17:53:52.606130+09:00'})"
Arguments: ()
--- Logging error ---
Traceback (most recent call last):
  File "C:\Users\takuy\OneDrive\tdnet-excel-input\tools\sync_financials.py", line 96, in _request
    r.raise_for_status()
  File "C:\Users\takuy\OneDrive\tdnet-excel-input\.venv\Lib\site-packages\requests\models.py", line 1026, in raise_for_status
    raise HTTPError(http_error_msg, response=self)
requests.exceptions.HTTPError: 401 Client Error: Unauthorized for url: https://fvkvfekzoebcolssnteo.supabase.co/rest/v1/financials?on_conflict=ticker%2Cperiod%2Cquarter

During handling of the above exception, another exception occurred:

Traceback (most recent call last):
  File "C:\Users\takuy\AppData\Roaming\uv\python\cpython-3.11-windows-x86_64-none\Lib\logging\__init__.py", line 1113, in emit
    stream.write(msg + self.terminator)
UnicodeEncodeError: 'cp932' codec can't encode character '\u2014' in position 61: illegal multibyte sequence
Call stack:
  File "C:\Users\takuy\OneDrive\tdnet-excel-input\tools\sync_financials.py", line 538, in <module>
    main()
  File "C:\Users\takuy\OneDrive\tdnet-excel-input\tools\sync_financials.py", line 512, in main
    stats = sync(
  File "C:\Users\takuy\OneDrive\tdnet-excel-input\tools\sync_financials.py", line 348, in sync
    n = api.upsert_batch(table, chunk, on_conflict="ticker,period,quarter")
  File "C:\Users\takuy\OneDrive\tdnet-excel-input\tools\sync_financials.py", line 139, in upsert_batch
    self._request(
  File "C:\Users\takuy\OneDrive\tdnet-excel-input\tools\sync_financials.py", line 123, in _request
    logger.error(
Message: '[API] HTTP 0 \u2014 ���g���C�s��\n  ���X�|���X: {"code":"42501","details":null,"hint":null,"message":"new row violates row-level security policy for table \\"financials\\""}'
Arguments: ()
--- Logging error ---
Traceback (most recent call last):
  File "C:\Users\takuy\OneDrive\tdnet-excel-input\tools\sync_financials.py", line 348, in sync
    n = api.upsert_batch(table, chunk, on_conflict="ticker,period,quarter")
        ^^^^^^^^^^^^^^^^^^^^^^^^^^^^^^^^^^^^^^^^^^^^^^^^^^^^^^^^^^^^^^^^^^^
  File "C:\Users\takuy\OneDrive\tdnet-excel-input\tools\sync_financials.py", line 139, in upsert_batch
    self._request(
  File "C:\Users\takuy\OneDrive\tdnet-excel-input\tools\sync_financials.py", line 96, in _request
    r.raise_for_status()
  File "C:\Users\takuy\OneDrive\tdnet-excel-input\.venv\Lib\site-packages\requests\models.py", line 1026, in raise_for_status
    raise HTTPError(http_error_msg, response=self)
requests.exceptions.HTTPError: 401 Client Error: Unauthorized for url: https://fvkvfekzoebcolssnteo.supabase.co/rest/v1/financials?on_conflict=ticker%2Cperiod%2Cquarter

During handling of the above exception, another exception occurred:

Traceback (most recent call last):
  File "C:\Users\takuy\AppData\Roaming\uv\python\cpython-3.11-windows-x86_64-none\Lib\logging\__init__.py", line 1113, in emit
    stream.write(msg + self.terminator)
UnicodeEncodeError: 'cp932' codec can't encode character '\u2014' in position 71: illegal multibyte sequence
Call stack:
  File "C:\Users\takuy\OneDrive\tdnet-excel-input\tools\sync_financials.py", line 538, in <module>
    main()
  File "C:\Users\takuy\OneDrive\tdnet-excel-input\tools\sync_financials.py", line 512, in main
    stats = sync(
  File "C:\Users\takuy\OneDrive\tdnet-excel-input\tools\sync_financials.py", line 360, in sync
    logger.error(
Message: "  batch 77/145: FAILED \u2014 401 Client Error: Unauthorized for url: https://fvkvfekzoebcolssnteo.supabase.co/rest/v1/financials?on_conflict=ticker%2Cperiod%2Cquarter\n  (�擪�s: {'ticker': '61510', 'period': '2026-03-31', 'quarter': '2Q', 'sales': None, 'gross_profit': None, 'operating_profit': None, 'source': 'jquants', 'updated_at': '2026-03-09T17:53:52.606130+09:00'})"
Arguments: ()
--- Logging error ---
Traceback (most recent call last):
  File "C:\Users\takuy\OneDrive\tdnet-excel-input\tools\sync_financials.py", line 96, in _request
    r.raise_for_status()
  File "C:\Users\takuy\OneDrive\tdnet-excel-input\.venv\Lib\site-packages\requests\models.py", line 1026, in raise_for_status
    raise HTTPError(http_error_msg, response=self)
requests.exceptions.HTTPError: 401 Client Error: Unauthorized for url: https://fvkvfekzoebcolssnteo.supabase.co/rest/v1/financials?on_conflict=ticker%2Cperiod%2Cquarter

During handling of the above exception, another exception occurred:

Traceback (most recent call last):
  File "C:\Users\takuy\AppData\Roaming\uv\python\cpython-3.11-windows-x86_64-none\Lib\logging\__init__.py", line 1113, in emit
    stream.write(msg + self.terminator)
UnicodeEncodeError: 'cp932' codec can't encode character '\u2014' in position 61: illegal multibyte sequence
Call stack:
  File "C:\Users\takuy\OneDrive\tdnet-excel-input\tools\sync_financials.py", line 538, in <module>
    main()
  File "C:\Users\takuy\OneDrive\tdnet-excel-input\tools\sync_financials.py", line 512, in main
    stats = sync(
  File "C:\Users\takuy\OneDrive\tdnet-excel-input\tools\sync_financials.py", line 348, in sync
    n = api.upsert_batch(table, chunk, on_conflict="ticker,period,quarter")
  File "C:\Users\takuy\OneDrive\tdnet-excel-input\tools\sync_financials.py", line 139, in upsert_batch
    self._request(
  File "C:\Users\takuy\OneDrive\tdnet-excel-input\tools\sync_financials.py", line 123, in _request
    logger.error(
Message: '[API] HTTP 0 \u2014 ���g���C�s��\n  ���X�|���X: {"code":"42501","details":null,"hint":null,"message":"new row violates row-level security policy for table \\"financials\\""}'
Arguments: ()
--- Logging error ---
Traceback (most recent call last):
  File "C:\Users\takuy\OneDrive\tdnet-excel-input\tools\sync_financials.py", line 348, in sync
    n = api.upsert_batch(table, chunk, on_conflict="ticker,period,quarter")
        ^^^^^^^^^^^^^^^^^^^^^^^^^^^^^^^^^^^^^^^^^^^^^^^^^^^^^^^^^^^^^^^^^^^
  File "C:\Users\takuy\OneDrive\tdnet-excel-input\tools\sync_financials.py", line 139, in upsert_batch
    self._request(
  File "C:\Users\takuy\OneDrive\tdnet-excel-input\tools\sync_financials.py", line 96, in _request
    r.raise_for_status()
  File "C:\Users\takuy\OneDrive\tdnet-excel-input\.venv\Lib\site-packages\requests\models.py", line 1026, in raise_for_status
    raise HTTPError(http_error_msg, response=self)
requests.exceptions.HTTPError: 401 Client Error: Unauthorized for url: https://fvkvfekzoebcolssnteo.supabase.co/rest/v1/financials?on_conflict=ticker%2Cperiod%2Cquarter

During handling of the above exception, another exception occurred:

Traceback (most recent call last):
  File "C:\Users\takuy\AppData\Roaming\uv\python\cpython-3.11-windows-x86_64-none\Lib\logging\__init__.py", line 1113, in emit
    stream.write(msg + self.terminator)
UnicodeEncodeError: 'cp932' codec can't encode character '\u2014' in position 71: illegal multibyte sequence
Call stack:
  File "C:\Users\takuy\OneDrive\tdnet-excel-input\tools\sync_financials.py", line 538, in <module>
    main()
  File "C:\Users\takuy\OneDrive\tdnet-excel-input\tools\sync_financials.py", line 512, in main
    stats = sync(
  File "C:\Users\takuy\OneDrive\tdnet-excel-input\tools\sync_financials.py", line 360, in sync
    logger.error(
Message: "  batch 78/145: FAILED \u2014 401 Client Error: Unauthorized for url: https://fvkvfekzoebcolssnteo.supabase.co/rest/v1/financials?on_conflict=ticker%2Cperiod%2Cquarter\n  (�擪�s: {'ticker': '61930', 'period': '2024-03-31', 'quarter': 'FY', 'sales': 6692000000, 'gross_profit': 1602204000, 'operating_profit': 371000000, 'source': 'jquants', 'updated_at': '2026-03-09T17:53:52.606130+09:00'})"
Arguments: ()
--- Logging error ---
Traceback (most recent call last):
  File "C:\Users\takuy\OneDrive\tdnet-excel-input\tools\sync_financials.py", line 96, in _request
    r.raise_for_status()
  File "C:\Users\takuy\OneDrive\tdnet-excel-input\.venv\Lib\site-packages\requests\models.py", line 1026, in raise_for_status
    raise HTTPError(http_error_msg, response=self)
requests.exceptions.HTTPError: 401 Client Error: Unauthorized for url: https://fvkvfekzoebcolssnteo.supabase.co/rest/v1/financials?on_conflict=ticker%2Cperiod%2Cquarter

During handling of the above exception, another exception occurred:

Traceback (most recent call last):
  File "C:\Users\takuy\AppData\Roaming\uv\python\cpython-3.11-windows-x86_64-none\Lib\logging\__init__.py", line 1113, in emit
    stream.write(msg + self.terminator)
UnicodeEncodeError: 'cp932' codec can't encode character '\u2014' in position 61: illegal multibyte sequence
Call stack:
  File "C:\Users\takuy\OneDrive\tdnet-excel-input\tools\sync_financials.py", line 538, in <module>
    main()
  File "C:\Users\takuy\OneDrive\tdnet-excel-input\tools\sync_financials.py", line 512, in main
    stats = sync(
  File "C:\Users\takuy\OneDrive\tdnet-excel-input\tools\sync_financials.py", line 348, in sync
    n = api.upsert_batch(table, chunk, on_conflict="ticker,period,quarter")
  File "C:\Users\takuy\OneDrive\tdnet-excel-input\tools\sync_financials.py", line 139, in upsert_batch
    self._request(
  File "C:\Users\takuy\OneDrive\tdnet-excel-input\tools\sync_financials.py", line 123, in _request
    logger.error(
Message: '[API] HTTP 0 \u2014 ���g���C�s��\n  ���X�|���X: {"code":"42501","details":null,"hint":null,"message":"new row violates row-level security policy for table \\"financials\\""}'
Arguments: ()
--- Logging error ---
Traceback (most recent call last):
  File "C:\Users\takuy\OneDrive\tdnet-excel-input\tools\sync_financials.py", line 348, in sync
    n = api.upsert_batch(table, chunk, on_conflict="ticker,period,quarter")
        ^^^^^^^^^^^^^^^^^^^^^^^^^^^^^^^^^^^^^^^^^^^^^^^^^^^^^^^^^^^^^^^^^^^
  File "C:\Users\takuy\OneDrive\tdnet-excel-input\tools\sync_financials.py", line 139, in upsert_batch
    self._request(
  File "C:\Users\takuy\OneDrive\tdnet-excel-input\tools\sync_financials.py", line 96, in _request
    r.raise_for_status()
  File "C:\Users\takuy\OneDrive\tdnet-excel-input\.venv\Lib\site-packages\requests\models.py", line 1026, in raise_for_status
    raise HTTPError(http_error_msg, response=self)
requests.exceptions.HTTPError: 401 Client Error: Unauthorized for url: https://fvkvfekzoebcolssnteo.supabase.co/rest/v1/financials?on_conflict=ticker%2Cperiod%2Cquarter

During handling of the above exception, another exception occurred:

Traceback (most recent call last):
  File "C:\Users\takuy\AppData\Roaming\uv\python\cpython-3.11-windows-x86_64-none\Lib\logging\__init__.py", line 1113, in emit
    stream.write(msg + self.terminator)
UnicodeEncodeError: 'cp932' codec can't encode character '\u2014' in position 71: illegal multibyte sequence
Call stack:
  File "C:\Users\takuy\OneDrive\tdnet-excel-input\tools\sync_financials.py", line 538, in <module>
    main()
  File "C:\Users\takuy\OneDrive\tdnet-excel-input\tools\sync_financials.py", line 512, in main
    stats = sync(
  File "C:\Users\takuy\OneDrive\tdnet-excel-input\tools\sync_financials.py", line 360, in sync
    logger.error(
Message: "  batch 79/145: FAILED \u2014 401 Client Error: Unauthorized for url: https://fvkvfekzoebcolssnteo.supabase.co/rest/v1/financials?on_conflict=ticker%2Cperiod%2Cquarter\n  (�擪�s: {'ticker': '62370', 'period': '2025-03-31', 'quarter': '1Q', 'sales': 11220000000, 'gross_profit': 4617037000, 'operating_profit': 1431000000, 'source': 'jquants', 'updated_at': '2026-03-09T17:53:52.606130+09:00'})"
Arguments: ()
--- Logging error ---
Traceback (most recent call last):
  File "C:\Users\takuy\OneDrive\tdnet-excel-input\tools\sync_financials.py", line 96, in _request
    r.raise_for_status()
  File "C:\Users\takuy\OneDrive\tdnet-excel-input\.venv\Lib\site-packages\requests\models.py", line 1026, in raise_for_status
    raise HTTPError(http_error_msg, response=self)
requests.exceptions.HTTPError: 401 Client Error: Unauthorized for url: https://fvkvfekzoebcolssnteo.supabase.co/rest/v1/financials?on_conflict=ticker%2Cperiod%2Cquarter

During handling of the above exception, another exception occurred:

Traceback (most recent call last):
  File "C:\Users\takuy\AppData\Roaming\uv\python\cpython-3.11-windows-x86_64-none\Lib\logging\__init__.py", line 1113, in emit
    stream.write(msg + self.terminator)
UnicodeEncodeError: 'cp932' codec can't encode character '\u2014' in position 61: illegal multibyte sequence
Call stack:
  File "C:\Users\takuy\OneDrive\tdnet-excel-input\tools\sync_financials.py", line 538, in <module>
    main()
  File "C:\Users\takuy\OneDrive\tdnet-excel-input\tools\sync_financials.py", line 512, in main
    stats = sync(
  File "C:\Users\takuy\OneDrive\tdnet-excel-input\tools\sync_financials.py", line 348, in sync
    n = api.upsert_batch(table, chunk, on_conflict="ticker,period,quarter")
  File "C:\Users\takuy\OneDrive\tdnet-excel-input\tools\sync_financials.py", line 139, in upsert_batch
    self._request(
  File "C:\Users\takuy\OneDrive\tdnet-excel-input\tools\sync_financials.py", line 123, in _request
    logger.error(
Message: '[API] HTTP 0 \u2014 ���g���C�s��\n  ���X�|���X: {"code":"42501","details":null,"hint":null,"message":"new row violates row-level security policy for table \\"financials\\""}'
Arguments: ()
--- Logging error ---
Traceback (most recent call last):
  File "C:\Users\takuy\OneDrive\tdnet-excel-input\tools\sync_financials.py", line 348, in sync
    n = api.upsert_batch(table, chunk, on_conflict="ticker,period,quarter")
        ^^^^^^^^^^^^^^^^^^^^^^^^^^^^^^^^^^^^^^^^^^^^^^^^^^^^^^^^^^^^^^^^^^^
  File "C:\Users\takuy\OneDrive\tdnet-excel-input\tools\sync_financials.py", line 139, in upsert_batch
    self._request(
  File "C:\Users\takuy\OneDrive\tdnet-excel-input\tools\sync_financials.py", line 96, in _request
    r.raise_for_status()
  File "C:\Users\takuy\OneDrive\tdnet-excel-input\.venv\Lib\site-packages\requests\models.py", line 1026, in raise_for_status
    raise HTTPError(http_error_msg, response=self)
requests.exceptions.HTTPError: 401 Client Error: Unauthorized for url: https://fvkvfekzoebcolssnteo.supabase.co/rest/v1/financials?on_conflict=ticker%2Cperiod%2Cquarter

During handling of the above exception, another exception occurred:

Traceback (most recent call last):
  File "C:\Users\takuy\AppData\Roaming\uv\python\cpython-3.11-windows-x86_64-none\Lib\logging\__init__.py", line 1113, in emit
    stream.write(msg + self.terminator)
UnicodeEncodeError: 'cp932' codec can't encode character '\u2014' in position 71: illegal multibyte sequence
Call stack:
  File "C:\Users\takuy\OneDrive\tdnet-excel-input\tools\sync_financials.py", line 538, in <module>
    main()
  File "C:\Users\takuy\OneDrive\tdnet-excel-input\tools\sync_financials.py", line 512, in main
    stats = sync(
  File "C:\Users\takuy\OneDrive\tdnet-excel-input\tools\sync_financials.py", line 360, in sync
    logger.error(
Message: "  batch 80/145: FAILED \u2014 401 Client Error: Unauthorized for url: https://fvkvfekzoebcolssnteo.supabase.co/rest/v1/financials?on_conflict=ticker%2Cperiod%2Cquarter\n  (�擪�s: {'ticker': '62780', 'period': '2024-12-31', 'quarter': '2Q', 'sales': 15794000000, 'gross_profit': 6180000000, 'operating_profit': 3108000000, 'source': 'jquants', 'updated_at': '2026-03-09T17:53:52.606130+09:00'})"
Arguments: ()
--- Logging error ---
Traceback (most recent call last):
  File "C:\Users\takuy\OneDrive\tdnet-excel-input\tools\sync_financials.py", line 96, in _request
    r.raise_for_status()
  File "C:\Users\takuy\OneDrive\tdnet-excel-input\.venv\Lib\site-packages\requests\models.py", line 1026, in raise_for_status
    raise HTTPError(http_error_msg, response=self)
requests.exceptions.HTTPError: 401 Client Error: Unauthorized for url: https://fvkvfekzoebcolssnteo.supabase.co/rest/v1/financials?on_conflict=ticker%2Cperiod%2Cquarter

During handling of the above exception, another exception occurred:

Traceback (most recent call last):
  File "C:\Users\takuy\AppData\Roaming\uv\python\cpython-3.11-windows-x86_64-none\Lib\logging\__init__.py", line 1113, in emit
    stream.write(msg + self.terminator)
UnicodeEncodeError: 'cp932' codec can't encode character '\u2014' in position 61: illegal multibyte sequence
Call stack:
  File "C:\Users\takuy\OneDrive\tdnet-excel-input\tools\sync_financials.py", line 538, in <module>
    main()
  File "C:\Users\takuy\OneDrive\tdnet-excel-input\tools\sync_financials.py", line 512, in main
    stats = sync(
  File "C:\Users\takuy\OneDrive\tdnet-excel-input\tools\sync_financials.py", line 348, in sync
    n = api.upsert_batch(table, chunk, on_conflict="ticker,period,quarter")
  File "C:\Users\takuy\OneDrive\tdnet-excel-input\tools\sync_financials.py", line 139, in upsert_batch
    self._request(
  File "C:\Users\takuy\OneDrive\tdnet-excel-input\tools\sync_financials.py", line 123, in _request
    logger.error(
Message: '[API] HTTP 0 \u2014 ���g���C�s��\n  ���X�|���X: {"code":"42501","details":null,"hint":null,"message":"new row violates row-level security policy for table \\"financials\\""}'
Arguments: ()
--- Logging error ---
Traceback (most recent call last):
  File "C:\Users\takuy\OneDrive\tdnet-excel-input\tools\sync_financials.py", line 348, in sync
    n = api.upsert_batch(table, chunk, on_conflict="ticker,period,quarter")
        ^^^^^^^^^^^^^^^^^^^^^^^^^^^^^^^^^^^^^^^^^^^^^^^^^^^^^^^^^^^^^^^^^^^
  File "C:\Users\takuy\OneDrive\tdnet-excel-input\tools\sync_financials.py", line 139, in upsert_batch
    self._request(
  File "C:\Users\takuy\OneDrive\tdnet-excel-input\tools\sync_financials.py", line 96, in _request
    r.raise_for_status()
  File "C:\Users\takuy\OneDrive\tdnet-excel-input\.venv\Lib\site-packages\requests\models.py", line 1026, in raise_for_status
    raise HTTPError(http_error_msg, response=self)
requests.exceptions.HTTPError: 401 Client Error: Unauthorized for url: https://fvkvfekzoebcolssnteo.supabase.co/rest/v1/financials?on_conflict=ticker%2Cperiod%2Cquarter

During handling of the above exception, another exception occurred:

Traceback (most recent call last):
  File "C:\Users\takuy\AppData\Roaming\uv\python\cpython-3.11-windows-x86_64-none\Lib\logging\__init__.py", line 1113, in emit
    stream.write(msg + self.terminator)
UnicodeEncodeError: 'cp932' codec can't encode character '\u2014' in position 71: illegal multibyte sequence
Call stack:
  File "C:\Users\takuy\OneDrive\tdnet-excel-input\tools\sync_financials.py", line 538, in <module>
    main()
  File "C:\Users\takuy\OneDrive\tdnet-excel-input\tools\sync_financials.py", line 512, in main
    stats = sync(
  File "C:\Users\takuy\OneDrive\tdnet-excel-input\tools\sync_financials.py", line 360, in sync
    logger.error(
Message: "  batch 81/145: FAILED \u2014 401 Client Error: Unauthorized for url: https://fvkvfekzoebcolssnteo.supabase.co/rest/v1/financials?on_conflict=ticker%2Cperiod%2Cquarter\n  (�擪�s: {'ticker': '63250', 'period': '2023-03-31', 'quarter': '2Q', 'sales': 3830000000, 'gross_profit': 1269264000, 'operating_profit': 386000000, 'source': 'jquants', 'updated_at': '2026-03-09T17:53:52.606130+09:00'})"
Arguments: ()
--- Logging error ---
Traceback (most recent call last):
  File "C:\Users\takuy\OneDrive\tdnet-excel-input\tools\sync_financials.py", line 96, in _request
    r.raise_for_status()
  File "C:\Users\takuy\OneDrive\tdnet-excel-input\.venv\Lib\site-packages\requests\models.py", line 1026, in raise_for_status
    raise HTTPError(http_error_msg, response=self)
requests.exceptions.HTTPError: 401 Client Error: Unauthorized for url: https://fvkvfekzoebcolssnteo.supabase.co/rest/v1/financials?on_conflict=ticker%2Cperiod%2Cquarter

During handling of the above exception, another exception occurred:

Traceback (most recent call last):
  File "C:\Users\takuy\AppData\Roaming\uv\python\cpython-3.11-windows-x86_64-none\Lib\logging\__init__.py", line 1113, in emit
    stream.write(msg + self.terminator)
UnicodeEncodeError: 'cp932' codec can't encode character '\u2014' in position 61: illegal multibyte sequence
Call stack:
  File "C:\Users\takuy\OneDrive\tdnet-excel-input\tools\sync_financials.py", line 538, in <module>
    main()
  File "C:\Users\takuy\OneDrive\tdnet-excel-input\tools\sync_financials.py", line 512, in main
    stats = sync(
  File "C:\Users\takuy\OneDrive\tdnet-excel-input\tools\sync_financials.py", line 348, in sync
    n = api.upsert_batch(table, chunk, on_conflict="ticker,period,quarter")
  File "C:\Users\takuy\OneDrive\tdnet-excel-input\tools\sync_financials.py", line 139, in upsert_batch
    self._request(
  File "C:\Users\takuy\OneDrive\tdnet-excel-input\tools\sync_financials.py", line 123, in _request
    logger.error(
Message: '[API] HTTP 0 \u2014 ���g���C�s��\n  ���X�|���X: {"code":"42501","details":null,"hint":null,"message":"new row violates row-level security policy for table \\"financials\\""}'
Arguments: ()
--- Logging error ---
Traceback (most recent call last):
  File "C:\Users\takuy\OneDrive\tdnet-excel-input\tools\sync_financials.py", line 348, in sync
    n = api.upsert_batch(table, chunk, on_conflict="ticker,period,quarter")
        ^^^^^^^^^^^^^^^^^^^^^^^^^^^^^^^^^^^^^^^^^^^^^^^^^^^^^^^^^^^^^^^^^^^
  File "C:\Users\takuy\OneDrive\tdnet-excel-input\tools\sync_financials.py", line 139, in upsert_batch
    self._request(
  File "C:\Users\takuy\OneDrive\tdnet-excel-input\tools\sync_financials.py", line 96, in _request
    r.raise_for_status()
  File "C:\Users\takuy\OneDrive\tdnet-excel-input\.venv\Lib\site-packages\requests\models.py", line 1026, in raise_for_status
    raise HTTPError(http_error_msg, response=self)
requests.exceptions.HTTPError: 401 Client Error: Unauthorized for url: https://fvkvfekzoebcolssnteo.supabase.co/rest/v1/financials?on_conflict=ticker%2Cperiod%2Cquarter

During handling of the above exception, another exception occurred:

Traceback (most recent call last):
  File "C:\Users\takuy\AppData\Roaming\uv\python\cpython-3.11-windows-x86_64-none\Lib\logging\__init__.py", line 1113, in emit
    stream.write(msg + self.terminator)
UnicodeEncodeError: 'cp932' codec can't encode character '\u2014' in position 71: illegal multibyte sequence
Call stack:
  File "C:\Users\takuy\OneDrive\tdnet-excel-input\tools\sync_financials.py", line 538, in <module>
    main()
  File "C:\Users\takuy\OneDrive\tdnet-excel-input\tools\sync_financials.py", line 512, in main
    stats = sync(
  File "C:\Users\takuy\OneDrive\tdnet-excel-input\tools\sync_financials.py", line 360, in sync
    logger.error(
Message: "  batch 82/145: FAILED \u2014 401 Client Error: Unauthorized for url: https://fvkvfekzoebcolssnteo.supabase.co/rest/v1/financials?on_conflict=ticker%2Cperiod%2Cquarter\n  (�擪�s: {'ticker': '63600', 'period': '2022-03-31', 'quarter': '2Q', 'sales': 3826000000, 'gross_profit': 839036000, 'operating_profit': 26000000, 'source': 'jquants', 'updated_at': '2026-03-09T17:53:52.606130+09:00'})"
Arguments: ()
--- Logging error ---
Traceback (most recent call last):
  File "C:\Users\takuy\OneDrive\tdnet-excel-input\tools\sync_financials.py", line 96, in _request
    r.raise_for_status()
  File "C:\Users\takuy\OneDrive\tdnet-excel-input\.venv\Lib\site-packages\requests\models.py", line 1026, in raise_for_status
    raise HTTPError(http_error_msg, response=self)
requests.exceptions.HTTPError: 401 Client Error: Unauthorized for url: https://fvkvfekzoebcolssnteo.supabase.co/rest/v1/financials?on_conflict=ticker%2Cperiod%2Cquarter

During handling of the above exception, another exception occurred:

Traceback (most recent call last):
  File "C:\Users\takuy\AppData\Roaming\uv\python\cpython-3.11-windows-x86_64-none\Lib\logging\__init__.py", line 1113, in emit
    stream.write(msg + self.terminator)
UnicodeEncodeError: 'cp932' codec can't encode character '\u2014' in position 61: illegal multibyte sequence
Call stack:
  File "C:\Users\takuy\OneDrive\tdnet-excel-input\tools\sync_financials.py", line 538, in <module>
    main()
  File "C:\Users\takuy\OneDrive\tdnet-excel-input\tools\sync_financials.py", line 512, in main
    stats = sync(
  File "C:\Users\takuy\OneDrive\tdnet-excel-input\tools\sync_financials.py", line 348, in sync
    n = api.upsert_batch(table, chunk, on_conflict="ticker,period,quarter")
  File "C:\Users\takuy\OneDrive\tdnet-excel-input\tools\sync_financials.py", line 139, in upsert_batch
    self._request(
  File "C:\Users\takuy\OneDrive\tdnet-excel-input\tools\sync_financials.py", line 123, in _request
    logger.error(
Message: '[API] HTTP 0 \u2014 ���g���C�s��\n  ���X�|���X: {"code":"42501","details":null,"hint":null,"message":"new row violates row-level security policy for table \\"financials\\""}'
Arguments: ()
--- Logging error ---
Traceback (most recent call last):
  File "C:\Users\takuy\OneDrive\tdnet-excel-input\tools\sync_financials.py", line 348, in sync
    n = api.upsert_batch(table, chunk, on_conflict="ticker,period,quarter")
        ^^^^^^^^^^^^^^^^^^^^^^^^^^^^^^^^^^^^^^^^^^^^^^^^^^^^^^^^^^^^^^^^^^^
  File "C:\Users\takuy\OneDrive\tdnet-excel-input\tools\sync_financials.py", line 139, in upsert_batch
    self._request(
  File "C:\Users\takuy\OneDrive\tdnet-excel-input\tools\sync_financials.py", line 96, in _request
    r.raise_for_status()
  File "C:\Users\takuy\OneDrive\tdnet-excel-input\.venv\Lib\site-packages\requests\models.py", line 1026, in raise_for_status
    raise HTTPError(http_error_msg, response=self)
requests.exceptions.HTTPError: 401 Client Error: Unauthorized for url: https://fvkvfekzoebcolssnteo.supabase.co/rest/v1/financials?on_conflict=ticker%2Cperiod%2Cquarter

During handling of the above exception, another exception occurred:

Traceback (most recent call last):
  File "C:\Users\takuy\AppData\Roaming\uv\python\cpython-3.11-windows-x86_64-none\Lib\logging\__init__.py", line 1113, in emit
    stream.write(msg + self.terminator)
UnicodeEncodeError: 'cp932' codec can't encode character '\u2014' in position 71: illegal multibyte sequence
Call stack:
  File "C:\Users\takuy\OneDrive\tdnet-excel-input\tools\sync_financials.py", line 538, in <module>
    main()
  File "C:\Users\takuy\OneDrive\tdnet-excel-input\tools\sync_financials.py", line 512, in main
    stats = sync(
  File "C:\Users\takuy\OneDrive\tdnet-excel-input\tools\sync_financials.py", line 360, in sync
    logger.error(
Message: "  batch 83/145: FAILED \u2014 401 Client Error: Unauthorized for url: https://fvkvfekzoebcolssnteo.supabase.co/rest/v1/financials?on_conflict=ticker%2Cperiod%2Cquarter\n  (�擪�s: {'ticker': '63950', 'period': '2025-12-31', 'quarter': 'FY', 'sales': 349477000000, 'gross_profit': 93195000000, 'operating_profit': 18552000000, 'source': 'jquants', 'updated_at': '2026-03-09T17:53:52.606130+09:00'})"
Arguments: ()
--- Logging error ---
Traceback (most recent call last):
  File "C:\Users\takuy\OneDrive\tdnet-excel-input\tools\sync_financials.py", line 96, in _request
    r.raise_for_status()
  File "C:\Users\takuy\OneDrive\tdnet-excel-input\.venv\Lib\site-packages\requests\models.py", line 1026, in raise_for_status
    raise HTTPError(http_error_msg, response=self)
requests.exceptions.HTTPError: 401 Client Error: Unauthorized for url: https://fvkvfekzoebcolssnteo.supabase.co/rest/v1/financials?on_conflict=ticker%2Cperiod%2Cquarter

During handling of the above exception, another exception occurred:

Traceback (most recent call last):
  File "C:\Users\takuy\AppData\Roaming\uv\python\cpython-3.11-windows-x86_64-none\Lib\logging\__init__.py", line 1113, in emit
    stream.write(msg + self.terminator)
UnicodeEncodeError: 'cp932' codec can't encode character '\u2014' in position 61: illegal multibyte sequence
Call stack:
  File "C:\Users\takuy\OneDrive\tdnet-excel-input\tools\sync_financials.py", line 538, in <module>
    main()
  File "C:\Users\takuy\OneDrive\tdnet-excel-input\tools\sync_financials.py", line 512, in main
    stats = sync(
  File "C:\Users\takuy\OneDrive\tdnet-excel-input\tools\sync_financials.py", line 348, in sync
    n = api.upsert_batch(table, chunk, on_conflict="ticker,period,quarter")
  File "C:\Users\takuy\OneDrive\tdnet-excel-input\tools\sync_financials.py", line 139, in upsert_batch
    self._request(
  File "C:\Users\takuy\OneDrive\tdnet-excel-input\tools\sync_financials.py", line 123, in _request
    logger.error(
Message: '[API] HTTP 0 \u2014 ���g���C�s��\n  ���X�|���X: {"code":"42501","details":null,"hint":null,"message":"new row violates row-level security policy for table \\"financials\\""}'
Arguments: ()
--- Logging error ---
Traceback (most recent call last):
  File "C:\Users\takuy\OneDrive\tdnet-excel-input\tools\sync_financials.py", line 348, in sync
    n = api.upsert_batch(table, chunk, on_conflict="ticker,period,quarter")
        ^^^^^^^^^^^^^^^^^^^^^^^^^^^^^^^^^^^^^^^^^^^^^^^^^^^^^^^^^^^^^^^^^^^
  File "C:\Users\takuy\OneDrive\tdnet-excel-input\tools\sync_financials.py", line 139, in upsert_batch
    self._request(
  File "C:\Users\takuy\OneDrive\tdnet-excel-input\tools\sync_financials.py", line 96, in _request
    r.raise_for_status()
  File "C:\Users\takuy\OneDrive\tdnet-excel-input\.venv\Lib\site-packages\requests\models.py", line 1026, in raise_for_status
    raise HTTPError(http_error_msg, response=self)
requests.exceptions.HTTPError: 401 Client Error: Unauthorized for url: https://fvkvfekzoebcolssnteo.supabase.co/rest/v1/financials?on_conflict=ticker%2Cperiod%2Cquarter

During handling of the above exception, another exception occurred:

Traceback (most recent call last):
  File "C:\Users\takuy\AppData\Roaming\uv\python\cpython-3.11-windows-x86_64-none\Lib\logging\__init__.py", line 1113, in emit
    stream.write(msg + self.terminator)
UnicodeEncodeError: 'cp932' codec can't encode character '\u2014' in position 71: illegal multibyte sequence
Call stack:
  File "C:\Users\takuy\OneDrive\tdnet-excel-input\tools\sync_financials.py", line 538, in <module>
    main()
  File "C:\Users\takuy\OneDrive\tdnet-excel-input\tools\sync_financials.py", line 512, in main
    stats = sync(
  File "C:\Users\takuy\OneDrive\tdnet-excel-input\tools\sync_financials.py", line 360, in sync
    logger.error(
Message: "  batch 84/145: FAILED \u2014 401 Client Error: Unauthorized for url: https://fvkvfekzoebcolssnteo.supabase.co/rest/v1/financials?on_conflict=ticker%2Cperiod%2Cquarter\n  (�擪�s: {'ticker': '64480', 'period': '2025-03-31', 'quarter': '3Q', 'sales': 658759000000, 'gross_profit': 293233000000, 'operating_profit': 64080000000, 'source': 'jquants', 'updated_at': '2026-03-09T17:53:52.606130+09:00'})"
Arguments: ()
--- Logging error ---
Traceback (most recent call last):
  File "C:\Users\takuy\OneDrive\tdnet-excel-input\tools\sync_financials.py", line 96, in _request
    r.raise_for_status()
  File "C:\Users\takuy\OneDrive\tdnet-excel-input\.venv\Lib\site-packages\requests\models.py", line 1026, in raise_for_status
    raise HTTPError(http_error_msg, response=self)
requests.exceptions.HTTPError: 401 Client Error: Unauthorized for url: https://fvkvfekzoebcolssnteo.supabase.co/rest/v1/financials?on_conflict=ticker%2Cperiod%2Cquarter

During handling of the above exception, another exception occurred:

Traceback (most recent call last):
  File "C:\Users\takuy\AppData\Roaming\uv\python\cpython-3.11-windows-x86_64-none\Lib\logging\__init__.py", line 1113, in emit
    stream.write(msg + self.terminator)
UnicodeEncodeError: 'cp932' codec can't encode character '\u2014' in position 61: illegal multibyte sequence
Call stack:
  File "C:\Users\takuy\OneDrive\tdnet-excel-input\tools\sync_financials.py", line 538, in <module>
    main()
  File "C:\Users\takuy\OneDrive\tdnet-excel-input\tools\sync_financials.py", line 512, in main
    stats = sync(
  File "C:\Users\takuy\OneDrive\tdnet-excel-input\tools\sync_financials.py", line 348, in sync
    n = api.upsert_batch(table, chunk, on_conflict="ticker,period,quarter")
  File "C:\Users\takuy\OneDrive\tdnet-excel-input\tools\sync_financials.py", line 139, in upsert_batch
    self._request(
  File "C:\Users\takuy\OneDrive\tdnet-excel-input\tools\sync_financials.py", line 123, in _request
    logger.error(
Message: '[API] HTTP 0 \u2014 ���g���C�s��\n  ���X�|���X: {"code":"42501","details":null,"hint":null,"message":"new row violates row-level security policy for table \\"financials\\""}'
Arguments: ()
--- Logging error ---
Traceback (most recent call last):
  File "C:\Users\takuy\OneDrive\tdnet-excel-input\tools\sync_financials.py", line 348, in sync
    n = api.upsert_batch(table, chunk, on_conflict="ticker,period,quarter")
        ^^^^^^^^^^^^^^^^^^^^^^^^^^^^^^^^^^^^^^^^^^^^^^^^^^^^^^^^^^^^^^^^^^^
  File "C:\Users\takuy\OneDrive\tdnet-excel-input\tools\sync_financials.py", line 139, in upsert_batch
    self._request(
  File "C:\Users\takuy\OneDrive\tdnet-excel-input\tools\sync_financials.py", line 96, in _request
    r.raise_for_status()
  File "C:\Users\takuy\OneDrive\tdnet-excel-input\.venv\Lib\site-packages\requests\models.py", line 1026, in raise_for_status
    raise HTTPError(http_error_msg, response=self)
requests.exceptions.HTTPError: 401 Client Error: Unauthorized for url: https://fvkvfekzoebcolssnteo.supabase.co/rest/v1/financials?on_conflict=ticker%2Cperiod%2Cquarter

During handling of the above exception, another exception occurred:

Traceback (most recent call last):
  File "C:\Users\takuy\AppData\Roaming\uv\python\cpython-3.11-windows-x86_64-none\Lib\logging\__init__.py", line 1113, in emit
    stream.write(msg + self.terminator)
UnicodeEncodeError: 'cp932' codec can't encode character '\u2014' in position 71: illegal multibyte sequence
Call stack:
  File "C:\Users\takuy\OneDrive\tdnet-excel-input\tools\sync_financials.py", line 538, in <module>
    main()
  File "C:\Users\takuy\OneDrive\tdnet-excel-input\tools\sync_financials.py", line 512, in main
    stats = sync(
  File "C:\Users\takuy\OneDrive\tdnet-excel-input\tools\sync_financials.py", line 360, in sync
    logger.error(
Message: "  batch 85/145: FAILED \u2014 401 Client Error: Unauthorized for url: https://fvkvfekzoebcolssnteo.supabase.co/rest/v1/financials?on_conflict=ticker%2Cperiod%2Cquarter\n  (�擪�s: {'ticker': '64880', 'period': '2025-03-31', 'quarter': '2Q', 'sales': 4755000000, 'gross_profit': 1923883000, 'operating_profit': 473000000, 'source': 'jquants', 'updated_at': '2026-03-09T17:53:52.606130+09:00'})"
Arguments: ()
--- Logging error ---
Traceback (most recent call last):
  File "C:\Users\takuy\OneDrive\tdnet-excel-input\tools\sync_financials.py", line 96, in _request
    r.raise_for_status()
  File "C:\Users\takuy\OneDrive\tdnet-excel-input\.venv\Lib\site-packages\requests\models.py", line 1026, in raise_for_status
    raise HTTPError(http_error_msg, response=self)
requests.exceptions.HTTPError: 401 Client Error: Unauthorized for url: https://fvkvfekzoebcolssnteo.supabase.co/rest/v1/financials?on_conflict=ticker%2Cperiod%2Cquarter

During handling of the above exception, another exception occurred:

Traceback (most recent call last):
  File "C:\Users\takuy\AppData\Roaming\uv\python\cpython-3.11-windows-x86_64-none\Lib\logging\__init__.py", line 1113, in emit
    stream.write(msg + self.terminator)
UnicodeEncodeError: 'cp932' codec can't encode character '\u2014' in position 61: illegal multibyte sequence
Call stack:
  File "C:\Users\takuy\OneDrive\tdnet-excel-input\tools\sync_financials.py", line 538, in <module>
    main()
  File "C:\Users\takuy\OneDrive\tdnet-excel-input\tools\sync_financials.py", line 512, in main
    stats = sync(
  File "C:\Users\takuy\OneDrive\tdnet-excel-input\tools\sync_financials.py", line 348, in sync
    n = api.upsert_batch(table, chunk, on_conflict="ticker,period,quarter")
  File "C:\Users\takuy\OneDrive\tdnet-excel-input\tools\sync_financials.py", line 139, in upsert_batch
    self._request(
  File "C:\Users\takuy\OneDrive\tdnet-excel-input\tools\sync_financials.py", line 123, in _request
    logger.error(
Message: '[API] HTTP 0 \u2014 ���g���C�s��\n  ���X�|���X: {"code":"42501","details":null,"hint":null,"message":"new row violates row-level security policy for table \\"financials\\""}'
Arguments: ()
--- Logging error ---
Traceback (most recent call last):
  File "C:\Users\takuy\OneDrive\tdnet-excel-input\tools\sync_financials.py", line 348, in sync
    n = api.upsert_batch(table, chunk, on_conflict="ticker,period,quarter")
        ^^^^^^^^^^^^^^^^^^^^^^^^^^^^^^^^^^^^^^^^^^^^^^^^^^^^^^^^^^^^^^^^^^^
  File "C:\Users\takuy\OneDrive\tdnet-excel-input\tools\sync_financials.py", line 139, in upsert_batch
    self._request(
  File "C:\Users\takuy\OneDrive\tdnet-excel-input\tools\sync_financials.py", line 96, in _request
    r.raise_for_status()
  File "C:\Users\takuy\OneDrive\tdnet-excel-input\.venv\Lib\site-packages\requests\models.py", line 1026, in raise_for_status
    raise HTTPError(http_error_msg, response=self)
requests.exceptions.HTTPError: 401 Client Error: Unauthorized for url: https://fvkvfekzoebcolssnteo.supabase.co/rest/v1/financials?on_conflict=ticker%2Cperiod%2Cquarter

During handling of the above exception, another exception occurred:

Traceback (most recent call last):
  File "C:\Users\takuy\AppData\Roaming\uv\python\cpython-3.11-windows-x86_64-none\Lib\logging\__init__.py", line 1113, in emit
    stream.write(msg + self.terminator)
UnicodeEncodeError: 'cp932' codec can't encode character '\u2014' in position 71: illegal multibyte sequence
Call stack:
  File "C:\Users\takuy\OneDrive\tdnet-excel-input\tools\sync_financials.py", line 538, in <module>
    main()
  File "C:\Users\takuy\OneDrive\tdnet-excel-input\tools\sync_financials.py", line 512, in main
    stats = sync(
  File "C:\Users\takuy\OneDrive\tdnet-excel-input\tools\sync_financials.py", line 360, in sync
    logger.error(
Message: "  batch 86/145: FAILED \u2014 401 Client Error: Unauthorized for url: https://fvkvfekzoebcolssnteo.supabase.co/rest/v1/financials?on_conflict=ticker%2Cperiod%2Cquarter\n  (�擪�s: {'ticker': '65260', 'period': '2025-03-31', 'quarter': '1Q', 'sales': 52783000000, 'gross_profit': 29836000000, 'operating_profit': 10265000000, 'source': 'jquants', 'updated_at': '2026-03-09T17:53:52.606130+09:00'})"
Arguments: ()
--- Logging error ---
Traceback (most recent call last):
  File "C:\Users\takuy\OneDrive\tdnet-excel-input\tools\sync_financials.py", line 96, in _request
    r.raise_for_status()
  File "C:\Users\takuy\OneDrive\tdnet-excel-input\.venv\Lib\site-packages\requests\models.py", line 1026, in raise_for_status
    raise HTTPError(http_error_msg, response=self)
requests.exceptions.HTTPError: 401 Client Error: Unauthorized for url: https://fvkvfekzoebcolssnteo.supabase.co/rest/v1/financials?on_conflict=ticker%2Cperiod%2Cquarter

During handling of the above exception, another exception occurred:

Traceback (most recent call last):
  File "C:\Users\takuy\AppData\Roaming\uv\python\cpython-3.11-windows-x86_64-none\Lib\logging\__init__.py", line 1113, in emit
    stream.write(msg + self.terminator)
UnicodeEncodeError: 'cp932' codec can't encode character '\u2014' in position 61: illegal multibyte sequence
Call stack:
  File "C:\Users\takuy\OneDrive\tdnet-excel-input\tools\sync_financials.py", line 538, in <module>
    main()
  File "C:\Users\takuy\OneDrive\tdnet-excel-input\tools\sync_financials.py", line 512, in main
    stats = sync(
  File "C:\Users\takuy\OneDrive\tdnet-excel-input\tools\sync_financials.py", line 348, in sync
    n = api.upsert_batch(table, chunk, on_conflict="ticker,period,quarter")
  File "C:\Users\takuy\OneDrive\tdnet-excel-input\tools\sync_financials.py", line 139, in upsert_batch
    self._request(
  File "C:\Users\takuy\OneDrive\tdnet-excel-input\tools\sync_financials.py", line 123, in _request
    logger.error(
Message: '[API] HTTP 0 \u2014 ���g���C�s��\n  ���X�|���X: {"code":"42501","details":null,"hint":null,"message":"new row violates row-level security policy for table \\"financials\\""}'
Arguments: ()
--- Logging error ---
Traceback (most recent call last):
  File "C:\Users\takuy\OneDrive\tdnet-excel-input\tools\sync_financials.py", line 348, in sync
    n = api.upsert_batch(table, chunk, on_conflict="ticker,period,quarter")
        ^^^^^^^^^^^^^^^^^^^^^^^^^^^^^^^^^^^^^^^^^^^^^^^^^^^^^^^^^^^^^^^^^^^
  File "C:\Users\takuy\OneDrive\tdnet-excel-input\tools\sync_financials.py", line 139, in upsert_batch
    self._request(
  File "C:\Users\takuy\OneDrive\tdnet-excel-input\tools\sync_financials.py", line 96, in _request
    r.raise_for_status()
  File "C:\Users\takuy\OneDrive\tdnet-excel-input\.venv\Lib\site-packages\requests\models.py", line 1026, in raise_for_status
    raise HTTPError(http_error_msg, response=self)
requests.exceptions.HTTPError: 401 Client Error: Unauthorized for url: https://fvkvfekzoebcolssnteo.supabase.co/rest/v1/financials?on_conflict=ticker%2Cperiod%2Cquarter

During handling of the above exception, another exception occurred:

Traceback (most recent call last):
  File "C:\Users\takuy\AppData\Roaming\uv\python\cpython-3.11-windows-x86_64-none\Lib\logging\__init__.py", line 1113, in emit
    stream.write(msg + self.terminator)
UnicodeEncodeError: 'cp932' codec can't encode character '\u2014' in position 71: illegal multibyte sequence
Call stack:
  File "C:\Users\takuy\OneDrive\tdnet-excel-input\tools\sync_financials.py", line 538, in <module>
    main()
  File "C:\Users\takuy\OneDrive\tdnet-excel-input\tools\sync_financials.py", line 512, in main
    stats = sync(
  File "C:\Users\takuy\OneDrive\tdnet-excel-input\tools\sync_financials.py", line 360, in sync
    logger.error(
Message: "  batch 87/145: FAILED \u2014 401 Client Error: Unauthorized for url: https://fvkvfekzoebcolssnteo.supabase.co/rest/v1/financials?on_conflict=ticker%2Cperiod%2Cquarter\n  (�擪�s: {'ticker': '65640', 'period': '2024-03-31', 'quarter': '3Q', 'sales': 6895000000, 'gross_profit': 4185999000, 'operating_profit': 2451000000, 'source': 'jquants', 'updated_at': '2026-03-09T17:53:52.606130+09:00'})"
Arguments: ()
--- Logging error ---
Traceback (most recent call last):
  File "C:\Users\takuy\OneDrive\tdnet-excel-input\tools\sync_financials.py", line 96, in _request
    r.raise_for_status()
  File "C:\Users\takuy\OneDrive\tdnet-excel-input\.venv\Lib\site-packages\requests\models.py", line 1026, in raise_for_status
    raise HTTPError(http_error_msg, response=self)
requests.exceptions.HTTPError: 401 Client Error: Unauthorized for url: https://fvkvfekzoebcolssnteo.supabase.co/rest/v1/financials?on_conflict=ticker%2Cperiod%2Cquarter

During handling of the above exception, another exception occurred:

Traceback (most recent call last):
  File "C:\Users\takuy\AppData\Roaming\uv\python\cpython-3.11-windows-x86_64-none\Lib\logging\__init__.py", line 1113, in emit
    stream.write(msg + self.terminator)
UnicodeEncodeError: 'cp932' codec can't encode character '\u2014' in position 61: illegal multibyte sequence
Call stack:
  File "C:\Users\takuy\OneDrive\tdnet-excel-input\tools\sync_financials.py", line 538, in <module>
    main()
  File "C:\Users\takuy\OneDrive\tdnet-excel-input\tools\sync_financials.py", line 512, in main
    stats = sync(
  File "C:\Users\takuy\OneDrive\tdnet-excel-input\tools\sync_financials.py", line 348, in sync
    n = api.upsert_batch(table, chunk, on_conflict="ticker,period,quarter")
  File "C:\Users\takuy\OneDrive\tdnet-excel-input\tools\sync_financials.py", line 139, in upsert_batch
    self._request(
  File "C:\Users\takuy\OneDrive\tdnet-excel-input\tools\sync_financials.py", line 123, in _request
    logger.error(
Message: '[API] HTTP 0 \u2014 ���g���C�s��\n  ���X�|���X: {"code":"42501","details":null,"hint":null,"message":"new row violates row-level security policy for table \\"financials\\""}'
Arguments: ()
--- Logging error ---
Traceback (most recent call last):
  File "C:\Users\takuy\OneDrive\tdnet-excel-input\tools\sync_financials.py", line 348, in sync
    n = api.upsert_batch(table, chunk, on_conflict="ticker,period,quarter")
        ^^^^^^^^^^^^^^^^^^^^^^^^^^^^^^^^^^^^^^^^^^^^^^^^^^^^^^^^^^^^^^^^^^^
  File "C:\Users\takuy\OneDrive\tdnet-excel-input\tools\sync_financials.py", line 139, in upsert_batch
    self._request(
  File "C:\Users\takuy\OneDrive\tdnet-excel-input\tools\sync_financials.py", line 96, in _request
    r.raise_for_status()
  File "C:\Users\takuy\OneDrive\tdnet-excel-input\.venv\Lib\site-packages\requests\models.py", line 1026, in raise_for_status
    raise HTTPError(http_error_msg, response=self)
requests.exceptions.HTTPError: 401 Client Error: Unauthorized for url: https://fvkvfekzoebcolssnteo.supabase.co/rest/v1/financials?on_conflict=ticker%2Cperiod%2Cquarter

During handling of the above exception, another exception occurred:

Traceback (most recent call last):
  File "C:\Users\takuy\AppData\Roaming\uv\python\cpython-3.11-windows-x86_64-none\Lib\logging\__init__.py", line 1113, in emit
    stream.write(msg + self.terminator)
UnicodeEncodeError: 'cp932' codec can't encode character '\u2014' in position 71: illegal multibyte sequence
Call stack:
  File "C:\Users\takuy\OneDrive\tdnet-excel-input\tools\sync_financials.py", line 538, in <module>
    main()
  File "C:\Users\takuy\OneDrive\tdnet-excel-input\tools\sync_financials.py", line 512, in main
    stats = sync(
  File "C:\Users\takuy\OneDrive\tdnet-excel-input\tools\sync_financials.py", line 360, in sync
    logger.error(
Message: "  batch 88/145: FAILED \u2014 401 Client Error: Unauthorized for url: https://fvkvfekzoebcolssnteo.supabase.co/rest/v1/financials?on_conflict=ticker%2Cperiod%2Cquarter\n  (�擪�s: {'ticker': '66160', 'period': '2023-03-31', 'quarter': '3Q', 'sales': 25083000000, 'gross_profit': 8726202000, 'operating_profit': 4289000000, 'source': 'jquants', 'updated_at': '2026-03-09T17:53:52.606130+09:00'})"
Arguments: ()
--- Logging error ---
Traceback (most recent call last):
  File "C:\Users\takuy\OneDrive\tdnet-excel-input\tools\sync_financials.py", line 96, in _request
    r.raise_for_status()
  File "C:\Users\takuy\OneDrive\tdnet-excel-input\.venv\Lib\site-packages\requests\models.py", line 1026, in raise_for_status
    raise HTTPError(http_error_msg, response=self)
requests.exceptions.HTTPError: 401 Client Error: Unauthorized for url: https://fvkvfekzoebcolssnteo.supabase.co/rest/v1/financials?on_conflict=ticker%2Cperiod%2Cquarter

During handling of the above exception, another exception occurred:

Traceback (most recent call last):
  File "C:\Users\takuy\AppData\Roaming\uv\python\cpython-3.11-windows-x86_64-none\Lib\logging\__init__.py", line 1113, in emit
    stream.write(msg + self.terminator)
UnicodeEncodeError: 'cp932' codec can't encode character '\u2014' in position 61: illegal multibyte sequence
Call stack:
  File "C:\Users\takuy\OneDrive\tdnet-excel-input\tools\sync_financials.py", line 538, in <module>
    main()
  File "C:\Users\takuy\OneDrive\tdnet-excel-input\tools\sync_financials.py", line 512, in main
    stats = sync(
  File "C:\Users\takuy\OneDrive\tdnet-excel-input\tools\sync_financials.py", line 348, in sync
    n = api.upsert_batch(table, chunk, on_conflict="ticker,period,quarter")
  File "C:\Users\takuy\OneDrive\tdnet-excel-input\tools\sync_financials.py", line 139, in upsert_batch
    self._request(
  File "C:\Users\takuy\OneDrive\tdnet-excel-input\tools\sync_financials.py", line 123, in _request
    logger.error(
Message: '[API] HTTP 0 \u2014 ���g���C�s��\n  ���X�|���X: {"code":"42501","details":null,"hint":null,"message":"new row violates row-level security policy for table \\"financials\\""}'
Arguments: ()
--- Logging error ---
Traceback (most recent call last):
  File "C:\Users\takuy\OneDrive\tdnet-excel-input\tools\sync_financials.py", line 348, in sync
    n = api.upsert_batch(table, chunk, on_conflict="ticker,period,quarter")
        ^^^^^^^^^^^^^^^^^^^^^^^^^^^^^^^^^^^^^^^^^^^^^^^^^^^^^^^^^^^^^^^^^^^
  File "C:\Users\takuy\OneDrive\tdnet-excel-input\tools\sync_financials.py", line 139, in upsert_batch
    self._request(
  File "C:\Users\takuy\OneDrive\tdnet-excel-input\tools\sync_financials.py", line 96, in _request
    r.raise_for_status()
  File "C:\Users\takuy\OneDrive\tdnet-excel-input\.venv\Lib\site-packages\requests\models.py", line 1026, in raise_for_status
    raise HTTPError(http_error_msg, response=self)
requests.exceptions.HTTPError: 401 Client Error: Unauthorized for url: https://fvkvfekzoebcolssnteo.supabase.co/rest/v1/financials?on_conflict=ticker%2Cperiod%2Cquarter

During handling of the above exception, another exception occurred:

Traceback (most recent call last):
  File "C:\Users\takuy\AppData\Roaming\uv\python\cpython-3.11-windows-x86_64-none\Lib\logging\__init__.py", line 1113, in emit
    stream.write(msg + self.terminator)
UnicodeEncodeError: 'cp932' codec can't encode character '\u2014' in position 71: illegal multibyte sequence
Call stack:
  File "C:\Users\takuy\OneDrive\tdnet-excel-input\tools\sync_financials.py", line 538, in <module>
    main()
  File "C:\Users\takuy\OneDrive\tdnet-excel-input\tools\sync_financials.py", line 512, in main
    stats = sync(
  File "C:\Users\takuy\OneDrive\tdnet-excel-input\tools\sync_financials.py", line 360, in sync
    logger.error(
Message: "  batch 89/145: FAILED \u2014 401 Client Error: Unauthorized for url: https://fvkvfekzoebcolssnteo.supabase.co/rest/v1/financials?on_conflict=ticker%2Cperiod%2Cquarter\n  (�擪�s: {'ticker': '66560', 'period': '2022-04-30', 'quarter': '1Q', 'sales': 454000000, 'gross_profit': 192681000, 'operating_profit': 16000000, 'source': 'jquants', 'updated_at': '2026-03-09T17:53:52.606130+09:00'})"
Arguments: ()
--- Logging error ---
Traceback (most recent call last):
  File "C:\Users\takuy\OneDrive\tdnet-excel-input\tools\sync_financials.py", line 96, in _request
    r.raise_for_status()
  File "C:\Users\takuy\OneDrive\tdnet-excel-input\.venv\Lib\site-packages\requests\models.py", line 1026, in raise_for_status
    raise HTTPError(http_error_msg, response=self)
requests.exceptions.HTTPError: 401 Client Error: Unauthorized for url: https://fvkvfekzoebcolssnteo.supabase.co/rest/v1/financials?on_conflict=ticker%2Cperiod%2Cquarter

During handling of the above exception, another exception occurred:

Traceback (most recent call last):
  File "C:\Users\takuy\AppData\Roaming\uv\python\cpython-3.11-windows-x86_64-none\Lib\logging\__init__.py", line 1113, in emit
    stream.write(msg + self.terminator)
UnicodeEncodeError: 'cp932' codec can't encode character '\u2014' in position 61: illegal multibyte sequence
Call stack:
  File "C:\Users\takuy\OneDrive\tdnet-excel-input\tools\sync_financials.py", line 538, in <module>
    main()
  File "C:\Users\takuy\OneDrive\tdnet-excel-input\tools\sync_financials.py", line 512, in main
    stats = sync(
  File "C:\Users\takuy\OneDrive\tdnet-excel-input\tools\sync_financials.py", line 348, in sync
    n = api.upsert_batch(table, chunk, on_conflict="ticker,period,quarter")
  File "C:\Users\takuy\OneDrive\tdnet-excel-input\tools\sync_financials.py", line 139, in upsert_batch
    self._request(
  File "C:\Users\takuy\OneDrive\tdnet-excel-input\tools\sync_financials.py", line 123, in _request
    logger.error(
Message: '[API] HTTP 0 \u2014 ���g���C�s��\n  ���X�|���X: {"code":"42501","details":null,"hint":null,"message":"new row violates row-level security policy for table \\"financials\\""}'
Arguments: ()
--- Logging error ---
Traceback (most recent call last):
  File "C:\Users\takuy\OneDrive\tdnet-excel-input\tools\sync_financials.py", line 348, in sync
    n = api.upsert_batch(table, chunk, on_conflict="ticker,period,quarter")
        ^^^^^^^^^^^^^^^^^^^^^^^^^^^^^^^^^^^^^^^^^^^^^^^^^^^^^^^^^^^^^^^^^^^
  File "C:\Users\takuy\OneDrive\tdnet-excel-input\tools\sync_financials.py", line 139, in upsert_batch
    self._request(
  File "C:\Users\takuy\OneDrive\tdnet-excel-input\tools\sync_financials.py", line 96, in _request
    r.raise_for_status()
  File "C:\Users\takuy\OneDrive\tdnet-excel-input\.venv\Lib\site-packages\requests\models.py", line 1026, in raise_for_status
    raise HTTPError(http_error_msg, response=self)
requests.exceptions.HTTPError: 401 Client Error: Unauthorized for url: https://fvkvfekzoebcolssnteo.supabase.co/rest/v1/financials?on_conflict=ticker%2Cperiod%2Cquarter

During handling of the above exception, another exception occurred:

Traceback (most recent call last):
  File "C:\Users\takuy\AppData\Roaming\uv\python\cpython-3.11-windows-x86_64-none\Lib\logging\__init__.py", line 1113, in emit
    stream.write(msg + self.terminator)
UnicodeEncodeError: 'cp932' codec can't encode character '\u2014' in position 71: illegal multibyte sequence
Call stack:
  File "C:\Users\takuy\OneDrive\tdnet-excel-input\tools\sync_financials.py", line 538, in <module>
    main()
  File "C:\Users\takuy\OneDrive\tdnet-excel-input\tools\sync_financials.py", line 512, in main
    stats = sync(
  File "C:\Users\takuy\OneDrive\tdnet-excel-input\tools\sync_financials.py", line 360, in sync
    logger.error(
Message: "  batch 90/145: FAILED \u2014 401 Client Error: Unauthorized for url: https://fvkvfekzoebcolssnteo.supabase.co/rest/v1/financials?on_conflict=ticker%2Cperiod%2Cquarter\n  (�擪�s: {'ticker': '67230', 'period': '2025-12-31', 'quarter': 'FY', 'sales': 1321212000000, 'gross_profit': 753792000000, 'operating_profit': 201166000000, 'source': 'jquants', 'updated_at': '2026-03-09T17:53:52.606130+09:00'})"
Arguments: ()
--- Logging error ---
Traceback (most recent call last):
  File "C:\Users\takuy\OneDrive\tdnet-excel-input\tools\sync_financials.py", line 96, in _request
    r.raise_for_status()
  File "C:\Users\takuy\OneDrive\tdnet-excel-input\.venv\Lib\site-packages\requests\models.py", line 1026, in raise_for_status
    raise HTTPError(http_error_msg, response=self)
requests.exceptions.HTTPError: 401 Client Error: Unauthorized for url: https://fvkvfekzoebcolssnteo.supabase.co/rest/v1/financials?on_conflict=ticker%2Cperiod%2Cquarter

During handling of the above exception, another exception occurred:

Traceback (most recent call last):
  File "C:\Users\takuy\AppData\Roaming\uv\python\cpython-3.11-windows-x86_64-none\Lib\logging\__init__.py", line 1113, in emit
    stream.write(msg + self.terminator)
UnicodeEncodeError: 'cp932' codec can't encode character '\u2014' in position 61: illegal multibyte sequence
Call stack:
  File "C:\Users\takuy\OneDrive\tdnet-excel-input\tools\sync_financials.py", line 538, in <module>
    main()
  File "C:\Users\takuy\OneDrive\tdnet-excel-input\tools\sync_financials.py", line 512, in main
    stats = sync(
  File "C:\Users\takuy\OneDrive\tdnet-excel-input\tools\sync_financials.py", line 348, in sync
    n = api.upsert_batch(table, chunk, on_conflict="ticker,period,quarter")
  File "C:\Users\takuy\OneDrive\tdnet-excel-input\tools\sync_financials.py", line 139, in upsert_batch
    self._request(
  File "C:\Users\takuy\OneDrive\tdnet-excel-input\tools\sync_financials.py", line 123, in _request
    logger.error(
Message: '[API] HTTP 0 \u2014 ���g���C�s��\n  ���X�|���X: {"code":"42501","details":null,"hint":null,"message":"new row violates row-level security policy for table \\"financials\\""}'
Arguments: ()
--- Logging error ---
Traceback (most recent call last):
  File "C:\Users\takuy\OneDrive\tdnet-excel-input\tools\sync_financials.py", line 348, in sync
    n = api.upsert_batch(table, chunk, on_conflict="ticker,period,quarter")
        ^^^^^^^^^^^^^^^^^^^^^^^^^^^^^^^^^^^^^^^^^^^^^^^^^^^^^^^^^^^^^^^^^^^
  File "C:\Users\takuy\OneDrive\tdnet-excel-input\tools\sync_financials.py", line 139, in upsert_batch
    self._request(
  File "C:\Users\takuy\OneDrive\tdnet-excel-input\tools\sync_financials.py", line 96, in _request
    r.raise_for_status()
  File "C:\Users\takuy\OneDrive\tdnet-excel-input\.venv\Lib\site-packages\requests\models.py", line 1026, in raise_for_status
    raise HTTPError(http_error_msg, response=self)
requests.exceptions.HTTPError: 401 Client Error: Unauthorized for url: https://fvkvfekzoebcolssnteo.supabase.co/rest/v1/financials?on_conflict=ticker%2Cperiod%2Cquarter

During handling of the above exception, another exception occurred:

Traceback (most recent call last):
  File "C:\Users\takuy\AppData\Roaming\uv\python\cpython-3.11-windows-x86_64-none\Lib\logging\__init__.py", line 1113, in emit
    stream.write(msg + self.terminator)
UnicodeEncodeError: 'cp932' codec can't encode character '\u2014' in position 71: illegal multibyte sequence
Call stack:
  File "C:\Users\takuy\OneDrive\tdnet-excel-input\tools\sync_financials.py", line 538, in <module>
    main()
  File "C:\Users\takuy\OneDrive\tdnet-excel-input\tools\sync_financials.py", line 512, in main
    stats = sync(
  File "C:\Users\takuy\OneDrive\tdnet-excel-input\tools\sync_financials.py", line 360, in sync
    logger.error(
Message: "  batch 91/145: FAILED \u2014 401 Client Error: Unauthorized for url: https://fvkvfekzoebcolssnteo.supabase.co/rest/v1/financials?on_conflict=ticker%2Cperiod%2Cquarter\n  (�擪�s: {'ticker': '67690', 'period': '2022-12-31', 'quarter': 'FY', 'sales': 5456000000, 'gross_profit': 2987865000, 'operating_profit': 601000000, 'source': 'jquants', 'updated_at': '2026-03-09T17:53:52.606130+09:00'})"
Arguments: ()
--- Logging error ---
Traceback (most recent call last):
  File "C:\Users\takuy\OneDrive\tdnet-excel-input\tools\sync_financials.py", line 96, in _request
    r.raise_for_status()
  File "C:\Users\takuy\OneDrive\tdnet-excel-input\.venv\Lib\site-packages\requests\models.py", line 1026, in raise_for_status
    raise HTTPError(http_error_msg, response=self)
requests.exceptions.HTTPError: 401 Client Error: Unauthorized for url: https://fvkvfekzoebcolssnteo.supabase.co/rest/v1/financials?on_conflict=ticker%2Cperiod%2Cquarter

During handling of the above exception, another exception occurred:

Traceback (most recent call last):
  File "C:\Users\takuy\AppData\Roaming\uv\python\cpython-3.11-windows-x86_64-none\Lib\logging\__init__.py", line 1113, in emit
    stream.write(msg + self.terminator)
UnicodeEncodeError: 'cp932' codec can't encode character '\u2014' in position 61: illegal multibyte sequence
Call stack:
  File "C:\Users\takuy\OneDrive\tdnet-excel-input\tools\sync_financials.py", line 538, in <module>
    main()
  File "C:\Users\takuy\OneDrive\tdnet-excel-input\tools\sync_financials.py", line 512, in main
    stats = sync(
  File "C:\Users\takuy\OneDrive\tdnet-excel-input\tools\sync_financials.py", line 348, in sync
    n = api.upsert_batch(table, chunk, on_conflict="ticker,period,quarter")
  File "C:\Users\takuy\OneDrive\tdnet-excel-input\tools\sync_financials.py", line 139, in upsert_batch
    self._request(
  File "C:\Users\takuy\OneDrive\tdnet-excel-input\tools\sync_financials.py", line 123, in _request
    logger.error(
Message: '[API] HTTP 0 \u2014 ���g���C�s��\n  ���X�|���X: {"code":"42501","details":null,"hint":null,"message":"new row violates row-level security policy for table \\"financials\\""}'
Arguments: ()
--- Logging error ---
Traceback (most recent call last):
  File "C:\Users\takuy\OneDrive\tdnet-excel-input\tools\sync_financials.py", line 348, in sync
    n = api.upsert_batch(table, chunk, on_conflict="ticker,period,quarter")
        ^^^^^^^^^^^^^^^^^^^^^^^^^^^^^^^^^^^^^^^^^^^^^^^^^^^^^^^^^^^^^^^^^^^
  File "C:\Users\takuy\OneDrive\tdnet-excel-input\tools\sync_financials.py", line 139, in upsert_batch
    self._request(
  File "C:\Users\takuy\OneDrive\tdnet-excel-input\tools\sync_financials.py", line 96, in _request
    r.raise_for_status()
  File "C:\Users\takuy\OneDrive\tdnet-excel-input\.venv\Lib\site-packages\requests\models.py", line 1026, in raise_for_status
    raise HTTPError(http_error_msg, response=self)
requests.exceptions.HTTPError: 401 Client Error: Unauthorized for url: https://fvkvfekzoebcolssnteo.supabase.co/rest/v1/financials?on_conflict=ticker%2Cperiod%2Cquarter

During handling of the above exception, another exception occurred:

Traceback (most recent call last):
  File "C:\Users\takuy\AppData\Roaming\uv\python\cpython-3.11-windows-x86_64-none\Lib\logging\__init__.py", line 1113, in emit
    stream.write(msg + self.terminator)
UnicodeEncodeError: 'cp932' codec can't encode character '\u2014' in position 71: illegal multibyte sequence
Call stack:
  File "C:\Users\takuy\OneDrive\tdnet-excel-input\tools\sync_financials.py", line 538, in <module>
    main()
  File "C:\Users\takuy\OneDrive\tdnet-excel-input\tools\sync_financials.py", line 512, in main
    stats = sync(
  File "C:\Users\takuy\OneDrive\tdnet-excel-input\tools\sync_financials.py", line 360, in sync
    logger.error(
Message: "  batch 92/145: FAILED \u2014 401 Client Error: Unauthorized for url: https://fvkvfekzoebcolssnteo.supabase.co/rest/v1/financials?on_conflict=ticker%2Cperiod%2Cquarter\n  (�擪�s: {'ticker': '68190', 'period': '2022-03-31', 'quarter': '3Q', 'sales': 1734000000, 'gross_profit': 1316723000, 'operating_profit': 182000000, 'source': 'jquants', 'updated_at': '2026-03-09T17:53:52.606130+09:00'})"
Arguments: ()
--- Logging error ---
Traceback (most recent call last):
  File "C:\Users\takuy\OneDrive\tdnet-excel-input\tools\sync_financials.py", line 96, in _request
    r.raise_for_status()
  File "C:\Users\takuy\OneDrive\tdnet-excel-input\.venv\Lib\site-packages\requests\models.py", line 1026, in raise_for_status
    raise HTTPError(http_error_msg, response=self)
requests.exceptions.HTTPError: 401 Client Error: Unauthorized for url: https://fvkvfekzoebcolssnteo.supabase.co/rest/v1/financials?on_conflict=ticker%2Cperiod%2Cquarter

During handling of the above exception, another exception occurred:

Traceback (most recent call last):
  File "C:\Users\takuy\AppData\Roaming\uv\python\cpython-3.11-windows-x86_64-none\Lib\logging\__init__.py", line 1113, in emit
    stream.write(msg + self.terminator)
UnicodeEncodeError: 'cp932' codec can't encode character '\u2014' in position 61: illegal multibyte sequence
Call stack:
  File "C:\Users\takuy\OneDrive\tdnet-excel-input\tools\sync_financials.py", line 538, in <module>
    main()
  File "C:\Users\takuy\OneDrive\tdnet-excel-input\tools\sync_financials.py", line 512, in main
    stats = sync(
  File "C:\Users\takuy\OneDrive\tdnet-excel-input\tools\sync_financials.py", line 348, in sync
    n = api.upsert_batch(table, chunk, on_conflict="ticker,period,quarter")
  File "C:\Users\takuy\OneDrive\tdnet-excel-input\tools\sync_financials.py", line 139, in upsert_batch
    self._request(
  File "C:\Users\takuy\OneDrive\tdnet-excel-input\tools\sync_financials.py", line 123, in _request
    logger.error(
Message: '[API] HTTP 0 \u2014 ���g���C�s��\n  ���X�|���X: {"code":"42501","details":null,"hint":null,"message":"new row violates row-level security policy for table \\"financials\\""}'
Arguments: ()
--- Logging error ---
Traceback (most recent call last):
  File "C:\Users\takuy\OneDrive\tdnet-excel-input\tools\sync_financials.py", line 348, in sync
    n = api.upsert_batch(table, chunk, on_conflict="ticker,period,quarter")
        ^^^^^^^^^^^^^^^^^^^^^^^^^^^^^^^^^^^^^^^^^^^^^^^^^^^^^^^^^^^^^^^^^^^
  File "C:\Users\takuy\OneDrive\tdnet-excel-input\tools\sync_financials.py", line 139, in upsert_batch
    self._request(
  File "C:\Users\takuy\OneDrive\tdnet-excel-input\tools\sync_financials.py", line 96, in _request
    r.raise_for_status()
  File "C:\Users\takuy\OneDrive\tdnet-excel-input\.venv\Lib\site-packages\requests\models.py", line 1026, in raise_for_status
    raise HTTPError(http_error_msg, response=self)
requests.exceptions.HTTPError: 401 Client Error: Unauthorized for url: https://fvkvfekzoebcolssnteo.supabase.co/rest/v1/financials?on_conflict=ticker%2Cperiod%2Cquarter

During handling of the above exception, another exception occurred:

Traceback (most recent call last):
  File "C:\Users\takuy\AppData\Roaming\uv\python\cpython-3.11-windows-x86_64-none\Lib\logging\__init__.py", line 1113, in emit
    stream.write(msg + self.terminator)
UnicodeEncodeError: 'cp932' codec can't encode character '\u2014' in position 71: illegal multibyte sequence
Call stack:
  File "C:\Users\takuy\OneDrive\tdnet-excel-input\tools\sync_financials.py", line 538, in <module>
    main()
  File "C:\Users\takuy\OneDrive\tdnet-excel-input\tools\sync_financials.py", line 512, in main
    stats = sync(
  File "C:\Users\takuy\OneDrive\tdnet-excel-input\tools\sync_financials.py", line 360, in sync
    logger.error(
Message: "  batch 93/145: FAILED \u2014 401 Client Error: Unauthorized for url: https://fvkvfekzoebcolssnteo.supabase.co/rest/v1/financials?on_conflict=ticker%2Cperiod%2Cquarter\n  (�擪�s: {'ticker': '68610', 'period': '2026-03-20', 'quarter': '2Q', 'sales': 545300000000, 'gross_profit': 450878000000, 'operating_profit': 272179000000, 'source': 'jquants', 'updated_at': '2026-03-09T17:53:52.606130+09:00'})"
Arguments: ()
--- Logging error ---
Traceback (most recent call last):
  File "C:\Users\takuy\OneDrive\tdnet-excel-input\tools\sync_financials.py", line 96, in _request
    r.raise_for_status()
  File "C:\Users\takuy\OneDrive\tdnet-excel-input\.venv\Lib\site-packages\requests\models.py", line 1026, in raise_for_status
    raise HTTPError(http_error_msg, response=self)
requests.exceptions.HTTPError: 401 Client Error: Unauthorized for url: https://fvkvfekzoebcolssnteo.supabase.co/rest/v1/financials?on_conflict=ticker%2Cperiod%2Cquarter

During handling of the above exception, another exception occurred:

Traceback (most recent call last):
  File "C:\Users\takuy\AppData\Roaming\uv\python\cpython-3.11-windows-x86_64-none\Lib\logging\__init__.py", line 1113, in emit
    stream.write(msg + self.terminator)
UnicodeEncodeError: 'cp932' codec can't encode character '\u2014' in position 61: illegal multibyte sequence
Call stack:
  File "C:\Users\takuy\OneDrive\tdnet-excel-input\tools\sync_financials.py", line 538, in <module>
    main()
  File "C:\Users\takuy\OneDrive\tdnet-excel-input\tools\sync_financials.py", line 512, in main
    stats = sync(
  File "C:\Users\takuy\OneDrive\tdnet-excel-input\tools\sync_financials.py", line 348, in sync
    n = api.upsert_batch(table, chunk, on_conflict="ticker,period,quarter")
  File "C:\Users\takuy\OneDrive\tdnet-excel-input\tools\sync_financials.py", line 139, in upsert_batch
    self._request(
  File "C:\Users\takuy\OneDrive\tdnet-excel-input\tools\sync_financials.py", line 123, in _request
    logger.error(
Message: '[API] HTTP 0 \u2014 ���g���C�s��\n  ���X�|���X: {"code":"42501","details":null,"hint":null,"message":"new row violates row-level security policy for table \\"financials\\""}'
Arguments: ()
--- Logging error ---
Traceback (most recent call last):
  File "C:\Users\takuy\OneDrive\tdnet-excel-input\tools\sync_financials.py", line 348, in sync
    n = api.upsert_batch(table, chunk, on_conflict="ticker,period,quarter")
        ^^^^^^^^^^^^^^^^^^^^^^^^^^^^^^^^^^^^^^^^^^^^^^^^^^^^^^^^^^^^^^^^^^^
  File "C:\Users\takuy\OneDrive\tdnet-excel-input\tools\sync_financials.py", line 139, in upsert_batch
    self._request(
  File "C:\Users\takuy\OneDrive\tdnet-excel-input\tools\sync_financials.py", line 96, in _request
    r.raise_for_status()
  File "C:\Users\takuy\OneDrive\tdnet-excel-input\.venv\Lib\site-packages\requests\models.py", line 1026, in raise_for_status
    raise HTTPError(http_error_msg, response=self)
requests.exceptions.HTTPError: 401 Client Error: Unauthorized for url: https://fvkvfekzoebcolssnteo.supabase.co/rest/v1/financials?on_conflict=ticker%2Cperiod%2Cquarter

During handling of the above exception, another exception occurred:

Traceback (most recent call last):
  File "C:\Users\takuy\AppData\Roaming\uv\python\cpython-3.11-windows-x86_64-none\Lib\logging\__init__.py", line 1113, in emit
    stream.write(msg + self.terminator)
UnicodeEncodeError: 'cp932' codec can't encode character '\u2014' in position 71: illegal multibyte sequence
Call stack:
  File "C:\Users\takuy\OneDrive\tdnet-excel-input\tools\sync_financials.py", line 538, in <module>
    main()
  File "C:\Users\takuy\OneDrive\tdnet-excel-input\tools\sync_financials.py", line 512, in main
    stats = sync(
  File "C:\Users\takuy\OneDrive\tdnet-excel-input\tools\sync_financials.py", line 360, in sync
    logger.error(
Message: "  batch 94/145: FAILED \u2014 401 Client Error: Unauthorized for url: https://fvkvfekzoebcolssnteo.supabase.co/rest/v1/financials?on_conflict=ticker%2Cperiod%2Cquarter\n  (�擪�s: {'ticker': '69120', 'period': '2025-03-31', 'quarter': '1Q', 'sales': 2693000000, 'gross_profit': 1448818000, 'operating_profit': 310000000, 'source': 'jquants', 'updated_at': '2026-03-09T17:53:52.606130+09:00'})"
Arguments: ()
--- Logging error ---
Traceback (most recent call last):
  File "C:\Users\takuy\OneDrive\tdnet-excel-input\tools\sync_financials.py", line 96, in _request
    r.raise_for_status()
  File "C:\Users\takuy\OneDrive\tdnet-excel-input\.venv\Lib\site-packages\requests\models.py", line 1026, in raise_for_status
    raise HTTPError(http_error_msg, response=self)
requests.exceptions.HTTPError: 401 Client Error: Unauthorized for url: https://fvkvfekzoebcolssnteo.supabase.co/rest/v1/financials?on_conflict=ticker%2Cperiod%2Cquarter

During handling of the above exception, another exception occurred:

Traceback (most recent call last):
  File "C:\Users\takuy\AppData\Roaming\uv\python\cpython-3.11-windows-x86_64-none\Lib\logging\__init__.py", line 1113, in emit
    stream.write(msg + self.terminator)
UnicodeEncodeError: 'cp932' codec can't encode character '\u2014' in position 61: illegal multibyte sequence
Call stack:
  File "C:\Users\takuy\OneDrive\tdnet-excel-input\tools\sync_financials.py", line 538, in <module>
    main()
  File "C:\Users\takuy\OneDrive\tdnet-excel-input\tools\sync_financials.py", line 512, in main
    stats = sync(
  File "C:\Users\takuy\OneDrive\tdnet-excel-input\tools\sync_financials.py", line 348, in sync
    n = api.upsert_batch(table, chunk, on_conflict="ticker,period,quarter")
  File "C:\Users\takuy\OneDrive\tdnet-excel-input\tools\sync_financials.py", line 139, in upsert_batch
    self._request(
  File "C:\Users\takuy\OneDrive\tdnet-excel-input\tools\sync_financials.py", line 123, in _request
    logger.error(
Message: '[API] HTTP 0 \u2014 ���g���C�s��\n  ���X�|���X: {"code":"42501","details":null,"hint":null,"message":"new row violates row-level security policy for table \\"financials\\""}'
Arguments: ()
--- Logging error ---
Traceback (most recent call last):
  File "C:\Users\takuy\OneDrive\tdnet-excel-input\tools\sync_financials.py", line 348, in sync
    n = api.upsert_batch(table, chunk, on_conflict="ticker,period,quarter")
        ^^^^^^^^^^^^^^^^^^^^^^^^^^^^^^^^^^^^^^^^^^^^^^^^^^^^^^^^^^^^^^^^^^^
  File "C:\Users\takuy\OneDrive\tdnet-excel-input\tools\sync_financials.py", line 139, in upsert_batch
    self._request(
  File "C:\Users\takuy\OneDrive\tdnet-excel-input\tools\sync_financials.py", line 96, in _request
    r.raise_for_status()
  File "C:\Users\takuy\OneDrive\tdnet-excel-input\.venv\Lib\site-packages\requests\models.py", line 1026, in raise_for_status
    raise HTTPError(http_error_msg, response=self)
requests.exceptions.HTTPError: 401 Client Error: Unauthorized for url: https://fvkvfekzoebcolssnteo.supabase.co/rest/v1/financials?on_conflict=ticker%2Cperiod%2Cquarter

During handling of the above exception, another exception occurred:

Traceback (most recent call last):
  File "C:\Users\takuy\AppData\Roaming\uv\python\cpython-3.11-windows-x86_64-none\Lib\logging\__init__.py", line 1113, in emit
    stream.write(msg + self.terminator)
UnicodeEncodeError: 'cp932' codec can't encode character '\u2014' in position 71: illegal multibyte sequence
Call stack:
  File "C:\Users\takuy\OneDrive\tdnet-excel-input\tools\sync_financials.py", line 538, in <module>
    main()
  File "C:\Users\takuy\OneDrive\tdnet-excel-input\tools\sync_financials.py", line 512, in main
    stats = sync(
  File "C:\Users\takuy\OneDrive\tdnet-excel-input\tools\sync_financials.py", line 360, in sync
    logger.error(
Message: "  batch 95/145: FAILED \u2014 401 Client Error: Unauthorized for url: https://fvkvfekzoebcolssnteo.supabase.co/rest/v1/financials?on_conflict=ticker%2Cperiod%2Cquarter\n  (�擪�s: {'ticker': '69620', 'period': '2024-03-31', 'quarter': '2Q', 'sales': 19332000000, 'gross_profit': 4634018000, 'operating_profit': 901000000, 'source': 'jquants', 'updated_at': '2026-03-09T17:53:52.606130+09:00'})"
Arguments: ()
--- Logging error ---
Traceback (most recent call last):
  File "C:\Users\takuy\OneDrive\tdnet-excel-input\tools\sync_financials.py", line 96, in _request
    r.raise_for_status()
  File "C:\Users\takuy\OneDrive\tdnet-excel-input\.venv\Lib\site-packages\requests\models.py", line 1026, in raise_for_status
    raise HTTPError(http_error_msg, response=self)
requests.exceptions.HTTPError: 401 Client Error: Unauthorized for url: https://fvkvfekzoebcolssnteo.supabase.co/rest/v1/financials?on_conflict=ticker%2Cperiod%2Cquarter

During handling of the above exception, another exception occurred:

Traceback (most recent call last):
  File "C:\Users\takuy\AppData\Roaming\uv\python\cpython-3.11-windows-x86_64-none\Lib\logging\__init__.py", line 1113, in emit
    stream.write(msg + self.terminator)
UnicodeEncodeError: 'cp932' codec can't encode character '\u2014' in position 61: illegal multibyte sequence
Call stack:
  File "C:\Users\takuy\OneDrive\tdnet-excel-input\tools\sync_financials.py", line 538, in <module>
    main()
  File "C:\Users\takuy\OneDrive\tdnet-excel-input\tools\sync_financials.py", line 512, in main
    stats = sync(
  File "C:\Users\takuy\OneDrive\tdnet-excel-input\tools\sync_financials.py", line 348, in sync
    n = api.upsert_batch(table, chunk, on_conflict="ticker,period,quarter")
  File "C:\Users\takuy\OneDrive\tdnet-excel-input\tools\sync_financials.py", line 139, in upsert_batch
    self._request(
  File "C:\Users\takuy\OneDrive\tdnet-excel-input\tools\sync_financials.py", line 123, in _request
    logger.error(
Message: '[API] HTTP 0 \u2014 ���g���C�s��\n  ���X�|���X: {"code":"42501","details":null,"hint":null,"message":"new row violates row-level security policy for table \\"financials\\""}'
Arguments: ()
--- Logging error ---
Traceback (most recent call last):
  File "C:\Users\takuy\OneDrive\tdnet-excel-input\tools\sync_financials.py", line 348, in sync
    n = api.upsert_batch(table, chunk, on_conflict="ticker,period,quarter")
        ^^^^^^^^^^^^^^^^^^^^^^^^^^^^^^^^^^^^^^^^^^^^^^^^^^^^^^^^^^^^^^^^^^^
  File "C:\Users\takuy\OneDrive\tdnet-excel-input\tools\sync_financials.py", line 139, in upsert_batch
    self._request(
  File "C:\Users\takuy\OneDrive\tdnet-excel-input\tools\sync_financials.py", line 96, in _request
    r.raise_for_status()
  File "C:\Users\takuy\OneDrive\tdnet-excel-input\.venv\Lib\site-packages\requests\models.py", line 1026, in raise_for_status
    raise HTTPError(http_error_msg, response=self)
requests.exceptions.HTTPError: 401 Client Error: Unauthorized for url: https://fvkvfekzoebcolssnteo.supabase.co/rest/v1/financials?on_conflict=ticker%2Cperiod%2Cquarter

During handling of the above exception, another exception occurred:

Traceback (most recent call last):
  File "C:\Users\takuy\AppData\Roaming\uv\python\cpython-3.11-windows-x86_64-none\Lib\logging\__init__.py", line 1113, in emit
    stream.write(msg + self.terminator)
UnicodeEncodeError: 'cp932' codec can't encode character '\u2014' in position 71: illegal multibyte sequence
Call stack:
  File "C:\Users\takuy\OneDrive\tdnet-excel-input\tools\sync_financials.py", line 538, in <module>
    main()
  File "C:\Users\takuy\OneDrive\tdnet-excel-input\tools\sync_financials.py", line 512, in main
    stats = sync(
  File "C:\Users\takuy\OneDrive\tdnet-excel-input\tools\sync_financials.py", line 360, in sync
    logger.error(
Message: "  batch 96/145: FAILED \u2014 401 Client Error: Unauthorized for url: https://fvkvfekzoebcolssnteo.supabase.co/rest/v1/financials?on_conflict=ticker%2Cperiod%2Cquarter\n  (�擪�s: {'ticker': '70130', 'period': '2024-03-31', 'quarter': '1Q', 'sales': 298457000000, 'gross_profit': 58238000000, 'operating_profit': 8929000000, 'source': 'jquants', 'updated_at': '2026-03-09T17:53:52.606130+09:00'})"
Arguments: ()
--- Logging error ---
Traceback (most recent call last):
  File "C:\Users\takuy\OneDrive\tdnet-excel-input\tools\sync_financials.py", line 96, in _request
    r.raise_for_status()
  File "C:\Users\takuy\OneDrive\tdnet-excel-input\.venv\Lib\site-packages\requests\models.py", line 1026, in raise_for_status
    raise HTTPError(http_error_msg, response=self)
requests.exceptions.HTTPError: 401 Client Error: Unauthorized for url: https://fvkvfekzoebcolssnteo.supabase.co/rest/v1/financials?on_conflict=ticker%2Cperiod%2Cquarter

During handling of the above exception, another exception occurred:

Traceback (most recent call last):
  File "C:\Users\takuy\AppData\Roaming\uv\python\cpython-3.11-windows-x86_64-none\Lib\logging\__init__.py", line 1113, in emit
    stream.write(msg + self.terminator)
UnicodeEncodeError: 'cp932' codec can't encode character '\u2014' in position 61: illegal multibyte sequence
Call stack:
  File "C:\Users\takuy\OneDrive\tdnet-excel-input\tools\sync_financials.py", line 538, in <module>
    main()
  File "C:\Users\takuy\OneDrive\tdnet-excel-input\tools\sync_financials.py", line 512, in main
    stats = sync(
  File "C:\Users\takuy\OneDrive\tdnet-excel-input\tools\sync_financials.py", line 348, in sync
    n = api.upsert_batch(table, chunk, on_conflict="ticker,period,quarter")
  File "C:\Users\takuy\OneDrive\tdnet-excel-input\tools\sync_financials.py", line 139, in upsert_batch
    self._request(
  File "C:\Users\takuy\OneDrive\tdnet-excel-input\tools\sync_financials.py", line 123, in _request
    logger.error(
Message: '[API] HTTP 0 \u2014 ���g���C�s��\n  ���X�|���X: {"code":"42501","details":null,"hint":null,"message":"new row violates row-level security policy for table \\"financials\\""}'
Arguments: ()
--- Logging error ---
Traceback (most recent call last):
  File "C:\Users\takuy\OneDrive\tdnet-excel-input\tools\sync_financials.py", line 348, in sync
    n = api.upsert_batch(table, chunk, on_conflict="ticker,period,quarter")
        ^^^^^^^^^^^^^^^^^^^^^^^^^^^^^^^^^^^^^^^^^^^^^^^^^^^^^^^^^^^^^^^^^^^
  File "C:\Users\takuy\OneDrive\tdnet-excel-input\tools\sync_financials.py", line 139, in upsert_batch
    self._request(
  File "C:\Users\takuy\OneDrive\tdnet-excel-input\tools\sync_financials.py", line 96, in _request
    r.raise_for_status()
  File "C:\Users\takuy\OneDrive\tdnet-excel-input\.venv\Lib\site-packages\requests\models.py", line 1026, in raise_for_status
    raise HTTPError(http_error_msg, response=self)
requests.exceptions.HTTPError: 401 Client Error: Unauthorized for url: https://fvkvfekzoebcolssnteo.supabase.co/rest/v1/financials?on_conflict=ticker%2Cperiod%2Cquarter

During handling of the above exception, another exception occurred:

Traceback (most recent call last):
  File "C:\Users\takuy\AppData\Roaming\uv\python\cpython-3.11-windows-x86_64-none\Lib\logging\__init__.py", line 1113, in emit
    stream.write(msg + self.terminator)
UnicodeEncodeError: 'cp932' codec can't encode character '\u2014' in position 71: illegal multibyte sequence
Call stack:
  File "C:\Users\takuy\OneDrive\tdnet-excel-input\tools\sync_financials.py", line 538, in <module>
    main()
  File "C:\Users\takuy\OneDrive\tdnet-excel-input\tools\sync_financials.py", line 512, in main
    stats = sync(
  File "C:\Users\takuy\OneDrive\tdnet-excel-input\tools\sync_financials.py", line 360, in sync
    logger.error(
Message: "  batch 97/145: FAILED \u2014 401 Client Error: Unauthorized for url: https://fvkvfekzoebcolssnteo.supabase.co/rest/v1/financials?on_conflict=ticker%2Cperiod%2Cquarter\n  (�擪�s: {'ticker': '70580', 'period': '2023-03-31', 'quarter': 'FY', 'sales': 8017000000, 'gross_profit': 1905111000, 'operating_profit': 489000000, 'source': 'jquants', 'updated_at': '2026-03-09T17:53:52.606130+09:00'})"
Arguments: ()
--- Logging error ---
Traceback (most recent call last):
  File "C:\Users\takuy\OneDrive\tdnet-excel-input\tools\sync_financials.py", line 96, in _request
    r.raise_for_status()
  File "C:\Users\takuy\OneDrive\tdnet-excel-input\.venv\Lib\site-packages\requests\models.py", line 1026, in raise_for_status
    raise HTTPError(http_error_msg, response=self)
requests.exceptions.HTTPError: 401 Client Error: Unauthorized for url: https://fvkvfekzoebcolssnteo.supabase.co/rest/v1/financials?on_conflict=ticker%2Cperiod%2Cquarter

During handling of the above exception, another exception occurred:

Traceback (most recent call last):
  File "C:\Users\takuy\AppData\Roaming\uv\python\cpython-3.11-windows-x86_64-none\Lib\logging\__init__.py", line 1113, in emit
    stream.write(msg + self.terminator)
UnicodeEncodeError: 'cp932' codec can't encode character '\u2014' in position 61: illegal multibyte sequence
Call stack:
  File "C:\Users\takuy\OneDrive\tdnet-excel-input\tools\sync_financials.py", line 538, in <module>
    main()
  File "C:\Users\takuy\OneDrive\tdnet-excel-input\tools\sync_financials.py", line 512, in main
    stats = sync(
  File "C:\Users\takuy\OneDrive\tdnet-excel-input\tools\sync_financials.py", line 348, in sync
    n = api.upsert_batch(table, chunk, on_conflict="ticker,period,quarter")
  File "C:\Users\takuy\OneDrive\tdnet-excel-input\tools\sync_financials.py", line 139, in upsert_batch
    self._request(
  File "C:\Users\takuy\OneDrive\tdnet-excel-input\tools\sync_financials.py", line 123, in _request
    logger.error(
Message: '[API] HTTP 0 \u2014 ���g���C�s��\n  ���X�|���X: {"code":"42501","details":null,"hint":null,"message":"new row violates row-level security policy for table \\"financials\\""}'
Arguments: ()
--- Logging error ---
Traceback (most recent call last):
  File "C:\Users\takuy\OneDrive\tdnet-excel-input\tools\sync_financials.py", line 348, in sync
    n = api.upsert_batch(table, chunk, on_conflict="ticker,period,quarter")
        ^^^^^^^^^^^^^^^^^^^^^^^^^^^^^^^^^^^^^^^^^^^^^^^^^^^^^^^^^^^^^^^^^^^
  File "C:\Users\takuy\OneDrive\tdnet-excel-input\tools\sync_financials.py", line 139, in upsert_batch
    self._request(
  File "C:\Users\takuy\OneDrive\tdnet-excel-input\tools\sync_financials.py", line 96, in _request
    r.raise_for_status()
  File "C:\Users\takuy\OneDrive\tdnet-excel-input\.venv\Lib\site-packages\requests\models.py", line 1026, in raise_for_status
    raise HTTPError(http_error_msg, response=self)
requests.exceptions.HTTPError: 401 Client Error: Unauthorized for url: https://fvkvfekzoebcolssnteo.supabase.co/rest/v1/financials?on_conflict=ticker%2Cperiod%2Cquarter

During handling of the above exception, another exception occurred:

Traceback (most recent call last):
  File "C:\Users\takuy\AppData\Roaming\uv\python\cpython-3.11-windows-x86_64-none\Lib\logging\__init__.py", line 1113, in emit
    stream.write(msg + self.terminator)
UnicodeEncodeError: 'cp932' codec can't encode character '\u2014' in position 71: illegal multibyte sequence
Call stack:
  File "C:\Users\takuy\OneDrive\tdnet-excel-input\tools\sync_financials.py", line 538, in <module>
    main()
  File "C:\Users\takuy\OneDrive\tdnet-excel-input\tools\sync_financials.py", line 512, in main
    stats = sync(
  File "C:\Users\takuy\OneDrive\tdnet-excel-input\tools\sync_financials.py", line 360, in sync
    logger.error(
Message: "  batch 98/145: FAILED \u2014 401 Client Error: Unauthorized for url: https://fvkvfekzoebcolssnteo.supabase.co/rest/v1/financials?on_conflict=ticker%2Cperiod%2Cquarter\n  (�擪�s: {'ticker': '70850', 'period': '2024-08-31', 'quarter': '3Q', 'sales': 26511000000, 'gross_profit': 11219323000, 'operating_profit': 4454000000, 'source': 'jquants', 'updated_at': '2026-03-09T17:53:52.606130+09:00'})"
Arguments: ()
--- Logging error ---
Traceback (most recent call last):
  File "C:\Users\takuy\OneDrive\tdnet-excel-input\tools\sync_financials.py", line 96, in _request
    r.raise_for_status()
  File "C:\Users\takuy\OneDrive\tdnet-excel-input\.venv\Lib\site-packages\requests\models.py", line 1026, in raise_for_status
    raise HTTPError(http_error_msg, response=self)
requests.exceptions.HTTPError: 401 Client Error: Unauthorized for url: https://fvkvfekzoebcolssnteo.supabase.co/rest/v1/financials?on_conflict=ticker%2Cperiod%2Cquarter

During handling of the above exception, another exception occurred:

Traceback (most recent call last):
  File "C:\Users\takuy\AppData\Roaming\uv\python\cpython-3.11-windows-x86_64-none\Lib\logging\__init__.py", line 1113, in emit
    stream.write(msg + self.terminator)
UnicodeEncodeError: 'cp932' codec can't encode character '\u2014' in position 61: illegal multibyte sequence
Call stack:
  File "C:\Users\takuy\OneDrive\tdnet-excel-input\tools\sync_financials.py", line 538, in <module>
    main()
  File "C:\Users\takuy\OneDrive\tdnet-excel-input\tools\sync_financials.py", line 512, in main
    stats = sync(
  File "C:\Users\takuy\OneDrive\tdnet-excel-input\tools\sync_financials.py", line 348, in sync
    n = api.upsert_batch(table, chunk, on_conflict="ticker,period,quarter")
  File "C:\Users\takuy\OneDrive\tdnet-excel-input\tools\sync_financials.py", line 139, in upsert_batch
    self._request(
  File "C:\Users\takuy\OneDrive\tdnet-excel-input\tools\sync_financials.py", line 123, in _request
    logger.error(
Message: '[API] HTTP 0 \u2014 ���g���C�s��\n  ���X�|���X: {"code":"42501","details":null,"hint":null,"message":"new row violates row-level security policy for table \\"financials\\""}'
Arguments: ()
--- Logging error ---
Traceback (most recent call last):
  File "C:\Users\takuy\OneDrive\tdnet-excel-input\tools\sync_financials.py", line 348, in sync
    n = api.upsert_batch(table, chunk, on_conflict="ticker,period,quarter")
        ^^^^^^^^^^^^^^^^^^^^^^^^^^^^^^^^^^^^^^^^^^^^^^^^^^^^^^^^^^^^^^^^^^^
  File "C:\Users\takuy\OneDrive\tdnet-excel-input\tools\sync_financials.py", line 139, in upsert_batch
    self._request(
  File "C:\Users\takuy\OneDrive\tdnet-excel-input\tools\sync_financials.py", line 96, in _request
    r.raise_for_status()
  File "C:\Users\takuy\OneDrive\tdnet-excel-input\.venv\Lib\site-packages\requests\models.py", line 1026, in raise_for_status
    raise HTTPError(http_error_msg, response=self)
requests.exceptions.HTTPError: 401 Client Error: Unauthorized for url: https://fvkvfekzoebcolssnteo.supabase.co/rest/v1/financials?on_conflict=ticker%2Cperiod%2Cquarter

During handling of the above exception, another exception occurred:

Traceback (most recent call last):
  File "C:\Users\takuy\AppData\Roaming\uv\python\cpython-3.11-windows-x86_64-none\Lib\logging\__init__.py", line 1113, in emit
    stream.write(msg + self.terminator)
UnicodeEncodeError: 'cp932' codec can't encode character '\u2014' in position 71: illegal multibyte sequence
Call stack:
  File "C:\Users\takuy\OneDrive\tdnet-excel-input\tools\sync_financials.py", line 538, in <module>
    main()
  File "C:\Users\takuy\OneDrive\tdnet-excel-input\tools\sync_financials.py", line 512, in main
    stats = sync(
  File "C:\Users\takuy\OneDrive\tdnet-excel-input\tools\sync_financials.py", line 360, in sync
    logger.error(
Message: "  batch 99/145: FAILED \u2014 401 Client Error: Unauthorized for url: https://fvkvfekzoebcolssnteo.supabase.co/rest/v1/financials?on_conflict=ticker%2Cperiod%2Cquarter\n  (�擪�s: {'ticker': '71330', 'period': '2023-03-31', 'quarter': '3Q', 'sales': 4921000000, 'gross_profit': 1166422000, 'operating_profit': 398000000, 'source': 'jquants', 'updated_at': '2026-03-09T17:53:52.606130+09:00'})"
Arguments: ()
--- Logging error ---
Traceback (most recent call last):
  File "C:\Users\takuy\OneDrive\tdnet-excel-input\tools\sync_financials.py", line 96, in _request
    r.raise_for_status()
  File "C:\Users\takuy\OneDrive\tdnet-excel-input\.venv\Lib\site-packages\requests\models.py", line 1026, in raise_for_status
    raise HTTPError(http_error_msg, response=self)
requests.exceptions.HTTPError: 401 Client Error: Unauthorized for url: https://fvkvfekzoebcolssnteo.supabase.co/rest/v1/financials?on_conflict=ticker%2Cperiod%2Cquarter

During handling of the above exception, another exception occurred:

Traceback (most recent call last):
  File "C:\Users\takuy\AppData\Roaming\uv\python\cpython-3.11-windows-x86_64-none\Lib\logging\__init__.py", line 1113, in emit
    stream.write(msg + self.terminator)
UnicodeEncodeError: 'cp932' codec can't encode character '\u2014' in position 61: illegal multibyte sequence
Call stack:
  File "C:\Users\takuy\OneDrive\tdnet-excel-input\tools\sync_financials.py", line 538, in <module>
    main()
  File "C:\Users\takuy\OneDrive\tdnet-excel-input\tools\sync_financials.py", line 512, in main
    stats = sync(
  File "C:\Users\takuy\OneDrive\tdnet-excel-input\tools\sync_financials.py", line 348, in sync
    n = api.upsert_batch(table, chunk, on_conflict="ticker,period,quarter")
  File "C:\Users\takuy\OneDrive\tdnet-excel-input\tools\sync_financials.py", line 139, in upsert_batch
    self._request(
  File "C:\Users\takuy\OneDrive\tdnet-excel-input\tools\sync_financials.py", line 123, in _request
    logger.error(
Message: '[API] HTTP 0 \u2014 ���g���C�s��\n  ���X�|���X: {"code":"42501","details":null,"hint":null,"message":"new row violates row-level security policy for table \\"financials\\""}'
Arguments: ()
--- Logging error ---
Traceback (most recent call last):
  File "C:\Users\takuy\OneDrive\tdnet-excel-input\tools\sync_financials.py", line 348, in sync
    n = api.upsert_batch(table, chunk, on_conflict="ticker,period,quarter")
        ^^^^^^^^^^^^^^^^^^^^^^^^^^^^^^^^^^^^^^^^^^^^^^^^^^^^^^^^^^^^^^^^^^^
  File "C:\Users\takuy\OneDrive\tdnet-excel-input\tools\sync_financials.py", line 139, in upsert_batch
    self._request(
  File "C:\Users\takuy\OneDrive\tdnet-excel-input\tools\sync_financials.py", line 96, in _request
    r.raise_for_status()
  File "C:\Users\takuy\OneDrive\tdnet-excel-input\.venv\Lib\site-packages\requests\models.py", line 1026, in raise_for_status
    raise HTTPError(http_error_msg, response=self)
requests.exceptions.HTTPError: 401 Client Error: Unauthorized for url: https://fvkvfekzoebcolssnteo.supabase.co/rest/v1/financials?on_conflict=ticker%2Cperiod%2Cquarter

During handling of the above exception, another exception occurred:

Traceback (most recent call last):
  File "C:\Users\takuy\AppData\Roaming\uv\python\cpython-3.11-windows-x86_64-none\Lib\logging\__init__.py", line 1113, in emit
    stream.write(msg + self.terminator)
UnicodeEncodeError: 'cp932' codec can't encode character '\u2014' in position 72: illegal multibyte sequence
Call stack:
  File "C:\Users\takuy\OneDrive\tdnet-excel-input\tools\sync_financials.py", line 538, in <module>
    main()
  File "C:\Users\takuy\OneDrive\tdnet-excel-input\tools\sync_financials.py", line 512, in main
    stats = sync(
  File "C:\Users\takuy\OneDrive\tdnet-excel-input\tools\sync_financials.py", line 360, in sync
    logger.error(
Message: "  batch 100/145: FAILED \u2014 401 Client Error: Unauthorized for url: https://fvkvfekzoebcolssnteo.supabase.co/rest/v1/financials?on_conflict=ticker%2Cperiod%2Cquarter\n  (�擪�s: {'ticker': '71910', 'period': '2026-03-31', 'quarter': '2Q', 'sales': 5860000000, 'gross_profit': 2689594000, 'operating_profit': 1388000000, 'source': 'jquants', 'updated_at': '2026-03-09T17:53:52.606130+09:00'})"
Arguments: ()
--- Logging error ---
Traceback (most recent call last):
  File "C:\Users\takuy\OneDrive\tdnet-excel-input\tools\sync_financials.py", line 96, in _request
    r.raise_for_status()
  File "C:\Users\takuy\OneDrive\tdnet-excel-input\.venv\Lib\site-packages\requests\models.py", line 1026, in raise_for_status
    raise HTTPError(http_error_msg, response=self)
requests.exceptions.HTTPError: 401 Client Error: Unauthorized for url: https://fvkvfekzoebcolssnteo.supabase.co/rest/v1/financials?on_conflict=ticker%2Cperiod%2Cquarter

During handling of the above exception, another exception occurred:

Traceback (most recent call last):
  File "C:\Users\takuy\AppData\Roaming\uv\python\cpython-3.11-windows-x86_64-none\Lib\logging\__init__.py", line 1113, in emit
    stream.write(msg + self.terminator)
UnicodeEncodeError: 'cp932' codec can't encode character '\u2014' in position 61: illegal multibyte sequence
Call stack:
  File "C:\Users\takuy\OneDrive\tdnet-excel-input\tools\sync_financials.py", line 538, in <module>
    main()
  File "C:\Users\takuy\OneDrive\tdnet-excel-input\tools\sync_financials.py", line 512, in main
    stats = sync(
  File "C:\Users\takuy\OneDrive\tdnet-excel-input\tools\sync_financials.py", line 348, in sync
    n = api.upsert_batch(table, chunk, on_conflict="ticker,period,quarter")
  File "C:\Users\takuy\OneDrive\tdnet-excel-input\tools\sync_financials.py", line 139, in upsert_batch
    self._request(
  File "C:\Users\takuy\OneDrive\tdnet-excel-input\tools\sync_financials.py", line 123, in _request
    logger.error(
Message: '[API] HTTP 0 \u2014 ���g���C�s��\n  ���X�|���X: {"code":"42501","details":null,"hint":null,"message":"new row violates row-level security policy for table \\"financials\\""}'
Arguments: ()
--- Logging error ---
Traceback (most recent call last):
  File "C:\Users\takuy\OneDrive\tdnet-excel-input\tools\sync_financials.py", line 348, in sync
    n = api.upsert_batch(table, chunk, on_conflict="ticker,period,quarter")
        ^^^^^^^^^^^^^^^^^^^^^^^^^^^^^^^^^^^^^^^^^^^^^^^^^^^^^^^^^^^^^^^^^^^
  File "C:\Users\takuy\OneDrive\tdnet-excel-input\tools\sync_financials.py", line 139, in upsert_batch
    self._request(
  File "C:\Users\takuy\OneDrive\tdnet-excel-input\tools\sync_financials.py", line 96, in _request
    r.raise_for_status()
  File "C:\Users\takuy\OneDrive\tdnet-excel-input\.venv\Lib\site-packages\requests\models.py", line 1026, in raise_for_status
    raise HTTPError(http_error_msg, response=self)
requests.exceptions.HTTPError: 401 Client Error: Unauthorized for url: https://fvkvfekzoebcolssnteo.supabase.co/rest/v1/financials?on_conflict=ticker%2Cperiod%2Cquarter

During handling of the above exception, another exception occurred:

Traceback (most recent call last):
  File "C:\Users\takuy\AppData\Roaming\uv\python\cpython-3.11-windows-x86_64-none\Lib\logging\__init__.py", line 1113, in emit
    stream.write(msg + self.terminator)
UnicodeEncodeError: 'cp932' codec can't encode character '\u2014' in position 72: illegal multibyte sequence
Call stack:
  File "C:\Users\takuy\OneDrive\tdnet-excel-input\tools\sync_financials.py", line 538, in <module>
    main()
  File "C:\Users\takuy\OneDrive\tdnet-excel-input\tools\sync_financials.py", line 512, in main
    stats = sync(
  File "C:\Users\takuy\OneDrive\tdnet-excel-input\tools\sync_financials.py", line 360, in sync
    logger.error(
Message: "  batch 101/145: FAILED \u2014 401 Client Error: Unauthorized for url: https://fvkvfekzoebcolssnteo.supabase.co/rest/v1/financials?on_conflict=ticker%2Cperiod%2Cquarter\n  (�擪�s: {'ticker': '72350', 'period': '2024-03-31', 'quarter': 'FY', 'sales': 33401000000, 'gross_profit': 4513043000, 'operating_profit': 1397000000, 'source': 'jquants', 'updated_at': '2026-03-09T17:53:52.606130+09:00'})"
Arguments: ()
--- Logging error ---
Traceback (most recent call last):
  File "C:\Users\takuy\OneDrive\tdnet-excel-input\tools\sync_financials.py", line 96, in _request
    r.raise_for_status()
  File "C:\Users\takuy\OneDrive\tdnet-excel-input\.venv\Lib\site-packages\requests\models.py", line 1026, in raise_for_status
    raise HTTPError(http_error_msg, response=self)
requests.exceptions.HTTPError: 401 Client Error: Unauthorized for url: https://fvkvfekzoebcolssnteo.supabase.co/rest/v1/financials?on_conflict=ticker%2Cperiod%2Cquarter

During handling of the above exception, another exception occurred:

Traceback (most recent call last):
  File "C:\Users\takuy\AppData\Roaming\uv\python\cpython-3.11-windows-x86_64-none\Lib\logging\__init__.py", line 1113, in emit
    stream.write(msg + self.terminator)
UnicodeEncodeError: 'cp932' codec can't encode character '\u2014' in position 61: illegal multibyte sequence
Call stack:
  File "C:\Users\takuy\OneDrive\tdnet-excel-input\tools\sync_financials.py", line 538, in <module>
    main()
  File "C:\Users\takuy\OneDrive\tdnet-excel-input\tools\sync_financials.py", line 512, in main
    stats = sync(
  File "C:\Users\takuy\OneDrive\tdnet-excel-input\tools\sync_financials.py", line 348, in sync
    n = api.upsert_batch(table, chunk, on_conflict="ticker,period,quarter")
  File "C:\Users\takuy\OneDrive\tdnet-excel-input\tools\sync_financials.py", line 139, in upsert_batch
    self._request(
  File "C:\Users\takuy\OneDrive\tdnet-excel-input\tools\sync_financials.py", line 123, in _request
    logger.error(
Message: '[API] HTTP 0 \u2014 ���g���C�s��\n  ���X�|���X: {"code":"42501","details":null,"hint":null,"message":"new row violates row-level security policy for table \\"financials\\""}'
Arguments: ()
--- Logging error ---
Traceback (most recent call last):
  File "C:\Users\takuy\OneDrive\tdnet-excel-input\tools\sync_financials.py", line 348, in sync
    n = api.upsert_batch(table, chunk, on_conflict="ticker,period,quarter")
        ^^^^^^^^^^^^^^^^^^^^^^^^^^^^^^^^^^^^^^^^^^^^^^^^^^^^^^^^^^^^^^^^^^^
  File "C:\Users\takuy\OneDrive\tdnet-excel-input\tools\sync_financials.py", line 139, in upsert_batch
    self._request(
  File "C:\Users\takuy\OneDrive\tdnet-excel-input\tools\sync_financials.py", line 96, in _request
    r.raise_for_status()
  File "C:\Users\takuy\OneDrive\tdnet-excel-input\.venv\Lib\site-packages\requests\models.py", line 1026, in raise_for_status
    raise HTTPError(http_error_msg, response=self)
requests.exceptions.HTTPError: 401 Client Error: Unauthorized for url: https://fvkvfekzoebcolssnteo.supabase.co/rest/v1/financials?on_conflict=ticker%2Cperiod%2Cquarter

During handling of the above exception, another exception occurred:

Traceback (most recent call last):
  File "C:\Users\takuy\AppData\Roaming\uv\python\cpython-3.11-windows-x86_64-none\Lib\logging\__init__.py", line 1113, in emit
    stream.write(msg + self.terminator)
UnicodeEncodeError: 'cp932' codec can't encode character '\u2014' in position 72: illegal multibyte sequence
Call stack:
  File "C:\Users\takuy\OneDrive\tdnet-excel-input\tools\sync_financials.py", line 538, in <module>
    main()
  File "C:\Users\takuy\OneDrive\tdnet-excel-input\tools\sync_financials.py", line 512, in main
    stats = sync(
  File "C:\Users\takuy\OneDrive\tdnet-excel-input\tools\sync_financials.py", line 360, in sync
    logger.error(
Message: "  batch 102/145: FAILED \u2014 401 Client Error: Unauthorized for url: https://fvkvfekzoebcolssnteo.supabase.co/rest/v1/financials?on_conflict=ticker%2Cperiod%2Cquarter\n  (�擪�s: {'ticker': '72730', 'period': '2023-03-31', 'quarter': '2Q', 'sales': 6430000000, 'gross_profit': 813326000, 'operating_profit': 114000000, 'source': 'jquants', 'updated_at': '2026-03-09T17:53:52.606130+09:00'})"
Arguments: ()
--- Logging error ---
Traceback (most recent call last):
  File "C:\Users\takuy\OneDrive\tdnet-excel-input\tools\sync_financials.py", line 96, in _request
    r.raise_for_status()
  File "C:\Users\takuy\OneDrive\tdnet-excel-input\.venv\Lib\site-packages\requests\models.py", line 1026, in raise_for_status
    raise HTTPError(http_error_msg, response=self)
requests.exceptions.HTTPError: 401 Client Error: Unauthorized for url: https://fvkvfekzoebcolssnteo.supabase.co/rest/v1/financials?on_conflict=ticker%2Cperiod%2Cquarter

During handling of the above exception, another exception occurred:

Traceback (most recent call last):
  File "C:\Users\takuy\AppData\Roaming\uv\python\cpython-3.11-windows-x86_64-none\Lib\logging\__init__.py", line 1113, in emit
    stream.write(msg + self.terminator)
UnicodeEncodeError: 'cp932' codec can't encode character '\u2014' in position 61: illegal multibyte sequence
Call stack:
  File "C:\Users\takuy\OneDrive\tdnet-excel-input\tools\sync_financials.py", line 538, in <module>
    main()
  File "C:\Users\takuy\OneDrive\tdnet-excel-input\tools\sync_financials.py", line 512, in main
    stats = sync(
  File "C:\Users\takuy\OneDrive\tdnet-excel-input\tools\sync_financials.py", line 348, in sync
    n = api.upsert_batch(table, chunk, on_conflict="ticker,period,quarter")
  File "C:\Users\takuy\OneDrive\tdnet-excel-input\tools\sync_financials.py", line 139, in upsert_batch
    self._request(
  File "C:\Users\takuy\OneDrive\tdnet-excel-input\tools\sync_financials.py", line 123, in _request
    logger.error(
Message: '[API] HTTP 0 \u2014 ���g���C�s��\n  ���X�|���X: {"code":"42501","details":null,"hint":null,"message":"new row violates row-level security policy for table \\"financials\\""}'
Arguments: ()
--- Logging error ---
Traceback (most recent call last):
  File "C:\Users\takuy\OneDrive\tdnet-excel-input\tools\sync_financials.py", line 348, in sync
    n = api.upsert_batch(table, chunk, on_conflict="ticker,period,quarter")
        ^^^^^^^^^^^^^^^^^^^^^^^^^^^^^^^^^^^^^^^^^^^^^^^^^^^^^^^^^^^^^^^^^^^
  File "C:\Users\takuy\OneDrive\tdnet-excel-input\tools\sync_financials.py", line 139, in upsert_batch
    self._request(
  File "C:\Users\takuy\OneDrive\tdnet-excel-input\tools\sync_financials.py", line 96, in _request
    r.raise_for_status()
  File "C:\Users\takuy\OneDrive\tdnet-excel-input\.venv\Lib\site-packages\requests\models.py", line 1026, in raise_for_status
    raise HTTPError(http_error_msg, response=self)
requests.exceptions.HTTPError: 401 Client Error: Unauthorized for url: https://fvkvfekzoebcolssnteo.supabase.co/rest/v1/financials?on_conflict=ticker%2Cperiod%2Cquarter

During handling of the above exception, another exception occurred:

Traceback (most recent call last):
  File "C:\Users\takuy\AppData\Roaming\uv\python\cpython-3.11-windows-x86_64-none\Lib\logging\__init__.py", line 1113, in emit
    stream.write(msg + self.terminator)
UnicodeEncodeError: 'cp932' codec can't encode character '\u2014' in position 72: illegal multibyte sequence
Call stack:
  File "C:\Users\takuy\OneDrive\tdnet-excel-input\tools\sync_financials.py", line 538, in <module>
    main()
  File "C:\Users\takuy\OneDrive\tdnet-excel-input\tools\sync_financials.py", line 512, in main
    stats = sync(
  File "C:\Users\takuy\OneDrive\tdnet-excel-input\tools\sync_financials.py", line 360, in sync
    logger.error(
Message: "  batch 103/145: FAILED \u2014 401 Client Error: Unauthorized for url: https://fvkvfekzoebcolssnteo.supabase.co/rest/v1/financials?on_conflict=ticker%2Cperiod%2Cquarter\n  (�擪�s: {'ticker': '73260', 'period': '2022-03-31', 'quarter': '1Q', 'sales': 22748000000, 'gross_profit': None, 'operating_profit': None, 'source': 'jquants', 'updated_at': '2026-03-09T17:53:52.606130+09:00'})"
Arguments: ()
--- Logging error ---
Traceback (most recent call last):
  File "C:\Users\takuy\OneDrive\tdnet-excel-input\tools\sync_financials.py", line 96, in _request
    r.raise_for_status()
  File "C:\Users\takuy\OneDrive\tdnet-excel-input\.venv\Lib\site-packages\requests\models.py", line 1026, in raise_for_status
    raise HTTPError(http_error_msg, response=self)
requests.exceptions.HTTPError: 401 Client Error: Unauthorized for url: https://fvkvfekzoebcolssnteo.supabase.co/rest/v1/financials?on_conflict=ticker%2Cperiod%2Cquarter

During handling of the above exception, another exception occurred:

Traceback (most recent call last):
  File "C:\Users\takuy\AppData\Roaming\uv\python\cpython-3.11-windows-x86_64-none\Lib\logging\__init__.py", line 1113, in emit
    stream.write(msg + self.terminator)
UnicodeEncodeError: 'cp932' codec can't encode character '\u2014' in position 61: illegal multibyte sequence
Call stack:
  File "C:\Users\takuy\OneDrive\tdnet-excel-input\tools\sync_financials.py", line 538, in <module>
    main()
  File "C:\Users\takuy\OneDrive\tdnet-excel-input\tools\sync_financials.py", line 512, in main
    stats = sync(
  File "C:\Users\takuy\OneDrive\tdnet-excel-input\tools\sync_financials.py", line 348, in sync
    n = api.upsert_batch(table, chunk, on_conflict="ticker,period,quarter")
  File "C:\Users\takuy\OneDrive\tdnet-excel-input\tools\sync_financials.py", line 139, in upsert_batch
    self._request(
  File "C:\Users\takuy\OneDrive\tdnet-excel-input\tools\sync_financials.py", line 123, in _request
    logger.error(
Message: '[API] HTTP 0 \u2014 ���g���C�s��\n  ���X�|���X: {"code":"42501","details":null,"hint":null,"message":"new row violates row-level security policy for table \\"financials\\""}'
Arguments: ()
--- Logging error ---
Traceback (most recent call last):
  File "C:\Users\takuy\OneDrive\tdnet-excel-input\tools\sync_financials.py", line 348, in sync
    n = api.upsert_batch(table, chunk, on_conflict="ticker,period,quarter")
        ^^^^^^^^^^^^^^^^^^^^^^^^^^^^^^^^^^^^^^^^^^^^^^^^^^^^^^^^^^^^^^^^^^^
  File "C:\Users\takuy\OneDrive\tdnet-excel-input\tools\sync_financials.py", line 139, in upsert_batch
    self._request(
  File "C:\Users\takuy\OneDrive\tdnet-excel-input\tools\sync_financials.py", line 96, in _request
    r.raise_for_status()
  File "C:\Users\takuy\OneDrive\tdnet-excel-input\.venv\Lib\site-packages\requests\models.py", line 1026, in raise_for_status
    raise HTTPError(http_error_msg, response=self)
requests.exceptions.HTTPError: 401 Client Error: Unauthorized for url: https://fvkvfekzoebcolssnteo.supabase.co/rest/v1/financials?on_conflict=ticker%2Cperiod%2Cquarter

During handling of the above exception, another exception occurred:

Traceback (most recent call last):
  File "C:\Users\takuy\AppData\Roaming\uv\python\cpython-3.11-windows-x86_64-none\Lib\logging\__init__.py", line 1113, in emit
    stream.write(msg + self.terminator)
UnicodeEncodeError: 'cp932' codec can't encode character '\u2014' in position 72: illegal multibyte sequence
Call stack:
  File "C:\Users\takuy\OneDrive\tdnet-excel-input\tools\sync_financials.py", line 538, in <module>
    main()
  File "C:\Users\takuy\OneDrive\tdnet-excel-input\tools\sync_financials.py", line 512, in main
    stats = sync(
  File "C:\Users\takuy\OneDrive\tdnet-excel-input\tools\sync_financials.py", line 360, in sync
    logger.error(
Message: "  batch 104/145: FAILED \u2014 401 Client Error: Unauthorized for url: https://fvkvfekzoebcolssnteo.supabase.co/rest/v1/financials?on_conflict=ticker%2Cperiod%2Cquarter\n  (�擪�s: {'ticker': '73720', 'period': '2023-09-30', 'quarter': '3Q', 'sales': 4493000000, 'gross_profit': None, 'operating_profit': 777000000, 'source': 'jquants', 'updated_at': '2026-03-09T17:53:52.606130+09:00'})"
Arguments: ()
--- Logging error ---
Traceback (most recent call last):
  File "C:\Users\takuy\OneDrive\tdnet-excel-input\tools\sync_financials.py", line 96, in _request
    r.raise_for_status()
  File "C:\Users\takuy\OneDrive\tdnet-excel-input\.venv\Lib\site-packages\requests\models.py", line 1026, in raise_for_status
    raise HTTPError(http_error_msg, response=self)
requests.exceptions.HTTPError: 401 Client Error: Unauthorized for url: https://fvkvfekzoebcolssnteo.supabase.co/rest/v1/financials?on_conflict=ticker%2Cperiod%2Cquarter

During handling of the above exception, another exception occurred:

Traceback (most recent call last):
  File "C:\Users\takuy\AppData\Roaming\uv\python\cpython-3.11-windows-x86_64-none\Lib\logging\__init__.py", line 1113, in emit
    stream.write(msg + self.terminator)
UnicodeEncodeError: 'cp932' codec can't encode character '\u2014' in position 61: illegal multibyte sequence
Call stack:
  File "C:\Users\takuy\OneDrive\tdnet-excel-input\tools\sync_financials.py", line 538, in <module>
    main()
  File "C:\Users\takuy\OneDrive\tdnet-excel-input\tools\sync_financials.py", line 512, in main
    stats = sync(
  File "C:\Users\takuy\OneDrive\tdnet-excel-input\tools\sync_financials.py", line 348, in sync
    n = api.upsert_batch(table, chunk, on_conflict="ticker,period,quarter")
  File "C:\Users\takuy\OneDrive\tdnet-excel-input\tools\sync_financials.py", line 139, in upsert_batch
    self._request(
  File "C:\Users\takuy\OneDrive\tdnet-excel-input\tools\sync_financials.py", line 123, in _request
    logger.error(
Message: '[API] HTTP 0 \u2014 ���g���C�s��\n  ���X�|���X: {"code":"42501","details":null,"hint":null,"message":"new row violates row-level security policy for table \\"financials\\""}'
Arguments: ()
--- Logging error ---
Traceback (most recent call last):
  File "C:\Users\takuy\OneDrive\tdnet-excel-input\tools\sync_financials.py", line 348, in sync
    n = api.upsert_batch(table, chunk, on_conflict="ticker,period,quarter")
        ^^^^^^^^^^^^^^^^^^^^^^^^^^^^^^^^^^^^^^^^^^^^^^^^^^^^^^^^^^^^^^^^^^^
  File "C:\Users\takuy\OneDrive\tdnet-excel-input\tools\sync_financials.py", line 139, in upsert_batch
    self._request(
  File "C:\Users\takuy\OneDrive\tdnet-excel-input\tools\sync_financials.py", line 96, in _request
    r.raise_for_status()
  File "C:\Users\takuy\OneDrive\tdnet-excel-input\.venv\Lib\site-packages\requests\models.py", line 1026, in raise_for_status
    raise HTTPError(http_error_msg, response=self)
requests.exceptions.HTTPError: 401 Client Error: Unauthorized for url: https://fvkvfekzoebcolssnteo.supabase.co/rest/v1/financials?on_conflict=ticker%2Cperiod%2Cquarter

During handling of the above exception, another exception occurred:

Traceback (most recent call last):
  File "C:\Users\takuy\AppData\Roaming\uv\python\cpython-3.11-windows-x86_64-none\Lib\logging\__init__.py", line 1113, in emit
    stream.write(msg + self.terminator)
UnicodeEncodeError: 'cp932' codec can't encode character '\u2014' in position 72: illegal multibyte sequence
Call stack:
  File "C:\Users\takuy\OneDrive\tdnet-excel-input\tools\sync_financials.py", line 538, in <module>
    main()
  File "C:\Users\takuy\OneDrive\tdnet-excel-input\tools\sync_financials.py", line 512, in main
    stats = sync(
  File "C:\Users\takuy\OneDrive\tdnet-excel-input\tools\sync_financials.py", line 360, in sync
    logger.error(
Message: "  batch 105/145: FAILED \u2014 401 Client Error: Unauthorized for url: https://fvkvfekzoebcolssnteo.supabase.co/rest/v1/financials?on_conflict=ticker%2Cperiod%2Cquarter\n  (�擪�s: {'ticker': '74330', 'period': '2023-03-31', 'quarter': 'FY', 'sales': 233624000000, 'gross_profit': 32379000000, 'operating_profit': 12711000000, 'source': 'jquants', 'updated_at': '2026-03-09T17:53:52.606130+09:00'})"
Arguments: ()
--- Logging error ---
Traceback (most recent call last):
  File "C:\Users\takuy\OneDrive\tdnet-excel-input\tools\sync_financials.py", line 96, in _request
    r.raise_for_status()
  File "C:\Users\takuy\OneDrive\tdnet-excel-input\.venv\Lib\site-packages\requests\models.py", line 1026, in raise_for_status
    raise HTTPError(http_error_msg, response=self)
requests.exceptions.HTTPError: 401 Client Error: Unauthorized for url: https://fvkvfekzoebcolssnteo.supabase.co/rest/v1/financials?on_conflict=ticker%2Cperiod%2Cquarter

During handling of the above exception, another exception occurred:

Traceback (most recent call last):
  File "C:\Users\takuy\AppData\Roaming\uv\python\cpython-3.11-windows-x86_64-none\Lib\logging\__init__.py", line 1113, in emit
    stream.write(msg + self.terminator)
UnicodeEncodeError: 'cp932' codec can't encode character '\u2014' in position 61: illegal multibyte sequence
Call stack:
  File "C:\Users\takuy\OneDrive\tdnet-excel-input\tools\sync_financials.py", line 538, in <module>
    main()
  File "C:\Users\takuy\OneDrive\tdnet-excel-input\tools\sync_financials.py", line 512, in main
    stats = sync(
  File "C:\Users\takuy\OneDrive\tdnet-excel-input\tools\sync_financials.py", line 348, in sync
    n = api.upsert_batch(table, chunk, on_conflict="ticker,period,quarter")
  File "C:\Users\takuy\OneDrive\tdnet-excel-input\tools\sync_financials.py", line 139, in upsert_batch
    self._request(
  File "C:\Users\takuy\OneDrive\tdnet-excel-input\tools\sync_financials.py", line 123, in _request
    logger.error(
Message: '[API] HTTP 0 \u2014 ���g���C�s��\n  ���X�|���X: {"code":"42501","details":null,"hint":null,"message":"new row violates row-level security policy for table \\"financials\\""}'
Arguments: ()
--- Logging error ---
Traceback (most recent call last):
  File "C:\Users\takuy\OneDrive\tdnet-excel-input\tools\sync_financials.py", line 348, in sync
    n = api.upsert_batch(table, chunk, on_conflict="ticker,period,quarter")
        ^^^^^^^^^^^^^^^^^^^^^^^^^^^^^^^^^^^^^^^^^^^^^^^^^^^^^^^^^^^^^^^^^^^
  File "C:\Users\takuy\OneDrive\tdnet-excel-input\tools\sync_financials.py", line 139, in upsert_batch
    self._request(
  File "C:\Users\takuy\OneDrive\tdnet-excel-input\tools\sync_financials.py", line 96, in _request
    r.raise_for_status()
  File "C:\Users\takuy\OneDrive\tdnet-excel-input\.venv\Lib\site-packages\requests\models.py", line 1026, in raise_for_status
    raise HTTPError(http_error_msg, response=self)
requests.exceptions.HTTPError: 401 Client Error: Unauthorized for url: https://fvkvfekzoebcolssnteo.supabase.co/rest/v1/financials?on_conflict=ticker%2Cperiod%2Cquarter

During handling of the above exception, another exception occurred:

Traceback (most recent call last):
  File "C:\Users\takuy\AppData\Roaming\uv\python\cpython-3.11-windows-x86_64-none\Lib\logging\__init__.py", line 1113, in emit
    stream.write(msg + self.terminator)
UnicodeEncodeError: 'cp932' codec can't encode character '\u2014' in position 72: illegal multibyte sequence
Call stack:
  File "C:\Users\takuy\OneDrive\tdnet-excel-input\tools\sync_financials.py", line 538, in <module>
    main()
  File "C:\Users\takuy\OneDrive\tdnet-excel-input\tools\sync_financials.py", line 512, in main
    stats = sync(
  File "C:\Users\takuy\OneDrive\tdnet-excel-input\tools\sync_financials.py", line 360, in sync
    logger.error(
Message: "  batch 106/145: FAILED \u2014 401 Client Error: Unauthorized for url: https://fvkvfekzoebcolssnteo.supabase.co/rest/v1/financials?on_conflict=ticker%2Cperiod%2Cquarter\n  (�擪�s: {'ticker': '74770', 'period': '2022-03-31', 'quarter': 'FY', 'sales': 7213000000, 'gross_profit': 1731546000, 'operating_profit': 135000000, 'source': 'jquants', 'updated_at': '2026-03-09T17:53:52.606130+09:00'})"
Arguments: ()
--- Logging error ---
Traceback (most recent call last):
  File "C:\Users\takuy\OneDrive\tdnet-excel-input\tools\sync_financials.py", line 96, in _request
    r.raise_for_status()
  File "C:\Users\takuy\OneDrive\tdnet-excel-input\.venv\Lib\site-packages\requests\models.py", line 1026, in raise_for_status
    raise HTTPError(http_error_msg, response=self)
requests.exceptions.HTTPError: 401 Client Error: Unauthorized for url: https://fvkvfekzoebcolssnteo.supabase.co/rest/v1/financials?on_conflict=ticker%2Cperiod%2Cquarter

During handling of the above exception, another exception occurred:

Traceback (most recent call last):
  File "C:\Users\takuy\AppData\Roaming\uv\python\cpython-3.11-windows-x86_64-none\Lib\logging\__init__.py", line 1113, in emit
    stream.write(msg + self.terminator)
UnicodeEncodeError: 'cp932' codec can't encode character '\u2014' in position 61: illegal multibyte sequence
Call stack:
  File "C:\Users\takuy\OneDrive\tdnet-excel-input\tools\sync_financials.py", line 538, in <module>
    main()
  File "C:\Users\takuy\OneDrive\tdnet-excel-input\tools\sync_financials.py", line 512, in main
    stats = sync(
  File "C:\Users\takuy\OneDrive\tdnet-excel-input\tools\sync_financials.py", line 348, in sync
    n = api.upsert_batch(table, chunk, on_conflict="ticker,period,quarter")
  File "C:\Users\takuy\OneDrive\tdnet-excel-input\tools\sync_financials.py", line 139, in upsert_batch
    self._request(
  File "C:\Users\takuy\OneDrive\tdnet-excel-input\tools\sync_financials.py", line 123, in _request
    logger.error(
Message: '[API] HTTP 0 \u2014 ���g���C�s��\n  ���X�|���X: {"code":"42501","details":null,"hint":null,"message":"new row violates row-level security policy for table \\"financials\\""}'
Arguments: ()
--- Logging error ---
Traceback (most recent call last):
  File "C:\Users\takuy\OneDrive\tdnet-excel-input\tools\sync_financials.py", line 348, in sync
    n = api.upsert_batch(table, chunk, on_conflict="ticker,period,quarter")
        ^^^^^^^^^^^^^^^^^^^^^^^^^^^^^^^^^^^^^^^^^^^^^^^^^^^^^^^^^^^^^^^^^^^
  File "C:\Users\takuy\OneDrive\tdnet-excel-input\tools\sync_financials.py", line 139, in upsert_batch
    self._request(
  File "C:\Users\takuy\OneDrive\tdnet-excel-input\tools\sync_financials.py", line 96, in _request
    r.raise_for_status()
  File "C:\Users\takuy\OneDrive\tdnet-excel-input\.venv\Lib\site-packages\requests\models.py", line 1026, in raise_for_status
    raise HTTPError(http_error_msg, response=self)
requests.exceptions.HTTPError: 401 Client Error: Unauthorized for url: https://fvkvfekzoebcolssnteo.supabase.co/rest/v1/financials?on_conflict=ticker%2Cperiod%2Cquarter

During handling of the above exception, another exception occurred:

Traceback (most recent call last):
  File "C:\Users\takuy\AppData\Roaming\uv\python\cpython-3.11-windows-x86_64-none\Lib\logging\__init__.py", line 1113, in emit
    stream.write(msg + self.terminator)
UnicodeEncodeError: 'cp932' codec can't encode character '\u2014' in position 72: illegal multibyte sequence
Call stack:
  File "C:\Users\takuy\OneDrive\tdnet-excel-input\tools\sync_financials.py", line 538, in <module>
    main()
  File "C:\Users\takuy\OneDrive\tdnet-excel-input\tools\sync_financials.py", line 512, in main
    stats = sync(
  File "C:\Users\takuy\OneDrive\tdnet-excel-input\tools\sync_financials.py", line 360, in sync
    logger.error(
Message: "  batch 107/145: FAILED \u2014 401 Client Error: Unauthorized for url: https://fvkvfekzoebcolssnteo.supabase.co/rest/v1/financials?on_conflict=ticker%2Cperiod%2Cquarter\n  (�擪�s: {'ticker': '75210', 'period': '2026-03-31', 'quarter': 'FY', 'sales': None, 'gross_profit': None, 'operating_profit': None, 'source': 'jquants', 'updated_at': '2026-03-09T17:53:52.606130+09:00'})"
Arguments: ()
--- Logging error ---
Traceback (most recent call last):
  File "C:\Users\takuy\OneDrive\tdnet-excel-input\tools\sync_financials.py", line 96, in _request
    r.raise_for_status()
  File "C:\Users\takuy\OneDrive\tdnet-excel-input\.venv\Lib\site-packages\requests\models.py", line 1026, in raise_for_status
    raise HTTPError(http_error_msg, response=self)
requests.exceptions.HTTPError: 401 Client Error: Unauthorized for url: https://fvkvfekzoebcolssnteo.supabase.co/rest/v1/financials?on_conflict=ticker%2Cperiod%2Cquarter

During handling of the above exception, another exception occurred:

Traceback (most recent call last):
  File "C:\Users\takuy\AppData\Roaming\uv\python\cpython-3.11-windows-x86_64-none\Lib\logging\__init__.py", line 1113, in emit
    stream.write(msg + self.terminator)
UnicodeEncodeError: 'cp932' codec can't encode character '\u2014' in position 61: illegal multibyte sequence
Call stack:
  File "C:\Users\takuy\OneDrive\tdnet-excel-input\tools\sync_financials.py", line 538, in <module>
    main()
  File "C:\Users\takuy\OneDrive\tdnet-excel-input\tools\sync_financials.py", line 512, in main
    stats = sync(
  File "C:\Users\takuy\OneDrive\tdnet-excel-input\tools\sync_financials.py", line 348, in sync
    n = api.upsert_batch(table, chunk, on_conflict="ticker,period,quarter")
  File "C:\Users\takuy\OneDrive\tdnet-excel-input\tools\sync_financials.py", line 139, in upsert_batch
    self._request(
  File "C:\Users\takuy\OneDrive\tdnet-excel-input\tools\sync_financials.py", line 123, in _request
    logger.error(
Message: '[API] HTTP 0 \u2014 ���g���C�s��\n  ���X�|���X: {"code":"42501","details":null,"hint":null,"message":"new row violates row-level security policy for table \\"financials\\""}'
Arguments: ()
--- Logging error ---
Traceback (most recent call last):
  File "C:\Users\takuy\OneDrive\tdnet-excel-input\tools\sync_financials.py", line 348, in sync
    n = api.upsert_batch(table, chunk, on_conflict="ticker,period,quarter")
        ^^^^^^^^^^^^^^^^^^^^^^^^^^^^^^^^^^^^^^^^^^^^^^^^^^^^^^^^^^^^^^^^^^^
  File "C:\Users\takuy\OneDrive\tdnet-excel-input\tools\sync_financials.py", line 139, in upsert_batch
    self._request(
  File "C:\Users\takuy\OneDrive\tdnet-excel-input\tools\sync_financials.py", line 96, in _request
    r.raise_for_status()
  File "C:\Users\takuy\OneDrive\tdnet-excel-input\.venv\Lib\site-packages\requests\models.py", line 1026, in raise_for_status
    raise HTTPError(http_error_msg, response=self)
requests.exceptions.HTTPError: 401 Client Error: Unauthorized for url: https://fvkvfekzoebcolssnteo.supabase.co/rest/v1/financials?on_conflict=ticker%2Cperiod%2Cquarter

During handling of the above exception, another exception occurred:

Traceback (most recent call last):
  File "C:\Users\takuy\AppData\Roaming\uv\python\cpython-3.11-windows-x86_64-none\Lib\logging\__init__.py", line 1113, in emit
    stream.write(msg + self.terminator)
UnicodeEncodeError: 'cp932' codec can't encode character '\u2014' in position 72: illegal multibyte sequence
Call stack:
  File "C:\Users\takuy\OneDrive\tdnet-excel-input\tools\sync_financials.py", line 538, in <module>
    main()
  File "C:\Users\takuy\OneDrive\tdnet-excel-input\tools\sync_financials.py", line 512, in main
    stats = sync(
  File "C:\Users\takuy\OneDrive\tdnet-excel-input\tools\sync_financials.py", line 360, in sync
    logger.error(
Message: "  batch 108/145: FAILED \u2014 401 Client Error: Unauthorized for url: https://fvkvfekzoebcolssnteo.supabase.co/rest/v1/financials?on_conflict=ticker%2Cperiod%2Cquarter\n  (�擪�s: {'ticker': '75750', 'period': '2025-03-31', 'quarter': '3Q', 'sales': 42811000000, 'gross_profit': 25910000000, 'operating_profit': 9906000000, 'source': 'jquants', 'updated_at': '2026-03-09T17:53:52.606130+09:00'})"
Arguments: ()
--- Logging error ---
Traceback (most recent call last):
  File "C:\Users\takuy\OneDrive\tdnet-excel-input\tools\sync_financials.py", line 96, in _request
    r.raise_for_status()
  File "C:\Users\takuy\OneDrive\tdnet-excel-input\.venv\Lib\site-packages\requests\models.py", line 1026, in raise_for_status
    raise HTTPError(http_error_msg, response=self)
requests.exceptions.HTTPError: 401 Client Error: Unauthorized for url: https://fvkvfekzoebcolssnteo.supabase.co/rest/v1/financials?on_conflict=ticker%2Cperiod%2Cquarter

During handling of the above exception, another exception occurred:

Traceback (most recent call last):
  File "C:\Users\takuy\AppData\Roaming\uv\python\cpython-3.11-windows-x86_64-none\Lib\logging\__init__.py", line 1113, in emit
    stream.write(msg + self.terminator)
UnicodeEncodeError: 'cp932' codec can't encode character '\u2014' in position 61: illegal multibyte sequence
Call stack:
  File "C:\Users\takuy\OneDrive\tdnet-excel-input\tools\sync_financials.py", line 538, in <module>
    main()
  File "C:\Users\takuy\OneDrive\tdnet-excel-input\tools\sync_financials.py", line 512, in main
    stats = sync(
  File "C:\Users\takuy\OneDrive\tdnet-excel-input\tools\sync_financials.py", line 348, in sync
    n = api.upsert_batch(table, chunk, on_conflict="ticker,period,quarter")
  File "C:\Users\takuy\OneDrive\tdnet-excel-input\tools\sync_financials.py", line 139, in upsert_batch
    self._request(
  File "C:\Users\takuy\OneDrive\tdnet-excel-input\tools\sync_financials.py", line 123, in _request
    logger.error(
Message: '[API] HTTP 0 \u2014 ���g���C�s��\n  ���X�|���X: {"code":"42501","details":null,"hint":null,"message":"new row violates row-level security policy for table \\"financials\\""}'
Arguments: ()
--- Logging error ---
Traceback (most recent call last):
  File "C:\Users\takuy\OneDrive\tdnet-excel-input\tools\sync_financials.py", line 348, in sync
    n = api.upsert_batch(table, chunk, on_conflict="ticker,period,quarter")
        ^^^^^^^^^^^^^^^^^^^^^^^^^^^^^^^^^^^^^^^^^^^^^^^^^^^^^^^^^^^^^^^^^^^
  File "C:\Users\takuy\OneDrive\tdnet-excel-input\tools\sync_financials.py", line 139, in upsert_batch
    self._request(
  File "C:\Users\takuy\OneDrive\tdnet-excel-input\tools\sync_financials.py", line 96, in _request
    r.raise_for_status()
  File "C:\Users\takuy\OneDrive\tdnet-excel-input\.venv\Lib\site-packages\requests\models.py", line 1026, in raise_for_status
    raise HTTPError(http_error_msg, response=self)
requests.exceptions.HTTPError: 401 Client Error: Unauthorized for url: https://fvkvfekzoebcolssnteo.supabase.co/rest/v1/financials?on_conflict=ticker%2Cperiod%2Cquarter

During handling of the above exception, another exception occurred:

Traceback (most recent call last):
  File "C:\Users\takuy\AppData\Roaming\uv\python\cpython-3.11-windows-x86_64-none\Lib\logging\__init__.py", line 1113, in emit
    stream.write(msg + self.terminator)
UnicodeEncodeError: 'cp932' codec can't encode character '\u2014' in position 72: illegal multibyte sequence
Call stack:
  File "C:\Users\takuy\OneDrive\tdnet-excel-input\tools\sync_financials.py", line 538, in <module>
    main()
  File "C:\Users\takuy\OneDrive\tdnet-excel-input\tools\sync_financials.py", line 512, in main
    stats = sync(
  File "C:\Users\takuy\OneDrive\tdnet-excel-input\tools\sync_financials.py", line 360, in sync
    logger.error(
Message: "  batch 109/145: FAILED \u2014 401 Client Error: Unauthorized for url: https://fvkvfekzoebcolssnteo.supabase.co/rest/v1/financials?on_conflict=ticker%2Cperiod%2Cquarter\n  (�擪�s: {'ticker': '76210', 'period': '2024-03-31', 'quarter': '1Q', 'sales': 3308000000, 'gross_profit': 1871290000, 'operating_profit': 301000000, 'source': 'jquants', 'updated_at': '2026-03-09T17:53:52.606130+09:00'})"
Arguments: ()
--- Logging error ---
Traceback (most recent call last):
  File "C:\Users\takuy\OneDrive\tdnet-excel-input\tools\sync_financials.py", line 96, in _request
    r.raise_for_status()
  File "C:\Users\takuy\OneDrive\tdnet-excel-input\.venv\Lib\site-packages\requests\models.py", line 1026, in raise_for_status
    raise HTTPError(http_error_msg, response=self)
requests.exceptions.HTTPError: 401 Client Error: Unauthorized for url: https://fvkvfekzoebcolssnteo.supabase.co/rest/v1/financials?on_conflict=ticker%2Cperiod%2Cquarter

During handling of the above exception, another exception occurred:

Traceback (most recent call last):
  File "C:\Users\takuy\AppData\Roaming\uv\python\cpython-3.11-windows-x86_64-none\Lib\logging\__init__.py", line 1113, in emit
    stream.write(msg + self.terminator)
UnicodeEncodeError: 'cp932' codec can't encode character '\u2014' in position 61: illegal multibyte sequence
Call stack:
  File "C:\Users\takuy\OneDrive\tdnet-excel-input\tools\sync_financials.py", line 538, in <module>
    main()
  File "C:\Users\takuy\OneDrive\tdnet-excel-input\tools\sync_financials.py", line 512, in main
    stats = sync(
  File "C:\Users\takuy\OneDrive\tdnet-excel-input\tools\sync_financials.py", line 348, in sync
    n = api.upsert_batch(table, chunk, on_conflict="ticker,period,quarter")
  File "C:\Users\takuy\OneDrive\tdnet-excel-input\tools\sync_financials.py", line 139, in upsert_batch
    self._request(
  File "C:\Users\takuy\OneDrive\tdnet-excel-input\tools\sync_financials.py", line 123, in _request
    logger.error(
Message: '[API] HTTP 0 \u2014 ���g���C�s��\n  ���X�|���X: {"code":"42501","details":null,"hint":null,"message":"new row violates row-level security policy for table \\"financials\\""}'
Arguments: ()
--- Logging error ---
Traceback (most recent call last):
  File "C:\Users\takuy\OneDrive\tdnet-excel-input\tools\sync_financials.py", line 348, in sync
    n = api.upsert_batch(table, chunk, on_conflict="ticker,period,quarter")
        ^^^^^^^^^^^^^^^^^^^^^^^^^^^^^^^^^^^^^^^^^^^^^^^^^^^^^^^^^^^^^^^^^^^
  File "C:\Users\takuy\OneDrive\tdnet-excel-input\tools\sync_financials.py", line 139, in upsert_batch
    self._request(
  File "C:\Users\takuy\OneDrive\tdnet-excel-input\tools\sync_financials.py", line 96, in _request
    r.raise_for_status()
  File "C:\Users\takuy\OneDrive\tdnet-excel-input\.venv\Lib\site-packages\requests\models.py", line 1026, in raise_for_status
    raise HTTPError(http_error_msg, response=self)
requests.exceptions.HTTPError: 401 Client Error: Unauthorized for url: https://fvkvfekzoebcolssnteo.supabase.co/rest/v1/financials?on_conflict=ticker%2Cperiod%2Cquarter

During handling of the above exception, another exception occurred:

Traceback (most recent call last):
  File "C:\Users\takuy\AppData\Roaming\uv\python\cpython-3.11-windows-x86_64-none\Lib\logging\__init__.py", line 1113, in emit
    stream.write(msg + self.terminator)
UnicodeEncodeError: 'cp932' codec can't encode character '\u2014' in position 72: illegal multibyte sequence
Call stack:
  File "C:\Users\takuy\OneDrive\tdnet-excel-input\tools\sync_financials.py", line 538, in <module>
    main()
  File "C:\Users\takuy\OneDrive\tdnet-excel-input\tools\sync_financials.py", line 512, in main
    stats = sync(
  File "C:\Users\takuy\OneDrive\tdnet-excel-input\tools\sync_financials.py", line 360, in sync
    logger.error(
Message: "  batch 110/145: FAILED \u2014 401 Client Error: Unauthorized for url: https://fvkvfekzoebcolssnteo.supabase.co/rest/v1/financials?on_conflict=ticker%2Cperiod%2Cquarter\n  (�擪�s: {'ticker': '76870', 'period': '2023-03-31', 'quarter': '2Q', 'sales': 2128000000, 'gross_profit': 716000000, 'operating_profit': 71000000, 'source': 'jquants', 'updated_at': '2026-03-09T17:53:52.606130+09:00'})"
Arguments: ()
--- Logging error ---
Traceback (most recent call last):
  File "C:\Users\takuy\OneDrive\tdnet-excel-input\tools\sync_financials.py", line 96, in _request
    r.raise_for_status()
  File "C:\Users\takuy\OneDrive\tdnet-excel-input\.venv\Lib\site-packages\requests\models.py", line 1026, in raise_for_status
    raise HTTPError(http_error_msg, response=self)
requests.exceptions.HTTPError: 401 Client Error: Unauthorized for url: https://fvkvfekzoebcolssnteo.supabase.co/rest/v1/financials?on_conflict=ticker%2Cperiod%2Cquarter

During handling of the above exception, another exception occurred:

Traceback (most recent call last):
  File "C:\Users\takuy\AppData\Roaming\uv\python\cpython-3.11-windows-x86_64-none\Lib\logging\__init__.py", line 1113, in emit
    stream.write(msg + self.terminator)
UnicodeEncodeError: 'cp932' codec can't encode character '\u2014' in position 61: illegal multibyte sequence
Call stack:
  File "C:\Users\takuy\OneDrive\tdnet-excel-input\tools\sync_financials.py", line 538, in <module>
    main()
  File "C:\Users\takuy\OneDrive\tdnet-excel-input\tools\sync_financials.py", line 512, in main
    stats = sync(
  File "C:\Users\takuy\OneDrive\tdnet-excel-input\tools\sync_financials.py", line 348, in sync
    n = api.upsert_batch(table, chunk, on_conflict="ticker,period,quarter")
  File "C:\Users\takuy\OneDrive\tdnet-excel-input\tools\sync_financials.py", line 139, in upsert_batch
    self._request(
  File "C:\Users\takuy\OneDrive\tdnet-excel-input\tools\sync_financials.py", line 123, in _request
    logger.error(
Message: '[API] HTTP 0 \u2014 ���g���C�s��\n  ���X�|���X: {"code":"42501","details":null,"hint":null,"message":"new row violates row-level security policy for table \\"financials\\""}'
Arguments: ()
--- Logging error ---
Traceback (most recent call last):
  File "C:\Users\takuy\OneDrive\tdnet-excel-input\tools\sync_financials.py", line 348, in sync
    n = api.upsert_batch(table, chunk, on_conflict="ticker,period,quarter")
        ^^^^^^^^^^^^^^^^^^^^^^^^^^^^^^^^^^^^^^^^^^^^^^^^^^^^^^^^^^^^^^^^^^^
  File "C:\Users\takuy\OneDrive\tdnet-excel-input\tools\sync_financials.py", line 139, in upsert_batch
    self._request(
  File "C:\Users\takuy\OneDrive\tdnet-excel-input\tools\sync_financials.py", line 96, in _request
    r.raise_for_status()
  File "C:\Users\takuy\OneDrive\tdnet-excel-input\.venv\Lib\site-packages\requests\models.py", line 1026, in raise_for_status
    raise HTTPError(http_error_msg, response=self)
requests.exceptions.HTTPError: 401 Client Error: Unauthorized for url: https://fvkvfekzoebcolssnteo.supabase.co/rest/v1/financials?on_conflict=ticker%2Cperiod%2Cquarter

During handling of the above exception, another exception occurred:

Traceback (most recent call last):
  File "C:\Users\takuy\AppData\Roaming\uv\python\cpython-3.11-windows-x86_64-none\Lib\logging\__init__.py", line 1113, in emit
    stream.write(msg + self.terminator)
UnicodeEncodeError: 'cp932' codec can't encode character '\u2014' in position 72: illegal multibyte sequence
Call stack:
  File "C:\Users\takuy\OneDrive\tdnet-excel-input\tools\sync_financials.py", line 538, in <module>
    main()
  File "C:\Users\takuy\OneDrive\tdnet-excel-input\tools\sync_financials.py", line 512, in main
    stats = sync(
  File "C:\Users\takuy\OneDrive\tdnet-excel-input\tools\sync_financials.py", line 360, in sync
    logger.error(
Message: "  batch 111/145: FAILED \u2014 401 Client Error: Unauthorized for url: https://fvkvfekzoebcolssnteo.supabase.co/rest/v1/financials?on_conflict=ticker%2Cperiod%2Cquarter\n  (�擪�s: {'ticker': '77300', 'period': '2023-08-31', 'quarter': '3Q', 'sales': 18521000000, 'gross_profit': 11327000000, 'operating_profit': 5427000000, 'source': 'jquants', 'updated_at': '2026-03-09T17:53:52.606130+09:00'})"
Arguments: ()
--- Logging error ---
Traceback (most recent call last):
  File "C:\Users\takuy\OneDrive\tdnet-excel-input\tools\sync_financials.py", line 96, in _request
    r.raise_for_status()
  File "C:\Users\takuy\OneDrive\tdnet-excel-input\.venv\Lib\site-packages\requests\models.py", line 1026, in raise_for_status
    raise HTTPError(http_error_msg, response=self)
requests.exceptions.HTTPError: 401 Client Error: Unauthorized for url: https://fvkvfekzoebcolssnteo.supabase.co/rest/v1/financials?on_conflict=ticker%2Cperiod%2Cquarter

During handling of the above exception, another exception occurred:

Traceback (most recent call last):
  File "C:\Users\takuy\AppData\Roaming\uv\python\cpython-3.11-windows-x86_64-none\Lib\logging\__init__.py", line 1113, in emit
    stream.write(msg + self.terminator)
UnicodeEncodeError: 'cp932' codec can't encode character '\u2014' in position 61: illegal multibyte sequence
Call stack:
  File "C:\Users\takuy\OneDrive\tdnet-excel-input\tools\sync_financials.py", line 538, in <module>
    main()
  File "C:\Users\takuy\OneDrive\tdnet-excel-input\tools\sync_financials.py", line 512, in main
    stats = sync(
  File "C:\Users\takuy\OneDrive\tdnet-excel-input\tools\sync_financials.py", line 348, in sync
    n = api.upsert_batch(table, chunk, on_conflict="ticker,period,quarter")
  File "C:\Users\takuy\OneDrive\tdnet-excel-input\tools\sync_financials.py", line 139, in upsert_batch
    self._request(
  File "C:\Users\takuy\OneDrive\tdnet-excel-input\tools\sync_financials.py", line 123, in _request
    logger.error(
Message: '[API] HTTP 0 \u2014 ���g���C�s��\n  ���X�|���X: {"code":"42501","details":null,"hint":null,"message":"new row violates row-level security policy for table \\"financials\\""}'
Arguments: ()
--- Logging error ---
Traceback (most recent call last):
  File "C:\Users\takuy\OneDrive\tdnet-excel-input\tools\sync_financials.py", line 348, in sync
    n = api.upsert_batch(table, chunk, on_conflict="ticker,period,quarter")
        ^^^^^^^^^^^^^^^^^^^^^^^^^^^^^^^^^^^^^^^^^^^^^^^^^^^^^^^^^^^^^^^^^^^
  File "C:\Users\takuy\OneDrive\tdnet-excel-input\tools\sync_financials.py", line 139, in upsert_batch
    self._request(
  File "C:\Users\takuy\OneDrive\tdnet-excel-input\tools\sync_financials.py", line 96, in _request
    r.raise_for_status()
  File "C:\Users\takuy\OneDrive\tdnet-excel-input\.venv\Lib\site-packages\requests\models.py", line 1026, in raise_for_status
    raise HTTPError(http_error_msg, response=self)
requests.exceptions.HTTPError: 401 Client Error: Unauthorized for url: https://fvkvfekzoebcolssnteo.supabase.co/rest/v1/financials?on_conflict=ticker%2Cperiod%2Cquarter

During handling of the above exception, another exception occurred:

Traceback (most recent call last):
  File "C:\Users\takuy\AppData\Roaming\uv\python\cpython-3.11-windows-x86_64-none\Lib\logging\__init__.py", line 1113, in emit
    stream.write(msg + self.terminator)
UnicodeEncodeError: 'cp932' codec can't encode character '\u2014' in position 72: illegal multibyte sequence
Call stack:
  File "C:\Users\takuy\OneDrive\tdnet-excel-input\tools\sync_financials.py", line 538, in <module>
    main()
  File "C:\Users\takuy\OneDrive\tdnet-excel-input\tools\sync_financials.py", line 512, in main
    stats = sync(
  File "C:\Users\takuy\OneDrive\tdnet-excel-input\tools\sync_financials.py", line 360, in sync
    logger.error(
Message: "  batch 112/145: FAILED \u2014 401 Client Error: Unauthorized for url: https://fvkvfekzoebcolssnteo.supabase.co/rest/v1/financials?on_conflict=ticker%2Cperiod%2Cquarter\n  (�擪�s: {'ticker': '77800', 'period': '2023-03-31', 'quarter': '3Q', 'sales': 82463000000, 'gross_profit': 44372000000, 'operating_profit': 10585000000, 'source': 'jquants', 'updated_at': '2026-03-09T17:53:52.606130+09:00'})"
Arguments: ()
--- Logging error ---
Traceback (most recent call last):
  File "C:\Users\takuy\OneDrive\tdnet-excel-input\tools\sync_financials.py", line 96, in _request
    r.raise_for_status()
  File "C:\Users\takuy\OneDrive\tdnet-excel-input\.venv\Lib\site-packages\requests\models.py", line 1026, in raise_for_status
    raise HTTPError(http_error_msg, response=self)
requests.exceptions.HTTPError: 401 Client Error: Unauthorized for url: https://fvkvfekzoebcolssnteo.supabase.co/rest/v1/financials?on_conflict=ticker%2Cperiod%2Cquarter

During handling of the above exception, another exception occurred:

Traceback (most recent call last):
  File "C:\Users\takuy\AppData\Roaming\uv\python\cpython-3.11-windows-x86_64-none\Lib\logging\__init__.py", line 1113, in emit
    stream.write(msg + self.terminator)
UnicodeEncodeError: 'cp932' codec can't encode character '\u2014' in position 61: illegal multibyte sequence
Call stack:
  File "C:\Users\takuy\OneDrive\tdnet-excel-input\tools\sync_financials.py", line 538, in <module>
    main()
  File "C:\Users\takuy\OneDrive\tdnet-excel-input\tools\sync_financials.py", line 512, in main
    stats = sync(
  File "C:\Users\takuy\OneDrive\tdnet-excel-input\tools\sync_financials.py", line 348, in sync
    n = api.upsert_batch(table, chunk, on_conflict="ticker,period,quarter")
  File "C:\Users\takuy\OneDrive\tdnet-excel-input\tools\sync_financials.py", line 139, in upsert_batch
    self._request(
  File "C:\Users\takuy\OneDrive\tdnet-excel-input\tools\sync_financials.py", line 123, in _request
    logger.error(
Message: '[API] HTTP 0 \u2014 ���g���C�s��\n  ���X�|���X: {"code":"42501","details":null,"hint":null,"message":"new row violates row-level security policy for table \\"financials\\""}'
Arguments: ()
--- Logging error ---
Traceback (most recent call last):
  File "C:\Users\takuy\OneDrive\tdnet-excel-input\tools\sync_financials.py", line 348, in sync
    n = api.upsert_batch(table, chunk, on_conflict="ticker,period,quarter")
        ^^^^^^^^^^^^^^^^^^^^^^^^^^^^^^^^^^^^^^^^^^^^^^^^^^^^^^^^^^^^^^^^^^^
  File "C:\Users\takuy\OneDrive\tdnet-excel-input\tools\sync_financials.py", line 139, in upsert_batch
    self._request(
  File "C:\Users\takuy\OneDrive\tdnet-excel-input\tools\sync_financials.py", line 96, in _request
    r.raise_for_status()
  File "C:\Users\takuy\OneDrive\tdnet-excel-input\.venv\Lib\site-packages\requests\models.py", line 1026, in raise_for_status
    raise HTTPError(http_error_msg, response=self)
requests.exceptions.HTTPError: 401 Client Error: Unauthorized for url: https://fvkvfekzoebcolssnteo.supabase.co/rest/v1/financials?on_conflict=ticker%2Cperiod%2Cquarter

During handling of the above exception, another exception occurred:

Traceback (most recent call last):
  File "C:\Users\takuy\AppData\Roaming\uv\python\cpython-3.11-windows-x86_64-none\Lib\logging\__init__.py", line 1113, in emit
    stream.write(msg + self.terminator)
UnicodeEncodeError: 'cp932' codec can't encode character '\u2014' in position 72: illegal multibyte sequence
Call stack:
  File "C:\Users\takuy\OneDrive\tdnet-excel-input\tools\sync_financials.py", line 538, in <module>
    main()
  File "C:\Users\takuy\OneDrive\tdnet-excel-input\tools\sync_financials.py", line 512, in main
    stats = sync(
  File "C:\Users\takuy\OneDrive\tdnet-excel-input\tools\sync_financials.py", line 360, in sync
    logger.error(
Message: "  batch 113/145: FAILED \u2014 401 Client Error: Unauthorized for url: https://fvkvfekzoebcolssnteo.supabase.co/rest/v1/financials?on_conflict=ticker%2Cperiod%2Cquarter\n  (�擪�s: {'ticker': '78220', 'period': '2021-03-31', 'quarter': 'FY', 'sales': 55814000000, 'gross_profit': 14001000000, 'operating_profit': -383000000, 'source': 'jquants', 'updated_at': '2026-03-09T17:53:52.606130+09:00'})"
Arguments: ()
--- Logging error ---
Traceback (most recent call last):
  File "C:\Users\takuy\OneDrive\tdnet-excel-input\tools\sync_financials.py", line 96, in _request
    r.raise_for_status()
  File "C:\Users\takuy\OneDrive\tdnet-excel-input\.venv\Lib\site-packages\requests\models.py", line 1026, in raise_for_status
    raise HTTPError(http_error_msg, response=self)
requests.exceptions.HTTPError: 401 Client Error: Unauthorized for url: https://fvkvfekzoebcolssnteo.supabase.co/rest/v1/financials?on_conflict=ticker%2Cperiod%2Cquarter

During handling of the above exception, another exception occurred:

Traceback (most recent call last):
  File "C:\Users\takuy\AppData\Roaming\uv\python\cpython-3.11-windows-x86_64-none\Lib\logging\__init__.py", line 1113, in emit
    stream.write(msg + self.terminator)
UnicodeEncodeError: 'cp932' codec can't encode character '\u2014' in position 61: illegal multibyte sequence
Call stack:
  File "C:\Users\takuy\OneDrive\tdnet-excel-input\tools\sync_financials.py", line 538, in <module>
    main()
  File "C:\Users\takuy\OneDrive\tdnet-excel-input\tools\sync_financials.py", line 512, in main
    stats = sync(
  File "C:\Users\takuy\OneDrive\tdnet-excel-input\tools\sync_financials.py", line 348, in sync
    n = api.upsert_batch(table, chunk, on_conflict="ticker,period,quarter")
  File "C:\Users\takuy\OneDrive\tdnet-excel-input\tools\sync_financials.py", line 139, in upsert_batch
    self._request(
  File "C:\Users\takuy\OneDrive\tdnet-excel-input\tools\sync_financials.py", line 123, in _request
    logger.error(
Message: '[API] HTTP 0 \u2014 ���g���C�s��\n  ���X�|���X: {"code":"42501","details":null,"hint":null,"message":"new row violates row-level security policy for table \\"financials\\""}'
Arguments: ()
--- Logging error ---
Traceback (most recent call last):
  File "C:\Users\takuy\OneDrive\tdnet-excel-input\tools\sync_financials.py", line 348, in sync
    n = api.upsert_batch(table, chunk, on_conflict="ticker,period,quarter")
        ^^^^^^^^^^^^^^^^^^^^^^^^^^^^^^^^^^^^^^^^^^^^^^^^^^^^^^^^^^^^^^^^^^^
  File "C:\Users\takuy\OneDrive\tdnet-excel-input\tools\sync_financials.py", line 139, in upsert_batch
    self._request(
  File "C:\Users\takuy\OneDrive\tdnet-excel-input\tools\sync_financials.py", line 96, in _request
    r.raise_for_status()
  File "C:\Users\takuy\OneDrive\tdnet-excel-input\.venv\Lib\site-packages\requests\models.py", line 1026, in raise_for_status
    raise HTTPError(http_error_msg, response=self)
requests.exceptions.HTTPError: 401 Client Error: Unauthorized for url: https://fvkvfekzoebcolssnteo.supabase.co/rest/v1/financials?on_conflict=ticker%2Cperiod%2Cquarter

During handling of the above exception, another exception occurred:

Traceback (most recent call last):
  File "C:\Users\takuy\AppData\Roaming\uv\python\cpython-3.11-windows-x86_64-none\Lib\logging\__init__.py", line 1113, in emit
    stream.write(msg + self.terminator)
UnicodeEncodeError: 'cp932' codec can't encode character '\u2014' in position 72: illegal multibyte sequence
Call stack:
  File "C:\Users\takuy\OneDrive\tdnet-excel-input\tools\sync_financials.py", line 538, in <module>
    main()
  File "C:\Users\takuy\OneDrive\tdnet-excel-input\tools\sync_financials.py", line 512, in main
    stats = sync(
  File "C:\Users\takuy\OneDrive\tdnet-excel-input\tools\sync_financials.py", line 360, in sync
    logger.error(
Message: "  batch 114/145: FAILED \u2014 401 Client Error: Unauthorized for url: https://fvkvfekzoebcolssnteo.supabase.co/rest/v1/financials?on_conflict=ticker%2Cperiod%2Cquarter\n  (�擪�s: {'ticker': '78650', 'period': '2025-01-20', 'quarter': '2Q', 'sales': 718000000, 'gross_profit': 330951000, 'operating_profit': -147000000, 'source': 'jquants', 'updated_at': '2026-03-09T17:53:52.606130+09:00'})"
Arguments: ()
--- Logging error ---
Traceback (most recent call last):
  File "C:\Users\takuy\OneDrive\tdnet-excel-input\tools\sync_financials.py", line 96, in _request
    r.raise_for_status()
  File "C:\Users\takuy\OneDrive\tdnet-excel-input\.venv\Lib\site-packages\requests\models.py", line 1026, in raise_for_status
    raise HTTPError(http_error_msg, response=self)
requests.exceptions.HTTPError: 401 Client Error: Unauthorized for url: https://fvkvfekzoebcolssnteo.supabase.co/rest/v1/financials?on_conflict=ticker%2Cperiod%2Cquarter

During handling of the above exception, another exception occurred:

Traceback (most recent call last):
  File "C:\Users\takuy\AppData\Roaming\uv\python\cpython-3.11-windows-x86_64-none\Lib\logging\__init__.py", line 1113, in emit
    stream.write(msg + self.terminator)
UnicodeEncodeError: 'cp932' codec can't encode character '\u2014' in position 61: illegal multibyte sequence
Call stack:
  File "C:\Users\takuy\OneDrive\tdnet-excel-input\tools\sync_financials.py", line 538, in <module>
    main()
  File "C:\Users\takuy\OneDrive\tdnet-excel-input\tools\sync_financials.py", line 512, in main
    stats = sync(
  File "C:\Users\takuy\OneDrive\tdnet-excel-input\tools\sync_financials.py", line 348, in sync
    n = api.upsert_batch(table, chunk, on_conflict="ticker,period,quarter")
  File "C:\Users\takuy\OneDrive\tdnet-excel-input\tools\sync_financials.py", line 139, in upsert_batch
    self._request(
  File "C:\Users\takuy\OneDrive\tdnet-excel-input\tools\sync_financials.py", line 123, in _request
    logger.error(
Message: '[API] HTTP 0 \u2014 ���g���C�s��\n  ���X�|���X: {"code":"42501","details":null,"hint":null,"message":"new row violates row-level security policy for table \\"financials\\""}'
Arguments: ()
--- Logging error ---
Traceback (most recent call last):
  File "C:\Users\takuy\OneDrive\tdnet-excel-input\tools\sync_financials.py", line 348, in sync
    n = api.upsert_batch(table, chunk, on_conflict="ticker,period,quarter")
        ^^^^^^^^^^^^^^^^^^^^^^^^^^^^^^^^^^^^^^^^^^^^^^^^^^^^^^^^^^^^^^^^^^^
  File "C:\Users\takuy\OneDrive\tdnet-excel-input\tools\sync_financials.py", line 139, in upsert_batch
    self._request(
  File "C:\Users\takuy\OneDrive\tdnet-excel-input\tools\sync_financials.py", line 96, in _request
    r.raise_for_status()
  File "C:\Users\takuy\OneDrive\tdnet-excel-input\.venv\Lib\site-packages\requests\models.py", line 1026, in raise_for_status
    raise HTTPError(http_error_msg, response=self)
requests.exceptions.HTTPError: 401 Client Error: Unauthorized for url: https://fvkvfekzoebcolssnteo.supabase.co/rest/v1/financials?on_conflict=ticker%2Cperiod%2Cquarter

During handling of the above exception, another exception occurred:

Traceback (most recent call last):
  File "C:\Users\takuy\AppData\Roaming\uv\python\cpython-3.11-windows-x86_64-none\Lib\logging\__init__.py", line 1113, in emit
    stream.write(msg + self.terminator)
UnicodeEncodeError: 'cp932' codec can't encode character '\u2014' in position 72: illegal multibyte sequence
Call stack:
  File "C:\Users\takuy\OneDrive\tdnet-excel-input\tools\sync_financials.py", line 538, in <module>
    main()
  File "C:\Users\takuy\OneDrive\tdnet-excel-input\tools\sync_financials.py", line 512, in main
    stats = sync(
  File "C:\Users\takuy\OneDrive\tdnet-excel-input\tools\sync_financials.py", line 360, in sync
    logger.error(
Message: "  batch 115/145: FAILED \u2014 401 Client Error: Unauthorized for url: https://fvkvfekzoebcolssnteo.supabase.co/rest/v1/financials?on_conflict=ticker%2Cperiod%2Cquarter\n  (�擪�s: {'ticker': '79140', 'period': '2023-03-31', 'quarter': 'FY', 'sales': 93363000000, 'gross_profit': 17286000000, 'operating_profit': 775000000, 'source': 'jquants', 'updated_at': '2026-03-09T17:53:52.606130+09:00'})"
Arguments: ()
--- Logging error ---
Traceback (most recent call last):
  File "C:\Users\takuy\OneDrive\tdnet-excel-input\tools\sync_financials.py", line 96, in _request
    r.raise_for_status()
  File "C:\Users\takuy\OneDrive\tdnet-excel-input\.venv\Lib\site-packages\requests\models.py", line 1026, in raise_for_status
    raise HTTPError(http_error_msg, response=self)
requests.exceptions.HTTPError: 401 Client Error: Unauthorized for url: https://fvkvfekzoebcolssnteo.supabase.co/rest/v1/financials?on_conflict=ticker%2Cperiod%2Cquarter

During handling of the above exception, another exception occurred:

Traceback (most recent call last):
  File "C:\Users\takuy\AppData\Roaming\uv\python\cpython-3.11-windows-x86_64-none\Lib\logging\__init__.py", line 1113, in emit
    stream.write(msg + self.terminator)
UnicodeEncodeError: 'cp932' codec can't encode character '\u2014' in position 61: illegal multibyte sequence
Call stack:
  File "C:\Users\takuy\OneDrive\tdnet-excel-input\tools\sync_financials.py", line 538, in <module>
    main()
  File "C:\Users\takuy\OneDrive\tdnet-excel-input\tools\sync_financials.py", line 512, in main
    stats = sync(
  File "C:\Users\takuy\OneDrive\tdnet-excel-input\tools\sync_financials.py", line 348, in sync
    n = api.upsert_batch(table, chunk, on_conflict="ticker,period,quarter")
  File "C:\Users\takuy\OneDrive\tdnet-excel-input\tools\sync_financials.py", line 139, in upsert_batch
    self._request(
  File "C:\Users\takuy\OneDrive\tdnet-excel-input\tools\sync_financials.py", line 123, in _request
    logger.error(
Message: '[API] HTTP 0 \u2014 ���g���C�s��\n  ���X�|���X: {"code":"42501","details":null,"hint":null,"message":"new row violates row-level security policy for table \\"financials\\""}'
Arguments: ()
--- Logging error ---
Traceback (most recent call last):
  File "C:\Users\takuy\OneDrive\tdnet-excel-input\tools\sync_financials.py", line 348, in sync
    n = api.upsert_batch(table, chunk, on_conflict="ticker,period,quarter")
        ^^^^^^^^^^^^^^^^^^^^^^^^^^^^^^^^^^^^^^^^^^^^^^^^^^^^^^^^^^^^^^^^^^^
  File "C:\Users\takuy\OneDrive\tdnet-excel-input\tools\sync_financials.py", line 139, in upsert_batch
    self._request(
  File "C:\Users\takuy\OneDrive\tdnet-excel-input\tools\sync_financials.py", line 96, in _request
    r.raise_for_status()
  File "C:\Users\takuy\OneDrive\tdnet-excel-input\.venv\Lib\site-packages\requests\models.py", line 1026, in raise_for_status
    raise HTTPError(http_error_msg, response=self)
requests.exceptions.HTTPError: 401 Client Error: Unauthorized for url: https://fvkvfekzoebcolssnteo.supabase.co/rest/v1/financials?on_conflict=ticker%2Cperiod%2Cquarter

During handling of the above exception, another exception occurred:

Traceback (most recent call last):
  File "C:\Users\takuy\AppData\Roaming\uv\python\cpython-3.11-windows-x86_64-none\Lib\logging\__init__.py", line 1113, in emit
    stream.write(msg + self.terminator)
UnicodeEncodeError: 'cp932' codec can't encode character '\u2014' in position 72: illegal multibyte sequence
Call stack:
  File "C:\Users\takuy\OneDrive\tdnet-excel-input\tools\sync_financials.py", line 538, in <module>
    main()
  File "C:\Users\takuy\OneDrive\tdnet-excel-input\tools\sync_financials.py", line 512, in main
    stats = sync(
  File "C:\Users\takuy\OneDrive\tdnet-excel-input\tools\sync_financials.py", line 360, in sync
    logger.error(
Message: "  batch 116/145: FAILED \u2014 401 Client Error: Unauthorized for url: https://fvkvfekzoebcolssnteo.supabase.co/rest/v1/financials?on_conflict=ticker%2Cperiod%2Cquarter\n  (�擪�s: {'ticker': '79510', 'period': '2023-03-31', 'quarter': '2Q', 'sales': 218009000000, 'gross_profit': 84185000000, 'operating_profit': 24743000000, 'source': 'jquants', 'updated_at': '2026-03-09T17:53:52.606130+09:00'})"
Arguments: ()
--- Logging error ---
Traceback (most recent call last):
  File "C:\Users\takuy\OneDrive\tdnet-excel-input\tools\sync_financials.py", line 96, in _request
    r.raise_for_status()
  File "C:\Users\takuy\OneDrive\tdnet-excel-input\.venv\Lib\site-packages\requests\models.py", line 1026, in raise_for_status
    raise HTTPError(http_error_msg, response=self)
requests.exceptions.HTTPError: 401 Client Error: Unauthorized for url: https://fvkvfekzoebcolssnteo.supabase.co/rest/v1/financials?on_conflict=ticker%2Cperiod%2Cquarter

During handling of the above exception, another exception occurred:

Traceback (most recent call last):
  File "C:\Users\takuy\AppData\Roaming\uv\python\cpython-3.11-windows-x86_64-none\Lib\logging\__init__.py", line 1113, in emit
    stream.write(msg + self.terminator)
UnicodeEncodeError: 'cp932' codec can't encode character '\u2014' in position 61: illegal multibyte sequence
Call stack:
  File "C:\Users\takuy\OneDrive\tdnet-excel-input\tools\sync_financials.py", line 538, in <module>
    main()
  File "C:\Users\takuy\OneDrive\tdnet-excel-input\tools\sync_financials.py", line 512, in main
    stats = sync(
  File "C:\Users\takuy\OneDrive\tdnet-excel-input\tools\sync_financials.py", line 348, in sync
    n = api.upsert_batch(table, chunk, on_conflict="ticker,period,quarter")
  File "C:\Users\takuy\OneDrive\tdnet-excel-input\tools\sync_financials.py", line 139, in upsert_batch
    self._request(
  File "C:\Users\takuy\OneDrive\tdnet-excel-input\tools\sync_financials.py", line 123, in _request
    logger.error(
Message: '[API] HTTP 0 \u2014 ���g���C�s��\n  ���X�|���X: {"code":"42501","details":null,"hint":null,"message":"new row violates row-level security policy for table \\"financials\\""}'
Arguments: ()
--- Logging error ---
Traceback (most recent call last):
  File "C:\Users\takuy\OneDrive\tdnet-excel-input\tools\sync_financials.py", line 348, in sync
    n = api.upsert_batch(table, chunk, on_conflict="ticker,period,quarter")
        ^^^^^^^^^^^^^^^^^^^^^^^^^^^^^^^^^^^^^^^^^^^^^^^^^^^^^^^^^^^^^^^^^^^
  File "C:\Users\takuy\OneDrive\tdnet-excel-input\tools\sync_financials.py", line 139, in upsert_batch
    self._request(
  File "C:\Users\takuy\OneDrive\tdnet-excel-input\tools\sync_financials.py", line 96, in _request
    r.raise_for_status()
  File "C:\Users\takuy\OneDrive\tdnet-excel-input\.venv\Lib\site-packages\requests\models.py", line 1026, in raise_for_status
    raise HTTPError(http_error_msg, response=self)
requests.exceptions.HTTPError: 401 Client Error: Unauthorized for url: https://fvkvfekzoebcolssnteo.supabase.co/rest/v1/financials?on_conflict=ticker%2Cperiod%2Cquarter

During handling of the above exception, another exception occurred:

Traceback (most recent call last):
  File "C:\Users\takuy\AppData\Roaming\uv\python\cpython-3.11-windows-x86_64-none\Lib\logging\__init__.py", line 1113, in emit
    stream.write(msg + self.terminator)
UnicodeEncodeError: 'cp932' codec can't encode character '\u2014' in position 72: illegal multibyte sequence
Call stack:
  File "C:\Users\takuy\OneDrive\tdnet-excel-input\tools\sync_financials.py", line 538, in <module>
    main()
  File "C:\Users\takuy\OneDrive\tdnet-excel-input\tools\sync_financials.py", line 512, in main
    stats = sync(
  File "C:\Users\takuy\OneDrive\tdnet-excel-input\tools\sync_financials.py", line 360, in sync
    logger.error(
Message: "  batch 117/145: FAILED \u2014 401 Client Error: Unauthorized for url: https://fvkvfekzoebcolssnteo.supabase.co/rest/v1/financials?on_conflict=ticker%2Cperiod%2Cquarter\n  (�擪�s: {'ticker': '79890', 'period': '2021-12-31', 'quarter': 'FY', 'sales': 41236000000, 'gross_profit': 17891867000, 'operating_profit': 4557000000, 'source': 'jquants', 'updated_at': '2026-03-09T17:53:52.606130+09:00'})"
Arguments: ()
--- Logging error ---
Traceback (most recent call last):
  File "C:\Users\takuy\OneDrive\tdnet-excel-input\tools\sync_financials.py", line 96, in _request
    r.raise_for_status()
  File "C:\Users\takuy\OneDrive\tdnet-excel-input\.venv\Lib\site-packages\requests\models.py", line 1026, in raise_for_status
    raise HTTPError(http_error_msg, response=self)
requests.exceptions.HTTPError: 401 Client Error: Unauthorized for url: https://fvkvfekzoebcolssnteo.supabase.co/rest/v1/financials?on_conflict=ticker%2Cperiod%2Cquarter

During handling of the above exception, another exception occurred:

Traceback (most recent call last):
  File "C:\Users\takuy\AppData\Roaming\uv\python\cpython-3.11-windows-x86_64-none\Lib\logging\__init__.py", line 1113, in emit
    stream.write(msg + self.terminator)
UnicodeEncodeError: 'cp932' codec can't encode character '\u2014' in position 61: illegal multibyte sequence
Call stack:
  File "C:\Users\takuy\OneDrive\tdnet-excel-input\tools\sync_financials.py", line 538, in <module>
    main()
  File "C:\Users\takuy\OneDrive\tdnet-excel-input\tools\sync_financials.py", line 512, in main
    stats = sync(
  File "C:\Users\takuy\OneDrive\tdnet-excel-input\tools\sync_financials.py", line 348, in sync
    n = api.upsert_batch(table, chunk, on_conflict="ticker,period,quarter")
  File "C:\Users\takuy\OneDrive\tdnet-excel-input\tools\sync_financials.py", line 139, in upsert_batch
    self._request(
  File "C:\Users\takuy\OneDrive\tdnet-excel-input\tools\sync_financials.py", line 123, in _request
    logger.error(
Message: '[API] HTTP 0 \u2014 ���g���C�s��\n  ���X�|���X: {"code":"42501","details":null,"hint":null,"message":"new row violates row-level security policy for table \\"financials\\""}'
Arguments: ()
--- Logging error ---
Traceback (most recent call last):
  File "C:\Users\takuy\OneDrive\tdnet-excel-input\tools\sync_financials.py", line 348, in sync
    n = api.upsert_batch(table, chunk, on_conflict="ticker,period,quarter")
        ^^^^^^^^^^^^^^^^^^^^^^^^^^^^^^^^^^^^^^^^^^^^^^^^^^^^^^^^^^^^^^^^^^^
  File "C:\Users\takuy\OneDrive\tdnet-excel-input\tools\sync_financials.py", line 139, in upsert_batch
    self._request(
  File "C:\Users\takuy\OneDrive\tdnet-excel-input\tools\sync_financials.py", line 96, in _request
    r.raise_for_status()
  File "C:\Users\takuy\OneDrive\tdnet-excel-input\.venv\Lib\site-packages\requests\models.py", line 1026, in raise_for_status
    raise HTTPError(http_error_msg, response=self)
requests.exceptions.HTTPError: 401 Client Error: Unauthorized for url: https://fvkvfekzoebcolssnteo.supabase.co/rest/v1/financials?on_conflict=ticker%2Cperiod%2Cquarter

During handling of the above exception, another exception occurred:

Traceback (most recent call last):
  File "C:\Users\takuy\AppData\Roaming\uv\python\cpython-3.11-windows-x86_64-none\Lib\logging\__init__.py", line 1113, in emit
    stream.write(msg + self.terminator)
UnicodeEncodeError: 'cp932' codec can't encode character '\u2014' in position 72: illegal multibyte sequence
Call stack:
  File "C:\Users\takuy\OneDrive\tdnet-excel-input\tools\sync_financials.py", line 538, in <module>
    main()
  File "C:\Users\takuy\OneDrive\tdnet-excel-input\tools\sync_financials.py", line 512, in main
    stats = sync(
  File "C:\Users\takuy\OneDrive\tdnet-excel-input\tools\sync_financials.py", line 360, in sync
    logger.error(
Message: "  batch 118/145: FAILED \u2014 401 Client Error: Unauthorized for url: https://fvkvfekzoebcolssnteo.supabase.co/rest/v1/financials?on_conflict=ticker%2Cperiod%2Cquarter\n  (�擪�s: {'ticker': '80250', 'period': '2026-03-31', 'quarter': '1Q', 'sales': 2204000000, 'gross_profit': 598463000, 'operating_profit': -214000000, 'source': 'jquants', 'updated_at': '2026-03-09T17:53:52.606130+09:00'})"
Arguments: ()
--- Logging error ---
Traceback (most recent call last):
  File "C:\Users\takuy\OneDrive\tdnet-excel-input\tools\sync_financials.py", line 96, in _request
    r.raise_for_status()
  File "C:\Users\takuy\OneDrive\tdnet-excel-input\.venv\Lib\site-packages\requests\models.py", line 1026, in raise_for_status
    raise HTTPError(http_error_msg, response=self)
requests.exceptions.HTTPError: 401 Client Error: Unauthorized for url: https://fvkvfekzoebcolssnteo.supabase.co/rest/v1/financials?on_conflict=ticker%2Cperiod%2Cquarter

During handling of the above exception, another exception occurred:

Traceback (most recent call last):
  File "C:\Users\takuy\AppData\Roaming\uv\python\cpython-3.11-windows-x86_64-none\Lib\logging\__init__.py", line 1113, in emit
    stream.write(msg + self.terminator)
UnicodeEncodeError: 'cp932' codec can't encode character '\u2014' in position 61: illegal multibyte sequence
Call stack:
  File "C:\Users\takuy\OneDrive\tdnet-excel-input\tools\sync_financials.py", line 538, in <module>
    main()
  File "C:\Users\takuy\OneDrive\tdnet-excel-input\tools\sync_financials.py", line 512, in main
    stats = sync(
  File "C:\Users\takuy\OneDrive\tdnet-excel-input\tools\sync_financials.py", line 348, in sync
    n = api.upsert_batch(table, chunk, on_conflict="ticker,period,quarter")
  File "C:\Users\takuy\OneDrive\tdnet-excel-input\tools\sync_financials.py", line 139, in upsert_batch
    self._request(
  File "C:\Users\takuy\OneDrive\tdnet-excel-input\tools\sync_financials.py", line 123, in _request
    logger.error(
Message: '[API] HTTP 0 \u2014 ���g���C�s��\n  ���X�|���X: {"code":"42501","details":null,"hint":null,"message":"new row violates row-level security policy for table \\"financials\\""}'
Arguments: ()
--- Logging error ---
Traceback (most recent call last):
  File "C:\Users\takuy\OneDrive\tdnet-excel-input\tools\sync_financials.py", line 348, in sync
    n = api.upsert_batch(table, chunk, on_conflict="ticker,period,quarter")
        ^^^^^^^^^^^^^^^^^^^^^^^^^^^^^^^^^^^^^^^^^^^^^^^^^^^^^^^^^^^^^^^^^^^
  File "C:\Users\takuy\OneDrive\tdnet-excel-input\tools\sync_financials.py", line 139, in upsert_batch
    self._request(
  File "C:\Users\takuy\OneDrive\tdnet-excel-input\tools\sync_financials.py", line 96, in _request
    r.raise_for_status()
  File "C:\Users\takuy\OneDrive\tdnet-excel-input\.venv\Lib\site-packages\requests\models.py", line 1026, in raise_for_status
    raise HTTPError(http_error_msg, response=self)
requests.exceptions.HTTPError: 401 Client Error: Unauthorized for url: https://fvkvfekzoebcolssnteo.supabase.co/rest/v1/financials?on_conflict=ticker%2Cperiod%2Cquarter

During handling of the above exception, another exception occurred:

Traceback (most recent call last):
  File "C:\Users\takuy\AppData\Roaming\uv\python\cpython-3.11-windows-x86_64-none\Lib\logging\__init__.py", line 1113, in emit
    stream.write(msg + self.terminator)
UnicodeEncodeError: 'cp932' codec can't encode character '\u2014' in position 72: illegal multibyte sequence
Call stack:
  File "C:\Users\takuy\OneDrive\tdnet-excel-input\tools\sync_financials.py", line 538, in <module>
    main()
  File "C:\Users\takuy\OneDrive\tdnet-excel-input\tools\sync_financials.py", line 512, in main
    stats = sync(
  File "C:\Users\takuy\OneDrive\tdnet-excel-input\tools\sync_financials.py", line 360, in sync
    logger.error(
Message: "  batch 119/145: FAILED \u2014 401 Client Error: Unauthorized for url: https://fvkvfekzoebcolssnteo.supabase.co/rest/v1/financials?on_conflict=ticker%2Cperiod%2Cquarter\n  (�擪�s: {'ticker': '80700', 'period': '2025-03-31', 'quarter': '1Q', 'sales': 22470000000, 'gross_profit': 1993000000, 'operating_profit': 299000000, 'source': 'jquants', 'updated_at': '2026-03-09T17:53:52.606130+09:00'})"
Arguments: ()
--- Logging error ---
Traceback (most recent call last):
  File "C:\Users\takuy\OneDrive\tdnet-excel-input\tools\sync_financials.py", line 96, in _request
    r.raise_for_status()
  File "C:\Users\takuy\OneDrive\tdnet-excel-input\.venv\Lib\site-packages\requests\models.py", line 1026, in raise_for_status
    raise HTTPError(http_error_msg, response=self)
requests.exceptions.HTTPError: 401 Client Error: Unauthorized for url: https://fvkvfekzoebcolssnteo.supabase.co/rest/v1/financials?on_conflict=ticker%2Cperiod%2Cquarter

During handling of the above exception, another exception occurred:

Traceback (most recent call last):
  File "C:\Users\takuy\AppData\Roaming\uv\python\cpython-3.11-windows-x86_64-none\Lib\logging\__init__.py", line 1113, in emit
    stream.write(msg + self.terminator)
UnicodeEncodeError: 'cp932' codec can't encode character '\u2014' in position 61: illegal multibyte sequence
Call stack:
  File "C:\Users\takuy\OneDrive\tdnet-excel-input\tools\sync_financials.py", line 538, in <module>
    main()
  File "C:\Users\takuy\OneDrive\tdnet-excel-input\tools\sync_financials.py", line 512, in main
    stats = sync(
  File "C:\Users\takuy\OneDrive\tdnet-excel-input\tools\sync_financials.py", line 348, in sync
    n = api.upsert_batch(table, chunk, on_conflict="ticker,period,quarter")
  File "C:\Users\takuy\OneDrive\tdnet-excel-input\tools\sync_financials.py", line 139, in upsert_batch
    self._request(
  File "C:\Users\takuy\OneDrive\tdnet-excel-input\tools\sync_financials.py", line 123, in _request
    logger.error(
Message: '[API] HTTP 0 \u2014 ���g���C�s��\n  ���X�|���X: {"code":"42501","details":null,"hint":null,"message":"new row violates row-level security policy for table \\"financials\\""}'
Arguments: ()
--- Logging error ---
Traceback (most recent call last):
  File "C:\Users\takuy\OneDrive\tdnet-excel-input\tools\sync_financials.py", line 348, in sync
    n = api.upsert_batch(table, chunk, on_conflict="ticker,period,quarter")
        ^^^^^^^^^^^^^^^^^^^^^^^^^^^^^^^^^^^^^^^^^^^^^^^^^^^^^^^^^^^^^^^^^^^
  File "C:\Users\takuy\OneDrive\tdnet-excel-input\tools\sync_financials.py", line 139, in upsert_batch
    self._request(
  File "C:\Users\takuy\OneDrive\tdnet-excel-input\tools\sync_financials.py", line 96, in _request
    r.raise_for_status()
  File "C:\Users\takuy\OneDrive\tdnet-excel-input\.venv\Lib\site-packages\requests\models.py", line 1026, in raise_for_status
    raise HTTPError(http_error_msg, response=self)
requests.exceptions.HTTPError: 401 Client Error: Unauthorized for url: https://fvkvfekzoebcolssnteo.supabase.co/rest/v1/financials?on_conflict=ticker%2Cperiod%2Cquarter

During handling of the above exception, another exception occurred:

Traceback (most recent call last):
  File "C:\Users\takuy\AppData\Roaming\uv\python\cpython-3.11-windows-x86_64-none\Lib\logging\__init__.py", line 1113, in emit
    stream.write(msg + self.terminator)
UnicodeEncodeError: 'cp932' codec can't encode character '\u2014' in position 72: illegal multibyte sequence
Call stack:
  File "C:\Users\takuy\OneDrive\tdnet-excel-input\tools\sync_financials.py", line 538, in <module>
    main()
  File "C:\Users\takuy\OneDrive\tdnet-excel-input\tools\sync_financials.py", line 512, in main
    stats = sync(
  File "C:\Users\takuy\OneDrive\tdnet-excel-input\tools\sync_financials.py", line 360, in sync
    logger.error(
Message: "  batch 120/145: FAILED \u2014 401 Client Error: Unauthorized for url: https://fvkvfekzoebcolssnteo.supabase.co/rest/v1/financials?on_conflict=ticker%2Cperiod%2Cquarter\n  (�擪�s: {'ticker': '81150', 'period': '2024-03-31', 'quarter': '3Q', 'sales': 8306000000, 'gross_profit': 3494894000, 'operating_profit': 530000000, 'source': 'jquants', 'updated_at': '2026-03-09T17:53:52.606130+09:00'})"
Arguments: ()
--- Logging error ---
Traceback (most recent call last):
  File "C:\Users\takuy\OneDrive\tdnet-excel-input\tools\sync_financials.py", line 96, in _request
    r.raise_for_status()
  File "C:\Users\takuy\OneDrive\tdnet-excel-input\.venv\Lib\site-packages\requests\models.py", line 1026, in raise_for_status
    raise HTTPError(http_error_msg, response=self)
requests.exceptions.HTTPError: 401 Client Error: Unauthorized for url: https://fvkvfekzoebcolssnteo.supabase.co/rest/v1/financials?on_conflict=ticker%2Cperiod%2Cquarter

During handling of the above exception, another exception occurred:

Traceback (most recent call last):
  File "C:\Users\takuy\AppData\Roaming\uv\python\cpython-3.11-windows-x86_64-none\Lib\logging\__init__.py", line 1113, in emit
    stream.write(msg + self.terminator)
UnicodeEncodeError: 'cp932' codec can't encode character '\u2014' in position 61: illegal multibyte sequence
Call stack:
  File "C:\Users\takuy\OneDrive\tdnet-excel-input\tools\sync_financials.py", line 538, in <module>
    main()
  File "C:\Users\takuy\OneDrive\tdnet-excel-input\tools\sync_financials.py", line 512, in main
    stats = sync(
  File "C:\Users\takuy\OneDrive\tdnet-excel-input\tools\sync_financials.py", line 348, in sync
    n = api.upsert_batch(table, chunk, on_conflict="ticker,period,quarter")
  File "C:\Users\takuy\OneDrive\tdnet-excel-input\tools\sync_financials.py", line 139, in upsert_batch
    self._request(
  File "C:\Users\takuy\OneDrive\tdnet-excel-input\tools\sync_financials.py", line 123, in _request
    logger.error(
Message: '[API] HTTP 0 \u2014 ���g���C�s��\n  ���X�|���X: {"code":"42501","details":null,"hint":null,"message":"new row violates row-level security policy for table \\"financials\\""}'
Arguments: ()
--- Logging error ---
Traceback (most recent call last):
  File "C:\Users\takuy\OneDrive\tdnet-excel-input\tools\sync_financials.py", line 348, in sync
    n = api.upsert_batch(table, chunk, on_conflict="ticker,period,quarter")
        ^^^^^^^^^^^^^^^^^^^^^^^^^^^^^^^^^^^^^^^^^^^^^^^^^^^^^^^^^^^^^^^^^^^
  File "C:\Users\takuy\OneDrive\tdnet-excel-input\tools\sync_financials.py", line 139, in upsert_batch
    self._request(
  File "C:\Users\takuy\OneDrive\tdnet-excel-input\tools\sync_financials.py", line 96, in _request
    r.raise_for_status()
  File "C:\Users\takuy\OneDrive\tdnet-excel-input\.venv\Lib\site-packages\requests\models.py", line 1026, in raise_for_status
    raise HTTPError(http_error_msg, response=self)
requests.exceptions.HTTPError: 401 Client Error: Unauthorized for url: https://fvkvfekzoebcolssnteo.supabase.co/rest/v1/financials?on_conflict=ticker%2Cperiod%2Cquarter

During handling of the above exception, another exception occurred:

Traceback (most recent call last):
  File "C:\Users\takuy\AppData\Roaming\uv\python\cpython-3.11-windows-x86_64-none\Lib\logging\__init__.py", line 1113, in emit
    stream.write(msg + self.terminator)
UnicodeEncodeError: 'cp932' codec can't encode character '\u2014' in position 72: illegal multibyte sequence
Call stack:
  File "C:\Users\takuy\OneDrive\tdnet-excel-input\tools\sync_financials.py", line 538, in <module>
    main()
  File "C:\Users\takuy\OneDrive\tdnet-excel-input\tools\sync_financials.py", line 512, in main
    stats = sync(
  File "C:\Users\takuy\OneDrive\tdnet-excel-input\tools\sync_financials.py", line 360, in sync
    logger.error(
Message: "  batch 121/145: FAILED \u2014 401 Client Error: Unauthorized for url: https://fvkvfekzoebcolssnteo.supabase.co/rest/v1/financials?on_conflict=ticker%2Cperiod%2Cquarter\n  (�擪�s: {'ticker': '81530', 'period': '2023-03-31', 'quarter': 'FY', 'sales': 85059000000, 'gross_profit': 38580000000, 'operating_profit': 41000000, 'source': 'jquants', 'updated_at': '2026-03-09T17:53:52.606130+09:00'})"
Arguments: ()
--- Logging error ---
Traceback (most recent call last):
  File "C:\Users\takuy\OneDrive\tdnet-excel-input\tools\sync_financials.py", line 96, in _request
    r.raise_for_status()
  File "C:\Users\takuy\OneDrive\tdnet-excel-input\.venv\Lib\site-packages\requests\models.py", line 1026, in raise_for_status
    raise HTTPError(http_error_msg, response=self)
requests.exceptions.HTTPError: 401 Client Error: Unauthorized for url: https://fvkvfekzoebcolssnteo.supabase.co/rest/v1/financials?on_conflict=ticker%2Cperiod%2Cquarter

During handling of the above exception, another exception occurred:

Traceback (most recent call last):
  File "C:\Users\takuy\AppData\Roaming\uv\python\cpython-3.11-windows-x86_64-none\Lib\logging\__init__.py", line 1113, in emit
    stream.write(msg + self.terminator)
UnicodeEncodeError: 'cp932' codec can't encode character '\u2014' in position 61: illegal multibyte sequence
Call stack:
  File "C:\Users\takuy\OneDrive\tdnet-excel-input\tools\sync_financials.py", line 538, in <module>
    main()
  File "C:\Users\takuy\OneDrive\tdnet-excel-input\tools\sync_financials.py", line 512, in main
    stats = sync(
  File "C:\Users\takuy\OneDrive\tdnet-excel-input\tools\sync_financials.py", line 348, in sync
    n = api.upsert_batch(table, chunk, on_conflict="ticker,period,quarter")
  File "C:\Users\takuy\OneDrive\tdnet-excel-input\tools\sync_financials.py", line 139, in upsert_batch
    self._request(
  File "C:\Users\takuy\OneDrive\tdnet-excel-input\tools\sync_financials.py", line 123, in _request
    logger.error(
Message: '[API] HTTP 0 \u2014 ���g���C�s��\n  ���X�|���X: {"code":"42501","details":null,"hint":null,"message":"new row violates row-level security policy for table \\"financials\\""}'
Arguments: ()
--- Logging error ---
Traceback (most recent call last):
  File "C:\Users\takuy\OneDrive\tdnet-excel-input\tools\sync_financials.py", line 348, in sync
    n = api.upsert_batch(table, chunk, on_conflict="ticker,period,quarter")
        ^^^^^^^^^^^^^^^^^^^^^^^^^^^^^^^^^^^^^^^^^^^^^^^^^^^^^^^^^^^^^^^^^^^
  File "C:\Users\takuy\OneDrive\tdnet-excel-input\tools\sync_financials.py", line 139, in upsert_batch
    self._request(
  File "C:\Users\takuy\OneDrive\tdnet-excel-input\tools\sync_financials.py", line 96, in _request
    r.raise_for_status()
  File "C:\Users\takuy\OneDrive\tdnet-excel-input\.venv\Lib\site-packages\requests\models.py", line 1026, in raise_for_status
    raise HTTPError(http_error_msg, response=self)
requests.exceptions.HTTPError: 401 Client Error: Unauthorized for url: https://fvkvfekzoebcolssnteo.supabase.co/rest/v1/financials?on_conflict=ticker%2Cperiod%2Cquarter

During handling of the above exception, another exception occurred:

Traceback (most recent call last):
  File "C:\Users\takuy\AppData\Roaming\uv\python\cpython-3.11-windows-x86_64-none\Lib\logging\__init__.py", line 1113, in emit
    stream.write(msg + self.terminator)
UnicodeEncodeError: 'cp932' codec can't encode character '\u2014' in position 72: illegal multibyte sequence
Call stack:
  File "C:\Users\takuy\OneDrive\tdnet-excel-input\tools\sync_financials.py", line 538, in <module>
    main()
  File "C:\Users\takuy\OneDrive\tdnet-excel-input\tools\sync_financials.py", line 512, in main
    stats = sync(
  File "C:\Users\takuy\OneDrive\tdnet-excel-input\tools\sync_financials.py", line 360, in sync
    logger.error(
Message: "  batch 122/145: FAILED \u2014 401 Client Error: Unauthorized for url: https://fvkvfekzoebcolssnteo.supabase.co/rest/v1/financials?on_conflict=ticker%2Cperiod%2Cquarter\n  (�擪�s: {'ticker': '82190', 'period': '2022-03-31', 'quarter': 'FY', 'sales': 165961000000, 'gross_profit': 83709000000, 'operating_profit': 2181000000, 'source': 'jquants', 'updated_at': '2026-03-09T17:53:52.606130+09:00'})"
Arguments: ()
--- Logging error ---
Traceback (most recent call last):
  File "C:\Users\takuy\OneDrive\tdnet-excel-input\tools\sync_financials.py", line 96, in _request
    r.raise_for_status()
  File "C:\Users\takuy\OneDrive\tdnet-excel-input\.venv\Lib\site-packages\requests\models.py", line 1026, in raise_for_status
    raise HTTPError(http_error_msg, response=self)
requests.exceptions.HTTPError: 401 Client Error: Unauthorized for url: https://fvkvfekzoebcolssnteo.supabase.co/rest/v1/financials?on_conflict=ticker%2Cperiod%2Cquarter

During handling of the above exception, another exception occurred:

Traceback (most recent call last):
  File "C:\Users\takuy\AppData\Roaming\uv\python\cpython-3.11-windows-x86_64-none\Lib\logging\__init__.py", line 1113, in emit
    stream.write(msg + self.terminator)
UnicodeEncodeError: 'cp932' codec can't encode character '\u2014' in position 61: illegal multibyte sequence
Call stack:
  File "C:\Users\takuy\OneDrive\tdnet-excel-input\tools\sync_financials.py", line 538, in <module>
    main()
  File "C:\Users\takuy\OneDrive\tdnet-excel-input\tools\sync_financials.py", line 512, in main
    stats = sync(
  File "C:\Users\takuy\OneDrive\tdnet-excel-input\tools\sync_financials.py", line 348, in sync
    n = api.upsert_batch(table, chunk, on_conflict="ticker,period,quarter")
  File "C:\Users\takuy\OneDrive\tdnet-excel-input\tools\sync_financials.py", line 139, in upsert_batch
    self._request(
  File "C:\Users\takuy\OneDrive\tdnet-excel-input\tools\sync_financials.py", line 123, in _request
    logger.error(
Message: '[API] HTTP 0 \u2014 ���g���C�s��\n  ���X�|���X: {"code":"42501","details":null,"hint":null,"message":"new row violates row-level security policy for table \\"financials\\""}'
Arguments: ()
--- Logging error ---
Traceback (most recent call last):
  File "C:\Users\takuy\OneDrive\tdnet-excel-input\tools\sync_financials.py", line 348, in sync
    n = api.upsert_batch(table, chunk, on_conflict="ticker,period,quarter")
        ^^^^^^^^^^^^^^^^^^^^^^^^^^^^^^^^^^^^^^^^^^^^^^^^^^^^^^^^^^^^^^^^^^^
  File "C:\Users\takuy\OneDrive\tdnet-excel-input\tools\sync_financials.py", line 139, in upsert_batch
    self._request(
  File "C:\Users\takuy\OneDrive\tdnet-excel-input\tools\sync_financials.py", line 96, in _request
    r.raise_for_status()
  File "C:\Users\takuy\OneDrive\tdnet-excel-input\.venv\Lib\site-packages\requests\models.py", line 1026, in raise_for_status
    raise HTTPError(http_error_msg, response=self)
requests.exceptions.HTTPError: 401 Client Error: Unauthorized for url: https://fvkvfekzoebcolssnteo.supabase.co/rest/v1/financials?on_conflict=ticker%2Cperiod%2Cquarter

During handling of the above exception, another exception occurred:

Traceback (most recent call last):
  File "C:\Users\takuy\AppData\Roaming\uv\python\cpython-3.11-windows-x86_64-none\Lib\logging\__init__.py", line 1113, in emit
    stream.write(msg + self.terminator)
UnicodeEncodeError: 'cp932' codec can't encode character '\u2014' in position 72: illegal multibyte sequence
Call stack:
  File "C:\Users\takuy\OneDrive\tdnet-excel-input\tools\sync_financials.py", line 538, in <module>
    main()
  File "C:\Users\takuy\OneDrive\tdnet-excel-input\tools\sync_financials.py", line 512, in main
    stats = sync(
  File "C:\Users\takuy\OneDrive\tdnet-excel-input\tools\sync_financials.py", line 360, in sync
    logger.error(
Message: "  batch 123/145: FAILED \u2014 401 Client Error: Unauthorized for url: https://fvkvfekzoebcolssnteo.supabase.co/rest/v1/financials?on_conflict=ticker%2Cperiod%2Cquarter\n  (�擪�s: {'ticker': '82890', 'period': '2026-02-28', 'quarter': '2Q', 'sales': 49270000000, 'gross_profit': 14915000000, 'operating_profit': -964000000, 'source': 'jquants', 'updated_at': '2026-03-09T17:53:52.606130+09:00'})"
Arguments: ()
--- Logging error ---
Traceback (most recent call last):
  File "C:\Users\takuy\OneDrive\tdnet-excel-input\tools\sync_financials.py", line 96, in _request
    r.raise_for_status()
  File "C:\Users\takuy\OneDrive\tdnet-excel-input\.venv\Lib\site-packages\requests\models.py", line 1026, in raise_for_status
    raise HTTPError(http_error_msg, response=self)
requests.exceptions.HTTPError: 401 Client Error: Unauthorized for url: https://fvkvfekzoebcolssnteo.supabase.co/rest/v1/financials?on_conflict=ticker%2Cperiod%2Cquarter

During handling of the above exception, another exception occurred:

Traceback (most recent call last):
  File "C:\Users\takuy\AppData\Roaming\uv\python\cpython-3.11-windows-x86_64-none\Lib\logging\__init__.py", line 1113, in emit
    stream.write(msg + self.terminator)
UnicodeEncodeError: 'cp932' codec can't encode character '\u2014' in position 61: illegal multibyte sequence
Call stack:
  File "C:\Users\takuy\OneDrive\tdnet-excel-input\tools\sync_financials.py", line 538, in <module>
    main()
  File "C:\Users\takuy\OneDrive\tdnet-excel-input\tools\sync_financials.py", line 512, in main
    stats = sync(
  File "C:\Users\takuy\OneDrive\tdnet-excel-input\tools\sync_financials.py", line 348, in sync
    n = api.upsert_batch(table, chunk, on_conflict="ticker,period,quarter")
  File "C:\Users\takuy\OneDrive\tdnet-excel-input\tools\sync_financials.py", line 139, in upsert_batch
    self._request(
  File "C:\Users\takuy\OneDrive\tdnet-excel-input\tools\sync_financials.py", line 123, in _request
    logger.error(
Message: '[API] HTTP 0 \u2014 ���g���C�s��\n  ���X�|���X: {"code":"42501","details":null,"hint":null,"message":"new row violates row-level security policy for table \\"financials\\""}'
Arguments: ()
--- Logging error ---
Traceback (most recent call last):
  File "C:\Users\takuy\OneDrive\tdnet-excel-input\tools\sync_financials.py", line 348, in sync
    n = api.upsert_batch(table, chunk, on_conflict="ticker,period,quarter")
        ^^^^^^^^^^^^^^^^^^^^^^^^^^^^^^^^^^^^^^^^^^^^^^^^^^^^^^^^^^^^^^^^^^^
  File "C:\Users\takuy\OneDrive\tdnet-excel-input\tools\sync_financials.py", line 139, in upsert_batch
    self._request(
  File "C:\Users\takuy\OneDrive\tdnet-excel-input\tools\sync_financials.py", line 96, in _request
    r.raise_for_status()
  File "C:\Users\takuy\OneDrive\tdnet-excel-input\.venv\Lib\site-packages\requests\models.py", line 1026, in raise_for_status
    raise HTTPError(http_error_msg, response=self)
requests.exceptions.HTTPError: 401 Client Error: Unauthorized for url: https://fvkvfekzoebcolssnteo.supabase.co/rest/v1/financials?on_conflict=ticker%2Cperiod%2Cquarter

During handling of the above exception, another exception occurred:

Traceback (most recent call last):
  File "C:\Users\takuy\AppData\Roaming\uv\python\cpython-3.11-windows-x86_64-none\Lib\logging\__init__.py", line 1113, in emit
    stream.write(msg + self.terminator)
UnicodeEncodeError: 'cp932' codec can't encode character '\u2014' in position 72: illegal multibyte sequence
Call stack:
  File "C:\Users\takuy\OneDrive\tdnet-excel-input\tools\sync_financials.py", line 538, in <module>
    main()
  File "C:\Users\takuy\OneDrive\tdnet-excel-input\tools\sync_financials.py", line 512, in main
    stats = sync(
  File "C:\Users\takuy\OneDrive\tdnet-excel-input\tools\sync_financials.py", line 360, in sync
    logger.error(
Message: "  batch 124/145: FAILED \u2014 401 Client Error: Unauthorized for url: https://fvkvfekzoebcolssnteo.supabase.co/rest/v1/financials?on_conflict=ticker%2Cperiod%2Cquarter\n  (�擪�s: {'ticker': '83650', 'period': '2021-03-31', 'quarter': 'FY', 'sales': 9328000000, 'gross_profit': None, 'operating_profit': None, 'source': 'jquants', 'updated_at': '2026-03-09T17:53:52.606130+09:00'})"
Arguments: ()
--- Logging error ---
Traceback (most recent call last):
  File "C:\Users\takuy\OneDrive\tdnet-excel-input\tools\sync_financials.py", line 96, in _request
    r.raise_for_status()
  File "C:\Users\takuy\OneDrive\tdnet-excel-input\.venv\Lib\site-packages\requests\models.py", line 1026, in raise_for_status
    raise HTTPError(http_error_msg, response=self)
requests.exceptions.HTTPError: 401 Client Error: Unauthorized for url: https://fvkvfekzoebcolssnteo.supabase.co/rest/v1/financials?on_conflict=ticker%2Cperiod%2Cquarter

During handling of the above exception, another exception occurred:

Traceback (most recent call last):
  File "C:\Users\takuy\AppData\Roaming\uv\python\cpython-3.11-windows-x86_64-none\Lib\logging\__init__.py", line 1113, in emit
    stream.write(msg + self.terminator)
UnicodeEncodeError: 'cp932' codec can't encode character '\u2014' in position 61: illegal multibyte sequence
Call stack:
  File "C:\Users\takuy\OneDrive\tdnet-excel-input\tools\sync_financials.py", line 538, in <module>
    main()
  File "C:\Users\takuy\OneDrive\tdnet-excel-input\tools\sync_financials.py", line 512, in main
    stats = sync(
  File "C:\Users\takuy\OneDrive\tdnet-excel-input\tools\sync_financials.py", line 348, in sync
    n = api.upsert_batch(table, chunk, on_conflict="ticker,period,quarter")
  File "C:\Users\takuy\OneDrive\tdnet-excel-input\tools\sync_financials.py", line 139, in upsert_batch
    self._request(
  File "C:\Users\takuy\OneDrive\tdnet-excel-input\tools\sync_financials.py", line 123, in _request
    logger.error(
Message: '[API] HTTP 0 \u2014 ���g���C�s��\n  ���X�|���X: {"code":"42501","details":null,"hint":null,"message":"new row violates row-level security policy for table \\"financials\\""}'
Arguments: ()
--- Logging error ---
Traceback (most recent call last):
  File "C:\Users\takuy\OneDrive\tdnet-excel-input\tools\sync_financials.py", line 348, in sync
    n = api.upsert_batch(table, chunk, on_conflict="ticker,period,quarter")
        ^^^^^^^^^^^^^^^^^^^^^^^^^^^^^^^^^^^^^^^^^^^^^^^^^^^^^^^^^^^^^^^^^^^
  File "C:\Users\takuy\OneDrive\tdnet-excel-input\tools\sync_financials.py", line 139, in upsert_batch
    self._request(
  File "C:\Users\takuy\OneDrive\tdnet-excel-input\tools\sync_financials.py", line 96, in _request
    r.raise_for_status()
  File "C:\Users\takuy\OneDrive\tdnet-excel-input\.venv\Lib\site-packages\requests\models.py", line 1026, in raise_for_status
    raise HTTPError(http_error_msg, response=self)
requests.exceptions.HTTPError: 401 Client Error: Unauthorized for url: https://fvkvfekzoebcolssnteo.supabase.co/rest/v1/financials?on_conflict=ticker%2Cperiod%2Cquarter

During handling of the above exception, another exception occurred:

Traceback (most recent call last):
  File "C:\Users\takuy\AppData\Roaming\uv\python\cpython-3.11-windows-x86_64-none\Lib\logging\__init__.py", line 1113, in emit
    stream.write(msg + self.terminator)
UnicodeEncodeError: 'cp932' codec can't encode character '\u2014' in position 72: illegal multibyte sequence
Call stack:
  File "C:\Users\takuy\OneDrive\tdnet-excel-input\tools\sync_financials.py", line 538, in <module>
    main()
  File "C:\Users\takuy\OneDrive\tdnet-excel-input\tools\sync_financials.py", line 512, in main
    stats = sync(
  File "C:\Users\takuy\OneDrive\tdnet-excel-input\tools\sync_financials.py", line 360, in sync
    logger.error(
Message: "  batch 125/145: FAILED \u2014 401 Client Error: Unauthorized for url: https://fvkvfekzoebcolssnteo.supabase.co/rest/v1/financials?on_conflict=ticker%2Cperiod%2Cquarter\n  (�擪�s: {'ticker': '85080', 'period': '2024-12-31', 'quarter': '1Q', 'sales': 31554000000, 'gross_profit': None, 'operating_profit': -281000000, 'source': 'jquants', 'updated_at': '2026-03-09T17:53:52.606130+09:00'})"
Arguments: ()
--- Logging error ---
Traceback (most recent call last):
  File "C:\Users\takuy\OneDrive\tdnet-excel-input\tools\sync_financials.py", line 96, in _request
    r.raise_for_status()
  File "C:\Users\takuy\OneDrive\tdnet-excel-input\.venv\Lib\site-packages\requests\models.py", line 1026, in raise_for_status
    raise HTTPError(http_error_msg, response=self)
requests.exceptions.HTTPError: 401 Client Error: Unauthorized for url: https://fvkvfekzoebcolssnteo.supabase.co/rest/v1/financials?on_conflict=ticker%2Cperiod%2Cquarter

During handling of the above exception, another exception occurred:

Traceback (most recent call last):
  File "C:\Users\takuy\AppData\Roaming\uv\python\cpython-3.11-windows-x86_64-none\Lib\logging\__init__.py", line 1113, in emit
    stream.write(msg + self.terminator)
UnicodeEncodeError: 'cp932' codec can't encode character '\u2014' in position 61: illegal multibyte sequence
Call stack:
  File "C:\Users\takuy\OneDrive\tdnet-excel-input\tools\sync_financials.py", line 538, in <module>
    main()
  File "C:\Users\takuy\OneDrive\tdnet-excel-input\tools\sync_financials.py", line 512, in main
    stats = sync(
  File "C:\Users\takuy\OneDrive\tdnet-excel-input\tools\sync_financials.py", line 348, in sync
    n = api.upsert_batch(table, chunk, on_conflict="ticker,period,quarter")
  File "C:\Users\takuy\OneDrive\tdnet-excel-input\tools\sync_financials.py", line 139, in upsert_batch
    self._request(
  File "C:\Users\takuy\OneDrive\tdnet-excel-input\tools\sync_financials.py", line 123, in _request
    logger.error(
Message: '[API] HTTP 0 \u2014 ���g���C�s��\n  ���X�|���X: {"code":"42501","details":null,"hint":null,"message":"new row violates row-level security policy for table \\"financials\\""}'
Arguments: ()
--- Logging error ---
Traceback (most recent call last):
  File "C:\Users\takuy\OneDrive\tdnet-excel-input\tools\sync_financials.py", line 348, in sync
    n = api.upsert_batch(table, chunk, on_conflict="ticker,period,quarter")
        ^^^^^^^^^^^^^^^^^^^^^^^^^^^^^^^^^^^^^^^^^^^^^^^^^^^^^^^^^^^^^^^^^^^
  File "C:\Users\takuy\OneDrive\tdnet-excel-input\tools\sync_financials.py", line 139, in upsert_batch
    self._request(
  File "C:\Users\takuy\OneDrive\tdnet-excel-input\tools\sync_financials.py", line 96, in _request
    r.raise_for_status()
  File "C:\Users\takuy\OneDrive\tdnet-excel-input\.venv\Lib\site-packages\requests\models.py", line 1026, in raise_for_status
    raise HTTPError(http_error_msg, response=self)
requests.exceptions.HTTPError: 401 Client Error: Unauthorized for url: https://fvkvfekzoebcolssnteo.supabase.co/rest/v1/financials?on_conflict=ticker%2Cperiod%2Cquarter

During handling of the above exception, another exception occurred:

Traceback (most recent call last):
  File "C:\Users\takuy\AppData\Roaming\uv\python\cpython-3.11-windows-x86_64-none\Lib\logging\__init__.py", line 1113, in emit
    stream.write(msg + self.terminator)
UnicodeEncodeError: 'cp932' codec can't encode character '\u2014' in position 72: illegal multibyte sequence
Call stack:
  File "C:\Users\takuy\OneDrive\tdnet-excel-input\tools\sync_financials.py", line 538, in <module>
    main()
  File "C:\Users\takuy\OneDrive\tdnet-excel-input\tools\sync_financials.py", line 512, in main
    stats = sync(
  File "C:\Users\takuy\OneDrive\tdnet-excel-input\tools\sync_financials.py", line 360, in sync
    logger.error(
Message: "  batch 126/145: FAILED \u2014 401 Client Error: Unauthorized for url: https://fvkvfekzoebcolssnteo.supabase.co/rest/v1/financials?on_conflict=ticker%2Cperiod%2Cquarter\n  (�擪�s: {'ticker': '86010', 'period': '2023-03-31', 'quarter': '2Q', 'sales': 339193000000, 'gross_profit': None, 'operating_profit': 20838000000, 'source': 'jquants', 'updated_at': '2026-03-09T17:53:52.606130+09:00'})"
Arguments: ()
--- Logging error ---
Traceback (most recent call last):
  File "C:\Users\takuy\OneDrive\tdnet-excel-input\tools\sync_financials.py", line 96, in _request
    r.raise_for_status()
  File "C:\Users\takuy\OneDrive\tdnet-excel-input\.venv\Lib\site-packages\requests\models.py", line 1026, in raise_for_status
    raise HTTPError(http_error_msg, response=self)
requests.exceptions.HTTPError: 401 Client Error: Unauthorized for url: https://fvkvfekzoebcolssnteo.supabase.co/rest/v1/financials?on_conflict=ticker%2Cperiod%2Cquarter

During handling of the above exception, another exception occurred:

Traceback (most recent call last):
  File "C:\Users\takuy\AppData\Roaming\uv\python\cpython-3.11-windows-x86_64-none\Lib\logging\__init__.py", line 1113, in emit
    stream.write(msg + self.terminator)
UnicodeEncodeError: 'cp932' codec can't encode character '\u2014' in position 61: illegal multibyte sequence
Call stack:
  File "C:\Users\takuy\OneDrive\tdnet-excel-input\tools\sync_financials.py", line 538, in <module>
    main()
  File "C:\Users\takuy\OneDrive\tdnet-excel-input\tools\sync_financials.py", line 512, in main
    stats = sync(
  File "C:\Users\takuy\OneDrive\tdnet-excel-input\tools\sync_financials.py", line 348, in sync
    n = api.upsert_batch(table, chunk, on_conflict="ticker,period,quarter")
  File "C:\Users\takuy\OneDrive\tdnet-excel-input\tools\sync_financials.py", line 139, in upsert_batch
    self._request(
  File "C:\Users\takuy\OneDrive\tdnet-excel-input\tools\sync_financials.py", line 123, in _request
    logger.error(
Message: '[API] HTTP 0 \u2014 ���g���C�s��\n  ���X�|���X: {"code":"42501","details":null,"hint":null,"message":"new row violates row-level security policy for table \\"financials\\""}'
Arguments: ()
--- Logging error ---
Traceback (most recent call last):
  File "C:\Users\takuy\OneDrive\tdnet-excel-input\tools\sync_financials.py", line 348, in sync
    n = api.upsert_batch(table, chunk, on_conflict="ticker,period,quarter")
        ^^^^^^^^^^^^^^^^^^^^^^^^^^^^^^^^^^^^^^^^^^^^^^^^^^^^^^^^^^^^^^^^^^^
  File "C:\Users\takuy\OneDrive\tdnet-excel-input\tools\sync_financials.py", line 139, in upsert_batch
    self._request(
  File "C:\Users\takuy\OneDrive\tdnet-excel-input\tools\sync_financials.py", line 96, in _request
    r.raise_for_status()
  File "C:\Users\takuy\OneDrive\tdnet-excel-input\.venv\Lib\site-packages\requests\models.py", line 1026, in raise_for_status
    raise HTTPError(http_error_msg, response=self)
requests.exceptions.HTTPError: 401 Client Error: Unauthorized for url: https://fvkvfekzoebcolssnteo.supabase.co/rest/v1/financials?on_conflict=ticker%2Cperiod%2Cquarter

During handling of the above exception, another exception occurred:

Traceback (most recent call last):
  File "C:\Users\takuy\AppData\Roaming\uv\python\cpython-3.11-windows-x86_64-none\Lib\logging\__init__.py", line 1113, in emit
    stream.write(msg + self.terminator)
UnicodeEncodeError: 'cp932' codec can't encode character '\u2014' in position 72: illegal multibyte sequence
Call stack:
  File "C:\Users\takuy\OneDrive\tdnet-excel-input\tools\sync_financials.py", line 538, in <module>
    main()
  File "C:\Users\takuy\OneDrive\tdnet-excel-input\tools\sync_financials.py", line 512, in main
    stats = sync(
  File "C:\Users\takuy\OneDrive\tdnet-excel-input\tools\sync_financials.py", line 360, in sync
    logger.error(
Message: "  batch 127/145: FAILED \u2014 401 Client Error: Unauthorized for url: https://fvkvfekzoebcolssnteo.supabase.co/rest/v1/financials?on_conflict=ticker%2Cperiod%2Cquarter\n  (�擪�s: {'ticker': '87370', 'period': '2025-03-31', 'quarter': '2Q', 'sales': 25730000000, 'gross_profit': 10366639000, 'operating_profit': 1491000000, 'source': 'jquants', 'updated_at': '2026-03-09T17:53:52.606130+09:00'})"
Arguments: ()
--- Logging error ---
Traceback (most recent call last):
  File "C:\Users\takuy\OneDrive\tdnet-excel-input\tools\sync_financials.py", line 96, in _request
    r.raise_for_status()
  File "C:\Users\takuy\OneDrive\tdnet-excel-input\.venv\Lib\site-packages\requests\models.py", line 1026, in raise_for_status
    raise HTTPError(http_error_msg, response=self)
requests.exceptions.HTTPError: 401 Client Error: Unauthorized for url: https://fvkvfekzoebcolssnteo.supabase.co/rest/v1/financials?on_conflict=ticker%2Cperiod%2Cquarter

During handling of the above exception, another exception occurred:

Traceback (most recent call last):
  File "C:\Users\takuy\AppData\Roaming\uv\python\cpython-3.11-windows-x86_64-none\Lib\logging\__init__.py", line 1113, in emit
    stream.write(msg + self.terminator)
UnicodeEncodeError: 'cp932' codec can't encode character '\u2014' in position 61: illegal multibyte sequence
Call stack:
  File "C:\Users\takuy\OneDrive\tdnet-excel-input\tools\sync_financials.py", line 538, in <module>
    main()
  File "C:\Users\takuy\OneDrive\tdnet-excel-input\tools\sync_financials.py", line 512, in main
    stats = sync(
  File "C:\Users\takuy\OneDrive\tdnet-excel-input\tools\sync_financials.py", line 348, in sync
    n = api.upsert_batch(table, chunk, on_conflict="ticker,period,quarter")
  File "C:\Users\takuy\OneDrive\tdnet-excel-input\tools\sync_financials.py", line 139, in upsert_batch
    self._request(
  File "C:\Users\takuy\OneDrive\tdnet-excel-input\tools\sync_financials.py", line 123, in _request
    logger.error(
Message: '[API] HTTP 0 \u2014 ���g���C�s��\n  ���X�|���X: {"code":"42501","details":null,"hint":null,"message":"new row violates row-level security policy for table \\"financials\\""}'
Arguments: ()
--- Logging error ---
Traceback (most recent call last):
  File "C:\Users\takuy\OneDrive\tdnet-excel-input\tools\sync_financials.py", line 348, in sync
    n = api.upsert_batch(table, chunk, on_conflict="ticker,period,quarter")
        ^^^^^^^^^^^^^^^^^^^^^^^^^^^^^^^^^^^^^^^^^^^^^^^^^^^^^^^^^^^^^^^^^^^
  File "C:\Users\takuy\OneDrive\tdnet-excel-input\tools\sync_financials.py", line 139, in upsert_batch
    self._request(
  File "C:\Users\takuy\OneDrive\tdnet-excel-input\tools\sync_financials.py", line 96, in _request
    r.raise_for_status()
  File "C:\Users\takuy\OneDrive\tdnet-excel-input\.venv\Lib\site-packages\requests\models.py", line 1026, in raise_for_status
    raise HTTPError(http_error_msg, response=self)
requests.exceptions.HTTPError: 401 Client Error: Unauthorized for url: https://fvkvfekzoebcolssnteo.supabase.co/rest/v1/financials?on_conflict=ticker%2Cperiod%2Cquarter

During handling of the above exception, another exception occurred:

Traceback (most recent call last):
  File "C:\Users\takuy\AppData\Roaming\uv\python\cpython-3.11-windows-x86_64-none\Lib\logging\__init__.py", line 1113, in emit
    stream.write(msg + self.terminator)
UnicodeEncodeError: 'cp932' codec can't encode character '\u2014' in position 72: illegal multibyte sequence
Call stack:
  File "C:\Users\takuy\OneDrive\tdnet-excel-input\tools\sync_financials.py", line 538, in <module>
    main()
  File "C:\Users\takuy\OneDrive\tdnet-excel-input\tools\sync_financials.py", line 512, in main
    stats = sync(
  File "C:\Users\takuy\OneDrive\tdnet-excel-input\tools\sync_financials.py", line 360, in sync
    logger.error(
Message: "  batch 128/145: FAILED \u2014 401 Client Error: Unauthorized for url: https://fvkvfekzoebcolssnteo.supabase.co/rest/v1/financials?on_conflict=ticker%2Cperiod%2Cquarter\n  (�擪�s: {'ticker': '88480', 'period': '2025-03-31', 'quarter': '1Q', 'sales': 108917000000, 'gross_profit': 21398000000, 'operating_profit': 10289000000, 'source': 'jquants', 'updated_at': '2026-03-09T17:53:52.606130+09:00'})"
Arguments: ()
--- Logging error ---
Traceback (most recent call last):
  File "C:\Users\takuy\OneDrive\tdnet-excel-input\tools\sync_financials.py", line 96, in _request
    r.raise_for_status()
  File "C:\Users\takuy\OneDrive\tdnet-excel-input\.venv\Lib\site-packages\requests\models.py", line 1026, in raise_for_status
    raise HTTPError(http_error_msg, response=self)
requests.exceptions.HTTPError: 401 Client Error: Unauthorized for url: https://fvkvfekzoebcolssnteo.supabase.co/rest/v1/financials?on_conflict=ticker%2Cperiod%2Cquarter

During handling of the above exception, another exception occurred:

Traceback (most recent call last):
  File "C:\Users\takuy\AppData\Roaming\uv\python\cpython-3.11-windows-x86_64-none\Lib\logging\__init__.py", line 1113, in emit
    stream.write(msg + self.terminator)
UnicodeEncodeError: 'cp932' codec can't encode character '\u2014' in position 61: illegal multibyte sequence
Call stack:
  File "C:\Users\takuy\OneDrive\tdnet-excel-input\tools\sync_financials.py", line 538, in <module>
    main()
  File "C:\Users\takuy\OneDrive\tdnet-excel-input\tools\sync_financials.py", line 512, in main
    stats = sync(
  File "C:\Users\takuy\OneDrive\tdnet-excel-input\tools\sync_financials.py", line 348, in sync
    n = api.upsert_batch(table, chunk, on_conflict="ticker,period,quarter")
  File "C:\Users\takuy\OneDrive\tdnet-excel-input\tools\sync_financials.py", line 139, in upsert_batch
    self._request(
  File "C:\Users\takuy\OneDrive\tdnet-excel-input\tools\sync_financials.py", line 123, in _request
    logger.error(
Message: '[API] HTTP 0 \u2014 ���g���C�s��\n  ���X�|���X: {"code":"42501","details":null,"hint":null,"message":"new row violates row-level security policy for table \\"financials\\""}'
Arguments: ()
--- Logging error ---
Traceback (most recent call last):
  File "C:\Users\takuy\OneDrive\tdnet-excel-input\tools\sync_financials.py", line 348, in sync
    n = api.upsert_batch(table, chunk, on_conflict="ticker,period,quarter")
        ^^^^^^^^^^^^^^^^^^^^^^^^^^^^^^^^^^^^^^^^^^^^^^^^^^^^^^^^^^^^^^^^^^^
  File "C:\Users\takuy\OneDrive\tdnet-excel-input\tools\sync_financials.py", line 139, in upsert_batch
    self._request(
  File "C:\Users\takuy\OneDrive\tdnet-excel-input\tools\sync_financials.py", line 96, in _request
    r.raise_for_status()
  File "C:\Users\takuy\OneDrive\tdnet-excel-input\.venv\Lib\site-packages\requests\models.py", line 1026, in raise_for_status
    raise HTTPError(http_error_msg, response=self)
requests.exceptions.HTTPError: 401 Client Error: Unauthorized for url: https://fvkvfekzoebcolssnteo.supabase.co/rest/v1/financials?on_conflict=ticker%2Cperiod%2Cquarter

During handling of the above exception, another exception occurred:

Traceback (most recent call last):
  File "C:\Users\takuy\AppData\Roaming\uv\python\cpython-3.11-windows-x86_64-none\Lib\logging\__init__.py", line 1113, in emit
    stream.write(msg + self.terminator)
UnicodeEncodeError: 'cp932' codec can't encode character '\u2014' in position 72: illegal multibyte sequence
Call stack:
  File "C:\Users\takuy\OneDrive\tdnet-excel-input\tools\sync_financials.py", line 538, in <module>
    main()
  File "C:\Users\takuy\OneDrive\tdnet-excel-input\tools\sync_financials.py", line 512, in main
    stats = sync(
  File "C:\Users\takuy\OneDrive\tdnet-excel-input\tools\sync_financials.py", line 360, in sync
    logger.error(
Message: "  batch 129/145: FAILED \u2014 401 Client Error: Unauthorized for url: https://fvkvfekzoebcolssnteo.supabase.co/rest/v1/financials?on_conflict=ticker%2Cperiod%2Cquarter\n  (�擪�s: {'ticker': '89280', 'period': '2023-06-30', 'quarter': '3Q', 'sales': 94839000000, 'gross_profit': 21577151000, 'operating_profit': 7834000000, 'source': 'jquants', 'updated_at': '2026-03-09T17:53:52.606130+09:00'})"
Arguments: ()
--- Logging error ---
Traceback (most recent call last):
  File "C:\Users\takuy\OneDrive\tdnet-excel-input\tools\sync_financials.py", line 96, in _request
    r.raise_for_status()
  File "C:\Users\takuy\OneDrive\tdnet-excel-input\.venv\Lib\site-packages\requests\models.py", line 1026, in raise_for_status
    raise HTTPError(http_error_msg, response=self)
requests.exceptions.HTTPError: 401 Client Error: Unauthorized for url: https://fvkvfekzoebcolssnteo.supabase.co/rest/v1/financials?on_conflict=ticker%2Cperiod%2Cquarter

During handling of the above exception, another exception occurred:

Traceback (most recent call last):
  File "C:\Users\takuy\AppData\Roaming\uv\python\cpython-3.11-windows-x86_64-none\Lib\logging\__init__.py", line 1113, in emit
    stream.write(msg + self.terminator)
UnicodeEncodeError: 'cp932' codec can't encode character '\u2014' in position 61: illegal multibyte sequence
Call stack:
  File "C:\Users\takuy\OneDrive\tdnet-excel-input\tools\sync_financials.py", line 538, in <module>
    main()
  File "C:\Users\takuy\OneDrive\tdnet-excel-input\tools\sync_financials.py", line 512, in main
    stats = sync(
  File "C:\Users\takuy\OneDrive\tdnet-excel-input\tools\sync_financials.py", line 348, in sync
    n = api.upsert_batch(table, chunk, on_conflict="ticker,period,quarter")
  File "C:\Users\takuy\OneDrive\tdnet-excel-input\tools\sync_financials.py", line 139, in upsert_batch
    self._request(
  File "C:\Users\takuy\OneDrive\tdnet-excel-input\tools\sync_financials.py", line 123, in _request
    logger.error(
Message: '[API] HTTP 0 \u2014 ���g���C�s��\n  ���X�|���X: {"code":"42501","details":null,"hint":null,"message":"new row violates row-level security policy for table \\"financials\\""}'
Arguments: ()
--- Logging error ---
Traceback (most recent call last):
  File "C:\Users\takuy\OneDrive\tdnet-excel-input\tools\sync_financials.py", line 348, in sync
    n = api.upsert_batch(table, chunk, on_conflict="ticker,period,quarter")
        ^^^^^^^^^^^^^^^^^^^^^^^^^^^^^^^^^^^^^^^^^^^^^^^^^^^^^^^^^^^^^^^^^^^
  File "C:\Users\takuy\OneDrive\tdnet-excel-input\tools\sync_financials.py", line 139, in upsert_batch
    self._request(
  File "C:\Users\takuy\OneDrive\tdnet-excel-input\tools\sync_financials.py", line 96, in _request
    r.raise_for_status()
  File "C:\Users\takuy\OneDrive\tdnet-excel-input\.venv\Lib\site-packages\requests\models.py", line 1026, in raise_for_status
    raise HTTPError(http_error_msg, response=self)
requests.exceptions.HTTPError: 401 Client Error: Unauthorized for url: https://fvkvfekzoebcolssnteo.supabase.co/rest/v1/financials?on_conflict=ticker%2Cperiod%2Cquarter

During handling of the above exception, another exception occurred:

Traceback (most recent call last):
  File "C:\Users\takuy\AppData\Roaming\uv\python\cpython-3.11-windows-x86_64-none\Lib\logging\__init__.py", line 1113, in emit
    stream.write(msg + self.terminator)
UnicodeEncodeError: 'cp932' codec can't encode character '\u2014' in position 72: illegal multibyte sequence
Call stack:
  File "C:\Users\takuy\OneDrive\tdnet-excel-input\tools\sync_financials.py", line 538, in <module>
    main()
  File "C:\Users\takuy\OneDrive\tdnet-excel-input\tools\sync_financials.py", line 512, in main
    stats = sync(
  File "C:\Users\takuy\OneDrive\tdnet-excel-input\tools\sync_financials.py", line 360, in sync
    logger.error(
Message: "  batch 130/145: FAILED \u2014 401 Client Error: Unauthorized for url: https://fvkvfekzoebcolssnteo.supabase.co/rest/v1/financials?on_conflict=ticker%2Cperiod%2Cquarter\n  (�擪�s: {'ticker': '90030', 'period': '2022-03-31', 'quarter': '2Q', 'sales': 104334000000, 'gross_profit': None, 'operating_profit': 1006000000, 'source': 'jquants', 'updated_at': '2026-03-09T17:53:52.606130+09:00'})"
Arguments: ()
--- Logging error ---
Traceback (most recent call last):
  File "C:\Users\takuy\OneDrive\tdnet-excel-input\tools\sync_financials.py", line 96, in _request
    r.raise_for_status()
  File "C:\Users\takuy\OneDrive\tdnet-excel-input\.venv\Lib\site-packages\requests\models.py", line 1026, in raise_for_status
    raise HTTPError(http_error_msg, response=self)
requests.exceptions.HTTPError: 401 Client Error: Unauthorized for url: https://fvkvfekzoebcolssnteo.supabase.co/rest/v1/financials?on_conflict=ticker%2Cperiod%2Cquarter

During handling of the above exception, another exception occurred:

Traceback (most recent call last):
  File "C:\Users\takuy\AppData\Roaming\uv\python\cpython-3.11-windows-x86_64-none\Lib\logging\__init__.py", line 1113, in emit
    stream.write(msg + self.terminator)
UnicodeEncodeError: 'cp932' codec can't encode character '\u2014' in position 61: illegal multibyte sequence
Call stack:
  File "C:\Users\takuy\OneDrive\tdnet-excel-input\tools\sync_financials.py", line 538, in <module>
    main()
  File "C:\Users\takuy\OneDrive\tdnet-excel-input\tools\sync_financials.py", line 512, in main
    stats = sync(
  File "C:\Users\takuy\OneDrive\tdnet-excel-input\tools\sync_financials.py", line 348, in sync
    n = api.upsert_batch(table, chunk, on_conflict="ticker,period,quarter")
  File "C:\Users\takuy\OneDrive\tdnet-excel-input\tools\sync_financials.py", line 139, in upsert_batch
    self._request(
  File "C:\Users\takuy\OneDrive\tdnet-excel-input\tools\sync_financials.py", line 123, in _request
    logger.error(
Message: '[API] HTTP 0 \u2014 ���g���C�s��\n  ���X�|���X: {"code":"42501","details":null,"hint":null,"message":"new row violates row-level security policy for table \\"financials\\""}'
Arguments: ()
--- Logging error ---
Traceback (most recent call last):
  File "C:\Users\takuy\OneDrive\tdnet-excel-input\tools\sync_financials.py", line 348, in sync
    n = api.upsert_batch(table, chunk, on_conflict="ticker,period,quarter")
        ^^^^^^^^^^^^^^^^^^^^^^^^^^^^^^^^^^^^^^^^^^^^^^^^^^^^^^^^^^^^^^^^^^^
  File "C:\Users\takuy\OneDrive\tdnet-excel-input\tools\sync_financials.py", line 139, in upsert_batch
    self._request(
  File "C:\Users\takuy\OneDrive\tdnet-excel-input\tools\sync_financials.py", line 96, in _request
    r.raise_for_status()
  File "C:\Users\takuy\OneDrive\tdnet-excel-input\.venv\Lib\site-packages\requests\models.py", line 1026, in raise_for_status
    raise HTTPError(http_error_msg, response=self)
requests.exceptions.HTTPError: 401 Client Error: Unauthorized for url: https://fvkvfekzoebcolssnteo.supabase.co/rest/v1/financials?on_conflict=ticker%2Cperiod%2Cquarter

During handling of the above exception, another exception occurred:

Traceback (most recent call last):
  File "C:\Users\takuy\AppData\Roaming\uv\python\cpython-3.11-windows-x86_64-none\Lib\logging\__init__.py", line 1113, in emit
    stream.write(msg + self.terminator)
UnicodeEncodeError: 'cp932' codec can't encode character '\u2014' in position 72: illegal multibyte sequence
Call stack:
  File "C:\Users\takuy\OneDrive\tdnet-excel-input\tools\sync_financials.py", line 538, in <module>
    main()
  File "C:\Users\takuy\OneDrive\tdnet-excel-input\tools\sync_financials.py", line 512, in main
    stats = sync(
  File "C:\Users\takuy\OneDrive\tdnet-excel-input\tools\sync_financials.py", line 360, in sync
    logger.error(
Message: "  batch 131/145: FAILED \u2014 401 Client Error: Unauthorized for url: https://fvkvfekzoebcolssnteo.supabase.co/rest/v1/financials?on_conflict=ticker%2Cperiod%2Cquarter\n  (�擪�s: {'ticker': '90440', 'period': '2025-03-31', 'quarter': '2Q', 'sales': 123579000000, 'gross_profit': None, 'operating_profit': 18256000000, 'source': 'jquants', 'updated_at': '2026-03-09T17:53:52.606130+09:00'})"
Arguments: ()
--- Logging error ---
Traceback (most recent call last):
  File "C:\Users\takuy\OneDrive\tdnet-excel-input\tools\sync_financials.py", line 96, in _request
    r.raise_for_status()
  File "C:\Users\takuy\OneDrive\tdnet-excel-input\.venv\Lib\site-packages\requests\models.py", line 1026, in raise_for_status
    raise HTTPError(http_error_msg, response=self)
requests.exceptions.HTTPError: 401 Client Error: Unauthorized for url: https://fvkvfekzoebcolssnteo.supabase.co/rest/v1/financials?on_conflict=ticker%2Cperiod%2Cquarter

During handling of the above exception, another exception occurred:

Traceback (most recent call last):
  File "C:\Users\takuy\AppData\Roaming\uv\python\cpython-3.11-windows-x86_64-none\Lib\logging\__init__.py", line 1113, in emit
    stream.write(msg + self.terminator)
UnicodeEncodeError: 'cp932' codec can't encode character '\u2014' in position 61: illegal multibyte sequence
Call stack:
  File "C:\Users\takuy\OneDrive\tdnet-excel-input\tools\sync_financials.py", line 538, in <module>
    main()
  File "C:\Users\takuy\OneDrive\tdnet-excel-input\tools\sync_financials.py", line 512, in main
    stats = sync(
  File "C:\Users\takuy\OneDrive\tdnet-excel-input\tools\sync_financials.py", line 348, in sync
    n = api.upsert_batch(table, chunk, on_conflict="ticker,period,quarter")
  File "C:\Users\takuy\OneDrive\tdnet-excel-input\tools\sync_financials.py", line 139, in upsert_batch
    self._request(
  File "C:\Users\takuy\OneDrive\tdnet-excel-input\tools\sync_financials.py", line 123, in _request
    logger.error(
Message: '[API] HTTP 0 \u2014 ���g���C�s��\n  ���X�|���X: {"code":"42501","details":null,"hint":null,"message":"new row violates row-level security policy for table \\"financials\\""}'
Arguments: ()
--- Logging error ---
Traceback (most recent call last):
  File "C:\Users\takuy\OneDrive\tdnet-excel-input\tools\sync_financials.py", line 348, in sync
    n = api.upsert_batch(table, chunk, on_conflict="ticker,period,quarter")
        ^^^^^^^^^^^^^^^^^^^^^^^^^^^^^^^^^^^^^^^^^^^^^^^^^^^^^^^^^^^^^^^^^^^
  File "C:\Users\takuy\OneDrive\tdnet-excel-input\tools\sync_financials.py", line 139, in upsert_batch
    self._request(
  File "C:\Users\takuy\OneDrive\tdnet-excel-input\tools\sync_financials.py", line 96, in _request
    r.raise_for_status()
  File "C:\Users\takuy\OneDrive\tdnet-excel-input\.venv\Lib\site-packages\requests\models.py", line 1026, in raise_for_status
    raise HTTPError(http_error_msg, response=self)
requests.exceptions.HTTPError: 401 Client Error: Unauthorized for url: https://fvkvfekzoebcolssnteo.supabase.co/rest/v1/financials?on_conflict=ticker%2Cperiod%2Cquarter

During handling of the above exception, another exception occurred:

Traceback (most recent call last):
  File "C:\Users\takuy\AppData\Roaming\uv\python\cpython-3.11-windows-x86_64-none\Lib\logging\__init__.py", line 1113, in emit
    stream.write(msg + self.terminator)
UnicodeEncodeError: 'cp932' codec can't encode character '\u2014' in position 72: illegal multibyte sequence
Call stack:
  File "C:\Users\takuy\OneDrive\tdnet-excel-input\tools\sync_financials.py", line 538, in <module>
    main()
  File "C:\Users\takuy\OneDrive\tdnet-excel-input\tools\sync_financials.py", line 512, in main
    stats = sync(
  File "C:\Users\takuy\OneDrive\tdnet-excel-input\tools\sync_financials.py", line 360, in sync
    logger.error(
Message: "  batch 132/145: FAILED \u2014 401 Client Error: Unauthorized for url: https://fvkvfekzoebcolssnteo.supabase.co/rest/v1/financials?on_conflict=ticker%2Cperiod%2Cquarter\n  (�擪�s: {'ticker': '90900', 'period': '2024-03-31', 'quarter': '3Q', 'sales': 150128000000, 'gross_profit': 18626000000, 'operating_profit': 11573000000, 'source': 'jquants', 'updated_at': '2026-03-09T17:53:52.606130+09:00'})"
Arguments: ()
--- Logging error ---
Traceback (most recent call last):
  File "C:\Users\takuy\OneDrive\tdnet-excel-input\tools\sync_financials.py", line 96, in _request
    r.raise_for_status()
  File "C:\Users\takuy\OneDrive\tdnet-excel-input\.venv\Lib\site-packages\requests\models.py", line 1026, in raise_for_status
    raise HTTPError(http_error_msg, response=self)
requests.exceptions.HTTPError: 401 Client Error: Unauthorized for url: https://fvkvfekzoebcolssnteo.supabase.co/rest/v1/financials?on_conflict=ticker%2Cperiod%2Cquarter

During handling of the above exception, another exception occurred:

Traceback (most recent call last):
  File "C:\Users\takuy\AppData\Roaming\uv\python\cpython-3.11-windows-x86_64-none\Lib\logging\__init__.py", line 1113, in emit
    stream.write(msg + self.terminator)
UnicodeEncodeError: 'cp932' codec can't encode character '\u2014' in position 61: illegal multibyte sequence
Call stack:
  File "C:\Users\takuy\OneDrive\tdnet-excel-input\tools\sync_financials.py", line 538, in <module>
    main()
  File "C:\Users\takuy\OneDrive\tdnet-excel-input\tools\sync_financials.py", line 512, in main
    stats = sync(
  File "C:\Users\takuy\OneDrive\tdnet-excel-input\tools\sync_financials.py", line 348, in sync
    n = api.upsert_batch(table, chunk, on_conflict="ticker,period,quarter")
  File "C:\Users\takuy\OneDrive\tdnet-excel-input\tools\sync_financials.py", line 139, in upsert_batch
    self._request(
  File "C:\Users\takuy\OneDrive\tdnet-excel-input\tools\sync_financials.py", line 123, in _request
    logger.error(
Message: '[API] HTTP 0 \u2014 ���g���C�s��\n  ���X�|���X: {"code":"42501","details":null,"hint":null,"message":"new row violates row-level security policy for table \\"financials\\""}'
Arguments: ()
--- Logging error ---
Traceback (most recent call last):
  File "C:\Users\takuy\OneDrive\tdnet-excel-input\tools\sync_financials.py", line 348, in sync
    n = api.upsert_batch(table, chunk, on_conflict="ticker,period,quarter")
        ^^^^^^^^^^^^^^^^^^^^^^^^^^^^^^^^^^^^^^^^^^^^^^^^^^^^^^^^^^^^^^^^^^^
  File "C:\Users\takuy\OneDrive\tdnet-excel-input\tools\sync_financials.py", line 139, in upsert_batch
    self._request(
  File "C:\Users\takuy\OneDrive\tdnet-excel-input\tools\sync_financials.py", line 96, in _request
    r.raise_for_status()
  File "C:\Users\takuy\OneDrive\tdnet-excel-input\.venv\Lib\site-packages\requests\models.py", line 1026, in raise_for_status
    raise HTTPError(http_error_msg, response=self)
requests.exceptions.HTTPError: 401 Client Error: Unauthorized for url: https://fvkvfekzoebcolssnteo.supabase.co/rest/v1/financials?on_conflict=ticker%2Cperiod%2Cquarter

During handling of the above exception, another exception occurred:

Traceback (most recent call last):
  File "C:\Users\takuy\AppData\Roaming\uv\python\cpython-3.11-windows-x86_64-none\Lib\logging\__init__.py", line 1113, in emit
    stream.write(msg + self.terminator)
UnicodeEncodeError: 'cp932' codec can't encode character '\u2014' in position 72: illegal multibyte sequence
Call stack:
  File "C:\Users\takuy\OneDrive\tdnet-excel-input\tools\sync_financials.py", line 538, in <module>
    main()
  File "C:\Users\takuy\OneDrive\tdnet-excel-input\tools\sync_financials.py", line 512, in main
    stats = sync(
  File "C:\Users\takuy\OneDrive\tdnet-excel-input\tools\sync_financials.py", line 360, in sync
    logger.error(
Message: "  batch 133/145: FAILED \u2014 401 Client Error: Unauthorized for url: https://fvkvfekzoebcolssnteo.supabase.co/rest/v1/financials?on_conflict=ticker%2Cperiod%2Cquarter\n  (�擪�s: {'ticker': '92120', 'period': '2026-09-30', 'quarter': '1Q', 'sales': 63000000, 'gross_profit': 49492000, 'operating_profit': -125000000, 'source': 'jquants', 'updated_at': '2026-03-09T17:53:52.606130+09:00'})"
Arguments: ()
--- Logging error ---
Traceback (most recent call last):
  File "C:\Users\takuy\OneDrive\tdnet-excel-input\tools\sync_financials.py", line 96, in _request
    r.raise_for_status()
  File "C:\Users\takuy\OneDrive\tdnet-excel-input\.venv\Lib\site-packages\requests\models.py", line 1026, in raise_for_status
    raise HTTPError(http_error_msg, response=self)
requests.exceptions.HTTPError: 401 Client Error: Unauthorized for url: https://fvkvfekzoebcolssnteo.supabase.co/rest/v1/financials?on_conflict=ticker%2Cperiod%2Cquarter

During handling of the above exception, another exception occurred:

Traceback (most recent call last):
  File "C:\Users\takuy\AppData\Roaming\uv\python\cpython-3.11-windows-x86_64-none\Lib\logging\__init__.py", line 1113, in emit
    stream.write(msg + self.terminator)
UnicodeEncodeError: 'cp932' codec can't encode character '\u2014' in position 61: illegal multibyte sequence
Call stack:
  File "C:\Users\takuy\OneDrive\tdnet-excel-input\tools\sync_financials.py", line 538, in <module>
    main()
  File "C:\Users\takuy\OneDrive\tdnet-excel-input\tools\sync_financials.py", line 512, in main
    stats = sync(
  File "C:\Users\takuy\OneDrive\tdnet-excel-input\tools\sync_financials.py", line 348, in sync
    n = api.upsert_batch(table, chunk, on_conflict="ticker,period,quarter")
  File "C:\Users\takuy\OneDrive\tdnet-excel-input\tools\sync_financials.py", line 139, in upsert_batch
    self._request(
  File "C:\Users\takuy\OneDrive\tdnet-excel-input\tools\sync_financials.py", line 123, in _request
    logger.error(
Message: '[API] HTTP 0 \u2014 ���g���C�s��\n  ���X�|���X: {"code":"42501","details":null,"hint":null,"message":"new row violates row-level security policy for table \\"financials\\""}'
Arguments: ()
--- Logging error ---
Traceback (most recent call last):
  File "C:\Users\takuy\OneDrive\tdnet-excel-input\tools\sync_financials.py", line 348, in sync
    n = api.upsert_batch(table, chunk, on_conflict="ticker,period,quarter")
        ^^^^^^^^^^^^^^^^^^^^^^^^^^^^^^^^^^^^^^^^^^^^^^^^^^^^^^^^^^^^^^^^^^^
  File "C:\Users\takuy\OneDrive\tdnet-excel-input\tools\sync_financials.py", line 139, in upsert_batch
    self._request(
  File "C:\Users\takuy\OneDrive\tdnet-excel-input\tools\sync_financials.py", line 96, in _request
    r.raise_for_status()
  File "C:\Users\takuy\OneDrive\tdnet-excel-input\.venv\Lib\site-packages\requests\models.py", line 1026, in raise_for_status
    raise HTTPError(http_error_msg, response=self)
requests.exceptions.HTTPError: 401 Client Error: Unauthorized for url: https://fvkvfekzoebcolssnteo.supabase.co/rest/v1/financials?on_conflict=ticker%2Cperiod%2Cquarter

During handling of the above exception, another exception occurred:

Traceback (most recent call last):
  File "C:\Users\takuy\AppData\Roaming\uv\python\cpython-3.11-windows-x86_64-none\Lib\logging\__init__.py", line 1113, in emit
    stream.write(msg + self.terminator)
UnicodeEncodeError: 'cp932' codec can't encode character '\u2014' in position 72: illegal multibyte sequence
Call stack:
  File "C:\Users\takuy\OneDrive\tdnet-excel-input\tools\sync_financials.py", line 538, in <module>
    main()
  File "C:\Users\takuy\OneDrive\tdnet-excel-input\tools\sync_financials.py", line 512, in main
    stats = sync(
  File "C:\Users\takuy\OneDrive\tdnet-excel-input\tools\sync_financials.py", line 360, in sync
    logger.error(
Message: "  batch 134/145: FAILED \u2014 401 Client Error: Unauthorized for url: https://fvkvfekzoebcolssnteo.supabase.co/rest/v1/financials?on_conflict=ticker%2Cperiod%2Cquarter\n  (�擪�s: {'ticker': '92560', 'period': '2025-03-31', 'quarter': '1Q', 'sales': 902000000, 'gross_profit': 233574000, 'operating_profit': 157000000, 'source': 'jquants', 'updated_at': '2026-03-09T17:53:52.606130+09:00'})"
Arguments: ()
--- Logging error ---
Traceback (most recent call last):
  File "C:\Users\takuy\OneDrive\tdnet-excel-input\tools\sync_financials.py", line 96, in _request
    r.raise_for_status()
  File "C:\Users\takuy\OneDrive\tdnet-excel-input\.venv\Lib\site-packages\requests\models.py", line 1026, in raise_for_status
    raise HTTPError(http_error_msg, response=self)
requests.exceptions.HTTPError: 401 Client Error: Unauthorized for url: https://fvkvfekzoebcolssnteo.supabase.co/rest/v1/financials?on_conflict=ticker%2Cperiod%2Cquarter

During handling of the above exception, another exception occurred:

Traceback (most recent call last):
  File "C:\Users\takuy\AppData\Roaming\uv\python\cpython-3.11-windows-x86_64-none\Lib\logging\__init__.py", line 1113, in emit
    stream.write(msg + self.terminator)
UnicodeEncodeError: 'cp932' codec can't encode character '\u2014' in position 61: illegal multibyte sequence
Call stack:
  File "C:\Users\takuy\OneDrive\tdnet-excel-input\tools\sync_financials.py", line 538, in <module>
    main()
  File "C:\Users\takuy\OneDrive\tdnet-excel-input\tools\sync_financials.py", line 512, in main
    stats = sync(
  File "C:\Users\takuy\OneDrive\tdnet-excel-input\tools\sync_financials.py", line 348, in sync
    n = api.upsert_batch(table, chunk, on_conflict="ticker,period,quarter")
  File "C:\Users\takuy\OneDrive\tdnet-excel-input\tools\sync_financials.py", line 139, in upsert_batch
    self._request(
  File "C:\Users\takuy\OneDrive\tdnet-excel-input\tools\sync_financials.py", line 123, in _request
    logger.error(
Message: '[API] HTTP 0 \u2014 ���g���C�s��\n  ���X�|���X: {"code":"42501","details":null,"hint":null,"message":"new row violates row-level security policy for table \\"financials\\""}'
Arguments: ()
--- Logging error ---
Traceback (most recent call last):
  File "C:\Users\takuy\OneDrive\tdnet-excel-input\tools\sync_financials.py", line 348, in sync
    n = api.upsert_batch(table, chunk, on_conflict="ticker,period,quarter")
        ^^^^^^^^^^^^^^^^^^^^^^^^^^^^^^^^^^^^^^^^^^^^^^^^^^^^^^^^^^^^^^^^^^^
  File "C:\Users\takuy\OneDrive\tdnet-excel-input\tools\sync_financials.py", line 139, in upsert_batch
    self._request(
  File "C:\Users\takuy\OneDrive\tdnet-excel-input\tools\sync_financials.py", line 96, in _request
    r.raise_for_status()
  File "C:\Users\takuy\OneDrive\tdnet-excel-input\.venv\Lib\site-packages\requests\models.py", line 1026, in raise_for_status
    raise HTTPError(http_error_msg, response=self)
requests.exceptions.HTTPError: 401 Client Error: Unauthorized for url: https://fvkvfekzoebcolssnteo.supabase.co/rest/v1/financials?on_conflict=ticker%2Cperiod%2Cquarter

During handling of the above exception, another exception occurred:

Traceback (most recent call last):
  File "C:\Users\takuy\AppData\Roaming\uv\python\cpython-3.11-windows-x86_64-none\Lib\logging\__init__.py", line 1113, in emit
    stream.write(msg + self.terminator)
UnicodeEncodeError: 'cp932' codec can't encode character '\u2014' in position 72: illegal multibyte sequence
Call stack:
  File "C:\Users\takuy\OneDrive\tdnet-excel-input\tools\sync_financials.py", line 538, in <module>
    main()
  File "C:\Users\takuy\OneDrive\tdnet-excel-input\tools\sync_financials.py", line 512, in main
    stats = sync(
  File "C:\Users\takuy\OneDrive\tdnet-excel-input\tools\sync_financials.py", line 360, in sync
    logger.error(
Message: "  batch 135/145: FAILED \u2014 401 Client Error: Unauthorized for url: https://fvkvfekzoebcolssnteo.supabase.co/rest/v1/financials?on_conflict=ticker%2Cperiod%2Cquarter\n  (�擪�s: {'ticker': '93110', 'period': '2026-03-31', 'quarter': '2Q', 'sales': 16298000000, 'gross_profit': 3011748000, 'operating_profit': 495000000, 'source': 'jquants', 'updated_at': '2026-03-09T17:53:52.606130+09:00'})"
Arguments: ()
--- Logging error ---
Traceback (most recent call last):
  File "C:\Users\takuy\OneDrive\tdnet-excel-input\tools\sync_financials.py", line 96, in _request
    r.raise_for_status()
  File "C:\Users\takuy\OneDrive\tdnet-excel-input\.venv\Lib\site-packages\requests\models.py", line 1026, in raise_for_status
    raise HTTPError(http_error_msg, response=self)
requests.exceptions.HTTPError: 401 Client Error: Unauthorized for url: https://fvkvfekzoebcolssnteo.supabase.co/rest/v1/financials?on_conflict=ticker%2Cperiod%2Cquarter

During handling of the above exception, another exception occurred:

Traceback (most recent call last):
  File "C:\Users\takuy\AppData\Roaming\uv\python\cpython-3.11-windows-x86_64-none\Lib\logging\__init__.py", line 1113, in emit
    stream.write(msg + self.terminator)
UnicodeEncodeError: 'cp932' codec can't encode character '\u2014' in position 61: illegal multibyte sequence
Call stack:
  File "C:\Users\takuy\OneDrive\tdnet-excel-input\tools\sync_financials.py", line 538, in <module>
    main()
  File "C:\Users\takuy\OneDrive\tdnet-excel-input\tools\sync_financials.py", line 512, in main
    stats = sync(
  File "C:\Users\takuy\OneDrive\tdnet-excel-input\tools\sync_financials.py", line 348, in sync
    n = api.upsert_batch(table, chunk, on_conflict="ticker,period,quarter")
  File "C:\Users\takuy\OneDrive\tdnet-excel-input\tools\sync_financials.py", line 139, in upsert_batch
    self._request(
  File "C:\Users\takuy\OneDrive\tdnet-excel-input\tools\sync_financials.py", line 123, in _request
    logger.error(
Message: '[API] HTTP 0 \u2014 ���g���C�s��\n  ���X�|���X: {"code":"42501","details":null,"hint":null,"message":"new row violates row-level security policy for table \\"financials\\""}'
Arguments: ()
--- Logging error ---
Traceback (most recent call last):
  File "C:\Users\takuy\OneDrive\tdnet-excel-input\tools\sync_financials.py", line 348, in sync
    n = api.upsert_batch(table, chunk, on_conflict="ticker,period,quarter")
        ^^^^^^^^^^^^^^^^^^^^^^^^^^^^^^^^^^^^^^^^^^^^^^^^^^^^^^^^^^^^^^^^^^^
  File "C:\Users\takuy\OneDrive\tdnet-excel-input\tools\sync_financials.py", line 139, in upsert_batch
    self._request(
  File "C:\Users\takuy\OneDrive\tdnet-excel-input\tools\sync_financials.py", line 96, in _request
    r.raise_for_status()
  File "C:\Users\takuy\OneDrive\tdnet-excel-input\.venv\Lib\site-packages\requests\models.py", line 1026, in raise_for_status
    raise HTTPError(http_error_msg, response=self)
requests.exceptions.HTTPError: 401 Client Error: Unauthorized for url: https://fvkvfekzoebcolssnteo.supabase.co/rest/v1/financials?on_conflict=ticker%2Cperiod%2Cquarter

During handling of the above exception, another exception occurred:

Traceback (most recent call last):
  File "C:\Users\takuy\AppData\Roaming\uv\python\cpython-3.11-windows-x86_64-none\Lib\logging\__init__.py", line 1113, in emit
    stream.write(msg + self.terminator)
UnicodeEncodeError: 'cp932' codec can't encode character '\u2014' in position 72: illegal multibyte sequence
Call stack:
  File "C:\Users\takuy\OneDrive\tdnet-excel-input\tools\sync_financials.py", line 538, in <module>
    main()
  File "C:\Users\takuy\OneDrive\tdnet-excel-input\tools\sync_financials.py", line 512, in main
    stats = sync(
  File "C:\Users\takuy\OneDrive\tdnet-excel-input\tools\sync_financials.py", line 360, in sync
    logger.error(
Message: "  batch 136/145: FAILED \u2014 401 Client Error: Unauthorized for url: https://fvkvfekzoebcolssnteo.supabase.co/rest/v1/financials?on_conflict=ticker%2Cperiod%2Cquarter\n  (�擪�s: {'ticker': '93640', 'period': '2022-03-31', 'quarter': '2Q', 'sales': 128968000000, 'gross_profit': None, 'operating_profit': 14342000000, 'source': 'jquants', 'updated_at': '2026-03-09T17:53:52.606130+09:00'})"
Arguments: ()
--- Logging error ---
Traceback (most recent call last):
  File "C:\Users\takuy\OneDrive\tdnet-excel-input\tools\sync_financials.py", line 96, in _request
    r.raise_for_status()
  File "C:\Users\takuy\OneDrive\tdnet-excel-input\.venv\Lib\site-packages\requests\models.py", line 1026, in raise_for_status
    raise HTTPError(http_error_msg, response=self)
requests.exceptions.HTTPError: 401 Client Error: Unauthorized for url: https://fvkvfekzoebcolssnteo.supabase.co/rest/v1/financials?on_conflict=ticker%2Cperiod%2Cquarter

During handling of the above exception, another exception occurred:

Traceback (most recent call last):
  File "C:\Users\takuy\AppData\Roaming\uv\python\cpython-3.11-windows-x86_64-none\Lib\logging\__init__.py", line 1113, in emit
    stream.write(msg + self.terminator)
UnicodeEncodeError: 'cp932' codec can't encode character '\u2014' in position 61: illegal multibyte sequence
Call stack:
  File "C:\Users\takuy\OneDrive\tdnet-excel-input\tools\sync_financials.py", line 538, in <module>
    main()
  File "C:\Users\takuy\OneDrive\tdnet-excel-input\tools\sync_financials.py", line 512, in main
    stats = sync(
  File "C:\Users\takuy\OneDrive\tdnet-excel-input\tools\sync_financials.py", line 348, in sync
    n = api.upsert_batch(table, chunk, on_conflict="ticker,period,quarter")
  File "C:\Users\takuy\OneDrive\tdnet-excel-input\tools\sync_financials.py", line 139, in upsert_batch
    self._request(
  File "C:\Users\takuy\OneDrive\tdnet-excel-input\tools\sync_financials.py", line 123, in _request
    logger.error(
Message: '[API] HTTP 0 \u2014 ���g���C�s��\n  ���X�|���X: {"code":"42501","details":null,"hint":null,"message":"new row violates row-level security policy for table \\"financials\\""}'
Arguments: ()
--- Logging error ---
Traceback (most recent call last):
  File "C:\Users\takuy\OneDrive\tdnet-excel-input\tools\sync_financials.py", line 348, in sync
    n = api.upsert_batch(table, chunk, on_conflict="ticker,period,quarter")
        ^^^^^^^^^^^^^^^^^^^^^^^^^^^^^^^^^^^^^^^^^^^^^^^^^^^^^^^^^^^^^^^^^^^
  File "C:\Users\takuy\OneDrive\tdnet-excel-input\tools\sync_financials.py", line 139, in upsert_batch
    self._request(
  File "C:\Users\takuy\OneDrive\tdnet-excel-input\tools\sync_financials.py", line 96, in _request
    r.raise_for_status()
  File "C:\Users\takuy\OneDrive\tdnet-excel-input\.venv\Lib\site-packages\requests\models.py", line 1026, in raise_for_status
    raise HTTPError(http_error_msg, response=self)
requests.exceptions.HTTPError: 401 Client Error: Unauthorized for url: https://fvkvfekzoebcolssnteo.supabase.co/rest/v1/financials?on_conflict=ticker%2Cperiod%2Cquarter

During handling of the above exception, another exception occurred:

Traceback (most recent call last):
  File "C:\Users\takuy\AppData\Roaming\uv\python\cpython-3.11-windows-x86_64-none\Lib\logging\__init__.py", line 1113, in emit
    stream.write(msg + self.terminator)
UnicodeEncodeError: 'cp932' codec can't encode character '\u2014' in position 72: illegal multibyte sequence
Call stack:
  File "C:\Users\takuy\OneDrive\tdnet-excel-input\tools\sync_financials.py", line 538, in <module>
    main()
  File "C:\Users\takuy\OneDrive\tdnet-excel-input\tools\sync_financials.py", line 512, in main
    stats = sync(
  File "C:\Users\takuy\OneDrive\tdnet-excel-input\tools\sync_financials.py", line 360, in sync
    logger.error(
Message: "  batch 137/145: FAILED \u2014 401 Client Error: Unauthorized for url: https://fvkvfekzoebcolssnteo.supabase.co/rest/v1/financials?on_conflict=ticker%2Cperiod%2Cquarter\n  (�擪�s: {'ticker': '94250', 'period': '2021-04-30', 'quarter': 'FY', 'sales': 5694000000, 'gross_profit': 834100000, 'operating_profit': 83000000, 'source': 'jquants', 'updated_at': '2026-03-09T17:53:52.606130+09:00'})"
Arguments: ()
--- Logging error ---
Traceback (most recent call last):
  File "C:\Users\takuy\OneDrive\tdnet-excel-input\tools\sync_financials.py", line 96, in _request
    r.raise_for_status()
  File "C:\Users\takuy\OneDrive\tdnet-excel-input\.venv\Lib\site-packages\requests\models.py", line 1026, in raise_for_status
    raise HTTPError(http_error_msg, response=self)
requests.exceptions.HTTPError: 401 Client Error: Unauthorized for url: https://fvkvfekzoebcolssnteo.supabase.co/rest/v1/financials?on_conflict=ticker%2Cperiod%2Cquarter

During handling of the above exception, another exception occurred:

Traceback (most recent call last):
  File "C:\Users\takuy\AppData\Roaming\uv\python\cpython-3.11-windows-x86_64-none\Lib\logging\__init__.py", line 1113, in emit
    stream.write(msg + self.terminator)
UnicodeEncodeError: 'cp932' codec can't encode character '\u2014' in position 61: illegal multibyte sequence
Call stack:
  File "C:\Users\takuy\OneDrive\tdnet-excel-input\tools\sync_financials.py", line 538, in <module>
    main()
  File "C:\Users\takuy\OneDrive\tdnet-excel-input\tools\sync_financials.py", line 512, in main
    stats = sync(
  File "C:\Users\takuy\OneDrive\tdnet-excel-input\tools\sync_financials.py", line 348, in sync
    n = api.upsert_batch(table, chunk, on_conflict="ticker,period,quarter")
  File "C:\Users\takuy\OneDrive\tdnet-excel-input\tools\sync_financials.py", line 139, in upsert_batch
    self._request(
  File "C:\Users\takuy\OneDrive\tdnet-excel-input\tools\sync_financials.py", line 123, in _request
    logger.error(
Message: '[API] HTTP 0 \u2014 ���g���C�s��\n  ���X�|���X: {"code":"42501","details":null,"hint":null,"message":"new row violates row-level security policy for table \\"financials\\""}'
Arguments: ()
--- Logging error ---
Traceback (most recent call last):
  File "C:\Users\takuy\OneDrive\tdnet-excel-input\tools\sync_financials.py", line 348, in sync
    n = api.upsert_batch(table, chunk, on_conflict="ticker,period,quarter")
        ^^^^^^^^^^^^^^^^^^^^^^^^^^^^^^^^^^^^^^^^^^^^^^^^^^^^^^^^^^^^^^^^^^^
  File "C:\Users\takuy\OneDrive\tdnet-excel-input\tools\sync_financials.py", line 139, in upsert_batch
    self._request(
  File "C:\Users\takuy\OneDrive\tdnet-excel-input\tools\sync_financials.py", line 96, in _request
    r.raise_for_status()
  File "C:\Users\takuy\OneDrive\tdnet-excel-input\.venv\Lib\site-packages\requests\models.py", line 1026, in raise_for_status
    raise HTTPError(http_error_msg, response=self)
requests.exceptions.HTTPError: 401 Client Error: Unauthorized for url: https://fvkvfekzoebcolssnteo.supabase.co/rest/v1/financials?on_conflict=ticker%2Cperiod%2Cquarter

During handling of the above exception, another exception occurred:

Traceback (most recent call last):
  File "C:\Users\takuy\AppData\Roaming\uv\python\cpython-3.11-windows-x86_64-none\Lib\logging\__init__.py", line 1113, in emit
    stream.write(msg + self.terminator)
UnicodeEncodeError: 'cp932' codec can't encode character '\u2014' in position 72: illegal multibyte sequence
Call stack:
  File "C:\Users\takuy\OneDrive\tdnet-excel-input\tools\sync_financials.py", line 538, in <module>
    main()
  File "C:\Users\takuy\OneDrive\tdnet-excel-input\tools\sync_financials.py", line 512, in main
    stats = sync(
  File "C:\Users\takuy\OneDrive\tdnet-excel-input\tools\sync_financials.py", line 360, in sync
    logger.error(
Message: "  batch 138/145: FAILED \u2014 401 Client Error: Unauthorized for url: https://fvkvfekzoebcolssnteo.supabase.co/rest/v1/financials?on_conflict=ticker%2Cperiod%2Cquarter\n  (�擪�s: {'ticker': '95030', 'period': '2021-03-31', 'quarter': 'FY', 'sales': 3092398000000, 'gross_profit': None, 'operating_profit': 145746000000, 'source': 'jquants', 'updated_at': '2026-03-09T17:53:52.606130+09:00'})"
Arguments: ()
--- Logging error ---
Traceback (most recent call last):
  File "C:\Users\takuy\OneDrive\tdnet-excel-input\tools\sync_financials.py", line 96, in _request
    r.raise_for_status()
  File "C:\Users\takuy\OneDrive\tdnet-excel-input\.venv\Lib\site-packages\requests\models.py", line 1026, in raise_for_status
    raise HTTPError(http_error_msg, response=self)
requests.exceptions.HTTPError: 401 Client Error: Unauthorized for url: https://fvkvfekzoebcolssnteo.supabase.co/rest/v1/financials?on_conflict=ticker%2Cperiod%2Cquarter

During handling of the above exception, another exception occurred:

Traceback (most recent call last):
  File "C:\Users\takuy\AppData\Roaming\uv\python\cpython-3.11-windows-x86_64-none\Lib\logging\__init__.py", line 1113, in emit
    stream.write(msg + self.terminator)
UnicodeEncodeError: 'cp932' codec can't encode character '\u2014' in position 61: illegal multibyte sequence
Call stack:
  File "C:\Users\takuy\OneDrive\tdnet-excel-input\tools\sync_financials.py", line 538, in <module>
    main()
  File "C:\Users\takuy\OneDrive\tdnet-excel-input\tools\sync_financials.py", line 512, in main
    stats = sync(
  File "C:\Users\takuy\OneDrive\tdnet-excel-input\tools\sync_financials.py", line 348, in sync
    n = api.upsert_batch(table, chunk, on_conflict="ticker,period,quarter")
  File "C:\Users\takuy\OneDrive\tdnet-excel-input\tools\sync_financials.py", line 139, in upsert_batch
    self._request(
  File "C:\Users\takuy\OneDrive\tdnet-excel-input\tools\sync_financials.py", line 123, in _request
    logger.error(
Message: '[API] HTTP 0 \u2014 ���g���C�s��\n  ���X�|���X: {"code":"42501","details":null,"hint":null,"message":"new row violates row-level security policy for table \\"financials\\""}'
Arguments: ()
--- Logging error ---
Traceback (most recent call last):
  File "C:\Users\takuy\OneDrive\tdnet-excel-input\tools\sync_financials.py", line 348, in sync
    n = api.upsert_batch(table, chunk, on_conflict="ticker,period,quarter")
        ^^^^^^^^^^^^^^^^^^^^^^^^^^^^^^^^^^^^^^^^^^^^^^^^^^^^^^^^^^^^^^^^^^^
  File "C:\Users\takuy\OneDrive\tdnet-excel-input\tools\sync_financials.py", line 139, in upsert_batch
    self._request(
  File "C:\Users\takuy\OneDrive\tdnet-excel-input\tools\sync_financials.py", line 96, in _request
    r.raise_for_status()
  File "C:\Users\takuy\OneDrive\tdnet-excel-input\.venv\Lib\site-packages\requests\models.py", line 1026, in raise_for_status
    raise HTTPError(http_error_msg, response=self)
requests.exceptions.HTTPError: 401 Client Error: Unauthorized for url: https://fvkvfekzoebcolssnteo.supabase.co/rest/v1/financials?on_conflict=ticker%2Cperiod%2Cquarter

During handling of the above exception, another exception occurred:

Traceback (most recent call last):
  File "C:\Users\takuy\AppData\Roaming\uv\python\cpython-3.11-windows-x86_64-none\Lib\logging\__init__.py", line 1113, in emit
    stream.write(msg + self.terminator)
UnicodeEncodeError: 'cp932' codec can't encode character '\u2014' in position 72: illegal multibyte sequence
Call stack:
  File "C:\Users\takuy\OneDrive\tdnet-excel-input\tools\sync_financials.py", line 538, in <module>
    main()
  File "C:\Users\takuy\OneDrive\tdnet-excel-input\tools\sync_financials.py", line 512, in main
    stats = sync(
  File "C:\Users\takuy\OneDrive\tdnet-excel-input\tools\sync_financials.py", line 360, in sync
    logger.error(
Message: "  batch 139/145: FAILED \u2014 401 Client Error: Unauthorized for url: https://fvkvfekzoebcolssnteo.supabase.co/rest/v1/financials?on_conflict=ticker%2Cperiod%2Cquarter\n  (�擪�s: {'ticker': '95560', 'period': '2023-07-31', 'quarter': 'FY', 'sales': 17823000000, 'gross_profit': 4073680000, 'operating_profit': 1105000000, 'source': 'jquants', 'updated_at': '2026-03-09T17:53:52.606130+09:00'})"
Arguments: ()
--- Logging error ---
Traceback (most recent call last):
  File "C:\Users\takuy\OneDrive\tdnet-excel-input\tools\sync_financials.py", line 96, in _request
    r.raise_for_status()
  File "C:\Users\takuy\OneDrive\tdnet-excel-input\.venv\Lib\site-packages\requests\models.py", line 1026, in raise_for_status
    raise HTTPError(http_error_msg, response=self)
requests.exceptions.HTTPError: 401 Client Error: Unauthorized for url: https://fvkvfekzoebcolssnteo.supabase.co/rest/v1/financials?on_conflict=ticker%2Cperiod%2Cquarter

During handling of the above exception, another exception occurred:

Traceback (most recent call last):
  File "C:\Users\takuy\AppData\Roaming\uv\python\cpython-3.11-windows-x86_64-none\Lib\logging\__init__.py", line 1113, in emit
    stream.write(msg + self.terminator)
UnicodeEncodeError: 'cp932' codec can't encode character '\u2014' in position 61: illegal multibyte sequence
Call stack:
  File "C:\Users\takuy\OneDrive\tdnet-excel-input\tools\sync_financials.py", line 538, in <module>
    main()
  File "C:\Users\takuy\OneDrive\tdnet-excel-input\tools\sync_financials.py", line 512, in main
    stats = sync(
  File "C:\Users\takuy\OneDrive\tdnet-excel-input\tools\sync_financials.py", line 348, in sync
    n = api.upsert_batch(table, chunk, on_conflict="ticker,period,quarter")
  File "C:\Users\takuy\OneDrive\tdnet-excel-input\tools\sync_financials.py", line 139, in upsert_batch
    self._request(
  File "C:\Users\takuy\OneDrive\tdnet-excel-input\tools\sync_financials.py", line 123, in _request
    logger.error(
Message: '[API] HTTP 0 \u2014 ���g���C�s��\n  ���X�|���X: {"code":"42501","details":null,"hint":null,"message":"new row violates row-level security policy for table \\"financials\\""}'
Arguments: ()
--- Logging error ---
Traceback (most recent call last):
  File "C:\Users\takuy\OneDrive\tdnet-excel-input\tools\sync_financials.py", line 348, in sync
    n = api.upsert_batch(table, chunk, on_conflict="ticker,period,quarter")
        ^^^^^^^^^^^^^^^^^^^^^^^^^^^^^^^^^^^^^^^^^^^^^^^^^^^^^^^^^^^^^^^^^^^
  File "C:\Users\takuy\OneDrive\tdnet-excel-input\tools\sync_financials.py", line 139, in upsert_batch
    self._request(
  File "C:\Users\takuy\OneDrive\tdnet-excel-input\tools\sync_financials.py", line 96, in _request
    r.raise_for_status()
  File "C:\Users\takuy\OneDrive\tdnet-excel-input\.venv\Lib\site-packages\requests\models.py", line 1026, in raise_for_status
    raise HTTPError(http_error_msg, response=self)
requests.exceptions.HTTPError: 401 Client Error: Unauthorized for url: https://fvkvfekzoebcolssnteo.supabase.co/rest/v1/financials?on_conflict=ticker%2Cperiod%2Cquarter

During handling of the above exception, another exception occurred:

Traceback (most recent call last):
  File "C:\Users\takuy\AppData\Roaming\uv\python\cpython-3.11-windows-x86_64-none\Lib\logging\__init__.py", line 1113, in emit
    stream.write(msg + self.terminator)
UnicodeEncodeError: 'cp932' codec can't encode character '\u2014' in position 72: illegal multibyte sequence
Call stack:
  File "C:\Users\takuy\OneDrive\tdnet-excel-input\tools\sync_financials.py", line 538, in <module>
    main()
  File "C:\Users\takuy\OneDrive\tdnet-excel-input\tools\sync_financials.py", line 512, in main
    stats = sync(
  File "C:\Users\takuy\OneDrive\tdnet-excel-input\tools\sync_financials.py", line 360, in sync
    logger.error(
Message: "  batch 140/145: FAILED \u2014 401 Client Error: Unauthorized for url: https://fvkvfekzoebcolssnteo.supabase.co/rest/v1/financials?on_conflict=ticker%2Cperiod%2Cquarter\n  (�擪�s: {'ticker': '96390', 'period': '2025-03-31', 'quarter': '1Q', 'sales': 14936000000, 'gross_profit': 5952000000, 'operating_profit': 2391000000, 'source': 'jquants', 'updated_at': '2026-03-09T17:53:52.606130+09:00'})"
Arguments: ()
--- Logging error ---
Traceback (most recent call last):
  File "C:\Users\takuy\OneDrive\tdnet-excel-input\tools\sync_financials.py", line 96, in _request
    r.raise_for_status()
  File "C:\Users\takuy\OneDrive\tdnet-excel-input\.venv\Lib\site-packages\requests\models.py", line 1026, in raise_for_status
    raise HTTPError(http_error_msg, response=self)
requests.exceptions.HTTPError: 401 Client Error: Unauthorized for url: https://fvkvfekzoebcolssnteo.supabase.co/rest/v1/financials?on_conflict=ticker%2Cperiod%2Cquarter

During handling of the above exception, another exception occurred:

Traceback (most recent call last):
  File "C:\Users\takuy\AppData\Roaming\uv\python\cpython-3.11-windows-x86_64-none\Lib\logging\__init__.py", line 1113, in emit
    stream.write(msg + self.terminator)
UnicodeEncodeError: 'cp932' codec can't encode character '\u2014' in position 61: illegal multibyte sequence
Call stack:
  File "C:\Users\takuy\OneDrive\tdnet-excel-input\tools\sync_financials.py", line 538, in <module>
    main()
  File "C:\Users\takuy\OneDrive\tdnet-excel-input\tools\sync_financials.py", line 512, in main
    stats = sync(
  File "C:\Users\takuy\OneDrive\tdnet-excel-input\tools\sync_financials.py", line 348, in sync
    n = api.upsert_batch(table, chunk, on_conflict="ticker,period,quarter")
  File "C:\Users\takuy\OneDrive\tdnet-excel-input\tools\sync_financials.py", line 139, in upsert_batch
    self._request(
  File "C:\Users\takuy\OneDrive\tdnet-excel-input\tools\sync_financials.py", line 123, in _request
    logger.error(
Message: '[API] HTTP 0 \u2014 ���g���C�s��\n  ���X�|���X: {"code":"42501","details":null,"hint":null,"message":"new row violates row-level security policy for table \\"financials\\""}'
Arguments: ()
--- Logging error ---
Traceback (most recent call last):
  File "C:\Users\takuy\OneDrive\tdnet-excel-input\tools\sync_financials.py", line 348, in sync
    n = api.upsert_batch(table, chunk, on_conflict="ticker,period,quarter")
        ^^^^^^^^^^^^^^^^^^^^^^^^^^^^^^^^^^^^^^^^^^^^^^^^^^^^^^^^^^^^^^^^^^^
  File "C:\Users\takuy\OneDrive\tdnet-excel-input\tools\sync_financials.py", line 139, in upsert_batch
    self._request(
  File "C:\Users\takuy\OneDrive\tdnet-excel-input\tools\sync_financials.py", line 96, in _request
    r.raise_for_status()
  File "C:\Users\takuy\OneDrive\tdnet-excel-input\.venv\Lib\site-packages\requests\models.py", line 1026, in raise_for_status
    raise HTTPError(http_error_msg, response=self)
requests.exceptions.HTTPError: 401 Client Error: Unauthorized for url: https://fvkvfekzoebcolssnteo.supabase.co/rest/v1/financials?on_conflict=ticker%2Cperiod%2Cquarter

During handling of the above exception, another exception occurred:

Traceback (most recent call last):
  File "C:\Users\takuy\AppData\Roaming\uv\python\cpython-3.11-windows-x86_64-none\Lib\logging\__init__.py", line 1113, in emit
    stream.write(msg + self.terminator)
UnicodeEncodeError: 'cp932' codec can't encode character '\u2014' in position 72: illegal multibyte sequence
Call stack:
  File "C:\Users\takuy\OneDrive\tdnet-excel-input\tools\sync_financials.py", line 538, in <module>
    main()
  File "C:\Users\takuy\OneDrive\tdnet-excel-input\tools\sync_financials.py", line 512, in main
    stats = sync(
  File "C:\Users\takuy\OneDrive\tdnet-excel-input\tools\sync_financials.py", line 360, in sync
    logger.error(
Message: "  batch 141/145: FAILED \u2014 401 Client Error: Unauthorized for url: https://fvkvfekzoebcolssnteo.supabase.co/rest/v1/financials?on_conflict=ticker%2Cperiod%2Cquarter\n  (�擪�s: {'ticker': '97060', 'period': '2023-03-31', 'quarter': 'FY', 'sales': 113050000000, 'gross_profit': 83965000000, 'operating_profit': -10579000000, 'source': 'jquants', 'updated_at': '2026-03-09T17:53:52.606130+09:00'})"
Arguments: ()
--- Logging error ---
Traceback (most recent call last):
  File "C:\Users\takuy\OneDrive\tdnet-excel-input\tools\sync_financials.py", line 96, in _request
    r.raise_for_status()
  File "C:\Users\takuy\OneDrive\tdnet-excel-input\.venv\Lib\site-packages\requests\models.py", line 1026, in raise_for_status
    raise HTTPError(http_error_msg, response=self)
requests.exceptions.HTTPError: 401 Client Error: Unauthorized for url: https://fvkvfekzoebcolssnteo.supabase.co/rest/v1/financials?on_conflict=ticker%2Cperiod%2Cquarter

During handling of the above exception, another exception occurred:

Traceback (most recent call last):
  File "C:\Users\takuy\AppData\Roaming\uv\python\cpython-3.11-windows-x86_64-none\Lib\logging\__init__.py", line 1113, in emit
    stream.write(msg + self.terminator)
UnicodeEncodeError: 'cp932' codec can't encode character '\u2014' in position 61: illegal multibyte sequence
Call stack:
  File "C:\Users\takuy\OneDrive\tdnet-excel-input\tools\sync_financials.py", line 538, in <module>
    main()
  File "C:\Users\takuy\OneDrive\tdnet-excel-input\tools\sync_financials.py", line 512, in main
    stats = sync(
  File "C:\Users\takuy\OneDrive\tdnet-excel-input\tools\sync_financials.py", line 348, in sync
    n = api.upsert_batch(table, chunk, on_conflict="ticker,period,quarter")
  File "C:\Users\takuy\OneDrive\tdnet-excel-input\tools\sync_financials.py", line 139, in upsert_batch
    self._request(
  File "C:\Users\takuy\OneDrive\tdnet-excel-input\tools\sync_financials.py", line 123, in _request
    logger.error(
Message: '[API] HTTP 0 \u2014 ���g���C�s��\n  ���X�|���X: {"code":"42501","details":null,"hint":null,"message":"new row violates row-level security policy for table \\"financials\\""}'
Arguments: ()
--- Logging error ---
Traceback (most recent call last):
  File "C:\Users\takuy\OneDrive\tdnet-excel-input\tools\sync_financials.py", line 348, in sync
    n = api.upsert_batch(table, chunk, on_conflict="ticker,period,quarter")
        ^^^^^^^^^^^^^^^^^^^^^^^^^^^^^^^^^^^^^^^^^^^^^^^^^^^^^^^^^^^^^^^^^^^
  File "C:\Users\takuy\OneDrive\tdnet-excel-input\tools\sync_financials.py", line 139, in upsert_batch
    self._request(
  File "C:\Users\takuy\OneDrive\tdnet-excel-input\tools\sync_financials.py", line 96, in _request
    r.raise_for_status()
  File "C:\Users\takuy\OneDrive\tdnet-excel-input\.venv\Lib\site-packages\requests\models.py", line 1026, in raise_for_status
    raise HTTPError(http_error_msg, response=self)
requests.exceptions.HTTPError: 401 Client Error: Unauthorized for url: https://fvkvfekzoebcolssnteo.supabase.co/rest/v1/financials?on_conflict=ticker%2Cperiod%2Cquarter

During handling of the above exception, another exception occurred:

Traceback (most recent call last):
  File "C:\Users\takuy\AppData\Roaming\uv\python\cpython-3.11-windows-x86_64-none\Lib\logging\__init__.py", line 1113, in emit
    stream.write(msg + self.terminator)
UnicodeEncodeError: 'cp932' codec can't encode character '\u2014' in position 72: illegal multibyte sequence
Call stack:
  File "C:\Users\takuy\OneDrive\tdnet-excel-input\tools\sync_financials.py", line 538, in <module>
    main()
  File "C:\Users\takuy\OneDrive\tdnet-excel-input\tools\sync_financials.py", line 512, in main
    stats = sync(
  File "C:\Users\takuy\OneDrive\tdnet-excel-input\tools\sync_financials.py", line 360, in sync
    logger.error(
Message: "  batch 142/145: FAILED \u2014 401 Client Error: Unauthorized for url: https://fvkvfekzoebcolssnteo.supabase.co/rest/v1/financials?on_conflict=ticker%2Cperiod%2Cquarter\n  (�擪�s: {'ticker': '97600', 'period': '2023-03-31', 'quarter': '2Q', 'sales': 3436000000, 'gross_profit': -361909000, 'operating_profit': -755000000, 'source': 'jquants', 'updated_at': '2026-03-09T17:53:52.606130+09:00'})"
Arguments: ()
--- Logging error ---
Traceback (most recent call last):
  File "C:\Users\takuy\OneDrive\tdnet-excel-input\tools\sync_financials.py", line 96, in _request
    r.raise_for_status()
  File "C:\Users\takuy\OneDrive\tdnet-excel-input\.venv\Lib\site-packages\requests\models.py", line 1026, in raise_for_status
    raise HTTPError(http_error_msg, response=self)
requests.exceptions.HTTPError: 401 Client Error: Unauthorized for url: https://fvkvfekzoebcolssnteo.supabase.co/rest/v1/financials?on_conflict=ticker%2Cperiod%2Cquarter

During handling of the above exception, another exception occurred:

Traceback (most recent call last):
  File "C:\Users\takuy\AppData\Roaming\uv\python\cpython-3.11-windows-x86_64-none\Lib\logging\__init__.py", line 1113, in emit
    stream.write(msg + self.terminator)
UnicodeEncodeError: 'cp932' codec can't encode character '\u2014' in position 61: illegal multibyte sequence
Call stack:
  File "C:\Users\takuy\OneDrive\tdnet-excel-input\tools\sync_financials.py", line 538, in <module>
    main()
  File "C:\Users\takuy\OneDrive\tdnet-excel-input\tools\sync_financials.py", line 512, in main
    stats = sync(
  File "C:\Users\takuy\OneDrive\tdnet-excel-input\tools\sync_financials.py", line 348, in sync
    n = api.upsert_batch(table, chunk, on_conflict="ticker,period,quarter")
  File "C:\Users\takuy\OneDrive\tdnet-excel-input\tools\sync_financials.py", line 139, in upsert_batch
    self._request(
  File "C:\Users\takuy\OneDrive\tdnet-excel-input\tools\sync_financials.py", line 123, in _request
    logger.error(
Message: '[API] HTTP 0 \u2014 ���g���C�s��\n  ���X�|���X: {"code":"42501","details":null,"hint":null,"message":"new row violates row-level security policy for table \\"financials\\""}'
Arguments: ()
--- Logging error ---
Traceback (most recent call last):
  File "C:\Users\takuy\OneDrive\tdnet-excel-input\tools\sync_financials.py", line 348, in sync
    n = api.upsert_batch(table, chunk, on_conflict="ticker,period,quarter")
        ^^^^^^^^^^^^^^^^^^^^^^^^^^^^^^^^^^^^^^^^^^^^^^^^^^^^^^^^^^^^^^^^^^^
  File "C:\Users\takuy\OneDrive\tdnet-excel-input\tools\sync_financials.py", line 139, in upsert_batch
    self._request(
  File "C:\Users\takuy\OneDrive\tdnet-excel-input\tools\sync_financials.py", line 96, in _request
    r.raise_for_status()
  File "C:\Users\takuy\OneDrive\tdnet-excel-input\.venv\Lib\site-packages\requests\models.py", line 1026, in raise_for_status
    raise HTTPError(http_error_msg, response=self)
requests.exceptions.HTTPError: 401 Client Error: Unauthorized for url: https://fvkvfekzoebcolssnteo.supabase.co/rest/v1/financials?on_conflict=ticker%2Cperiod%2Cquarter

During handling of the above exception, another exception occurred:

Traceback (most recent call last):
  File "C:\Users\takuy\AppData\Roaming\uv\python\cpython-3.11-windows-x86_64-none\Lib\logging\__init__.py", line 1113, in emit
    stream.write(msg + self.terminator)
UnicodeEncodeError: 'cp932' codec can't encode character '\u2014' in position 72: illegal multibyte sequence
Call stack:
  File "C:\Users\takuy\OneDrive\tdnet-excel-input\tools\sync_financials.py", line 538, in <module>
    main()
  File "C:\Users\takuy\OneDrive\tdnet-excel-input\tools\sync_financials.py", line 512, in main
    stats = sync(
  File "C:\Users\takuy\OneDrive\tdnet-excel-input\tools\sync_financials.py", line 360, in sync
    logger.error(
Message: "  batch 143/145: FAILED \u2014 401 Client Error: Unauthorized for url: https://fvkvfekzoebcolssnteo.supabase.co/rest/v1/financials?on_conflict=ticker%2Cperiod%2Cquarter\n  (�擪�s: {'ticker': '98300', 'period': '2022-12-31', 'quarter': '2Q', 'sales': 120683000000, 'gross_profit': 25379000000, 'operating_profit': 5933000000, 'source': 'jquants', 'updated_at': '2026-03-09T17:53:52.606130+09:00'})"
Arguments: ()
--- Logging error ---
Traceback (most recent call last):
  File "C:\Users\takuy\OneDrive\tdnet-excel-input\tools\sync_financials.py", line 96, in _request
    r.raise_for_status()
  File "C:\Users\takuy\OneDrive\tdnet-excel-input\.venv\Lib\site-packages\requests\models.py", line 1026, in raise_for_status
    raise HTTPError(http_error_msg, response=self)
requests.exceptions.HTTPError: 401 Client Error: Unauthorized for url: https://fvkvfekzoebcolssnteo.supabase.co/rest/v1/financials?on_conflict=ticker%2Cperiod%2Cquarter

During handling of the above exception, another exception occurred:

Traceback (most recent call last):
  File "C:\Users\takuy\AppData\Roaming\uv\python\cpython-3.11-windows-x86_64-none\Lib\logging\__init__.py", line 1113, in emit
    stream.write(msg + self.terminator)
UnicodeEncodeError: 'cp932' codec can't encode character '\u2014' in position 61: illegal multibyte sequence
Call stack:
  File "C:\Users\takuy\OneDrive\tdnet-excel-input\tools\sync_financials.py", line 538, in <module>
    main()
  File "C:\Users\takuy\OneDrive\tdnet-excel-input\tools\sync_financials.py", line 512, in main
    stats = sync(
  File "C:\Users\takuy\OneDrive\tdnet-excel-input\tools\sync_financials.py", line 348, in sync
    n = api.upsert_batch(table, chunk, on_conflict="ticker,period,quarter")
  File "C:\Users\takuy\OneDrive\tdnet-excel-input\tools\sync_financials.py", line 139, in upsert_batch
    self._request(
  File "C:\Users\takuy\OneDrive\tdnet-excel-input\tools\sync_financials.py", line 123, in _request
    logger.error(
Message: '[API] HTTP 0 \u2014 ���g���C�s��\n  ���X�|���X: {"code":"42501","details":null,"hint":null,"message":"new row violates row-level security policy for table \\"financials\\""}'
Arguments: ()
--- Logging error ---
Traceback (most recent call last):
  File "C:\Users\takuy\OneDrive\tdnet-excel-input\tools\sync_financials.py", line 348, in sync
    n = api.upsert_batch(table, chunk, on_conflict="ticker,period,quarter")
        ^^^^^^^^^^^^^^^^^^^^^^^^^^^^^^^^^^^^^^^^^^^^^^^^^^^^^^^^^^^^^^^^^^^
  File "C:\Users\takuy\OneDrive\tdnet-excel-input\tools\sync_financials.py", line 139, in upsert_batch
    self._request(
  File "C:\Users\takuy\OneDrive\tdnet-excel-input\tools\sync_financials.py", line 96, in _request
    r.raise_for_status()
  File "C:\Users\takuy\OneDrive\tdnet-excel-input\.venv\Lib\site-packages\requests\models.py", line 1026, in raise_for_status
    raise HTTPError(http_error_msg, response=self)
requests.exceptions.HTTPError: 401 Client Error: Unauthorized for url: https://fvkvfekzoebcolssnteo.supabase.co/rest/v1/financials?on_conflict=ticker%2Cperiod%2Cquarter

During handling of the above exception, another exception occurred:

Traceback (most recent call last):
  File "C:\Users\takuy\AppData\Roaming\uv\python\cpython-3.11-windows-x86_64-none\Lib\logging\__init__.py", line 1113, in emit
    stream.write(msg + self.terminator)
UnicodeEncodeError: 'cp932' codec can't encode character '\u2014' in position 72: illegal multibyte sequence
Call stack:
  File "C:\Users\takuy\OneDrive\tdnet-excel-input\tools\sync_financials.py", line 538, in <module>
    main()
  File "C:\Users\takuy\OneDrive\tdnet-excel-input\tools\sync_financials.py", line 512, in main
    stats = sync(
  File "C:\Users\takuy\OneDrive\tdnet-excel-input\tools\sync_financials.py", line 360, in sync
    logger.error(
Message: "  batch 144/145: FAILED \u2014 401 Client Error: Unauthorized for url: https://fvkvfekzoebcolssnteo.supabase.co/rest/v1/financials?on_conflict=ticker%2Cperiod%2Cquarter\n  (�擪�s: {'ticker': '98870', 'period': '2026-03-31', 'quarter': '3Q', 'sales': 136688000000, 'gross_profit': 86525360000, 'operating_profit': 6400000000, 'source': 'jquants', 'updated_at': '2026-03-09T17:53:52.606130+09:00'})"
Arguments: ()
--- Logging error ---
Traceback (most recent call last):
  File "C:\Users\takuy\OneDrive\tdnet-excel-input\tools\sync_financials.py", line 96, in _request
    r.raise_for_status()
  File "C:\Users\takuy\OneDrive\tdnet-excel-input\.venv\Lib\site-packages\requests\models.py", line 1026, in raise_for_status
    raise HTTPError(http_error_msg, response=self)
requests.exceptions.HTTPError: 401 Client Error: Unauthorized for url: https://fvkvfekzoebcolssnteo.supabase.co/rest/v1/financials?on_conflict=ticker%2Cperiod%2Cquarter

During handling of the above exception, another exception occurred:

Traceback (most recent call last):
  File "C:\Users\takuy\AppData\Roaming\uv\python\cpython-3.11-windows-x86_64-none\Lib\logging\__init__.py", line 1113, in emit
    stream.write(msg + self.terminator)
UnicodeEncodeError: 'cp932' codec can't encode character '\u2014' in position 61: illegal multibyte sequence
Call stack:
  File "C:\Users\takuy\OneDrive\tdnet-excel-input\tools\sync_financials.py", line 538, in <module>
    main()
  File "C:\Users\takuy\OneDrive\tdnet-excel-input\tools\sync_financials.py", line 512, in main
    stats = sync(
  File "C:\Users\takuy\OneDrive\tdnet-excel-input\tools\sync_financials.py", line 348, in sync
    n = api.upsert_batch(table, chunk, on_conflict="ticker,period,quarter")
  File "C:\Users\takuy\OneDrive\tdnet-excel-input\tools\sync_financials.py", line 139, in upsert_batch
    self._request(
  File "C:\Users\takuy\OneDrive\tdnet-excel-input\tools\sync_financials.py", line 123, in _request
    logger.error(
Message: '[API] HTTP 0 \u2014 ���g���C�s��\n  ���X�|���X: {"code":"42501","details":null,"hint":null,"message":"new row violates row-level security policy for table \\"financials\\""}'
Arguments: ()
--- Logging error ---
Traceback (most recent call last):
  File "C:\Users\takuy\OneDrive\tdnet-excel-input\tools\sync_financials.py", line 348, in sync
    n = api.upsert_batch(table, chunk, on_conflict="ticker,period,quarter")
        ^^^^^^^^^^^^^^^^^^^^^^^^^^^^^^^^^^^^^^^^^^^^^^^^^^^^^^^^^^^^^^^^^^^
  File "C:\Users\takuy\OneDrive\tdnet-excel-input\tools\sync_financials.py", line 139, in upsert_batch
    self._request(
  File "C:\Users\takuy\OneDrive\tdnet-excel-input\tools\sync_financials.py", line 96, in _request
    r.raise_for_status()
  File "C:\Users\takuy\OneDrive\tdnet-excel-input\.venv\Lib\site-packages\requests\models.py", line 1026, in raise_for_status
    raise HTTPError(http_error_msg, response=self)
requests.exceptions.HTTPError: 401 Client Error: Unauthorized for url: https://fvkvfekzoebcolssnteo.supabase.co/rest/v1/financials?on_conflict=ticker%2Cperiod%2Cquarter

During handling of the above exception, another exception occurred:

Traceback (most recent call last):
  File "C:\Users\takuy\AppData\Roaming\uv\python\cpython-3.11-windows-x86_64-none\Lib\logging\__init__.py", line 1113, in emit
    stream.write(msg + self.terminator)
UnicodeEncodeError: 'cp932' codec can't encode character '\u2014' in position 72: illegal multibyte sequence
Call stack:
  File "C:\Users\takuy\OneDrive\tdnet-excel-input\tools\sync_financials.py", line 538, in <module>
    main()
  File "C:\Users\takuy\OneDrive\tdnet-excel-input\tools\sync_financials.py", line 512, in main
    stats = sync(
  File "C:\Users\takuy\OneDrive\tdnet-excel-input\tools\sync_financials.py", line 360, in sync
    logger.error(
Message: "  batch 145/145: FAILED \u2014 401 Client Error: Unauthorized for url: https://fvkvfekzoebcolssnteo.supabase.co/rest/v1/financials?on_conflict=ticker%2Cperiod%2Cquarter\n  (�擪�s: {'ticker': '99550', 'period': '2024-03-31', 'quarter': 'FY', 'sales': 45130000000, 'gross_profit': 5908154000, 'operating_profit': 1944000000, 'source': 'jquants', 'updated_at': '2026-03-09T17:53:52.606130+09:00'})"
Arguments: ()
2026-03-09 17:54:11,092 INFO [sync_financials] [VERIFY] Supabase ���̌��ؒ�...
2026-03-09 17:54:11,689 INFO [sync_financials] [VERIFY] public.financials: 0 rows
2026-03-09 17:54:11,689 INFO [sync_financials] 
============================================================
  SYNC ����
  upserted: 0 / 72,490
  errors:   145
  elapsed:  18.4�b
============================================================
2026-03-09 17:54:11,696 ERROR [sync_financials] �G���[�� 145 ���������܂����B���O���m�F���Ă�������: C:\Users\takuy\OneDrive\tdnet-excel-input\logs\sync_financials_apply_recent30d_20260309_175352.log
[Step 4/8] KPI sync... (SKIPPED) 
[Step 5/8] Generating data.xlsx... 
[17:54:12] public.financials を取得中...
[17:54:14]   → 0 行取得

==================================================
  data.xlsx 生成ツール
  ソース: Supabase public.financials
==================================================


==================================================
  ❌ エラーが発生しました
==================================================

  financials テーブルにデータがありません。
    先に sync_financials.py を実行してください。

==================================================

[Step 6/8] data.xlsx stats... 
  [XLSX] rows(DATA)=138491 
  [XLSX] delta=+0 (prev=138491, now=138491) 
  [XLSX] tickers=3955 
[Step 7/8] Viewer refresh... (SKIPPED) 
[Step 8/8] Discord alerts... 
Traceback (most recent call last):
  File "C:\Users\takuy\OneDrive\tdnet-excel-input\tools\discord_alerts.py", line 43, in <module>
    from src.common_ticker import normalize_ticker as _normalize_ticker
ModuleNotFoundError: No module named 'src'
============================================================ 
 DONE 2026/03/09 17:54:22.97 
============================================================ 
