ticker,period,quarter,sales,gross_profit,operating_profit
130A0,2023-12-31,FY,360000000,,37000000
130A0,2024-12-31,1Q,63539000,,-65000000
130A0,2024-12-31,2Q,112488000,,-66000000
130A0,2024-12-31,3Q,169576000,,-121000000
130A0,2024-12-31,FY,235018000,,-212000000
13750,2023-03-31,FY,42204000000,,2191000000
13750,2025-03-31,2Q,21555000000,,1316000000
14170,2021-03-31,FY,463744000000,,30129000000
14170,2022-03-31,1Q,100546000000,,4707000000
14170,2022-03-31,2Q,211851000000,,11071000000
14170,2022-03-31,3Q,324598000000,,19105000000
14170,2022-03-31,FY,470385000000,,32804000000
14170,2023-03-31,1Q,95336000000,,-1147000000
14170,2023-03-31,2Q,202085000000,,899000000
14170,2023-03-31,3Q,320706000000,,6108000000
14170,2023-03-31,FY,483987000000,,21803000000
14170,2024-03-31,1Q,100524000000,,889000000
14170,2024-03-31,2Q,216640000000,,2364000000
14170,2024-03-31,3Q,343862000000,,4967000000
14350,2022-12-31,FY,5421000000,,645000000
14430,2021-03-31,FY,9361000000,,1202000000
14440,2021-07-31,2Q,1377000000,,67000000
14440,2021-07-31,3Q,2115000000,,116000000
14440,2021-07-31,FY,2880000000,,158000000
14440,2022-07-31,1Q,675000000,,30000000
14440,2022-07-31,2Q,1539000000,,79000000
14440,2022-07-31,3Q,2539000000,,160000000
14440,2022-07-31,FY,3504000000,,220000000
14440,2023-07-31,1Q,1028000000,,71000000
14440,2023-07-31,2Q,1947000000,,94000000
14440,2023-07-31,3Q,3015000000,,151000000
14460,2021-09-30,FY,11220000000,,63000000
14500,2025-03-31,1Q,2585000000,,482000000
17160,2026-06-30,1Q,5475000000,,755000000
17160,2026-06-30,2Q,10893000000,,1395000000
17200,2025-03-31,2Q,118626000000,,-5000000
17680,2025-03-31,FY,15196000000,,658000000
17680,2026-03-31,3Q,15454000000,,1281000000
17830,2021-09-30,FY,6894000000,,335000000
17830,2021-09-30,FY,6894000000,,335000000
17860,2022-03-31,1Q,16715000000,,1608000000
17860,2022-03-31,2Q,29241000000,,2376000000
17860,2022-03-31,3Q,43875000000,,3933000000
17860,2022-03-31,FY,60726000000,,5308000000
17860,2023-03-31,1Q,12613000000,,777000000
17860,2023-03-31,2Q,26203000000,,1983000000
17860,2023-03-31,3Q,43068000000,,3937000000
17860,2023-03-31,FY,61480000000,,5214000000
17860,2024-03-31,1Q,15592000000,,1076000000
17860,2024-03-31,2Q,30742000000,,2390000000
17860,2024-03-31,3Q,49295000000,,5069000000
17860,2024-03-31,FY,67382000000,,6533000000
17860,2025-03-31,1Q,16936000000,,2116000000
17860,2025-03-31,2Q,33045000000,,4018000000
17860,2025-03-31,3Q,50112000000,,5366000000
17860,2025-03-31,FY,64553000000,,5434000000
17860,2026-03-31,1Q,18302000000,,2009000000
17860,2026-03-31,2Q,36121000000,,3743000000
17860,2026-03-31,3Q,52744000000,,4669000000
17880,2025-06-30,1Q,1655000000,,34000000
17950,2021-09-30,2Q,4375000000,,385000000
17950,2021-09-30,3Q,4961000000,,243000000
17950,2021-09-30,FY,7794000000,,406000000
17950,2022-09-30,1Q,947000000,,-87000000
17950,2022-09-30,2Q,3766000000,,253000000
17950,2022-09-30,3Q,4890000000,,123000000
17950,2022-09-30,FY,6959000000,,198000000
17950,2023-09-30,1Q,1478000000,,-147000000
17950,2023-09-30,2Q,4059000000,,263000000
17950,2023-09-30,3Q,5613000000,,45000000
17950,2023-09-30,FY,8635000000,,504000000
17950,2024-09-30,1Q,1353000000,,-161000000
17950,2024-09-30,2Q,4658000000,,393000000
17950,2024-09-30,3Q,5932000000,,193000000
17950,2024-09-30,FY,8947000000,,407000000
17950,2025-09-30,1Q,2075000000,,-124000000
17950,2025-09-30,2Q,5720000000,,420000000
17950,2025-09-30,3Q,7552000000,,351000000
17950,2025-09-30,FY,10647000000,,638000000
17950,2026-09-30,1Q,1666000000,,-102000000
17980,2021-03-31,FY,36841000000,,891000000
18080,2024-03-31,FY,1094421000000,,85747000000
18220,2025-03-31,FY,143394000000,,5533000000
18280,2022-03-31,FY,42526000000,,2814000000
18280,2025-03-31,FY,50832000000,,3837000000
18400,2022-10-31,FY,34716000000,,148000000
18480,2022-03-31,2Q,13310000000,,764000000
18500,2024-03-31,FY,43626000000,,1686000000
18610,2021-03-31,FY,450232000000,,28069000000
18610,2022-03-31,1Q,88382000000,,2824000000
18610,2022-03-31,2Q,189555000000,,8708000000
18610,2022-03-31,3Q,300573000000,,15244000000
18610,2022-03-31,FY,425216000000,,22743000000
18610,2023-03-31,1Q,91669000000,,505000000
18610,2023-03-31,2Q,185844000000,,2830000000
18610,2023-03-31,3Q,285577000000,,5753000000
18610,2023-03-31,FY,403502000000,,11483000000
18610,2024-03-31,1Q,90891000000,,410000000
18610,2024-03-31,2Q,196257000000,,3768000000
18610,2024-03-31,3Q,307754000000,,9253000000
18610,2024-03-31,FY,443193000000,,12649000000
18610,2025-03-31,1Q,102676000000,,451000000
18610,2025-03-31,2Q,219492000000,,1239000000
18610,2025-03-31,3Q,330709000000,,1581000000
18610,2025-03-31,FY,498581000000,,14299000000
18610,2026-03-31,1Q,105370000000,,2017000000
18610,2026-03-31,2Q,222514000000,,7375000000
18610,2026-03-31,3Q,351928000000,,17451000000
18780,2024-03-31,3Q,1269830000000,,81272000000
19140,2021-03-31,FY,22854000000,,568000000
19140,2022-03-31,1Q,4797000000,,-46000000
19140,2022-03-31,2Q,10443000000,,153000000
19140,2022-03-31,3Q,16762000000,,561000000
19140,2022-03-31,FY,22111000000,,751000000
19140,2023-03-31,1Q,5561000000,,115000000
19140,2023-03-31,2Q,11363000000,,251000000
19140,2023-03-31,3Q,17587000000,,547000000
19140,2023-03-31,FY,23908000000,,778000000
19140,2024-03-31,1Q,5431000000,,275000000
19140,2024-03-31,2Q,10640000000,,423000000
19140,2024-03-31,3Q,16478000000,,584000000
19140,2024-03-31,FY,23575000000,,1012000000
19140,2025-03-31,1Q,7112000000,,725000000
19140,2025-03-31,2Q,14437000000,,1178000000
19140,2025-03-31,3Q,23037000000,,1651000000
19140,2025-03-31,FY,30279000000,,1891000000
19140,2025-03-31,FY,30279000000,,1891000000
19140,2026-03-31,1Q,6617000000,,385000000
19140,2026-03-31,2Q,13121000000,,802000000
19140,2026-03-31,3Q,20783000000,,1335000000
19250,2021-03-31,FY,4126769000000,,357121000000
19420,2021-03-31,FY,556045000000,,30041000000
19420,2022-03-31,1Q,108077000000,,6967000000
19420,2022-03-31,2Q,220331000000,,13452000000
19420,2022-03-31,3Q,343784000000,,20612000000
19420,2022-03-31,FY,495567000000,,30643000000
19420,2023-03-31,1Q,109018000000,,5852000000
19420,2023-03-31,2Q,233693000000,,13630000000
19420,2023-03-31,3Q,367501000000,,21421000000
19420,2023-03-31,FY,541579000000,,32748000000
19420,2024-03-31,1Q,118782000000,,6767000000
19420,2024-03-31,2Q,261821000000,,15745000000
19420,2024-03-31,3Q,403357000000,,24932000000
19420,2024-03-31,FY,598427000000,,40934000000
19420,2025-03-31,1Q,128864000000,,10353000000
19420,2025-03-31,2Q,286740000000,,25427000000
19420,2025-03-31,3Q,455492000000,,41932000000
19420,2025-03-31,FY,671888000000,,58326000000
19420,2026-03-31,1Q,165567000000,,17476000000
19420,2026-03-31,2Q,340638000000,,37900000000
19420,2026-03-31,3Q,511581000000,,58472000000
19440,2021-03-31,FY,556273000000,,42948000000
19440,2022-03-31,1Q,107357000000,,2787000000
19440,2022-03-31,2Q,244144000000,,11557000000
19440,2022-03-31,3Q,375198000000,,19859000000
19440,2022-03-31,FY,566794000000,,37087000000
19440,2023-03-31,1Q,115451000000,,354000000
19440,2023-03-31,2Q,258108000000,,6599000000
19440,2023-03-31,3Q,402673000000,,13567000000
19440,2023-03-31,FY,609132000000,,37430000000
19440,2024-03-31,1Q,112798000000,,869000000
19440,2024-03-31,2Q,270670000000,,9135000000
19440,2024-03-31,3Q,427112000000,,20620000000
19440,2024-03-31,FY,654516000000,,42677000000
19440,2025-03-31,1Q,133244000000,,1963000000
19440,2025-03-31,2Q,298040000000,,12876000000
19440,2025-03-31,3Q,464585000000,,30707000000
19440,2025-03-31,FY,705058000000,,60979000000
19440,2026-03-31,1Q,141412000000,,7243000000
19440,2026-03-31,2Q,321378000000,,31887000000
19440,2026-03-31,3Q,499267000000,,51957000000
19450,2021-03-31,FY,59514000000,,4104000000
19450,2022-03-31,1Q,10804000000,,-358000000
19450,2022-03-31,2Q,28281000000,,185000000
19450,2022-03-31,3Q,49610000000,,1266000000
19450,2022-03-31,FY,72578000000,,3158000000
19450,2023-03-31,1Q,18994000000,,544000000
19450,2023-03-31,2Q,37771000000,,1410000000
19450,2023-03-31,3Q,57188000000,,1596000000
19450,2023-03-31,FY,79055000000,,3458000000
19450,2024-03-31,1Q,20295000000,,376000000
19450,2024-03-31,2Q,41344000000,,1002000000
19450,2024-03-31,3Q,63648000000,,2912000000
19450,2024-03-31,FY,88467000000,,3959000000
19450,2025-03-31,1Q,14895000000,,-367000000
19450,2025-03-31,2Q,30541000000,,-249000000
19450,2025-03-31,3Q,46462000000,,-12000000
19450,2025-03-31,FY,67722000000,,2665000000
19450,2026-03-31,1Q,15645000000,,552000000
19450,2026-03-31,2Q,34283000000,,1180000000
19450,2026-03-31,3Q,56237000000,,2285000000
19490,2021-03-31,FY,154053000000,,11319000000
19490,2022-03-31,FY,167594000000,,13005000000
19490,2023-03-31,FY,175120000000,,13461000000
19490,2024-03-31,FY,185524000000,,12548000000
19490,2025-03-31,FY,203639000000,,17886000000
19500,2021-03-31,FY,195695000000,,14188000000
19500,2022-03-31,1Q,27781000000,,-1712000000
19500,2022-03-31,2Q,63683000000,,-1539000000
19500,2022-03-31,3Q,105263000000,,795000000
19500,2022-03-31,FY,173569000000,,7454000000
19500,2023-03-31,1Q,25506000000,,-1798000000
19500,2023-03-31,2Q,60889000000,,-1220000000
19500,2023-03-31,3Q,101722000000,,64000000
19500,2023-03-31,FY,172100000000,,9658000000
19500,2024-03-31,1Q,28577000000,,-1274000000
19500,2024-03-31,2Q,71039000000,,321000000
19500,2024-03-31,3Q,117511000000,,3163000000
19500,2024-03-31,FY,194031000000,,13448000000
19500,2025-03-31,1Q,33011000000,,-774000000
19500,2025-03-31,2Q,75625000000,,338000000
19500,2025-03-31,3Q,125013000000,,3709000000
19500,2025-03-31,FY,216922000000,,17934000000
19500,2026-03-31,1Q,30234000000,,-858000000
19500,2026-03-31,2Q,78419000000,,2721000000
19500,2026-03-31,3Q,135291000000,,9865000000
19510,2021-03-31,FY,573339000000,,36623000000
19520,2021-03-31,FY,107253000000,,6386000000
19520,2022-03-31,1Q,20247000000,,1472000000
19520,2022-03-31,2Q,41279000000,,2346000000
19520,2022-03-31,3Q,69886000000,,4561000000
19520,2022-03-31,FY,106718000000,,6881000000
19520,2023-03-31,1Q,21798000000,,618000000
19520,2023-03-31,2Q,43952000000,,2147000000
19520,2023-03-31,3Q,72386000000,,3834000000
19520,2023-03-31,FY,112234000000,,7124000000
19520,2024-03-31,1Q,21487000000,,460000000
19520,2024-03-31,2Q,46969000000,,1415000000
19520,2024-03-31,3Q,85626000000,,5069000000
19520,2024-03-31,FY,127978000000,,9235000000
19520,2024-03-31,FY,127978000000,,9235000000
19520,2025-03-31,1Q,24905000000,,760000000
19520,2025-03-31,2Q,54773000000,,2490000000
19520,2025-03-31,3Q,88568000000,,5262000000
19520,2025-03-31,FY,137684000000,,11346000000
19520,2026-03-31,1Q,30632000000,,1973000000
19520,2026-03-31,2Q,64858000000,,5380000000
19520,2026-03-31,3Q,104674000000,,8844000000
19520,2026-03-31,3Q,104674000000,,8844000000
19590,2023-03-31,2Q,168522000000,,10315000000
19600,2025-03-31,FY,67859000000,,2123000000
19600,2026-03-31,1Q,13969000000,,272000000
19660,2021-03-31,FY,47794000000,,2036000000
19660,2022-03-31,1Q,11387000000,,181000000
19660,2022-03-31,2Q,22098000000,,719000000
19660,2022-03-31,3Q,32955000000,,689000000
19660,2022-03-31,FY,47243000000,,1200000000
19660,2023-03-31,1Q,15661000000,,829000000
19660,2023-03-31,2Q,28798000000,,1023000000
19660,2023-03-31,3Q,41544000000,,1452000000
19660,2023-03-31,FY,57881000000,,2680000000
19660,2024-03-31,1Q,13684000000,,503000000
19660,2024-03-31,2Q,27895000000,,1581000000
19660,2024-03-31,3Q,40109000000,,2185000000
19660,2024-03-31,FY,52257000000,,2400000000
19660,2025-03-31,1Q,13838000000,,570000000
19660,2025-03-31,2Q,28132000000,,1645000000
19660,2025-03-31,3Q,43582000000,,1904000000
19660,2025-03-31,FY,58067000000,,2933000000
19660,2026-03-31,1Q,11886000000,,4000000
19660,2026-03-31,2Q,25359000000,,254000000
19660,2026-03-31,3Q,37943000000,,338000000
19670,2021-03-20,FY,43767000000,,3081000000
19670,2022-03-20,1Q,10328000000,,925000000
19670,2022-03-20,2Q,22281000000,,1826000000
19670,2022-03-20,3Q,33918000000,,2797000000
19670,2022-03-20,FY,45576000000,,3677000000
19670,2023-03-20,1Q,11386000000,,671000000
19670,2023-03-20,2Q,21135000000,,1011000000
19670,2023-03-20,2Q,21135000000,,1011000000
19670,2023-03-20,3Q,31801000000,,1231000000
19760,2021-03-31,FY,50533000000,,6399000000
19760,2022-03-31,1Q,10965000000,,990000000
19760,2022-03-31,2Q,22323000000,,1962000000
19760,2022-03-31,3Q,34372000000,,3359000000
19760,2022-03-31,FY,48389000000,,5339000000
19760,2023-03-31,1Q,12051000000,,1089000000
19760,2023-03-31,2Q,25722000000,,2799000000
19760,2023-03-31,3Q,39891000000,,4266000000
19760,2023-03-31,FY,55890000000,,6830000000
19760,2024-03-31,1Q,12534000000,,812000000
19760,2024-03-31,2Q,26578000000,,2722000000
19760,2024-03-31,3Q,42549000000,,4768000000
19760,2024-03-31,FY,60377000000,,8061000000
19760,2025-03-31,1Q,14812000000,,1526000000
19760,2025-03-31,2Q,31576000000,,3925000000
19760,2025-03-31,3Q,47294000000,,6010000000
19760,2025-03-31,FY,66283000000,,10613000000
19760,2026-03-31,1Q,13840000000,,1099000000
19760,2026-03-31,2Q,28300000000,,2799000000
19760,2026-03-31,3Q,44145000000,,5480000000
19790,2021-03-31,FY,202548000000,,11690000000
19790,2022-03-31,1Q,42050000000,,1707000000
19790,2022-03-31,2Q,92413000000,,2763000000
19790,2022-03-31,3Q,144859000000,,5578000000
19790,2022-03-31,FY,209261000000,,9428000000
19790,2023-03-31,1Q,39811000000,,1413000000
19790,2023-03-31,2Q,85779000000,,3847000000
19790,2023-03-31,3Q,141979000000,,7301000000
19790,2023-03-31,FY,214793000000,,11556000000
19790,2024-03-31,1Q,56582000000,,3288000000
19790,2024-03-31,2Q,130411000000,,7427000000
19790,2024-03-31,3Q,205285000000,,12122000000
19790,2024-03-31,FY,293556000000,,18270000000
19790,2025-03-31,1Q,53089000000,,2564000000
19790,2025-03-31,2Q,114626000000,,6274000000
19790,2025-03-31,3Q,184766000000,,9926000000
19790,2025-03-31,FY,276212000000,,17971000000
19790,2026-03-31,1Q,64058000000,,3983000000
19790,2026-03-31,2Q,130469000000,,10470000000
19790,2026-03-31,3Q,202229000000,,15329000000
19800,2021-03-31,FY,157712000000,,8754000000
19800,2022-03-31,1Q,27256000000,,528000000
19800,2022-03-31,2Q,65780000000,,2768000000
19800,2022-03-31,3Q,108257000000,,4060000000
19800,2022-03-31,FY,162929000000,,7584000000
19800,2023-03-31,1Q,35342000000,,818000000
19800,2023-03-31,2Q,82690000000,,3650000000
19800,2023-03-31,3Q,130088000000,,5171000000
19800,2023-03-31,FY,185961000000,,8428000000
19800,2024-03-31,1Q,40731000000,,691000000
19800,2024-03-31,2Q,91306000000,,3031000000
19800,2024-03-31,3Q,139504000000,,6342000000
19800,2024-03-31,FY,197431000000,,10877000000
19800,2025-03-31,1Q,44325000000,,1725000000
19800,2025-03-31,2Q,105591000000,,6783000000
19800,2025-03-31,3Q,185850000000,,16400000000
19800,2025-03-31,FY,262732000000,,23037000000
19800,2026-03-31,1Q,60147000000,,9703000000
19800,2026-03-31,2Q,118359000000,,17583000000
19800,2026-03-31,3Q,180189000000,,26525000000
19940,2021-12-31,1Q,6408000000,,1261000000
19940,2021-12-31,2Q,8181000000,,1438000000
19940,2021-12-31,3Q,10156000000,,1789000000
19940,2021-12-31,FY,12233000000,,1985000000
19940,2022-12-31,1Q,1880000000,,150000000
19940,2022-12-31,2Q,3541000000,,76000000
19940,2022-12-31,3Q,5512000000,,154000000
19940,2022-12-31,FY,7530000000,,170000000
19940,2023-12-31,1Q,1818000000,,87000000
19940,2023-12-31,2Q,3773000000,,236000000
19940,2023-12-31,3Q,5431000000,,284000000
19940,2023-12-31,FY,7332000000,,355000000
19940,2024-12-31,1Q,2170000000,,106000000
19940,2024-12-31,2Q,4789000000,,337000000
19940,2024-12-31,3Q,6961000000,,457000000
19940,2024-12-31,FY,9383000000,,593000000
19940,2025-12-31,1Q,1839000000,,-57000000
19940,2025-12-31,2Q,3448000000,,-95000000
19940,2025-12-31,3Q,5179000000,,-35000000
19940,2025-12-31,FY,7338000000,,112000000
20010,2022-03-31,FY,321317000000,,11282000000
202A0,2025-03-31,2Q,5266000000,,971000000
21210,2021-03-31,FY,119319000000,,22928000000
21340,2025-03-31,1Q,198000000,,-87000000
21540,2023-06-30,FY,161689000000,,12760000000
21680,2021-05-31,FY,334540000000,,19940000000
21960,2021-03-31,FY,12941000000,,-6401000000
219A0,2025-12-31,1Q,485358000,,-485000000
22080,2023-03-31,2Q,42920000000,,-275000000
22150,2022-12-31,FY,24390000000,,-669000000
22150,2023-12-31,1Q,6265000000,,-59000000
22200,2026-03-31,1Q,33873000000,,1604000000
22220,2021-03-31,FY,23204000000,,-2890000000
22220,2025-03-31,2Q,32906000000,,7476000000
23010,2022-10-31,FY,6773000000,,1621000000
23010,2024-10-31,2Q,4024000000,,615000000
23300,2024-12-31,1Q,989000000,,-28000000
23350,2022-03-31,2Q,8060000000,,746000000
23450,2023-10-31,FY,394000000,,-911000000
23710,2021-03-31,FY,51077000000,,18295000000
23710,2022-03-31,1Q,12021000000,,4012000000
23710,2022-03-31,2Q,23882000000,,8121000000
23710,2022-03-31,3Q,37935000000,,13782000000
23710,2022-03-31,FY,51723000000,,19147000000
23710,2023-03-31,1Q,14015000000,,5374000000
23710,2023-03-31,2Q,28240000000,,10906000000
23710,2023-03-31,3Q,44561000000,,17927000000
23710,2023-03-31,FY,60820000000,,23947000000
23710,2024-03-31,1Q,15362000000,,5171000000
23710,2024-03-31,2Q,31435000000,,11299000000
23710,2024-03-31,3Q,48679000000,,18299000000
23710,2024-03-31,FY,66928000000,,25819000000
23710,2025-03-31,1Q,17713000000,,6977000000
23710,2025-03-31,2Q,36363000000,,14034000000
23710,2025-03-31,3Q,56687000000,,22065000000
23710,2025-03-31,FY,78435000000,,29293000000
23710,2026-03-31,1Q,21958000000,,7318000000
23710,2026-03-31,2Q,44861000000,,13843000000
23710,2026-03-31,3Q,68891000000,,21133000000
23750,2023-10-31,FY,26432000000,,111000000
24040,2023-08-31,FY,6592000000,,-83000000
24040,2024-08-31,FY,7069000000,,69000000
24080,2021-12-20,1Q,500000000,,-27000000
24080,2021-12-20,2Q,1037000000,,-32000000
24080,2021-12-20,3Q,1552000000,,-34000000
24080,2021-12-20,FY,2172000000,,33000000
24080,2022-12-20,1Q,593000000,,56000000
24080,2022-12-20,2Q,1190000000,,97000000
24080,2022-12-20,3Q,1788000000,,143000000
24080,2022-12-20,FY,2488000000,,257000000
24080,2023-12-20,1Q,681000000,,94000000
24080,2023-12-20,2Q,1381000000,,180000000
24080,2023-12-20,3Q,1980000000,,221000000
24080,2023-12-20,FY,2657000000,,368000000
24080,2023-12-20,FY,2657000000,,368000000
24080,2024-12-20,1Q,618000000,,58000000
24080,2024-12-20,2Q,1191000000,,117000000
24080,2024-12-20,3Q,1808000000,,182000000
24080,2024-12-20,FY,2467000000,,304000000
24080,2025-12-20,1Q,649000000,,88000000
24080,2025-12-20,2Q,1313000000,,164000000
24080,2025-12-20,3Q,1995000000,,247000000
24080,2025-12-20,FY,2736000000,,440000000
24280,2025-06-30,2Q,5599000000,,816000000
24290,2022-12-31,2Q,86208000000,,4629000000
24370,2023-05-31,FY,3647000000,,544000000
24400,2025-03-31,1Q,2879000000,,144000000
24490,2021-08-31,FY,8211000000,,312000000
24540,2021-03-31,FY,17283000000,,909000000
24770,2022-06-30,FY,1631000000,,1168000000
24800,2021-03-31,FY,1136000000,,436000000
24840,2022-08-31,FY,47314000000,,-36442000000
25850,2026-03-31,3Q,40672000000,,4622000000
25970,2021-12-31,FY,15218000000,,13000000
26070,2024-03-31,FY,564087000000,,18213000000
26560,2021-03-31,FY,867000000,,-70000000
26560,2022-03-31,1Q,103000000,,-70000000
26560,2022-03-31,2Q,196000000,,-147000000
26560,2022-03-31,3Q,283000000,,-235000000
26560,2022-03-31,FY,365000000,,-345000000
26560,2023-03-31,1Q,68000000,,-65000000
26560,2023-03-31,2Q,130000000,,-129000000
26560,2023-03-31,3Q,197000000,,-191000000
26560,2023-03-31,FY,246000000,,-354000000
26560,2024-03-31,1Q,62000000,,-148000000
26560,2024-03-31,2Q,100000000,,-402000000
27760,2023-01-31,2Q,1815000000,,-142000000
28020,2022-03-31,1Q,276338000000,,36343000000
28020,2022-03-31,2Q,550230000000,,81720000000
28020,2022-03-31,3Q,854228000000,,121831000000
28020,2023-03-31,1Q,321619000000,,41610000000
28020,2023-03-31,2Q,659853000000,,73605000000
28020,2023-03-31,3Q,1026721000000,,117719000000
28020,2024-03-31,1Q,339521000000,,40593000000
28020,2024-03-31,2Q,688004000000,,72658000000
28020,2024-03-31,3Q,1067645000000,,117390000000
28140,2024-03-31,2Q,2934000000,,260000000
28150,2021-03-31,FY,49684000000,,10046000000
28150,2022-03-31,FY,52658000000,,10682000000
28150,2023-03-31,1Q,13099000000,,2229000000
285A0,2026-03-31,1Q,342799000000,,44899000000
28740,2025-09-30,2Q,63425000000,,3042000000
28740,2025-09-30,FY,125563000000,,4238000000
28830,2021-03-31,FY,22507000000,,954000000
29040,2023-06-30,FY,32814000000,,-193000000
29100,2023-04-30,FY,49970000000,,1500000000
29100,2024-04-30,1Q,12580000000,,482000000
29170,2025-09-30,FY,16511000000,,-66000000
29260,2025-09-30,FY,2940000000,,59000000
29270,2022-08-31,FY,22997000000,,1011000000
29290,2023-07-31,FY,68572000000,,3610000000
29320,2024-12-31,FY,35580000000,,2901000000
29610,2023-09-30,1Q,1962000000,,-385000000
29710,2021-01-31,FY,1922000000,,1111000000
29710,2021-07-31,FY,1910000000,,1094000000
29710,2022-01-31,FY,2476000000,,1506000000
29710,2022-07-31,FY,2706000000,,1382000000
29710,2023-01-31,FY,2541000000,,1362000000
29710,2023-07-31,FY,2497000000,,1255000000
29710,2024-01-31,FY,2444000000,,1274000000
29710,2024-07-31,FY,3049000000,,1312000000
29710,2025-01-31,FY,2794000000,,1439000000
29710,2025-07-31,FY,3124000000,,1668000000
29720,2021-02-28,FY,2147000000,,1118000000
29720,2021-08-31,FY,2176000000,,1141000000
29720,2022-02-28,FY,2778000000,,1540000000
29720,2022-08-31,FY,3028000000,,1630000000
29720,2023-02-28,FY,2891000000,,1243000000
29720,2023-08-31,FY,2751000000,,1334000000
29720,2024-02-29,FY,7778000000,,1229000000
29720,2024-08-31,FY,2461000000,,1299000000
29720,2025-02-28,FY,2516000000,,1352000000
29720,2025-08-31,FY,2611000000,,1347000000
29790,2021-05-31,FY,3061000000,,1583000000
29790,2021-11-30,FY,3143000000,,1557000000
29790,2022-05-31,FY,3573000000,,1775000000
29790,2022-11-30,FY,3823000000,,1778000000
29790,2023-05-31,FY,4194000000,,1934000000
29790,2023-11-30,FY,4336000000,,2041000000
29790,2024-05-31,FY,4252000000,,2005000000
29790,2024-11-30,FY,4326000000,,2011000000
29790,2025-05-31,FY,4738000000,,2229000000
29790,2025-11-30,FY,4784000000,,2249000000
297A0,2025-03-31,3Q,78964000000,,3253000000
297A0,2025-03-31,FY,103836000000,,3412000000
297A0,2026-03-31,1Q,25568000000,,708000000
297A0,2026-03-31,2Q,54107000000,,2757000000
297A0,2026-03-31,3Q,81787000000,,3823000000
29890,2022-01-31,2Q,244051000,,119637000
29890,2022-01-31,2Q,244051000,,119637000
29890,2022-01-31,FY,1343000000,,819000000
29890,2022-07-31,FY,1116000000,,622000000
29890,2023-01-31,FY,1147000000,,635000000
29890,2023-07-31,FY,1616000000,,966000000
29890,2024-01-31,FY,1640000000,,949000000
29890,2024-07-31,FY,1900000000,,1098000000
29890,2025-01-31,FY,2009000000,,1093000000
29890,2025-07-31,FY,2306000000,,1368000000
30030,2021-12-31,1Q,91494000000,,22146000000
30030,2021-12-31,2Q,220067000000,,58691000000
30030,2021-12-31,3Q,265449000000,,69628000000
30030,2021-12-31,FY,447077000000,,114507000000
30030,2022-12-31,1Q,106928000000,,29019000000
30030,2022-12-31,2Q,247429000000,,57065000000
30030,2022-12-31,3Q,399208000000,,77257000000
30030,2022-12-31,FY,523424000000,,126147000000
30030,2023-12-31,1Q,112561000000,,34190000000
30030,2023-12-31,2Q,183950000000,,66650000000
30030,2023-12-31,3Q,278529000000,,90950000000
30030,2023-12-31,FY,446383000000,,146178000000
30030,2024-12-31,1Q,107593000000,,23728000000
30030,2024-12-31,2Q,204852000000,,68923000000
30030,2024-12-31,3Q,314985000000,,88810000000
30030,2024-12-31,3Q,314985000000,,88810000000
30030,2024-12-31,FY,591615000000,,163360000000
30030,2025-12-31,1Q,156644000000,,31816000000
30030,2025-12-31,2Q,300081000000,,75055000000
30030,2025-12-31,3Q,424218000000,,106371000000
30030,2025-12-31,FY,727447000000,,186826000000
30100,2021-03-31,FY,2972000000,,-1627000000
30240,2025-03-31,2Q,17384000000,,218000000
30340,2025-03-31,FY,263972000000,,13465000000
30360,2021-03-31,FY,214987000000,,5621000000
30380,2025-10-31,FY,551701000000,,39878000000
30540,2021-12-31,FY,20536000000,,48000000
30540,2022-12-31,3Q,8030000000,,23000000
30540,2022-12-31,FY,10599000000,,-45000000
30540,2023-12-31,1Q,3365000000,,88000000
30540,2023-12-31,2Q,6011000000,,32000000
30760,2024-06-30,FY,49812000000,,9853000000
30820,2021-06-30,3Q,4673000000,,-911000000
30910,2024-12-31,3Q,19952000000,,2015000000
31380,2024-12-31,3Q,4133000000,,213000000
31510,2022-03-31,FY,577249000000,,2945000000
31510,2023-03-31,FY,579772000000,,2470000000
31510,2024-03-31,FY,587481000000,,5556000000
31560,2022-03-31,FY,399590000000,,7485000000
31560,2024-03-31,2Q,245264000000,,7098000000
31790,2022-03-31,FY,43453000000,,3140000000
31790,2026-03-31,2Q,24424000000,,939000000
31820,2025-03-31,FY,256009000000,,6864000000
31980,2024-02-29,FY,29079000000,,2026000000
32050,2023-03-31,FY,28218000000,,-481000000
32260,2021-02-28,FY,11560000000,,5266000000
32260,2021-08-31,FY,11986000000,,5428000000
32260,2021-08-31,FY,11986000000,,5428000000
32260,2022-02-28,FY,12217000000,,5726000000
32260,2022-08-31,FY,12434000000,,5726000000
32260,2023-02-28,FY,12344000000,,5835000000
32260,2023-08-31,FY,13049000000,,6256000000
32260,2024-02-29,FY,12586000000,,6170000000
32260,2024-08-31,FY,12703000000,,5991000000
32260,2025-02-28,FY,12828000000,,6202000000
32260,2025-08-31,FY,13195000000,,6341000000
32310,2021-03-31,FY,580660000000,,76333000000
32310,2022-03-31,1Q,146544000000,,30493000000
32310,2022-03-31,2Q,257126000000,,40360000000
32310,2022-03-31,3Q,361004000000,,49135000000
32310,2022-03-31,FY,645049000000,,91210000000
32310,2023-03-31,1Q,199721000000,,37289000000
32310,2023-03-31,2Q,314756000000,,48884000000
32310,2023-03-31,3Q,422590000000,,61450000000
32310,2023-03-31,FY,654735000000,,99598000000
32310,2024-03-31,1Q,209366000000,,38485000000
32310,2024-03-31,2Q,368318000000,,61372000000
32310,2024-03-31,3Q,518345000000,,78619000000
32310,2024-03-31,FY,734715000000,,112114000000
32310,2025-03-31,1Q,200915000000,,38197000000
32310,2025-03-31,2Q,381343000000,,68363000000
32310,2025-03-31,3Q,571854000000,,98845000000
32310,2025-03-31,FY,757638000000,,118958000000
32310,2026-03-31,1Q,221419000000,,36804000000
32310,2026-03-31,2Q,397749000000,,57194000000
32310,2026-03-31,3Q,581562000000,,80320000000
32320,2021-03-31,FY,81179000000,,403000000
32320,2022-03-31,1Q,16888000000,,-231000000
32320,2022-03-31,2Q,35664000000,,-212000000
32320,2022-03-31,3Q,58176000000,,978000000
32320,2022-03-31,FY,84351000000,,2996000000
32320,2023-03-31,1Q,19120000000,,994000000
32320,2023-03-31,2Q,39449000000,,1928000000
32320,2023-03-31,3Q,65660000000,,4415000000
32320,2023-03-31,FY,93124000000,,6374000000
32320,2024-03-31,1Q,21951000000,,1689000000
32320,2024-03-31,2Q,43770000000,,3486000000
32320,2024-03-31,3Q,69704000000,,6348000000
32320,2024-03-31,FY,98218000000,,7368000000
32320,2025-03-31,1Q,25263000000,,2565000000
32320,2025-03-31,2Q,51112000000,,5149000000
32320,2025-03-31,3Q,76002000000,,7582000000
32320,2025-03-31,FY,103849000000,,8415000000
32320,2026-03-31,1Q,23657000000,,2595000000
32320,2026-03-31,2Q,49925000000,,5245000000
32320,2026-03-31,3Q,76854000000,,8063000000
32340,2021-01-31,FY,9820000000,,6173000000
32340,2021-07-31,FY,9841000000,,6157000000
32340,2022-01-31,FY,9820000000,,6085000000
32340,2022-07-31,FY,11197000000,,6985000000
32340,2023-01-31,FY,11210000000,,6945000000
32340,2023-07-31,FY,11215000000,,6955000000
32340,2024-01-31,FY,11176000000,,6803000000
32340,2024-07-31,FY,11173000000,,6879000000
32340,2025-01-31,FY,11088000000,,6769000000
32340,2025-07-31,FY,11223000000,,6795000000
32370,2024-03-31,1Q,229000000,,-16000000
32490,2021-01-31,FY,13892000000,,7614000000
32490,2021-07-31,FY,15349000000,,7642000000
32490,2022-01-31,FY,16493000000,,6789000000
32490,2022-07-31,FY,17194000000,,7462000000
32490,2023-01-31,FY,17944000000,,6939000000
32490,2023-07-31,FY,17848000000,,8354000000
32490,2024-01-31,FY,18167000000,,8185000000
32490,2024-07-31,FY,21065000000,,9980000000
32490,2025-01-31,FY,21268000000,,10186000000
32490,2025-07-31,FY,22708000000,,10699000000
32690,2021-01-31,FY,17014000000,,8513000000
32690,2021-07-31,FY,16884000000,,8224000000
32690,2022-01-31,FY,17313000000,,8710000000
32690,2022-07-31,FY,17253000000,,8312000000
32690,2023-01-31,FY,17868000000,,8950000000
32690,2023-07-31,FY,18523000000,,8800000000
32690,2024-01-31,FY,18689000000,,8925000000
32690,2024-07-31,FY,18694000000,,8729000000
32690,2025-01-31,FY,18364000000,,8249000000
32690,2025-07-31,FY,20539000000,,10140000000
32790,2021-05-31,FY,14715000000,,8101000000
32790,2021-11-30,FY,15646000000,,8758000000
32790,2022-05-31,FY,15512000000,,8624000000
32790,2022-11-30,FY,16178000000,,8920000000
32790,2023-05-31,FY,17482000000,,9826000000
32790,2023-11-30,FY,17344000000,,9588000000
32790,2024-05-31,FY,15910000000,,8411000000
32790,2024-11-30,FY,15708000000,,7802000000
32790,2025-05-31,FY,15881000000,,8028000000
32790,2025-11-30,FY,16538000000,,8557000000
32810,2021-02-28,FY,21978000000,,12367000000
32810,2021-08-31,FY,23855000000,,13062000000
32810,2022-02-28,FY,24786000000,,14249000000
32810,2022-08-31,FY,24875000000,,13090000000
32810,2023-02-28,FY,26366000000,,14342000000
32810,2023-08-31,FY,27954000000,,15325000000
32810,2024-02-29,FY,25824000000,,13577000000
32810,2024-08-31,FY,27448000000,,14754000000
32810,2025-02-28,FY,29077000000,,16527000000
32810,2025-08-31,FY,30505000000,,17647000000
32820,2021-01-31,FY,9565000000,,4484000000
32820,2021-07-31,FY,10770000000,,5590000000
32820,2022-01-31,FY,9433000000,,4223000000
32820,2022-07-31,FY,9785000000,,4386000000
32820,2023-01-31,FY,10194000000,,4626000000
32820,2023-07-31,FY,10680000000,,4846000000
32820,2024-01-31,FY,10664000000,,4915000000
32820,2024-07-31,FY,11389000000,,5332000000
32820,2025-01-31,FY,11460000000,,5293000000
32820,2025-07-31,FY,12212000000,,5760000000
32830,2021-05-31,FY,24554000000,,11539000000
32830,2021-11-30,FY,25410000000,,11748000000
32830,2022-05-31,FY,26859000000,,12077000000
32830,2022-11-30,FY,27524000000,,11914000000
32830,2023-05-31,FY,28753000000,,12346000000
32830,2023-11-30,FY,30598000000,,13557000000
32830,2023-11-30,FY,30598653000,,13557719000
32830,2024-05-31,FY,30376000000,,13712000000
32830,2024-11-30,FY,31053000000,,13683000000
32830,2025-05-31,FY,34557000000,,16902000000
32830,2025-11-30,FY,35080000000,,16833000000
32870,2021-04-30,FY,4591000000,,1816000000
32870,2021-10-31,FY,4840000000,,1845000000
32870,2022-04-30,FY,5438000000,,2200000000
32870,2022-10-31,FY,5882000000,,2463000000
32870,2023-04-30,FY,6266000000,,2627000000
32870,2023-10-31,FY,6435000000,,2740000000
32870,2024-04-30,FY,6670000000,,2847000000
32870,2024-10-31,FY,7496000000,,3485000000
32870,2025-04-30,FY,7633000000,,3437000000
32870,2025-10-31,FY,8696000000,,4325000000
32890,2021-03-31,FY,907735000000,,56517000000
32890,2022-03-31,1Q,187303000000,,10707000000
32890,2022-03-31,2Q,411757000000,,33509000000
32890,2022-03-31,3Q,634119000000,,53214000000
32890,2022-03-31,FY,989049000000,,83817000000
32890,2023-03-31,1Q,220305000000,,24888000000
32890,2023-03-31,2Q,445010000000,,45876000000
32890,2023-03-31,3Q,641742000000,,61996000000
32890,2023-03-31,FY,1005836000000,,110410000000
32890,2024-03-31,1Q,253104000000,,34527000000
32890,2024-03-31,2Q,490696000000,,58044000000
32890,2024-03-31,3Q,717821000000,,75353000000
32890,2024-03-31,FY,1103047000000,,120238000000
32890,2025-03-31,1Q,267179000000,,31636000000
32890,2025-03-31,1Q,267179000000,,31636000000
32890,2025-03-31,2Q,503272000000,,50549000000
32890,2025-03-31,3Q,763248000000,,87845000000
32890,2025-03-31,FY,1150301000000,,140763000000
32890,2026-03-31,1Q,287983000000,,41232000000
32890,2026-03-31,2Q,591272000000,,78518000000
32890,2026-03-31,3Q,832221000000,,104125000000
32900,2021-02-28,FY,4060000000,,1274000000
32900,2021-08-31,FY,4889000000,,2878000000
32900,2022-02-28,FY,4384000000,,2262000000
32900,2022-08-31,FY,4516000000,,2184000000
32900,2023-02-28,FY,4598000000,,2134000000
32900,2023-08-31,FY,4636000000,,2147000000
32900,2024-02-29,FY,4575000000,,2131000000
32900,2024-08-31,FY,4658000000,,2178000000
32900,2025-02-28,FY,5001000000,,2487000000
32900,2025-08-31,FY,5332000000,,2866000000
32920,2021-01-31,FY,17701000000,,6802000000
32920,2021-07-31,FY,17696000000,,6749000000
32920,2022-01-31,FY,19928000000,,7691000000
32920,2022-07-31,FY,20121000000,,7561000000
32920,2023-01-31,FY,19987000000,,7620000000
32920,2023-07-31,FY,21008000000,,7970000000
32920,2024-01-31,FY,21054000000,,8048000000
32920,2024-07-31,FY,21161000000,,7670000000
32920,2025-01-31,FY,21190000000,,8053000000
32920,2025-07-31,FY,21572000000,,8192000000
32930,2023-03-31,FY,14163000000,,1203000000
32940,2024-03-31,FY,27321000000,,2013000000
32950,2021-02-28,FY,11170000000,,6232000000
32950,2021-08-31,FY,10505000000,,5763000000
32950,2022-02-28,FY,11006000000,,6150000000
32950,2022-08-31,FY,11502000000,,6298000000
32950,2023-02-28,FY,10678000000,,5625000000
32950,2023-08-31,FY,11222000000,,5882000000
32950,2024-02-29,FY,11323000000,,5960000000
32950,2024-08-31,FY,11504000000,,6066000000
32950,2025-02-28,FY,12456000000,,6787000000
32950,2025-08-31,FY,12782000000,,6942000000
32960,2021-06-30,FY,9410000000,,5499000000
32960,2021-12-31,FY,10041000000,,6043000000
32960,2021-12-31,FY,10041000000,,6043000000
32960,2022-06-30,FY,8534000000,,4599000000
32960,2022-12-31,FY,8547000000,,4442000000
32960,2023-06-30,FY,8865000000,,4440000000
32960,2023-12-31,FY,8828000000,,4705000000
32960,2024-06-30,FY,9865000000,,5499000000
32960,2024-12-31,FY,9963000000,,5653000000
32960,2025-06-30,FY,11013000000,,6835000000
32960,2025-12-31,FY,11654000000,,7471000000
33090,2021-04-30,FY,15055000000,,7989000000
33090,2021-10-31,FY,17291000000,,9413000000
33090,2022-04-30,FY,14756000000,,7625000000
33090,2022-10-31,FY,15797000000,,8078000000
33090,2023-04-30,FY,15365000000,,7508000000
33090,2023-10-31,FY,16485000000,,8343000000
33090,2024-04-30,FY,22078000000,,5896000000
33090,2024-10-31,FY,21751000000,,12849000000
33090,2025-04-30,FY,19601000000,,11267000000
33090,2025-10-31,FY,19379000000,,10807000000
33580,2023-03-31,FY,1425000000,,-33000000
33580,2024-03-31,FY,1422000000,,36000000
33820,2024-02-29,FY,11471753000000,,534248000000
33820,2025-02-28,FY,11972762000000,,420991000000
34010,2022-03-31,FY,926054000000,,44208000000
34160,2021-12-31,FY,2813000000,,124000000
34310,2021-03-31,FY,55268000000,,5501000000
34310,2022-03-31,1Q,12729000000,,1339000000
34310,2022-03-31,2Q,26318000000,,2755000000
34310,2022-03-31,3Q,42770000000,,4669000000
34310,2022-03-31,FY,58002000000,,5810000000
34310,2023-03-31,1Q,12370000000,,835000000
34310,2023-03-31,2Q,27951000000,,3184000000
34310,2023-03-31,3Q,43806000000,,4297000000
34310,2023-03-31,FY,60279000000,,5127000000
34310,2024-03-31,1Q,15684000000,,1230000000
34310,2024-03-31,2Q,31694000000,,2951000000
34310,2024-03-31,3Q,52309000000,,6801000000
34310,2024-03-31,FY,69365000000,,7904000000
34310,2025-03-31,1Q,15692000000,,1210000000
34310,2025-03-31,2Q,36100000000,,4480000000
34310,2025-03-31,3Q,53929000000,,7448000000
34310,2025-03-31,FY,74725000000,,9168000000
34310,2025-03-31,FY,74725000000,,9168000000
34310,2026-03-31,1Q,14734000000,,1437000000
34310,2026-03-31,2Q,28307000000,,2847000000
34310,2026-03-31,3Q,40918000000,,3387000000
34340,2023-03-31,FY,62882000000,,601000000
34340,2023-03-31,FY,62882000000,,601000000
34340,2024-03-31,2Q,36363000000,,792000000
34430,2025-03-31,1Q,32856000000,,2483000000
34450,2023-12-31,2Q,26126000000,,6395000000
34510,2021-04-30,FY,3311000000,,1652000000
34510,2021-10-31,FY,3157000000,,1532000000
34510,2022-04-30,FY,3302000000,,1582000000
34510,2022-10-31,FY,3437000000,,1619000000
34510,2023-04-30,FY,3482000000,,1630000000
34510,2023-10-31,FY,3521000000,,1656000000
34510,2024-04-30,FY,3577000000,,1695000000
34510,2024-10-31,FY,3662000000,,1736000000
34510,2025-04-30,FY,3693000000,,1760000000
34510,2025-10-31,FY,3727000000,,1796000000
34540,2024-11-30,2Q,4368000000,,603000000
34550,2021-01-31,FY,2058000000,,1067000000
34550,2021-07-31,FY,2073000000,,1078000000
34550,2022-01-31,FY,2080000000,,1072000000
34550,2022-07-31,FY,2371000000,,1265000000
34550,2023-01-31,FY,2632000000,,1453000000
34550,2023-01-31,FY,2632258000,,1453880000
34550,2023-07-31,FY,2438000000,,1268000000
34550,2024-01-31,FY,2438000000,,1254000000
34550,2024-07-31,FY,2514000000,,1298000000
34550,2025-01-31,FY,2522000000,,1273000000
34550,2025-07-31,FY,2547000000,,1286000000
34570,2022-06-30,FY,41395000000,,2871000000
34590,2021-01-31,FY,4357000000,,2171000000
34590,2021-07-31,FY,4176000000,,1859000000
34590,2022-01-31,FY,4842000000,,2309000000
34590,2022-07-31,FY,5408000000,,2549000000
34590,2023-01-31,FY,5460000000,,2537000000
34590,2023-07-31,FY,5822000000,,2632000000
34590,2024-01-31,FY,5884000000,,2719000000
34590,2024-07-31,FY,5715000000,,2467000000
34590,2025-01-31,FY,6390000000,,3215000000
34590,2025-07-31,FY,6214000000,,2828000000
34620,2021-02-28,FY,38064000000,,15370000000
34620,2021-08-31,FY,37519000000,,14741000000
34620,2022-02-28,FY,37520000000,,14593000000
34620,2022-08-31,FY,39022000000,,15584000000
34620,2023-02-28,FY,39986000000,,16113000000
34620,2023-08-31,FY,43645000000,,18931000000
34620,2024-02-29,FY,39375000000,,15172000000
34620,2024-08-31,FY,45081000000,,19941000000
34620,2025-02-28,FY,43117000000,,18336000000
34620,2025-08-31,FY,43710000000,,18561000000
34630,2021-01-31,FY,1035000000,,409000000
34630,2021-07-31,FY,1117000000,,465000000
34630,2022-01-31,FY,1125000000,,472000000
34630,2022-07-31,FY,1248000000,,566000000
34630,2023-01-31,FY,1562000000,,799000000
34630,2023-01-31,FY,1537000000,,781000000
34630,2023-07-31,FY,1796000000,,933000000
34630,2024-01-31,FY,2282000000,,1250000000
34630,2024-07-31,FY,2440000000,,1313000000
34630,2024-07-31,FY,2440490000,,1313979000
34630,2025-01-31,FY,5230000000,,3645000000
34630,2025-07-31,FY,3051000000,,1734000000
34660,2021-02-28,FY,9504000000,,5316000000
34660,2021-08-31,FY,10707000000,,5974000000
34660,2022-02-28,FY,10590000000,,5756000000
34660,2022-08-31,FY,10784000000,,5664000000
34660,2023-02-28,FY,10982000000,,5697000000
34660,2023-08-31,FY,11215000000,,5741000000
34660,2024-02-29,FY,13124000000,,7354000000
34660,2024-08-31,FY,12782000000,,6987000000
34660,2025-02-28,FY,12757000000,,7063000000
34660,2025-08-31,FY,13236000000,,7426000000
34680,2021-01-31,FY,6672000000,,3376000000
34680,2021-07-31,FY,5560000000,,2838000000
34680,2022-01-31,FY,5960000000,,3087000000
34680,2022-07-31,FY,6088000000,,3047000000
34680,2023-01-31,FY,6486000000,,3349000000
34680,2023-07-31,FY,6946000000,,3606000000
34680,2024-01-31,FY,7964000000,,4309000000
34680,2024-07-31,FY,8113000000,,4338000000
34680,2025-01-31,FY,9690000000,,5472000000
34680,2025-01-31,FY,9690078000,,5472322000
34680,2025-07-31,FY,9988000000,,5758000000
34700,2021-06-30,FY,1313000000,,570000000
34700,2021-12-31,FY,1402000000,,654000000
34700,2022-06-30,FY,1779000000,,841000000
34700,2022-12-31,FY,1841000000,,815000000
34700,2023-06-30,FY,2141000000,,985000000
34700,2023-12-31,FY,2081000000,,899000000
34700,2024-06-30,FY,2208000000,,977000000
34700,2024-12-31,FY,2578000000,,1241000000
34700,2025-06-30,FY,3157000000,,1226000000
34700,2025-12-31,FY,2514000000,,1150000000
34710,2021-01-31,FY,8139000000,,3786000000
34710,2021-07-31,FY,9267000000,,3935000000
34710,2022-01-31,FY,9502000000,,3971000000
34710,2022-07-31,FY,10607000000,,4459000000
34710,2023-01-31,FY,10960000000,,4504000000
34710,2023-07-31,FY,11478000000,,4604000000
34710,2024-01-31,FY,11845000000,,4738000000
34710,2024-07-31,FY,12413000000,,4821000000
34710,2024-10-31,FY,6498000000,,2369000000
34710,2025-07-31,FY,26382000000,,10501000000
34720,2021-05-31,FY,1348000000,,593000000
34720,2021-11-30,FY,1344000000,,589000000
34720,2022-05-31,FY,1291000000,,554000000
34720,2022-11-30,FY,1237000000,,505000000
34720,2023-05-31,FY,1221000000,,523000000
34720,2023-11-30,FY,1202000000,,516000000
34720,2024-05-31,FY,1301000000,,568000000
34720,2024-11-30,FY,1287000000,,560000000
34720,2025-05-31,FY,1714000000,,865000000
34720,2025-11-30,FY,1877000000,,996000000
34760,2021-04-30,FY,4973000000,,2321000000
34760,2021-10-31,FY,5113000000,,2397000000
34760,2022-04-30,FY,5275000000,,2547000000
34760,2022-10-31,FY,5666000000,,2611000000
34760,2023-04-30,FY,6308000000,,2820000000
34760,2023-10-31,FY,5744000000,,2467000000
34760,2024-04-30,FY,5887000000,,2660000000
34760,2024-10-31,FY,6201000000,,2776000000
34760,2025-04-30,FY,8419000000,,2984000000
34760,2025-10-31,FY,5977000000,,2928000000
34810,2021-02-28,FY,4203000000,,2204000000
34810,2021-08-31,FY,4953000000,,2555000000
34810,2022-02-28,FY,5028000000,,2640000000
34810,2022-08-31,FY,6276000000,,3329000000
34810,2023-02-28,FY,7149000000,,3833000000
34810,2023-08-31,FY,7510000000,,3800000000
34810,2024-02-29,FY,7746000000,,4034000000
34810,2024-08-31,FY,9168000000,,5165000000
34810,2024-08-31,FY,9168165000,,5165189000
34810,2025-02-28,FY,9108000000,,5133000000
34810,2025-08-31,FY,8041000000,,4218000000
34870,2021-06-30,FY,3159000000,,1800000000
34870,2021-12-31,FY,3595000000,,2088000000
34870,2022-06-30,FY,3871000000,,2119000000
34870,2022-12-31,FY,5758000000,,3818000000
34870,2023-06-30,FY,4239000000,,2330000000
34870,2023-12-31,FY,4525000000,,2488000000
34870,2024-06-30,FY,4466000000,,2383000000
34870,2024-12-31,FY,4679000000,,2548000000
34870,2025-06-30,FY,4707000000,,2589000000
34870,2025-12-31,FY,4762000000,,2645000000
34880,2021-02-28,FY,1293000000,,716000000
34880,2021-08-31,FY,1305000000,,701000000
34880,2022-02-28,FY,1611000000,,946000000
34880,2022-02-28,FY,1611000000,,946000000
34880,2022-08-31,FY,1874000000,,1121000000
34880,2023-02-28,FY,1646000000,,908000000
34880,2023-08-31,FY,1665000000,,882000000
34880,2024-02-29,FY,1662000000,,922000000
34880,2024-08-31,FY,1682000000,,935000000
34880,2025-02-28,FY,1841000000,,1042000000
34880,2025-08-31,FY,1714000000,,925000000
34920,2021-02-28,FY,2874000000,,1702000000
34920,2021-08-31,FY,3061000000,,1843000000
34920,2022-02-28,FY,4030000000,,2093000000
34920,2022-08-31,FY,3545000000,,2020000000
34920,2023-02-28,FY,3612000000,,2092000000
34920,2023-08-31,FY,3886000000,,2258000000
34920,2024-02-29,FY,3891000000,,2263000000
34920,2024-08-31,FY,4400000000,,2584000000
34920,2025-02-28,FY,5334000000,,3291000000
34920,2025-08-31,FY,5595000000,,3437000000
35430,2022-02-28,FY,33317000000,,7305000000
35460,2021-02-28,FY,157404000000,,8350000000
35470,2021-11-30,2Q,2328000000,,-1233000000
35580,2023-02-28,FY,10464000000,,991000000
35910,2021-03-31,FY,152204000000,,-1115000000
35910,2022-03-31,1Q,42305000000,,1938000000
35910,2022-03-31,2Q,87419000000,,3976000000
35910,2022-03-31,3Q,130187000000,,5057000000
35910,2022-03-31,FY,172860000000,,5013000000
36070,2025-08-31,FY,13591000000,,402000000
36110,2025-03-31,FY,70579000000,,433000000
36120,2023-03-31,FY,214246000000,,11686000000
36450,2021-05-31,FY,3330000000,,331000000
36700,2021-02-28,FY,4509000000,,165000000
36710,2025-12-31,2Q,3845000000,,418000000
36710,2025-12-31,3Q,5238000000,,541000000
36830,2021-12-31,FY,13241000000,,945000000
36900,2023-09-30,FY,3626000000,,318000000
37190,2025-12-31,3Q,1761000000,,228000000
37990,2024-03-31,FY,20511000000,,873000000
38030,2024-03-31,FY,527000000,,-13000000
38070,2021-12-31,FY,1156000000,,130000000
38400,2021-03-31,FY,2208000000,,-539000000
38400,2022-03-31,1Q,579000000,,-162000000
38400,2022-03-31,FY,2114000000,,-681000000
38560,2024-06-30,2Q,108543000000,,10057000000
39000,2021-09-30,FY,7769000000,,575000000
39000,2024-09-30,3Q,12409000000,,1070000000
39070,2025-11-30,FY,4303000000,,147000000
39210,2022-01-31,2Q,2842000000,,641000000
39340,2022-03-31,FY,11567000000,,1507000000
39340,2024-03-31,FY,13065000000,,887000000
39370,2025-03-31,FY,6340000000,,1315000000
39500,2023-12-31,2Q,44878000000,,2976000000
39610,2021-12-31,1Q,311000000,,67000000
39610,2021-12-31,2Q,611000000,,139000000
39610,2021-12-31,2Q,611000000,,139000000
39610,2021-12-31,3Q,911000000,,187000000
39610,2021-12-31,3Q,911000000,,187000000
39610,2021-12-31,FY,1209000000,,217000000
39610,2022-12-31,1Q,303000000,,31000000
39610,2022-12-31,2Q,608000000,,56000000
39610,2022-12-31,3Q,918000000,,59000000
39610,2022-12-31,FY,1241000000,,99000000
39610,2022-12-31,FY,1241000000,,99000000
39610,2023-12-31,1Q,318000000,,28000000
39610,2023-12-31,2Q,638000000,,60000000
39610,2023-12-31,3Q,949000000,,87000000
39610,2023-12-31,FY,1257000000,,95000000
39610,2024-12-31,1Q,312000000,,32000000
39610,2024-12-31,2Q,627000000,,57000000
39610,2024-12-31,3Q,929000000,,69000000
39610,2024-12-31,FY,1229000000,,65000000
39610,2024-12-31,FY,1229000000,,65000000
39610,2025-12-31,1Q,274000000,,-9000000
39610,2025-12-31,2Q,540000000,,-10000000
39610,2025-12-31,3Q,787000000,,-29000000
39610,2025-12-31,FY,1045000000,,-28000000
39680,2024-12-31,FY,18717000000,,720000000
39700,2023-03-31,FY,4570000000,,343000000
39790,2022-03-31,FY,4029000000,,-241000000
39880,2024-07-31,FY,12397000000,,684000000
39910,2021-08-31,2Q,1635000000,,418000000
39910,2021-08-31,3Q,2575000000,,521000000
39910,2021-08-31,FY,3574000000,,414000000
39910,2022-08-31,1Q,1059000000,,257000000
39910,2022-08-31,2Q,2177000000,,478000000
39910,2022-08-31,3Q,3328000000,,945000000
39910,2022-08-31,FY,4497000000,,1251000000
39910,2023-08-31,1Q,1186000000,,345000000
39910,2023-08-31,2Q,2396000000,,793000000
39910,2023-08-31,3Q,3580000000,,1234000000
39910,2023-08-31,FY,4746000000,,1589000000
39910,2024-08-31,1Q,1168000000,,394000000
39910,2024-08-31,2Q,2327000000,,745000000
39910,2024-08-31,3Q,3516000000,,1137000000
39910,2024-08-31,FY,4722000000,,1594000000
39910,2025-08-31,1Q,1226000000,,437000000
39910,2025-08-31,2Q,2477000000,,924000000
39910,2025-08-31,3Q,3702000000,,1378000000
39910,2025-08-31,FY,4908000000,,1644000000
39910,2026-08-31,1Q,1184000000,,335000000
39920,2022-09-30,1Q,1562000000,,171000000
39920,2022-09-30,2Q,3253000000,,362000000
39920,2022-09-30,3Q,4972000000,,528000000
39920,2024-09-30,2Q,4826000000,,697000000
39920,2024-09-30,3Q,7168000000,,895000000
39970,2025-12-31,2Q,2049000000,,-42000000
40170,2025-02-28,FY,2507000000,,103000000
401A0,2026-01-31,2Q,444000000,,309000000
40200,2022-12-31,2Q,540000000,,79000000
40440,2023-03-31,FY,169309000000,,16757000000
41720,2021-09-30,FY,2369000000,,601000000
41760,2021-08-31,2Q,1250000000,,127000000
41760,2021-08-31,3Q,1977000000,,175000000
41760,2021-08-31,FY,2746000000,,89000000
41760,2022-08-31,1Q,880000000,,-227000000
41760,2022-08-31,2Q,1787000000,,-448000000
41760,2022-08-31,3Q,2787000000,,-392000000
41760,2022-08-31,FY,3837000000,,-522000000
41760,2022-08-31,FY,3837000000,,-515000000
41760,2023-08-31,1Q,1089000000,,-220000000
41760,2023-08-31,2Q,2195000000,,-148000000
41760,2023-08-31,3Q,3356000000,,-220000000
41770,2023-03-31,FY,3741000000,,-411000000
41770,2025-03-31,3Q,3607000000,,467000000
41790,2022-03-31,3Q,337000000,,-303000000
41830,2024-03-31,3Q,1274530000000,,60023000000
41960,2024-09-30,FY,2098000000,,15000000
42060,2025-03-31,1Q,56842000000,,6059000000
42060,2025-03-31,3Q,184785000000,,21199000000
42060,2025-03-31,FY,248696000000,,27408000000
42280,2023-03-31,FY,124683000000,,793000000
42400,2022-03-31,1Q,211000000,,22000000
42400,2022-03-31,2Q,438000000,,51000000
42400,2022-03-31,FY,905000000,,100000000
42480,2022-12-31,FY,14885000000,,836000000
42560,2025-03-31,FY,2241000000,,237000000
42590,2023-03-31,2Q,2622000000,,-287000000
42590,2023-03-31,3Q,4008000000,,-425000000
42620,2025-03-31,FY,4938000000,,1004000000
42630,2022-06-30,2Q,251000000,,-45000000
42630,2022-06-30,3Q,226862000,,-141000000
42630,2022-06-30,FY,309282000,,-229000000
42630,2023-06-30,1Q,96329000,,-91000000
42630,2023-06-30,2Q,187119000,,-189000000
42630,2023-06-30,3Q,287998000,,89000000
42630,2023-06-30,FY,394671000,,-48000000
42630,2024-06-30,1Q,122658000,,-150000000
42630,2024-06-30,2Q,238908000,,-97000000
42630,2024-06-30,3Q,346070000,,-227000000
42630,2024-06-30,FY,452478000,,-364000000
42630,2025-06-30,1Q,120981000,,-161000000
42630,2025-06-30,2Q,241171000,,-308000000
42900,2023-03-31,1Q,12611000000,,1886000000
43010,2021-03-31,FY,39839000000,,3574000000
43010,2022-03-31,1Q,8034000000,,797000000
43010,2022-03-31,2Q,15612000000,,1328000000
43010,2022-03-31,3Q,27593000000,,2293000000
43010,2022-03-31,FY,38744000000,,2879000000
43010,2023-03-31,1Q,10875000000,,695000000
43010,2023-03-31,2Q,21958000000,,778000000
43010,2023-03-31,3Q,38445000000,,2366000000
43010,2023-03-31,FY,52497000000,,3153000000
43010,2024-03-31,1Q,9542000000,,-403000000
43010,2024-03-31,2Q,22933000000,,16000000
43010,2024-03-31,3Q,39716000000,,797000000
43010,2024-03-31,FY,54813000000,,1367000000
43010,2025-03-31,1Q,17646000000,,879000000
43010,2025-03-31,2Q,37235000000,,1944000000
43010,2025-03-31,3Q,53887000000,,2660000000
43010,2025-03-31,FY,68186000000,,2798000000
43010,2026-03-31,1Q,22657000000,,3554000000
43010,2026-03-31,2Q,40205000000,,4955000000
43010,2026-03-31,3Q,55030000000,,6379000000
43070,2022-03-31,1Q,142647000000,,26564000000
43070,2022-03-31,2Q,291974000000,,53913000000
43070,2022-03-31,3Q,447947000000,,81372000000
43070,2023-03-31,1Q,167537000000,,28079000000
43070,2023-03-31,2Q,339054000000,,55268000000
43070,2023-03-31,3Q,516059000000,,83873000000
43070,2024-03-31,1Q,176709000000,,27027000000
43070,2024-03-31,2Q,362065000000,,58865000000
43070,2024-03-31,3Q,550019000000,,91239000000
43070,2025-03-31,1Q,188110000000,,32643000000
43070,2025-03-31,3Q,568245000000,,102353000000
43070,2026-03-31,1Q,195770000000,,37246000000
43070,2026-03-31,3Q,602333000000,,118780000000
43310,2025-03-31,FY,47668000000,,4104000000
43340,2021-01-31,FY,2650000000,,-174000000
43350,2024-06-30,FY,3129000000,,328000000
43610,2024-11-30,1Q,1999000000,,67000000
43800,2021-01-31,FY,777000000,,178000000
43800,2022-01-31,1Q,219000000,,67000000
43800,2022-01-31,2Q,439000000,,116000000
43800,2022-01-31,3Q,666000000,,189000000
43800,2022-01-31,FY,902000000,,270000000
43800,2023-01-31,1Q,229000000,,69000000
43800,2023-01-31,2Q,469000000,,148000000
43800,2023-01-31,3Q,713000000,,232000000
43800,2023-01-31,FY,986000000,,349000000
43800,2024-01-31,1Q,273000000,,108000000
43800,2024-01-31,2Q,556000000,,230000000
43800,2024-01-31,3Q,854000000,,357000000
43800,2024-01-31,FY,1171000000,,483000000
43800,2025-01-31,1Q,310000000,,112000000
43800,2025-01-31,2Q,623000000,,223000000
43800,2025-01-31,3Q,949000000,,363000000
43800,2025-01-31,FY,1294000000,,521000000
43800,2026-01-31,1Q,335000000,,138000000
43800,2026-01-31,2Q,673000000,,304000000
43800,2026-01-31,3Q,1008000000,,462000000
43820,2022-04-30,FY,1482000000,,34000000
44170,2022-03-31,FY,4391000000,,439000000
44190,2026-03-31,3Q,7282000000,,816000000
44210,2021-09-30,FY,4656000000,,204000000
44320,2021-02-28,FY,18285000000,,3207000000
44320,2022-02-28,1Q,4713000000,,1410000000
44320,2022-02-28,2Q,9652000000,,2923000000
44320,2022-02-28,3Q,14836000000,,4658000000
44320,2022-02-28,FY,19833000000,,5986000000
44320,2023-02-28,1Q,5723000000,,1935000000
44320,2023-02-28,2Q,11377000000,,3728000000
44320,2023-02-28,3Q,17019000000,,5233000000
44320,2023-02-28,FY,22349000000,,5945000000
44320,2024-02-29,1Q,6921000000,,2578000000
44320,2024-02-29,2Q,13498000000,,4720000000
44320,2024-02-29,3Q,19684000000,,6255000000
44320,2024-02-29,FY,25752000000,,7309000000
44320,2025-02-28,1Q,7120000000,,2413000000
44320,2025-02-28,2Q,14875000000,,4964000000
44320,2025-02-28,3Q,21610000000,,6536000000
44320,2025-02-28,FY,28708000000,,8216000000
44320,2026-02-28,1Q,7314000000,,2097000000
44320,2026-02-28,2Q,14712000000,,4108000000
44320,2026-02-28,3Q,22502000000,,6211000000
44360,2024-03-31,FY,9920000000,,-699000000
44370,2024-03-31,FY,7449000000,,502000000
44420,2021-03-31,FY,5262000000,,344000000
44430,2024-05-31,FY,33878000000,,1337000000
44430,2025-05-31,FY,43202000000,,2800000000
44450,2021-09-30,2Q,1487000000,,70000000
44450,2021-09-30,3Q,2352000000,,101000000
44450,2021-09-30,FY,3242000000,,139000000
44450,2021-09-30,FY,3242000000,,139000000
44450,2022-09-30,1Q,702000000,,98000000
44450,2022-09-30,2Q,1508000000,,234000000
44450,2022-09-30,3Q,2295000000,,333000000
44450,2022-09-30,FY,3029000000,,379000000
44450,2023-09-30,1Q,668000000,,80000000
44450,2023-09-30,2Q,1514000000,,200000000
44450,2023-09-30,3Q,2442000000,,322000000
44450,2023-09-30,FY,3374000000,,461000000
44450,2024-09-30,1Q,884000000,,43000000
44450,2024-09-30,2Q,1800000000,,125000000
44450,2024-09-30,3Q,2684000000,,172000000
44450,2024-09-30,FY,3570000000,,207000000
44450,2025-09-30,1Q,840000000,,75000000
44450,2025-09-30,2Q,1806000000,,256000000
44450,2025-09-30,3Q,2698000000,,389000000
44450,2025-09-30,FY,3592000000,,503000000
44450,2026-09-30,1Q,851000000,,81000000
44630,2023-12-31,FY,50169000000,,2039000000
44870,2024-12-31,1Q,447000000,,37000000
44900,2021-02-28,FY,1604000000,,208000000
44900,2021-02-28,FY,1604000000,,208000000
44900,2022-02-28,1Q,563000000,,119000000
44900,2022-02-28,2Q,1187000000,,-96000000
44900,2022-02-28,3Q,1872000000,,-252000000
44900,2022-02-28,FY,3702000000,,-112000000
44900,2023-02-28,1Q,1962000000,,45000000
44900,2023-02-28,2Q,4142000000,,145000000
44900,2023-02-28,3Q,6304000000,,88000000
44900,2023-02-28,FY,8380000000,,4000000
44900,2024-02-29,1Q,2134000000,,-82000000
44900,2024-02-29,2Q,4317000000,,-129000000
44900,2024-02-29,3Q,6631000000,,-158000000
44900,2024-02-29,FY,8967000000,,-59000000
44900,2025-02-28,1Q,2520000000,,385000000
44900,2025-02-28,2Q,4935000000,,582000000
44900,2025-02-28,3Q,7308000000,,820000000
44900,2025-02-28,FY,9780000000,,1227000000
44900,2026-02-28,1Q,2446000000,,279000000
44900,2026-02-28,2Q,4774000000,,499000000
44900,2026-02-28,3Q,7288000000,,870000000
45120,2024-03-31,FY,7738000000,,-195000000
45360,2022-03-31,1Q,64986000000,,9537000000
45360,2022-03-31,2Q,128759000000,,18805000000
45360,2022-03-31,3Q,195801000000,,26380000000
45360,2023-03-31,1Q,65533000000,,8333000000
45360,2023-03-31,2Q,128915000000,,-19021000000
45360,2023-03-31,3Q,199786000000,,-10147000000
45360,2024-03-31,1Q,72389000000,,12750000000
45360,2024-03-31,2Q,145806000000,,25099000000
45360,2024-03-31,3Q,222833000000,,36157000000
45360,2025-03-31,1Q,74771000000,,13155000000
45360,2025-03-31,3Q,222773000000,,35195000000
45360,2026-03-31,1Q,68737000000,,7573000000
45360,2026-03-31,3Q,210763000000,,28219000000
45650,2021-12-31,1Q,1207000000,,-1238000000
45650,2021-12-31,2Q,3123000000,,-1849000000
45650,2021-12-31,3Q,3590000000,,-4225000000
45650,2022-12-31,1Q,1119000000,,-2206000000
45650,2022-12-31,2Q,2457000000,,-3804000000
45650,2022-12-31,3Q,8641000000,,-615000000
45650,2023-12-31,1Q,943000000,,-1964000000
45650,2023-12-31,2Q,2146000000,,-4168000000
45650,2023-12-31,3Q,5474000000,,-7992000000
45650,2024-12-31,1Q,4611000000,,-3076000000
45650,2024-12-31,3Q,21983000000,,-2846000000
45650,2025-12-31,1Q,6644000000,,-2193000000
45650,2025-12-31,3Q,21848000000,,-5907000000
45710,2025-03-31,1Q,189204000,,-189000000
45750,2021-06-30,3Q,82000000,,-401000000
45750,2021-06-30,FY,108000000,,-547000000
45790,2021-12-31,1Q,655000000,,149000000
45790,2021-12-31,2Q,1320000000,,314000000
45790,2021-12-31,3Q,1623000000,,107000000
45790,2021-12-31,FY,2776000000,,707000000
45790,2022-12-31,1Q,339000000,,-119000000
45790,2022-12-31,2Q,1447000000,,551000000
45790,2022-12-31,3Q,1904000000,,501000000
45790,2022-12-31,FY,2918000000,,866000000
45790,2023-12-31,1Q,370000000,,-108000000
45790,2023-12-31,2Q,1014000000,,-23000000
45790,2023-12-31,3Q,1495000000,,-108000000
45790,2023-12-31,FY,1901000000,,-337000000
45790,2024-12-31,1Q,648000000,,44000000
45790,2024-12-31,2Q,1411000000,,-154000000
45790,2024-12-31,3Q,2369000000,,-27000000
45790,2024-12-31,FY,3107000000,,-213000000
45790,2025-12-31,1Q,965000000,,93000000
45790,2025-12-31,2Q,1535000000,,-190000000
45790,2025-12-31,3Q,2311000000,,-344000000
45790,2025-12-31,FY,3979000000,,483000000
45830,2022-12-31,FY,630000000,,-1258000000
45860,2024-12-31,1Q,176076000,,-176000000
45880,2024-12-31,1Q,378872000,,-378000000
45910,2021-03-31,FY,91000000,,-1239000000
45910,2022-03-31,1Q,2000000,,-336000000
45910,2022-03-31,2Q,5000000,,-778000000
45910,2022-03-31,3Q,7000000,,-1126000000
45910,2022-03-31,FY,80000000,,-1748000000
45910,2023-03-31,1Q,2000000,,-632000000
45910,2023-03-31,2Q,3000000,,-927000000
45910,2023-03-31,3Q,3000000,,-1512000000
45910,2023-03-31,FY,65000000,,-1786000000
45910,2024-03-31,1Q,97234000,,-338000000
45910,2024-03-31,2Q,182522000,,-581000000
45910,2024-03-31,3Q,267552000,,-829000000
45910,2024-03-31,FY,351866000,,-1116000000
45910,2025-03-31,1Q,1000000,,-257000000
45910,2025-03-31,2Q,2000000,,-512000000
45910,2025-03-31,3Q,2000000,,-775000000
45910,2025-03-31,FY,2000000,,-1050000000
45910,2026-03-31,3Q,0,,-788000000
45930,2021-12-31,1Q,9000000,,-1405000000
45930,2021-12-31,2Q,20000000,,-2443000000
45930,2021-12-31,3Q,30000000,,-3872000000
45930,2021-12-31,FY,41000000,,-5384000000
45930,2022-12-31,1Q,11000000,,-1429000000
45930,2022-12-31,2Q,22000000,,-3064000000
45930,2022-12-31,3Q,30000000,,-4105000000
45930,2022-12-31,FY,90000000,,-5179000000
45930,2023-12-31,1Q,7000000,,-888000000
45930,2024-12-31,1Q,10000000,,-1049000000
45960,2020-12-31,FY,38000000,,-2484000000
45960,2021-12-31,1Q,0,,-686000000
45980,2021-03-31,FY,300000000,,-852000000
45980,2022-03-31,1Q,100000000,,-304000000
45980,2022-03-31,2Q,100000000,,-554000000
45980,2022-03-31,3Q,100000000,,-832000000
45980,2022-03-31,FY,300000000,,-961000000
45990,2021-07-31,2Q,210000000,,-777000000
45990,2021-07-31,3Q,210000000,,-1294000000
45990,2021-07-31,FY,1400000000,,-593000000
45990,2022-07-31,1Q,22000000,,-489000000
45990,2022-07-31,2Q,22000000,,-1006000000
45990,2022-07-31,3Q,22000000,,-1506000000
45990,2022-07-31,FY,22000000,,-1980000000
45990,2023-07-31,3Q,2350000000,,755000000
45990,2023-07-31,FY,2350000000,,142000000
46150,2024-03-31,FY,18954000000,,-479000000
46170,2023-03-31,1Q,21245000000,,-450000000
46350,2023-03-31,2Q,20745000000,,-109000000
46890,2023-03-31,2Q,784909000000,,99478000000
46890,2023-03-31,FY,1672377000000,,314533000000
47090,2024-03-31,FY,32680000000,,2769000000
471A0,2025-12-31,FY,29826000000,,9873000000
47200,2024-03-31,1Q,1319000000,,-157000000
47280,2021-08-31,3Q,4199000000,,108000000
47280,2024-08-31,FY,4615000000,,-522000000
47550,2021-12-31,1Q,391513000000,,-37340000000
47550,2021-12-31,2Q,793671000000,,-100889000000
47550,2021-12-31,3Q,1200574000000,,-108362000000
47550,2021-12-31,FY,1681757000000,,-194726000000
47550,2022-12-31,1Q,437127000000,,-112604000000
47550,2022-12-31,2Q,893598000000,,-197075000000
47550,2022-12-31,3Q,1364708000000,,-287093000000
47550,2022-12-31,FY,1927878000000,,-363892000000
47550,2023-12-31,1Q,475635000000,,-76194000000
47550,2023-12-31,2Q,972800000000,,-125087000000
47550,2023-12-31,3Q,1491239000000,,-179578000000
47550,2023-12-31,FY,2071315000000,,-212857000000
47550,2024-12-31,1Q,513624000000,,-33272000000
47550,2024-12-31,2Q,1050908000000,,-51603000000
47550,2024-12-31,3Q,1617621000000,,-51066000000
47550,2024-12-31,FY,2279233000000,,52975000000
47550,2025-12-31,1Q,562704000000,,-15444000000
47550,2025-12-31,2Q,1159073000000,,-6610000000
47550,2025-12-31,3Q,1787635000000,,1346000000
47550,2025-12-31,FY,2496575000000,,14382000000
47620,2022-03-31,2Q,2628000000,,394000000
47720,2021-12-31,FY,5631000000,,-648000000
48260,2023-06-30,1Q,5448000000,,401000000
48280,2021-03-31,FY,17855000000,,2032000000
48810,2021-12-31,1Q,1000000,,-160000000
48810,2021-12-31,2Q,126000000,,-186000000
48810,2021-12-31,3Q,126000000,,-451000000
48810,2021-12-31,FY,126000000,,-745000000
48810,2022-12-31,1Q,0,,-255000000
48810,2022-12-31,2Q,0,,-515000000
48810,2022-12-31,3Q,0,,-811000000
48810,2022-12-31,FY,1000000,,-1169000000
48810,2023-12-31,1Q,0,,-378000000
48810,2023-12-31,2Q,0,,-622000000
48810,2023-12-31,3Q,0,,-805000000
48810,2023-12-31,FY,0,,-994000000
48810,2024-12-31,1Q,0,,-183000000
48810,2024-12-31,2Q,0,,-395000000
48810,2024-12-31,3Q,3000000,,-579000000
48810,2024-12-31,FY,6000000,,-901000000
48810,2025-12-31,1Q,0,,-603000000
48810,2025-12-31,2Q,0,,-909000000
48810,2025-12-31,3Q,0,,-1253000000
48810,2025-12-31,FY,0,,-1648000000
48820,2025-03-31,1Q,20000000,,-221000000
48830,2021-12-31,1Q,0,,-252000000
48830,2021-12-31,2Q,1000000,,-477000000
48830,2021-12-31,3Q,1000000,,-677000000
48830,2021-12-31,FY,1000000,,-1239000000
48830,2022-12-31,1Q,40000000,,-466000000
48830,2022-12-31,2Q,40000000,,-868000000
48830,2022-12-31,3Q,40000000,,-1438000000
48830,2022-12-31,FY,40000000,,-2063000000
48830,2023-12-31,1Q,71137000,,-514000000
48830,2023-12-31,2Q,138360000,,-1044000000
48830,2023-12-31,3Q,207765000,,-1609000000
48830,2023-12-31,FY,267812000,,-2370000000
48830,2024-12-31,1Q,67482000,,-490000000
48830,2024-12-31,2Q,122437000,,-838000000
48830,2024-12-31,3Q,180241000,,-1062000000
48830,2024-12-31,FY,245476000,,-1337000000
48880,2024-03-31,2Q,153000000,,-301000000
48930,2023-12-31,2Q,11000000,,-481000000
48930,2023-12-31,3Q,314000000,,-495000000
48930,2023-12-31,FY,316000000,,-775000000
48930,2024-12-31,1Q,2000000,,-339000000
48930,2024-12-31,2Q,2000000,,-681000000
48930,2024-12-31,3Q,5000000,,-892000000
48930,2024-12-31,FY,7000000,,-1069000000
48930,2025-12-31,1Q,2000000,,-241000000
48930,2025-12-31,2Q,4000000,,-412000000
48930,2025-12-31,3Q,5000000,,-608000000
48930,2025-12-31,FY,5000000,,-797000000
48960,2024-12-31,1Q,230785000,,-230000000
48960,2024-12-31,2Q,423489000,,-423000000
48960,2024-12-31,3Q,620985000,,-620000000
48960,2024-12-31,FY,836346000,,-836000000
49010,2021-03-31,FY,2192519000000,,165473000000
49010,2022-03-31,1Q,582653000000,,56318000000
49010,2022-03-31,2Q,1205134000000,,107862000000
49010,2022-03-31,3Q,1860902000000,,186453000000
49010,2022-03-31,FY,2525773000000,,229702000000
49010,2023-03-31,1Q,625860000000,,49550000000
49010,2023-03-31,2Q,1349931000000,,120810000000
49010,2023-03-31,3Q,2094260000000,,202637000000
49010,2023-03-31,FY,2859401000000,,273079000000
49010,2023-03-31,FY,2859041000000,,273079000000
49010,2024-03-31,1Q,660759000000,,52217000000
49010,2024-03-31,2Q,1388470000000,,125546000000
49010,2024-03-31,3Q,2155411000000,,204927000000
49010,2024-03-31,FY,2960916000000,,276725000000
49010,2025-03-31,1Q,749015000000,,62193000000
49010,2025-03-31,2Q,1514749000000,,135604000000
49010,2025-03-31,3Q,2327519000000,,223279000000
49010,2025-03-31,FY,3195828000000,,330155000000
49010,2026-03-31,1Q,749482000000,,75291000000
49010,2026-03-31,2Q,1572363000000,,158486000000
49010,2026-03-31,3Q,2429717000000,,248451000000
49180,2025-03-31,2Q,1381000000,,189000000
49180,2025-03-31,FY,2929000000,,422000000
49260,2025-03-31,2Q,4311000000,,-11000000
49340,2021-07-31,FY,32815000000,,4680000000
49580,2021-09-30,2Q,26135000000,,2968000000
49580,2024-09-30,FY,71645000000,,9371000000
49580,2025-09-30,1Q,17643000000,,1901000000
49660,2024-03-31,1Q,17514000000,,2429000000
49740,2022-03-31,1Q,15272000000,,8504000000
50100,2024-12-31,2Q,11193000000,,1193000000
50270,2025-12-31,2Q,25846000000,,744000000
50320,2022-04-30,FY,14164000000,,4191000000
50710,2023-03-31,FY,13219000000,,1279000000
51210,2025-03-31,FY,41325000000,,4807000000
51360,2022-10-31,FY,817000000,,83000000
51360,2023-10-31,1Q,263000000,,54000000
51360,2023-10-31,2Q,539000000,,96000000
51360,2023-10-31,3Q,830000000,,118000000
51360,2023-10-31,FY,1176000000,,177000000
51360,2024-10-31,1Q,344000000,,0
51360,2024-10-31,2Q,765000000,,55000000
51360,2024-10-31,3Q,1290000000,,121000000
51360,2024-10-31,FY,1867000000,,270000000
51360,2025-10-31,1Q,642000000,,125000000
51360,2025-10-31,2Q,1230000000,,238000000
51360,2025-10-31,3Q,1824000000,,324000000
51360,2025-10-31,FY,2573000000,,519000000
51390,2022-12-31,FY,2037000000,,611000000
51390,2023-12-31,1Q,674000000,,264000000
51390,2023-12-31,2Q,1448000000,,509000000
51390,2023-12-31,3Q,2198000000,,763000000
51390,2023-12-31,FY,2922000000,,856000000
51390,2024-12-31,1Q,778000000,,69000000
51390,2024-12-31,2Q,1688000000,,469000000
51390,2024-12-31,3Q,2646000000,,922000000
51390,2024-12-31,FY,3542000000,,1026000000
51390,2025-12-31,1Q,1047000000,,324000000
51390,2025-12-31,2Q,2260000000,,836000000
51390,2025-12-31,3Q,3450000000,,1191000000
51390,2025-12-31,FY,4653000000,,1199000000
51920,2024-03-31,FY,84014000000,,7759000000
52010,2021-12-31,FY,1697383000000,,206168000000
52010,2023-12-31,FY,2019254000000,,128779000000
52330,2025-03-31,1Q,208852000000,,11048000000
52330,2025-03-31,FY,896295000000,,77750000000
53370,2025-12-31,FY,4915000000,,-664000000
53630,2021-03-31,FY,22914000000,,2085000000
54080,2025-03-31,2Q,89533000000,,4783000000
54490,2021-03-31,FY,76601000000,,1413000000
55320,2024-09-30,FY,7948000000,,766000000
55320,2025-09-30,1Q,2816000000,,237000000
55630,2025-12-31,2Q,38104000000,,1985000000
56030,2021-03-31,FY,18068000000,,284000000
56090,2025-03-31,FY,14311000000,,408000000
56310,2022-03-31,FY,213790000000,,15460000000
57210,2021-03-31,FY,1081000000,,-239000000
58190,2021-12-31,2Q,4758000000,,434000000
58190,2023-12-31,FY,12872000000,,1668000000
58420,2023-12-31,3Q,7552000000,,5334000000
58420,2023-12-31,FY,14082000000,,10994000000
58420,2024-12-31,1Q,5008000000,,3659000000
58420,2024-12-31,2Q,9683000000,,6834000000
58420,2024-12-31,3Q,17387000000,,13478000000
58420,2024-12-31,FY,31230000000,,26017000000
58420,2025-12-31,1Q,1003000000,,25000000
58420,2025-12-31,2Q,4955000000,,2890000000
58420,2025-12-31,3Q,8939000000,,5760000000
58420,2025-12-31,FY,13655000000,,9256000000
58560,2024-03-31,FY,19035000000,,-1525000000
58850,2024-05-31,FY,4421000000,,662000000
59050,2024-03-31,2Q,5994000000,,194000000
59150,2021-03-31,FY,30293000000,,456000000
59150,2022-03-31,1Q,6561000000,,48000000
59150,2022-03-31,2Q,13531000000,,894000000
59150,2022-03-31,3Q,21078000000,,1149000000
59150,2022-03-31,FY,29552000000,,1510000000
59150,2023-03-31,1Q,7588000000,,-385000000
59150,2023-03-31,2Q,16503000000,,-436000000
59150,2023-03-31,3Q,26790000000,,-270000000
59150,2023-03-31,FY,39727000000,,315000000
59150,2024-03-31,1Q,13579000000,,-443000000
59150,2024-03-31,2Q,27540000000,,-83000000
59150,2024-03-31,3Q,41071000000,,50000000
59150,2024-03-31,FY,55384000000,,722000000
59150,2025-03-31,1Q,11962000000,,-45000000
59150,2025-03-31,2Q,21620000000,,29000000
59150,2025-03-31,3Q,31154000000,,-371000000
59150,2025-03-31,FY,40553000000,,288000000
59150,2026-03-31,1Q,7873000000,,-215000000
59150,2026-03-31,2Q,15794000000,,106000000
59150,2026-03-31,3Q,24135000000,,55000000
59180,2021-03-31,FY,16170000000,,862000000
59180,2022-03-31,1Q,3126000000,,66000000
59180,2022-03-31,2Q,6433000000,,98000000
59180,2022-03-31,3Q,10812000000,,88000000
59180,2022-03-31,FY,14678000000,,-197000000
59180,2023-03-31,1Q,4422000000,,521000000
59180,2023-03-31,2Q,8379000000,,218000000
59180,2023-03-31,3Q,13333000000,,298000000
59180,2023-03-31,FY,18617000000,,363000000
59180,2024-03-31,1Q,5817000000,,385000000
59180,2024-03-31,2Q,10781000000,,340000000
59180,2024-03-31,3Q,16823000000,,240000000
59180,2024-03-31,FY,23328000000,,625000000
59180,2025-03-31,1Q,6027000000,,-87000000
59180,2025-03-31,2Q,10869000000,,-320000000
59180,2025-03-31,3Q,17615000000,,-288000000
59180,2025-03-31,FY,23840000000,,-389000000
59180,2026-03-31,1Q,5460000000,,165000000
59180,2026-03-31,2Q,11142000000,,212000000
59180,2026-03-31,3Q,16923000000,,482000000
59210,2021-09-30,2Q,8320000000,,922000000
59210,2021-09-30,3Q,13484000000,,1270000000
59210,2021-09-30,FY,18873000000,,1852000000
59210,2022-09-30,1Q,5323000000,,488000000
59210,2022-09-30,2Q,11200000000,,941000000
59210,2022-09-30,3Q,16472000000,,1056000000
59210,2022-09-30,FY,22049000000,,1242000000
59210,2023-09-30,1Q,5763000000,,-10000000
59210,2023-09-30,2Q,13151000000,,834000000
59210,2023-09-30,3Q,19744000000,,1077000000
59210,2023-09-30,FY,25998000000,,1415000000
59210,2024-09-30,1Q,7139000000,,604000000
59210,2024-09-30,2Q,13895000000,,833000000
59210,2024-09-30,3Q,20958000000,,1343000000
59210,2024-09-30,FY,27566000000,,1669000000
59210,2025-09-30,1Q,5952000000,,524000000
59210,2025-09-30,2Q,11764000000,,958000000
59210,2025-09-30,3Q,18026000000,,1662000000
59210,2025-09-30,FY,24219000000,,1873000000
59210,2026-09-30,1Q,5786000000,,-65000000
59230,2021-03-31,FY,15223000000,,858000000
59230,2022-03-31,1Q,4250000000,,530000000
59230,2022-03-31,2Q,8116000000,,576000000
59230,2022-03-31,3Q,11412000000,,443000000
59230,2022-03-31,FY,15669000000,,763000000
59230,2023-03-31,1Q,3713000000,,-215000000
59230,2023-03-31,2Q,7324000000,,163000000
59230,2023-03-31,3Q,11405000000,,261000000
59230,2023-03-31,FY,15978000000,,374000000
59230,2024-03-31,1Q,4452000000,,351000000
59230,2024-03-31,2Q,9268000000,,779000000
59230,2024-03-31,3Q,14405000000,,847000000
59230,2024-03-31,FY,19695000000,,1348000000
59230,2025-03-31,1Q,4566000000,,19000000
59230,2025-03-31,2Q,9291000000,,176000000
59230,2025-03-31,3Q,13469000000,,196000000
59230,2025-03-31,FY,18455000000,,235000000
59230,2026-03-31,1Q,4085000000,,-93000000
59230,2026-03-31,2Q,7382000000,,-274000000
59230,2026-03-31,3Q,10607000000,,-492000000
59280,2022-03-31,3Q,7264000000,,232000000
59400,2025-03-31,2Q,47648000000,,-87000000
59470,2024-03-31,FY,430186000000,,39362000000
59650,2022-12-31,2Q,15783000000,,505000000
59700,2023-03-31,FY,314312000000,,12836000000
59710,2021-04-30,FY,8080000000,,552000000
59730,2022-03-31,FY,12265000000,,41000000
60300,2023-06-30,1Q,4961000000,,1338000000
60340,2020-12-31,FY,2562000000,,264000000
60360,2022-06-30,FY,14358000000,,4326000000
60370,2021-07-31,2Q,833000000,,424000000
60370,2021-07-31,3Q,1281000000,,641000000
60370,2021-07-31,FY,1716000000,,808000000
60370,2021-07-31,FY,1716000000,,808000000
60370,2022-07-31,1Q,466000000,,211000000
60370,2022-07-31,2Q,928000000,,488000000
60370,2022-07-31,3Q,1411000000,,768000000
60370,2022-07-31,FY,1875000000,,1013000000
60370,2023-07-31,1Q,522000000,,300000000
60370,2023-07-31,2Q,1034000000,,559000000
60370,2023-07-31,3Q,1556000000,,839000000
60370,2023-07-31,FY,2093000000,,1125000000
60370,2024-07-31,1Q,554000000,,302000000
60370,2024-07-31,2Q,1125000000,,597000000
60370,2024-07-31,3Q,1722000000,,839000000
60370,2024-07-31,FY,2364000000,,1060000000
60370,2025-07-31,1Q,755000000,,275000000
60370,2025-07-31,2Q,1529000000,,678000000
60370,2025-07-31,3Q,2355000000,,1130000000
60370,2025-07-31,FY,3159000000,,1544000000
60370,2026-07-31,1Q,883000000,,497000000
60830,2021-05-31,2Q,6824000000,,-78000000
60850,2025-03-31,FY,897000000,,-96000000
61010,2022-03-31,FY,93174000000,,18860000000
61410,2021-12-31,1Q,81122000000,,3986000000
61410,2021-12-31,2Q,178246000000,,10208000000
61410,2021-12-31,3Q,274271000000,,16733000000
61410,2021-12-31,FY,396011000000,,23067000000
61410,2022-12-31,1Q,107262000000,,9451000000
61410,2022-12-31,2Q,218207000000,,17688000000
61410,2022-12-31,3Q,333032000000,,26755000000
61410,2022-12-31,FY,474771000000,,41213000000
61410,2023-12-31,1Q,123225000000,,9695000000
61410,2023-12-31,2Q,249538000000,,22558000000
61410,2023-12-31,3Q,380161000000,,35615000000
61410,2023-12-31,FY,539450000000,,54150000000
61410,2024-12-31,1Q,132851000000,,10772000000
61410,2024-12-31,2Q,263717000000,,23213000000
61410,2024-12-31,3Q,387960000000,,30004000000
61410,2024-12-31,FY,540945000000,,43726000000
61410,2025-12-31,1Q,114010000000,,1817000000
61410,2025-12-31,2Q,227487000000,,6509000000
61410,2025-12-31,3Q,343129000000,,11536000000
61410,2025-12-31,FY,514976000000,,18974000000
61490,2023-12-31,2Q,7927000000,,1313000000
61730,2021-02-28,FY,6025000000,,-446000000
61730,2023-02-28,2Q,2199000000,,-209000000
61860,2021-03-31,FY,14153000000,,-1904000000
62090,2024-03-31,3Q,96371000000,,5776000000
62230,2023-12-31,FY,28725000000,,4298000000
62270,2023-06-30,FY,15461000000,,666000000
62370,2023-03-31,2Q,17810000000,,1185000000
62650,2024-12-31,1Q,427000000,,70000000
62680,2025-12-31,FY,307912000000,,20726000000
62690,2024-12-31,2Q,302373000000,,30066000000
62760,2021-12-31,FY,4138000000,,3000000
62870,2024-03-31,FY,143446000000,,10383000000
62910,2020-12-31,FY,12487000000,,1414000000
62910,2022-12-31,FY,13172000000,,1105000000
62910,2023-12-31,FY,13646000000,,707000000
63010,2021-03-31,FY,2189512000000,,167328000000
63010,2022-03-31,1Q,648266000000,,61750000000
63010,2022-03-31,2Q,1291400000000,,136284000000
63010,2022-03-31,3Q,2014677000000,,223763000000
63010,2022-03-31,FY,2802323000000,,317015000000
63010,2023-03-31,1Q,763808000000,,93562000000
63010,2023-03-31,2Q,1618735000000,,211634000000
63010,2023-03-31,3Q,2539232000000,,346599000000
63010,2023-03-31,FY,3543475000000,,490685000000
63010,2024-03-31,1Q,899551000000,,147021000000
63010,2024-03-31,2Q,1822994000000,,296976000000
63010,2024-03-31,3Q,2794990000000,,453421000000
63010,2024-03-31,FY,3865122000000,,607194000000
63010,2025-03-31,1Q,959837000000,,156993000000
63010,2025-03-31,2Q,1968066000000,,303427000000
63010,2025-03-31,3Q,2957262000000,,466062000000
63010,2025-03-31,FY,4104395000000,,657125000000
63010,2026-03-31,1Q,909524000000,,140391000000
63010,2026-03-31,2Q,1891587000000,,277061000000
63010,2026-03-31,3Q,2915484000000,,419015000000
63050,2022-03-31,FY,1024961000000,,93518000000
63050,2023-03-31,1Q,267539000000,,20599000000
63100,2022-12-31,FY,166629000000,,3534000000
63170,2021-03-31,FY,48753000000,,551000000
63300,2021-03-31,FY,184000000000,,1615000000
63300,2022-03-31,1Q,53993000000,,1823000000
63300,2022-03-31,2Q,97509000000,,2375000000
63300,2022-03-31,3Q,139955000000,,1402000000
63300,2022-03-31,FY,202986000000,,2963000000
63300,2023-03-31,1Q,46169000000,,2295000000
63300,2023-03-31,2Q,96477000000,,3062000000
63300,2023-03-31,3Q,142048000000,,4474000000
63300,2023-03-31,FY,192908000000,,4764000000
63300,2024-03-31,1Q,54733000000,,907000000
63300,2024-03-31,2Q,117055000000,,3222000000
63300,2024-03-31,3Q,189373000000,,5450000000
63300,2024-03-31,FY,260825000000,,6712000000
63300,2025-03-31,1Q,62847000000,,979000000
63300,2025-03-31,2Q,121871000000,,2017000000
63300,2025-03-31,3Q,205589000000,,2035000000
63300,2025-03-31,FY,278091000000,,2591000000
63300,2026-03-31,1Q,49348000000,,669000000
63300,2026-03-31,2Q,94022000000,,-4228000000
63300,2026-03-31,3Q,131902000000,,-20995000000
63340,2024-03-31,2Q,1497000000,,-164000000
63390,2025-03-31,FY,150224000000,,3004000000
63660,2021-03-31,FY,315393000000,,7015000000
63660,2022-03-31,1Q,80479000000,,3506000000
63660,2022-03-31,2Q,147381000000,,6297000000
63660,2022-03-31,3Q,217098000000,,8276000000
63660,2022-03-31,FY,311115000000,,10545000000
63660,2023-03-31,1Q,75741000000,,3769000000
63660,2023-03-31,2Q,184312000000,,6110000000
63660,2023-03-31,3Q,308481000000,,13618000000
63660,2023-03-31,FY,430163000000,,18116000000
63660,2024-03-31,1Q,129392000000,,5099000000
63660,2024-03-31,2Q,271695000000,,10797000000
63660,2024-03-31,3Q,397463000000,,17818000000
63660,2024-03-31,FY,505981000000,,-15006000000
63660,2025-03-31,1Q,117019000000,,6413000000
63660,2025-03-31,1Q,117019000000,,6413000000
63660,2025-03-31,2Q,237342000000,,13730000000
63660,2025-03-31,3Q,346053000000,,19815000000
63660,2025-03-31,3Q,346053000000,,19815000000
63660,2025-03-31,FY,456969000000,,24421000000
63660,2026-03-31,1Q,90457000000,,5109000000
63660,2026-03-31,1Q,90457000000,,5109000000
63660,2026-03-31,2Q,194729000000,,15615000000
63660,2026-03-31,3Q,388191000000,,77694000000
63660,2026-03-31,3Q,388191000000,,77694000000
63760,2022-12-31,FY,177109000000,,34222000000
63760,2023-12-31,FY,192629000000,,5885000000
63790,2021-03-31,FY,145914000000,,10386000000
63790,2022-03-31,1Q,29903000000,,1353000000
63790,2022-03-31,2Q,67382000000,,5624000000
63790,2022-03-31,3Q,93822000000,,6780000000
63790,2022-03-31,FY,129832000000,,10982000000
63790,2023-03-31,1Q,29417000000,,1699000000
63790,2023-03-31,2Q,68747000000,,5497000000
63790,2023-03-31,3Q,102509000000,,7643000000
63790,2023-03-31,FY,140061000000,,10918000000
63790,2024-03-31,1Q,29974000000,,996000000
63790,2024-03-31,2Q,70219000000,,4190000000
63790,2024-03-31,3Q,102281000000,,6330000000
63790,2024-03-31,FY,140366000000,,9968000000
63790,2025-03-31,1Q,36561000000,,1948000000
63790,2025-03-31,2Q,75155000000,,3516000000
63790,2025-03-31,3Q,116439000000,,6893000000
63790,2025-03-31,FY,157371000000,,10858000000
63790,2026-03-31,1Q,35753000000,,1021000000
63790,2026-03-31,2Q,89340000000,,7893000000
63790,2026-03-31,3Q,131422000000,,11332000000
64400,2023-12-31,3Q,67546000000,,-2870000000
64550,2026-03-31,2Q,47187000000,,5136000000
64570,2021-03-31,FY,217423000000,,14201000000
64570,2022-03-31,1Q,48215000000,,2030000000
64570,2022-03-31,2Q,103154000000,,5735000000
64640,2021-12-31,1Q,16892000000,,1792000000
64640,2021-12-31,2Q,34738000000,,3625000000
64640,2021-12-31,3Q,51199000000,,5379000000
64640,2022-12-31,1Q,18627000000,,1525000000
64640,2022-12-31,2Q,38258000000,,1352000000
64640,2022-12-31,3Q,58409000000,,2662000000
64640,2022-12-31,3Q,58409000000,,2662000000
64640,2022-12-31,FY,79036000000,,-9065000000
64640,2023-12-31,1Q,19702000000,,1509000000
64640,2023-12-31,2Q,39565000000,,1896000000
64640,2023-12-31,3Q,59189000000,,2776000000
64640,2024-12-31,1Q,19966000000,,1507000000
64640,2024-12-31,3Q,58323000000,,2573000000
64640,2025-12-31,1Q,18273000000,,358000000
64640,2025-12-31,3Q,52762000000,,891000000
64710,2022-03-31,FY,865166000000,,29430000000
64920,2024-11-30,FY,8169000000,,1185000000
65230,2025-03-31,FY,361593000000,,22580000000
65390,2023-03-31,FY,4293000000,,1789000000
65400,2024-12-31,3Q,19334000000,,1187000000
65450,2023-03-31,FY,4464000000,,99000000
65470,2022-06-30,FY,25437000000,,-2157000000
65510,2023-09-30,FY,15027000000,,443000000
65520,2023-05-31,FY,3512000000,,337000000
65550,2022-02-28,1Q,310000000,,-52000000
65550,2022-02-28,2Q,784000000,,54000000
65550,2022-02-28,3Q,1269000000,,138000000
65550,2023-02-28,1Q,457000000,,25000000
65550,2023-02-28,2Q,992000000,,77000000
65550,2023-02-28,3Q,1518000000,,112000000
65550,2024-02-29,1Q,384000000,,-99000000
65550,2024-02-29,2Q,1019000000,,-19000000
65550,2024-02-29,3Q,1634000000,,10000000
65550,2025-02-28,1Q,427000000,,-123000000
65550,2025-02-28,3Q,1839000000,,47000000
65550,2026-02-28,1Q,496000000,,-72000000
65550,2026-02-28,3Q,1895000000,,136000000
65610,2022-12-31,3Q,1161000000,,-1312000000
65620,2021-03-31,FY,14061000000,,195000000
65630,2021-09-30,3Q,3706000000,,180000000
65630,2023-09-30,1Q,1961000000,,33000000
65630,2023-09-30,2Q,4132000000,,122000000
65630,2023-09-30,3Q,6138000000,,110000000
65650,2022-03-31,FY,6345000000,,959000000
65720,2022-02-28,FY,16796000000,,331000000
65720,2023-02-28,3Q,4436000000,,190000000
65730,2020-12-31,FY,667000000,,-264000000
65730,2020-12-31,FY,667000000,,-237000000
65840,2023-03-31,FY,137692000000,,1321000000
65860,2024-03-31,FY,741391000000,,66169000000
65990,2023-03-31,FY,4258000000,,656000000
66140,2022-03-31,1Q,1167000000,,43000000
66170,2021-03-31,FY,91939000000,,3382000000
66200,2021-03-31,FY,1619000000,,1043000000
66200,2021-03-31,FY,1619000000,,1043000000
66200,2022-03-31,1Q,365000000,,158000000
66200,2022-03-31,2Q,717000000,,271000000
66200,2022-03-31,3Q,1061000000,,385000000
66200,2022-03-31,FY,1407000000,,499000000
66200,2023-03-31,1Q,318000000,,88000000
66200,2023-03-31,2Q,666000000,,232000000
66200,2023-03-31,3Q,1000000000,,342000000
66200,2023-03-31,FY,1319000000,,466000000
66200,2024-03-31,1Q,277000000,,96000000
66200,2024-03-31,2Q,565000000,,229000000
66200,2024-03-31,3Q,855000000,,350000000
66200,2024-03-31,FY,1137000000,,421000000
66200,2025-03-31,1Q,277000000,,90000000
66200,2025-03-31,2Q,570000000,,201000000
66200,2025-03-31,3Q,816000000,,263000000
66200,2025-03-31,FY,1030000000,,284000000
66200,2026-03-31,1Q,163000000,,-7000000
66200,2026-03-31,2Q,304000000,,-39000000
66200,2026-03-31,3Q,384000000,,-158000000
66320,2022-03-31,FY,282088000000,,9054000000
66450,2021-03-31,FY,655529000000,,62480000000
66450,2022-03-31,1Q,188193000000,,25837000000
66450,2022-03-31,2Q,369351000000,,45727000000
66450,2022-03-31,3Q,558609000000,,66858000000
66450,2022-03-31,FY,762927000000,,89316000000
66450,2023-03-31,1Q,184386000000,,11935000000
66450,2023-03-31,2Q,404418000000,,41613000000
66450,2023-03-31,3Q,637977000000,,72854000000
66450,2023-03-31,FY,876082000000,,100686000000
66450,2024-03-31,1Q,203351000000,,14304000000
66450,2024-03-31,2Q,400674000000,,20651000000
66450,2024-03-31,3Q,607985000000,,26572000000
66450,2024-03-31,FY,818761000000,,34342000000
66450,2025-03-31,1Q,183713000000,,6267000000
66450,2025-03-31,2Q,374638000000,,19226000000
66450,2025-03-31,3Q,579698000000,,35904000000
66450,2025-03-31,FY,801753000000,,54038000000
66450,2026-03-31,1Q,189477000000,,6376000000
66450,2026-03-31,2Q,393448000000,,17719000000
66450,2026-03-31,3Q,614288000000,,33855000000
66590,2022-03-31,3Q,1589000000,,-637000000
66640,2024-11-30,FY,6342000000,,-532000000
66770,2021-09-30,FY,20440000000,,1664000000
66940,2021-12-31,1Q,2829000000,,346000000
66990,2023-03-31,FY,91106000000,,-1187000000
67030,2023-03-31,3Q,256591000000,,-4754000000
67070,2024-03-31,FY,235221000000,,19539000000
67230,2024-12-31,2Q,710597000000,,147565000000
67240,2022-03-31,1Q,282159000000,,23670000000
67240,2022-03-31,2Q,550597000000,,48127000000
67240,2022-03-31,3Q,846743000000,,78471000000
67240,2023-03-31,1Q,297874000000,,31214000000
67240,2023-03-31,2Q,633127000000,,59152000000
67240,2023-03-31,3Q,994404000000,,82544000000
67240,2024-03-31,1Q,314840000000,,19713000000
67240,2024-03-31,2Q,638533000000,,27933000000
67240,2024-03-31,3Q,992101000000,,51697000000
67240,2025-03-31,1Q,336614000000,,22468000000
67240,2025-03-31,3Q,1023819000000,,62867000000
67240,2026-03-31,1Q,320879000000,,14136000000
67240,2026-03-31,3Q,1043825000000,,58385000000
67360,2022-03-31,2Q,15626000000,,990000000
67540,2021-03-31,FY,105939000000,,19651000000
67540,2022-03-31,1Q,23788000000,,3083000000
67540,2022-03-31,2Q,51231000000,,7483000000
67540,2022-03-31,3Q,75864000000,,10943000000
67540,2023-03-31,1Q,26180000000,,3017000000
67540,2023-03-31,2Q,53963000000,,5412000000
67540,2023-03-31,3Q,81683000000,,7998000000
67540,2024-03-31,1Q,22742000000,,-57000000
67540,2024-03-31,2Q,50895000000,,2934000000
67540,2024-03-31,3Q,77781000000,,5159000000
67540,2025-03-31,1Q,25229000000,,622000000
67540,2025-03-31,3Q,80840000000,,6419000000
67540,2026-03-31,1Q,23620000000,,1339000000
67540,2026-03-31,3Q,81070000000,,8412000000
67580,2021-03-31,FY,8999360000000,,971865000000
67620,2021-03-31,FY,1479008000000,,111535000000
67620,2022-03-31,1Q,420058000000,,30833000000
67620,2022-03-31,2Q,894185000000,,80033000000
67620,2022-03-31,3Q,1393855000000,,139235000000
67620,2022-03-31,FY,1902124000000,,166665000000
67620,2022-03-31,FY,1902124000000,,166665000000
67710,2021-03-31,FY,21850000000,,407000000
67790,2022-03-31,1Q,10809000000,,619000000
67790,2022-03-31,2Q,22267000000,,2839000000
67790,2022-03-31,3Q,33842000000,,3517000000
67790,2023-03-31,1Q,12493000000,,1549000000
67790,2023-03-31,2Q,26501000000,,4041000000
67790,2023-03-31,3Q,40029000000,,6680000000
67790,2024-03-31,1Q,11599000000,,636000000
67790,2024-03-31,2Q,24665000000,,1864000000
67790,2024-03-31,3Q,37501000000,,3265000000
67790,2025-03-31,1Q,12623000000,,1199000000
67790,2025-03-31,3Q,39681000000,,3650000000
67790,2026-03-31,1Q,12720000000,,780000000
67790,2026-03-31,3Q,39879000000,,2189000000
67940,2023-03-31,2Q,58385000000,,351000000
68220,2021-03-31,FY,29410000000,,303000000
68440,2021-03-31,FY,80437000000,,-1080000000
68440,2024-03-31,FY,102261000000,,1278000000
68620,2021-03-31,FY,15920000000,,220000000
68620,2022-03-31,2Q,11504000000,,337000000
68640,2023-03-31,FY,9642000000,,467000000
69550,2021-03-31,FY,61543000000,,1743000000
69810,2021-03-31,FY,1630193000000,,313240000000
69810,2022-03-31,1Q,439557000000,,105069000000
69810,2022-03-31,2Q,908074000000,,222109000000
69810,2022-03-31,3Q,1379461000000,,336028000000
69810,2022-03-31,FY,1812521000000,,424060000000
69810,2023-03-31,1Q,436657000000,,88613000000
69810,2023-03-31,2Q,920224000000,,194974000000
69810,2023-03-31,3Q,1339202000000,,272259000000
69810,2023-03-31,FY,1686796000000,,297887000000
70130,2024-03-31,FY,1322591000000,,-70138000000
70130,2024-03-31,FY,1322591000000,,-70138000000
70330,2023-10-31,FY,16931000000,,2207000000
70360,2023-12-31,1Q,373000000,,60000000
70360,2023-12-31,2Q,684000000,,43000000
70360,2023-12-31,3Q,1020000000,,56000000
70360,2023-12-31,FY,1369000000,,111000000
70360,2024-12-31,1Q,333000000,,8000000
70360,2024-12-31,2Q,652000000,,-10000000
70360,2024-12-31,3Q,971000000,,10000000
70360,2024-12-31,FY,1329000000,,93000000
70360,2025-12-31,1Q,424000000,,64000000
70360,2025-12-31,2Q,795000000,,82000000
70360,2025-12-31,3Q,1182000000,,126000000
70370,2022-12-31,FY,12128000000,,154000000
70420,2023-03-31,FY,1906000000,,57000000
70480,2021-12-31,1Q,51000000,,-348000000
70480,2021-12-31,2Q,180000000,,-612000000
70480,2021-12-31,3Q,355000000,,-834000000
70480,2021-12-31,3Q,355000000,,-834000000
70480,2021-12-31,FY,492000000,,-1098000000
70480,2021-12-31,FY,492000000,,-1098000000
70480,2022-12-31,1Q,139000000,,-271000000
70480,2022-12-31,2Q,355000000,,-488000000
70480,2022-12-31,3Q,771000000,,-626000000
70480,2022-12-31,FY,1163000000,,-794000000
70480,2023-12-31,1Q,543000000,,-90000000
70480,2023-12-31,2Q,1157000000,,-203000000
70480,2023-12-31,3Q,2228000000,,-84000000
70480,2023-12-31,FY,3100000000,,-89000000
70480,2023-12-31,FY,3123000000,,-67000000
70480,2024-12-31,1Q,980000000,,27000000
70480,2024-12-31,2Q,1815000000,,-197000000
70480,2024-12-31,3Q,3201000000,,-242000000
70480,2024-12-31,FY,4304000000,,-175000000
70480,2025-12-31,1Q,1131000000,,56000000
70480,2025-12-31,2Q,2101000000,,-89000000
70480,2025-12-31,3Q,3438000000,,92000000
70480,2025-12-31,FY,4581000000,,105000000
70570,2022-03-31,2Q,3651000000,,144000000
70570,2022-03-31,3Q,6117000000,,298000000
70570,2023-03-31,FY,9240000000,,422000000
70590,2022-03-31,FY,15589000000,,1621000000
70620,2022-03-31,FY,4174000000,,184000000
70660,2023-09-30,1Q,1496000000,,83000000
70690,2024-09-30,FY,7462000000,,-1719000000
70810,2024-12-31,FY,31861000000,,2081000000
71100,2022-07-31,FY,5163000000,,841000000
71100,2023-07-31,1Q,1581000000,,270000000
71200,2025-03-31,FY,16904000000,,687000000
71300,2025-03-31,FY,1006914000000,,15781000000
71620,2021-03-31,FY,12280000000,,262000000
71620,2022-03-31,1Q,1822000000,,-4000000
71620,2022-03-31,2Q,4527000000,,-10000000
71620,2022-03-31,3Q,7323000000,,-23000000
71620,2022-03-31,FY,12769000000,,527000000
71620,2023-03-31,1Q,2070000000,,26000000
71620,2023-03-31,2Q,5795000000,,-343000000
71620,2023-03-31,3Q,8506000000,,-683000000
71620,2023-03-31,FY,11774000000,,-750000000
71620,2024-03-31,1Q,2496000000,,41000000
71620,2024-03-31,2Q,7257000000,,388000000
71620,2024-03-31,3Q,10887000000,,377000000
71620,2024-03-31,FY,14855000000,,679000000
71620,2025-03-31,1Q,3533000000,,349000000
71620,2025-03-31,2Q,10152000000,,495000000
71620,2025-03-31,3Q,15056000000,,357000000
71620,2025-03-31,FY,20666000000,,-176000000
71620,2026-03-31,1Q,4389000000,,2000000
71620,2026-03-31,2Q,10785000000,,-190000000
71620,2026-03-31,3Q,15672000000,,-526000000
71640,2021-03-31,FY,47834000000,,38233000000
71640,2022-03-31,1Q,9802000000,,7479000000
71640,2022-03-31,2Q,19708000000,,15641000000
71640,2022-03-31,3Q,29678000000,,23425000000
71640,2022-03-31,FY,48842000000,,39470000000
71640,2023-03-31,1Q,10276000000,,7604000000
71640,2023-03-31,2Q,20650000000,,15867000000
71640,2023-03-31,3Q,31060000000,,23902000000
71640,2023-03-31,FY,50272000000,,39884000000
71640,2024-03-31,1Q,10536000000,,7812000000
71640,2024-03-31,2Q,21179000000,,15440000000
71640,2024-03-31,3Q,31904000000,,23224000000
71640,2024-03-31,FY,51638000000,,39102000000
71640,2025-03-31,1Q,10761000000,,7346000000
71640,2025-03-31,2Q,22062000000,,14892000000
71640,2025-03-31,3Q,33446000000,,22933000000
71640,2025-03-31,FY,56972000000,,41974000000
71640,2026-03-31,1Q,11481000000,,7712000000
71640,2026-03-31,2Q,23067000000,,14926000000
71640,2026-03-31,3Q,34755000000,,22992000000
71720,2023-12-31,2Q,8938000000,,3200000000
71750,2021-03-31,FY,4973000000,,1870000000
71750,2022-03-31,1Q,1324000000,,511000000
71750,2022-03-31,2Q,2440000000,,868000000
71750,2022-03-31,3Q,3580000000,,1247000000
71750,2022-03-31,FY,4510000000,,1421000000
71750,2023-03-31,1Q,1023000000,,271000000
71750,2023-03-31,2Q,1970000000,,488000000
71750,2023-03-31,3Q,2870000000,,648000000
71750,2023-03-31,FY,3831000000,,884000000
71750,2024-03-31,1Q,1370000000,,510000000
71750,2024-03-31,2Q,2545000000,,860000000
71750,2024-03-31,3Q,3504000000,,1015000000
71750,2024-03-31,FY,4816000000,,1475000000
71750,2025-03-31,1Q,1180000000,,337000000
71750,2025-03-31,2Q,2260000000,,608000000
71750,2025-03-31,3Q,3243000000,,820000000
71750,2025-03-31,FY,4186000000,,986000000
71750,2026-03-31,1Q,987000000,,181000000
71750,2026-03-31,2Q,2131000000,,488000000
71750,2026-03-31,3Q,3451000000,,917000000
71830,2021-03-31,FY,3946000000,,672000000
71830,2022-03-31,1Q,1008000000,,44000000
71830,2022-03-31,2Q,2032000000,,245000000
71830,2022-03-31,3Q,3068000000,,475000000
71830,2022-03-31,FY,4130000000,,457000000
71830,2023-03-31,1Q,1096000000,,68000000
71830,2023-03-31,2Q,2217000000,,274000000
71830,2023-03-31,3Q,3330000000,,480000000
71830,2023-03-31,FY,4497000000,,571000000
71830,2024-03-31,1Q,1181000000,,43000000
71830,2024-03-31,2Q,2380000000,,215000000
71830,2024-03-31,3Q,3595000000,,395000000
71830,2024-03-31,FY,4842000000,,439000000
71830,2025-03-31,1Q,1309000000,,-27000000
71830,2025-03-31,2Q,2629000000,,91000000
71830,2025-03-31,3Q,3977000000,,218000000
71830,2025-03-31,FY,5376000000,,58000000
71830,2026-03-31,1Q,1478000000,,-83000000
71830,2026-03-31,2Q,2999000000,,77000000
71830,2026-03-31,3Q,4552000000,,277000000
71850,2021-03-31,FY,8732000000,,2912000000
71850,2022-03-31,1Q,1890000000,,525000000
71850,2022-03-31,2Q,4058000000,,1200000000
71850,2025-03-31,1Q,2798000000,,1226000000
71850,2025-03-31,2Q,5462000000,,1926000000
71850,2025-03-31,3Q,7595000000,,2439000000
71850,2025-03-31,FY,10203000000,,3064000000
71850,2026-03-31,1Q,2564000000,,807000000
71850,2026-03-31,2Q,4687000000,,1108000000
71850,2026-03-31,3Q,7139000000,,1772000000
71920,2021-03-31,FY,7129000000,,1424000000
71920,2022-03-31,1Q,1800000000,,388000000
71920,2022-03-31,2Q,3775000000,,915000000
71920,2022-03-31,3Q,5763000000,,1399000000
71920,2022-03-31,FY,7689000000,,1696000000
71920,2023-03-31,1Q,1845000000,,419000000
71920,2023-03-31,2Q,3648000000,,830000000
71920,2023-03-31,3Q,5491000000,,1244000000
71920,2023-03-31,FY,7325000000,,1471000000
71920,2024-03-31,1Q,1730000000,,356000000
71920,2024-03-31,2Q,3484000000,,761000000
71920,2024-03-31,3Q,5269000000,,1179000000
71920,2024-03-31,FY,7110000000,,1398000000
71920,2025-03-31,1Q,1747000000,,264000000
71920,2025-03-31,2Q,3592000000,,639000000
71920,2025-03-31,3Q,5566000000,,1050000000
71920,2025-03-31,FY,7565000000,,1400000000
71920,2026-03-31,1Q,1846000000,,339000000
71920,2026-03-31,2Q,3755000000,,751000000
71920,2026-03-31,3Q,5826000000,,1215000000
71990,2023-03-31,1Q,5682000000,,1068000000
71990,2023-03-31,2Q,11887000000,,2375000000
71990,2023-03-31,3Q,18386000000,,3536000000
71990,2023-03-31,FY,25263000000,,4245000000
71990,2024-03-31,1Q,7233000000,,1365000000
71990,2024-03-31,2Q,15056000000,,2763000000
71990,2024-03-31,3Q,22975000000,,4408000000
71990,2024-03-31,FY,31546000000,,6195000000
71990,2025-03-31,1Q,8674000000,,1823000000
71990,2025-03-31,2Q,18092000000,,4050000000
71990,2025-03-31,3Q,27429000000,,6009000000
71990,2025-03-31,FY,36409000000,,6815000000
71990,2026-03-31,1Q,10296000000,,1585000000
71990,2026-03-31,2Q,20888000000,,3556000000
71990,2026-03-31,3Q,31366000000,,5662000000
72030,2021-03-31,FY,27214594000000,,2197748000000
72130,2025-03-31,FY,25931000000,,3531000000
72190,2023-08-31,1Q,2183000000,,133000000
72290,2022-03-31,1Q,49443000000,,3019000000
72290,2022-03-31,2Q,94547000000,,3344000000
72290,2022-03-31,3Q,149057000000,,6641000000
72290,2023-03-31,1Q,46308000000,,-384000000
72290,2023-03-31,2Q,108897000000,,1071000000
72290,2023-03-31,3Q,160305000000,,549000000
72290,2024-03-31,1Q,48252000000,,1527000000
72290,2024-03-31,2Q,103920000000,,3182000000
72290,2024-03-31,3Q,165949000000,,7348000000
72290,2025-03-31,1Q,45208000000,,1530000000
72290,2025-03-31,3Q,135006000000,,3916000000
72290,2026-03-31,1Q,39843000000,,1633000000
72290,2026-03-31,3Q,126144000000,,3341000000
72540,2024-03-31,3Q,38711000000,,2747000000
72640,2023-03-31,FY,21842000000,,410000000
72650,2021-10-31,3Q,5136000000,,514000000
72830,2021-03-31,FY,181427000000,,4956000000
73050,2024-03-31,FY,44556000000,,2053000000
73470,2021-12-31,3Q,2819000000,,1460000000
73470,2021-12-31,FY,4170000000,,1763000000
73470,2022-12-31,1Q,661000000,,124000000
73470,2022-12-31,2Q,2294000000,,1202000000
73470,2022-12-31,3Q,3709000000,,1839000000
73470,2022-12-31,FY,4598000000,,2055000000
73470,2023-12-31,1Q,2222000000,,-218000000
73470,2023-12-31,2Q,3395000000,,323000000
73470,2023-12-31,3Q,4959000000,,848000000
73470,2023-12-31,FY,5842000000,,1344000000
73470,2024-12-31,1Q,1007000000,,-170000000
73470,2024-12-31,2Q,2266000000,,323000000
73470,2024-12-31,3Q,3693000000,,756000000
73470,2024-12-31,FY,5566000000,,975000000
73470,2025-12-31,1Q,852000000,,-111000000
73470,2025-12-31,2Q,1941000000,,-91000000
73470,2025-12-31,3Q,2765000000,,101000000
73470,2025-12-31,FY,7216000000,,2515000000
73540,2021-12-31,1Q,7115000000,,1460000000
73540,2021-12-31,2Q,15026000000,,2917000000
73540,2021-12-31,3Q,23039000000,,4352000000
73540,2021-12-31,3Q,23039000000,,4352000000
73540,2021-12-31,FY,30286000000,,4780000000
73540,2022-12-31,1Q,10137000000,,2696000000
73540,2022-12-31,2Q,18373000000,,3936000000
73540,2022-12-31,3Q,26106000000,,4811000000
73540,2022-12-31,FY,34674000000,,5771000000
73540,2023-12-31,1Q,8686000000,,1633000000
73540,2023-12-31,2Q,15642000000,,1863000000
73540,2023-12-31,3Q,21958000000,,1842000000
73540,2023-12-31,FY,26851000000,,1220000000
73540,2024-12-31,1Q,5945000000,,784000000
73540,2024-12-31,2Q,10706000000,,1056000000
73540,2024-12-31,3Q,15721000000,,1179000000
73540,2024-12-31,FY,20952000000,,1434000000
73540,2025-12-31,1Q,5985000000,,747000000
73540,2025-12-31,2Q,11641000000,,1278000000
73540,2025-12-31,3Q,17023000000,,1673000000
73540,2025-12-31,FY,22694000000,,2133000000
73620,2024-12-31,FY,4707000000,,132000000
73630,2022-12-31,3Q,774000000,,6000000
73670,2025-03-31,2Q,3542000000,,483000000
73690,2021-06-30,FY,5274000000,,384000000
73700,2022-05-31,FY,3065000000,,1202000000
73710,2023-06-30,FY,7058000000,,856000000
73720,2021-09-30,3Q,3581000000,,847000000
73720,2022-09-30,1Q,1554000000,,474000000
73720,2022-09-30,1Q,1554000000,,474000000
73720,2022-09-30,2Q,2586000000,,912000000
73720,2022-09-30,3Q,4077000000,,1275000000
73720,2023-09-30,1Q,1815000000,,539000000
73720,2023-09-30,2Q,2965000000,,554000000
73720,2023-09-30,3Q,4493000000,,777000000
73720,2024-09-30,1Q,1806000000,,363000000
73720,2024-09-30,2Q,2791000000,,186000000
73720,2024-09-30,3Q,4292000000,,278000000
73720,2025-09-30,1Q,1851000000,,418000000
73720,2025-09-30,3Q,4654000000,,445000000
73720,2026-09-30,1Q,1964000000,,459000000
73770,2022-06-30,FY,32112000000,,2159000000
73770,2023-06-30,FY,32580000000,,2191000000
73770,2025-06-30,FY,36975000000,,2715000000
73830,2022-03-31,3Q,14192000000,,1095000000
73830,2022-03-31,FY,18665000000,,897000000
73830,2023-03-31,1Q,4586000000,,58000000
73830,2023-03-31,2Q,9234000000,,39000000
73830,2023-03-31,3Q,14436000000,,-43000000
73830,2023-03-31,FY,19330000000,,-404000000
73830,2023-03-31,FY,19330000000,,-404000000
73830,2024-03-31,1Q,5173000000,,-354000000
73830,2024-03-31,2Q,10330000000,,-605000000
73830,2024-03-31,3Q,15773000000,,-459000000
73830,2024-03-31,FY,20844000000,,-627000000
73830,2025-03-31,1Q,5254000000,,273000000
73830,2025-03-31,2Q,11021000000,,866000000
73830,2025-03-31,3Q,17277000000,,1774000000
73830,2025-03-31,FY,23032000000,,2103000000
73830,2026-03-31,1Q,6163000000,,767000000
73830,2026-03-31,1Q,6163000000,,767000000
73830,2026-03-31,2Q,12403000000,,1549000000
73830,2026-03-31,3Q,18959000000,,2532000000
73990,2022-03-31,FY,9203000000,,134000000
74420,2021-03-31,FY,47865000000,,872000000
74530,2022-08-31,1Q,122946000000,,11147000000
74530,2022-08-31,2Q,244496000000,,18854000000
74530,2022-08-31,3Q,370756000000,,24832000000
74530,2022-08-31,FY,496171000000,,32773000000
74530,2023-08-31,1Q,136948000000,,5021000000
74530,2023-08-31,2Q,283330000000,,10177000000
74530,2023-08-31,3Q,435797000000,,22672000000
74530,2023-08-31,FY,581412000000,,33137000000
74530,2024-08-31,1Q,162913000000,,13882000000
74530,2024-08-31,2Q,319839000000,,24099000000
74530,2024-08-31,3Q,495699000000,,42469000000
74530,2024-08-31,FY,661677000000,,56135000000
74530,2025-08-31,1Q,197690000000,,21957000000
74530,2025-08-31,2Q,382023000000,,36105000000
74530,2025-08-31,3Q,591093000000,,59406000000
74530,2025-08-31,FY,784629000000,,73840000000
74530,2026-08-31,1Q,228227000000,,28383000000
74550,2020-03-31,FY,48307000000,,476000000
74550,2025-03-31,FY,50782000000,,1383000000
74630,2023-03-31,FY,20399000000,,4701000000
74670,2022-03-31,FY,158427000000,,4356000000
74870,2021-05-31,FY,33922000000,,868000000
75060,2023-03-31,FY,11905000000,,153000000
75060,2024-03-31,1Q,2722000000,,-122000000
75060,2024-03-31,2Q,5853000000,,25000000
75060,2024-03-31,3Q,9071000000,,246000000
75230,2021-03-31,FY,7886000000,,1569000000
75240,2024-03-31,FY,4675000000,,91000000
75240,2025-03-31,1Q,1119000000,,4000000
75250,2024-03-31,3Q,37052000000,,2795000000
75610,2021-03-31,FY,35126000000,,400000000
75640,2021-03-31,FY,105815000000,,23955000000
75640,2022-03-31,FY,116264000000,,26802000000
75640,2023-03-31,FY,128289000000,,24106000000
75640,2024-03-31,FY,132651000000,,23142000000
75640,2025-03-31,FY,136933000000,,24394000000
75670,2024-03-31,FY,8366000000,,319000000
75780,2021-03-31,FY,2624000000,,109000000
76030,2026-02-28,3Q,8799000000,,-1226000000
76090,2025-12-31,FY,103142000000,,7010000000
76150,2023-03-31,FY,8329000000,,-286000000
76360,2023-06-30,FY,30865000000,,1547000000
76490,2025-02-28,3Q,634619000000,,28749000000
76740,2024-01-31,FY,7061000000,,437000000
76780,2022-03-31,1Q,1145000000,,-158000000
76780,2022-03-31,FY,5248000000,,-340000000
77190,2025-02-28,FY,3483000000,,25000000
77300,2025-08-31,FY,29968000000,,8193000000
77390,2025-12-31,FY,104421000000,,8980000000
77510,2021-12-31,1Q,842651000000,,70564000000
77510,2021-12-31,2Q,1724584000000,,147833000000
77510,2021-12-31,3Q,2557908000000,,206561000000
77510,2021-12-31,FY,3513357000000,,281918000000
77510,2022-12-31,1Q,879350000000,,76140000000
77510,2022-12-31,2Q,1878149000000,,174615000000
77510,2022-12-31,3Q,2874239000000,,256055000000
77510,2022-12-31,FY,4031414000000,,353399000000
77510,2023-12-31,1Q,971125000000,,84475000000
77510,2023-12-31,2Q,1992007000000,,176749000000
77510,2023-12-31,3Q,3017254000000,,259373000000
77510,2023-12-31,FY,4180972000000,,375366000000
77510,2024-12-31,1Q,988519000000,,80083000000
77510,2024-12-31,2Q,2156305000000,,198474000000
77510,2024-12-31,3Q,3236111000000,,296638000000
77510,2024-12-31,3Q,3236111000000,,296638000000
77510,2024-12-31,FY,4509821000000,,279754000000
77510,2025-12-31,1Q,1058396000000,,96517000000
77510,2025-12-31,1Q,1058396000000,,96517000000
77510,2025-12-31,2Q,2198567000000,,214308000000
77510,2025-12-31,3Q,3302891000000,,302355000000
77510,2025-12-31,3Q,3302891000000,,302355000000
77510,2025-12-31,FY,4624727000000,,455390000000
77520,2024-03-31,FY,2348987000000,,62023000000
77620,2024-03-31,FY,312830000000,,25068000000
77930,2024-12-31,FY,7767000000,,439000000
77940,2023-03-31,1Q,579000000,,241000000
78100,2023-07-31,FY,3006000000,,-203000000
78180,2021-08-31,FY,17139000000,,2820000000
78190,2025-09-30,FY,22122000000,,1469000000
78310,2024-10-31,3Q,6506000000,,-30000000
78310,2025-10-31,FY,8478000000,,-623000000
78590,2021-03-31,FY,2681000000,,-11000000
78680,2021-03-31,FY,31497000000,,2017000000
78680,2022-03-31,1Q,7312000000,,326000000
79180,2022-03-31,1Q,2186000000,,-373000000
79180,2022-03-31,2Q,4036000000,,-687000000
79180,2022-03-31,3Q,7623000000,,-862000000
79220,2022-03-31,FY,9594000000,,105000000
79400,2021-03-31,FY,29248000000,,1489000000
79460,2025-03-31,1Q,1073000000,,1000000
79720,2023-12-31,2Q,68190000000,,7002000000
79840,2022-12-31,3Q,224899000000,,14963000000
80010,2022-03-31,1Q,2916818000000,,153310000000
80010,2022-03-31,2Q,5874770000000,,304128000000
80010,2022-03-31,3Q,9093654000000,,464729000000
80010,2023-03-31,1Q,3378021000000,,183035000000
80010,2023-03-31,2Q,6992164000000,,388533000000
80010,2023-03-31,3Q,10544219000000,,574395000000
80010,2024-03-31,1Q,3348491000000,,167237000000
80010,2024-03-31,2Q,6774098000000,,350922000000
80010,2024-03-31,3Q,10451061000000,,539082000000
80010,2025-03-31,1Q,3598918000000,,190539000000
80010,2025-03-31,1Q,3598918000000,,190539000000
80010,2025-03-31,3Q,11039447000000,,537755000000
80010,2025-03-31,3Q,11039447000000,,537755000000
80010,2026-03-31,1Q,3558933000000,,170735000000
80010,2026-03-31,1Q,3558933000000,,170735000000
80010,2026-03-31,3Q,10986251000000,,526438000000
80010,2026-03-31,3Q,10986251000000,,526438000000
80020,2022-03-31,1Q,2134021000000,,69187000000
80020,2022-03-31,2Q,4075788000000,,118878000000
80020,2022-03-31,3Q,6218311000000,,204451000000
80020,2023-03-31,1Q,2910368000000,,147320000000
80020,2023-03-31,2Q,5595134000000,,230062000000
80020,2023-03-31,3Q,7373196000000,,285648000000
80020,2024-03-31,1Q,2019739000000,,95105000000
80020,2024-03-31,2Q,3750610000000,,151479000000
80020,2024-03-31,3Q,5427765000000,,211587000000
80020,2025-03-31,1Q,2051315000000,,93382000000
80020,2025-03-31,1Q,2051315000000,,93382000000
80020,2025-03-31,3Q,5719747000000,,222314000000
80020,2025-03-31,3Q,5719747000000,,222314000000
80020,2026-03-31,1Q,2163722000000,,85410000000
80020,2026-03-31,1Q,2163722000000,,85410000000
80020,2026-03-31,3Q,6172419000000,,190603000000
80020,2026-03-31,3Q,6172419000000,,190603000000
80120,2022-03-31,1Q,184389000000,,9738000000
80610,2023-03-31,FY,93311000000,,4636000000
81050,2026-03-31,2Q,1452000000,,-193000000
81070,2025-03-31,1Q,306000000,,20000000
81110,2023-03-31,FY,115052000000,,21904000000
81150,2023-03-31,FY,9580000000,,114000000
81330,2022-03-31,1Q,206962000000,,4325000000
81330,2022-03-31,2Q,398130000000,,9139000000
81330,2022-03-31,3Q,656995000000,,17929000000
81330,2023-03-31,1Q,245353000000,,5696000000
81330,2023-03-31,2Q,499522000000,,10830000000
81330,2023-03-31,3Q,762988000000,,16950000000
81330,2024-03-31,1Q,214743000000,,9246000000
81330,2024-03-31,2Q,455635000000,,15885000000
81330,2024-03-31,3Q,709374000000,,22490000000
81330,2025-03-31,1Q,211030000000,,5415000000
81330,2025-03-31,1Q,211030000000,,5415000000
81330,2025-03-31,3Q,678344000000,,22989000000
81330,2025-03-31,3Q,678344000000,,22989000000
81330,2026-03-31,1Q,203200000000,,5967000000
81330,2026-03-31,1Q,203200000000,,5967000000
81330,2026-03-31,3Q,626871000000,,17551000000
81330,2026-03-31,3Q,626871000000,,17551000000
81660,2025-02-28,FY,9650000000,,203000000
82000,2021-02-28,FY,34049000000,,-5403000000
82030,2023-02-28,2Q,63952000000,,2771000000
82090,2022-03-31,FY,1746000000,,-301000000
82140,2023-03-31,FY,176170000000,,10235000000
82250,2021-03-31,FY,4654000000,,-697000000
82440,2023-02-28,FY,107848000000,,1566000000
82540,2021-02-28,FY,15002000000,,-639000000
82540,2022-02-28,2Q,6572000000,,-218000000
82540,2023-08-31,FY,5204000000,,144000000
82780,2022-02-28,3Q,236665000000,,4881000000
85080,2021-12-31,1Q,10867000000,,4400000000
85080,2021-12-31,2Q,22340000000,,7160000000
85080,2021-12-31,3Q,30624000000,,7827000000
85080,2021-12-31,FY,42325000000,,5260000000
85080,2021-12-31,FY,42325000000,,5260000000
85080,2022-12-31,1Q,12351000000,,1942000000
85080,2022-12-31,2Q,33431000000,,10927000000
85080,2022-12-31,3Q,56480000000,,12649000000
85080,2022-12-31,FY,82419000000,,14399000000
85080,2023-12-31,1Q,26136000000,,9293000000
85080,2023-12-31,2Q,53649000000,,8605000000
85080,2023-12-31,3Q,84577000000,,11134000000
85080,2023-12-31,FY,114279000000,,8059000000
85080,2023-12-31,FY,114279000000,,8059000000
85080,2024-12-31,1Q,31554000000,,-281000000
85080,2024-12-31,2Q,65427000000,,2057000000
85080,2024-12-31,3Q,96915000000,,5025000000
85080,2024-12-31,FY,128170000000,,6252000000
85080,2025-12-31,1Q,30657000000,,2134000000
85080,2025-12-31,2Q,60742000000,,4586000000
85080,2025-12-31,3Q,92041000000,,6385000000
85080,2025-12-31,FY,124265000000,,10902000000
85110,2021-03-31,FY,30924000000,,4777000000
85110,2022-03-31,1Q,7406000000,,2268000000
85110,2022-03-31,2Q,15056000000,,3442000000
85110,2022-03-31,3Q,22362000000,,5029000000
85110,2022-03-31,FY,30138000000,,6235000000
85110,2023-03-31,1Q,11092000000,,1783000000
85110,2023-03-31,2Q,21081000000,,4526000000
85110,2023-03-31,3Q,31638000000,,6704000000
85110,2023-03-31,FY,42518000000,,6354000000
85110,2024-03-31,1Q,13682000000,,3068000000
85110,2024-03-31,2Q,24679000000,,5944000000
85110,2024-03-31,3Q,37041000000,,8945000000
85110,2024-03-31,FY,50008000000,,9928000000
85110,2025-03-31,1Q,12397000000,,3379000000
85110,2025-03-31,2Q,27491000000,,6276000000
85110,2025-03-31,3Q,40046000000,,9646000000
85110,2025-03-31,FY,59486000000,,11329000000
85110,2026-03-31,1Q,23854000000,,3106000000
85110,2026-03-31,2Q,50882000000,,6894000000
85110,2026-03-31,3Q,79154000000,,10604000000
85180,2021-03-31,FY,3709000000,,-163000000
85180,2022-03-31,1Q,505000000,,-223000000
85180,2022-03-31,2Q,1018000000,,-413000000
85180,2022-03-31,3Q,2769000000,,62000000
85180,2022-03-31,FY,3204000000,,-237000000
85180,2023-03-31,1Q,392000000,,-213000000
85180,2023-03-31,2Q,1112000000,,-488000000
85180,2023-03-31,3Q,3377000000,,233000000
85180,2023-03-31,FY,3872000000,,11000000
85180,2024-03-31,1Q,882000000,,160000000
85180,2024-03-31,2Q,1269000000,,-239000000
85180,2024-03-31,3Q,1728000000,,-829000000
85180,2024-03-31,FY,2444000000,,-1150000000
85180,2025-03-31,1Q,822000000,,211000000
85180,2025-03-31,2Q,1432000000,,68000000
85180,2025-03-31,3Q,2631000000,,209000000
85180,2025-03-31,FY,3092000000,,105000000
85180,2026-03-31,1Q,291000000,,-159000000
85180,2026-03-31,2Q,777000000,,-181000000
85180,2026-03-31,3Q,1230000000,,-423000000
85700,2021-02-28,FY,487309000000,,40651000000
85700,2022-02-28,1Q,122205000000,,20710000000
85700,2022-02-28,2Q,237966000000,,33240000000
85700,2022-02-28,3Q,348739000000,,44229000000
85700,2022-02-28,FY,470657000000,,58852000000
85700,2023-02-28,1Q,106965000000,,15283000000
85700,2023-02-28,2Q,221579000000,,31857000000
85700,2023-02-28,3Q,331149000000,,41577000000
85700,2023-02-28,FY,451767000000,,58859000000
85700,2024-02-29,1Q,116600000000,,9191000000
85700,2024-02-29,2Q,237555000000,,20290000000
85700,2024-02-29,3Q,355764000000,,26110000000
85700,2024-02-29,FY,485608000000,,50088000000
85700,2025-02-28,1Q,127928000000,,15249000000
85700,2025-02-28,2Q,255790000000,,27142000000
85700,2025-02-28,3Q,388772000000,,37917000000
85700,2025-02-28,FY,533262000000,,61485000000
85700,2025-02-28,FY,533262000000,,61485000000
85700,2026-02-28,1Q,136555000000,,12998000000
85700,2026-02-28,2Q,278160000000,,28322000000
85700,2026-02-28,3Q,421566000000,,41711000000
85720,2021-03-31,FY,266316000000,,98896000000
85720,2021-03-31,FY,266316000000,,98896000000
85720,2022-03-31,1Q,65467000000,,25055000000
85720,2022-03-31,2Q,131423000000,,48370000000
85720,2022-03-31,3Q,196922000000,,59963000000
85720,2022-03-31,FY,262155000000,,34779000000
85720,2023-03-31,1Q,66514000000,,25394000000
85720,2023-03-31,2Q,135068000000,,48798000000
85720,2023-03-31,3Q,204060000000,,70646000000
85720,2023-03-31,FY,273793000000,,87287000000
85720,2024-03-31,1Q,70926000000,,21927000000
85720,2024-03-31,2Q,144299000000,,44218000000
85720,2024-03-31,3Q,218986000000,,66867000000
85720,2024-03-31,FY,294730000000,,86347000000
85720,2025-03-31,1Q,77236000000,,21958000000
85720,2025-03-31,2Q,156299000000,,48022000000
85720,2025-03-31,3Q,236825000000,,74679000000
85720,2025-03-31,FY,317742000000,,58561000000
85720,2026-03-31,1Q,82372000000,,28147000000
85720,2026-03-31,2Q,165670000000,,54063000000
85720,2026-03-31,3Q,251268000000,,81984000000
85840,2021-03-31,FY,160650000000,,16326000000
85840,2022-03-31,1Q,40867000000,,7343000000
85840,2022-03-31,2Q,81780000000,,13937000000
85840,2022-03-31,3Q,122864000000,,22100000000
85840,2022-03-31,FY,164070000000,,26743000000
85840,2023-03-31,1Q,42355000000,,8942000000
85840,2023-03-31,2Q,85297000000,,16385000000
85840,2023-03-31,3Q,129443000000,,26213000000
85840,2023-03-31,FY,173506000000,,31678000000
85840,2024-03-31,1Q,46662000000,,11154000000
85840,2024-03-31,2Q,92208000000,,18419000000
85840,2024-03-31,3Q,139176000000,,27137000000
85840,2024-03-31,FY,184782000000,,33126000000
85840,2025-03-31,1Q,47549000000,,8803000000
85840,2025-03-31,1Q,47549000000,,8803000000
85840,2025-03-31,2Q,95739000000,,16084000000
85840,2025-03-31,3Q,143494000000,,23052000000
85840,2025-03-31,3Q,143494000000,,23052000000
85840,2025-03-31,FY,190978000000,,25732000000
85840,2026-03-31,1Q,47706000000,,6294000000
85840,2026-03-31,2Q,97069000000,,13281000000
85840,2026-03-31,3Q,145817000000,,19221000000
85850,2021-03-31,FY,230596000000,,20809000000
85850,2022-03-31,1Q,56864000000,,7495000000
85850,2022-03-31,2Q,114612000000,,13608000000
85850,2022-03-31,3Q,171553000000,,20116000000
85850,2022-03-31,FY,229806000000,,28994000000
85850,2023-03-31,1Q,54332000000,,5324000000
85850,2023-03-31,2Q,116395000000,,15180000000
85850,2023-03-31,3Q,168089000000,,16350000000
85850,2023-03-31,FY,227693000000,,23070000000
85850,2024-03-31,1Q,57688000000,,3501000000
85850,2024-03-31,2Q,112190000000,,5905000000
85850,2024-03-31,3Q,168637000000,,10047000000
85850,2024-03-31,FY,229054000000,,16118000000
85850,2025-03-31,1Q,63053000000,,5086000000
85850,2025-03-31,2Q,123464000000,,7174000000
85850,2025-03-31,3Q,182495000000,,8457000000
85850,2025-03-31,FY,245270000000,,12344000000
85850,2026-03-31,1Q,62876000000,,3161000000
85850,2026-03-31,2Q,124877000000,,7203000000
85850,2026-03-31,3Q,185979000000,,11301000000
85910,2021-03-31,FY,2292708000000,,258814000000
85910,2022-03-31,1Q,608813000000,,101979000000
85910,2022-03-31,2Q,1241534000000,,208917000000
85910,2022-03-31,3Q,1868113000000,,282119000000
85910,2022-03-31,FY,2520365000000,,302083000000
85910,2023-03-31,1Q,657813000000,,83293000000
85910,2023-03-31,2Q,1364816000000,,149133000000
85910,2023-03-31,3Q,1994844000000,,237308000000
85910,2023-03-31,FY,2666373000000,,313988000000
85910,2024-03-31,1Q,676974000000,,83252000000
85910,2024-03-31,2Q,1359735000000,,164035000000
85910,2024-03-31,3Q,2037860000000,,260198000000
85910,2024-03-31,FY,2814361000000,,360713000000
85910,2025-03-31,1Q,708139000000,,86266000000
85910,2025-03-31,2Q,1403633000000,,196972000000
85910,2025-03-31,3Q,2154484000000,,290724000000
85910,2025-03-31,FY,2874821000000,,331826000000
85910,2026-03-31,1Q,768641000000,,129750000000
85910,2026-03-31,2Q,1564497000000,,242878000000
85910,2026-03-31,3Q,2408910000000,,366284000000
86010,2021-03-31,FY,576172000000,,92859000000
86010,2022-03-31,1Q,149836000000,,31848000000
86010,2022-03-31,2Q,304538000000,,62525000000
86010,2022-03-31,3Q,471138000000,,98575000000
86010,2022-03-31,FY,619471000000,,115534000000
86010,2023-03-31,1Q,146640000000,,8847000000
86010,2023-03-31,2Q,339193000000,,20838000000
86010,2023-03-31,3Q,572229000000,,42358000000
86010,2023-03-31,FY,866090000000,,66273000000
86010,2024-03-31,1Q,266259000000,,30733000000
86010,2024-03-31,2Q,570087000000,,68561000000
86010,2024-03-31,3Q,905465000000,,106622000000
86010,2024-03-31,FY,1277482000000,,153705000000
86010,2025-03-31,1Q,335357000000,,35115000000
86010,2025-03-31,1Q,335357000000,,35115000000
86010,2025-03-31,2Q,689688000000,,76790000000
86010,2025-03-31,3Q,1026437000000,,113826000000
86010,2025-03-31,3Q,1026437000000,,113826000000
86010,2025-03-31,FY,1372014000000,,166742000000
86010,2026-03-31,1Q,326400000000,,36177000000
86010,2026-03-31,1Q,326400000000,,36177000000
86010,2026-03-31,2Q,701750000000,,86020000000
86010,2026-03-31,3Q,1075613000000,,147785000000
86010,2026-03-31,3Q,1075613000000,,147785000000
86090,2021-03-31,FY,67259000000,,5106000000
86090,2022-03-31,1Q,17553000000,,767000000
86090,2022-03-31,2Q,36852000000,,2818000000
86090,2022-03-31,3Q,56618000000,,5036000000
86090,2022-03-31,FY,73778000000,,4976000000
86090,2023-03-31,1Q,15789000000,,-1530000000
86090,2023-03-31,2Q,33477000000,,-1009000000
86090,2023-03-31,3Q,49444000000,,-1948000000
86090,2023-03-31,FY,66551000000,,-1034000000
86090,2024-03-31,1Q,21247000000,,4163000000
86090,2024-03-31,2Q,41206000000,,7338000000
86090,2024-03-31,3Q,60846000000,,10120000000
86090,2024-03-31,FY,84509000000,,16111000000
86090,2025-03-31,1Q,21117000000,,3952000000
86090,2025-03-31,1Q,21117000000,,3952000000
86090,2025-03-31,2Q,41501000000,,7229000000
86090,2025-03-31,3Q,62224000000,,10300000000
86090,2025-03-31,3Q,62224000000,,10300000000
86090,2025-03-31,FY,81936000000,,12838000000
86090,2026-03-31,1Q,19145000000,,949000000
86090,2026-03-31,1Q,19145000000,,949000000
86090,2026-03-31,2Q,43057000000,,6333000000
86090,2026-03-31,3Q,69304000000,,12918000000
86090,2026-03-31,3Q,69304000000,,12918000000
86130,2021-03-31,FY,19188000000,,3661000000
86130,2022-03-31,1Q,4855000000,,879000000
86130,2022-03-31,2Q,9535000000,,1703000000
86130,2022-03-31,3Q,14601000000,,2891000000
86130,2022-03-31,FY,18670000000,,3219000000
86130,2023-03-31,1Q,3896000000,,120000000
86130,2023-03-31,2Q,7479000000,,39000000
86130,2023-03-31,3Q,11269000000,,266000000
86130,2023-03-31,FY,14931000000,,379000000
86130,2024-03-31,1Q,4588000000,,823000000
86130,2024-03-31,2Q,9058000000,,1605000000
86130,2024-03-31,3Q,13250000000,,2104000000
86130,2024-03-31,FY,18608000000,,3694000000
86130,2025-03-31,1Q,4977000000,,1030000000
86130,2025-03-31,2Q,9627000000,,1923000000
86130,2025-03-31,3Q,14348000000,,2865000000
86130,2025-03-31,FY,18849000000,,3545000000
86130,2026-03-31,1Q,4366000000,,395000000
86130,2026-03-31,2Q,9596000000,,1696000000
86130,2026-03-31,3Q,15555000000,,3425000000
86140,2021-03-31,FY,11966000000,,643000000
86140,2022-03-31,1Q,2946000000,,114000000
86140,2022-03-31,2Q,5877000000,,244000000
86140,2022-03-31,3Q,8822000000,,370000000
86140,2022-03-31,FY,10863000000,,-180000000
86140,2023-03-31,1Q,1968000000,,-693000000
86140,2023-03-31,2Q,4073000000,,-1236000000
86140,2023-03-31,3Q,6210000000,,-1661000000
86140,2023-03-31,FY,8341000000,,-2167000000
86140,2024-03-31,1Q,2763000000,,104000000
86140,2024-03-31,2Q,5709000000,,370000000
86140,2024-03-31,3Q,8428000000,,474000000
86140,2024-03-31,FY,12023000000,,1153000000
86140,2025-03-31,1Q,2943000000,,173000000
86140,2025-03-31,2Q,5557000000,,233000000
86140,2025-03-31,3Q,8587000000,,586000000
86140,2025-03-31,FY,11289000000,,694000000
86140,2026-03-31,1Q,2816000000,,143000000
86140,2026-03-31,2Q,6204000000,,886000000
86140,2026-03-31,3Q,9852000000,,1837000000
86160,2021-03-31,FY,69362000000,,9232000000
86160,2021-03-31,FY,69362000000,,9232000000
86160,2021-03-31,FY,69362000000,,9232000000
86160,2022-03-31,1Q,19973000000,,2480000000
86160,2022-03-31,2Q,40543000000,,5654000000
86160,2022-03-31,3Q,62071000000,,9294000000
86160,2022-03-31,FY,80975000000,,9881000000
86160,2023-03-31,1Q,18460000000,,708000000
86160,2023-03-31,2Q,38636000000,,2781000000
86160,2023-03-31,3Q,56383000000,,3542000000
86160,2023-03-31,FY,73383000000,,3159000000
86160,2024-03-31,1Q,21205000000,,3494000000
86160,2024-03-31,2Q,43474000000,,7242000000
86160,2024-03-31,3Q,64590000000,,10501000000
86160,2024-03-31,FY,89201000000,,15304000000
86160,2025-03-31,1Q,23203000000,,4569000000
86160,2025-03-31,1Q,23203000000,,4569000000
86160,2025-03-31,2Q,43810000000,,6501000000
86160,2025-03-31,3Q,66899000000,,11299000000
86160,2025-03-31,3Q,66899000000,,11299000000
86160,2025-03-31,FY,86328000000,,11739000000
86160,2026-03-31,1Q,19619000000,,392000000
86160,2026-03-31,1Q,19619000000,,392000000
86160,2026-03-31,2Q,45775000000,,6022000000
86160,2026-03-31,3Q,72460000000,,12060000000
86160,2026-03-31,3Q,72460000000,,12060000000
86170,2021-03-31,FY,1111000000,,133000000
86170,2022-03-31,1Q,98000000,,-128000000
86170,2022-03-31,2Q,302000000,,-159000000
86170,2022-03-31,3Q,366000000,,-324000000
86170,2022-03-31,FY,448000000,,-472000000
86170,2023-03-31,1Q,47000000,,-179000000
86170,2023-03-31,2Q,177000000,,-278000000
86170,2023-03-31,3Q,281000000,,-405000000
86170,2023-03-31,FY,436000000,,-494000000
86170,2024-03-31,1Q,332000000,,83000000
86170,2024-03-31,2Q,616000000,,99000000
86170,2024-03-31,3Q,896000000,,114000000
86170,2024-03-31,FY,1498000000,,435000000
86170,2025-03-31,1Q,117000000,,-132000000
86170,2025-03-31,2Q,301000000,,-258000000
86170,2025-03-31,3Q,466000000,,-363000000
86170,2025-03-31,FY,559000000,,-522000000
86170,2026-03-31,1Q,171000000,,-79000000
86170,2026-03-31,2Q,467000000,,-48000000
86170,2026-03-31,3Q,762000000,,-30000000
86220,2021-03-31,FY,15366000000,,2817000000
86220,2022-03-31,1Q,3514000000,,376000000
86220,2022-03-31,2Q,7176000000,,1012000000
86220,2022-03-31,3Q,10936000000,,1688000000
86220,2022-03-31,FY,13683000000,,1523000000
86220,2023-03-31,1Q,2666000000,,-221000000
86220,2023-03-31,2Q,5770000000,,-34000000
86220,2023-03-31,3Q,8386000000,,-221000000
86220,2023-03-31,FY,11196000000,,-268000000
86220,2024-03-31,1Q,3570000000,,592000000
86220,2024-03-31,2Q,6990000000,,1042000000
86220,2024-03-31,3Q,10181000000,,1313000000
86220,2024-03-31,FY,14554000000,,2391000000
86220,2025-03-31,1Q,4043000000,,805000000
86220,2025-03-31,1Q,4043000000,,805000000
86220,2025-03-31,2Q,7212000000,,1098000000
86220,2025-03-31,3Q,10823000000,,1675000000
86220,2025-03-31,3Q,10823000000,,1675000000
86220,2025-03-31,FY,13983000000,,1858000000
86220,2026-03-31,1Q,3319000000,,239000000
86220,2026-03-31,1Q,3319000000,,239000000
86220,2026-03-31,2Q,7344000000,,1145000000
86220,2026-03-31,3Q,11733000000,,2242000000
86220,2026-03-31,3Q,11733000000,,2242000000
86240,2021-03-31,FY,19747000000,,1264000000
86240,2022-03-31,1Q,5164000000,,882000000
86240,2022-03-31,2Q,10120000000,,1836000000
86240,2022-03-31,3Q,15344000000,,2970000000
86240,2022-03-31,FY,19591000000,,3321000000
86240,2023-03-31,1Q,4344000000,,383000000
86240,2023-03-31,2Q,8529000000,,737000000
86240,2023-03-31,3Q,12632000000,,995000000
86240,2023-03-31,FY,16666000000,,1166000000
86240,2024-03-31,1Q,4580000000,,622000000
86240,2024-03-31,2Q,9168000000,,1224000000
86240,2024-03-31,3Q,13504000000,,1583000000
86240,2024-03-31,FY,18837000000,,2803000000
86240,2025-03-31,1Q,4998000000,,882000000
86240,2025-03-31,2Q,9725000000,,1524000000
86240,2025-03-31,3Q,14457000000,,2036000000
86240,2025-03-31,FY,18804000000,,2285000000
86240,2026-03-31,1Q,4627000000,,380000000
86240,2026-03-31,2Q,10603000000,,1843000000
86240,2026-03-31,3Q,17217000000,,3670000000
86280,2021-03-31,FY,30082000000,,12827000000
86280,2022-03-31,1Q,7476000000,,3060000000
86280,2022-03-31,2Q,15316000000,,6624000000
86280,2022-03-31,3Q,23181000000,,9953000000
86280,2022-03-31,FY,30616000000,,12772000000
86280,2023-03-31,1Q,7252000000,,2826000000
86280,2023-03-31,2Q,14920000000,,5660000000
86280,2023-03-31,3Q,22957000000,,8666000000
86280,2023-03-31,FY,31071000000,,11349000000
86280,2024-03-31,1Q,9472000000,,3596000000
86280,2024-03-31,2Q,19086000000,,7276000000
86280,2024-03-31,3Q,28899000000,,10806000000
86280,2024-03-31,FY,40207000000,,15165000000
86280,2025-03-31,1Q,9895000000,,4235000000
86280,2025-03-31,1Q,9895000000,,4235000000
86280,2025-03-31,2Q,20285000000,,8900000000
86280,2025-03-31,3Q,29698000000,,12476000000
86280,2025-03-31,3Q,29698000000,,12476000000
86280,2025-03-31,FY,39204000000,,15636000000
86280,2026-03-31,1Q,11407000000,,4668000000
86280,2026-03-31,1Q,11407000000,,4668000000
86280,2026-03-31,2Q,23839000000,,10263000000
86280,2026-03-31,3Q,37293000000,,16509000000
86280,2026-03-31,3Q,37293000000,,16509000000
86970,2021-03-31,FY,133343000000,,74565000000
86970,2022-03-31,1Q,32503000000,,18459000000
86970,2022-03-31,2Q,65506000000,,36051000000
86970,2022-03-31,3Q,100586000000,,55967000000
86970,2022-03-31,FY,135432000000,,73473000000
86970,2023-03-31,1Q,33576000000,,17777000000
86970,2023-03-31,2Q,66486000000,,34127000000
86970,2023-03-31,3Q,100529000000,,51765000000
86970,2023-03-31,FY,133991000000,,68253000000
86970,2024-03-31,1Q,36953000000,,25038000000
86970,2024-03-31,2Q,73385000000,,44499000000
86970,2024-03-31,3Q,111639000000,,66042000000
86970,2024-03-31,FY,152871000000,,87444000000
86970,2025-03-31,1Q,40328000000,,23291000000
86970,2025-03-31,2Q,81810000000,,47718000000
86970,2025-03-31,3Q,121591000000,,69441000000
86970,2025-03-31,FY,162230000000,,90122000000
86970,2026-03-31,1Q,43451000000,,25233000000
86970,2026-03-31,2Q,89322000000,,51279000000
86970,2026-03-31,3Q,139626000000,,81308000000
87000,2021-03-31,FY,3040000000,,572000000
87000,2022-03-31,1Q,618000000,,8000000
87000,2022-03-31,2Q,1347000000,,140000000
87000,2022-03-31,3Q,2153000000,,340000000
87000,2022-03-31,FY,2864000000,,402000000
87000,2023-03-31,1Q,658000000,,43000000
87000,2023-03-31,2Q,1268000000,,62000000
87000,2023-03-31,3Q,1889000000,,112000000
87000,2023-03-31,FY,2502000000,,127000000
87000,2024-03-31,1Q,790000000,,132000000
87000,2024-03-31,2Q,1613000000,,336000000
87000,2024-03-31,3Q,2312000000,,420000000
87000,2024-03-31,FY,3262000000,,663000000
87000,2025-03-31,1Q,821000000,,163000000
87000,2025-03-31,2Q,1474000000,,159000000
87000,2025-03-31,3Q,2341000000,,356000000
87000,2025-03-31,FY,3082000000,,441000000
87000,2026-03-31,1Q,729000000,,85000000
87000,2026-03-31,2Q,1721000000,,381000000
87000,2026-03-31,3Q,2675000000,,617000000
87040,2021-03-31,FY,6856000000,,2356000000
87040,2022-03-31,1Q,1553000000,,472000000
87040,2022-03-31,2Q,3123000000,,921000000
87040,2022-03-31,3Q,5016000000,,1705000000
87040,2022-03-31,FY,7082000000,,2372000000
87040,2023-03-31,1Q,2397000000,,1108000000
87040,2023-03-31,2Q,4419000000,,1785000000
87040,2023-03-31,3Q,6736000000,,2738000000
87040,2023-03-31,FY,9194000000,,3742000000
87050,2021-03-31,FY,7738000000,,580000000
87050,2022-03-31,1Q,1862000000,,-145000000
87050,2022-03-31,2Q,3399000000,,-460000000
87050,2022-03-31,3Q,5247000000,,-319000000
87050,2022-03-31,FY,7197000000,,-163000000
87050,2022-03-31,FY,7197000000,,-163000000
87050,2022-03-31,FY,7197000000,,-163000000
87050,2022-03-31,FY,7197000000,,-163000000
87050,2023-03-31,1Q,1628000000,,40000000
87050,2023-03-31,2Q,3151000000,,-74000000
87050,2023-03-31,3Q,4712000000,,-57000000
87050,2023-03-31,FY,6605000000,,274000000
87050,2024-03-31,1Q,1899000000,,214000000
87050,2024-03-31,2Q,3706000000,,409000000
87050,2024-03-31,3Q,5639000000,,727000000
87050,2024-03-31,FY,7743000000,,904000000
87050,2025-03-31,1Q,2243000000,,418000000
87050,2025-03-31,2Q,3998000000,,590000000
87050,2025-03-31,3Q,5618000000,,666000000
87050,2025-03-31,FY,7373000000,,712000000
87050,2026-03-31,1Q,1895000000,,192000000
87050,2026-03-31,2Q,3759000000,,459000000
87050,2026-03-31,3Q,6113000000,,1023000000
87060,2021-03-31,FY,8948000000,,3913000000
87060,2022-03-31,1Q,1822000000,,547000000
87060,2022-03-31,2Q,3522000000,,1014000000
87060,2022-03-31,3Q,5188000000,,1392000000
87060,2022-03-31,FY,6492000000,,1300000000
87060,2023-03-31,1Q,1201000000,,-37000000
87060,2023-03-31,2Q,2210000000,,-207000000
87060,2023-03-31,3Q,3234000000,,-349000000
87060,2023-03-31,FY,4315000000,,-312000000
87060,2024-03-31,1Q,1831000000,,626000000
87060,2024-03-31,2Q,4012000000,,1548000000
87060,2024-03-31,3Q,5372000000,,1723000000
87060,2024-03-31,FY,7730000000,,2951000000
87060,2025-03-31,1Q,2641000000,,1247000000
87060,2025-03-31,2Q,4297000000,,1660000000
87060,2025-03-31,3Q,6518000000,,2523000000
87060,2025-03-31,FY,7989000000,,2691000000
87060,2026-03-31,1Q,1763000000,,479000000
87060,2026-03-31,2Q,4317000000,,1730000000
87060,2026-03-31,3Q,6613000000,,2742000000
87070,2021-03-31,FY,23395000000,,7182000000
87070,2022-03-31,1Q,5056000000,,1105000000
87070,2022-03-31,2Q,10290000000,,2535000000
87070,2022-03-31,3Q,15766000000,,4159000000
87070,2022-03-31,FY,20708000000,,5381000000
87070,2023-03-31,1Q,4624000000,,972000000
87070,2023-03-31,2Q,9669000000,,2285000000
87070,2023-03-31,3Q,14665000000,,3500000000
87070,2023-03-31,FY,19691000000,,4770000000
87070,2024-03-31,1Q,5711000000,,1685000000
87070,2024-03-31,2Q,11390000000,,3329000000
87070,2024-03-31,3Q,17313000000,,5212000000
87070,2024-03-31,FY,24040000000,,7600000000
87070,2025-03-31,1Q,6653000000,,2295000000
87070,2025-03-31,1Q,6653000000,,2295000000
87070,2025-03-31,2Q,12826000000,,4278000000
87070,2025-03-31,3Q,19684000000,,6799000000
87070,2025-03-31,3Q,19684000000,,6799000000
87070,2025-03-31,FY,25750000000,,8648000000
87070,2026-03-31,1Q,6758000000,,2409000000
87070,2026-03-31,1Q,6758000000,,2409000000
87070,2026-03-31,2Q,14458000000,,5478000000
87070,2026-03-31,3Q,22879000000,,8991000000
87070,2026-03-31,3Q,22879000000,,8991000000
87080,2021-03-31,FY,16433000000,,929000000
87080,2022-03-31,1Q,3657000000,,-195000000
87080,2022-03-31,2Q,8115000000,,-313000000
87080,2022-03-31,3Q,12515000000,,-204000000
87080,2022-03-31,FY,16050000000,,-533000000
87080,2023-03-31,1Q,2746000000,,-1028000000
87080,2023-03-31,2Q,5945000000,,-1902000000
87080,2023-03-31,3Q,9347000000,,-2206000000
87080,2023-03-31,FY,12751000000,,-2782000000
87080,2024-03-31,1Q,4588000000,,564000000
87080,2024-03-31,2Q,9277000000,,714000000
87080,2024-03-31,3Q,13473000000,,514000000
87080,2024-03-31,FY,18980000000,,1159000000
87080,2025-03-31,1Q,4953000000,,348000000
87080,2025-03-31,2Q,9533000000,,306000000
87080,2025-03-31,3Q,15215000000,,1315000000
87080,2025-03-31,FY,20588000000,,1886000000
87080,2026-03-31,1Q,4242000000,,-576000000
87080,2026-03-31,2Q,9937000000,,-226000000
87080,2026-03-31,3Q,15547000000,,93000000
87390,2021-03-31,FY,14295000000,,6349000000
87390,2022-03-31,1Q,3311000000,,1469000000
87390,2022-03-31,2Q,6783000000,,3081000000
87390,2022-03-31,3Q,10602000000,,4891000000
87390,2022-03-31,FY,14043000000,,6464000000
87390,2023-03-31,1Q,3362000000,,1502000000
87390,2023-03-31,2Q,6710000000,,2907000000
87390,2023-03-31,3Q,9980000000,,4222000000
87390,2023-03-31,FY,13360000000,,5704000000
87390,2024-03-31,1Q,3739000000,,1643000000
87390,2024-03-31,2Q,7930000000,,3531000000
87390,2024-03-31,3Q,11752000000,,5060000000
87390,2024-03-31,FY,16498000000,,7476000000
87390,2025-03-31,1Q,4254000000,,1746000000
87390,2025-03-31,2Q,8716000000,,3660000000
87390,2025-03-31,3Q,12944000000,,5326000000
87390,2025-03-31,FY,17961000000,,7717000000
87390,2026-03-31,1Q,3981000000,,1523000000
87390,2026-03-31,2Q,8641000000,,3678000000
87390,2026-03-31,3Q,13684000000,,6062000000
87460,2021-03-31,FY,829000000,,-1369000000
87470,2021-03-31,FY,5891000000,,605000000
87470,2022-03-31,1Q,1703000000,,344000000
87470,2022-03-31,2Q,3139000000,,550000000
87470,2022-03-31,3Q,4581000000,,767000000
87470,2022-03-31,FY,6715000000,,1369000000
87470,2023-03-31,1Q,1565000000,,242000000
87470,2023-03-31,2Q,3169000000,,542000000
87470,2023-03-31,3Q,5066000000,,1103000000
87470,2023-03-31,FY,6874000000,,1529000000
87470,2024-03-31,1Q,1614000000,,327000000
87470,2024-03-31,2Q,3288000000,,757000000
87470,2024-03-31,3Q,5359000000,,1497000000
87470,2024-03-31,FY,7402000000,,1994000000
87470,2025-03-31,1Q,2827000000,,1214000000
87470,2025-03-31,2Q,4557000000,,1604000000
87470,2025-03-31,3Q,5800000000,,1645000000
87470,2025-03-31,FY,7662000000,,2074000000
87470,2026-03-31,1Q,2182000000,,857000000
87470,2026-03-31,2Q,4643000000,,1928000000
87470,2026-03-31,3Q,9075000000,,4560000000
87720,2022-03-31,1Q,1333000000,,880000000
87720,2022-03-31,2Q,2770000000,,1908000000
87720,2022-03-31,3Q,4192000000,,2829000000
87720,2022-03-31,FY,5651000000,,3865000000
87720,2023-03-31,1Q,1484000000,,1031000000
87720,2023-03-31,2Q,3113000000,,2237000000
87830,2023-03-31,FY,2353000000,,-1927000000
88010,2021-03-31,FY,2007554000000,,203770000000
88010,2022-03-31,1Q,448703000000,,35120000000
88010,2022-03-31,2Q,996862000000,,100977000000
88010,2022-03-31,3Q,1466906000000,,154529000000
88010,2022-03-31,FY,2100870000000,,244978000000
88010,2023-03-31,1Q,576716000000,,77114000000
88010,2023-03-31,2Q,1057046000000,,131518000000
88010,2023-03-31,3Q,1626393000000,,213316000000
88010,2023-03-31,FY,2269103000000,,305405000000
88010,2024-03-31,1Q,561364000000,,80410000000
88010,2024-03-31,2Q,1165245000000,,179734000000
88010,2024-03-31,3Q,1699015000000,,245294000000
88010,2024-03-31,FY,2383289000000,,339690000000
88010,2025-03-31,1Q,630376000000,,101299000000
88010,2025-03-31,2Q,1162438000000,,169470000000
88010,2025-03-31,3Q,1676799000000,,220600000000
88010,2025-03-31,FY,2625363000000,,372732000000
88010,2026-03-31,1Q,802316000000,,160112000000
88010,2026-03-31,2Q,1353420000000,,218780000000
88010,2026-03-31,3Q,1981849000000,,302623000000
88020,2021-03-31,FY,1207594000000,,224394000000
88020,2022-03-31,1Q,307402000000,,62563000000
88020,2022-03-31,2Q,579023000000,,111658000000
88020,2022-03-31,3Q,904570000000,,172340000000
88020,2022-03-31,FY,1349489000000,,278977000000
88020,2023-03-31,1Q,305367000000,,83518000000
88020,2023-03-31,2Q,594565000000,,142078000000
88020,2023-03-31,3Q,906324000000,,200012000000
88020,2023-03-31,FY,1377827000000,,296702000000
88020,2024-03-31,1Q,292465000000,,48400000000
88020,2024-03-31,2Q,587933000000,,90314000000
88020,2024-03-31,3Q,926448000000,,146821000000
88020,2024-03-31,FY,1504687000000,,278627000000
88020,2025-03-31,1Q,328239000000,,51798000000
88020,2025-03-31,2Q,641065000000,,99878000000
88020,2025-03-31,3Q,1047919000000,,194478000000
88020,2025-03-31,FY,1579812000000,,309232000000
88020,2026-03-31,1Q,356954000000,,62405000000
88020,2026-03-31,2Q,743204000000,,107590000000
88020,2026-03-31,3Q,1210073000000,,227374000000
88040,2021-12-31,1Q,102692000000,,21076000000
88040,2021-12-31,2Q,162590000000,,30314000000
88040,2021-12-31,3Q,223176000000,,41632000000
88040,2021-12-31,FY,340477000000,,58784000000
88040,2022-12-31,1Q,121684000000,,25504000000
88040,2022-12-31,2Q,215066000000,,48227000000
88040,2022-12-31,3Q,268455000000,,55050000000
88040,2022-12-31,FY,349940000000,,64478000000
88040,2023-12-31,1Q,118393000000,,27289000000
88040,2023-12-31,2Q,179670000000,,36050000000
88040,2023-12-31,3Q,238199000000,,43078000000
88040,2023-12-31,FY,375946000000,,70508000000
88040,2024-12-31,1Q,116195000000,,19167000000
88040,2024-12-31,2Q,277616000000,,51236000000
88040,2024-12-31,3Q,359896000000,,61636000000
88040,2024-12-31,FY,463724000000,,79670000000
88040,2024-12-31,FY,463724000000,,79670000000
88040,2025-12-31,1Q,126665000000,,23706000000
88040,2025-12-31,2Q,208793000000,,34033000000
88040,2025-12-31,3Q,298833000000,,50601000000
88040,2025-12-31,FY,474586000000,,95763000000
88480,2024-03-31,FY,422671000000,,23313000000
88870,2023-05-31,FY,7444000000,,1083000000
88940,2024-10-31,FY,5566000000,,333000000
88980,2021-03-31,FY,3867000000,,943000000
88980,2022-03-31,1Q,937000000,,249000000
88980,2022-03-31,2Q,1858000000,,526000000
88980,2022-03-31,3Q,2804000000,,720000000
88980,2022-03-31,FY,3726000000,,867000000
88980,2023-03-31,1Q,932000000,,213000000
88980,2023-03-31,2Q,1842000000,,425000000
88980,2023-03-31,3Q,2793000000,,682000000
88980,2023-03-31,FY,3797000000,,875000000
88980,2024-03-31,1Q,942000000,,243000000
88980,2024-03-31,2Q,1877000000,,481000000
88980,2024-03-31,3Q,2870000000,,770000000
88980,2024-03-31,FY,3850000000,,936000000
88980,2025-03-31,1Q,1028000000,,309000000
88980,2025-03-31,2Q,2016000000,,627000000
88980,2025-03-31,3Q,3048000000,,905000000
88980,2025-03-31,FY,4045000000,,1071000000
88980,2026-03-31,1Q,1054000000,,272000000
88980,2026-03-31,2Q,2091000000,,534000000
88980,2026-03-31,3Q,3239000000,,876000000
89230,2021-11-30,1Q,25101000000,,4640000000
89230,2021-11-30,2Q,40932000000,,9232000000
89230,2021-11-30,3Q,52311000000,,10965000000
89230,2022-11-30,1Q,26315000000,,5685000000
89230,2022-11-30,2Q,43552000000,,9357000000
89230,2022-11-30,3Q,54933000000,,11155000000
89230,2023-11-30,1Q,31052000000,,6781000000
89230,2023-11-30,2Q,52861000000,,12516000000
89230,2023-11-30,3Q,66710000000,,14449000000
89230,2024-11-30,1Q,34868000000,,9585000000
89230,2024-11-30,2Q,57618000000,,14901000000
89230,2024-11-30,3Q,69419000000,,17055000000
89230,2025-11-30,1Q,46066000000,,12322000000
89230,2025-11-30,3Q,83961000000,,20798000000
89280,2025-06-30,FY,130973000000,,5690000000
89380,2020-03-31,FY,8288000000,,-606000000
89380,2023-03-31,FY,1798000000,,89000000
89440,2021-09-30,FY,4588000000,,767000000
89450,2022-06-30,FY,8696000000,,882000000
89510,2021-06-30,FY,46213000000,,22778000000
89510,2021-12-31,FY,50334000000,,23004000000
89510,2022-06-30,FY,52215000000,,26806000000
89510,2022-12-31,FY,47366000000,,21596000000
89510,2023-06-30,FY,47030000000,,20640000000
89510,2023-12-31,FY,47349000000,,20767000000
89510,2024-06-30,FY,50254000000,,24643000000
89510,2024-12-31,FY,50810000000,,24068000000
89510,2025-06-30,FY,51218000000,,25073000000
89510,2025-12-31,FY,48547000000,,21217000000
89520,2021-03-31,FY,34944000000,,16479000000
89520,2021-09-30,FY,36901000000,,18394000000
89520,2022-03-31,FY,36453000000,,17107000000
89520,2022-09-30,FY,37654000000,,18042000000
89520,2023-03-31,FY,37345000000,,17041000000
89520,2023-09-30,FY,38627000000,,18048000000
89520,2024-03-31,FY,41414000000,,20317000000
89520,2024-09-30,FY,42581000000,,20640000000
89520,2025-03-31,FY,42908000000,,20789000000
89520,2025-09-30,FY,41093000000,,19297000000
89530,2021-02-28,FY,30518000000,,13505000000
89530,2021-08-31,FY,40360000000,,15560000000
89530,2022-02-28,FY,40598000000,,18808000000
89530,2022-08-31,FY,41112000000,,17694000000
89530,2023-02-28,FY,41332000000,,17887000000
89530,2023-08-31,FY,41405000000,,18054000000
89530,2024-02-29,FY,40879000000,,18026000000
89530,2024-08-31,FY,40836000000,,17798000000
89530,2025-02-28,FY,46315000000,,22117000000
89530,2025-08-31,FY,49325000000,,24293000000
89540,2021-02-28,FY,23593000000,,10978000000
89540,2021-08-31,FY,23630000000,,10994000000
89540,2022-02-28,FY,23746000000,,10476000000
89540,2022-08-31,FY,26120000000,,12912000000
89540,2023-02-28,FY,25671000000,,12218000000
89540,2023-08-31,FY,25698000000,,8999000000
89540,2024-02-29,FY,28804000000,,12626000000
89540,2024-08-31,FY,26209000000,,12646000000
89540,2025-02-28,FY,25642000000,,12239000000
89540,2025-08-31,FY,28423000000,,14147000000
89550,2021-06-30,FY,17305000000,,8789000000
89550,2021-12-31,FY,18253000000,,8626000000
89550,2022-06-30,FY,18357000000,,9343000000
89550,2022-12-31,FY,18739000000,,9273000000
89550,2023-06-30,FY,18173000000,,8859000000
89550,2023-12-31,FY,17411000000,,8151000000
89550,2024-06-30,FY,17644000000,,8354000000
89550,2024-12-31,FY,19580000000,,9715000000
89550,2025-06-30,FY,20803000000,,11253000000
89550,2025-12-31,FY,20346000000,,10547000000
89560,2021-04-30,FY,11468000000,,5710000000
89560,2021-04-30,FY,11468839000,,5710101000
89560,2021-10-31,FY,10738000000,,4910000000
89560,2022-04-30,FY,12589000000,,6128000000
89560,2022-10-31,FY,10618000000,,4339000000
89560,2023-04-30,FY,12346000000,,5447000000
89560,2023-10-31,FY,12181000000,,5490000000
89560,2024-04-30,FY,11477000000,,4769000000
89560,2024-10-31,FY,12299000000,,4991000000
89560,2025-04-30,FY,13313000000,,5203000000
89560,2025-10-31,FY,13217000000,,4562000000
89570,2021-01-31,FY,8611000000,,4538000000
89570,2021-07-31,FY,8066000000,,3981000000
89570,2022-01-31,FY,11641000000,,7481000000
89570,2022-07-31,FY,8671000000,,4732000000
89570,2023-01-31,FY,11321000000,,7331000000
89570,2023-07-31,FY,8924000000,,4682000000
89570,2024-01-31,FY,8962000000,,4843000000
89570,2024-07-31,FY,9667000000,,5184000000
89570,2025-01-31,FY,9742000000,,5171000000
89570,2025-07-31,FY,9802000000,,5348000000
89580,2021-03-31,FY,5688000000,,2737000000
89580,2021-09-30,FY,5759000000,,2740000000
89580,2022-03-31,FY,5655000000,,2644000000
89580,2022-09-30,FY,5691000000,,2679000000
89580,2023-03-31,FY,6664000000,,3341000000
89580,2023-09-30,FY,7239000000,,3775000000
89580,2024-03-31,FY,7161000000,,3776000000
89580,2024-09-30,FY,6486000000,,3243000000
89580,2025-03-31,FY,7477000000,,4202000000
89580,2025-09-30,FY,8088000000,,5059000000
89600,2021-05-31,FY,24198000000,,10784000000
89600,2021-11-30,FY,22806000000,,8256000000
89600,2022-05-31,FY,24184000000,,10553000000
89600,2022-05-31,FY,24184121000,,10553599000
89600,2022-11-30,FY,24433000000,,10627000000
89600,2023-05-31,FY,25052000000,,10903000000
89600,2023-11-30,FY,25356000000,,11408000000
89600,2024-05-31,FY,25981000000,,12215000000
89600,2024-11-30,FY,28209000000,,13795000000
89600,2025-05-31,FY,27380000000,,13086000000
89600,2025-11-30,FY,28180000000,,13717000000
89610,2021-03-31,FY,8789000000,,5464000000
89610,2021-09-30,FY,9202000000,,5563000000
89610,2022-03-31,FY,8528000000,,5042000000
89610,2022-09-30,FY,6902000000,,3428000000
89610,2023-02-28,FY,7258000000,,4057000000
89610,2023-08-31,FY,11812000000,,7188000000
89610,2023-08-31,FY,11812000000,,7188000000
89610,2024-02-29,FY,12080000000,,7937000000
89610,2024-08-31,FY,11746000000,,7503000000
89610,2025-02-28,FY,11820000000,,7648000000
89610,2025-08-31,FY,11668000000,,7445000000
89630,2021-06-30,FY,3806000000,,-2341000000
89630,2021-12-31,FY,8406000000,,2292000000
89630,2022-06-30,FY,7680000000,,2114000000
89630,2022-12-31,FY,11929000000,,6257000000
89630,2023-06-30,FY,15914000000,,10356000000
89630,2023-12-31,FY,18819000000,,12588000000
89630,2024-06-30,FY,21136000000,,14635000000
89630,2024-12-31,FY,25555000000,,17751000000
89630,2025-06-30,FY,25107000000,,16935000000
89630,2025-12-31,FY,28591000000,,19309000000
89640,2021-06-30,FY,10755000000,,5742000000
89640,2021-12-31,FY,11401000000,,6255000000
89640,2022-06-30,FY,11523000000,,6300000000
89640,2022-06-30,FY,11523000000,,6300000000
89640,2022-12-31,FY,11432000000,,6343000000
89640,2023-06-30,FY,11530000000,,6416000000
89640,2023-12-31,FY,11032000000,,6010000000
89640,2024-06-30,FY,12162000000,,6785000000
89640,2024-12-31,FY,12288000000,,6879000000
89640,2025-06-30,FY,11728000000,,6295000000
89640,2025-12-31,FY,12094000000,,6390000000
89660,2021-05-31,FY,6730000000,,3309000000
89660,2021-11-30,FY,6876000000,,3361000000
89660,2022-05-31,FY,7322000000,,3609000000
89660,2022-11-30,FY,7836000000,,4018000000
89660,2023-05-31,FY,8049000000,,4015000000
89660,2023-11-30,FY,8656000000,,4495000000
89660,2024-05-31,FY,8735000000,,4483000000
89660,2024-11-30,FY,9045000000,,4694000000
89660,2025-05-31,FY,10154000000,,5556000000
89660,2025-11-30,FY,10704000000,,5985000000
89670,2021-01-31,FY,9120000000,,4514000000
89670,2021-07-31,FY,9154000000,,4302000000
89670,2022-01-31,FY,9269000000,,4820000000
89670,2022-07-31,FY,9613000000,,5090000000
89670,2023-01-31,FY,10156000000,,5324000000
89670,2023-07-31,FY,10139000000,,5238000000
89670,2024-01-31,FY,10147000000,,5301000000
89670,2024-07-31,FY,10714000000,,5754000000
89670,2025-01-31,FY,10738000000,,5844000000
89670,2025-07-31,FY,11651000000,,6541000000
89680,2021-02-28,FY,8904000000,,3061000000
89680,2021-08-31,FY,8867000000,,3204000000
89680,2022-02-28,FY,8658000000,,3185000000
89680,2022-08-31,FY,8830000000,,3181000000
89680,2023-02-28,FY,9037000000,,3223000000
89680,2023-08-31,FY,9284000000,,3372000000
89680,2024-02-29,FY,9326000000,,3462000000
89680,2024-08-31,FY,9652000000,,3664000000
89680,2025-02-28,FY,10400000000,,4408000000
89680,2025-08-31,FY,10792000000,,4526000000
89720,2021-04-30,FY,16301000000,,7990000000
89720,2021-10-31,FY,15028000000,,6857000000
89720,2022-04-30,FY,15891000000,,7427000000
89720,2022-10-31,FY,16266000000,,7379000000
89720,2023-04-30,FY,17290000000,,8157000000
89720,2023-10-31,FY,16655000000,,7494000000
89720,2024-04-30,FY,38654000000,,17346000000
89720,2024-10-31,FY,39405000000,,19466000000
89720,2025-04-30,FY,38847000000,,19458000000
89720,2025-10-31,FY,39877000000,,19753000000
89750,2021-04-30,FY,7725000000,,3923000000
89750,2021-10-31,FY,7843000000,,3962000000
89750,2022-04-30,FY,8675000000,,4436000000
89750,2022-10-31,FY,7800000000,,3775000000
89750,2023-04-30,FY,12380000000,,7189000000
89750,2023-10-31,FY,7914000000,,3914000000
89750,2024-04-30,FY,8068000000,,4094000000
89750,2024-10-31,FY,9223000000,,4991000000
89750,2025-04-30,FY,10235000000,,6094000000
89750,2025-10-31,FY,9271000000,,5070000000
89760,2021-05-31,FY,15054000000,,8137000000
89760,2021-11-30,FY,13882000000,,7351000000
89760,2022-05-31,FY,14474000000,,7923000000
89760,2022-11-30,FY,13891000000,,7062000000
89760,2023-05-31,FY,15050000000,,7665000000
89760,2023-11-30,FY,13646000000,,6747000000
89760,2024-05-31,FY,13570000000,,6871000000
89760,2024-11-30,FY,15215000000,,7973000000
89760,2025-05-31,FY,15208000000,,7921000000
89760,2025-11-30,FY,16056000000,,8593000000
89770,2021-05-31,FY,5685000000,,2418000000
89770,2021-11-30,FY,5706000000,,2315000000
89770,2022-05-31,FY,5697000000,,2398000000
89770,2022-11-30,FY,5679000000,,2428000000
89770,2023-05-31,FY,5823000000,,2445000000
89770,2023-11-30,FY,5899000000,,2456000000
89770,2024-05-31,FY,5933000000,,2448000000
89770,2024-11-30,FY,6222000000,,2574000000
89770,2025-05-31,FY,6417000000,,2829000000
89770,2025-11-30,FY,6504000000,,2766000000
89790,2021-04-30,FY,3160000000,,1362000000
89790,2021-10-31,FY,3177000000,,1370000000
89790,2022-04-30,FY,3224000000,,1413000000
89790,2022-10-31,FY,3349000000,,1519000000
89790,2023-04-30,FY,3676000000,,1682000000
89790,2023-10-31,FY,3532000000,,1500000000
89790,2024-04-30,FY,3756000000,,1707000000
89790,2024-10-31,FY,3768000000,,1707000000
89790,2025-04-30,FY,3827000000,,1719000000
89790,2025-10-31,FY,3642000000,,1577000000
89840,2021-02-28,FY,28097000000,,12571000000
89840,2021-08-31,FY,29571000000,,13116000000
89840,2022-02-28,FY,30264000000,,13409000000
89840,2022-08-31,FY,29368000000,,12661000000
89840,2023-02-28,FY,29489000000,,12740000000
89840,2023-08-31,FY,29920000000,,12914000000
89840,2024-02-29,FY,29643000000,,12138000000
89840,2024-08-31,FY,32253000000,,11923000000
89840,2025-02-28,FY,32412000000,,15022000000
89840,2025-08-31,FY,34308000000,,16966000000
89850,2021-12-31,2Q,4589000000,,-699000000
89850,2021-12-31,FY,13633000000,,2959000000
89850,2022-12-31,2Q,5431000000,,323000000
89850,2022-12-31,FY,14912000000,,4296000000
89850,2023-12-31,2Q,11288000000,,5759000000
89850,2023-12-31,FY,26574000000,,15014000000
89850,2024-12-31,2Q,14362000000,,8498000000
89850,2024-12-31,FY,33481000000,,20779000000
89850,2025-12-31,2Q,21481000000,,14457000000
89850,2025-12-31,FY,45564000000,,31052000000
89860,2021-03-31,FY,10487000000,,5101000000
89860,2021-09-30,FY,10811000000,,5090000000
89860,2022-03-31,FY,11263000000,,5324000000
89860,2022-09-30,FY,11436000000,,5341000000
89860,2023-03-31,FY,11898000000,,5571000000
89860,2023-09-30,FY,12769000000,,6236000000
89860,2024-03-31,FY,13284000000,,6599000000
89860,2024-09-30,FY,14155000000,,7092000000
89860,2025-03-31,FY,15191000000,,8208000000
89860,2025-09-30,FY,14662000000,,7774000000
89870,2021-06-30,FY,10567000000,,4590000000
89870,2021-12-31,FY,10666000000,,4485000000
89870,2022-06-30,FY,11065000000,,4711000000
89870,2022-12-31,FY,10699000000,,4132000000
89870,2023-06-30,FY,13823000000,,4477000000
89870,2023-12-31,FY,10857000000,,4665000000
89870,2024-06-30,FY,11460000000,,4835000000
89870,2024-12-31,FY,12752000000,,4483000000
89870,2025-06-30,FY,11447000000,,5231000000
89870,2025-12-31,FY,11672000000,,5157000000
90010,2021-03-31,FY,496326000000,,-13577000000
90010,2022-03-31,1Q,111931000000,,4985000000
90010,2022-03-31,2Q,233831000000,,6678000000
90010,2022-03-31,3Q,367733000000,,20250000000
90010,2022-03-31,FY,506023000000,,24732000000
90010,2023-03-31,1Q,139026000000,,14328000000
90010,2023-03-31,2Q,285422000000,,24097000000
90010,2023-03-31,3Q,447336000000,,45461000000
90010,2023-03-31,FY,614751000000,,56688000000
90010,2024-03-31,1Q,157375000000,,23658000000
90010,2024-03-31,2Q,308582000000,,39087000000
90010,2024-03-31,3Q,466718000000,,61406000000
90010,2024-03-31,FY,635964000000,,73883000000
90010,2025-03-31,1Q,149914000000,,21396000000
90010,2025-03-31,2Q,301996000000,,38478000000
90010,2025-03-31,3Q,458477000000,,60589000000
90010,2025-03-31,FY,631461000000,,74604000000
90010,2026-03-31,1Q,148613000000,,19003000000
90010,2026-03-31,2Q,310753000000,,35584000000
90010,2026-03-31,3Q,475920000000,,58203000000
90030,2021-03-31,FY,221136000000,,-3148000000
90030,2022-03-31,1Q,50529000000,,373000000
90030,2022-03-31,2Q,104334000000,,1006000000
90030,2022-03-31,3Q,159923000000,,3277000000
90030,2022-03-31,FY,216684000000,,3998000000
90030,2023-03-31,1Q,53936000000,,2574000000
90030,2023-03-31,2Q,115098000000,,4529000000
90030,2023-03-31,3Q,177888000000,,9952000000
90030,2023-03-31,FY,249667000000,,14348000000
90030,2024-03-31,1Q,61693000000,,6708000000
90030,2024-03-31,2Q,124350000000,,13081000000
90030,2024-03-31,3Q,191158000000,,21379000000
90030,2024-03-31,FY,270039000000,,28965000000
90030,2025-03-31,1Q,80998000000,,14362000000
90030,2025-03-31,2Q,148466000000,,21862000000
90030,2025-03-31,3Q,222588000000,,33051000000
90030,2025-03-31,3Q,222588000000,,33051000000
90030,2025-03-31,FY,292178000000,,37820000000
90030,2026-03-31,1Q,75082000000,,11105000000
90030,2026-03-31,2Q,144907000000,,18982000000
90030,2026-03-31,3Q,221840000000,,30421000000
90050,2021-03-31,FY,935927000000,,-31658000000
90050,2022-03-31,1Q,199175000000,,1129000000
90050,2022-03-31,2Q,443052000000,,24941000000
90050,2022-03-31,3Q,654491000000,,34884000000
90050,2022-03-31,FY,879112000000,,31544000000
90050,2023-03-31,1Q,209182000000,,8772000000
90050,2023-03-31,2Q,434693000000,,21823000000
90050,2023-03-31,3Q,670505000000,,36632000000
90050,2023-03-31,FY,931293000000,,44603000000
90050,2024-03-31,1Q,239259000000,,24518000000
90050,2024-03-31,2Q,483468000000,,45533000000
90050,2024-03-31,3Q,728901000000,,69261000000
90050,2024-03-31,FY,1037819000000,,94905000000
90050,2025-03-31,1Q,273080000000,,39594000000
90050,2025-03-31,2Q,525234000000,,65335000000
90050,2025-03-31,3Q,785730000000,,93603000000
90050,2025-03-31,FY,1054981000000,,103485000000
90050,2026-03-31,1Q,261358000000,,32306000000
90050,2026-03-31,2Q,518986000000,,58880000000
90050,2026-03-31,3Q,784614000000,,88220000000
90060,2021-03-31,FY,234964000000,,-18420000000
90060,2022-03-31,1Q,52713000000,,-2483000000
90060,2022-03-31,2Q,106185000000,,-2925000000
90060,2022-03-31,3Q,171613000000,,-196000000
90060,2022-03-31,FY,265237000000,,3510000000
90060,2023-03-31,1Q,59512000000,,1931000000
90060,2023-03-31,2Q,120395000000,,5480000000
90060,2023-03-31,3Q,186199000000,,9452000000
90060,2023-03-31,FY,253005000000,,10819000000
90060,2023-03-31,FY,280624000000,,28040000000
90060,2024-03-31,1Q,62041000000,,5505000000
90060,2024-03-31,2Q,128026000000,,13811000000
90060,2024-03-31,3Q,200537000000,,23352000000
90060,2025-03-31,1Q,72860000000,,8709000000
90060,2025-03-31,2Q,140957000000,,19000000000
90060,2025-03-31,3Q,211185000000,,27356000000
90060,2025-03-31,FY,293860000000,,35642000000
90060,2026-03-31,1Q,73118000000,,8532000000
90060,2026-03-31,2Q,142565000000,,18556000000
90060,2026-03-31,3Q,215558000000,,27143000000
90070,2021-03-31,FY,385978000000,,-24190000000
90070,2022-03-31,1Q,88355000000,,3120000000
90070,2022-03-31,2Q,174777000000,,2808000000
90070,2022-03-31,3Q,267732000000,,9137000000
90070,2022-03-31,FY,358753000000,,6152000000
90070,2023-03-31,1Q,91469000000,,7252000000
90070,2023-03-31,2Q,189984000000,,14512000000
90070,2023-03-31,3Q,295648000000,,23842000000
90070,2023-03-31,FY,395159000000,,26601000000
90070,2024-03-31,1Q,100527000000,,14620000000
90070,2024-03-31,2Q,196254000000,,26601000000
90070,2024-03-31,3Q,293633000000,,40423000000
90070,2024-03-31,FY,409837000000,,50766000000
90070,2025-03-31,1Q,109596000000,,16798000000
90070,2025-03-31,2Q,209744000000,,29037000000
90070,2025-03-31,3Q,312470000000,,44675000000
90070,2025-03-31,FY,422700000000,,51431000000
90070,2026-03-31,1Q,98264000000,,15279000000
90070,2026-03-31,2Q,198448000000,,28034000000
90070,2026-03-31,3Q,307872000000,,45186000000
90080,2021-03-31,FY,315439000000,,-20866000000
90080,2022-03-31,1Q,67963000000,,-1285000000
90080,2022-03-31,2Q,137866000000,,-1337000000
90080,2022-03-31,3Q,218374000000,,4158000000
90080,2022-03-31,FY,299872000000,,740000000
90080,2023-03-31,1Q,79719000000,,5140000000
90080,2023-03-31,2Q,158826000000,,9416000000
90080,2023-03-31,3Q,251888000000,,18838000000
90080,2023-03-31,FY,347133000000,,21479000000
90080,2024-03-31,1Q,88764000000,,11973000000
90080,2024-03-31,2Q,184058000000,,23908000000
90080,2024-03-31,3Q,294056000000,,39500000000
90080,2024-03-31,FY,408694000000,,43840000000
90080,2025-03-31,1Q,104720000000,,16892000000
90080,2025-03-31,2Q,214189000000,,31734000000
90080,2025-03-31,3Q,334874000000,,49578000000
90080,2025-03-31,FY,452916000000,,54148000000
90080,2026-03-31,1Q,113738000000,,16669000000
90080,2026-03-31,2Q,230688000000,,31485000000
90080,2026-03-31,3Q,360163000000,,48118000000
90090,2021-03-31,FY,207761000000,,-18056000000
90090,2022-03-31,1Q,51918000000,,-1444000000
90090,2022-03-31,2Q,104156000000,,-3727000000
90090,2022-03-31,3Q,160290000000,,-2192000000
90090,2022-03-31,FY,214157000000,,-5201000000
90090,2023-03-31,1Q,59756000000,,3203000000
90090,2023-03-31,2Q,119031000000,,4401000000
90090,2023-03-31,3Q,185718000000,,8480000000
90090,2023-03-31,FY,252338000000,,10228000000
90090,2024-03-31,1Q,72466000000,,7653000000
90090,2024-03-31,2Q,147949000000,,15250000000
90090,2024-03-31,3Q,222614000000,,23867000000
90090,2024-03-31,FY,296509000000,,25241000000
90090,2025-03-31,1Q,80297000000,,12584000000
90090,2025-03-31,2Q,158033000000,,22079000000
90090,2025-03-31,3Q,238187000000,,32882000000
90090,2025-03-31,FY,319314000000,,36008000000
90090,2026-03-31,1Q,83334000000,,10101000000
90090,2026-03-31,2Q,164628000000,,20802000000
90090,2026-03-31,3Q,247574000000,,31535000000
90100,2021-03-31,FY,30451000000,,-3098000000
90100,2022-03-31,1Q,7430000000,,-671000000
90100,2022-03-31,2Q,16948000000,,373000000
90100,2022-03-31,3Q,26812000000,,1076000000
90100,2022-03-31,FY,35083000000,,761000000
90100,2023-03-31,1Q,9098000000,,30000000
90100,2023-03-31,2Q,20610000000,,1944000000
90100,2023-03-31,3Q,31875000000,,3213000000
90100,2023-03-31,FY,42924000000,,4243000000
90100,2023-03-31,FY,42924000000,,4243000000
90100,2024-03-31,1Q,11278000000,,1293000000
90100,2024-03-31,2Q,25917000000,,4893000000
90100,2024-03-31,3Q,39027000000,,7203000000
90100,2024-03-31,FY,50701000000,,8151000000
90100,2025-03-31,1Q,12233000000,,1906000000
90100,2025-03-31,2Q,25811000000,,4139000000
90100,2025-03-31,3Q,39433000000,,6683000000
90100,2025-03-31,FY,52230000000,,8313000000
90100,2026-03-31,1Q,12341000000,,1676000000
90100,2026-03-31,2Q,26604000000,,4444000000
90100,2026-03-31,3Q,40711000000,,6991000000
90120,2021-03-31,FY,3933000000,,-639000000
90120,2022-03-31,1Q,1039000000,,-63000000
90120,2022-03-31,2Q,2100000000,,-153000000
90120,2022-03-31,3Q,3326000000,,-144000000
90120,2022-03-31,FY,4352000000,,-287000000
90120,2023-03-31,1Q,1152000000,,-90000000
90120,2023-03-31,2Q,2292000000,,-199000000
90120,2023-03-31,3Q,3574000000,,-194000000
90120,2023-03-31,FY,4688000000,,-361000000
90120,2024-03-31,1Q,1209000000,,-29000000
90120,2024-03-31,2Q,2417000000,,32000000
90120,2024-03-31,3Q,3808000000,,140000000
90120,2024-03-31,FY,4913000000,,16000000
90120,2025-03-31,1Q,1284000000,,106000000
90120,2025-03-31,2Q,2575000000,,82000000
90120,2025-03-31,3Q,3976000000,,251000000
90120,2025-03-31,FY,5276000000,,304000000
90120,2026-03-31,1Q,1322000000,,89000000
90120,2026-03-31,2Q,2828000000,,296000000
90120,2026-03-31,3Q,4186000000,,355000000
90170,2022-03-31,FY,14440000000,,-66000000
90170,2023-03-31,1Q,4230000000,,421000000
90200,2021-03-31,FY,1764584000000,,-520358000000
90200,2022-03-31,1Q,433398000000,,-55255000000
90200,2022-03-31,2Q,877840000000,,-115891000000
90200,2022-03-31,3Q,1482794000000,,-42535000000
90200,2022-03-31,FY,1978967000000,,-153938000000
90200,2023-03-31,1Q,557618000000,,40297000000
90200,2023-03-31,2Q,1115073000000,,66710000000
90200,2023-03-31,3Q,1727084000000,,112006000000
90200,2023-03-31,FY,2405538000000,,140628000000
90200,2024-03-31,1Q,629472000000,,80176000000
90200,2024-03-31,2Q,1299829000000,,191797000000
90200,2024-03-31,3Q,2001022000000,,298510000000
90200,2024-03-31,FY,2730118000000,,345161000000
90200,2025-03-31,1Q,686670000000,,120530000000
90200,2025-03-31,2Q,1395117000000,,235604000000
90200,2025-03-31,3Q,2126070000000,,352553000000
90200,2025-03-31,FY,2887553000000,,376786000000
90200,2026-03-31,1Q,715349000000,,114787000000
90200,2026-03-31,2Q,1463096000000,,231479000000
90200,2026-03-31,3Q,2240022000000,,349614000000
90210,2021-03-31,FY,898172000000,,-245544000000
90210,2022-03-31,1Q,201968000000,,-49387000000
90210,2022-03-31,1Q,201968000000,,-49387000000
90210,2022-03-31,2Q,436834000000,,-86100000000
90210,2022-03-31,3Q,729990000000,,-79464000000
90210,2022-03-31,FY,1031103000000,,-119091000000
90210,2023-03-31,1Q,297144000000,,19535000000
90210,2023-03-31,2Q,616705000000,,33854000000
90210,2023-03-31,3Q,974845000000,,69995000000
90210,2023-03-31,FY,1395531000000,,83970000000
90210,2024-03-31,1Q,369270000000,,52210000000
90210,2024-03-31,2Q,769902000000,,106292000000
90210,2024-03-31,3Q,1194322000000,,172446000000
90210,2024-03-31,FY,1635023000000,,179748000000
90210,2025-03-31,1Q,402780000000,,58228000000
90210,2025-03-31,2Q,811386000000,,104790000000
90210,2025-03-31,3Q,1245677000000,,175344000000
90210,2025-03-31,FY,1707944000000,,180161000000
90210,2026-03-31,1Q,427059000000,,63386000000
90210,2026-03-31,2Q,871829000000,,122929000000
90210,2026-03-31,3Q,1339470000000,,197135000000
90220,2021-03-31,FY,823517000000,,-184751000000
90220,2022-03-31,1Q,180628000000,,-25306000000
90220,2022-03-31,2Q,386949000000,,-34103000000
90220,2022-03-31,3Q,686389000000,,37173000000
90220,2022-03-31,FY,935139000000,,1708000000
90220,2023-03-31,1Q,309342000000,,83540000000
90220,2023-03-31,2Q,634139000000,,171926000000
90220,2023-03-31,3Q,1019151000000,,306369000000
90220,2023-03-31,FY,1400285000000,,374503000000
90220,2024-03-31,1Q,395091000000,,146518000000
90220,2024-03-31,2Q,817545000000,,312092000000
90220,2024-03-31,3Q,1273017000000,,502597000000
90220,2024-03-31,FY,1710407000000,,607381000000
90220,2025-03-31,1Q,435290000000,,184327000000
90220,2025-03-31,2Q,873865000000,,365209000000
90220,2025-03-31,3Q,1368037000000,,583929000000
90220,2025-03-31,FY,1831847000000,,702794000000
90220,2026-03-31,1Q,478283000000,,221225000000
90220,2026-03-31,2Q,982202000000,,454051000000
90220,2026-03-31,3Q,1514152000000,,696763000000
90230,2025-03-31,2Q,202369000000,,50060000000
90230,2025-03-31,3Q,306106000000,,77705000000
90230,2025-03-31,FY,407832000000,,86942000000
90230,2026-03-31,1Q,106101000000,,28898000000
90230,2026-03-31,2Q,210477000000,,50024000000
90230,2026-03-31,3Q,316805000000,,76545000000
90240,2021-03-31,FY,337061000000,,-51587000000
90240,2022-03-31,1Q,91763000000,,-5995000000
90240,2022-03-31,2Q,194908000000,,-3533000000
90240,2022-03-31,3Q,300282000000,,-4410000000
90240,2022-03-31,FY,396856000000,,-13216000000
90240,2023-03-31,1Q,103432000000,,7624000000
90240,2023-03-31,2Q,212595000000,,13415000000
90240,2023-03-31,3Q,320523000000,,20127000000
90240,2023-03-31,FY,428487000000,,22155000000
90240,2024-03-31,1Q,116212000000,,14653000000
90240,2024-03-31,2Q,238882000000,,31818000000
90240,2024-03-31,3Q,360476000000,,47601000000
90240,2024-03-31,FY,477598000000,,47711000000
90240,2025-03-31,1Q,125412000000,,19959000000
90240,2025-03-31,2Q,252269000000,,33789000000
90240,2025-03-31,3Q,381082000000,,50429000000
90240,2025-03-31,FY,901131000000,,292735000000
90240,2026-03-31,1Q,132399000000,,18437000000
90240,2026-03-31,2Q,259587000000,,31308000000
90240,2026-03-31,3Q,388218000000,,44898000000
90310,2021-03-31,FY,346121000000,,-9501000000
90310,2022-03-31,1Q,88978000000,,-941000000
90310,2022-03-31,2Q,187727000000,,374000000
90310,2022-03-31,3Q,301013000000,,6519000000
90310,2022-03-31,FY,427159000000,,10451000000
90310,2023-03-31,1Q,119950000000,,5471000000
90310,2023-03-31,2Q,253515000000,,11527000000
90310,2023-03-31,3Q,379115000000,,19699000000
90310,2023-03-31,FY,494643000000,,26150000000
90310,2024-03-31,1Q,96816000000,,5411000000
90310,2024-03-31,2Q,197156000000,,10777000000
90310,2024-03-31,3Q,303749000000,,18320000000
90310,2024-03-31,FY,411649000000,,25877000000
90310,2025-03-31,1Q,101634000000,,5919000000
90310,2025-03-31,2Q,208118000000,,12671000000
90310,2025-03-31,3Q,316734000000,,21451000000
90310,2025-03-31,FY,443495000000,,26655000000
90310,2026-03-31,1Q,103628000000,,4105000000
90310,2026-03-31,2Q,222258000000,,13056000000
90310,2026-03-31,3Q,343560000000,,22709000000
90330,2021-03-31,FY,25409000000,,-6057000000
90330,2022-03-31,1Q,8376000000,,-799000000
90330,2022-03-31,2Q,14039000000,,-2069000000
90330,2022-03-31,3Q,21475000000,,-2615000000
90330,2022-03-31,FY,27395000000,,-4523000000
90330,2023-03-31,1Q,6416000000,,-697000000
90330,2023-03-31,2Q,12965000000,,-1585000000
90330,2023-03-31,3Q,20058000000,,-2185000000
90330,2023-03-31,FY,27450000000,,-3212000000
90330,2024-03-31,1Q,6815000000,,-89000000
90330,2024-03-31,2Q,14174000000,,-167000000
90330,2024-03-31,3Q,21396000000,,-428000000
90330,2024-03-31,FY,30466000000,,-1088000000
90330,2025-03-31,1Q,8001000000,,-140000000
90330,2025-03-31,2Q,16373000000,,-588000000
90330,2025-03-31,3Q,24463000000,,-883000000
90330,2025-03-31,FY,33709000000,,-1419000000
90330,2026-03-31,1Q,7889000000,,-56000000
90330,2026-03-31,2Q,15885000000,,-475000000
90330,2026-03-31,3Q,24713000000,,-348000000
90340,2021-03-31,FY,13383000000,,1303000000
90340,2022-03-31,1Q,3738000000,,376000000
90340,2022-03-31,1Q,3666000000,,376000000
90340,2022-03-31,2Q,7402000000,,808000000
90340,2022-03-31,3Q,11006000000,,1160000000
90340,2022-03-31,FY,14299000000,,1480000000
90340,2023-03-31,1Q,3641000000,,487000000
90340,2023-03-31,2Q,7371000000,,928000000
90340,2023-03-31,3Q,10909000000,,1235000000
90340,2023-03-31,FY,14424000000,,1592000000
90340,2024-03-31,1Q,3904000000,,564000000
90340,2024-03-31,2Q,7958000000,,1098000000
90340,2024-03-31,3Q,11808000000,,1588000000
90340,2024-03-31,FY,15480000000,,1958000000
90340,2025-03-31,1Q,4041000000,,567000000
90340,2025-03-31,2Q,8292000000,,1188000000
90340,2025-03-31,3Q,12248000000,,1644000000
90340,2025-03-31,FY,16106000000,,2018000000
90340,2026-03-31,1Q,4109000000,,540000000
90340,2026-03-31,2Q,8503000000,,1171000000
90340,2026-03-31,3Q,12616000000,,1636000000
90370,2021-03-31,FY,118876000000,,10563000000
90370,2022-03-31,1Q,30611000000,,2914000000
90370,2022-03-31,2Q,61267000000,,5504000000
90370,2022-03-31,3Q,94496000000,,8818000000
90370,2022-03-31,FY,125094000000,,11114000000
90370,2023-03-31,1Q,32547000000,,2888000000
90370,2023-03-31,2Q,64962000000,,5628000000
90370,2023-03-31,3Q,99901000000,,9202000000
90370,2023-03-31,FY,131912000000,,11548000000
90370,2024-03-31,1Q,33092000000,,2946000000
90370,2024-03-31,2Q,67363000000,,5640000000
90370,2024-03-31,3Q,105058000000,,9578000000
90370,2024-03-31,3Q,105058000000,,9795000000
90370,2024-03-31,FY,140572000000,,12569000000
90370,2024-03-31,FY,140572000000,,12569000000
90370,2025-03-31,1Q,35744000000,,3278000000
90370,2025-03-31,2Q,72196000000,,6448000000
90370,2025-03-31,3Q,110978000000,,10615000000
90370,2025-03-31,FY,146668000000,,13213000000
90370,2026-03-31,1Q,37392000000,,3594000000
90370,2026-03-31,2Q,75424000000,,7160000000
90370,2026-03-31,3Q,116081000000,,11616000000
90410,2021-03-31,FY,697203000000,,-62115000000
90410,2022-03-31,1Q,124961000000,,-14579000000
90410,2022-03-31,2Q,291679000000,,-19045000000
90410,2022-03-31,3Q,508766000000,,3911000000
90410,2022-03-31,FY,691512000000,,3864000000
90410,2023-03-31,1Q,187192000000,,6317000000
90410,2023-03-31,2Q,623066000000,,13679000000
90410,2023-03-31,3Q,1117658000000,,46679000000
90410,2023-03-31,FY,1561002000000,,67144000000
90410,2024-03-31,1Q,399545000000,,22011000000
90410,2024-03-31,2Q,803623000000,,43060000000
90410,2024-03-31,3Q,1217397000000,,69196000000
90410,2024-03-31,FY,1629529000000,,87430000000
90410,2025-03-31,1Q,420161000000,,21774000000
90410,2025-03-31,2Q,853363000000,,39504000000
90410,2025-03-31,3Q,1303496000000,,67908000000
90410,2025-03-31,FY,1741787000000,,84399000000
90410,2026-03-31,1Q,427696000000,,21992000000
90410,2026-03-31,2Q,856315000000,,42167000000
90410,2026-03-31,3Q,1313883000000,,72333000000
90420,2021-03-31,FY,568900000000,,2066000000
90420,2022-03-31,1Q,151977000000,,4761000000
90420,2022-03-31,2Q,310835000000,,10104000000
90420,2022-03-31,3Q,517162000000,,27278000000
90420,2022-03-31,FY,746217000000,,39212000000
90420,2023-03-31,1Q,228993000000,,24425000000
90420,2023-03-31,2Q,467160000000,,48754000000
90420,2023-03-31,3Q,716444000000,,74510000000
90420,2023-03-31,FY,968300000000,,89350000000
90420,2024-03-31,1Q,245524000000,,33750000000
90420,2024-03-31,2Q,485644000000,,64320000000
90420,2024-03-31,3Q,736387000000,,90533000000
90420,2024-03-31,FY,997611000000,,105689000000
90420,2025-03-31,1Q,261933000000,,34058000000
90420,2025-03-31,2Q,534656000000,,66797000000
90420,2025-03-31,3Q,804380000000,,92661000000
90420,2025-03-31,FY,1106854000000,,110879000000
90420,2026-03-31,1Q,309759000000,,48104000000
90420,2026-03-31,2Q,598833000000,,84075000000
90420,2026-03-31,3Q,881504000000,,111243000000
90440,2021-03-31,FY,190813000000,,5552000000
90440,2022-03-31,1Q,43658000000,,1294000000
90440,2022-03-31,2Q,91614000000,,3797000000
90440,2022-03-31,3Q,148357000000,,9862000000
90440,2022-03-31,FY,201793000000,,12190000000
90440,2023-03-31,1Q,51842000000,,4797000000
90440,2023-03-31,2Q,108240000000,,9446000000
90440,2023-03-31,3Q,163788000000,,15888000000
90440,2023-03-31,FY,221280000000,,21023000000
90440,2024-03-31,1Q,54845000000,,6827000000
90440,2024-03-31,2Q,117672000000,,14237000000
90440,2024-03-31,3Q,184089000000,,26760000000
90440,2024-03-31,FY,241594000000,,30820000000
90440,2025-03-31,1Q,59722000000,,9876000000
90440,2025-03-31,2Q,123579000000,,18256000000
90440,2025-03-31,3Q,187114000000,,29206000000
90440,2025-03-31,FY,260787000000,,34655000000
90440,2026-03-31,1Q,62713000000,,11295000000
90440,2026-03-31,2Q,126516000000,,21683000000
90440,2026-03-31,3Q,195392000000,,34171000000
90450,2021-03-31,FY,253419000000,,-1265000000
90450,2022-03-31,1Q,58751000000,,1592000000
90450,2022-03-31,2Q,118564000000,,2793000000
90450,2022-03-31,3Q,179032000000,,8851000000
90450,2022-03-31,FY,258118000000,,13408000000
90450,2023-03-31,1Q,64039000000,,6252000000
90450,2023-03-31,2Q,123143000000,,10174000000
90450,2023-03-31,3Q,181323000000,,17474000000
90450,2023-03-31,FY,260070000000,,20491000000
90450,2024-03-31,1Q,65423000000,,9060000000
90450,2024-03-31,2Q,133867000000,,17172000000
90450,2024-03-31,3Q,205530000000,,28081000000
90450,2024-03-31,FY,302147000000,,33904000000
90450,2025-03-31,1Q,80952000000,,12713000000
90450,2025-03-31,2Q,158374000000,,22757000000
90450,2025-03-31,3Q,233997000000,,36561000000
90450,2025-03-31,FY,313546000000,,42071000000
90450,2026-03-31,1Q,72827000000,,12960000000
90450,2026-03-31,2Q,144365000000,,22119000000
90450,2026-03-31,3Q,225741000000,,36250000000
90460,2021-03-31,FY,20231000000,,698000000
90460,2022-03-31,1Q,4906000000,,360000000
90460,2022-03-31,2Q,9940000000,,627000000
90460,2022-03-31,3Q,15346000000,,1267000000
90460,2022-03-31,FY,20517000000,,1065000000
90460,2023-03-31,1Q,5258000000,,622000000
90460,2023-03-31,2Q,10337000000,,949000000
90460,2023-03-31,3Q,15907000000,,1558000000
90460,2023-03-31,FY,21321000000,,1391000000
90460,2024-03-31,1Q,5471000000,,675000000
90460,2024-03-31,2Q,10924000000,,1157000000
90460,2024-03-31,3Q,16492000000,,1802000000
90460,2024-03-31,FY,22313000000,,1859000000
90460,2024-03-31,FY,22313000000,,1859000000
90460,2025-03-31,1Q,5549000000,,825000000
90460,2025-03-31,2Q,10965000000,,1289000000
90460,2025-03-31,3Q,16569000000,,2020000000
90460,2025-03-31,FY,22131000000,,2006000000
90460,2026-03-31,1Q,5782000000,,973000000
90460,2026-03-31,2Q,11465000000,,1566000000
90460,2026-03-31,3Q,17385000000,,2401000000
90480,2021-03-31,FY,481645000000,,-16354000000
90480,2022-03-31,1Q,108447000000,,-1813000000
90480,2022-03-31,2Q,224284000000,,-2644000000
90480,2022-03-31,3Q,360147000000,,6667000000
90480,2022-03-31,FY,490919000000,,2932000000
90480,2023-03-31,1Q,125202000000,,4214000000
90480,2023-03-31,2Q,263125000000,,10180000000
90480,2023-03-31,3Q,406668000000,,20806000000
90480,2023-03-31,FY,551504000000,,22731000000
90480,2024-03-31,1Q,140977000000,,7760000000
90480,2024-03-31,2Q,283728000000,,15900000000
90480,2024-03-31,3Q,443483000000,,30120000000
90480,2024-03-31,FY,601121000000,,34750000000
90480,2025-03-31,1Q,166157000000,,11673000000
90480,2025-03-31,2Q,334518000000,,24168000000
90480,2025-03-31,3Q,507793000000,,38890000000
90480,2025-03-31,FY,690720000000,,42076000000
90480,2026-03-31,1Q,168501000000,,9275000000
90480,2026-03-31,2Q,335677000000,,17167000000
90480,2026-03-31,3Q,515995000000,,31574000000
90490,2021-03-31,FY,10448000000,,-338000000
90490,2022-03-31,1Q,2493000000,,-68000000
90490,2022-03-31,2Q,5435000000,,166000000
90490,2022-03-31,3Q,8707000000,,582000000
90490,2022-03-31,FY,11603000000,,500000000
90490,2023-03-31,1Q,3399000000,,459000000
90490,2023-03-31,2Q,6609000000,,805000000
90490,2023-03-31,3Q,10156000000,,1345000000
90490,2023-03-31,FY,13324000000,,1292000000
90490,2024-03-31,1Q,3313000000,,542000000
90490,2024-03-31,2Q,6783000000,,1127000000
90490,2024-03-31,3Q,10843000000,,1869000000
90490,2024-03-31,FY,14042000000,,1913000000
90490,2025-03-31,1Q,3657000000,,733000000
90490,2025-03-31,2Q,7298000000,,1441000000
90490,2025-03-31,3Q,11027000000,,2122000000
90490,2025-03-31,FY,14459000000,,2302000000
90490,2026-03-31,1Q,3766000000,,769000000
90490,2026-03-31,2Q,7651000000,,1528000000
90490,2026-03-31,3Q,11420000000,,2279000000
90510,2021-03-31,FY,16071000000,,692000000
90510,2022-03-31,1Q,4053000000,,207000000
90510,2022-03-31,2Q,8351000000,,429000000
90510,2022-03-31,3Q,12604000000,,647000000
90510,2022-03-31,FY,16727000000,,815000000
90510,2023-03-31,1Q,3732000000,,177000000
90510,2023-03-31,2Q,7873000000,,406000000
90510,2023-03-31,3Q,12138000000,,610000000
90510,2023-03-31,FY,16249000000,,739000000
90510,2024-03-31,1Q,3860000000,,125000000
90510,2024-03-31,2Q,8173000000,,301000000
90510,2024-03-31,3Q,12802000000,,470000000
90510,2024-03-31,FY,17543000000,,561000000
90510,2025-03-31,1Q,4356000000,,203000000
90510,2025-03-31,1Q,4356000000,,203000000
90510,2025-03-31,2Q,9261000000,,452000000
90510,2025-03-31,3Q,13930000000,,640000000
90510,2025-03-31,FY,18824000000,,813000000
90510,2026-03-31,1Q,4650000000,,161000000
90510,2026-03-31,2Q,9453000000,,331000000
90510,2026-03-31,3Q,14725000000,,512000000
90520,2021-03-31,FY,43490000000,,781000000
90520,2022-03-31,1Q,7900000000,,319000000
90520,2022-03-31,2Q,17136000000,,1170000000
90520,2022-03-31,3Q,25325000000,,1729000000
90520,2022-03-31,FY,34151000000,,1499000000
90520,2023-03-31,1Q,8604000000,,873000000
90520,2023-03-31,2Q,17266000000,,1495000000
90520,2023-03-31,3Q,27787000000,,2525000000
90520,2023-03-31,FY,38913000000,,3491000000
90520,2024-03-31,1Q,10880000000,,1781000000
90520,2024-03-31,2Q,20604000000,,2795000000
90520,2024-03-31,3Q,29627000000,,3888000000
90520,2024-03-31,FY,39220000000,,4326000000
90520,2025-03-31,1Q,9374000000,,1313000000
90520,2025-03-31,2Q,18680000000,,2192000000
90520,2025-03-31,3Q,28359000000,,3364000000
90520,2025-03-31,FY,38489000000,,4065000000
90520,2026-03-31,1Q,9514000000,,1335000000
90520,2026-03-31,2Q,19117000000,,2801000000
90520,2026-03-31,3Q,28638000000,,3848000000
90570,2021-03-31,FY,39540000000,,3138000000
90570,2022-03-31,1Q,10259000000,,834000000
90570,2022-03-31,2Q,20605000000,,1579000000
90570,2022-03-31,3Q,31976000000,,2444000000
90570,2022-03-31,FY,42751000000,,3216000000
90570,2023-03-31,1Q,10883000000,,811000000
90570,2023-03-31,2Q,22049000000,,1505000000
90570,2023-03-31,3Q,33913000000,,2402000000
90570,2023-03-31,FY,44813000000,,3178000000
90570,2024-03-31,1Q,11329000000,,671000000
90570,2024-03-31,2Q,23095000000,,1216000000
90570,2024-03-31,3Q,35518000000,,1914000000
90570,2024-03-31,FY,46940000000,,2615000000
90570,2025-03-31,1Q,11972000000,,768000000
90570,2025-03-31,2Q,24161000000,,1480000000
90570,2025-03-31,3Q,36876000000,,2512000000
90570,2025-03-31,FY,48631000000,,3239000000
90570,2026-03-31,1Q,12199000000,,785000000
90570,2026-03-31,2Q,24722000000,,1427000000
90570,2026-03-31,3Q,37986000000,,2373000000
90590,2021-03-31,FY,44035000000,,2364000000
90590,2022-03-31,1Q,11530000000,,756000000
90590,2022-03-31,2Q,23005000000,,1550000000
90590,2022-03-31,3Q,35451000000,,2379000000
90590,2022-03-31,FY,47645000000,,3028000000
90590,2023-03-31,1Q,12844000000,,709000000
90590,2023-03-31,2Q,25960000000,,1373000000
90590,2023-03-31,3Q,39184000000,,2133000000
90590,2023-03-31,FY,51621000000,,2730000000
90590,2024-03-31,1Q,12773000000,,856000000
90590,2024-03-31,2Q,25436000000,,1690000000
90590,2024-03-31,3Q,38586000000,,2715000000
90590,2024-03-31,FY,51123000000,,3432000000
90590,2025-03-31,1Q,13021000000,,938000000
90590,2025-03-31,2Q,26202000000,,1783000000
90590,2025-03-31,3Q,39541000000,,2741000000
90590,2025-03-31,FY,52009000000,,3436000000
90590,2026-03-31,1Q,13107000000,,958000000
90590,2026-03-31,2Q,26192000000,,1926000000
90590,2026-03-31,3Q,39631000000,,2999000000
90600,2021-03-31,FY,53963000000,,845000000
90600,2022-03-31,1Q,14174000000,,138000000
90600,2022-03-31,2Q,28316000000,,316000000
90600,2022-03-31,3Q,43144000000,,694000000
90600,2022-03-31,FY,58100000000,,1029000000
90600,2023-03-31,1Q,15126000000,,265000000
90600,2023-03-31,2Q,30532000000,,388000000
90600,2023-03-31,3Q,46860000000,,688000000
90600,2023-03-31,FY,62477000000,,1041000000
90600,2024-03-31,1Q,15617000000,,329000000
90600,2024-03-31,2Q,31234000000,,468000000
90600,2024-03-31,3Q,47450000000,,853000000
90600,2024-03-31,FY,62972000000,,1017000000
90600,2025-03-31,1Q,15818000000,,154000000
90600,2025-03-31,2Q,31989000000,,348000000
90600,2025-03-31,3Q,49055000000,,792000000
90600,2025-03-31,FY,66001000000,,1228000000
90600,2026-03-31,1Q,17179000000,,495000000
90600,2026-03-31,2Q,34831000000,,864000000
90600,2026-03-31,3Q,53487000000,,1342000000
90630,2021-03-31,FY,39499000000,,1323000000
90630,2022-03-31,1Q,9621000000,,260000000
90630,2022-03-31,2Q,19292000000,,593000000
90630,2022-03-31,3Q,29589000000,,989000000
90630,2022-03-31,FY,39277000000,,1205000000
90630,2023-03-31,1Q,9475000000,,355000000
90630,2023-03-31,2Q,19032000000,,597000000
90630,2023-03-31,3Q,29100000000,,1051000000
90630,2023-03-31,FY,38474000000,,1126000000
90630,2024-03-31,1Q,9294000000,,176000000
90630,2024-03-31,2Q,18678000000,,277000000
90630,2024-03-31,3Q,28605000000,,659000000
90630,2024-03-31,FY,37693000000,,640000000
90630,2025-03-31,1Q,9364000000,,206000000
90630,2025-03-31,2Q,18873000000,,395000000
90630,2025-03-31,3Q,29048000000,,794000000
90630,2025-03-31,FY,38346000000,,907000000
90630,2026-03-31,1Q,9575000000,,273000000
90630,2026-03-31,2Q,19204000000,,562000000
90630,2026-03-31,3Q,29301000000,,934000000
90640,2021-03-31,FY,1695867000000,,92121000000
90640,2022-03-31,1Q,419841000000,,12734000000
90640,2022-03-31,2Q,865470000000,,31690000000
90640,2022-03-31,3Q,1372386000000,,79172000000
90640,2022-03-31,FY,1793618000000,,77199000000
90640,2023-03-31,1Q,424159000000,,2416000000
90640,2023-03-31,2Q,883755000000,,18048000000
90640,2023-03-31,3Q,1395967000000,,66400000000
90640,2023-03-31,FY,1800668000000,,60085000000
90640,2024-03-31,1Q,420212000000,,1598000000
90640,2024-03-31,2Q,866582000000,,12358000000
90640,2024-03-31,3Q,1366827000000,,50362000000
90640,2024-03-31,FY,1758626000000,,40059000000
90640,2025-03-31,1Q,405632000000,,-14204000000
90640,2025-03-31,2Q,840413000000,,-15001000000
90640,2025-03-31,3Q,1344531000000,,26263000000
90640,2025-03-31,FY,1762696000000,,14206000000
90640,2026-03-31,1Q,437352000000,,-6494000000
90640,2026-03-31,2Q,906774000000,,-3782000000
90640,2026-03-31,3Q,1438756000000,,38585000000
90670,2021-03-31,FY,47270000000,,661000000
90670,2022-03-31,1Q,11399000000,,111000000
90670,2022-03-31,2Q,22766000000,,293000000
90670,2022-03-31,3Q,34909000000,,439000000
90670,2022-03-31,FY,46705000000,,665000000
90670,2023-03-31,1Q,11415000000,,-55000000
90670,2023-03-31,2Q,22906000000,,-18000000
90670,2023-03-31,3Q,34902000000,,190000000
90670,2023-03-31,FY,46586000000,,439000000
90670,2024-03-31,1Q,10989000000,,103000000
90670,2024-03-31,2Q,22171000000,,187000000
90670,2024-03-31,3Q,33850000000,,343000000
90670,2024-03-31,FY,44992000000,,509000000
90670,2025-03-31,1Q,11307000000,,243000000
90670,2025-03-31,2Q,22568000000,,496000000
90670,2025-03-31,3Q,34567000000,,964000000
90670,2025-03-31,FY,46145000000,,1266000000
90670,2026-03-31,1Q,11612000000,,382000000
90670,2026-03-31,2Q,23179000000,,680000000
90670,2026-03-31,3Q,35382000000,,1141000000
90680,2021-03-31,FY,121136000000,,9851000000
90680,2022-03-31,1Q,32540000000,,2432000000
90680,2022-03-31,2Q,65732000000,,5370000000
90680,2022-03-31,3Q,101328000000,,8754000000
90680,2022-03-31,FY,136850000000,,11820000000
90680,2023-03-31,1Q,34418000000,,3001000000
90680,2023-03-31,2Q,69953000000,,6266000000
90680,2023-03-31,3Q,106665000000,,9651000000
90680,2023-03-31,FY,140861000000,,12692000000
90680,2023-03-31,FY,140861000000,,12692000000
90680,2024-03-31,1Q,34205000000,,2979000000
90680,2024-03-31,2Q,68604000000,,6047000000
90680,2024-03-31,3Q,105105000000,,10019000000
90680,2024-03-31,FY,140194000000,,13204000000
90680,2025-03-31,1Q,35143000000,,3278000000
90680,2025-03-31,2Q,71237000000,,6881000000
90680,2025-03-31,3Q,108276000000,,10920000000
90680,2025-03-31,FY,144572000000,,14648000000
90680,2026-03-31,1Q,35847000000,,3620000000
90680,2026-03-31,2Q,72239000000,,7518000000
90680,2026-03-31,3Q,110836000000,,11628000000
90690,2021-03-31,FY,572405000000,,21520000000
90690,2021-03-31,FY,572405000000,,21520000000
90690,2022-03-31,1Q,148102000000,,6095000000
90690,2022-03-31,2Q,300762000000,,11705000000
90690,2022-03-31,3Q,465449000000,,20356000000
90690,2022-03-31,FY,623139000000,,24771000000
90690,2023-03-31,1Q,165345000000,,6973000000
90690,2023-03-31,2Q,334804000000,,13046000000
90690,2023-03-31,3Q,515298000000,,21786000000
90690,2023-03-31,FY,696288000000,,25535000000
90690,2024-03-31,1Q,188340000000,,7659000000
90690,2024-03-31,2Q,379678000000,,14771000000
90690,2024-03-31,3Q,582786000000,,25382000000
90690,2024-03-31,FY,778370000000,,29906000000
90690,2025-03-31,1Q,200819000000,,8598000000
90690,2025-03-31,2Q,414122000000,,16851000000
90690,2025-03-31,3Q,641867000000,,28936000000
90690,2025-03-31,FY,854550000000,,34946000000
90690,2026-03-31,1Q,217409000000,,8689000000
90690,2026-03-31,2Q,436893000000,,16199000000
90690,2026-03-31,3Q,673608000000,,28762000000
90750,2025-03-31,FY,302495000000,,7363000000
90810,2021-03-31,FY,90915000000,,-5940000000
90810,2025-03-31,FY,118149000000,,7388000000
90870,2021-03-31,FY,7520000000,,183000000
90870,2022-03-31,1Q,2046000000,,52000000
90870,2022-03-31,2Q,4216000000,,127000000
90870,2022-03-31,3Q,6453000000,,231000000
90870,2022-03-31,FY,8654000000,,277000000
90870,2023-03-31,1Q,2283000000,,98000000
90870,2023-03-31,2Q,4585000000,,150000000
90870,2023-03-31,3Q,6897000000,,229000000
90870,2023-03-31,FY,8904000000,,295000000
90870,2024-03-31,1Q,1954000000,,27000000
90870,2024-03-31,2Q,3976000000,,65000000
90870,2024-03-31,3Q,6117000000,,124000000
90870,2024-03-31,FY,8190000000,,171000000
90870,2025-03-31,1Q,1955000000,,11000000
90870,2025-03-31,2Q,4156000000,,37000000
90870,2025-03-31,2Q,4156000000,,37000000
90870,2025-03-31,3Q,6196000000,,73000000
90870,2025-03-31,FY,8345000000,,79000000
90870,2026-03-31,1Q,1987000000,,16000000
90870,2026-03-31,2Q,4150000000,,87000000
90870,2026-03-31,3Q,6321000000,,162000000
90900,2021-03-31,FY,112113000000,,8019000000
91070,2023-03-31,FY,942606000000,,78857000000
91270,2021-03-31,FY,4723000000,,-12000000
91270,2022-03-31,1Q,1662000000,,370000000
91270,2022-03-31,2Q,3108000000,,760000000
91270,2022-03-31,3Q,4937000000,,1189000000
91270,2022-03-31,FY,6734000000,,1542000000
91270,2023-03-31,1Q,2158000000,,510000000
91270,2023-03-31,2Q,4561000000,,1165000000
91270,2023-03-31,3Q,6333000000,,1428000000
91270,2023-03-31,FY,7307000000,,1316000000
91270,2024-03-31,1Q,1864000000,,280000000
91270,2024-03-31,2Q,3429000000,,343000000
91270,2024-03-31,3Q,5034000000,,687000000
91270,2024-03-31,FY,6219000000,,870000000
91270,2025-03-31,1Q,1430000000,,242000000
91270,2025-03-31,2Q,2780000000,,445000000
91270,2025-03-31,3Q,4366000000,,724000000
91270,2025-03-31,FY,5389000000,,888000000
91270,2026-03-31,1Q,1004000000,,-121000000
91270,2026-03-31,2Q,2473000000,,54000000
91270,2026-03-31,3Q,3830000000,,355000000
91300,2021-03-31,FY,11670000000,,782000000
91300,2022-03-31,1Q,3075000000,,239000000
91300,2022-03-31,2Q,5837000000,,206000000
91300,2022-03-31,3Q,8990000000,,367000000
91300,2022-03-31,FY,12141000000,,420000000
91300,2023-03-31,1Q,3310000000,,71000000
91300,2023-03-31,2Q,7071000000,,437000000
91300,2023-03-31,3Q,10986000000,,693000000
91300,2023-03-31,FY,14270000000,,682000000
91300,2024-03-31,1Q,3515000000,,-171000000
91300,2024-03-31,1Q,3515000000,,-171000000
91300,2024-03-31,2Q,6975000000,,-338000000
91300,2024-03-31,3Q,10736000000,,-68000000
91300,2024-03-31,FY,14178000000,,-124000000
91300,2025-03-31,1Q,3591000000,,182000000
91300,2025-03-31,2Q,7534000000,,932000000
91300,2025-03-31,3Q,10967000000,,913000000
91300,2025-03-31,FY,15160000000,,1372000000
91300,2026-03-31,1Q,3856000000,,537000000
91300,2026-03-31,2Q,7586000000,,683000000
91300,2026-03-31,3Q,11422000000,,824000000
91420,2021-03-31,FY,293914000000,,-22873000000
91420,2022-03-31,1Q,72097000000,,-1333000000
91420,2022-03-31,2Q,141621000000,,-4072000000
91420,2022-03-31,3Q,222712000000,,2784000000
91420,2022-03-31,FY,329527000000,,3944000000
91420,2023-03-31,1Q,90476000000,,7883000000
91420,2023-03-31,2Q,170195000000,,11183000000
91420,2023-03-31,3Q,261280000000,,22512000000
91420,2023-03-31,FY,383242000000,,34323000000
91420,2024-03-31,1Q,97920000000,,13488000000
91420,2024-03-31,2Q,190732000000,,26816000000
91420,2024-03-31,3Q,292914000000,,43158000000
91420,2024-03-31,FY,420402000000,,47094000000
91420,2025-03-31,1Q,104141000000,,14703000000
91420,2025-03-31,2Q,208412000000,,29535000000
91420,2025-03-31,3Q,321903000000,,49673000000
91420,2025-03-31,FY,454393000000,,58976000000
91420,2026-03-31,1Q,117517000000,,19960000000
91420,2026-03-31,2Q,237616000000,,40887000000
91420,2026-03-31,3Q,360019000000,,62731000000
91430,2021-03-31,FY,1312085000000,,101726000000
91430,2022-03-31,1Q,347543000000,,28912000000
91430,2022-03-31,2Q,726054000000,,58856000000
91430,2022-03-31,3Q,1166640000000,,114828000000
91430,2022-03-31,FY,1588375000000,,155713000000
91430,2023-03-31,1Q,386938000000,,33280000000
91430,2023-03-31,2Q,751312000000,,64144000000
91430,2023-03-31,3Q,1115567000000,,106588000000
91430,2023-03-31,FY,1434609000000,,135275000000
91430,2024-03-31,1Q,318511000000,,18832000000
91430,2024-03-31,2Q,643378000000,,38666000000
91430,2024-03-31,3Q,995231000000,,71674000000
91430,2024-03-31,FY,1316940000000,,89204000000
91430,2025-03-31,1Q,334527000000,,19504000000
91430,2025-03-31,2Q,708029000000,,39127000000
91430,2025-03-31,3Q,1118829000000,,76655000000
91430,2025-03-31,FY,1479239000000,,87847000000
91430,2026-03-31,1Q,367404000000,,17454000000
91430,2026-03-31,2Q,782582000000,,38546000000
91430,2026-03-31,3Q,1230022000000,,72535000000
91450,2021-12-31,1Q,4523000000,,198000000
91450,2021-12-31,2Q,9492000000,,507000000
91450,2021-12-31,3Q,14629000000,,854000000
91450,2021-12-31,FY,20029000000,,1117000000
91450,2022-12-31,1Q,5156000000,,201000000
91450,2022-12-31,2Q,10774000000,,433000000
91450,2022-12-31,3Q,16845000000,,801000000
91450,2022-12-31,FY,23022000000,,1301000000
91450,2023-12-31,1Q,5804000000,,285000000
91450,2023-12-31,2Q,12307000000,,752000000
91450,2023-12-31,3Q,19085000000,,1243000000
91450,2023-12-31,FY,26322000000,,1796000000
91450,2024-12-31,1Q,6933000000,,332000000
91450,2024-12-31,2Q,14446000000,,918000000
91450,2024-12-31,3Q,22178000000,,1488000000
91450,2024-12-31,FY,30190000000,,2243000000
91450,2025-12-31,1Q,7551000000,,545000000
91450,2025-12-31,2Q,15820000000,,1169000000
91450,2025-12-31,3Q,24565000000,,1740000000
91450,2025-12-31,FY,33515000000,,2304000000
91730,2025-12-31,FY,14288000000,,523000000
92010,2021-03-31,FY,481225000000,,-390414000000
92010,2022-03-31,1Q,133032000000,,-76845000000
92010,2022-03-31,2Q,290647000000,,-141703000000
92010,2022-03-31,3Q,498480000000,,-173545000000
92010,2022-03-31,FY,682713000000,,-234767000000
92010,2023-03-31,1Q,268896000000,,-30186000000
92010,2023-03-31,2Q,618522000000,,-3958000000
92010,2023-03-31,3Q,1005590000000,,33942000000
92010,2023-03-31,FY,1375589000000,,65059000000
92010,2024-03-31,1Q,381440000000,,30855000000
92010,2024-03-31,2Q,820938000000,,88387000000
92010,2024-03-31,3Q,1249365000000,,125952000000
92010,2024-03-31,FY,1651890000000,,140932000000
92010,2025-03-31,1Q,424065000000,,19608000000
92010,2025-03-31,2Q,901817000000,,85904000000
92010,2025-03-31,3Q,1385940000000,,142774000000
92010,2025-03-31,FY,1844095000000,,168605000000
92010,2026-03-31,1Q,471083000000,,43317000000
92010,2026-03-31,2Q,983920000000,,106411000000
92010,2026-03-31,3Q,1513758000000,,174323000000
92040,2023-03-31,3Q,62577000000,,3234000000
92040,2023-03-31,3Q,62577000000,,3401000000
92040,2023-03-31,FY,5488000000,,3453000000
92040,2024-03-31,1Q,22156000000,,-1436000000
92040,2024-03-31,2Q,2949000000,,3180000000
92040,2024-03-31,3Q,78210000000,,5289000000
92040,2024-03-31,FY,6029000000,,4668000000
92040,2025-03-31,1Q,23542000000,,-2182000000
92040,2025-03-31,2Q,3432000000,,2324000000
92040,2025-03-31,3Q,81736000000,,1695000000
92040,2026-03-31,1Q,23579000000,,-1630000000
92040,2026-03-31,2Q,54883000000,,1213000000
92040,2026-03-31,3Q,82893000000,,458000000
92060,2021-03-31,FY,18295000000,,-11239000000
92060,2022-03-31,1Q,4227000000,,-1916000000
92060,2022-03-31,2Q,9148000000,,-3661000000
92060,2022-03-31,3Q,15387000000,,-4194000000
92060,2022-03-31,FY,21131000000,,-6465000000
92060,2023-03-31,1Q,6789000000,,-1713000000
92060,2023-03-31,2Q,14743000000,,-2736000000
92060,2023-03-31,3Q,23396000000,,-1424000000
92060,2023-03-31,FY,32275000000,,-1317000000
92060,2024-03-31,1Q,8841000000,,-2151000000
92060,2024-03-31,2Q,19005000000,,-1709000000
92060,2024-03-31,3Q,29613000000,,-254000000
92060,2024-03-31,FY,40019000000,,90000000
92060,2025-03-31,1Q,10068000000,,-854000000
92060,2025-03-31,2Q,20873000000,,312000000
92060,2025-03-31,3Q,32056000000,,1422000000
92060,2025-03-31,FY,42900000000,,1230000000
92060,2026-03-31,1Q,10391000000,,-40000000
92060,2026-03-31,2Q,21451000000,,-107000000
92060,2026-03-31,3Q,33174000000,,419000000
92060,2026-03-31,3Q,33174000000,,419000000
92180,2024-12-31,FY,5134000000,,109000000
92370,2023-10-31,FY,814000000,,114000000
92370,2024-10-31,1Q,263000000,,10000000
92370,2024-10-31,2Q,576000000,,65000000
92370,2024-10-31,3Q,879000000,,95000000
92370,2024-10-31,FY,1301000000,,216000000
92370,2025-10-31,1Q,410000000,,-1000000
92370,2025-10-31,2Q,855000000,,29000000
92370,2025-10-31,3Q,1296000000,,18000000
92370,2025-10-31,FY,1872000000,,114000000
92500,2024-11-30,FY,3288000000,,44000000
92520,2025-08-31,FY,15510000000,,1150000000
92570,2023-12-31,1Q,3721000000,,248000000
92570,2023-12-31,2Q,8585000000,,720000000
92570,2023-12-31,3Q,13558000000,,1091000000
92570,2023-12-31,FY,17271000000,,1293000000
92570,2024-12-31,1Q,4526000000,,282000000
92570,2024-12-31,2Q,9897000000,,634000000
92570,2024-12-31,3Q,13452000000,,802000000
92570,2024-12-31,FY,13648000000,,56000000
92570,2025-12-31,1Q,3454000000,,177000000
92570,2025-12-31,2Q,6873000000,,416000000
92570,2025-12-31,3Q,10780000000,,709000000
92570,2025-12-31,FY,16552000000,,1243000000
92590,2022-09-30,FY,6438000000,,964000000
92670,2020-06-20,FY,123603000000,,4341000000
92670,2021-06-20,2Q,69117000000,,3230000000
92720,2024-03-31,FY,4414000000,,916000000
92740,2022-03-31,FY,563414000000,,9379000000
93010,2021-03-31,FY,213729000000,,11735000000
93010,2022-03-31,1Q,56917000000,,3037000000
93010,2022-03-31,2Q,117632000000,,7778000000
93010,2022-03-31,3Q,184542000000,,13015000000
93010,2022-03-31,FY,257230000000,,18144000000
93010,2023-03-31,1Q,76187000000,,6118000000
93010,2023-03-31,2Q,154266000000,,11728000000
93010,2023-03-31,3Q,231987000000,,18115000000
93010,2023-03-31,FY,300594000000,,23027000000
93010,2023-03-31,FY,254507000000,,18941000000
93010,2024-03-31,1Q,63215000000,,4898000000
93010,2024-03-31,2Q,125760000000,,9920000000
93010,2024-03-31,3Q,192452000000,,15780000000
93010,2025-03-31,1Q,65877000000,,4069000000
93010,2025-03-31,2Q,134890000000,,8995000000
93010,2025-03-31,3Q,214245000000,,16159000000
93010,2025-03-31,FY,284069000000,,20310000000
93010,2026-03-31,1Q,68562000000,,3962000000
93010,2026-03-31,2Q,136116000000,,7541000000
93010,2026-03-31,3Q,205089000000,,12096000000
93020,2021-03-31,FY,253559000000,,17661000000
93020,2022-03-31,1Q,68327000000,,5565000000
93020,2022-03-31,2Q,140044000000,,11636000000
93020,2022-03-31,3Q,216769000000,,18137000000
93020,2022-03-31,FY,301022000000,,25939000000
93020,2023-03-31,1Q,78584000000,,6783000000
93020,2023-03-31,2Q,157252000000,,13673000000
93020,2023-03-31,3Q,234317000000,,21338000000
93020,2023-03-31,FY,300836000000,,25961000000
93020,2024-03-31,1Q,65988000000,,6158000000
93020,2024-03-31,2Q,131862000000,,11843000000
93020,2024-03-31,3Q,197464000000,,16895000000
93020,2024-03-31,FY,260593000000,,20754000000
93020,2025-03-31,1Q,65620000000,,3828000000
93020,2025-03-31,1Q,65620000000,,3828000000
93020,2025-03-31,2Q,138672000000,,9459000000
93020,2025-03-31,3Q,212004000000,,14925000000
93020,2025-03-31,FY,280742000000,,17831000000
93020,2026-03-31,1Q,73624000000,,6385000000
93020,2026-03-31,2Q,147009000000,,11628000000
93020,2026-03-31,3Q,225839000000,,17967000000
93030,2021-03-31,FY,192024000000,,10963000000
93030,2022-03-31,1Q,51100000000,,4140000000
93030,2022-03-31,2Q,105789000000,,9540000000
93030,2022-03-31,3Q,166883000000,,18110000000
93030,2022-03-31,FY,231461000000,,27748000000
93030,2023-03-31,1Q,69314000000,,13408000000
93030,2023-03-31,2Q,123520000000,,17655000000
93030,2023-03-31,3Q,177863000000,,22286000000
93030,2023-03-31,FY,223948000000,,26090000000
93030,2024-03-31,1Q,46678000000,,3342000000
93030,2024-03-31,2Q,93532000000,,6541000000
93030,2024-03-31,3Q,140734000000,,10283000000
93030,2024-03-31,FY,184661000000,,13187000000
93030,2025-03-31,1Q,46396000000,,3194000000
93030,2025-03-31,2Q,95286000000,,6368000000
93030,2025-03-31,3Q,143753000000,,10124000000
93030,2025-03-31,FY,193398000000,,13275000000
93030,2026-03-31,1Q,47875000000,,2739000000
93030,2026-03-31,2Q,96690000000,,5424000000
93030,2026-03-31,3Q,146780000000,,8565000000
93040,2021-03-31,FY,65328000000,,3627000000
93040,2022-03-31,1Q,17405000000,,1097000000
93040,2022-03-31,2Q,35250000000,,2289000000
93040,2022-03-31,3Q,53680000000,,3508000000
93040,2022-03-31,FY,71746000000,,4516000000
93040,2023-03-31,1Q,18648000000,,1070000000
93040,2023-03-31,2Q,39357000000,,2454000000
93040,2023-03-31,3Q,60205000000,,3878000000
93040,2023-03-31,FY,78504000000,,4894000000
93040,2024-03-31,1Q,18381000000,,952000000
93040,2024-03-31,2Q,37094000000,,2148000000
93040,2024-03-31,3Q,55961000000,,3406000000
93040,2024-03-31,FY,73417000000,,4271000000
93040,2025-03-31,1Q,19470000000,,1263000000
93040,2025-03-31,2Q,39589000000,,2678000000
93040,2025-03-31,3Q,59712000000,,3779000000
93040,2025-03-31,FY,78620000000,,4668000000
93040,2026-03-31,1Q,20022000000,,1011000000
93040,2026-03-31,2Q,40045000000,,2178000000
93040,2026-03-31,3Q,60340000000,,3152000000
93050,2021-03-31,FY,48690000000,,3302000000
93050,2022-03-31,1Q,11559000000,,682000000
93050,2022-03-31,2Q,23271000000,,1348000000
93050,2022-03-31,3Q,34985000000,,2256000000
93050,2022-03-31,FY,46765000000,,3002000000
93050,2023-03-31,1Q,12501000000,,861000000
93050,2023-03-31,2Q,25440000000,,1900000000
93050,2023-03-31,3Q,38115000000,,2778000000
93050,2023-03-31,FY,51090000000,,3588000000
93050,2024-03-31,1Q,13804000000,,933000000
93050,2024-03-31,2Q,27663000000,,1831000000
93050,2024-03-31,3Q,46014000000,,2698000000
93050,2024-03-31,FY,64512000000,,3489000000
93050,2025-03-31,1Q,18660000000,,500000000
93050,2025-03-31,2Q,38273000000,,1489000000
93050,2025-03-31,3Q,60118000000,,2805000000
93050,2025-03-31,FY,80922000000,,3780000000
93050,2026-03-31,1Q,22131000000,,2015000000
93050,2026-03-31,2Q,43176000000,,3736000000
93050,2026-03-31,3Q,66018000000,,4956000000
93060,2021-03-31,FY,27660000000,,1057000000
93060,2022-03-31,1Q,6990000000,,358000000
93060,2022-03-31,2Q,14015000000,,680000000
93060,2022-03-31,3Q,21433000000,,1097000000
93060,2022-03-31,FY,28366000000,,1364000000
93060,2023-03-31,1Q,7109000000,,370000000
93060,2023-03-31,2Q,14119000000,,656000000
93060,2023-03-31,3Q,21294000000,,1001000000
93060,2023-03-31,FY,28168000000,,1258000000
93060,2024-03-31,1Q,6882000000,,385000000
93060,2024-03-31,2Q,13917000000,,664000000
93060,2024-03-31,3Q,21113000000,,982000000
93060,2024-03-31,FY,27875000000,,1129000000
93060,2025-03-31,1Q,7137000000,,264000000
93060,2025-03-31,2Q,14449000000,,593000000
93060,2025-03-31,3Q,22077000000,,1013000000
93060,2025-03-31,FY,29186000000,,1241000000
93060,2026-03-31,1Q,7364000000,,355000000
93060,2026-03-31,2Q,14935000000,,665000000
93060,2026-03-31,3Q,22677000000,,1040000000
93070,2021-03-31,FY,10204000000,,1263000000
93070,2022-03-31,1Q,2445000000,,302000000
93070,2022-03-31,2Q,4952000000,,538000000
93070,2022-03-31,3Q,7448000000,,828000000
93070,2022-03-31,FY,10191000000,,1175000000
93070,2023-03-31,1Q,2578000000,,231000000
93070,2023-03-31,2Q,5249000000,,537000000
93070,2023-03-31,3Q,7837000000,,762000000
93070,2023-03-31,FY,10553000000,,1052000000
93070,2024-03-31,1Q,2683000000,,299000000
93070,2024-03-31,2Q,5392000000,,614000000
93070,2024-03-31,3Q,8063000000,,909000000
93070,2024-03-31,FY,10850000000,,1292000000
93070,2025-03-31,1Q,2733000000,,314000000
93070,2025-03-31,2Q,5594000000,,682000000
93070,2025-03-31,3Q,8355000000,,990000000
93070,2025-03-31,FY,11235000000,,1366000000
93070,2026-03-31,1Q,2720000000,,304000000
93070,2026-03-31,2Q,5547000000,,657000000
93070,2026-03-31,3Q,8404000000,,1036000000
93190,2021-03-31,FY,25927000000,,1732000000
93190,2022-03-31,1Q,5903000000,,524000000
93190,2022-03-31,2Q,11782000000,,1018000000
93190,2022-03-31,3Q,17831000000,,1492000000
93190,2022-03-31,FY,23931000000,,1866000000
93190,2022-03-31,FY,23931000000,,1866000000
93190,2023-03-31,1Q,6353000000,,615000000
93190,2023-03-31,2Q,12841000000,,1176000000
93190,2023-03-31,3Q,19382000000,,1680000000
93190,2023-03-31,FY,25869000000,,2108000000
93190,2024-03-31,1Q,6794000000,,611000000
93190,2024-03-31,2Q,13438000000,,1003000000
93190,2024-03-31,3Q,20044000000,,1475000000
93190,2024-03-31,FY,26512000000,,1934000000
93190,2024-03-31,FY,26512000000,,1934000000
93190,2025-03-31,1Q,6938000000,,658000000
93190,2025-03-31,2Q,13909000000,,1208000000
93190,2025-03-31,3Q,20983000000,,1810000000
93190,2025-03-31,FY,27840000000,,2189000000
93190,2026-03-31,1Q,7062000000,,627000000
93190,2026-03-31,2Q,14136000000,,1126000000
93190,2026-03-31,3Q,21052000000,,1606000000
93220,2021-03-31,FY,22439000000,,467000000
93220,2022-03-31,1Q,5559000000,,242000000
93220,2022-03-31,2Q,11152000000,,464000000
93220,2022-03-31,3Q,17320000000,,730000000
93220,2022-03-31,FY,23618000000,,784000000
93220,2023-03-31,1Q,7090000000,,433000000
93220,2023-03-31,2Q,13932000000,,712000000
93220,2023-03-31,3Q,20771000000,,1068000000
93220,2023-03-31,FY,27107000000,,893000000
93220,2024-03-31,1Q,6350000000,,371000000
93220,2024-03-31,2Q,12612000000,,715000000
93220,2024-03-31,3Q,19042000000,,1073000000
93220,2024-03-31,FY,24993000000,,1159000000
93220,2025-03-31,1Q,6301000000,,293000000
93220,2025-03-31,2Q,12731000000,,543000000
93220,2025-03-31,3Q,19384000000,,875000000
93220,2025-03-31,FY,25542000000,,1027000000
93220,2026-03-31,1Q,6598000000,,285000000
93220,2026-03-31,2Q,13147000000,,590000000
93220,2026-03-31,3Q,19757000000,,823000000
93240,2021-03-31,FY,47709000000,,3288000000
93240,2022-03-31,1Q,12579000000,,710000000
93240,2022-03-31,2Q,25144000000,,1392000000
93240,2022-03-31,3Q,38410000000,,2199000000
93240,2022-03-31,FY,53040000000,,2910000000
93240,2023-03-31,1Q,14384000000,,491000000
93240,2023-03-31,2Q,29589000000,,1229000000
93240,2023-03-31,3Q,45365000000,,2153000000
93240,2023-03-31,FY,59756000000,,2534000000
93240,2024-03-31,1Q,16366000000,,524000000
93240,2024-03-31,2Q,32896000000,,1141000000
93240,2024-03-31,3Q,50261000000,,2101000000
93240,2024-03-31,FY,67384000000,,2642000000
93240,2025-03-31,1Q,17648000000,,569000000
93240,2025-03-31,2Q,36162000000,,1434000000
93240,2025-03-31,3Q,55213000000,,2567000000
93240,2025-03-31,FY,75115000000,,3515000000
93240,2026-03-31,1Q,20457000000,,981000000
93240,2026-03-31,2Q,40196000000,,2007000000
93240,2026-03-31,3Q,60364000000,,3398000000
93240,2026-03-31,3Q,60364000000,,3398000000
93270,2022-03-31,FY,12208000000,,-195000000
93510,2021-03-31,FY,34159000000,,1134000000
93510,2022-03-31,1Q,8944000000,,553000000
93510,2022-03-31,2Q,17631000000,,905000000
93510,2022-03-31,3Q,26966000000,,1300000000
93510,2022-03-31,FY,36123000000,,1479000000
93510,2023-03-31,1Q,10015000000,,583000000
93510,2023-03-31,2Q,19821000000,,1002000000
93510,2023-03-31,3Q,29375000000,,1424000000
93510,2023-03-31,FY,38086000000,,1537000000
93510,2024-03-31,1Q,9092000000,,405000000
93510,2024-03-31,2Q,17808000000,,686000000
93510,2024-03-31,3Q,26295000000,,893000000
93510,2024-03-31,FY,34697000000,,978000000
93510,2025-03-31,1Q,8996000000,,410000000
93510,2025-03-31,2Q,17537000000,,494000000
93510,2025-03-31,3Q,26399000000,,747000000
93510,2025-03-31,FY,35100000000,,1155000000
93510,2026-03-31,1Q,9417000000,,452000000
93510,2026-03-31,2Q,18572000000,,781000000
93510,2026-03-31,3Q,29103000000,,1293000000
93630,2021-03-31,FY,7473000000,,100000000
93630,2022-03-31,1Q,2054000000,,101000000
93630,2022-03-31,2Q,4269000000,,213000000
93630,2022-03-31,3Q,6698000000,,291000000
93630,2022-03-31,FY,8765000000,,325000000
93630,2023-03-31,1Q,2228000000,,55000000
93630,2023-03-31,2Q,4696000000,,93000000
93630,2023-03-31,3Q,7022000000,,173000000
93630,2023-03-31,FY,8930000000,,163000000
93630,2024-03-31,1Q,1938000000,,62000000
93630,2024-03-31,2Q,4028000000,,113000000
93630,2024-03-31,3Q,6121000000,,147000000
93630,2024-03-31,FY,8091000000,,194000000
93630,2025-03-31,1Q,2080000000,,88000000
93630,2025-03-31,2Q,4313000000,,151000000
93630,2025-03-31,3Q,6618000000,,227000000
93630,2025-03-31,FY,8672000000,,243000000
93630,2026-03-31,1Q,2188000000,,99000000
93630,2026-03-31,2Q,4474000000,,194000000
93630,2026-03-31,3Q,6955000000,,293000000
93640,2021-03-31,FY,268290000000,,24449000000
93640,2022-03-31,1Q,64418000000,,7754000000
93640,2022-03-31,2Q,128968000000,,14342000000
93640,2022-03-31,3Q,195904000000,,21524000000
93640,2022-03-31,FY,261681000000,,28524000000
93640,2023-03-31,1Q,70886000000,,8640000000
93640,2023-03-31,2Q,139558000000,,16242000000
93640,2023-03-31,3Q,208469000000,,24206000000
93640,2023-03-31,FY,274139000000,,31580000000
93640,2024-03-31,1Q,67255000000,,7913000000
93640,2024-03-31,2Q,134502000000,,15433000000
93640,2024-03-31,3Q,202719000000,,23609000000
93640,2024-03-31,FY,266785000000,,30592000000
93640,2025-03-31,1Q,68096000000,,8587000000
93640,2025-03-31,2Q,137656000000,,16875000000
93640,2025-03-31,3Q,209974000000,,25551000000
93640,2025-03-31,FY,279182000000,,33095000000
93640,2026-03-31,1Q,72697000000,,9621000000
93640,2026-03-31,2Q,146516000000,,19292000000
93640,2026-03-31,3Q,222463000000,,28791000000
93650,2021-03-31,FY,14937000000,,61000000
93650,2022-03-31,1Q,4195000000,,61000000
93650,2022-03-31,2Q,8508000000,,172000000
93650,2022-03-31,3Q,13660000000,,300000000
93650,2022-03-31,FY,18390000000,,298000000
93650,2022-03-31,FY,18390000000,,298000000
93650,2023-03-31,1Q,4923000000,,28000000
93650,2023-03-31,2Q,10371000000,,220000000
93650,2023-03-31,3Q,15702000000,,424000000
93650,2023-03-31,FY,19855000000,,443000000
93650,2024-03-31,1Q,3824000000,,24000000
93650,2024-03-31,2Q,7631000000,,85000000
93650,2024-03-31,3Q,11432000000,,165000000
93650,2024-03-31,FY,15007000000,,199000000
93650,2025-03-31,1Q,3807000000,,32000000
93650,2025-03-31,2Q,8181000000,,108000000
93650,2025-03-31,3Q,12641000000,,235000000
93650,2025-03-31,FY,16646000000,,253000000
93650,2026-03-31,1Q,4067000000,,58000000
93650,2026-03-31,2Q,8223000000,,151000000
93650,2026-03-31,3Q,12528000000,,239000000
93670,2021-03-31,FY,22247000000,,782000000
93670,2022-03-31,1Q,4094000000,,262000000
93670,2022-03-31,2Q,8305000000,,553000000
93670,2022-03-31,3Q,12720000000,,922000000
93670,2022-03-31,FY,16604000000,,1073000000
93670,2023-03-31,1Q,4346000000,,315000000
93670,2023-03-31,2Q,8718000000,,589000000
93670,2023-03-31,3Q,13160000000,,898000000
93670,2023-03-31,FY,17130000000,,1038000000
93670,2024-03-31,1Q,4219000000,,223000000
93670,2024-03-31,2Q,8224000000,,393000000
93670,2024-03-31,2Q,8224000000,,393000000
93670,2024-03-31,3Q,12345000000,,589000000
93670,2024-03-31,FY,16051000000,,641000000
93670,2025-03-31,1Q,4250000000,,178000000
93670,2025-03-31,2Q,8411000000,,372000000
93670,2025-03-31,3Q,12880000000,,648000000
93670,2025-03-31,FY,16761000000,,660000000
93670,2026-03-31,1Q,4485000000,,252000000
93670,2026-03-31,2Q,9036000000,,543000000
93670,2026-03-31,3Q,13788000000,,875000000
93680,2023-03-31,2Q,28317000000,,1354000000
93690,2021-11-30,1Q,42669000000,,322000000
93690,2021-11-30,2Q,86721000000,,1579000000
93690,2021-11-30,3Q,131431000000,,2824000000
93690,2021-11-30,FY,175967000000,,3638000000
93690,2022-11-30,1Q,43247000000,,621000000
93690,2022-11-30,2Q,88113000000,,1860000000
93690,2022-11-30,3Q,133759000000,,2978000000
93690,2022-11-30,FY,179649000000,,3695000000
93690,2023-11-30,1Q,44377000000,,654000000
93690,2023-11-30,2Q,90201000000,,1848000000
93690,2023-11-30,3Q,137361000000,,3037000000
93690,2023-11-30,FY,184617000000,,4030000000
93690,2024-11-30,1Q,46453000000,,1191000000
93690,2024-11-30,2Q,95351000000,,3239000000
93690,2024-11-30,3Q,145215000000,,4930000000
93690,2024-11-30,FY,195192000000,,5562000000
93690,2025-11-30,1Q,48527000000,,1223000000
93690,2025-11-30,2Q,99660000000,,3071000000
93690,2025-11-30,3Q,150695000000,,4451000000
93690,2025-11-30,FY,202602000000,,5644000000
93760,2021-09-30,2Q,126000000,,-258000000
93760,2021-09-30,3Q,177000000,,-379000000
93760,2021-09-30,FY,224000000,,-505000000
93760,2022-09-30,1Q,123000000,,-102000000
93760,2022-09-30,2Q,183000000,,-212000000
93760,2022-09-30,3Q,320000000,,-304000000
93760,2022-09-30,FY,502000000,,-401000000
93760,2023-09-30,1Q,409000000,,-90000000
93760,2023-09-30,2Q,958000000,,-140000000
93760,2023-09-30,3Q,1900000000,,-138000000
93760,2023-09-30,FY,2945000000,,-120000000
93760,2024-09-30,1Q,883000000,,-24000000
93760,2024-09-30,2Q,2072000000,,5000000
93760,2024-09-30,3Q,3256000000,,30000000
93760,2024-09-30,FY,4598000000,,106000000
93760,2025-09-30,1Q,974000000,,-31000000
93760,2025-09-30,2Q,2249000000,,24000000
93760,2025-09-30,3Q,3429000000,,52000000
93760,2025-09-30,FY,4787000000,,115000000
93760,2026-09-30,1Q,1138000000,,4000000
93800,2021-03-31,FY,39001000000,,700000000
93800,2022-03-31,1Q,9355000000,,145000000
93800,2022-03-31,2Q,18878000000,,291000000
93800,2022-03-31,3Q,29060000000,,467000000
93800,2022-03-31,FY,39613000000,,684000000
93800,2023-03-31,1Q,10638000000,,207000000
93800,2023-03-31,2Q,21151000000,,385000000
93800,2023-03-31,3Q,31653000000,,624000000
93800,2023-03-31,FY,41467000000,,666000000
93800,2024-03-31,1Q,9983000000,,37000000
93800,2024-03-31,2Q,19923000000,,82000000
93800,2024-03-31,3Q,30315000000,,232000000
93800,2024-03-31,FY,39746000000,,288000000
93800,2025-03-31,1Q,9832000000,,101000000
93800,2025-03-31,2Q,19688000000,,283000000
93800,2025-03-31,3Q,29836000000,,572000000
93800,2025-03-31,FY,39399000000,,688000000
93800,2026-03-31,1Q,9737000000,,1000000
93800,2026-03-31,2Q,19662000000,,213000000
93800,2026-03-31,3Q,29861000000,,559000000
94120,2021-03-31,FY,139572000000,,19151000000
94120,2022-03-31,1Q,29078000000,,5493000000
94120,2022-03-31,2Q,58389000000,,10853000000
94120,2022-03-31,3Q,88436000000,,16256000000
94120,2022-03-31,FY,119632000000,,18862000000
94120,2023-03-31,1Q,28806000000,,5551000000
94120,2023-03-31,2Q,57996000000,,11147000000
94120,2023-03-31,3Q,88594000000,,16714000000
94120,2023-03-31,FY,121139000000,,22324000000
94120,2024-03-31,1Q,30009000000,,6919000000
94120,2024-03-31,2Q,60498000000,,13401000000
94120,2024-03-31,3Q,91022000000,,20541000000
94120,2024-03-31,FY,121872000000,,26545000000
94120,2025-03-31,1Q,30490000000,,7433000000
94120,2025-03-31,2Q,61016000000,,13876000000
94120,2025-03-31,3Q,91860000000,,21285000000
94120,2025-03-31,FY,123721000000,,27488000000
94120,2026-03-31,1Q,29825000000,,8009000000
94120,2026-03-31,2Q,60871000000,,17210000000
94120,2026-03-31,3Q,93332000000,,26520000000
94320,2021-03-31,FY,11943966000000,,1671391000000
94320,2022-03-31,1Q,2892570000000,,486274000000
94320,2022-03-31,2Q,5887647000000,,1009276000000
94320,2022-03-31,3Q,8923226000000,,1539668000000
94320,2022-03-31,FY,12156447000000,,1768593000000
94320,2023-03-31,1Q,3068871000000,,503352000000
94320,2023-03-31,2Q,6286177000000,,996539000000
94320,2023-03-31,3Q,9572594000000,,1520829000000
94320,2023-03-31,FY,13136194000000,,1828986000000
94320,2023-03-31,FY,13136194000000,,1828986000000
94320,2024-03-31,1Q,3111073000000,,474650000000
94320,2024-03-31,2Q,6364570000000,,950946000000
94320,2024-03-31,3Q,9716856000000,,1486187000000
94320,2024-03-31,FY,13374569000000,,1922910000000
94320,2025-03-31,1Q,3240023000000,,435817000000
94320,2025-03-31,2Q,6590625000000,,920255000000
94320,2025-03-31,3Q,10049724000000,,1399233000000
94320,2025-03-31,FY,13704727000000,,1649571000000
94320,2026-03-31,1Q,3262039000000,,405193000000
94320,2026-03-31,2Q,6772713000000,,945029000000
94320,2026-03-31,3Q,10421038000000,,1457145000000
94360,2021-03-31,FY,74191000000,,14450000000
94360,2022-03-31,1Q,17893000000,,4631000000
94360,2022-03-31,2Q,35951000000,,9421000000
94360,2022-03-31,3Q,54923000000,,13642000000
94360,2022-03-31,FY,73426000000,,15222000000
94360,2023-03-31,1Q,18533000000,,4594000000
94360,2023-03-31,2Q,38163000000,,8785000000
94360,2023-03-31,3Q,57851000000,,13038000000
94360,2023-03-31,FY,77299000000,,15932000000
94360,2024-03-31,1Q,18500000000,,4522000000
94360,2024-03-31,1Q,18500000000,,4522000000
94360,2024-03-31,2Q,38043000000,,9285000000
94360,2024-03-31,3Q,58436000000,,13672000000
94360,2024-03-31,FY,77990000000,,17014000000
94360,2025-03-31,1Q,19812000000,,4370000000
94360,2025-03-31,1Q,19812000000,,4370000000
94360,2025-03-31,2Q,41148000000,,8900000000
94360,2025-03-31,3Q,62409000000,,13732000000
94360,2025-03-31,3Q,62409000000,,13732000000
94360,2025-03-31,FY,84314000000,,17761000000
94360,2026-03-31,1Q,20613000000,,4644000000
94360,2026-03-31,1Q,20613000000,,4644000000
94360,2026-03-31,2Q,42068000000,,9350000000
94360,2026-03-31,3Q,64360000000,,14350000000
94390,2025-06-30,2Q,959000000,,15000000
94450,2024-03-31,FY,23115000000,,1023000000
94450,2025-03-31,FY,25684000000,,1142000000
95010,2021-03-31,FY,5866824000000,,143460000000
95010,2022-03-31,1Q,980074000000,,-11350000000
95010,2022-03-31,2Q,2210745000000,,97020000000
95010,2022-03-31,3Q,3503540000000,,88084000000
95010,2022-03-31,FY,5309924000000,,46230000000
95010,2023-03-31,1Q,1476485000000,,-44267000000
95010,2023-03-31,2Q,3505302000000,,-156099000000
95010,2023-03-31,3Q,5512614000000,,-273620000000
95010,2023-03-31,FY,7798696000000,,-228969000000
95010,2024-03-31,1Q,1615156000000,,151137000000
95010,2024-03-31,2Q,3513710000000,,354715000000
95010,2024-03-31,3Q,5105058000000,,382534000000
95010,2024-03-31,FY,6918389000000,,278856000000
95010,2025-03-31,1Q,1492524000000,,62855000000
95010,2025-03-31,1Q,1492524000000,,62855000000
95010,2025-03-31,2Q,3354957000000,,199012000000
95010,2025-03-31,3Q,4963319000000,,311065000000
95010,2025-03-31,3Q,4963319000000,,311065000000
95010,2025-03-31,FY,6810391000000,,234452000000
95010,2026-03-31,1Q,1425123000000,,64699000000
95010,2026-03-31,1Q,1425123000000,,64699000000
95010,2026-03-31,2Q,3150274000000,,217054000000
95010,2026-03-31,3Q,4612176000000,,258406000000
95010,2026-03-31,3Q,4612176000000,,258406000000
95020,2021-03-31,FY,2935409000000,,145694000000
95020,2022-03-31,1Q,524934000000,,22302000000
95020,2022-03-31,2Q,1160474000000,,54065000000
95020,2022-03-31,3Q,1826894000000,,-1800000000
95020,2022-03-31,FY,2705162000000,,-53830000000
95020,2023-03-31,1Q,765963000000,,41486000000
95020,2023-03-31,2Q,1779233000000,,61261000000
95020,2023-03-31,3Q,2814044000000,,48268000000
95020,2023-03-31,FY,3986681000000,,107089000000
95020,2024-03-31,1Q,897604000000,,157186000000
95020,2024-03-31,2Q,1841544000000,,245658000000
95020,2024-03-31,3Q,2697143000000,,289611000000
95020,2024-03-31,FY,3610414000000,,343339000000
95020,2025-03-31,1Q,820592000000,,85867000000
95020,2025-03-31,1Q,820592000000,,85867000000
95020,2025-03-31,2Q,1766482000000,,142754000000
95020,2025-03-31,3Q,2651636000000,,184120000000
95020,2025-03-31,3Q,2651636000000,,184120000000
95020,2025-03-31,FY,3669234000000,,242045000000
95020,2026-03-31,1Q,800312000000,,67932000000
95020,2026-03-31,1Q,800312000000,,67932000000
95020,2026-03-31,2Q,1747832000000,,145544000000
95020,2026-03-31,3Q,2566360000000,,168565000000
95020,2026-03-31,3Q,2566360000000,,168565000000
95030,2021-03-31,FY,3092398000000,,145746000000
95030,2022-03-31,1Q,568844000000,,21645000000
95030,2022-03-31,2Q,1258894000000,,111131000000
95030,2022-03-31,3Q,1949771000000,,88331000000
95030,2022-03-31,FY,2851894000000,,99325000000
95030,2023-03-31,1Q,767567000000,,-43201000000
95030,2023-03-31,2Q,1784207000000,,-151916000000
95030,2023-03-31,3Q,2773136000000,,-219325000000
95030,2023-03-31,FY,3951884000000,,-52056000000
95030,2024-03-31,1Q,966593000000,,256367000000
95030,2024-03-31,2Q,2073046000000,,488226000000
95030,2024-03-31,3Q,2998064000000,,612692000000
95030,2024-03-31,FY,4059378000000,,728935000000
95030,2025-03-31,1Q,984149000000,,148773000000
95030,2025-03-31,2Q,2136504000000,,297233000000
95030,2025-03-31,3Q,3152621000000,,399843000000
95030,2025-03-31,FY,4337111000000,,468877000000
95030,2025-03-31,FY,4337111000000,,468877000000
95030,2026-03-31,1Q,917791000000,,128949000000
95030,2026-03-31,2Q,2008118000000,,276552000000
95030,2026-03-31,3Q,2949122000000,,387777000000
95040,2021-03-31,FY,1307498000000,,34283000000
95040,2022-03-31,1Q,220103000000,,-4953000000
95040,2022-03-31,2Q,485483000000,,2720000000
95040,2022-03-31,3Q,763072000000,,-26998000000
95040,2022-03-31,FY,1136646000000,,-60744000000
95040,2023-03-31,1Q,314753000000,,-29193000000
95040,2023-03-31,2Q,749774000000,,-73170000000
95040,2023-03-31,3Q,1179887000000,,-106936000000
95040,2023-03-31,FY,1694602000000,,-68892000000
95040,2024-03-31,1Q,401078000000,,88245000000
95040,2024-03-31,2Q,841547000000,,165064000000
95040,2024-03-31,3Q,1204828000000,,175865000000
95040,2024-03-31,FY,1628785000000,,206777000000
95040,2025-03-31,1Q,330344000000,,34865000000
95040,2025-03-31,1Q,330344000000,,34865000000
95040,2025-03-31,2Q,741906000000,,69889000000
95040,2025-03-31,3Q,1096411000000,,89953000000
95040,2025-03-31,3Q,1096411000000,,89953000000
95040,2025-03-31,FY,1529218000000,,129148000000
95040,2026-03-31,1Q,329562000000,,39586000000
95040,2026-03-31,1Q,329562000000,,39586000000
95040,2026-03-31,2Q,726264000000,,90930000000
95040,2026-03-31,3Q,1056019000000,,99343000000
95040,2026-03-31,3Q,1056019000000,,99343000000
95050,2021-03-31,FY,639445000000,,17828000000
95050,2022-03-31,1Q,122321000000,,6454000000
95050,2022-03-31,2Q,271636000000,,11492000000
95050,2022-03-31,3Q,420802000000,,-3929000000
95050,2022-03-31,FY,613756000000,,-16390000000
95050,2023-03-31,1Q,163560000000,,-12213000000
95050,2023-03-31,2Q,374932000000,,-37182000000
95050,2023-03-31,3Q,580184000000,,-67250000000
95050,2023-03-31,FY,817601000000,,-73791000000
95050,2024-03-31,1Q,192987000000,,41859000000
95050,2024-03-31,2Q,407921000000,,75012000000
95050,2024-03-31,3Q,593704000000,,90509000000
95050,2024-03-31,FY,808238000000,,114911000000
95050,2025-03-31,1Q,187636000000,,35994000000
95050,2025-03-31,2Q,420312000000,,62340000000
95050,2025-03-31,3Q,626757000000,,78460000000
95050,2025-03-31,FY,858275000000,,101034000000
95050,2026-03-31,1Q,186079000000,,36272000000
95050,2026-03-31,2Q,403179000000,,66546000000
95050,2026-03-31,3Q,583114000000,,80084000000
95060,2021-03-31,FY,2286803000000,,87919000000
95060,2022-03-31,1Q,400590000000,,22877000000
95060,2022-03-31,2Q,873131000000,,49050000000
95060,2022-03-31,3Q,1398955000000,,23330000000
95060,2022-03-31,FY,2104448000000,,-28737000000
95060,2023-03-31,1Q,558290000000,,-26451000000
95060,2023-03-31,2Q,1339715000000,,-126270000000
95060,2023-03-31,3Q,2132440000000,,-213493000000
95060,2023-03-31,FY,3007204000000,,-180054000000
95060,2024-03-31,1Q,633576000000,,116802000000
95060,2024-03-31,2Q,1387835000000,,227541000000
95060,2024-03-31,3Q,2056315000000,,292418000000
95060,2024-03-31,FY,2817813000000,,322263000000
95060,2025-03-31,1Q,614563000000,,93957000000
95060,2025-03-31,2Q,1311573000000,,168773000000
95060,2025-03-31,3Q,1920436000000,,200702000000
95060,2025-03-31,FY,2644912000000,,280332000000
95060,2026-03-31,1Q,535380000000,,64369000000
95060,2026-03-31,2Q,1168956000000,,141113000000
95060,2026-03-31,3Q,1727228000000,,183165000000
95080,2021-03-31,FY,2131799000000,,77397000000
95080,2022-03-31,1Q,349994000000,,30457000000
95080,2022-03-31,2Q,771501000000,,76495000000
95080,2022-03-31,3Q,1196797000000,,74482000000
95080,2022-03-31,FY,1743310000000,,48624000000
95080,2023-03-31,1Q,436719000000,,-46638000000
95080,2023-03-31,2Q,1010682000000,,-75699000000
95080,2023-03-31,3Q,1567510000000,,-120588000000
95080,2023-03-31,FY,2221300000000,,-72998000000
95080,2024-03-31,1Q,496524000000,,100218000000
95080,2024-03-31,2Q,1085316000000,,207598000000
95080,2024-03-31,3Q,1583391000000,,260042000000
95080,2024-03-31,FY,2139447000000,,254919000000
95080,2025-03-31,1Q,501180000000,,49844000000
95080,2025-03-31,2Q,1151192000000,,108626000000
95080,2025-03-31,3Q,1715349000000,,148959000000
95080,2025-03-31,FY,2356833000000,,199564000000
95080,2026-03-31,1Q,498334000000,,61853000000
95080,2026-03-31,2Q,1127799000000,,169695000000
95080,2026-03-31,3Q,1649342000000,,216306000000
95090,2021-03-31,FY,740790000000,,53775000000
95090,2022-03-31,1Q,128137000000,,16715000000
95090,2022-03-31,2Q,273469000000,,27118000000
95090,2022-03-31,3Q,441204000000,,18857000000
95090,2022-03-31,FY,663414000000,,24970000000
95090,2023-03-31,1Q,176029000000,,13067000000
95090,2023-03-31,2Q,386853000000,,-985000000
95090,2023-03-31,3Q,623847000000,,-26847000000
95090,2023-03-31,FY,888874000000,,-22530000000
95090,2024-03-31,1Q,227791000000,,49426000000
95090,2024-03-31,2Q,458579000000,,74966000000
95090,2024-03-31,3Q,685581000000,,81030000000
95090,2024-03-31,FY,953784000000,,101155000000
95090,2025-03-31,1Q,202569000000,,34676000000
95090,2025-03-31,1Q,202569000000,,34676000000
95090,2025-03-31,2Q,416710000000,,56168000000
95090,2025-03-31,3Q,646403000000,,64495000000
95090,2025-03-31,3Q,646403000000,,64495000000
95090,2025-03-31,FY,902053000000,,75838000000
95090,2026-03-31,1Q,202497000000,,43898000000
95090,2026-03-31,1Q,202497000000,,43898000000
95090,2026-03-31,2Q,411951000000,,67967000000
95090,2026-03-31,3Q,617703000000,,79157000000
95090,2026-03-31,3Q,617703000000,,79157000000
95110,2021-03-31,FY,190520000000,,12619000000
95110,2022-03-31,1Q,36610000000,,-1784000000
95110,2022-03-31,2Q,87782000000,,5155000000
95110,2022-03-31,3Q,132090000000,,4910000000
95110,2022-03-31,FY,176232000000,,2810000000
95110,2023-03-31,1Q,48452000000,,-9349000000
95110,2023-03-31,2Q,118738000000,,-22518000000
95110,2023-03-31,3Q,174537000000,,-34546000000
95110,2023-03-31,FY,223517000000,,-48406000000
95110,2024-03-31,1Q,53778000000,,-5405000000
95110,2024-03-31,2Q,130501000000,,4704000000
95110,2024-03-31,3Q,187312000000,,6584000000
95110,2024-03-31,FY,236394000000,,3481000000
95110,2025-03-31,1Q,52453000000,,-2703000000
95110,2025-03-31,2Q,127229000000,,7284000000
95110,2025-03-31,3Q,186303000000,,12344000000
95110,2025-03-31,FY,236540000000,,7322000000
95110,2026-03-31,1Q,50509000000,,-1058000000
95110,2026-03-31,2Q,119231000000,,9994000000
95110,2026-03-31,3Q,175303000000,,15853000000
95130,2021-03-31,FY,909144000000,,77775000000
95130,2022-03-31,1Q,191743000000,,21544000000
95130,2022-03-31,2Q,431811000000,,34839000000
95130,2022-03-31,3Q,709513000000,,63932000000
95130,2022-03-31,FY,1084621000000,,86979000000
95130,2023-03-31,1Q,323319000000,,19507000000
95130,2023-03-31,2Q,839798000000,,86318000000
95130,2023-03-31,3Q,1401554000000,,161511000000
95130,2023-03-31,FY,1841922000000,,183867000000
95130,2024-03-31,1Q,281382000000,,26558000000
95130,2024-03-31,2Q,631594000000,,44998000000
95130,2024-03-31,3Q,960842000000,,83725000000
95130,2024-03-31,FY,1257998000000,,105704000000
95130,2025-03-31,1Q,259056000000,,32676000000
95130,2025-03-31,2Q,640725000000,,70791000000
95130,2025-03-31,3Q,958959000000,,114191000000
95130,2025-03-31,FY,1316674000000,,138310000000
95130,2026-03-31,1Q,250297000000,,32477000000
95130,2026-03-31,2Q,571414000000,,53605000000
95130,2026-03-31,3Q,864559000000,,88265000000
95140,2021-06-30,FY,13144000000,,2584000000
95190,2021-03-31,FY,20553000000,,4605000000
95190,2022-03-31,1Q,6116000000,,2483000000
95190,2022-03-31,2Q,13368000000,,4016000000
95190,2022-03-31,3Q,21114000000,,995000000
95190,2022-03-31,FY,29207000000,,874000000
95190,2023-03-31,1Q,8525000000,,6109000000
95190,2023-03-31,2Q,17338000000,,7426000000
95190,2023-03-31,3Q,24801000000,,8327000000
95190,2023-03-31,FY,33581000000,,8870000000
95190,2024-03-31,1Q,9596000000,,2988000000
95190,2024-03-31,2Q,18551000000,,6233000000
95190,2024-03-31,3Q,29827000000,,6375000000
95190,2024-03-31,FY,44748000000,,5017000000
95190,2025-03-31,1Q,15157000000,,571000000
95190,2025-03-31,2Q,33689000000,,2152000000
95190,2025-03-31,3Q,48631000000,,2529000000
95190,2025-03-31,FY,70246000000,,4066000000
95190,2026-03-31,1Q,20527000000,,3296000000
95190,2026-03-31,2Q,40609000000,,4888000000
95190,2026-03-31,3Q,64016000000,,7759000000
95190,2026-03-31,3Q,64016000000,,7759000000
95530,2026-09-30,1Q,4557000000,,398000000
96280,2021-03-31,FY,18865000000,,2550000000
96280,2021-03-31,FY,18865000000,,2550000000
96280,2022-03-31,1Q,4917000000,,934000000
96280,2022-03-31,2Q,9512000000,,1604000000
96280,2022-03-31,3Q,14672000000,,2575000000
96280,2022-03-31,FY,20001000000,,3376000000
96280,2023-03-31,1Q,4856000000,,838000000
96280,2023-03-31,2Q,10083000000,,1782000000
96280,2023-03-31,3Q,15708000000,,2969000000
96280,2023-03-31,FY,21663000000,,3868000000
96280,2024-03-31,1Q,5081000000,,761000000
96280,2024-03-31,2Q,10407000000,,1671000000
96280,2024-03-31,3Q,16118000000,,2569000000
96280,2024-03-31,FY,22437000000,,3789000000
96280,2025-03-31,1Q,5518000000,,845000000
96280,2025-03-31,2Q,11186000000,,1534000000
96280,2025-03-31,3Q,20769000000,,2487000000
96280,2025-03-31,FY,31984000000,,4521000000
96280,2026-08-31,1Q,9154000000,,901000000
96280,2026-08-31,2Q,18233000000,,1546000000
96280,2026-08-31,3Q,27801000000,,2438000000
96320,2024-01-31,FY,29245000000,,4900000000
96350,2024-03-31,FY,1282000000,,20000000
96350,2024-03-31,FY,1282000000,,20000000
96360,2021-01-31,FY,2857000000,,93000000
96360,2022-01-31,1Q,760000000,,61000000
96360,2022-01-31,2Q,1438000000,,93000000
96360,2022-01-31,3Q,2188000000,,123000000
96360,2022-01-31,FY,3001000000,,135000000
96360,2023-01-31,1Q,782000000,,48000000
96360,2023-01-31,2Q,1624000000,,101000000
96360,2023-01-31,3Q,2488000000,,149000000
96360,2023-01-31,FY,3344000000,,174000000
96360,2024-01-31,1Q,889000000,,80000000
96360,2024-01-31,2Q,1833000000,,172000000
96360,2024-01-31,3Q,2706000000,,231000000
96360,2024-01-31,FY,3570000000,,255000000
96360,2025-01-31,1Q,960000000,,122000000
96360,2025-01-31,2Q,1795000000,,169000000
96360,2025-01-31,3Q,2707000000,,240000000
96360,2025-01-31,FY,3571000000,,282000000
96360,2026-01-31,1Q,878000000,,76000000
96360,2026-01-31,2Q,1878000000,,178000000
96360,2026-01-31,3Q,2930000000,,285000000
96790,2021-09-30,2Q,2372000000,,187000000
96790,2021-09-30,3Q,3556000000,,214000000
96790,2021-09-30,FY,4846000000,,206000000
96790,2022-09-30,1Q,1176000000,,93000000
96790,2022-09-30,2Q,2201000000,,129000000
96790,2022-09-30,3Q,3492000000,,282000000
96790,2022-09-30,FY,4937000000,,443000000
96790,2023-09-30,1Q,1287000000,,158000000
96790,2023-09-30,2Q,2377000000,,191000000
96790,2023-09-30,3Q,3670000000,,354000000
96790,2023-09-30,FY,5185000000,,527000000
96790,2024-09-30,1Q,1315000000,,145000000
96790,2024-09-30,2Q,2489000000,,242000000
96790,2024-09-30,3Q,3915000000,,442000000
96790,2024-09-30,FY,5480000000,,571000000
96790,2025-09-30,1Q,1386000000,,105000000
96790,2025-09-30,2Q,2630000000,,160000000
96790,2025-09-30,3Q,4237000000,,387000000
96790,2025-09-30,FY,6111000000,,616000000
96790,2026-09-30,1Q,1625000000,,232000000
96820,2024-03-31,2Q,56739000000,,6031000000
96980,2024-03-31,2Q,6983000000,,429000000
97080,2021-03-31,FY,22051000000,,-11710000000
97080,2022-03-31,1Q,5788000000,,-2996000000
97080,2022-03-31,2Q,12290000000,,-5462000000
97080,2022-03-31,3Q,21725000000,,-6810000000
97080,2022-03-31,FY,28617000000,,-11121000000
97080,2023-03-31,1Q,9434000000,,-551000000
97080,2023-03-31,2Q,18607000000,,-1012000000
97080,2023-03-31,3Q,31689000000,,539000000
97080,2023-03-31,FY,43772000000,,348000000
97080,2024-03-31,1Q,12472000000,,747000000
97080,2024-03-31,2Q,24238000000,,767000000
97080,2024-03-31,3Q,39766000000,,3024000000
97080,2024-03-31,FY,53335000000,,2839000000
97080,2025-03-31,1Q,13326000000,,629000000
97080,2025-03-31,2Q,24739000000,,72000000
97080,2025-03-31,3Q,39363000000,,1576000000
97080,2025-03-31,FY,52610000000,,1590000000
97080,2026-03-31,1Q,13584000000,,762000000
97080,2026-03-31,2Q,25426000000,,319000000
97080,2026-03-31,3Q,41973000000,,2564000000
97330,2021-03-31,FY,45853000000,,4592000000
97330,2022-03-31,1Q,9996000000,,114000000
97330,2022-03-31,2Q,22128000000,,1653000000
97330,2022-03-31,3Q,35844000000,,3992000000
97330,2022-03-31,FY,49406000000,,5590000000
97330,2023-03-31,1Q,11065000000,,400000000
97330,2023-03-31,2Q,24198000000,,2445000000
97330,2023-03-31,3Q,38542000000,,4989000000
97330,2023-03-31,FY,52354000000,,5369000000
97330,2024-03-31,1Q,11691000000,,-169000000
97330,2024-03-31,2Q,25397000000,,1430000000
97330,2024-03-31,3Q,39581000000,,3747000000
97330,2024-03-31,FY,52986000000,,4538000000
97330,2025-03-31,1Q,11145000000,,-291000000
97330,2025-03-31,2Q,24977000000,,1505000000
97330,2025-03-31,3Q,39487000000,,3819000000
97330,2025-03-31,FY,55255000000,,4864000000
97330,2026-03-31,1Q,13718000000,,29000000
97330,2026-03-31,2Q,30455000000,,2280000000
97330,2026-03-31,3Q,47725000000,,4904000000
97530,2023-03-31,FY,20206000000,,1459000000
97610,2024-03-31,FY,17175000000,,998000000
97650,2026-05-31,2Q,7380000000,,814000000
98120,2022-05-31,FY,27702000000,,163000000
98460,2024-02-29,2Q,29127000000,,956000000
98530,2021-03-31,FY,4173000000,,-1960000000
98540,2025-03-31,FY,14863000000,,-128000000
98780,2022-03-20,FY,7731000000,,271000000
98780,2022-03-20,FY,7731000000,,271000000
98780,2022-03-20,FY,7731000000,,271000000
98890,2024-03-31,FY,65194000000,,4422000000
98900,2026-03-31,2Q,45853000000,,986000000
99020,2024-03-31,FY,126912000000,,5809000000
99270,2021-03-31,FY,3634000000,,269000000
99300,2025-03-31,FY,15561000000,,841000000
99410,2022-09-30,FY,21045000000,,235000000
99410,2025-09-30,FY,19662000000,,247000000
99460,2021-02-28,FY,180187000000,,-5532000000
99460,2022-02-28,1Q,46508000000,,-1877000000
99460,2022-02-28,2Q,95259000000,,-1588000000
99460,2022-02-28,3Q,141539000000,,-2402000000
99460,2022-02-28,FY,183680000000,,-3137000000
99460,2023-02-28,1Q,20552000000,,-729000000
99460,2023-02-28,2Q,42643000000,,5000000
99460,2023-02-28,3Q,62969000000,,-162000000
99460,2023-02-28,FY,81286000000,,-1036000000
99460,2024-02-29,1Q,19516000000,,-524000000
99460,2024-02-29,2Q,40708000000,,456000000
99460,2024-02-29,3Q,60486000000,,86000000
99460,2024-02-29,FY,79056000000,,-609000000
99460,2025-02-28,1Q,20553000000,,-1338000000
99460,2025-02-28,2Q,44510000000,,-799000000
99460,2025-02-28,3Q,66578000000,,-2023000000
99460,2025-02-28,FY,87475000000,,-3486000000
99460,2026-02-28,1Q,23721000000,,0
99460,2026-02-28,2Q,48727000000,,1116000000
99460,2026-02-28,3Q,70034000000,,-1446000000
99760,2023-02-20,2Q,15557000000,,758000000
99760,2024-02-20,2Q,15391000000,,606000000
99780,2022-08-31,2Q,8411000000,,5000000
99790,2021-08-31,FY,35427000000,,-5949000000
99800,2021-03-31,FY,18330000000,,611000000
99900,2023-03-31,FY,47236000000,,2484000000
99970,2023-03-31,1Q,53439000000,,1753000000
